frame,pupil_norm
1,1.8169345914978412
2,1.8169345914978412
3,1.8169345914978412
4,1.8169345914978412
5,1.8169345914978412
6,1.8169345914978412
7,1.8169345914978412
8,1.8169345914978412
9,1.8169345914978412
10,1.8169345914978412
11,1.8169345914978412
12,1.8169345914978412
13,1.8169345914978412
14,1.8169345914978412
15,1.8169345914978412
16,1.8169345914978412
17,1.8169345914978412
18,1.8169345914978412
19,1.8169345914978412
20,1.8169345914978412
21,1.8169345914978412
22,1.8169345914978412
23,1.8169345914978412
24,1.8169345914978412
25,1.8169345914978412
26,1.8169345914978412
27,1.8169345914978412
28,1.8169345914978412
29,1.8169345914978412
30,1.8169345914978412
31,1.8169345914978412
32,1.8169345914978412
33,1.8169345914978412
34,1.8169345914978412
35,1.8169345914978412
36,5.707173199078127
37,5.707173199078127
38,5.707173199078127
39,5.707173199078127
40,5.707173199078127
41,5.707173199078127
42,5.707173199078127
43,5.707173199078127
44,5.707173199078127
45,5.707173199078127
46,5.707173199078127
47,5.707173199078127
48,5.707173199078127
49,5.707173199078127
50,5.707173199078127
51,5.707173199078127
52,5.707173199078127
53,5.707173199078127
54,5.707173199078127
55,5.707173199078127
56,5.707173199078127
57,5.707173199078127
58,5.707173199078127
59,5.707173199078127
60,5.707173199078127
61,5.707173199078127
62,5.707173199078127
63,5.707173199078127
64,5.707173199078127
65,5.707173199078127
66,5.707173199078127
67,5.707173199078127
68,5.707173199078127
69,5.707173199078127
70,5.707173199078127
71,5.707173199078127
72,5.707173199078127
73,5.707173199078127
74,5.707173199078127
75,5.707173199078127
76,5.707173199078127
77,5.707173199078127
78,5.707173199078127
79,5.707173199078127
80,5.707173199078127
81,5.707173199078127
82,5.707173199078127
83,5.707173199078127
84,5.707173199078127
85,5.707173199078127
86,5.707173199078127
87,5.707173199078127
88,5.707173199078127
89,5.707173199078127
90,5.707173199078127
91,5.707173199078127
92,5.707173199078127
93,5.707173199078127
94,5.707173199078127
95,5.707173199078127
96,5.707173199078127
97,5.707173199078127
98,5.707173199078127
99,5.707173199078127
100,5.707173199078127
101,5.707173199078127
102,5.707173199078127
103,5.707173199078127
104,5.707173199078127
105,5.707173199078127
106,5.707173199078127
107,5.707173199078127
108,5.707173199078127
109,5.707173199078127
110,5.707173199078127
111,5.707173199078127
112,5.707173199078127
113,5.707173199078127
114,5.707173199078127
115,5.707173199078127
116,5.707173199078127
117,5.707173199078127
118,5.707173199078127
119,5.707173199078127
120,5.707173199078127
121,5.707173199078127
122,5.707173199078127
123,5.707173199078127
124,5.707173199078127
125,5.707173199078127
126,5.707173199078127
127,5.707173199078127
128,5.707173199078127
129,5.707173199078127
130,5.707173199078127
131,5.707173199078127
132,5.707173199078127
133,5.707173199078127
134,5.707173199078127
135,5.707173199078127
136,5.707173199078127
137,5.707173199078127
138,5.707173199078127
139,5.707173199078127
140,5.707173199078127
141,5.707173199078127
142,5.707173199078127
143,5.707173199078127
144,5.707173199078127
145,5.707173199078127
146,5.707173199078127
147,5.707173199078127
148,5.707173199078127
149,5.707173199078127
150,5.707173199078127
151,5.707173199078127
152,5.707173199078127
153,5.707173199078127
154,5.707173199078127
155,5.707173199078127
156,5.707173199078127
157,5.707173199078127
158,5.707173199078127
159,5.707173199078127
160,5.707173199078127
161,5.707173199078127
162,5.707173199078127
163,5.707173199078127
164,5.707173199078127
165,5.707173199078127
166,5.707173199078127
167,5.707173199078127
168,5.707173199078127
169,5.707173199078127
170,5.707173199078127
171,5.707173199078127
172,5.707173199078127
173,5.707173199078127
174,5.707173199078127
175,5.707173199078127
176,5.707173199078127
177,5.707173199078127
178,5.707173199078127
179,5.707173199078127
180,5.707173199078127
181,5.707173199078127
182,5.707173199078127
183,5.707173199078127
184,5.707173199078127
185,5.707173199078127
186,5.707173199078127
187,5.707173199078127
188,5.707173199078127
189,5.707173199078127
190,5.707173199078127
191,5.707173199078127
192,5.707173199078127
193,5.707173199078127
194,5.707173199078127
195,5.707173199078127
196,5.707173199078127
197,5.707173199078127
198,5.707173199078127
199,5.707173199078127
200,5.707173199078127
201,5.707173199078127
202,5.707173199078127
203,5.707173199078127
204,5.707173199078127
205,5.707173199078127
206,5.707173199078127
207,5.707173199078127
208,5.707173199078127
209,5.707173199078127
210,5.707173199078127
211,5.707173199078127
212,5.707173199078127
213,5.707173199078127
214,5.707173199078127
215,5.707173199078127
216,5.707173199078127
217,5.707173199078127
218,5.707173199078127
219,5.707173199078127
220,5.707173199078127
221,5.707173199078127
222,5.707173199078127
223,5.707173199078127
224,5.707173199078127
225,5.707173199078127
226,5.707173199078127
227,5.707173199078127
228,5.707173199078127
229,5.707173199078127
230,5.707173199078127
231,5.707173199078127
232,5.707173199078127
233,5.707173199078127
234,5.707173199078127
235,5.707173199078127
236,5.707173199078127
237,5.707173199078127
238,5.707173199078127
239,5.707173199078127
240,5.707173199078127
241,5.707173199078127
242,5.707173199078127
243,5.707173199078127
244,5.707173199078127
245,5.707173199078127
246,5.707173199078127
247,5.707173199078127
248,5.707173199078127
249,5.707173199078127
250,5.707173199078127
251,5.707173199078127
252,5.707173199078127
253,5.707173199078127
254,5.707173199078127
255,5.707173199078127
256,5.707173199078127
257,5.707173199078127
258,5.707173199078127
259,5.707173199078127
260,5.707173199078127
261,5.707173199078127
262,5.707173199078127
263,5.707173199078127
264,5.707173199078127
265,5.707173199078127
266,5.707173199078127
267,5.707173199078127
268,5.707173199078127
269,5.707173199078127
270,5.707173199078127
271,5.707173199078127
272,5.707173199078127
273,5.707173199078127
274,5.707173199078127
275,-5.426957988134417
276,-5.426957988134417
277,-5.426957988134417
278,-5.426957988134417
279,-5.426957988134417
280,-5.426957988134417
281,-5.426957988134417
282,-5.426957988134417
283,-5.426957988134417
284,-5.426957988134417
285,-5.426957988134417
286,-5.426957988134417
287,-5.426957988134417
288,-5.426957988134417
289,-5.426957988134417
290,-5.426957988134417
291,-5.426957988134417
292,-5.426957988134417
293,-5.426957988134417
294,-5.426957988134417
295,-5.426957988134417
296,-5.426957988134417
297,-5.426957988134417
298,-5.426957988134417
299,-5.426957988134417
300,-5.426957988134417
301,-5.426957988134417
302,-5.426957988134417
303,-5.426957988134417
304,-5.426957988134417
305,-5.426957988134417
306,-5.426957988134417
307,-5.426957988134417
308,-5.426957988134417
309,-5.426957988134417
310,-5.426957988134417
311,-5.426957988134417
312,-5.426957988134417
313,-5.426957988134417
314,-5.426957988134417
315,-5.426957988134417
316,-5.426957988134417
317,-5.426957988134417
318,-5.426957988134417
319,-5.426957988134417
320,-5.426957988134417
321,-5.426957988134417
322,-5.426957988134417
323,-5.426957988134417
324,-5.426957988134417
325,-5.426957988134417
326,-5.426957988134417
327,-5.426957988134417
328,-5.426957988134417
329,-5.426957988134417
330,-5.426957988134417
331,-5.426957988134417
332,-5.426957988134417
333,-5.426957988134417
334,-5.426957988134417
335,-5.426957988134417
336,-5.426957988134417
337,-5.426957988134417
338,-5.426957988134417
339,-5.426957988134417
340,-5.426957988134417
341,-5.426957988134417
342,-5.426957988134417
343,-5.426957988134417
344,-5.426957988134417
345,-5.426957988134417
346,-5.426957988134417
347,-5.426957988134417
348,-5.426957988134417
349,-5.426957988134417
350,-5.426957988134417
351,-5.426957988134417
352,-5.426957988134417
353,-5.426957988134417
354,-5.426957988134417
355,-5.426957988134417
356,-5.426957988134417
357,-5.426957988134417
358,-5.426957988134417
359,-5.426957988134417
360,-5.426957988134417
361,-5.426957988134417
362,-5.426957988134417
363,-5.426957988134417
364,-5.426957988134417
365,-5.426957988134417
366,-5.426957988134417
367,-5.426957988134417
368,-5.426957988134417
369,-5.426957988134417
370,-5.426957988134417
371,-5.426957988134417
372,-5.426957988134417
373,-5.426957988134417
374,-5.426957988134417
375,-5.426957988134417
376,-5.426957988134417
377,-5.426957988134417
378,-5.426957988134417
379,-5.426957988134417
380,-5.426957988134417
381,-5.426957988134417
382,-5.426957988134417
383,-5.426957988134417
384,-5.426957988134417
385,-5.426957988134417
386,-5.426957988134417
387,-5.426957988134417
388,-5.426957988134417
389,-5.426957988134417
390,-5.426957988134417
391,-5.426957988134417
392,-5.426957988134417
393,-5.426957988134417
394,-5.426957988134417
395,-5.426957988134417
396,-5.426957988134417
397,-5.426957988134417
398,-5.426957988134417
399,-5.426957988134417
400,-5.426957988134417
401,-5.426957988134417
402,-5.426957988134417
403,-5.426957988134417
404,-5.426957988134417
405,-5.426957988134417
406,-5.426957988134417
407,-5.426957988134417
408,-5.426957988134417
409,-5.426957988134417
410,-5.426957988134417
411,-5.426957988134417
412,-5.426957988134417
413,-5.426957988134417
414,-5.426957988134417
415,-5.426957988134417
416,-5.426957988134417
417,-5.426957988134417
418,-5.426957988134417
419,-5.426957988134417
420,-5.426957988134417
421,-5.426957988134417
422,-5.426957988134417
423,-5.426957988134417
424,-5.426957988134417
425,-5.426957988134417
426,-5.426957988134417
427,-5.426957988134417
428,-5.426957988134417
429,-5.426957988134417
430,-5.426957988134417
431,-5.426957988134417
432,-5.426957988134417
433,-5.426957988134417
434,-5.426957988134417
435,-5.426957988134417
436,-5.426957988134417
437,-5.426957988134417
438,-5.426957988134417
439,-5.426957988134417
440,-5.426957988134417
441,-5.426957988134417
442,-5.426957988134417
443,-5.426957988134417
444,-5.426957988134417
445,-5.426957988134417
446,-5.426957988134417
447,-5.426957988134417
448,-5.426957988134417
449,-5.426957988134417
450,-5.426957988134417
451,-5.426957988134417
452,-5.426957988134417
453,-5.426957988134417
454,-5.426957988134417
455,-5.426957988134417
456,-5.426957988134417
457,-5.426957988134417
458,-5.426957988134417
459,-5.426957988134417
460,-5.426957988134417
461,-5.426957988134417
462,-5.426957988134417
463,-5.426957988134417
464,-5.426957988134417
465,-5.426957988134417
466,-5.426957988134417
467,-5.426957988134417
468,-5.426957988134417
469,-5.426957988134417
470,-5.426957988134417
471,-5.426957988134417
472,-5.426957988134417
473,-5.426957988134417
474,-5.426957988134417
475,-5.426957988134417
476,-5.426957988134417
477,-5.426957988134417
478,-5.426957988134417
479,-5.426957988134417
480,-5.426957988134417
481,-5.426957988134417
482,-5.426957988134417
483,-5.426957988134417
484,-5.426957988134417
485,-5.426957988134417
486,-5.426957988134417
487,-5.426957988134417
488,-5.426957988134417
489,-5.426957988134417
490,-5.426957988134417
491,-5.426957988134417
492,-5.426957988134417
493,-5.426957988134417
494,-5.426957988134417
495,-5.426957988134417
496,-5.426957988134417
497,-5.426957988134417
498,-5.426957988134417
499,-5.426957988134417
500,-5.426957988134417
501,-5.426957988134417
502,-5.426957988134417
503,-5.426957988134417
504,-5.426957988134417
505,-5.426957988134417
506,-5.426957988134417
507,-5.426957988134417
508,-5.426957988134417
509,-5.426957988134417
510,-5.426957988134417
511,-5.426957988134417
512,-5.426957988134417
513,-5.426957988134417
514,-5.426957988134417
515,-5.426957988134417
516,-5.426957988134417
517,-5.426957988134417
518,-5.426957988134417
519,-5.426957988134417
520,-5.426957988134417
521,-5.426957988134417
522,-5.426957988134417
523,-5.426957988134417
524,-5.426957988134417
525,-5.426957988134417
526,-5.426957988134417
527,-5.426957988134417
528,-5.426957988134417
529,-5.426957988134417
530,-5.426957988134417
531,-5.426957988134417
532,-5.426957988134417
533,-5.426957988134417
534,-5.426957988134417
535,-5.426957988134417
536,-5.426957988134417
537,-5.426957988134417
538,-5.426957988134417
539,-5.426957988134417
540,-5.426957988134417
541,-5.426957988134417
542,-5.426957988134417
543,-5.426957988134417
544,-5.426957988134417
545,-5.426957988134417
546,-5.426957988134417
547,-5.426957988134417
548,-5.426957988134417
549,-5.426957988134417
550,-5.426957988134417
551,-5.426957988134417
552,-5.426957988134417
553,-5.426957988134417
554,-5.426957988134417
555,-5.426957988134417
556,-5.426957988134417
557,-5.426957988134417
558,-5.426957988134417
559,-5.426957988134417
560,-5.426957988134417
561,-5.426957988134417
562,-5.426957988134417
563,-5.426957988134417
564,-5.426957988134417
565,-5.426957988134417
566,-5.426957988134417
567,-5.426957988134417
568,-5.426957988134417
569,-5.426957988134417
570,-5.426957988134417
571,-5.426957988134417
572,-5.426957988134417
573,-5.426957988134417
574,-5.426957988134417
575,-5.426957988134417
576,-5.426957988134417
577,-5.426957988134417
578,-5.426957988134417
579,-5.426957988134417
580,-5.426957988134417
581,-5.426957988134417
582,-5.426957988134417
583,-5.426957988134417
584,-5.426957988134417
585,-5.426957988134417
586,-5.426957988134417
587,-5.426957988134417
588,-5.426957988134417
589,-5.426957988134417
590,-5.426957988134417
591,-5.426957988134417
592,-5.426957988134417
593,-5.426957988134417
594,-5.426957988134417
595,-5.426957988134417
596,-5.426957988134417
597,-5.426957988134417
598,-5.426957988134417
599,-5.426957988134417
600,-5.426957988134417
601,-5.426957988134417
602,-5.426957988134417
603,-5.426957988134417
604,-5.426957988134417
605,-5.426957988134417
606,-5.426957988134417
607,-5.426957988134417
608,-5.426957988134417
609,-5.426957988134417
610,-5.426957988134417
611,-5.426957988134417
612,-5.426957988134417
613,-5.426957988134417
614,-5.426957988134417
615,-5.426957988134417
616,-5.426957988134417
617,-5.426957988134417
618,-5.426957988134417
619,-5.426957988134417
620,-5.426957988134417
621,-5.426957988134417
622,-5.426957988134417
623,-5.426957988134417
624,-5.426957988134417
625,-5.426957988134417
626,-5.426957988134417
627,-5.426957988134417
628,-5.426957988134417
629,-5.426957988134417
630,-5.426957988134417
631,-5.426957988134417
632,-5.426957988134417
633,-5.426957988134417
634,-5.426957988134417
635,-5.426957988134417
636,-5.426957988134417
637,-5.426957988134417
638,-5.426957988134417
639,-5.426957988134417
640,-5.426957988134417
641,-5.426957988134417
642,-5.426957988134417
643,-5.426957988134417
644,-5.426957988134417
645,-5.426957988134417
646,-5.426957988134417
647,-5.426957988134417
648,-5.426957988134417
649,-5.426957988134417
650,-5.426957988134417
651,-5.426957988134417
652,-5.426957988134417
653,-5.426957988134417
654,-5.426957988134417
655,-5.426957988134417
656,-5.426957988134417
657,-5.426957988134417
658,-5.426957988134417
659,-5.426957988134417
660,-5.426957988134417
661,-5.426957988134417
662,-5.426957988134417
663,-5.426957988134417
664,-5.426957988134417
665,-5.426957988134417
666,-5.426957988134417
667,-5.426957988134417
668,-5.426957988134417
669,-5.426957988134417
670,-5.426957988134417
671,-5.426957988134417
672,-5.426957988134417
673,-5.426957988134417
674,-5.426957988134417
675,-5.426957988134417
676,-5.426957988134417
677,-5.426957988134417
678,-5.426957988134417
679,-5.426957988134417
680,-5.426957988134417
681,-5.426957988134417
682,-5.426957988134417
683,-5.426957988134417
684,-5.426957988134417
685,-5.426957988134417
686,-5.426957988134417
687,-5.426957988134417
688,-5.426957988134417
689,-5.426957988134417
690,-5.426957988134417
691,-5.426957988134417
692,-5.426957988134417
693,-5.426957988134417
694,-5.426957988134417
695,-5.426957988134417
696,-5.426957988134417
697,-5.426957988134417
698,-5.426957988134417
699,-5.426957988134417
700,-5.426957988134417
701,-5.426957988134417
702,-5.426957988134417
703,-5.426957988134417
704,-5.426957988134417
705,-5.426957988134417
706,-5.426957988134417
707,-5.426957988134417
708,-5.426957988134417
709,-5.426957988134417
710,-5.426957988134417
711,-5.426957988134417
712,-5.426957988134417
713,-5.426957988134417
714,-5.426957988134417
715,-5.426957988134417
716,-5.426957988134417
717,-5.426957988134417
718,-5.426957988134417
719,-5.426957988134417
720,-5.426957988134417
721,-5.426957988134417
722,-5.426957988134417
723,-5.426957988134417
724,-5.426957988134417
725,-5.426957988134417
726,-5.426957988134417
727,-5.426957988134417
728,-5.426957988134417
729,-5.426957988134417
730,-5.426957988134417
731,-5.426957988134417
732,-5.426957988134417
733,-5.426957988134417
734,-5.426957988134417
735,-5.426957988134417
736,-5.426957988134417
737,-5.426957988134417
738,-5.426957988134417
739,-5.426957988134417
740,-5.426957988134417
741,-5.426957988134417
742,-5.426957988134417
743,-5.426957988134417
744,-5.426957988134417
745,-5.426957988134417
746,-5.426957988134417
747,-5.426957988134417
748,-5.426957988134417
749,-5.426957988134417
750,-5.426957988134417
751,-5.426957988134417
752,-5.426957988134417
753,-5.426957988134417
754,-5.426957988134417
755,-5.426957988134417
756,-5.426957988134417
757,-5.426957988134417
758,-5.426957988134417
759,-5.426957988134417
760,-5.426957988134417
761,-5.426957988134417
762,-5.426957988134417
763,-5.426957988134417
764,-5.426957988134417
765,-5.426957988134417
766,-5.426957988134417
767,-5.426957988134417
768,-5.426957988134417
769,-5.426957988134417
770,-5.426957988134417
771,-5.426957988134417
772,-5.426957988134417
773,-5.426957988134417
774,-5.426957988134417
775,-5.426957988134417
776,-5.426957988134417
777,-5.426957988134417
778,-5.426957988134417
779,-5.426957988134417
780,-5.426957988134417
781,-5.426957988134417
782,-5.426957988134417
783,-5.426957988134417
784,-5.426957988134417
785,-5.426957988134417
786,-5.426957988134417
787,-5.426957988134417
788,-5.426957988134417
789,-5.426957988134417
790,-5.426957988134417
791,-5.426957988134417
792,-5.426957988134417
793,-5.426957988134417
794,-5.426957988134417
795,-5.426957988134417
796,-5.426957988134417
797,-5.426957988134417
798,-5.426957988134417
799,-5.426957988134417
800,-5.426957988134417
801,-5.426957988134417
802,-5.426957988134417
803,-5.426957988134417
804,-5.426957988134417
805,-5.426957988134417
806,-5.426957988134417
807,-5.426957988134417
808,-5.426957988134417
809,-5.426957988134417
810,-5.426957988134417
811,-5.426957988134417
812,-5.426957988134417
813,-5.426957988134417
814,-5.426957988134417
815,-5.426957988134417
816,-5.426957988134417
817,-5.426957988134417
818,-5.426957988134417
819,-5.426957988134417
820,-5.426957988134417
821,-5.426957988134417
822,-5.426957988134417
823,-5.426957988134417
824,-5.426957988134417
825,-5.426957988134417
826,-5.426957988134417
827,-5.426957988134417
828,-5.426957988134417
829,-5.426957988134417
830,-5.426957988134417
831,-5.426957988134417
832,-5.426957988134417
833,-5.426957988134417
834,-5.426957988134417
835,-5.426957988134417
836,-5.426957988134417
837,-5.426957988134417
838,-5.426957988134417
839,-5.426957988134417
840,-5.426957988134417
841,-5.426957988134417
842,-5.426957988134417
843,-5.426957988134417
844,-5.426957988134417
845,-5.426957988134417
846,-5.426957988134417
847,-5.426957988134417
848,-5.426957988134417
849,-5.426957988134417
850,-5.426957988134417
851,-5.426957988134417
852,-5.426957988134417
853,-5.426957988134417
854,-5.426957988134417
855,-5.426957988134417
856,-5.426957988134417
857,-5.426957988134417
858,-5.426957988134417
859,-5.426957988134417
860,-5.426957988134417
861,-5.426957988134417
862,-5.426957988134417
863,-5.426957988134417
864,-5.426957988134417
865,-5.426957988134417
866,-5.426957988134417
867,-5.426957988134417
868,-5.426957988134417
869,-5.426957988134417
870,-5.426957988134417
871,-5.426957988134417
872,-5.426957988134417
873,-5.426957988134417
874,-5.426957988134417
875,-5.426957988134417
876,-5.426957988134417
877,-5.426957988134417
878,-5.426957988134417
879,-5.426957988134417
880,-5.426957988134417
881,-5.426957988134417
882,-5.426957988134417
883,-5.426957988134417
884,-5.426957988134417
885,-5.426957988134417
886,-5.426957988134417
887,-5.426957988134417
888,-5.426957988134417
889,-5.426957988134417
890,-5.426957988134417
891,-5.426957988134417
892,-5.426957988134417
893,-5.426957988134417
894,-5.426957988134417
895,-5.426957988134417
896,-5.426957988134417
897,-5.426957988134417
898,-5.426957988134417
899,-5.426957988134417
900,-5.426957988134417
901,-5.426957988134417
902,-5.426957988134417
903,-5.426957988134417
904,-5.426957988134417
905,-5.426957988134417
906,-5.426957988134417
907,-5.426957988134417
908,-5.426957988134417
909,-5.426957988134417
910,-5.426957988134417
911,-5.426957988134417
912,-5.426957988134417
913,-5.426957988134417
914,-5.426957988134417
915,-5.426957988134417
916,-5.426957988134417
917,-5.426957988134417
918,-5.426957988134417
919,-5.426957988134417
920,-5.426957988134417
921,-5.426957988134417
922,-5.426957988134417
923,-5.426957988134417
924,-5.426957988134417
925,-5.426957988134417
926,-5.426957988134417
927,-5.426957988134417
928,-5.426957988134417
929,-5.426957988134417
930,-5.426957988134417
931,-5.426957988134417
932,-5.426957988134417
933,-5.426957988134417
934,-5.426957988134417
935,-5.426957988134417
936,-5.426957988134417
937,-5.426957988134417
938,-5.426957988134417
939,-5.426957988134417
940,-5.426957988134417
941,-5.426957988134417
942,-5.426957988134417
943,-5.426957988134417
944,-5.426957988134417
945,-5.426957988134417
946,-5.426957988134417
947,-5.426957988134417
948,-5.426957988134417
949,-5.426957988134417
950,-5.426957988134417
951,-5.426957988134417
952,-5.426957988134417
953,-5.426957988134417
954,-5.426957988134417
955,-5.426957988134417
956,-5.426957988134417
957,-5.426957988134417
958,-5.426957988134417
959,-5.426957988134417
960,-5.426957988134417
961,-5.426957988134417
962,-5.426957988134417
963,-5.426957988134417
964,-5.426957988134417
965,-5.426957988134417
966,-5.426957988134417
967,-5.426957988134417
968,-5.426957988134417
969,-5.426957988134417
970,-5.426957988134417
971,-5.426957988134417
972,-5.426957988134417
973,-5.426957988134417
974,-5.426957988134417
975,-5.426957988134417
976,-5.426957988134417
977,-5.426957988134417
978,-5.426957988134417
979,-5.426957988134417
980,-5.426957988134417
981,-5.426957988134417
982,-5.426957988134417
983,-5.426957988134417
984,-5.426957988134417
985,-5.426957988134417
986,-5.426957988134417
987,-5.426957988134417
988,-5.426957988134417
989,-5.426957988134417
990,-5.426957988134417
991,-5.426957988134417
992,-5.426957988134417
993,-5.426957988134417
994,-5.426957988134417
995,-5.426957988134417
996,-5.426957988134417
997,-5.426957988134417
998,-5.426957988134417
999,-5.426957988134417
1000,-5.426957988134417
1001,-5.426957988134417
1002,-5.426957988134417
1003,-5.426957988134417
1004,-5.426957988134417
1005,-5.426957988134417
1006,-5.426957988134417
1007,-5.426957988134417
1008,-5.426957988134417
1009,-5.426957988134417
1010,-5.426957988134417
1011,-5.426957988134417
1012,-5.426957988134417
1013,-5.426957988134417
1014,-5.426957988134417
1015,-5.426957988134417
1016,-5.426957988134417
1017,-5.426957988134417
1018,-5.426957988134417
1019,-5.426957988134417
1020,-5.426957988134417
1021,-5.426957988134417
1022,-5.426957988134417
1023,-5.426957988134417
1024,-5.426957988134417
1025,-5.426957988134417
1026,-5.426957988134417
1027,-5.426957988134417
1028,-5.426957988134417
1029,-5.426957988134417
1030,-5.426957988134417
1031,-5.426957988134417
1032,-5.426957988134417
1033,-5.426957988134417
1034,-5.426957988134417
1035,-5.426957988134417
1036,-5.426957988134417
1037,-5.426957988134417
1038,-5.426957988134417
1039,-5.426957988134417
1040,-5.426957988134417
1041,-5.426957988134417
1042,-5.426957988134417
1043,-5.426957988134417
1044,-5.426957988134417
1045,-5.426957988134417
1046,-5.426957988134417
1047,-5.426957988134417
1048,-5.426957988134417
1049,-5.426957988134417
1050,-5.426957988134417
1051,-5.426957988134417
1052,-5.426957988134417
1053,-5.426957988134417
1054,-5.426957988134417
1055,-5.426957988134417
1056,-5.426957988134417
1057,-5.426957988134417
1058,-5.426957988134417
1059,-5.426957988134417
1060,-5.426957988134417
1061,-5.426957988134417
1062,-5.426957988134417
1063,-5.426957988134417
1064,-5.426957988134417
1065,-5.426957988134417
1066,-5.426957988134417
1067,-5.426957988134417
1068,-5.426957988134417
1069,-5.426957988134417
1070,-5.426957988134417
1071,-5.426957988134417
1072,-5.426957988134417
1073,-5.426957988134417
1074,-5.426957988134417
1075,-5.426957988134417
1076,-5.426957988134417
1077,-5.426957988134417
1078,-5.426957988134417
1079,-5.426957988134417
1080,-5.426957988134417
1081,-5.426957988134417
1082,-5.426957988134417
1083,-5.426957988134417
1084,-5.426957988134417
1085,-5.426957988134417
1086,-5.426957988134417
1087,-5.426957988134417
1088,-5.426957988134417
1089,-5.426957988134417
1090,-5.426957988134417
1091,-5.426957988134417
1092,-5.426957988134417
1093,-5.426957988134417
1094,-5.426957988134417
1095,-5.426957988134417
1096,-5.426957988134417
1097,-5.426957988134417
1098,-2.6098886516107607
1099,-2.6098886516107607
1100,-2.6098886516107607
1101,-2.6098886516107607
1102,-2.6098886516107607
1103,-2.6098886516107607
1104,-2.6098886516107607
1105,-2.6098886516107607
1106,-2.6098886516107607
1107,-2.6098886516107607
1108,-2.6098886516107607
1109,-2.6098886516107607
1110,-2.6098886516107607
1111,-2.6098886516107607
1112,-2.6098886516107607
1113,-2.6098886516107607
1114,-2.6098886516107607
1115,-2.6098886516107607
1116,-2.6098886516107607
1117,-2.6098886516107607
1118,-2.6098886516107607
1119,-2.6098886516107607
1120,-2.6098886516107607
1121,-2.6098886516107607
1122,-2.6098886516107607
1123,-2.6098886516107607
1124,-2.6098886516107607
1125,-2.6098886516107607
1126,-2.6098886516107607
1127,-2.6098886516107607
1128,-2.6098886516107607
1129,-2.6098886516107607
1130,-2.6098886516107607
1131,-2.6098886516107607
1132,-2.6098886516107607
1133,-2.6098886516107607
1134,-2.6098886516107607
1135,-2.6098886516107607
1136,-2.6098886516107607
1137,-2.6098886516107607
1138,-2.6098886516107607
1139,-2.6098886516107607
1140,-2.6098886516107607
1141,-2.6098886516107607
1142,-2.6098886516107607
1143,-2.6098886516107607
1144,-2.6098886516107607
1145,-2.6098886516107607
1146,-2.6098886516107607
1147,-2.6098886516107607
1148,-2.6098886516107607
1149,-2.6098886516107607
1150,-2.6098886516107607
1151,-2.6098886516107607
1152,-2.6098886516107607
1153,-2.6098886516107607
1154,-2.6098886516107607
1155,-2.6098886516107607
1156,-2.6098886516107607
1157,-2.6098886516107607
1158,-2.6098886516107607
1159,-2.6098886516107607
1160,-2.6098886516107607
1161,-2.6098886516107607
1162,-2.6098886516107607
1163,-2.6098886516107607
1164,-2.6098886516107607
1165,-2.6098886516107607
1166,-2.6098886516107607
1167,-2.6098886516107607
1168,-2.6098886516107607
1169,-2.6098886516107607
1170,-2.6098886516107607
1171,-2.6098886516107607
1172,-2.6098886516107607
1173,-2.6098886516107607
1174,-2.6098886516107607
1175,-2.6098886516107607
1176,-2.6098886516107607
1177,-2.6098886516107607
1178,-2.6098886516107607
1179,-2.6098886516107607
1180,-2.6098886516107607
1181,-2.6098886516107607
1182,-2.6098886516107607
1183,-2.6098886516107607
1184,-2.6098886516107607
1185,-2.6098886516107607
1186,-2.6098886516107607
1187,-2.6098886516107607
1188,-2.6098886516107607
1189,-2.6098886516107607
1190,-2.6098886516107607
1191,-2.6098886516107607
1192,-2.6098886516107607
1193,-2.6098886516107607
1194,-2.6098886516107607
1195,-2.6098886516107607
1196,-2.6098886516107607
1197,-2.6098886516107607
1198,-2.6098886516107607
1199,-2.6098886516107607
1200,-2.6098886516107607
1201,-2.6098886516107607
1202,-2.6098886516107607
1203,-2.6098886516107607
1204,-2.6098886516107607
1205,-2.6098886516107607
1206,-2.6098886516107607
1207,-2.6098886516107607
1208,-2.6098886516107607
1209,-2.6098886516107607
1210,-2.6098886516107607
1211,-2.6098886516107607
1212,-2.6098886516107607
1213,-2.6098886516107607
1214,-2.6098886516107607
1215,-2.6098886516107607
1216,-2.6098886516107607
1217,-2.6098886516107607
1218,-2.6098886516107607
1219,-2.6098886516107607
1220,-2.6098886516107607
1221,-2.6098886516107607
1222,-2.6098886516107607
1223,-2.6098886516107607
1224,-2.6098886516107607
1225,-2.6098886516107607
1226,-2.6098886516107607
1227,-2.6098886516107607
1228,-2.6098886516107607
1229,-2.6098886516107607
1230,-2.6098886516107607
1231,-2.6098886516107607
1232,-2.6098886516107607
1233,-2.6098886516107607
1234,-2.6098886516107607
1235,-2.6098886516107607
1236,-2.6098886516107607
1237,-2.6098886516107607
1238,-2.6098886516107607
1239,-2.6098886516107607
1240,-2.6098886516107607
1241,-2.6098886516107607
1242,-2.6098886516107607
1243,-2.6098886516107607
1244,-2.6098886516107607
1245,-2.6098886516107607
1246,-2.6098886516107607
1247,-2.6098886516107607
1248,-2.6098886516107607
1249,-2.6098886516107607
1250,-2.6098886516107607
1251,-2.6098886516107607
1252,-2.6098886516107607
1253,-2.6098886516107607
1254,-2.6098886516107607
1255,-2.6098886516107607
1256,-2.6098886516107607
1257,-2.6098886516107607
1258,-2.6098886516107607
1259,-2.6098886516107607
1260,-2.6098886516107607
1261,-2.6098886516107607
1262,-2.6098886516107607
1263,-2.6098886516107607
1264,-2.6098886516107607
1265,-2.6098886516107607
1266,-2.6098886516107607
1267,-2.6098886516107607
1268,-2.6098886516107607
1269,-2.6098886516107607
1270,-2.6098886516107607
1271,-2.6098886516107607
1272,-2.6098886516107607
1273,-2.6098886516107607
1274,-2.6098886516107607
1275,-2.6098886516107607
1276,-2.6098886516107607
1277,-2.6098886516107607
1278,-2.6098886516107607
1279,-2.6098886516107607
1280,-2.6098886516107607
1281,-2.6098886516107607
1282,-2.6098886516107607
1283,-2.6098886516107607
1284,-2.6098886516107607
1285,-2.6098886516107607
1286,-2.6098886516107607
1287,-2.6098886516107607
1288,-2.6098886516107607
1289,-2.6098886516107607
1290,-2.6098886516107607
1291,-2.6098886516107607
1292,-2.6098886516107607
1293,-2.6098886516107607
1294,-2.6098886516107607
1295,-2.6098886516107607
1296,-2.6098886516107607
1297,-2.6098886516107607
1298,-2.6098886516107607
1299,-2.6098886516107607
1300,-2.6098886516107607
1301,-2.6098886516107607
1302,-2.6098886516107607
1303,-2.6098886516107607
1304,-2.6098886516107607
1305,-2.6098886516107607
1306,-2.6098886516107607
1307,-2.6098886516107607
1308,-2.6098886516107607
1309,-2.6098886516107607
1310,-2.6098886516107607
1311,-2.6098886516107607
1312,-2.6098886516107607
1313,-2.6098886516107607
1314,-2.6098886516107607
1315,-2.6098886516107607
1316,-2.6098886516107607
1317,-2.6098886516107607
1318,-2.6098886516107607
1319,-2.6098886516107607
1320,-2.6098886516107607
1321,-2.6098886516107607
1322,-2.6098886516107607
1323,-2.6098886516107607
1324,-2.6098886516107607
1325,-2.6098886516107607
1326,-2.6098886516107607
1327,-2.6098886516107607
1328,-2.6098886516107607
1329,-2.6098886516107607
1330,-2.6098886516107607
1331,-2.6098886516107607
1332,-2.6098886516107607
1333,10.670581077715045
1334,10.670581077715045
1335,10.670581077715045
1336,10.670581077715045
1337,10.670581077715045
1338,10.670581077715045
1339,10.670581077715045
1340,10.670581077715045
1341,10.670581077715045
1342,10.670581077715045
1343,10.670581077715045
1344,10.670581077715045
1345,10.670581077715045
1346,10.670581077715045
1347,10.670581077715045
1348,10.670581077715045
1349,10.670581077715045
1350,10.670581077715045
1351,10.670581077715045
1352,10.670581077715045
1353,10.670581077715045
1354,10.670581077715045
1355,10.670581077715045
1356,10.670581077715045
1357,10.670581077715045
1358,10.670581077715045
1359,10.670581077715045
1360,10.670581077715045
1361,10.670581077715045
1362,10.670581077715045
1363,10.670581077715045
1364,10.670581077715045
1365,10.670581077715045
1366,10.670581077715045
1367,10.670581077715045
1368,10.670581077715045
1369,10.670581077715045
1370,10.670581077715045
1371,10.670581077715045
1372,10.670581077715045
1373,10.670581077715045
1374,14.829112003059487
1375,14.829112003059487
1376,14.829112003059487
1377,14.829112003059487
1378,14.829112003059487
1379,14.829112003059487
1380,14.829112003059487
1381,14.829112003059487
1382,14.829112003059487
1383,14.829112003059487
1384,14.829112003059487
1385,14.829112003059487
1386,14.829112003059487
1387,14.829112003059487
1388,14.829112003059487
1389,14.829112003059487
1390,14.829112003059487
1391,14.829112003059487
1392,14.829112003059487
1393,14.829112003059487
1394,14.829112003059487
1395,14.829112003059487
1396,14.829112003059487
1397,14.829112003059487
1398,14.829112003059487
1399,14.829112003059487
1400,14.829112003059487
1401,14.829112003059487
1402,14.829112003059487
1403,14.829112003059487
1404,14.829112003059487
1405,14.829112003059487
1406,14.829112003059487
1407,14.829112003059487
1408,14.829112003059487
1409,14.829112003059487
1410,14.829112003059487
1411,14.829112003059487
1412,14.829112003059487
1413,14.829112003059487
1414,14.829112003059487
1415,14.829112003059487
1416,14.829112003059487
1417,14.829112003059487
1418,14.829112003059487
1419,14.829112003059487
1420,14.829112003059487
1421,14.829112003059487
1422,14.829112003059487
1423,14.829112003059487
1424,14.829112003059487
1425,14.829112003059487
1426,14.829112003059487
1427,14.829112003059487
1428,14.829112003059487
1429,14.829112003059487
1430,14.829112003059487
1431,14.829112003059487
1432,14.829112003059487
1433,14.829112003059487
1434,14.829112003059487
1435,14.829112003059487
1436,14.829112003059487
1437,14.829112003059487
1438,14.829112003059487
1439,14.829112003059487
1440,14.829112003059487
1441,14.829112003059487
1442,14.829112003059487
1443,14.829112003059487
1444,14.829112003059487
1445,14.829112003059487
1446,14.829112003059487
1447,14.829112003059487
1448,14.829112003059487
1449,14.829112003059487
1450,14.829112003059487
1451,14.829112003059487
1452,14.829112003059487
1453,14.829112003059487
1454,14.829112003059487
1455,14.829112003059487
1456,14.829112003059487
1457,14.829112003059487
1458,14.829112003059487
1459,14.829112003059487
1460,14.829112003059487
1461,14.829112003059487
1462,14.829112003059487
1463,14.829112003059487
1464,14.829112003059487
1465,14.829112003059487
1466,14.829112003059487
1467,14.829112003059487
1468,14.829112003059487
1469,14.829112003059487
1470,14.829112003059487
1471,14.829112003059487
1472,14.829112003059487
1473,14.829112003059487
1474,14.829112003059487
1475,14.829112003059487
1476,14.829112003059487
1477,14.829112003059487
1478,14.829112003059487
1479,14.829112003059487
1480,14.829112003059487
1481,14.829112003059487
1482,14.829112003059487
1483,14.829112003059487
1484,14.829112003059487
1485,14.829112003059487
1486,14.829112003059487
1487,14.829112003059487
1488,14.829112003059487
1489,14.829112003059487
1490,14.829112003059487
1491,14.829112003059487
1492,14.829112003059487
1493,14.829112003059487
1494,14.829112003059487
1495,14.829112003059487
1496,14.829112003059487
1497,14.829112003059487
1498,14.829112003059487
1499,14.829112003059487
1500,14.829112003059487
1501,14.829112003059487
1502,14.829112003059487
1503,14.829112003059487
1504,14.829112003059487
1505,14.829112003059487
1506,14.829112003059487
1507,14.829112003059487
1508,14.829112003059487
1509,14.829112003059487
1510,14.829112003059487
1511,14.829112003059487
1512,14.829112003059487
1513,14.829112003059487
1514,14.829112003059487
1515,14.829112003059487
1516,14.829112003059487
1517,14.829112003059487
1518,14.829112003059487
1519,14.829112003059487
1520,14.829112003059487
1521,14.829112003059487
1522,14.829112003059487
1523,14.829112003059487
1524,14.829112003059487
1525,14.829112003059487
1526,14.829112003059487
1527,14.829112003059487
1528,14.829112003059487
1529,14.829112003059487
1530,14.829112003059487
1531,14.829112003059487
1532,14.829112003059487
1533,14.829112003059487
1534,14.829112003059487
1535,14.829112003059487
1536,14.829112003059487
1537,14.829112003059487
1538,14.829112003059487
1539,14.829112003059487
1540,14.829112003059487
1541,14.829112003059487
1542,14.829112003059487
1543,14.829112003059487
1544,14.829112003059487
1545,14.829112003059487
1546,14.829112003059487
1547,14.829112003059487
1548,14.829112003059487
1549,14.829112003059487
1550,14.829112003059487
1551,14.829112003059487
1552,14.829112003059487
1553,14.829112003059487
1554,14.829112003059487
1555,14.829112003059487
1556,14.829112003059487
1557,14.829112003059487
1558,14.829112003059487
1559,14.829112003059487
1560,14.829112003059487
1561,14.829112003059487
1562,14.829112003059487
1563,14.829112003059487
1564,14.829112003059487
1565,14.829112003059487
1566,14.829112003059487
1567,14.829112003059487
1568,14.829112003059487
1569,14.829112003059487
1570,14.829112003059487
1571,14.829112003059487
1572,14.829112003059487
1573,14.829112003059487
1574,14.829112003059487
1575,14.829112003059487
1576,14.829112003059487
1577,14.829112003059487
1578,14.829112003059487
1579,14.829112003059487
1580,14.829112003059487
1581,14.829112003059487
1582,14.829112003059487
1583,14.829112003059487
1584,14.829112003059487
1585,14.829112003059487
1586,14.829112003059487
1587,14.829112003059487
1588,14.829112003059487
1589,14.829112003059487
1590,14.829112003059487
1591,14.829112003059487
1592,14.829112003059487
1593,14.829112003059487
1594,14.829112003059487
1595,14.829112003059487
1596,14.829112003059487
1597,14.829112003059487
1598,14.829112003059487
1599,14.829112003059487
1600,14.829112003059487
1601,14.829112003059487
1602,14.829112003059487
1603,14.829112003059487
1604,14.829112003059487
1605,14.829112003059487
1606,14.829112003059487
1607,14.829112003059487
1608,14.829112003059487
1609,14.829112003059487
1610,14.829112003059487
1611,14.829112003059487
1612,14.829112003059487
1613,14.829112003059487
1614,14.829112003059487
1615,14.829112003059487
1616,14.829112003059487
1617,14.829112003059487
1618,14.829112003059487
1619,14.829112003059487
1620,14.829112003059487
1621,14.829112003059487
1622,14.829112003059487
1623,14.829112003059487
1624,14.829112003059487
1625,14.829112003059487
1626,14.829112003059487
1627,14.829112003059487
1628,14.829112003059487
1629,14.829112003059487
1630,14.829112003059487
1631,14.829112003059487
1632,14.829112003059487
1633,14.829112003059487
1634,14.829112003059487
1635,14.829112003059487
1636,14.829112003059487
1637,14.829112003059487
1638,14.829112003059487
1639,14.829112003059487
1640,14.829112003059487
1641,14.829112003059487
1642,14.829112003059487
1643,14.829112003059487
1644,14.829112003059487
1645,14.829112003059487
1646,14.829112003059487
1647,14.829112003059487
1648,14.829112003059487
1649,14.829112003059487
1650,14.829112003059487
1651,14.829112003059487
1652,14.829112003059487
1653,14.829112003059487
1654,14.829112003059487
1655,14.829112003059487
1656,14.829112003059487
1657,14.829112003059487
1658,14.829112003059487
1659,14.829112003059487
1660,14.829112003059487
1661,14.829112003059487
1662,14.829112003059487
1663,14.829112003059487
1664,14.829112003059487
1665,14.829112003059487
1666,14.829112003059487
1667,14.829112003059487
1668,14.829112003059487
1669,14.829112003059487
1670,14.829112003059487
1671,14.829112003059487
1672,14.829112003059487
1673,14.829112003059487
1674,14.829112003059487
1675,14.829112003059487
1676,14.829112003059487
1677,14.829112003059487
1678,14.829112003059487
1679,14.829112003059487
1680,14.829112003059487
1681,14.829112003059487
1682,14.829112003059487
1683,14.829112003059487
1684,14.829112003059487
1685,14.829112003059487
1686,14.829112003059487
1687,14.829112003059487
1688,14.829112003059487
1689,14.829112003059487
1690,14.829112003059487
1691,14.829112003059487
1692,14.829112003059487
1693,14.829112003059487
1694,14.829112003059487
1695,14.829112003059487
1696,14.829112003059487
1697,14.829112003059487
1698,14.829112003059487
1699,14.829112003059487
1700,14.829112003059487
1701,14.829112003059487
1702,14.829112003059487
1703,14.829112003059487
1704,14.829112003059487
1705,14.829112003059487
1706,14.829112003059487
1707,14.829112003059487
1708,14.829112003059487
1709,14.829112003059487
1710,14.829112003059487
1711,14.829112003059487
1712,14.829112003059487
1713,14.829112003059487
1714,14.829112003059487
1715,14.829112003059487
1716,14.829112003059487
1717,14.829112003059487
1718,14.829112003059487
1719,14.829112003059487
1720,14.829112003059487
1721,14.829112003059487
1722,14.829112003059487
1723,14.829112003059487
1724,14.829112003059487
1725,14.829112003059487
1726,14.829112003059487
1727,14.829112003059487
1728,14.829112003059487
1729,14.829112003059487
1730,14.829112003059487
1731,14.829112003059487
1732,14.829112003059487
1733,14.829112003059487
1734,14.829112003059487
1735,14.829112003059487
1736,14.829112003059487
1737,14.829112003059487
1738,14.829112003059487
1739,14.829112003059487
1740,14.829112003059487
1741,14.829112003059487
1742,14.829112003059487
1743,14.829112003059487
1744,14.829112003059487
1745,14.829112003059487
1746,14.829112003059487
1747,14.829112003059487
1748,14.829112003059487
1749,14.829112003059487
1750,14.829112003059487
1751,14.829112003059487
1752,14.829112003059487
1753,14.829112003059487
1754,14.829112003059487
1755,14.829112003059487
1756,14.829112003059487
1757,14.829112003059487
1758,14.829112003059487
1759,14.829112003059487
1760,14.829112003059487
1761,14.829112003059487
1762,14.829112003059487
1763,14.829112003059487
1764,14.829112003059487
1765,14.829112003059487
1766,14.829112003059487
1767,14.829112003059487
1768,14.829112003059487
1769,14.829112003059487
1770,14.829112003059487
1771,14.829112003059487
1772,14.829112003059487
1773,14.829112003059487
1774,14.829112003059487
1775,14.829112003059487
1776,14.829112003059487
1777,14.829112003059487
1778,14.829112003059487
1779,14.829112003059487
1780,14.829112003059487
1781,14.829112003059487
1782,14.829112003059487
1783,14.829112003059487
1784,14.829112003059487
1785,14.829112003059487
1786,14.829112003059487
1787,14.829112003059487
1788,14.829112003059487
1789,14.829112003059487
1790,14.829112003059487
1791,14.829112003059487
1792,14.829112003059487
1793,14.829112003059487
1794,14.829112003059487
1795,14.829112003059487
1796,14.829112003059487
1797,14.829112003059487
1798,14.829112003059487
1799,14.829112003059487
1800,14.829112003059487
1801,14.829112003059487
1802,14.829112003059487
1803,14.829112003059487
1804,14.829112003059487
1805,14.829112003059487
1806,14.829112003059487
1807,14.829112003059487
1808,14.829112003059487
1809,14.829112003059487
1810,14.829112003059487
1811,14.829112003059487
1812,14.829112003059487
1813,14.829112003059487
1814,14.829112003059487
1815,14.829112003059487
1816,14.829112003059487
1817,14.829112003059487
1818,14.829112003059487
1819,14.829112003059487
1820,14.829112003059487
1821,14.829112003059487
1822,14.829112003059487
1823,14.829112003059487
1824,14.829112003059487
1825,14.829112003059487
1826,14.829112003059487
1827,14.829112003059487
1828,14.829112003059487
1829,14.829112003059487
1830,14.829112003059487
1831,14.829112003059487
1832,14.829112003059487
1833,14.829112003059487
1834,14.829112003059487
1835,14.829112003059487
1836,14.829112003059487
1837,14.829112003059487
1838,14.829112003059487
1839,14.829112003059487
1840,14.829112003059487
1841,14.829112003059487
1842,14.829112003059487
1843,14.829112003059487
1844,14.829112003059487
1845,14.829112003059487
1846,14.829112003059487
1847,14.829112003059487
1848,14.829112003059487
1849,14.829112003059487
1850,14.829112003059487
1851,14.829112003059487
1852,14.829112003059487
1853,14.829112003059487
1854,14.829112003059487
1855,14.829112003059487
1856,14.829112003059487
1857,14.829112003059487
1858,14.829112003059487
1859,14.829112003059487
1860,14.829112003059487
1861,14.829112003059487
1862,14.829112003059487
1863,14.829112003059487
1864,14.829112003059487
1865,14.829112003059487
1866,14.829112003059487
1867,14.829112003059487
1868,14.829112003059487
1869,14.829112003059487
1870,14.829112003059487
1871,14.829112003059487
1872,14.829112003059487
1873,14.829112003059487
1874,14.829112003059487
1875,14.829112003059487
1876,14.829112003059487
1877,14.829112003059487
1878,14.829112003059487
1879,14.829112003059487
1880,14.829112003059487
1881,14.829112003059487
1882,14.829112003059487
1883,14.829112003059487
1884,14.829112003059487
1885,14.829112003059487
1886,14.829112003059487
1887,14.829112003059487
1888,14.829112003059487
1889,14.829112003059487
1890,14.829112003059487
1891,14.829112003059487
1892,14.829112003059487
1893,14.829112003059487
1894,14.829112003059487
1895,14.829112003059487
1896,14.829112003059487
1897,14.829112003059487
1898,14.829112003059487
1899,14.829112003059487
1900,14.829112003059487
1901,14.829112003059487
1902,14.829112003059487
1903,14.829112003059487
1904,14.829112003059487
1905,14.829112003059487
1906,14.829112003059487
1907,14.829112003059487
1908,14.829112003059487
1909,14.829112003059487
1910,14.829112003059487
1911,14.829112003059487
1912,14.829112003059487
1913,14.829112003059487
1914,14.829112003059487
1915,14.829112003059487
1916,14.829112003059487
1917,14.829112003059487
1918,14.829112003059487
1919,14.829112003059487
1920,14.829112003059487
1921,14.829112003059487
1922,14.829112003059487
1923,14.829112003059487
1924,14.829112003059487
1925,14.829112003059487
1926,14.829112003059487
1927,14.829112003059487
1928,14.829112003059487
1929,14.829112003059487
1930,14.829112003059487
1931,14.829112003059487
1932,14.829112003059487
1933,14.829112003059487
1934,14.829112003059487
1935,14.829112003059487
1936,14.829112003059487
1937,14.829112003059487
1938,14.829112003059487
1939,14.829112003059487
1940,14.829112003059487
1941,14.829112003059487
1942,14.829112003059487
1943,14.829112003059487
1944,14.829112003059487
1945,14.829112003059487
1946,14.829112003059487
1947,14.829112003059487
1948,14.829112003059487
1949,14.829112003059487
1950,14.829112003059487
1951,14.829112003059487
1952,14.829112003059487
1953,14.829112003059487
1954,14.829112003059487
1955,14.829112003059487
1956,14.829112003059487
1957,14.829112003059487
1958,14.829112003059487
1959,14.829112003059487
1960,14.829112003059487
1961,14.829112003059487
1962,14.829112003059487
1963,14.829112003059487
1964,14.829112003059487
1965,28.780312526795687
1966,28.780312526795687
1967,28.780312526795687
1968,28.780312526795687
1969,28.780312526795687
1970,28.780312526795687
1971,28.780312526795687
1972,28.780312526795687
1973,28.780312526795687
1974,28.780312526795687
1975,28.780312526795687
1976,28.780312526795687
1977,28.780312526795687
1978,28.780312526795687
1979,28.780312526795687
1980,28.780312526795687
1981,28.780312526795687
1982,28.780312526795687
1983,28.780312526795687
1984,28.780312526795687
1985,28.780312526795687
1986,28.780312526795687
1987,28.780312526795687
1988,28.780312526795687
1989,28.780312526795687
1990,28.780312526795687
1991,28.780312526795687
1992,28.780312526795687
1993,28.780312526795687
1994,28.780312526795687
1995,28.780312526795687
1996,28.780312526795687
1997,28.780312526795687
1998,28.780312526795687
1999,28.780312526795687
2000,28.780312526795687
2001,28.780312526795687
2002,28.780312526795687
2003,28.780312526795687
2004,28.780312526795687
2005,28.780312526795687
2006,28.780312526795687
2007,28.780312526795687
2008,28.780312526795687
2009,28.780312526795687
2010,28.780312526795687
2011,28.780312526795687
2012,28.780312526795687
2013,28.780312526795687
2014,28.780312526795687
2015,28.780312526795687
2016,28.780312526795687
2017,28.780312526795687
2018,28.780312526795687
2019,28.780312526795687
2020,28.780312526795687
2021,28.780312526795687
2022,28.780312526795687
2023,28.780312526795687
2024,28.780312526795687
2025,28.780312526795687
2026,28.780312526795687
2027,28.780312526795687
2028,28.780312526795687
2029,28.780312526795687
2030,28.780312526795687
2031,28.780312526795687
2032,28.780312526795687
2033,28.780312526795687
2034,28.780312526795687
2035,28.780312526795687
2036,28.780312526795687
2037,28.780312526795687
2038,28.780312526795687
2039,28.780312526795687
2040,28.780312526795687
2041,28.780312526795687
2042,28.780312526795687
2043,28.780312526795687
2044,28.780312526795687
2045,28.780312526795687
2046,28.780312526795687
2047,28.780312526795687
2048,28.780312526795687
2049,28.780312526795687
2050,28.780312526795687
2051,28.780312526795687
2052,28.780312526795687
2053,28.780312526795687
2054,28.780312526795687
2055,28.780312526795687
2056,28.780312526795687
2057,28.780312526795687
2058,28.780312526795687
2059,28.780312526795687
2060,28.780312526795687
2061,28.780312526795687
2062,28.780312526795687
2063,28.780312526795687
2064,28.780312526795687
2065,28.780312526795687
2066,28.780312526795687
2067,28.780312526795687
2068,28.780312526795687
2069,28.780312526795687
2070,28.780312526795687
2071,28.780312526795687
2072,28.780312526795687
2073,28.780312526795687
2074,28.780312526795687
2075,28.780312526795687
2076,28.780312526795687
2077,28.780312526795687
2078,28.780312526795687
2079,28.780312526795687
2080,28.780312526795687
2081,28.780312526795687
2082,28.780312526795687
2083,28.780312526795687
2084,28.780312526795687
2085,28.780312526795687
2086,28.780312526795687
2087,28.780312526795687
2088,28.780312526795687
2089,28.780312526795687
2090,28.780312526795687
2091,28.780312526795687
2092,28.780312526795687
2093,28.780312526795687
2094,28.780312526795687
2095,28.780312526795687
2096,28.780312526795687
2097,28.780312526795687
2098,28.780312526795687
2099,28.780312526795687
2100,28.780312526795687
2101,28.780312526795687
2102,28.780312526795687
2103,28.780312526795687
2104,28.780312526795687
2105,28.780312526795687
2106,28.780312526795687
2107,28.780312526795687
2108,28.780312526795687
2109,28.780312526795687
2110,28.780312526795687
2111,28.780312526795687
2112,28.780312526795687
2113,28.780312526795687
2114,28.780312526795687
2115,28.780312526795687
2116,28.780312526795687
2117,28.780312526795687
2118,28.780312526795687
2119,28.780312526795687
2120,28.780312526795687
2121,28.780312526795687
2122,28.780312526795687
2123,28.780312526795687
2124,28.780312526795687
2125,28.780312526795687
2126,28.780312526795687
2127,28.780312526795687
2128,28.780312526795687
2129,28.780312526795687
2130,28.780312526795687
2131,28.780312526795687
2132,28.780312526795687
2133,28.780312526795687
2134,28.780312526795687
2135,28.780312526795687
2136,28.780312526795687
2137,28.780312526795687
2138,28.780312526795687
2139,28.780312526795687
2140,28.780312526795687
2141,28.780312526795687
2142,28.780312526795687
2143,28.780312526795687
2144,28.780312526795687
2145,28.780312526795687
2146,28.780312526795687
2147,28.780312526795687
2148,28.780312526795687
2149,28.780312526795687
2150,28.780312526795687
2151,28.780312526795687
2152,28.780312526795687
2153,28.780312526795687
2154,28.780312526795687
2155,28.780312526795687
2156,28.780312526795687
2157,28.780312526795687
2158,28.780312526795687
2159,28.780312526795687
2160,28.780312526795687
2161,28.780312526795687
2162,28.780312526795687
2163,28.780312526795687
2164,28.780312526795687
2165,28.780312526795687
2166,28.780312526795687
2167,28.780312526795687
2168,28.780312526795687
2169,28.780312526795687
2170,28.780312526795687
2171,28.780312526795687
2172,28.780312526795687
2173,28.780312526795687
2174,28.780312526795687
2175,28.780312526795687
2176,28.780312526795687
2177,28.780312526795687
2178,28.780312526795687
2179,28.780312526795687
2180,28.780312526795687
2181,28.780312526795687
2182,28.780312526795687
2183,28.780312526795687
2184,28.780312526795687
2185,28.780312526795687
2186,28.780312526795687
2187,28.780312526795687
2188,28.780312526795687
2189,28.780312526795687
2190,28.780312526795687
2191,28.780312526795687
2192,28.780312526795687
2193,28.780312526795687
2194,28.780312526795687
2195,28.780312526795687
2196,28.780312526795687
2197,28.780312526795687
2198,28.780312526795687
2199,28.780312526795687
2200,28.780312526795687
2201,28.780312526795687
2202,28.780312526795687
2203,28.780312526795687
2204,28.780312526795687
2205,28.780312526795687
2206,28.780312526795687
2207,28.780312526795687
2208,28.780312526795687
2209,28.780312526795687
2210,28.780312526795687
2211,28.780312526795687
2212,28.780312526795687
2213,28.780312526795687
2214,28.780312526795687
2215,28.780312526795687
2216,28.780312526795687
2217,28.780312526795687
2218,28.780312526795687
2219,28.780312526795687
2220,28.780312526795687
2221,28.780312526795687
2222,28.780312526795687
2223,28.780312526795687
2224,28.780312526795687
2225,28.780312526795687
2226,28.780312526795687
2227,28.780312526795687
2228,28.780312526795687
2229,28.780312526795687
2230,28.780312526795687
2231,28.780312526795687
2232,28.780312526795687
2233,28.780312526795687
2234,28.780312526795687
2235,28.780312526795687
2236,28.780312526795687
2237,28.780312526795687
2238,28.780312526795687
2239,28.780312526795687
2240,28.780312526795687
2241,28.780312526795687
2242,28.780312526795687
2243,28.780312526795687
2244,28.780312526795687
2245,28.780312526795687
2246,28.780312526795687
2247,28.780312526795687
2248,28.780312526795687
2249,28.780312526795687
2250,28.780312526795687
2251,28.780312526795687
2252,28.780312526795687
2253,28.780312526795687
2254,28.780312526795687
2255,28.780312526795687
2256,28.780312526795687
2257,28.780312526795687
2258,28.780312526795687
2259,28.780312526795687
2260,28.780312526795687
2261,28.780312526795687
2262,28.780312526795687
2263,28.780312526795687
2264,28.780312526795687
2265,28.780312526795687
2266,28.780312526795687
2267,28.780312526795687
2268,28.780312526795687
2269,28.780312526795687
2270,28.780312526795687
2271,28.780312526795687
2272,28.780312526795687
2273,28.780312526795687
2274,28.780312526795687
2275,28.780312526795687
2276,28.780312526795687
2277,28.780312526795687
2278,28.780312526795687
2279,28.780312526795687
2280,28.780312526795687
2281,28.780312526795687
2282,28.780312526795687
2283,28.780312526795687
2284,28.780312526795687
2285,28.780312526795687
2286,28.780312526795687
2287,28.780312526795687
2288,28.780312526795687
2289,28.780312526795687
2290,28.780312526795687
2291,28.780312526795687
2292,28.780312526795687
2293,28.780312526795687
2294,28.780312526795687
2295,28.780312526795687
2296,28.780312526795687
2297,28.780312526795687
2298,28.780312526795687
2299,28.780312526795687
2300,28.780312526795687
2301,28.780312526795687
2302,28.780312526795687
2303,28.780312526795687
2304,28.780312526795687
2305,28.780312526795687
2306,28.780312526795687
2307,28.780312526795687
2308,28.780312526795687
2309,28.780312526795687
2310,28.780312526795687
2311,28.780312526795687
2312,28.780312526795687
2313,28.780312526795687
2314,28.780312526795687
2315,28.780312526795687
2316,28.780312526795687
2317,28.780312526795687
2318,28.780312526795687
2319,28.780312526795687
2320,28.780312526795687
2321,28.780312526795687
2322,28.780312526795687
2323,28.780312526795687
2324,28.780312526795687
2325,28.780312526795687
2326,28.780312526795687
2327,28.780312526795687
2328,28.780312526795687
2329,28.780312526795687
2330,28.780312526795687
2331,28.780312526795687
2332,28.780312526795687
2333,28.780312526795687
2334,28.780312526795687
2335,28.780312526795687
2336,28.780312526795687
2337,28.780312526795687
2338,28.780312526795687
2339,28.780312526795687
2340,28.780312526795687
2341,28.780312526795687
2342,28.780312526795687
2343,28.780312526795687
2344,28.780312526795687
2345,28.780312526795687
2346,28.780312526795687
2347,28.780312526795687
2348,28.780312526795687
2349,28.780312526795687
2350,28.780312526795687
2351,28.780312526795687
2352,28.780312526795687
2353,28.780312526795687
2354,28.780312526795687
2355,28.780312526795687
2356,28.780312526795687
2357,28.780312526795687
2358,28.780312526795687
2359,28.780312526795687
2360,28.780312526795687
2361,28.780312526795687
2362,28.780312526795687
2363,28.780312526795687
2364,28.780312526795687
2365,28.780312526795687
2366,28.780312526795687
2367,28.780312526795687
2368,28.780312526795687
2369,28.780312526795687
2370,28.780312526795687
2371,28.780312526795687
2372,28.780312526795687
2373,28.780312526795687
2374,28.780312526795687
2375,28.780312526795687
2376,28.780312526795687
2377,28.780312526795687
2378,28.780312526795687
2379,28.780312526795687
2380,28.780312526795687
2381,28.780312526795687
2382,28.780312526795687
2383,28.780312526795687
2384,28.780312526795687
2385,28.780312526795687
2386,28.780312526795687
2387,28.780312526795687
2388,28.780312526795687
2389,28.780312526795687
2390,28.780312526795687
2391,28.780312526795687
2392,28.780312526795687
2393,28.780312526795687
2394,28.780312526795687
2395,28.780312526795687
2396,28.780312526795687
2397,28.780312526795687
2398,28.780312526795687
2399,28.780312526795687
2400,28.780312526795687
2401,28.780312526795687
2402,28.780312526795687
2403,28.780312526795687
2404,28.780312526795687
2405,28.780312526795687
2406,28.780312526795687
2407,28.780312526795687
2408,28.780312526795687
2409,28.780312526795687
2410,28.780312526795687
2411,28.780312526795687
2412,28.780312526795687
2413,28.780312526795687
2414,28.780312526795687
2415,28.780312526795687
2416,28.780312526795687
2417,28.780312526795687
2418,28.780312526795687
2419,28.780312526795687
2420,28.780312526795687
2421,28.780312526795687
2422,28.780312526795687
2423,28.780312526795687
2424,28.780312526795687
2425,28.780312526795687
2426,28.780312526795687
2427,28.780312526795687
2428,28.780312526795687
2429,28.780312526795687
2430,28.780312526795687
2431,28.780312526795687
2432,28.780312526795687
2433,28.780312526795687
2434,28.780312526795687
2435,28.780312526795687
2436,28.780312526795687
2437,28.780312526795687
2438,28.780312526795687
2439,28.780312526795687
2440,28.780312526795687
2441,28.780312526795687
2442,28.780312526795687
2443,28.780312526795687
2444,28.780312526795687
2445,28.780312526795687
2446,28.780312526795687
2447,28.780312526795687
2448,28.780312526795687
2449,28.780312526795687
2450,28.780312526795687
2451,28.780312526795687
2452,28.780312526795687
2453,28.780312526795687
2454,28.780312526795687
2455,28.780312526795687
2456,28.780312526795687
2457,28.780312526795687
2458,28.780312526795687
2459,28.780312526795687
2460,28.780312526795687
2461,28.780312526795687
2462,28.780312526795687
2463,28.780312526795687
2464,28.780312526795687
2465,28.780312526795687
2466,28.780312526795687
2467,28.780312526795687
2468,28.780312526795687
2469,28.780312526795687
2470,28.780312526795687
2471,28.780312526795687
2472,28.780312526795687
2473,28.780312526795687
2474,28.780312526795687
2475,28.780312526795687
2476,28.780312526795687
2477,28.780312526795687
2478,28.780312526795687
2479,28.780312526795687
2480,28.780312526795687
2481,28.780312526795687
2482,28.780312526795687
2483,28.780312526795687
2484,28.780312526795687
2485,28.780312526795687
2486,28.780312526795687
2487,28.780312526795687
2488,28.780312526795687
2489,28.780312526795687
2490,28.780312526795687
2491,28.780312526795687
2492,28.780312526795687
2493,28.780312526795687
2494,28.780312526795687
2495,28.780312526795687
2496,28.780312526795687
2497,28.780312526795687
2498,28.780312526795687
2499,28.780312526795687
2500,28.780312526795687
2501,28.780312526795687
2502,28.780312526795687
2503,28.780312526795687
2504,28.780312526795687
2505,28.780312526795687
2506,28.780312526795687
2507,28.780312526795687
2508,28.780312526795687
2509,28.780312526795687
2510,28.780312526795687
2511,28.780312526795687
2512,28.780312526795687
2513,28.780312526795687
2514,28.780312526795687
2515,28.780312526795687
2516,28.780312526795687
2517,28.780312526795687
2518,28.780312526795687
2519,28.780312526795687
2520,28.780312526795687
2521,28.780312526795687
2522,28.780312526795687
2523,28.780312526795687
2524,28.780312526795687
2525,28.780312526795687
2526,28.780312526795687
2527,28.780312526795687
2528,28.780312526795687
2529,28.780312526795687
2530,28.780312526795687
2531,28.780312526795687
2532,28.780312526795687
2533,28.780312526795687
2534,28.780312526795687
2535,28.780312526795687
2536,28.780312526795687
2537,28.780312526795687
2538,28.780312526795687
2539,28.780312526795687
2540,28.780312526795687
2541,28.780312526795687
2542,28.780312526795687
2543,28.780312526795687
2544,28.780312526795687
2545,28.780312526795687
2546,28.780312526795687
2547,28.780312526795687
2548,28.780312526795687
2549,28.780312526795687
2550,28.780312526795687
2551,28.780312526795687
2552,28.780312526795687
2553,28.780312526795687
2554,28.780312526795687
2555,28.780312526795687
2556,28.780312526795687
2557,28.780312526795687
2558,28.780312526795687
2559,28.780312526795687
2560,28.780312526795687
2561,28.780312526795687
2562,28.780312526795687
2563,28.780312526795687
2564,28.780312526795687
2565,28.780312526795687
2566,28.780312526795687
2567,28.780312526795687
2568,28.780312526795687
2569,28.780312526795687
2570,28.780312526795687
2571,28.780312526795687
2572,28.780312526795687
2573,28.780312526795687
2574,28.780312526795687
2575,28.780312526795687
2576,28.780312526795687
2577,28.780312526795687
2578,28.780312526795687
2579,28.780312526795687
2580,28.780312526795687
2581,28.780312526795687
2582,28.780312526795687
2583,28.780312526795687
2584,28.780312526795687
2585,28.780312526795687
2586,28.780312526795687
2587,28.780312526795687
2588,28.780312526795687
2589,28.780312526795687
2590,28.780312526795687
2591,28.780312526795687
2592,28.780312526795687
2593,28.780312526795687
2594,28.780312526795687
2595,28.780312526795687
2596,28.780312526795687
2597,28.780312526795687
2598,28.780312526795687
2599,28.780312526795687
2600,28.780312526795687
2601,28.780312526795687
2602,28.780312526795687
2603,28.780312526795687
2604,28.780312526795687
2605,28.780312526795687
2606,28.780312526795687
2607,28.780312526795687
2608,28.780312526795687
2609,28.780312526795687
2610,28.780312526795687
2611,28.780312526795687
2612,28.780312526795687
2613,28.780312526795687
2614,28.780312526795687
2615,28.780312526795687
2616,28.780312526795687
2617,1.012057638205368
2618,1.012057638205368
2619,1.012057638205368
2620,1.012057638205368
2621,1.012057638205368
2622,1.012057638205368
2623,1.012057638205368
2624,1.012057638205368
2625,1.012057638205368
2626,1.012057638205368
2627,1.012057638205368
2628,1.012057638205368
2629,1.012057638205368
2630,1.012057638205368
2631,1.012057638205368
2632,1.012057638205368
2633,1.012057638205368
2634,1.012057638205368
2635,1.012057638205368
2636,1.012057638205368
2637,1.012057638205368
2638,1.012057638205368
2639,1.012057638205368
2640,1.012057638205368
2641,1.012057638205368
2642,1.012057638205368
2643,1.012057638205368
2644,1.012057638205368
2645,1.012057638205368
2646,1.012057638205368
2647,1.012057638205368
2648,1.012057638205368
2649,1.012057638205368
2650,1.012057638205368
2651,1.012057638205368
2652,1.012057638205368
2653,1.012057638205368
2654,1.012057638205368
2655,1.012057638205368
2656,1.012057638205368
2657,1.012057638205368
2658,1.012057638205368
2659,1.012057638205368
2660,1.012057638205368
2661,1.012057638205368
2662,1.012057638205368
2663,1.012057638205368
2664,1.012057638205368
2665,1.012057638205368
2666,1.012057638205368
2667,1.012057638205368
2668,1.012057638205368
2669,1.012057638205368
2670,1.012057638205368
2671,1.012057638205368
2672,1.012057638205368
2673,1.012057638205368
2674,1.012057638205368
2675,1.012057638205368
2676,1.012057638205368
2677,1.012057638205368
2678,1.012057638205368
2679,1.012057638205368
2680,1.012057638205368
2681,1.012057638205368
2682,1.012057638205368
2683,1.012057638205368
2684,1.012057638205368
2685,1.012057638205368
2686,1.012057638205368
2687,1.012057638205368
2688,1.012057638205368
2689,1.012057638205368
2690,1.012057638205368
2691,1.012057638205368
2692,1.012057638205368
2693,1.012057638205368
2694,1.012057638205368
2695,1.012057638205368
2696,1.012057638205368
2697,1.012057638205368
2698,1.012057638205368
2699,1.012057638205368
2700,1.012057638205368
2701,1.012057638205368
2702,1.012057638205368
2703,1.012057638205368
2704,1.012057638205368
2705,1.012057638205368
2706,1.012057638205368
2707,1.012057638205368
2708,1.012057638205368
2709,1.012057638205368
2710,1.012057638205368
2711,1.012057638205368
2712,1.012057638205368
2713,1.012057638205368
2714,1.012057638205368
2715,1.012057638205368
2716,1.012057638205368
2717,1.012057638205368
2718,1.012057638205368
2719,1.012057638205368
2720,1.012057638205368
2721,1.012057638205368
2722,1.012057638205368
2723,1.012057638205368
2724,1.012057638205368
2725,1.012057638205368
2726,1.012057638205368
2727,1.012057638205368
2728,1.012057638205368
2729,1.012057638205368
2730,1.012057638205368
2731,1.012057638205368
2732,1.012057638205368
2733,1.012057638205368
2734,1.012057638205368
2735,1.012057638205368
2736,1.012057638205368
2737,1.012057638205368
2738,1.012057638205368
2739,1.012057638205368
2740,1.012057638205368
2741,1.012057638205368
2742,1.012057638205368
2743,1.012057638205368
2744,1.012057638205368
2745,1.012057638205368
2746,1.012057638205368
2747,1.012057638205368
2748,1.012057638205368
2749,1.012057638205368
2750,1.012057638205368
2751,1.012057638205368
2752,1.012057638205368
2753,1.012057638205368
2754,1.012057638205368
2755,1.012057638205368
2756,1.012057638205368
2757,1.012057638205368
2758,1.012057638205368
2759,1.012057638205368
2760,1.012057638205368
2761,1.012057638205368
2762,1.012057638205368
2763,1.012057638205368
2764,1.012057638205368
2765,1.012057638205368
2766,1.012057638205368
2767,1.012057638205368
2768,1.012057638205368
2769,1.012057638205368
2770,1.012057638205368
2771,1.012057638205368
2772,1.012057638205368
2773,1.012057638205368
2774,1.012057638205368
2775,1.012057638205368
2776,1.012057638205368
2777,1.012057638205368
2778,1.2803499559695257
2779,1.2803499559695257
2780,1.2803499559695257
2781,1.2803499559695257
2782,1.2803499559695257
2783,1.2803499559695257
2784,1.2803499559695257
2785,1.2803499559695257
2786,1.2803499559695257
2787,1.2803499559695257
2788,1.2803499559695257
2789,1.2803499559695257
2790,1.2803499559695257
2791,1.2803499559695257
2792,1.2803499559695257
2793,1.2803499559695257
2794,1.2803499559695257
2795,1.2803499559695257
2796,1.2803499559695257
2797,1.2803499559695257
2798,1.2803499559695257
2799,1.2803499559695257
2800,1.2803499559695257
2801,1.2803499559695257
2802,1.2803499559695257
2803,1.2803499559695257
2804,1.2803499559695257
2805,1.2803499559695257
2806,1.2803499559695257
2807,1.2803499559695257
2808,1.2803499559695257
2809,1.2803499559695257
2810,1.2803499559695257
2811,1.2803499559695257
2812,1.2803499559695257
2813,1.2803499559695257
2814,1.2803499559695257
2815,1.2803499559695257
2816,1.2803499559695257
2817,1.2803499559695257
2818,1.2803499559695257
2819,1.2803499559695257
2820,1.2803499559695257
2821,1.2803499559695257
2822,1.2803499559695257
2823,1.2803499559695257
2824,1.2803499559695257
2825,1.2803499559695257
2826,1.2803499559695257
2827,1.2803499559695257
2828,1.2803499559695257
2829,1.2803499559695257
2830,1.2803499559695257
2831,1.2803499559695257
2832,1.2803499559695257
2833,1.2803499559695257
2834,1.2803499559695257
2835,1.2803499559695257
2836,1.2803499559695257
2837,1.2803499559695257
2838,1.2803499559695257
2839,1.2803499559695257
2840,1.2803499559695257
2841,1.2803499559695257
2842,1.2803499559695257
2843,1.2803499559695257
2844,1.2803499559695257
2845,1.2803499559695257
2846,1.2803499559695257
2847,1.2803499559695257
2848,1.2803499559695257
2849,1.2803499559695257
2850,1.2803499559695257
2851,1.2803499559695257
2852,1.2803499559695257
2853,1.2803499559695257
2854,1.2803499559695257
2855,1.2803499559695257
2856,1.2803499559695257
2857,1.2803499559695257
2858,1.2803499559695257
2859,1.2803499559695257
2860,1.2803499559695257
2861,1.2803499559695257
2862,1.2803499559695257
2863,1.2803499559695257
2864,1.2803499559695257
2865,1.2803499559695257
2866,1.2803499559695257
2867,1.2803499559695257
2868,1.2803499559695257
2869,1.2803499559695257
2870,1.2803499559695257
2871,1.2803499559695257
2872,1.2803499559695257
2873,1.2803499559695257
2874,1.2803499559695257
2875,1.2803499559695257
2876,1.2803499559695257
2877,1.2803499559695257
2878,1.2803499559695257
2879,1.2803499559695257
2880,1.2803499559695257
2881,1.2803499559695257
2882,1.2803499559695257
2883,1.2803499559695257
2884,1.2803499559695257
2885,1.2803499559695257
2886,1.2803499559695257
2887,1.2803499559695257
2888,1.2803499559695257
2889,1.2803499559695257
2890,1.2803499559695257
2891,1.2803499559695257
2892,1.2803499559695257
2893,1.2803499559695257
2894,1.2803499559695257
2895,1.2803499559695257
2896,1.2803499559695257
2897,1.2803499559695257
2898,1.2803499559695257
2899,1.2803499559695257
2900,1.2803499559695257
2901,1.2803499559695257
2902,1.2803499559695257
2903,1.2803499559695257
2904,1.2803499559695257
2905,1.2803499559695257
2906,1.2803499559695257
2907,1.2803499559695257
2908,1.2803499559695257
2909,1.2803499559695257
2910,1.2803499559695257
2911,1.2803499559695257
2912,1.2803499559695257
2913,1.2803499559695257
2914,1.2803499559695257
2915,1.2803499559695257
2916,1.2803499559695257
2917,1.2803499559695257
2918,1.2803499559695257
2919,1.2803499559695257
2920,1.2803499559695257
2921,1.2803499559695257
2922,1.2803499559695257
2923,1.2803499559695257
2924,1.2803499559695257
2925,1.2803499559695257
2926,1.2803499559695257
2927,1.2803499559695257
2928,1.2803499559695257
2929,1.2803499559695257
2930,1.2803499559695257
2931,1.2803499559695257
2932,1.2803499559695257
2933,1.2803499559695257
2934,1.2803499559695257
2935,1.2803499559695257
2936,1.2803499559695257
2937,1.2803499559695257
2938,1.2803499559695257
2939,1.2803499559695257
2940,1.2803499559695257
2941,1.2803499559695257
2942,1.2803499559695257
2943,1.2803499559695257
2944,1.2803499559695257
2945,1.2803499559695257
2946,1.2803499559695257
2947,1.2803499559695257
2948,1.2803499559695257
2949,1.2803499559695257
2950,1.2803499559695257
2951,1.2803499559695257
2952,1.2803499559695257
2953,1.2803499559695257
2954,1.2803499559695257
2955,1.2803499559695257
2956,1.2803499559695257
2957,1.2803499559695257
2958,1.2803499559695257
2959,1.2803499559695257
2960,1.2803499559695257
2961,1.2803499559695257
2962,1.2803499559695257
2963,1.2803499559695257
2964,1.2803499559695257
2965,1.2803499559695257
2966,1.2803499559695257
2967,1.2803499559695257
2968,1.2803499559695257
2969,1.2803499559695257
2970,1.2803499559695257
2971,1.2803499559695257
2972,1.2803499559695257
2973,1.2803499559695257
2974,1.2803499559695257
2975,1.2803499559695257
2976,1.2803499559695257
2977,1.2803499559695257
2978,1.2803499559695257
2979,1.2803499559695257
2980,1.2803499559695257
2981,1.2803499559695257
2982,1.2803499559695257
2983,1.2803499559695257
2984,1.2803499559695257
2985,1.2803499559695257
2986,1.2803499559695257
2987,1.2803499559695257
2988,1.2803499559695257
2989,1.2803499559695257
2990,1.2803499559695257
2991,1.2803499559695257
2992,1.2803499559695257
2993,1.2803499559695257
2994,1.2803499559695257
2995,1.2803499559695257
2996,1.2803499559695257
2997,1.2803499559695257
2998,1.2803499559695257
2999,1.2803499559695257
3000,1.2803499559695257
3001,1.2803499559695257
3002,1.2803499559695257
3003,1.2803499559695257
3004,1.2803499559695257
3005,1.2803499559695257
3006,1.2803499559695257
3007,1.2803499559695257
3008,-18.97572003522438
3009,-18.97572003522438
3010,-18.97572003522438
3011,-18.97572003522438
3012,-18.97572003522438
3013,-18.97572003522438
3014,-18.97572003522438
3015,-18.97572003522438
3016,-18.97572003522438
3017,-18.97572003522438
3018,-18.97572003522438
3019,-18.97572003522438
3020,-18.97572003522438
3021,-18.97572003522438
3022,-18.97572003522438
3023,-18.97572003522438
3024,-18.97572003522438
3025,-18.97572003522438
3026,-18.97572003522438
3027,-18.97572003522438
3028,-18.97572003522438
3029,-18.97572003522438
3030,-18.97572003522438
3031,-18.97572003522438
3032,-18.97572003522438
3033,-18.97572003522438
3034,-18.97572003522438
3035,-18.97572003522438
3036,-18.97572003522438
3037,-18.97572003522438
3038,-18.97572003522438
3039,-18.97572003522438
3040,-18.97572003522438
3041,-18.97572003522438
3042,-18.97572003522438
3043,-18.97572003522438
3044,-18.97572003522438
3045,-18.97572003522438
3046,-18.97572003522438
3047,-18.97572003522438
3048,-18.97572003522438
3049,-18.97572003522438
3050,-18.97572003522438
3051,-18.97572003522438
3052,-18.97572003522438
3053,-18.97572003522438
3054,-18.97572003522438
3055,-18.97572003522438
3056,-18.97572003522438
3057,-18.97572003522438
3058,-18.97572003522438
3059,-18.97572003522438
3060,-18.97572003522438
3061,-18.97572003522438
3062,-18.97572003522438
3063,-18.97572003522438
3064,-18.97572003522438
3065,-18.97572003522438
3066,-18.97572003522438
3067,-18.97572003522438
3068,-18.97572003522438
3069,-18.97572003522438
3070,-18.97572003522438
3071,-18.97572003522438
3072,-18.97572003522438
3073,-18.97572003522438
3074,-18.97572003522438
3075,-18.97572003522438
3076,-18.97572003522438
3077,-18.97572003522438
3078,-18.97572003522438
3079,-18.97572003522438
3080,-18.97572003522438
3081,-18.97572003522438
3082,-18.97572003522438
3083,-18.97572003522438
3084,-18.97572003522438
3085,-18.97572003522438
3086,-18.97572003522438
3087,-18.97572003522438
3088,-18.97572003522438
3089,-18.97572003522438
3090,-18.97572003522438
3091,-18.97572003522438
3092,2.0852269092619986
3093,2.0852269092619986
3094,2.0852269092619986
3095,2.0852269092619986
3096,2.0852269092619986
3097,2.0852269092619986
3098,2.0852269092619986
3099,2.0852269092619986
3100,2.0852269092619986
3101,2.0852269092619986
3102,2.0852269092619986
3103,2.0852269092619986
3104,2.0852269092619986
3105,2.0852269092619986
3106,2.0852269092619986
3107,2.0852269092619986
3108,2.0852269092619986
3109,2.0852269092619986
3110,2.0852269092619986
3111,2.0852269092619986
3112,2.0852269092619986
3113,2.0852269092619986
3114,2.0852269092619986
3115,2.0852269092619986
3116,2.0852269092619986
3117,2.0852269092619986
3118,2.0852269092619986
3119,2.0852269092619986
3120,2.0852269092619986
3121,2.0852269092619986
3122,2.0852269092619986
3123,2.0852269092619986
3124,2.0852269092619986
3125,2.0852269092619986
3126,2.0852269092619986
3127,2.0852269092619986
3128,2.0852269092619986
3129,2.0852269092619986
3130,2.0852269092619986
3131,2.0852269092619986
3132,2.0852269092619986
3133,2.0852269092619986
3134,2.0852269092619986
3135,2.0852269092619986
3136,2.0852269092619986
3137,2.0852269092619986
3138,2.0852269092619986
3139,2.0852269092619986
3140,2.0852269092619986
3141,2.0852269092619986
3142,2.0852269092619986
3143,2.0852269092619986
3144,2.0852269092619986
3145,2.0852269092619986
3146,2.0852269092619986
3147,2.0852269092619986
3148,2.0852269092619986
3149,2.0852269092619986
3150,2.0852269092619986
3151,2.0852269092619986
3152,2.0852269092619986
3153,2.0852269092619986
3154,2.0852269092619986
3155,2.0852269092619986
3156,2.0852269092619986
3157,2.0852269092619986
3158,2.0852269092619986
3159,2.0852269092619986
3160,2.0852269092619986
3161,2.0852269092619986
3162,2.0852269092619986
3163,2.0852269092619986
3164,2.0852269092619986
3165,2.0852269092619986
3166,2.0852269092619986
3167,2.0852269092619986
3168,2.0852269092619986
3169,2.0852269092619986
3170,2.0852269092619986
3171,2.0852269092619986
3172,2.0852269092619986
3173,2.0852269092619986
3174,2.0852269092619986
3175,2.0852269092619986
3176,2.0852269092619986
3177,2.0852269092619986
3178,2.0852269092619986
3179,2.0852269092619986
3180,2.0852269092619986
3181,2.0852269092619986
3182,2.0852269092619986
3183,2.0852269092619986
3184,2.0852269092619986
3185,2.0852269092619986
3186,2.0852269092619986
3187,2.0852269092619986
3188,2.0852269092619986
3189,2.0852269092619986
3190,2.0852269092619986
3191,2.0852269092619986
3192,2.0852269092619986
3193,2.0852269092619986
3194,2.0852269092619986
3195,2.0852269092619986
3196,2.0852269092619986
3197,2.0852269092619986
3198,2.0852269092619986
3199,2.0852269092619986
3200,2.0852269092619986
3201,2.0852269092619986
3202,2.0852269092619986
3203,2.0852269092619986
3204,2.0852269092619986
3205,2.0852269092619986
3206,2.0852269092619986
3207,2.0852269092619986
3208,2.0852269092619986
3209,2.0852269092619986
3210,2.0852269092619986
3211,2.0852269092619986
3212,2.0852269092619986
3213,2.0852269092619986
3214,2.0852269092619986
3215,2.0852269092619986
3216,2.0852269092619986
3217,2.0852269092619986
3218,2.0852269092619986
3219,2.0852269092619986
3220,2.0852269092619986
3221,2.0852269092619986
3222,2.0852269092619986
3223,2.0852269092619986
3224,2.0852269092619986
3225,2.0852269092619986
3226,2.0852269092619986
3227,2.0852269092619986
3228,2.0852269092619986
3229,2.0852269092619986
3230,2.0852269092619986
3231,2.0852269092619986
3232,2.0852269092619986
3233,2.0852269092619986
3234,2.0852269092619986
3235,2.0852269092619986
3236,2.0852269092619986
3237,2.0852269092619986
3238,2.0852269092619986
3239,2.0852269092619986
3240,2.0852269092619986
3241,2.0852269092619986
3242,2.0852269092619986
3243,2.0852269092619986
3244,2.0852269092619986
3245,2.0852269092619986
3246,2.0852269092619986
3247,2.0852269092619986
3248,2.0852269092619986
3249,2.0852269092619986
3250,2.0852269092619986
3251,2.0852269092619986
3252,2.0852269092619986
3253,2.0852269092619986
3254,2.0852269092619986
3255,2.0852269092619986
3256,2.0852269092619986
3257,2.0852269092619986
3258,2.0852269092619986
3259,2.0852269092619986
3260,2.0852269092619986
3261,2.0852269092619986
3262,2.0852269092619986
3263,2.0852269092619986
3264,2.0852269092619986
3265,2.0852269092619986
3266,2.0852269092619986
3267,2.0852269092619986
3268,2.0852269092619986
3269,2.0852269092619986
3270,2.0852269092619986
3271,2.0852269092619986
3272,2.0852269092619986
3273,2.0852269092619986
3274,2.0852269092619986
3275,2.0852269092619986
3276,2.0852269092619986
3277,2.0852269092619986
3278,2.0852269092619986
3279,2.0852269092619986
3280,2.0852269092619986
3281,2.0852269092619986
3282,2.0852269092619986
3283,2.0852269092619986
3284,2.0852269092619986
3285,2.0852269092619986
3286,2.0852269092619986
3287,2.0852269092619986
3288,2.0852269092619986
3289,2.0852269092619986
3290,2.0852269092619986
3291,2.0852269092619986
3292,2.0852269092619986
3293,2.0852269092619986
3294,2.0852269092619986
3295,2.0852269092619986
3296,2.0852269092619986
3297,2.0852269092619986
3298,2.0852269092619986
3299,2.0852269092619986
3300,2.0852269092619986
3301,2.0852269092619986
3302,2.0852269092619986
3303,2.0852269092619986
3304,2.0852269092619986
3305,2.0852269092619986
3306,2.0852269092619986
3307,2.0852269092619986
3308,2.0852269092619986
3309,2.0852269092619986
3310,2.0852269092619986
3311,2.0852269092619986
3312,2.0852269092619986
3313,2.0852269092619986
3314,2.0852269092619986
3315,2.0852269092619986
3316,2.0852269092619986
3317,2.0852269092619986
3318,2.0852269092619986
3319,2.0852269092619986
3320,2.0852269092619986
3321,2.0852269092619986
3322,2.0852269092619986
3323,2.0852269092619986
3324,2.0852269092619986
3325,2.0852269092619986
3326,2.0852269092619986
3327,2.0852269092619986
3328,2.0852269092619986
3329,2.0852269092619986
3330,2.0852269092619986
3331,2.0852269092619986
3332,2.0852269092619986
3333,2.0852269092619986
3334,2.0852269092619986
3335,2.0852269092619986
3336,2.0852269092619986
3337,2.0852269092619986
3338,2.0852269092619986
3339,2.0852269092619986
3340,2.0852269092619986
3341,2.0852269092619986
3342,2.0852269092619986
3343,2.0852269092619986
3344,2.0852269092619986
3345,2.0852269092619986
3346,2.0852269092619986
3347,2.0852269092619986
3348,2.0852269092619986
3349,2.0852269092619986
3350,2.0852269092619986
3351,2.0852269092619986
3352,2.0852269092619986
3353,2.0852269092619986
3354,2.0852269092619986
3355,2.0852269092619986
3356,2.0852269092619986
3357,2.0852269092619986
3358,2.0852269092619986
3359,2.0852269092619986
3360,2.0852269092619986
3361,2.0852269092619986
3362,2.0852269092619986
3363,2.0852269092619986
3364,2.0852269092619986
3365,2.0852269092619986
3366,2.0852269092619986
3367,2.0852269092619986
3368,2.0852269092619986
3369,2.0852269092619986
3370,2.0852269092619986
3371,2.0852269092619986
3372,2.0852269092619986
3373,2.0852269092619986
3374,2.0852269092619986
3375,2.0852269092619986
3376,2.0852269092619986
3377,2.0852269092619986
3378,2.0852269092619986
3379,2.0852269092619986
3380,2.0852269092619986
3381,2.0852269092619986
3382,2.0852269092619986
3383,2.0852269092619986
3384,2.0852269092619986
3385,2.0852269092619986
3386,2.0852269092619986
3387,2.0852269092619986
3388,2.0852269092619986
3389,2.0852269092619986
3390,2.0852269092619986
3391,2.0852269092619986
3392,2.0852269092619986
3393,2.0852269092619986
3394,2.0852269092619986
3395,2.0852269092619986
3396,2.0852269092619986
3397,2.0852269092619986
3398,2.0852269092619986
3399,2.0852269092619986
3400,2.0852269092619986
3401,2.0852269092619986
3402,2.0852269092619986
3403,2.0852269092619986
3404,2.0852269092619986
3405,2.0852269092619986
3406,2.0852269092619986
3407,2.0852269092619986
3408,2.0852269092619986
3409,2.0852269092619986
3410,2.0852269092619986
3411,2.0852269092619986
3412,2.0852269092619986
3413,2.0852269092619986
3414,2.0852269092619986
3415,2.0852269092619986
3416,2.0852269092619986
3417,2.0852269092619986
3418,2.0852269092619986
3419,2.0852269092619986
3420,2.0852269092619986
3421,2.0852269092619986
3422,2.0852269092619986
3423,2.0852269092619986
3424,2.0852269092619986
3425,2.0852269092619986
3426,2.0852269092619986
3427,2.0852269092619986
3428,2.0852269092619986
3429,2.0852269092619986
3430,2.0852269092619986
3431,2.0852269092619986
3432,2.0852269092619986
3433,2.0852269092619986
3434,2.0852269092619986
3435,2.0852269092619986
3436,2.0852269092619986
3437,2.0852269092619986
3438,2.0852269092619986
3439,2.0852269092619986
3440,2.0852269092619986
3441,2.0852269092619986
3442,2.0852269092619986
3443,2.0852269092619986
3444,2.0852269092619986
3445,2.0852269092619986
3446,2.0852269092619986
3447,2.0852269092619986
3448,2.0852269092619986
3449,2.0852269092619986
3450,2.0852269092619986
3451,2.0852269092619986
3452,2.0852269092619986
3453,2.0852269092619986
3454,2.0852269092619986
3455,2.0852269092619986
3456,2.0852269092619986
3457,2.0852269092619986
3458,2.0852269092619986
3459,2.0852269092619986
3460,2.0852269092619986
3461,2.0852269092619986
3462,2.0852269092619986
3463,2.0852269092619986
3464,2.0852269092619986
3465,2.0852269092619986
3466,2.0852269092619986
3467,2.0852269092619986
3468,2.0852269092619986
3469,2.0852269092619986
3470,2.0852269092619986
3471,2.0852269092619986
3472,2.0852269092619986
3473,2.0852269092619986
3474,2.0852269092619986
3475,2.0852269092619986
3476,2.0852269092619986
3477,2.0852269092619986
3478,2.0852269092619986
3479,2.0852269092619986
3480,2.0852269092619986
3481,2.0852269092619986
3482,2.0852269092619986
3483,2.0852269092619986
3484,2.0852269092619986
3485,2.0852269092619986
3486,2.0852269092619986
3487,0.6096191615591315
3488,0.6096191615591315
3489,0.6096191615591315
3490,0.6096191615591315
3491,0.6096191615591315
3492,0.6096191615591315
3493,0.6096191615591315
3494,0.6096191615591315
3495,0.6096191615591315
3496,0.6096191615591315
3497,0.6096191615591315
3498,0.6096191615591315
3499,0.6096191615591315
3500,0.6096191615591315
3501,0.6096191615591315
3502,0.6096191615591315
3503,0.6096191615591315
3504,0.6096191615591315
3505,0.6096191615591315
3506,0.6096191615591315
3507,0.6096191615591315
3508,0.6096191615591315
3509,0.6096191615591315
3510,0.6096191615591315
3511,0.6096191615591315
3512,0.6096191615591315
3513,0.6096191615591315
3514,0.6096191615591315
3515,0.6096191615591315
3516,0.6096191615591315
3517,0.6096191615591315
3518,0.6096191615591315
3519,0.6096191615591315
3520,0.6096191615591315
3521,0.6096191615591315
3522,0.6096191615591315
3523,0.6096191615591315
3524,0.6096191615591315
3525,0.6096191615591315
3526,0.6096191615591315
3527,0.6096191615591315
3528,0.6096191615591315
3529,0.6096191615591315
3530,0.6096191615591315
3531,0.6096191615591315
3532,0.6096191615591315
3533,0.6096191615591315
3534,0.6096191615591315
3535,0.6096191615591315
3536,0.6096191615591315
3537,0.6096191615591315
3538,0.6096191615591315
3539,0.6096191615591315
3540,0.6096191615591315
3541,0.6096191615591315
3542,0.6096191615591315
3543,0.6096191615591315
3544,0.6096191615591315
3545,0.6096191615591315
3546,0.6096191615591315
3547,0.6096191615591315
3548,0.6096191615591315
3549,0.6096191615591315
3550,0.6096191615591315
3551,0.6096191615591315
3552,0.6096191615591315
3553,0.6096191615591315
3554,0.6096191615591315
3555,0.6096191615591315
3556,0.6096191615591315
3557,0.6096191615591315
3558,0.6096191615591315
3559,0.6096191615591315
3560,0.6096191615591315
3561,0.6096191615591315
3562,0.6096191615591315
3563,0.6096191615591315
3564,0.6096191615591315
3565,0.6096191615591315
3566,0.6096191615591315
3567,0.6096191615591315
3568,0.6096191615591315
3569,0.6096191615591315
3570,0.6096191615591315
3571,0.6096191615591315
3572,0.6096191615591315
3573,0.6096191615591315
3574,0.6096191615591315
3575,0.6096191615591315
3576,0.6096191615591315
3577,0.6096191615591315
3578,0.6096191615591315
3579,0.6096191615591315
3580,0.6096191615591315
3581,0.6096191615591315
3582,0.6096191615591315
3583,0.6096191615591315
3584,0.6096191615591315
3585,0.6096191615591315
3586,0.6096191615591315
3587,0.6096191615591315
3588,0.6096191615591315
3589,0.6096191615591315
3590,0.6096191615591315
3591,0.6096191615591315
3592,0.6096191615591315
3593,0.6096191615591315
3594,0.6096191615591315
3595,0.6096191615591315
3596,0.6096191615591315
3597,0.6096191615591315
3598,0.6096191615591315
3599,0.6096191615591315
3600,0.6096191615591315
3601,0.6096191615591315
3602,0.6096191615591315
3603,0.6096191615591315
3604,0.6096191615591315
3605,0.6096191615591315
3606,0.6096191615591315
3607,0.6096191615591315
3608,0.6096191615591315
3609,0.6096191615591315
3610,0.6096191615591315
3611,0.6096191615591315
3612,0.6096191615591315
3613,0.6096191615591315
3614,0.6096191615591315
3615,0.6096191615591315
3616,0.6096191615591315
3617,0.6096191615591315
3618,0.6096191615591315
3619,0.6096191615591315
3620,0.6096191615591315
3621,0.6096191615591315
3622,0.6096191615591315
3623,0.6096191615591315
3624,0.6096191615591315
3625,0.6096191615591315
3626,0.6096191615591315
3627,0.6096191615591315
3628,0.6096191615591315
3629,0.6096191615591315
3630,0.6096191615591315
3631,0.6096191615591315
3632,0.6096191615591315
3633,0.6096191615591315
3634,0.6096191615591315
3635,0.6096191615591315
3636,0.6096191615591315
3637,0.6096191615591315
3638,0.6096191615591315
3639,0.6096191615591315
3640,0.6096191615591315
3641,0.6096191615591315
3642,0.6096191615591315
3643,0.6096191615591315
3644,0.6096191615591315
3645,0.6096191615591315
3646,0.6096191615591315
3647,0.6096191615591315
3648,0.6096191615591315
3649,0.6096191615591315
3650,0.6096191615591315
3651,0.6096191615591315
3652,0.6096191615591315
3653,0.6096191615591315
3654,0.6096191615591315
3655,0.6096191615591315
3656,0.6096191615591315
3657,0.6096191615591315
3658,0.6096191615591315
3659,0.6096191615591315
3660,0.6096191615591315
3661,0.6096191615591315
3662,0.6096191615591315
3663,0.6096191615591315
3664,0.6096191615591315
3665,0.6096191615591315
3666,0.6096191615591315
3667,0.6096191615591315
3668,0.6096191615591315
3669,0.6096191615591315
3670,0.6096191615591315
3671,0.6096191615591315
3672,0.6096191615591315
3673,0.6096191615591315
3674,0.6096191615591315
3675,0.6096191615591315
3676,0.6096191615591315
3677,0.6096191615591315
3678,-2.6098886516107607
3679,-2.6098886516107607
3680,-2.6098886516107607
3681,-2.6098886516107607
3682,-2.6098886516107607
3683,-2.6098886516107607
3684,-2.6098886516107607
3685,-2.6098886516107607
3686,-2.6098886516107607
3687,-2.6098886516107607
3688,-2.6098886516107607
3689,-2.6098886516107607
3690,-2.6098886516107607
3691,-2.6098886516107607
3692,-2.6098886516107607
3693,-2.6098886516107607
3694,-2.6098886516107607
3695,-2.6098886516107607
3696,-2.6098886516107607
3697,-2.6098886516107607
3698,-2.6098886516107607
3699,-2.6098886516107607
3700,-2.6098886516107607
3701,-2.6098886516107607
3702,-2.6098886516107607
3703,-2.6098886516107607
3704,-2.6098886516107607
3705,-2.6098886516107607
3706,-2.6098886516107607
3707,-2.6098886516107607
3708,-2.6098886516107607
3709,-2.6098886516107607
3710,-2.6098886516107607
3711,-2.6098886516107607
3712,-2.6098886516107607
3713,-2.6098886516107607
3714,-2.6098886516107607
3715,-2.6098886516107607
3716,-2.6098886516107607
3717,-2.6098886516107607
3718,-2.6098886516107607
3719,-2.6098886516107607
3720,-2.6098886516107607
3721,-2.6098886516107607
3722,-2.6098886516107607
3723,-2.6098886516107607
3724,-2.6098886516107607
3725,-2.6098886516107607
3726,-2.6098886516107607
3727,-2.6098886516107607
3728,-2.6098886516107607
3729,-2.6098886516107607
3730,-2.6098886516107607
3731,-2.6098886516107607
3732,-2.6098886516107607
3733,-2.6098886516107607
3734,-2.6098886516107607
3735,-2.6098886516107607
3736,-2.6098886516107607
3737,-2.6098886516107607
3738,-2.6098886516107607
3739,-2.6098886516107607
3740,-2.6098886516107607
3741,-2.6098886516107607
3742,-2.6098886516107607
3743,-2.6098886516107607
3744,-2.6098886516107607
3745,-2.6098886516107607
3746,-2.6098886516107607
3747,-2.6098886516107607
3748,-2.6098886516107607
3749,-2.6098886516107607
3750,-2.6098886516107607
3751,-2.6098886516107607
3752,-2.6098886516107607
3753,-2.6098886516107607
3754,-2.6098886516107607
3755,-2.6098886516107607
3756,-2.6098886516107607
3757,-2.6098886516107607
3758,-2.6098886516107607
3759,-2.6098886516107607
3760,-2.6098886516107607
3761,-2.6098886516107607
3762,-2.6098886516107607
3763,-2.6098886516107607
3764,-2.6098886516107607
3765,-2.6098886516107607
3766,-2.6098886516107607
3767,-2.6098886516107607
3768,-2.6098886516107607
3769,-2.6098886516107607
3770,-2.6098886516107607
3771,-2.6098886516107607
3772,-2.6098886516107607
3773,-2.6098886516107607
3774,-2.6098886516107607
3775,-2.6098886516107607
3776,-2.6098886516107607
3777,-2.6098886516107607
3778,-2.6098886516107607
3779,-2.6098886516107607
3780,-2.6098886516107607
3781,-2.6098886516107607
3782,-2.6098886516107607
3783,-2.6098886516107607
3784,-2.6098886516107607
3785,-2.6098886516107607
3786,-2.6098886516107607
3787,-2.6098886516107607
3788,-2.6098886516107607
3789,-2.6098886516107607
3790,-2.6098886516107607
3791,-2.6098886516107607
3792,-2.6098886516107607
3793,-2.6098886516107607
3794,-2.6098886516107607
3795,-2.6098886516107607
3796,-2.6098886516107607
3797,-2.6098886516107607
3798,-2.6098886516107607
3799,-2.6098886516107607
3800,-2.6098886516107607
3801,-2.6098886516107607
3802,-2.6098886516107607
3803,-2.6098886516107607
3804,-2.6098886516107607
3805,-2.6098886516107607
3806,-2.6098886516107607
3807,-2.6098886516107607
3808,-44.06105174617312
3809,-44.06105174617312
3810,-44.06105174617312
3811,-44.06105174617312
3812,-44.06105174617312
3813,-44.06105174617312
3814,-44.06105174617312
3815,-44.06105174617312
3816,-44.06105174617312
3817,-44.06105174617312
3818,-44.06105174617312
3819,-44.06105174617312
3820,-44.06105174617312
3821,-44.06105174617312
3822,-44.06105174617312
3823,-44.06105174617312
3824,-44.06105174617312
3825,-44.06105174617312
3826,-44.06105174617312
3827,-44.06105174617312
3828,-44.06105174617312
3829,-44.06105174617312
3830,-44.06105174617312
3831,-44.06105174617312
3832,-44.06105174617312
3833,-44.06105174617312
3834,-44.06105174617312
3835,-44.06105174617312
3836,-44.06105174617312
3837,-44.06105174617312
3838,-44.06105174617312
3839,-44.06105174617312
3840,-44.06105174617312
3841,-44.06105174617312
3842,-44.06105174617312
3843,-44.06105174617312
3844,-44.06105174617312
3845,-44.06105174617312
3846,-44.06105174617312
3847,-44.06105174617312
3848,-44.06105174617312
3849,-44.06105174617312
3850,-44.06105174617312
3851,-44.06105174617312
3852,-44.06105174617312
3853,-44.06105174617312
3854,-44.06105174617312
3855,-44.06105174617312
3856,-44.06105174617312
3857,-44.06105174617312
3858,-44.06105174617312
3859,-44.06105174617312
3860,-44.06105174617312
3861,-44.06105174617312
3862,-44.06105174617312
3863,-44.06105174617312
3864,-44.06105174617312
3865,-44.06105174617312
3866,-44.06105174617312
3867,-44.06105174617312
3868,-44.06105174617312
3869,-44.06105174617312
3870,-44.06105174617312
3871,-44.06105174617312
3872,-44.06105174617312
3873,-44.06105174617312
3874,-44.06105174617312
3875,-44.06105174617312
3876,-44.06105174617312
3877,-44.06105174617312
3878,-44.06105174617312
3879,-44.06105174617312
3880,-44.06105174617312
3881,-44.06105174617312
3882,-44.06105174617312
3883,-44.06105174617312
3884,-44.06105174617312
3885,-44.06105174617312
3886,-44.06105174617312
3887,-44.06105174617312
3888,-44.06105174617312
3889,-44.06105174617312
3890,-44.06105174617312
3891,-44.06105174617312
3892,-44.06105174617312
3893,-44.06105174617312
3894,-44.06105174617312
3895,-29.57326658690861
3896,-29.57326658690861
3897,-29.57326658690861
3898,-29.57326658690861
3899,-29.57326658690861
3900,-29.57326658690861
3901,-29.57326658690861
3902,-29.57326658690861
3903,-29.57326658690861
3904,-29.57326658690861
3905,-29.57326658690861
3906,-29.57326658690861
3907,-29.57326658690861
3908,-29.57326658690861
3909,-29.57326658690861
3910,-29.57326658690861
3911,-29.57326658690861
3912,-29.57326658690861
3913,-29.57326658690861
3914,-29.57326658690861
3915,-29.57326658690861
3916,-29.57326658690861
3917,-29.57326658690861
3918,-29.57326658690861
3919,-29.57326658690861
3920,-29.57326658690861
3921,-29.57326658690861
3922,-29.57326658690861
3923,-29.57326658690861
3924,-29.57326658690861
3925,-29.57326658690861
3926,-29.57326658690861
3927,-29.57326658690861
3928,-29.57326658690861
3929,-29.57326658690861
3930,-29.57326658690861
3931,-29.57326658690861
3932,-29.57326658690861
3933,-29.57326658690861
3934,-29.57326658690861
3935,-29.57326658690861
3936,-29.57326658690861
3937,-29.57326658690861
3938,-29.57326658690861
3939,-29.57326658690861
3940,-29.57326658690861
3941,-29.57326658690861
3942,-29.57326658690861
3943,-29.57326658690861
3944,-29.57326658690861
3945,-29.57326658690861
3946,-29.57326658690861
3947,-29.57326658690861
3948,-29.57326658690861
3949,-29.57326658690861
3950,-29.57326658690861
3951,-29.57326658690861
3952,-29.57326658690861
3953,-29.57326658690861
3954,-29.57326658690861
3955,-29.57326658690861
3956,-29.57326658690861
3957,-29.57326658690861
3958,-29.57326658690861
3959,-29.57326658690861
3960,-29.57326658690861
3961,-29.57326658690861
3962,-29.57326658690861
3963,-29.57326658690861
3964,-29.57326658690861
3965,-29.57326658690861
3966,-29.57326658690861
3967,-29.57326658690861
3968,-29.57326658690861
3969,-29.57326658690861
3970,-29.57326658690861
3971,-29.57326658690861
3972,-29.57326658690861
3973,-29.57326658690861
3974,-29.57326658690861
3975,-29.57326658690861
3976,-29.57326658690861
3977,-29.57326658690861
3978,-29.57326658690861
3979,-29.57326658690861
3980,-29.57326658690861
3981,-29.57326658690861
3982,-29.57326658690861
3983,-29.57326658690861
3984,-29.57326658690861
3985,-29.57326658690861
3986,-29.57326658690861
3987,-29.57326658690861
3988,-29.57326658690861
3989,-29.57326658690861
3990,-29.57326658690861
3991,-29.57326658690861
3992,-29.57326658690861
3993,-29.57326658690861
3994,-29.57326658690861
3995,-29.57326658690861
3996,-29.57326658690861
3997,-29.57326658690861
3998,-29.57326658690861
3999,-29.57326658690861
4000,-29.57326658690861
4001,-29.57326658690861
4002,-29.57326658690861
4003,-29.57326658690861
4004,-29.57326658690861
4005,-29.57326658690861
4006,-29.57326658690861
4007,-29.57326658690861
4008,-29.57326658690861
4009,-29.57326658690861
4010,-29.57326658690861
4011,-29.57326658690861
4012,-29.57326658690861
4013,-29.57326658690861
4014,-29.57326658690861
4015,-29.57326658690861
4016,-29.57326658690861
4017,-29.57326658690861
4018,-29.57326658690861
4019,-29.57326658690861
4020,-29.57326658690861
4021,-29.57326658690861
4022,-29.57326658690861
4023,-29.57326658690861
4024,-29.57326658690861
4025,-29.57326658690861
4026,-29.57326658690861
4027,-29.57326658690861
4028,-29.57326658690861
4029,-29.57326658690861
4030,-29.57326658690861
4031,-29.57326658690861
4032,-29.57326658690861
4033,-29.57326658690861
4034,-29.57326658690861
4035,-29.57326658690861
4036,-29.57326658690861
4037,-29.57326658690861
4038,-29.57326658690861
4039,-29.57326658690861
4040,-29.57326658690861
4041,-29.57326658690861
4042,-29.57326658690861
4043,-29.57326658690861
4044,-29.57326658690861
4045,-29.57326658690861
4046,-29.57326658690861
4047,-29.57326658690861
4048,-29.57326658690861
4049,-29.57326658690861
4050,-29.57326658690861
4051,-29.57326658690861
4052,-29.57326658690861
4053,-29.57326658690861
4054,-29.57326658690861
4055,-29.57326658690861
4056,-29.57326658690861
4057,-29.57326658690861
4058,-29.57326658690861
4059,-29.57326658690861
4060,-29.57326658690861
4061,-29.57326658690861
4062,-29.57326658690861
4063,-29.57326658690861
4064,-29.57326658690861
4065,-29.57326658690861
4066,-29.57326658690861
4067,-29.57326658690861
4068,-29.57326658690861
4069,-29.57326658690861
4070,-29.57326658690861
4071,-29.57326658690861
4072,-29.57326658690861
4073,-29.57326658690861
4074,-29.57326658690861
4075,-29.57326658690861
4076,-29.57326658690861
4077,-29.57326658690861
4078,-29.57326658690861
4079,-29.57326658690861
4080,-29.57326658690861
4081,-29.57326658690861
4082,-29.57326658690861
4083,-29.57326658690861
4084,-29.57326658690861
4085,-29.57326658690861
4086,-29.57326658690861
4087,-29.57326658690861
4088,-29.57326658690861
4089,-29.57326658690861
4090,-29.57326658690861
4091,-29.57326658690861
4092,-29.57326658690861
4093,-29.57326658690861
4094,-29.57326658690861
4095,-29.57326658690861
4096,-29.57326658690861
4097,-29.57326658690861
4098,-29.57326658690861
4099,-29.57326658690861
4100,-29.57326658690861
4101,-29.57326658690861
4102,-29.57326658690861
4103,-29.57326658690861
4104,-29.57326658690861
4105,-29.57326658690861
4106,-29.57326658690861
4107,-29.57326658690861
4108,-29.57326658690861
4109,-29.57326658690861
4110,-29.57326658690861
4111,-29.57326658690861
4112,-29.57326658690861
4113,-29.57326658690861
4114,-29.57326658690861
4115,-29.57326658690861
4116,-29.57326658690861
4117,-29.57326658690861
4118,-29.57326658690861
4119,-29.57326658690861
4120,-29.57326658690861
4121,-29.57326658690861
4122,-29.57326658690861
4123,-29.57326658690861
4124,-29.57326658690861
4125,-29.57326658690861
4126,-29.57326658690861
4127,-29.57326658690861
4128,-29.57326658690861
4129,-29.57326658690861
4130,-29.57326658690861
4131,-29.57326658690861
4132,-29.57326658690861
4133,-29.57326658690861
4134,-29.57326658690861
4135,-29.57326658690861
4136,-29.57326658690861
4137,-29.57326658690861
4138,-29.57326658690861
4139,-29.57326658690861
4140,-29.57326658690861
4141,-29.57326658690861
4142,-29.57326658690861
4143,-29.57326658690861
4144,-29.57326658690861
4145,-29.57326658690861
4146,-29.57326658690861
4147,-29.57326658690861
4148,-29.57326658690861
4149,-29.57326658690861
4150,-29.57326658690861
4151,-29.57326658690861
4152,-29.57326658690861
4153,-29.57326658690861
4154,-29.57326658690861
4155,-29.57326658690861
4156,-29.57326658690861
4157,-29.57326658690861
4158,-29.57326658690861
4159,-29.57326658690861
4160,-29.57326658690861
4161,-29.57326658690861
4162,-29.57326658690861
4163,-29.57326658690861
4164,-29.57326658690861
4165,-29.57326658690861
4166,-29.57326658690861
4167,-29.57326658690861
4168,-29.57326658690861
4169,-29.57326658690861
4170,-29.57326658690861
4171,-29.57326658690861
4172,-29.57326658690861
4173,-29.57326658690861
4174,-29.57326658690861
4175,-29.57326658690861
4176,-29.57326658690861
4177,-29.57326658690861
4178,-29.57326658690861
4179,-29.57326658690861
4180,-29.57326658690861
4181,-29.57326658690861
4182,-29.57326658690861
4183,-29.57326658690861
4184,-29.57326658690861
4185,-29.57326658690861
4186,-29.57326658690861
4187,-29.57326658690861
4188,-29.57326658690861
4189,-29.57326658690861
4190,-29.57326658690861
4191,-29.57326658690861
4192,-29.57326658690861
4193,-29.57326658690861
4194,-29.57326658690861
4195,-29.57326658690861
4196,-29.57326658690861
4197,-29.57326658690861
4198,-29.57326658690861
4199,-29.57326658690861
4200,-29.57326658690861
4201,-29.57326658690861
4202,-29.57326658690861
4203,-29.57326658690861
4204,-29.57326658690861
4205,-29.57326658690861
4206,-29.57326658690861
4207,-29.57326658690861
4208,-29.57326658690861
4209,-29.57326658690861
4210,-29.57326658690861
4211,-29.57326658690861
4212,-29.57326658690861
4213,-29.57326658690861
4214,-29.57326658690861
4215,-29.57326658690861
4216,-29.57326658690861
4217,-29.57326658690861
4218,-29.57326658690861
4219,-29.57326658690861
4220,-29.57326658690861
4221,-29.57326658690861
4222,-29.57326658690861
4223,-29.57326658690861
4224,-29.57326658690861
4225,-29.57326658690861
4226,-29.57326658690861
4227,-29.57326658690861
4228,-29.57326658690861
4229,-29.57326658690861
4230,-29.57326658690861
4231,-29.57326658690861
4232,-29.57326658690861
4233,-29.57326658690861
4234,-29.57326658690861
4235,-29.57326658690861
4236,-29.57326658690861
4237,-29.57326658690861
4238,-29.57326658690861
4239,-29.57326658690861
4240,-29.57326658690861
4241,-29.57326658690861
4242,-29.57326658690861
4243,-29.57326658690861
4244,-29.57326658690861
4245,-29.57326658690861
4246,-29.57326658690861
4247,-29.57326658690861
4248,-18.304989240813985
4249,-18.304989240813985
4250,-18.304989240813985
4251,-18.304989240813985
4252,-18.304989240813985
4253,-18.304989240813985
4254,-18.304989240813985
4255,-18.304989240813985
4256,-18.304989240813985
4257,-18.304989240813985
4258,-18.304989240813985
4259,-18.304989240813985
4260,-18.304989240813985
4261,-18.304989240813985
4262,-18.304989240813985
4263,-18.304989240813985
4264,-18.304989240813985
4265,-18.304989240813985
4266,-18.304989240813985
4267,-18.304989240813985
4268,-18.304989240813985
4269,-18.304989240813985
4270,-18.304989240813985
4271,-18.304989240813985
4272,-18.304989240813985
4273,-18.304989240813985
4274,-18.304989240813985
4275,-18.304989240813985
4276,-18.304989240813985
4277,-18.304989240813985
4278,-18.304989240813985
4279,-18.304989240813985
4280,-18.304989240813985
4281,-18.304989240813985
4282,-18.304989240813985
4283,-18.304989240813985
4284,-18.304989240813985
4285,-18.304989240813985
4286,-18.304989240813985
4287,-18.304989240813985
4288,-18.304989240813985
4289,-18.304989240813985
4290,-18.304989240813985
4291,-18.304989240813985
4292,-18.304989240813985
4293,-18.304989240813985
4294,-18.304989240813985
4295,-18.304989240813985
4296,-18.304989240813985
4297,-18.304989240813985
4298,-18.304989240813985
4299,-18.304989240813985
4300,-18.304989240813985
4301,-18.304989240813985
4302,-18.304989240813985
4303,-18.304989240813985
4304,-18.304989240813985
4305,-18.304989240813985
4306,-18.304989240813985
4307,-18.304989240813985
4308,-18.304989240813985
4309,-18.304989240813985
4310,-18.304989240813985
4311,-18.304989240813985
4312,-18.304989240813985
4313,-18.304989240813985
4314,-18.304989240813985
4315,-18.304989240813985
4316,-18.304989240813985
4317,-18.304989240813985
4318,-18.304989240813985
4319,-18.304989240813985
4320,-18.304989240813985
4321,-18.304989240813985
4322,-18.304989240813985
4323,-18.304989240813985
4324,-18.304989240813985
4325,-18.304989240813985
4326,-18.304989240813985
4327,-18.304989240813985
4328,-18.304989240813985
4329,-18.304989240813985
4330,-18.304989240813985
4331,-18.304989240813985
4332,-18.304989240813985
4333,-18.304989240813985
4334,-18.304989240813985
4335,-18.304989240813985
4336,-18.304989240813985
4337,-18.304989240813985
4338,-18.304989240813985
4339,-18.304989240813985
4340,-18.304989240813985
4341,-18.304989240813985
4342,-18.304989240813985
4343,-18.304989240813985
4344,-18.304989240813985
4345,-18.304989240813985
4346,-18.304989240813985
4347,-18.304989240813985
4348,-18.304989240813985
4349,-18.304989240813985
4350,-18.304989240813985
4351,-18.304989240813985
4352,-18.304989240813985
4353,-18.304989240813985
4354,-18.304989240813985
4355,-18.304989240813985
4356,-18.304989240813985
4357,-18.304989240813985
4358,-18.304989240813985
4359,-18.304989240813985
4360,-18.304989240813985
4361,-18.304989240813985
4362,-18.304989240813985
4363,-18.304989240813985
4364,-18.304989240813985
4365,-18.304989240813985
4366,-18.304989240813985
4367,-18.304989240813985
4368,-18.304989240813985
4369,-18.304989240813985
4370,-18.304989240813985
4371,-18.304989240813985
4372,-18.304989240813985
4373,-18.304989240813985
4374,-18.304989240813985
4375,-18.304989240813985
4376,-18.304989240813985
4377,-18.304989240813985
4378,-18.304989240813985
4379,-18.304989240813985
4380,-18.304989240813985
4381,-18.304989240813985
4382,-18.304989240813985
4383,-18.304989240813985
4384,-18.304989240813985
4385,-18.304989240813985
4386,-18.304989240813985
4387,-18.304989240813985
4388,-18.304989240813985
4389,-18.304989240813985
4390,-18.304989240813985
4391,-18.304989240813985
4392,-18.304989240813985
4393,-18.304989240813985
4394,-18.304989240813985
4395,-18.304989240813985
4396,-18.304989240813985
4397,-18.304989240813985
4398,-18.304989240813985
4399,-18.304989240813985
4400,-18.304989240813985
4401,-18.304989240813985
4402,-18.304989240813985
4403,-18.304989240813985
4404,-18.304989240813985
4405,-18.304989240813985
4406,-18.304989240813985
4407,-18.304989240813985
4408,-18.304989240813985
4409,-18.304989240813985
4410,-18.304989240813985
4411,-18.304989240813985
4412,-18.304989240813985
4413,-18.304989240813985
4414,-18.304989240813985
4415,-18.304989240813985
4416,-18.304989240813985
4417,-18.304989240813985
4418,-18.304989240813985
4419,-18.304989240813985
4420,-18.304989240813985
4421,-18.304989240813985
4422,-18.304989240813985
4423,-18.304989240813985
4424,-18.304989240813985
4425,-18.304989240813985
4426,-18.304989240813985
4427,-18.304989240813985
4428,-18.304989240813985
4429,-18.304989240813985
4430,-18.304989240813985
4431,-18.304989240813985
4432,-18.304989240813985
4433,-18.304989240813985
4434,-18.304989240813985
4435,-18.304989240813985
4436,-18.304989240813985
4437,-18.304989240813985
4438,-18.304989240813985
4439,-18.304989240813985
4440,-18.304989240813985
4441,-18.304989240813985
4442,-18.304989240813985
4443,-18.304989240813985
4444,-18.304989240813985
4445,-18.304989240813985
4446,-18.304989240813985
4447,-18.304989240813985
4448,-18.304989240813985
4449,-18.304989240813985
4450,-18.304989240813985
4451,-18.304989240813985
4452,-18.304989240813985
4453,-18.304989240813985
4454,-18.304989240813985
4455,-18.304989240813985
4456,-18.304989240813985
4457,-18.304989240813985
4458,-18.304989240813985
4459,-18.304989240813985
4460,-18.304989240813985
4461,-18.304989240813985
4462,-18.304989240813985
4463,-18.304989240813985
4464,-18.304989240813985
4465,-18.304989240813985
4466,-18.304989240813985
4467,-18.304989240813985
4468,-18.304989240813985
4469,-18.304989240813985
4470,-18.304989240813985
4471,-18.304989240813985
4472,-18.304989240813985
4473,-18.304989240813985
4474,-18.304989240813985
4475,-18.304989240813985
4476,-18.304989240813985
4477,-18.304989240813985
4478,-18.304989240813985
4479,-18.304989240813985
4480,-18.304989240813985
4481,-18.304989240813985
4482,-18.304989240813985
4483,-18.304989240813985
4484,-18.304989240813985
4485,-18.304989240813985
4486,-18.304989240813985
4487,-18.304989240813985
4488,-18.304989240813985
4489,-18.304989240813985
4490,-18.304989240813985
4491,-18.304989240813985
4492,-18.304989240813985
4493,-18.304989240813985
4494,-18.304989240813985
4495,-18.304989240813985
4496,-18.304989240813985
4497,-18.304989240813985
4498,-18.304989240813985
4499,-18.304989240813985
4500,-18.304989240813985
4501,-18.304989240813985
4502,-18.304989240813985
4503,-18.304989240813985
4504,-18.304989240813985
4505,-18.304989240813985
4506,-18.304989240813985
4507,-18.304989240813985
4508,-18.304989240813985
4509,-18.304989240813985
4510,-18.304989240813985
4511,-18.304989240813985
4512,-18.304989240813985
4513,-18.304989240813985
4514,-18.304989240813985
4515,-18.304989240813985
4516,-18.304989240813985
4517,-18.304989240813985
4518,-18.304989240813985
4519,-18.304989240813985
4520,-18.304989240813985
4521,-18.304989240813985
4522,-18.304989240813985
4523,-18.304989240813985
4524,-18.304989240813985
4525,-18.304989240813985
4526,-18.304989240813985
4527,-18.304989240813985
4528,-18.304989240813985
4529,-18.304989240813985
4530,-18.304989240813985
4531,-18.304989240813985
4532,-18.304989240813985
4533,-18.304989240813985
4534,-18.304989240813985
4535,-18.304989240813985
4536,-18.304989240813985
4537,-18.304989240813985
4538,-18.304989240813985
4539,-18.304989240813985
4540,-18.304989240813985
4541,-18.304989240813985
4542,-18.304989240813985
4543,-18.304989240813985
4544,-18.304989240813985
4545,-18.304989240813985
4546,-18.304989240813985
4547,-18.304989240813985
4548,-18.304989240813985
4549,-18.304989240813985
4550,-18.304989240813985
4551,-18.304989240813985
4552,-18.304989240813985
4553,-18.304989240813985
4554,-18.304989240813985
4555,-18.304989240813985
4556,-18.304989240813985
4557,-18.304989240813985
4558,-18.304989240813985
4559,-18.304989240813985
4560,-18.304989240813985
4561,-18.304989240813985
4562,-18.304989240813985
4563,-18.304989240813985
4564,-18.304989240813985
4565,-18.304989240813985
4566,-18.304989240813985
4567,-18.304989240813985
4568,-18.304989240813985
4569,-18.304989240813985
4570,-18.304989240813985
4571,-18.304989240813985
4572,-18.304989240813985
4573,-18.304989240813985
4574,-18.304989240813985
4575,-18.304989240813985
4576,-18.304989240813985
4577,-18.304989240813985
4578,-18.304989240813985
4579,-18.304989240813985
4580,-18.304989240813985
4581,-18.304989240813985
4582,-18.304989240813985
4583,-18.304989240813985
4584,-18.304989240813985
4585,-18.304989240813985
4586,-18.304989240813985
4587,-18.304989240813985
4588,-18.304989240813985
4589,-18.304989240813985
4590,-18.304989240813985
4591,-18.304989240813985
4592,-18.304989240813985
4593,-18.304989240813985
4594,-18.304989240813985
4595,-18.304989240813985
4596,-18.304989240813985
4597,-18.304989240813985
4598,-18.304989240813985
4599,-18.304989240813985
4600,-18.304989240813985
4601,-18.304989240813985
4602,-18.304989240813985
4603,-18.304989240813985
4604,-18.304989240813985
4605,-18.304989240813985
4606,-18.304989240813985
4607,-18.304989240813985
4608,-18.304989240813985
4609,-18.304989240813985
4610,-18.304989240813985
4611,-18.304989240813985
4612,-18.304989240813985
4613,-18.304989240813985
4614,-18.304989240813985
4615,-18.304989240813985
4616,-18.304989240813985
4617,-18.304989240813985
4618,-18.304989240813985
4619,-18.304989240813985
4620,-18.304989240813985
4621,-18.304989240813985
4622,-18.304989240813985
4623,-18.304989240813985
4624,-18.304989240813985
4625,-18.304989240813985
4626,-18.304989240813985
4627,-18.304989240813985
4628,-18.304989240813985
4629,-18.304989240813985
4630,-18.304989240813985
4631,-18.304989240813985
4632,-18.304989240813985
4633,-18.304989240813985
4634,-18.304989240813985
4635,-18.304989240813985
4636,-18.304989240813985
4637,-18.304989240813985
4638,-18.304989240813985
4639,-18.304989240813985
4640,-18.304989240813985
4641,-18.304989240813985
4642,-18.304989240813985
4643,-18.304989240813985
4644,-18.304989240813985
4645,-18.304989240813985
4646,-18.304989240813985
4647,-18.304989240813985
4648,-18.304989240813985
4649,-18.304989240813985
4650,-18.304989240813985
4651,-18.304989240813985
4652,-18.304989240813985
4653,-18.304989240813985
4654,-18.304989240813985
4655,-18.304989240813985
4656,-18.304989240813985
4657,-18.304989240813985
4658,-18.304989240813985
4659,-18.304989240813985
4660,-18.304989240813985
4661,-18.304989240813985
4662,-18.304989240813985
4663,-18.304989240813985
4664,-18.304989240813985
4665,-18.304989240813985
4666,-18.304989240813985
4667,-18.304989240813985
4668,-18.304989240813985
4669,-18.304989240813985
4670,-18.304989240813985
4671,-18.304989240813985
4672,-18.304989240813985
4673,-18.304989240813985
4674,-18.304989240813985
4675,-18.304989240813985
4676,-18.304989240813985
4677,-18.304989240813985
4678,-18.304989240813985
4679,-18.304989240813985
