frame,pupil_norm
1,-4.6886376589578855
2,-4.6886376589578855
3,-4.6886376589578855
4,-4.6886376589578855
5,-4.6886376589578855
6,-4.6886376589578855
7,-4.6886376589578855
8,-4.6886376589578855
9,-4.6886376589578855
10,-4.6886376589578855
11,-4.6886376589578855
12,-4.6886376589578855
13,-4.6886376589578855
14,-4.6886376589578855
15,-4.6886376589578855
16,-4.6886376589578855
17,-4.6886376589578855
18,-4.6886376589578855
19,-4.6886376589578855
20,-4.6886376589578855
21,-4.6886376589578855
22,-4.6886376589578855
23,-4.6886376589578855
24,-4.6886376589578855
25,-4.6886376589578855
26,-4.6886376589578855
27,-4.6886376589578855
28,-4.6886376589578855
29,-4.6886376589578855
30,-4.6886376589578855
31,-4.6886376589578855
32,-4.6886376589578855
33,-4.6886376589578855
34,-4.6886376589578855
35,-4.6886376589578855
36,-4.6886376589578855
37,-4.6886376589578855
38,-4.6886376589578855
39,-4.6886376589578855
40,-4.6886376589578855
41,-4.6886376589578855
42,-4.6886376589578855
43,-4.6886376589578855
44,-4.6886376589578855
45,-4.6886376589578855
46,-4.6886376589578855
47,-4.6886376589578855
48,-4.6886376589578855
49,-4.6886376589578855
50,-4.6886376589578855
51,-4.6886376589578855
52,-4.6886376589578855
53,-4.6886376589578855
54,-4.6886376589578855
55,-4.6886376589578855
56,-4.6886376589578855
57,-4.6886376589578855
58,-4.6886376589578855
59,-4.6886376589578855
60,-4.6886376589578855
61,-4.6886376589578855
62,-4.6886376589578855
63,-4.6886376589578855
64,-4.6886376589578855
65,-4.6886376589578855
66,-4.6886376589578855
67,-4.6886376589578855
68,-4.6886376589578855
69,-4.6886376589578855
70,-4.6886376589578855
71,-4.6886376589578855
72,-4.6886376589578855
73,-4.6886376589578855
74,-4.6886376589578855
75,-4.6886376589578855
76,-4.6886376589578855
77,-4.6886376589578855
78,-4.6886376589578855
79,-4.6886376589578855
80,-4.6886376589578855
81,-4.6886376589578855
82,-4.6886376589578855
83,-4.6886376589578855
84,-4.6886376589578855
85,-4.6886376589578855
86,-4.6886376589578855
87,-4.6886376589578855
88,-4.6886376589578855
89,-4.6886376589578855
90,-4.6886376589578855
91,-4.6886376589578855
92,-4.6886376589578855
93,-4.6886376589578855
94,-4.6886376589578855
95,-4.6886376589578855
96,-4.6886376589578855
97,-4.6886376589578855
98,-4.6886376589578855
99,-4.6886376589578855
100,-4.6886376589578855
101,-4.6886376589578855
102,-4.6886376589578855
103,-4.6886376589578855
104,-4.6886376589578855
105,-4.6886376589578855
106,-4.6886376589578855
107,-4.6886376589578855
108,-4.6886376589578855
109,-4.6886376589578855
110,-4.6886376589578855
111,-4.6886376589578855
112,-4.6886376589578855
113,-4.6886376589578855
114,-4.6886376589578855
115,-4.6886376589578855
116,-4.6886376589578855
117,-4.6886376589578855
118,-4.6886376589578855
119,-4.6886376589578855
120,-4.6886376589578855
121,-4.6886376589578855
122,-4.6886376589578855
123,-4.6886376589578855
124,-4.6886376589578855
125,-4.6886376589578855
126,-4.6886376589578855
127,-4.6886376589578855
128,-4.6886376589578855
129,-4.6886376589578855
130,-4.6886376589578855
131,-4.6886376589578855
132,-4.6886376589578855
133,-4.6886376589578855
134,-4.6886376589578855
135,-4.6886376589578855
136,-4.6886376589578855
137,-4.6886376589578855
138,-4.6886376589578855
139,-4.6886376589578855
140,-4.6886376589578855
141,-4.6886376589578855
142,-4.6886376589578855
143,-4.6886376589578855
144,-4.6886376589578855
145,-4.6886376589578855
146,-4.6886376589578855
147,-4.6886376589578855
148,-4.6886376589578855
149,-4.6886376589578855
150,-4.6886376589578855
151,-4.6886376589578855
152,-4.6886376589578855
153,-4.6886376589578855
154,-4.6886376589578855
155,-4.6886376589578855
156,-4.6886376589578855
157,-4.6886376589578855
158,-4.6886376589578855
159,-4.6886376589578855
160,-4.6886376589578855
161,-4.6886376589578855
162,-4.6886376589578855
163,-4.6886376589578855
164,-4.6886376589578855
165,-4.6886376589578855
166,-4.6886376589578855
167,-4.6886376589578855
168,-4.6886376589578855
169,-4.6886376589578855
170,-4.6886376589578855
171,-4.6886376589578855
172,-4.6886376589578855
173,-4.6886376589578855
174,-4.6886376589578855
175,-4.6886376589578855
176,-4.6886376589578855
177,-4.6886376589578855
178,-4.6886376589578855
179,-4.6886376589578855
180,-4.6886376589578855
181,-4.6886376589578855
182,-4.6886376589578855
183,-4.6886376589578855
184,-4.6886376589578855
185,-4.6886376589578855
186,-4.6886376589578855
187,-4.6886376589578855
188,-4.6886376589578855
189,-4.6886376589578855
190,-4.6886376589578855
191,-4.6886376589578855
192,-4.6886376589578855
193,-4.6886376589578855
194,-4.6886376589578855
195,-4.6886376589578855
196,-4.6886376589578855
197,-4.6886376589578855
198,-4.6886376589578855
199,-4.6886376589578855
200,-4.6886376589578855
201,-4.6886376589578855
202,-4.6886376589578855
203,-4.6886376589578855
204,-4.6886376589578855
205,-4.6886376589578855
206,-4.6886376589578855
207,-4.6886376589578855
208,-4.6886376589578855
209,-4.6886376589578855
210,-4.6886376589578855
211,-4.6886376589578855
212,-4.6886376589578855
213,-4.6886376589578855
214,-4.6886376589578855
215,-4.6886376589578855
216,-4.6886376589578855
217,-4.6886376589578855
218,-4.6886376589578855
219,-4.6886376589578855
220,-4.6886376589578855
221,-4.6886376589578855
222,-4.6886376589578855
223,-4.6886376589578855
224,-4.6886376589578855
225,-4.6886376589578855
226,-4.6886376589578855
227,-4.6886376589578855
228,-4.6886376589578855
229,-4.6886376589578855
230,-4.6886376589578855
231,-4.6886376589578855
232,-4.6886376589578855
233,-4.6886376589578855
234,-4.6886376589578855
235,-4.6886376589578855
236,-4.6886376589578855
237,-4.6886376589578855
238,-4.6886376589578855
239,-4.6886376589578855
240,-4.6886376589578855
241,-4.6886376589578855
242,-4.6886376589578855
243,-4.6886376589578855
244,-4.6886376589578855
245,-4.6886376589578855
246,-4.6886376589578855
247,-4.6886376589578855
248,-4.6886376589578855
249,-4.6886376589578855
250,-4.6886376589578855
251,-4.6886376589578855
252,-4.6886376589578855
253,-4.6886376589578855
254,-4.6886376589578855
255,-4.6886376589578855
256,-4.6886376589578855
257,-4.6886376589578855
258,-4.6886376589578855
259,-4.6886376589578855
260,-4.6886376589578855
261,-4.6886376589578855
262,-4.6886376589578855
263,-4.6886376589578855
264,-4.6886376589578855
265,-4.6886376589578855
266,-4.6886376589578855
267,-4.6886376589578855
268,-4.6886376589578855
269,-4.6886376589578855
270,-4.6886376589578855
271,-4.6886376589578855
272,-4.6886376589578855
273,-4.6886376589578855
274,-4.6886376589578855
275,-4.6886376589578855
276,-4.6886376589578855
277,-4.6886376589578855
278,-4.6886376589578855
279,-4.6886376589578855
280,-4.6886376589578855
281,-4.6886376589578855
282,-4.6886376589578855
283,-4.6886376589578855
284,-4.6886376589578855
285,-4.6886376589578855
286,-4.6886376589578855
287,-4.6886376589578855
288,-4.6886376589578855
289,-4.6886376589578855
290,-4.6886376589578855
291,-4.6886376589578855
292,-4.6886376589578855
293,-4.6886376589578855
294,-4.6886376589578855
295,-4.6886376589578855
296,-4.6886376589578855
297,-4.6886376589578855
298,-4.6886376589578855
299,-4.6886376589578855
300,-4.6886376589578855
301,-4.6886376589578855
302,-4.6886376589578855
303,-4.6886376589578855
304,-4.6886376589578855
305,-4.6886376589578855
306,-4.6886376589578855
307,-4.6886376589578855
308,-4.6886376589578855
309,-4.6886376589578855
310,-4.6886376589578855
311,-4.6886376589578855
312,-4.6886376589578855
313,-4.6886376589578855
314,-4.6886376589578855
315,-4.6886376589578855
316,-4.6886376589578855
317,-4.6886376589578855
318,-4.6886376589578855
319,-4.6886376589578855
320,-4.6886376589578855
321,-4.6886376589578855
322,-4.6886376589578855
323,-4.6886376589578855
324,-4.6886376589578855
325,-4.6886376589578855
326,-4.6886376589578855
327,-4.6886376589578855
328,-4.6886376589578855
329,-4.6886376589578855
330,-4.6886376589578855
331,-4.6886376589578855
332,-4.6886376589578855
333,-4.6886376589578855
334,-4.6886376589578855
335,-4.6886376589578855
336,-4.6886376589578855
337,-4.6886376589578855
338,-4.6886376589578855
339,-4.6886376589578855
340,-4.6886376589578855
341,-4.6886376589578855
342,-4.6886376589578855
343,-4.6886376589578855
344,-4.6886376589578855
345,-4.6886376589578855
346,-4.6886376589578855
347,-4.6886376589578855
348,-4.6886376589578855
349,-4.6886376589578855
350,-4.6886376589578855
351,-4.6886376589578855
352,-4.6886376589578855
353,-4.6886376589578855
354,-4.6886376589578855
355,-4.6886376589578855
356,-4.6886376589578855
357,-4.6886376589578855
358,-4.6886376589578855
359,-4.6886376589578855
360,-4.6886376589578855
361,-4.6886376589578855
362,-4.6886376589578855
363,-4.6886376589578855
364,-4.6886376589578855
365,-4.6886376589578855
366,-4.6886376589578855
367,-4.6886376589578855
368,-4.6886376589578855
369,-4.6886376589578855
370,-4.6886376589578855
371,-4.6886376589578855
372,-4.6886376589578855
373,-4.6886376589578855
374,-4.6886376589578855
375,-4.6886376589578855
376,-4.6886376589578855
377,-4.6886376589578855
378,-4.6886376589578855
379,-4.6886376589578855
380,-4.6886376589578855
381,-4.6886376589578855
382,-4.6886376589578855
383,-4.6886376589578855
384,-4.6886376589578855
385,-4.6886376589578855
386,-4.6886376589578855
387,-4.6886376589578855
388,-4.6886376589578855
389,-4.6886376589578855
390,-4.6886376589578855
391,-4.6886376589578855
392,-4.6886376589578855
393,-4.6886376589578855
394,-4.6886376589578855
395,-4.6886376589578855
396,-4.6886376589578855
397,-4.6886376589578855
398,-4.6886376589578855
399,-4.6886376589578855
400,-4.6886376589578855
401,-4.6886376589578855
402,-4.6886376589578855
403,-4.6886376589578855
404,-4.6886376589578855
405,-4.6886376589578855
406,-4.6886376589578855
407,-4.6886376589578855
408,-4.6886376589578855
409,-4.6886376589578855
410,-4.6886376589578855
411,-4.6886376589578855
412,-4.6886376589578855
413,-4.6886376589578855
414,-4.6886376589578855
415,-4.6886376589578855
416,-4.6886376589578855
417,-4.6886376589578855
418,-4.6886376589578855
419,-4.6886376589578855
420,-4.6886376589578855
421,-4.6886376589578855
422,-4.6886376589578855
423,-4.6886376589578855
424,-4.6886376589578855
425,-4.6886376589578855
426,-4.6886376589578855
427,-4.6886376589578855
428,-4.6886376589578855
429,-4.6886376589578855
430,-4.6886376589578855
431,-4.6886376589578855
432,-4.6886376589578855
433,-4.6886376589578855
434,-4.6886376589578855
435,-4.6886376589578855
436,-4.6886376589578855
437,-4.6886376589578855
438,-4.6886376589578855
439,-4.6886376589578855
440,-4.6886376589578855
441,-4.6886376589578855
442,-4.6886376589578855
443,-4.6886376589578855
444,-4.6886376589578855
445,-4.6886376589578855
446,-4.6886376589578855
447,-4.6886376589578855
448,-4.6886376589578855
449,-4.6886376589578855
450,-4.6886376589578855
451,-4.6886376589578855
452,-4.6886376589578855
453,-4.6886376589578855
454,-4.6886376589578855
455,-4.6886376589578855
456,-4.6886376589578855
457,-4.6886376589578855
458,-4.6886376589578855
459,-4.6886376589578855
460,-4.6886376589578855
461,-4.6886376589578855
462,-4.6886376589578855
463,-4.6886376589578855
464,-4.6886376589578855
465,-4.6886376589578855
466,-4.6886376589578855
467,-4.6886376589578855
468,-4.6886376589578855
469,-4.6886376589578855
470,-4.6886376589578855
471,-4.6886376589578855
472,-4.6886376589578855
473,-4.6886376589578855
474,-4.6886376589578855
475,-4.6886376589578855
476,-4.6886376589578855
477,-4.6886376589578855
478,-4.6886376589578855
479,-4.6886376589578855
480,-4.6886376589578855
481,-4.6886376589578855
482,-4.6886376589578855
483,-4.6886376589578855
484,-4.6886376589578855
485,-4.6886376589578855
486,-4.6886376589578855
487,-4.6886376589578855
488,-4.6886376589578855
489,-4.6886376589578855
490,-4.6886376589578855
491,-4.6886376589578855
492,-4.6886376589578855
493,-4.6886376589578855
494,-4.6886376589578855
495,-4.6886376589578855
496,-4.6886376589578855
497,-4.6886376589578855
498,-4.6886376589578855
499,-4.6886376589578855
500,-4.6886376589578855
501,-4.6886376589578855
502,-4.6886376589578855
503,-4.6886376589578855
504,-4.6886376589578855
505,-4.6886376589578855
506,-4.6886376589578855
507,-4.6886376589578855
508,-4.6886376589578855
509,-4.6886376589578855
510,-4.6886376589578855
511,-4.6886376589578855
512,-4.6886376589578855
513,-4.6886376589578855
514,-4.6886376589578855
515,-4.6886376589578855
516,-4.6886376589578855
517,-4.6886376589578855
518,-4.6886376589578855
519,-4.6886376589578855
520,-4.6886376589578855
521,-4.6886376589578855
522,-4.6886376589578855
523,-4.6886376589578855
524,-4.6886376589578855
525,-4.6886376589578855
526,-4.6886376589578855
527,-4.6886376589578855
528,-4.6886376589578855
529,-4.6886376589578855
530,-4.6886376589578855
531,-4.6886376589578855
532,-4.6886376589578855
533,-4.6886376589578855
534,-4.6886376589578855
535,-4.6886376589578855
536,-4.6886376589578855
537,-4.6886376589578855
538,-4.6886376589578855
539,-4.6886376589578855
540,-4.6886376589578855
541,-4.6886376589578855
542,-4.6886376589578855
543,-4.6886376589578855
544,-4.6886376589578855
545,-4.6886376589578855
546,-4.6886376589578855
547,-4.6886376589578855
548,-4.6886376589578855
549,-4.6886376589578855
550,-4.6886376589578855
551,-4.6886376589578855
552,-4.6886376589578855
553,-4.6886376589578855
554,-4.6886376589578855
555,-4.6886376589578855
556,-4.6886376589578855
557,-4.6886376589578855
558,-4.6886376589578855
559,-4.6886376589578855
560,-4.6886376589578855
561,-4.6886376589578855
562,-4.6886376589578855
563,-4.6886376589578855
564,-4.6886376589578855
565,-4.6886376589578855
566,-4.6886376589578855
567,-4.6886376589578855
568,-4.6886376589578855
569,-4.6886376589578855
570,-4.6886376589578855
571,-4.6886376589578855
572,-4.6886376589578855
573,-4.6886376589578855
574,-4.6886376589578855
575,-4.6886376589578855
576,-4.6886376589578855
577,-4.6886376589578855
578,-4.6886376589578855
579,-4.6886376589578855
580,-4.6886376589578855
581,-4.6886376589578855
582,-4.6886376589578855
583,-4.6886376589578855
584,-4.6886376589578855
585,-4.6886376589578855
586,-4.6886376589578855
587,-4.6886376589578855
588,-4.6886376589578855
589,-4.6886376589578855
590,-4.6886376589578855
591,-4.6886376589578855
592,-4.6886376589578855
593,-4.6886376589578855
594,-4.6886376589578855
595,-4.6886376589578855
596,-4.6886376589578855
597,-4.6886376589578855
598,-4.6886376589578855
599,-4.6886376589578855
600,-4.6886376589578855
601,-4.6886376589578855
602,-4.6886376589578855
603,-4.6886376589578855
604,-4.6886376589578855
605,-4.6886376589578855
606,-4.6886376589578855
607,-4.6886376589578855
608,-4.6886376589578855
609,-4.6886376589578855
610,-4.6886376589578855
611,-4.6886376589578855
612,-4.6886376589578855
613,-4.6886376589578855
614,-4.6886376589578855
615,-4.6886376589578855
616,-4.6886376589578855
617,-4.6886376589578855
618,-4.6886376589578855
619,-4.6886376589578855
620,-4.6886376589578855
621,-4.6886376589578855
622,-4.6886376589578855
623,-4.6886376589578855
624,-4.6886376589578855
625,-4.6886376589578855
626,-4.6886376589578855
627,-4.6886376589578855
628,-4.6886376589578855
629,-4.6886376589578855
630,-4.6886376589578855
631,-4.6886376589578855
632,-4.6886376589578855
633,-4.6886376589578855
634,-4.6886376589578855
635,-4.6886376589578855
636,-4.6886376589578855
637,-4.6886376589578855
638,-4.6886376589578855
639,-4.6886376589578855
640,-4.6886376589578855
641,-4.6886376589578855
642,-4.6886376589578855
643,-4.6886376589578855
644,-4.6886376589578855
645,-4.6886376589578855
646,-4.6886376589578855
647,-4.6886376589578855
648,-4.6886376589578855
649,-4.6886376589578855
650,-4.6886376589578855
651,-4.6886376589578855
652,-4.6886376589578855
653,-4.6886376589578855
654,-4.6886376589578855
655,-4.6886376589578855
656,-4.6886376589578855
657,-4.6886376589578855
658,-4.6886376589578855
659,-4.6886376589578855
660,-4.6886376589578855
661,-4.6886376589578855
662,-4.6886376589578855
663,-4.6886376589578855
664,-4.6886376589578855
665,-4.6886376589578855
666,-4.6886376589578855
667,-4.6886376589578855
668,-4.6886376589578855
669,-4.6886376589578855
670,-4.6886376589578855
671,-4.6886376589578855
672,-4.6886376589578855
673,-4.6886376589578855
674,-4.6886376589578855
675,-4.6886376589578855
676,-4.6886376589578855
677,-4.6886376589578855
678,-4.6886376589578855
679,-4.6886376589578855
680,-4.6886376589578855
681,-4.6886376589578855
682,-4.6886376589578855
683,-4.6886376589578855
684,-4.6886376589578855
685,-4.6886376589578855
686,-4.6886376589578855
687,-4.6886376589578855
688,-4.6886376589578855
689,-4.6886376589578855
690,-4.6886376589578855
691,-4.6886376589578855
692,-4.6886376589578855
693,-4.6886376589578855
694,-4.6886376589578855
695,-4.6886376589578855
696,-4.6886376589578855
697,-4.6886376589578855
698,-4.6886376589578855
699,-4.6886376589578855
700,-4.6886376589578855
701,-4.6886376589578855
702,-4.6886376589578855
703,-4.6886376589578855
704,-4.6886376589578855
705,-4.6886376589578855
706,-4.6886376589578855
707,-4.6886376589578855
708,-4.6886376589578855
709,-4.6886376589578855
710,-4.6886376589578855
711,-4.6886376589578855
712,-4.6886376589578855
713,-4.6886376589578855
714,-4.6886376589578855
715,-4.6886376589578855
716,-4.6886376589578855
717,-4.6886376589578855
718,-4.6886376589578855
719,-4.6886376589578855
720,-4.6886376589578855
721,-4.6886376589578855
722,-4.6886376589578855
723,-4.6886376589578855
724,-4.6886376589578855
725,-4.6886376589578855
726,-4.6886376589578855
727,-4.6886376589578855
728,-4.6886376589578855
729,-4.6886376589578855
730,-4.6886376589578855
731,-4.6886376589578855
732,-4.6886376589578855
733,-4.6886376589578855
734,-4.6886376589578855
735,-4.6886376589578855
736,-4.6886376589578855
737,-4.6886376589578855
738,-4.6886376589578855
739,-4.6886376589578855
740,-4.6886376589578855
741,-4.6886376589578855
742,-4.6886376589578855
743,-4.6886376589578855
744,-4.6886376589578855
745,-4.6886376589578855
746,-4.6886376589578855
747,-4.6886376589578855
748,-4.6886376589578855
749,-4.6886376589578855
750,-4.6886376589578855
751,-4.6886376589578855
752,-4.6886376589578855
753,-4.6886376589578855
754,-4.6886376589578855
755,-4.6886376589578855
756,-4.6886376589578855
757,-4.6886376589578855
758,-4.6886376589578855
759,-4.6886376589578855
760,-4.6886376589578855
761,-4.6886376589578855
762,-4.6886376589578855
763,-4.6886376589578855
764,-4.6886376589578855
765,-4.6886376589578855
766,-4.6886376589578855
767,-4.6886376589578855
768,-4.6886376589578855
769,-4.6886376589578855
770,-4.6886376589578855
771,-4.6886376589578855
772,-4.6886376589578855
773,-4.6886376589578855
774,-4.6886376589578855
775,-4.6886376589578855
776,-4.6886376589578855
777,-4.6886376589578855
778,-4.6886376589578855
779,-4.6886376589578855
780,-4.6886376589578855
781,-4.6886376589578855
782,-4.6886376589578855
783,-4.6886376589578855
784,-4.6886376589578855
785,-4.6886376589578855
786,-4.6886376589578855
787,-4.6886376589578855
788,-4.6886376589578855
789,-4.6886376589578855
790,-4.6886376589578855
791,-4.6886376589578855
792,-4.6886376589578855
793,-4.6886376589578855
794,-4.6886376589578855
795,-4.6886376589578855
796,-4.6886376589578855
797,-4.6886376589578855
798,-4.6886376589578855
799,-4.6886376589578855
800,-4.6886376589578855
801,-4.6886376589578855
802,-4.6886376589578855
803,-4.6886376589578855
804,-4.6886376589578855
805,-4.6886376589578855
806,-4.6886376589578855
807,-4.6886376589578855
808,-4.6886376589578855
809,-4.6886376589578855
810,-4.6886376589578855
811,-4.6886376589578855
812,-4.6886376589578855
813,-4.6886376589578855
814,-4.6886376589578855
815,-4.6886376589578855
816,-4.6886376589578855
817,-4.6886376589578855
818,-4.6886376589578855
819,-4.6886376589578855
820,-4.6886376589578855
821,-4.6886376589578855
822,-4.6886376589578855
823,-4.6886376589578855
824,-4.6886376589578855
825,-4.6886376589578855
826,-4.6886376589578855
827,-4.6886376589578855
828,-4.6886376589578855
829,-4.6886376589578855
830,-4.6886376589578855
831,-4.6886376589578855
832,-4.6886376589578855
833,-4.6886376589578855
834,-4.6886376589578855
835,-4.6886376589578855
836,-4.6886376589578855
837,-4.6886376589578855
838,-4.6886376589578855
839,-4.6886376589578855
840,-4.6886376589578855
841,-4.6886376589578855
842,-4.6886376589578855
843,-4.6886376589578855
844,-4.6886376589578855
845,-4.6886376589578855
846,-4.6886376589578855
847,-4.6886376589578855
848,-4.6886376589578855
849,-4.6886376589578855
850,-4.6886376589578855
851,-4.6886376589578855
852,-4.6886376589578855
853,-4.6886376589578855
854,-4.6886376589578855
855,-4.6886376589578855
856,-4.6886376589578855
857,-4.6886376589578855
858,-4.6886376589578855
859,-4.6886376589578855
860,-4.6886376589578855
861,-4.6886376589578855
862,-4.6886376589578855
863,-4.6886376589578855
864,-4.6886376589578855
865,-4.6886376589578855
866,-4.6886376589578855
867,-4.6886376589578855
868,-4.6886376589578855
869,-4.6886376589578855
870,-4.6886376589578855
871,-4.6886376589578855
872,-4.6886376589578855
873,-4.6886376589578855
874,-4.6886376589578855
875,-4.6886376589578855
876,-4.6886376589578855
877,-4.6886376589578855
878,-4.6886376589578855
879,-4.6886376589578855
880,-4.6886376589578855
881,-4.6886376589578855
882,-4.6886376589578855
883,-4.6886376589578855
884,-4.6886376589578855
885,-4.6886376589578855
886,-4.6886376589578855
887,-4.6886376589578855
888,-4.6886376589578855
889,-4.6886376589578855
890,-4.6886376589578855
891,-4.6886376589578855
892,-4.6886376589578855
893,-4.6886376589578855
894,-4.6886376589578855
895,-4.6886376589578855
896,-4.6886376589578855
897,-4.6886376589578855
898,-4.6886376589578855
899,-4.6886376589578855
900,-4.6886376589578855
901,-4.6886376589578855
902,-4.6886376589578855
903,-4.6886376589578855
904,-4.6886376589578855
905,-4.6886376589578855
906,-4.6886376589578855
907,-4.6886376589578855
908,-4.6886376589578855
909,-4.6886376589578855
910,-4.6886376589578855
911,-4.6886376589578855
912,-4.6886376589578855
913,-4.6886376589578855
914,-4.6886376589578855
915,-4.6886376589578855
916,-4.6886376589578855
917,-4.6886376589578855
918,-4.6886376589578855
919,-4.6886376589578855
920,-4.6886376589578855
921,-4.6886376589578855
922,-4.6886376589578855
923,-4.6886376589578855
924,-4.6886376589578855
925,-4.6886376589578855
926,-4.6886376589578855
927,-4.6886376589578855
928,-4.6886376589578855
929,-4.6886376589578855
930,-4.6886376589578855
931,-4.6886376589578855
932,-4.6886376589578855
933,-4.6886376589578855
934,-4.6886376589578855
935,-4.6886376589578855
936,-4.6886376589578855
937,-4.6886376589578855
938,-4.6886376589578855
939,-4.6886376589578855
940,-4.6886376589578855
941,-4.6886376589578855
942,-4.6886376589578855
943,-4.6886376589578855
944,-4.6886376589578855
945,-4.6886376589578855
946,-4.6886376589578855
947,-4.6886376589578855
948,-4.6886376589578855
949,-4.6886376589578855
950,-4.6886376589578855
951,-4.6886376589578855
952,-4.6886376589578855
953,-4.6886376589578855
954,-4.6886376589578855
955,-4.6886376589578855
956,-4.6886376589578855
957,-4.6886376589578855
958,-4.6886376589578855
959,-4.6886376589578855
960,-4.6886376589578855
961,-4.6886376589578855
962,-4.6886376589578855
963,-4.6886376589578855
964,-4.6886376589578855
965,-4.6886376589578855
966,-4.6886376589578855
967,-4.6886376589578855
968,-4.6886376589578855
969,-4.6886376589578855
970,-4.6886376589578855
971,-4.6886376589578855
972,-4.6886376589578855
973,-4.6886376589578855
974,-4.6886376589578855
975,-4.6886376589578855
976,-4.6886376589578855
977,-4.6886376589578855
978,-4.6886376589578855
979,-4.6886376589578855
980,-4.6886376589578855
981,-4.6886376589578855
982,-4.6886376589578855
983,-4.6886376589578855
984,-4.6886376589578855
985,-4.6886376589578855
986,-4.6886376589578855
987,-4.6886376589578855
988,-4.6886376589578855
989,-4.6886376589578855
990,-4.6886376589578855
991,-4.6886376589578855
992,-4.6886376589578855
993,-4.6886376589578855
994,-4.6886376589578855
995,-4.6886376589578855
996,-4.6886376589578855
997,-4.6886376589578855
998,-4.6886376589578855
999,-4.6886376589578855
1000,-4.6886376589578855
1001,-4.6886376589578855
1002,-4.6886376589578855
1003,-4.6886376589578855
1004,-4.6886376589578855
1005,-4.6886376589578855
1006,-4.6886376589578855
1007,-4.6886376589578855
1008,-4.6886376589578855
1009,-4.6886376589578855
1010,-4.6886376589578855
1011,-4.6886376589578855
1012,-4.6886376589578855
1013,-4.6886376589578855
1014,-4.6886376589578855
1015,-4.6886376589578855
1016,-4.6886376589578855
1017,-4.6886376589578855
1018,-4.6886376589578855
1019,-4.6886376589578855
1020,-4.6886376589578855
1021,-4.6886376589578855
1022,-4.6886376589578855
1023,-4.6886376589578855
1024,-4.6886376589578855
1025,-4.6886376589578855
1026,-4.6886376589578855
1027,-4.6886376589578855
1028,-4.6886376589578855
1029,-4.6886376589578855
1030,-4.6886376589578855
1031,-4.6886376589578855
1032,-4.6886376589578855
1033,-4.6886376589578855
1034,-4.6886376589578855
1035,-4.6886376589578855
1036,-4.6886376589578855
1037,-4.6886376589578855
1038,-4.6886376589578855
1039,-4.6886376589578855
1040,-4.6886376589578855
1041,-4.6886376589578855
1042,-4.6886376589578855
1043,-4.6886376589578855
1044,-4.6886376589578855
1045,-4.6886376589578855
1046,-4.6886376589578855
1047,-4.6886376589578855
1048,-4.6886376589578855
1049,-4.6886376589578855
1050,-4.6886376589578855
1051,-4.6886376589578855
1052,-4.6886376589578855
1053,-4.6886376589578855
1054,-4.6886376589578855
1055,-4.6886376589578855
1056,-4.6886376589578855
1057,-4.6886376589578855
1058,-4.6886376589578855
1059,-4.6886376589578855
1060,-4.6886376589578855
1061,-4.6886376589578855
1062,-4.6886376589578855
1063,-4.6886376589578855
1064,-4.6886376589578855
1065,-4.6886376589578855
1066,-4.6886376589578855
1067,-4.6886376589578855
1068,-4.6886376589578855
1069,-4.6886376589578855
1070,-4.6886376589578855
1071,-4.6886376589578855
1072,-4.6886376589578855
1073,-4.6886376589578855
1074,-4.6886376589578855
1075,-4.6886376589578855
1076,-4.6886376589578855
1077,-4.6886376589578855
1078,-4.6886376589578855
1079,-4.6886376589578855
1080,-4.6886376589578855
1081,-4.6886376589578855
1082,-4.6886376589578855
1083,-4.6886376589578855
1084,-4.6886376589578855
1085,-4.6886376589578855
1086,-4.6886376589578855
1087,-4.6886376589578855
1088,-4.6886376589578855
1089,-4.6886376589578855
1090,-4.6886376589578855
1091,-4.6886376589578855
1092,-4.6886376589578855
1093,-4.6886376589578855
1094,-4.6886376589578855
1095,-4.6886376589578855
1096,-4.6886376589578855
1097,-4.6886376589578855
1098,-4.6886376589578855
1099,-4.6886376589578855
1100,-4.6886376589578855
1101,-4.6886376589578855
1102,-4.6886376589578855
1103,-4.6886376589578855
1104,-4.6886376589578855
1105,-4.6886376589578855
1106,-4.6886376589578855
1107,-4.6886376589578855
1108,-4.6886376589578855
1109,-4.6886376589578855
1110,-4.6886376589578855
1111,-4.6886376589578855
1112,-4.6886376589578855
1113,-4.6886376589578855
1114,-4.6886376589578855
1115,-4.6886376589578855
1116,-4.6886376589578855
1117,-4.6886376589578855
1118,-4.6886376589578855
1119,-4.6886376589578855
1120,-4.6886376589578855
1121,-4.6886376589578855
1122,-4.6886376589578855
1123,-4.6886376589578855
1124,-4.6886376589578855
1125,-4.6886376589578855
1126,-4.6886376589578855
1127,-4.6886376589578855
1128,-4.6886376589578855
1129,-4.6886376589578855
1130,-4.6886376589578855
1131,-4.6886376589578855
1132,-4.6886376589578855
1133,-4.6886376589578855
1134,-4.6886376589578855
1135,-4.6886376589578855
1136,-4.6886376589578855
1137,-4.6886376589578855
1138,-4.6886376589578855
1139,-4.6886376589578855
1140,-4.6886376589578855
1141,-4.6886376589578855
1142,-4.6886376589578855
1143,-4.6886376589578855
1144,-4.6886376589578855
1145,-4.6886376589578855
1146,-4.6886376589578855
1147,-4.6886376589578855
1148,-4.6886376589578855
1149,-4.6886376589578855
1150,-4.6886376589578855
1151,-4.6886376589578855
1152,-4.6886376589578855
1153,-4.6886376589578855
1154,-4.6886376589578855
1155,-4.6886376589578855
1156,-4.6886376589578855
1157,-4.6886376589578855
1158,-4.6886376589578855
1159,-4.6886376589578855
1160,-4.6886376589578855
1161,-4.6886376589578855
1162,-4.6886376589578855
1163,-4.6886376589578855
1164,-4.6886376589578855
1165,-4.6886376589578855
1166,-4.6886376589578855
1167,-4.6886376589578855
1168,-4.6886376589578855
1169,-4.6886376589578855
1170,-4.6886376589578855
1171,-4.6886376589578855
1172,-4.6886376589578855
1173,-4.6886376589578855
1174,-4.6886376589578855
1175,-4.6886376589578855
1176,-4.6886376589578855
1177,-4.6886376589578855
1178,-4.6886376589578855
1179,-4.6886376589578855
1180,-4.6886376589578855
1181,-4.6886376589578855
1182,-4.6886376589578855
1183,-4.6886376589578855
1184,-4.6886376589578855
1185,-4.6886376589578855
1186,-4.6886376589578855
1187,-4.6886376589578855
1188,-4.6886376589578855
1189,-4.6886376589578855
1190,-4.6886376589578855
1191,-4.6886376589578855
1192,-4.6886376589578855
1193,-4.6886376589578855
1194,-4.6886376589578855
1195,-4.6886376589578855
1196,-4.6886376589578855
1197,-4.6886376589578855
1198,-4.6886376589578855
1199,-4.6886376589578855
1200,-4.6886376589578855
1201,-4.6886376589578855
1202,-4.6886376589578855
1203,-4.6886376589578855
1204,-4.6886376589578855
1205,-4.6886376589578855
1206,-4.6886376589578855
1207,-4.6886376589578855
1208,-4.6886376589578855
1209,-4.6886376589578855
1210,-4.6886376589578855
1211,-4.6886376589578855
1212,-4.6886376589578855
1213,-4.6886376589578855
1214,-4.6886376589578855
1215,-4.6886376589578855
1216,-4.6886376589578855
1217,-4.6886376589578855
1218,-4.6886376589578855
1219,-4.6886376589578855
1220,-4.6886376589578855
1221,-4.6886376589578855
1222,-4.6886376589578855
1223,-4.6886376589578855
1224,-4.6886376589578855
1225,-4.6886376589578855
1226,-4.6886376589578855
1227,-4.6886376589578855
1228,-4.6886376589578855
1229,-4.6886376589578855
1230,-4.6886376589578855
1231,-4.6886376589578855
1232,-4.6886376589578855
1233,-4.6886376589578855
1234,-4.6886376589578855
1235,-4.6886376589578855
1236,-4.6886376589578855
1237,-4.6886376589578855
1238,-4.6886376589578855
1239,-4.6886376589578855
1240,-4.6886376589578855
1241,-4.6886376589578855
1242,-4.6886376589578855
1243,-4.6886376589578855
1244,-4.6886376589578855
1245,-4.6886376589578855
1246,-4.6886376589578855
1247,-4.6886376589578855
1248,-4.6886376589578855
1249,-4.6886376589578855
1250,-4.6886376589578855
1251,-4.6886376589578855
1252,-4.6886376589578855
1253,-4.6886376589578855
1254,-4.6886376589578855
1255,-4.6886376589578855
1256,-4.6886376589578855
1257,-4.6886376589578855
1258,-4.6886376589578855
1259,-4.6886376589578855
1260,-4.6886376589578855
1261,-4.6886376589578855
1262,-4.6886376589578855
1263,-4.6886376589578855
1264,-4.6886376589578855
1265,-4.6886376589578855
1266,-4.6886376589578855
1267,-4.6886376589578855
1268,-4.6886376589578855
1269,-4.6886376589578855
1270,-4.6886376589578855
1271,-4.6886376589578855
1272,-4.6886376589578855
1273,-4.6886376589578855
1274,-4.6886376589578855
1275,-4.6886376589578855
1276,-4.6886376589578855
1277,-4.6886376589578855
1278,-4.6886376589578855
1279,-4.6886376589578855
1280,-4.6886376589578855
1281,-4.6886376589578855
1282,-4.6886376589578855
1283,-4.6886376589578855
1284,-4.6886376589578855
1285,-4.6886376589578855
1286,-4.6886376589578855
1287,-4.6886376589578855
1288,-4.6886376589578855
1289,-4.6886376589578855
1290,-4.6886376589578855
1291,-4.6886376589578855
1292,-4.6886376589578855
1293,-4.6886376589578855
1294,-4.6886376589578855
1295,-4.6886376589578855
1296,-4.6886376589578855
1297,-4.6886376589578855
1298,-4.6886376589578855
1299,-4.6886376589578855
1300,-4.6886376589578855
1301,-4.6886376589578855
1302,-4.6886376589578855
1303,-4.6886376589578855
1304,-4.6886376589578855
1305,-4.6886376589578855
1306,-4.6886376589578855
1307,-4.6886376589578855
1308,-4.6886376589578855
1309,-4.6886376589578855
1310,-4.6886376589578855
1311,-4.6886376589578855
1312,-4.6886376589578855
1313,-4.6886376589578855
1314,-4.6886376589578855
1315,-4.6886376589578855
1316,-4.6886376589578855
1317,-4.6886376589578855
1318,-4.6886376589578855
1319,-4.6886376589578855
1320,-4.6886376589578855
1321,-4.6886376589578855
1322,-4.6886376589578855
1323,-4.6886376589578855
1324,-4.6886376589578855
1325,-4.6886376589578855
1326,-4.6886376589578855
1327,-4.6886376589578855
1328,-4.6886376589578855
1329,-4.6886376589578855
1330,-4.6886376589578855
1331,-4.6886376589578855
1332,-4.6886376589578855
1333,-4.6886376589578855
1334,-4.6886376589578855
1335,-4.6886376589578855
1336,-4.6886376589578855
1337,-4.6886376589578855
1338,-4.6886376589578855
1339,-4.6886376589578855
1340,-4.6886376589578855
1341,-4.6886376589578855
1342,-4.6886376589578855
1343,-4.6886376589578855
1344,-4.6886376589578855
1345,-4.6886376589578855
1346,-4.6886376589578855
1347,-4.6886376589578855
1348,-4.6886376589578855
1349,-4.6886376589578855
1350,-4.6886376589578855
1351,-4.6886376589578855
1352,-4.6886376589578855
1353,-4.6886376589578855
1354,-4.6886376589578855
1355,-4.6886376589578855
1356,-4.6886376589578855
1357,-4.6886376589578855
1358,-4.6886376589578855
1359,-4.6886376589578855
1360,-4.6886376589578855
1361,-4.6886376589578855
1362,-4.6886376589578855
1363,-4.6886376589578855
1364,-4.6886376589578855
1365,-4.6886376589578855
1366,-4.6886376589578855
1367,-4.6886376589578855
1368,-4.6886376589578855
1369,-4.6886376589578855
1370,-4.6886376589578855
1371,-4.6886376589578855
1372,-4.6886376589578855
1373,-4.6886376589578855
1374,-4.6886376589578855
1375,-4.6886376589578855
1376,-4.6886376589578855
1377,-4.6886376589578855
1378,-4.6886376589578855
1379,-4.6886376589578855
1380,-4.6886376589578855
1381,-4.6886376589578855
1382,-4.6886376589578855
1383,-4.6886376589578855
1384,-4.6886376589578855
1385,-4.6886376589578855
1386,-4.6886376589578855
1387,-4.6886376589578855
1388,-4.6886376589578855
1389,-4.6886376589578855
1390,-4.6886376589578855
1391,-4.6886376589578855
1392,-4.6886376589578855
1393,-4.6886376589578855
1394,-4.6886376589578855
1395,-4.6886376589578855
1396,-4.6886376589578855
1397,-4.6886376589578855
1398,-4.6886376589578855
1399,-4.6886376589578855
1400,-4.6886376589578855
1401,-4.6886376589578855
1402,-4.6886376589578855
1403,-4.6886376589578855
1404,-4.6886376589578855
1405,-4.6886376589578855
1406,-4.6886376589578855
1407,-4.6886376589578855
1408,-4.6886376589578855
1409,-4.6886376589578855
1410,-11.373015380895659
1411,-11.373015380895659
1412,-11.373015380895659
1413,-11.373015380895659
1414,-11.373015380895659
1415,-11.373015380895659
1416,-11.373015380895659
1417,-11.373015380895659
1418,-11.373015380895659
1419,-11.373015380895659
1420,-11.373015380895659
1421,-11.373015380895659
1422,-11.373015380895659
1423,-11.373015380895659
1424,-11.373015380895659
1425,-11.373015380895659
1426,-11.373015380895659
1427,-11.373015380895659
1428,-11.373015380895659
1429,-11.373015380895659
1430,-11.373015380895659
1431,-11.373015380895659
1432,-11.373015380895659
1433,-11.373015380895659
1434,-11.373015380895659
1435,-11.373015380895659
1436,-11.373015380895659
1437,-11.373015380895659
1438,-11.373015380895659
1439,-11.373015380895659
1440,-11.373015380895659
1441,-11.373015380895659
1442,-11.373015380895659
1443,-11.373015380895659
1444,-11.373015380895659
1445,-11.373015380895659
1446,-11.373015380895659
1447,-11.373015380895659
1448,-11.373015380895659
1449,-11.373015380895659
1450,-11.373015380895659
1451,-11.373015380895659
1452,-11.373015380895659
1453,-11.373015380895659
1454,-11.373015380895659
1455,-11.373015380895659
1456,-11.373015380895659
1457,-11.373015380895659
1458,-11.373015380895659
1459,-11.373015380895659
1460,-11.373015380895659
1461,-11.373015380895659
1462,-11.373015380895659
1463,-11.373015380895659
1464,-11.373015380895659
1465,-11.373015380895659
1466,-11.373015380895659
1467,-11.373015380895659
1468,-11.373015380895659
1469,-11.373015380895659
1470,-11.373015380895659
1471,-11.373015380895659
1472,-11.373015380895659
1473,-11.373015380895659
1474,-11.373015380895659
1475,-11.373015380895659
1476,-11.373015380895659
1477,-11.373015380895659
1478,-11.373015380895659
1479,-11.373015380895659
1480,-11.373015380895659
1481,-11.373015380895659
1482,-11.373015380895659
1483,-11.373015380895659
1484,-11.373015380895659
1485,-11.373015380895659
1486,-11.373015380895659
1487,-11.373015380895659
1488,-11.373015380895659
1489,-11.373015380895659
1490,-11.373015380895659
1491,-11.373015380895659
1492,-11.373015380895659
1493,-11.373015380895659
1494,-11.373015380895659
1495,-11.373015380895659
1496,-11.373015380895659
1497,-11.373015380895659
1498,-11.373015380895659
1499,-11.373015380895659
1500,-11.373015380895659
1501,-11.373015380895659
1502,-11.373015380895659
1503,-11.373015380895659
1504,-11.373015380895659
1505,-11.373015380895659
1506,-11.373015380895659
1507,-11.373015380895659
1508,-11.373015380895659
1509,-11.373015380895659
1510,-11.373015380895659
1511,-11.373015380895659
1512,-11.373015380895659
1513,-11.373015380895659
1514,-11.373015380895659
1515,-11.373015380895659
1516,-11.373015380895659
1517,-11.373015380895659
1518,-11.373015380895659
1519,-11.373015380895659
1520,-11.373015380895659
1521,-11.373015380895659
1522,-11.373015380895659
1523,-11.373015380895659
1524,-11.373015380895659
1525,-11.373015380895659
1526,-11.373015380895659
1527,-11.373015380895659
1528,-11.373015380895659
1529,-11.373015380895659
1530,-11.373015380895659
1531,-11.373015380895659
1532,-11.373015380895659
1533,-11.373015380895659
1534,-11.373015380895659
1535,-11.373015380895659
1536,-11.373015380895659
1537,-11.373015380895659
1538,-11.373015380895659
1539,-11.373015380895659
1540,-11.373015380895659
1541,-11.373015380895659
1542,-11.373015380895659
1543,-11.373015380895659
1544,-11.373015380895659
1545,-11.373015380895659
1546,-11.373015380895659
1547,-11.373015380895659
1548,-11.373015380895659
1549,-11.373015380895659
1550,-11.373015380895659
1551,-11.373015380895659
1552,-11.373015380895659
1553,-11.373015380895659
1554,-11.373015380895659
1555,-11.373015380895659
1556,-11.373015380895659
1557,-11.373015380895659
1558,-11.373015380895659
1559,-11.373015380895659
1560,-11.373015380895659
1561,-11.373015380895659
1562,-11.373015380895659
1563,-11.373015380895659
1564,-11.373015380895659
1565,-11.373015380895659
1566,-11.373015380895659
1567,-11.373015380895659
1568,-11.373015380895659
1569,-11.373015380895659
1570,-11.373015380895659
1571,-11.373015380895659
1572,-11.373015380895659
1573,-11.373015380895659
1574,-11.373015380895659
1575,-11.373015380895659
1576,-11.373015380895659
1577,-11.373015380895659
1578,-11.373015380895659
1579,-11.373015380895659
1580,-11.373015380895659
1581,-11.373015380895659
1582,-11.373015380895659
1583,-11.373015380895659
1584,-11.373015380895659
1585,-11.373015380895659
1586,-11.373015380895659
1587,-11.373015380895659
1588,-11.373015380895659
1589,-11.373015380895659
1590,-11.373015380895659
1591,-11.373015380895659
1592,-11.373015380895659
1593,-11.373015380895659
1594,-11.373015380895659
1595,-11.373015380895659
1596,-11.373015380895659
1597,-11.373015380895659
1598,-11.373015380895659
1599,-11.373015380895659
1600,-11.373015380895659
1601,-11.373015380895659
1602,-11.373015380895659
1603,-11.373015380895659
1604,-11.373015380895659
1605,-11.373015380895659
1606,-11.373015380895659
1607,-11.373015380895659
1608,-11.373015380895659
1609,-11.373015380895659
1610,-11.373015380895659
1611,-11.373015380895659
1612,-11.373015380895659
1613,-11.373015380895659
1614,-11.373015380895659
1615,-11.373015380895659
1616,-11.373015380895659
1617,-11.373015380895659
1618,-11.373015380895659
1619,-11.373015380895659
1620,-11.373015380895659
1621,-11.373015380895659
1622,-11.373015380895659
1623,-11.373015380895659
1624,-11.373015380895659
1625,-11.373015380895659
1626,-11.373015380895659
1627,-11.373015380895659
1628,-11.373015380895659
1629,-11.373015380895659
1630,-11.373015380895659
1631,-11.373015380895659
1632,-11.373015380895659
1633,-11.373015380895659
1634,-11.373015380895659
1635,-11.373015380895659
1636,-11.373015380895659
1637,-11.373015380895659
1638,-11.373015380895659
1639,-11.373015380895659
1640,-11.373015380895659
1641,-11.373015380895659
1642,-11.373015380895659
1643,-11.373015380895659
1644,-11.373015380895659
1645,-11.373015380895659
1646,-11.373015380895659
1647,-11.373015380895659
1648,-11.373015380895659
1649,-11.373015380895659
1650,-11.373015380895659
1651,-11.373015380895659
1652,-11.373015380895659
1653,-11.373015380895659
1654,-11.373015380895659
1655,-11.373015380895659
1656,-11.373015380895659
1657,-11.373015380895659
1658,-11.373015380895659
1659,-11.373015380895659
1660,-11.373015380895659
1661,-11.373015380895659
1662,-11.373015380895659
1663,-11.373015380895659
1664,-11.373015380895659
1665,-11.373015380895659
1666,-11.373015380895659
1667,-11.373015380895659
1668,-11.373015380895659
1669,-11.373015380895659
1670,-11.373015380895659
1671,-11.373015380895659
1672,-11.373015380895659
1673,-11.373015380895659
1674,-11.373015380895659
1675,-11.373015380895659
1676,-11.373015380895659
1677,-11.373015380895659
1678,-11.373015380895659
1679,-11.373015380895659
1680,-11.373015380895659
1681,-11.373015380895659
1682,-11.373015380895659
1683,-11.373015380895659
1684,-11.373015380895659
1685,-11.373015380895659
1686,-11.373015380895659
1687,-11.373015380895659
1688,-11.373015380895659
1689,-11.373015380895659
1690,-11.373015380895659
1691,-11.373015380895659
1692,-11.373015380895659
1693,-11.373015380895659
1694,-11.373015380895659
1695,-11.373015380895659
1696,-11.373015380895659
1697,-11.373015380895659
1698,-11.373015380895659
1699,-11.373015380895659
1700,-11.373015380895659
1701,-11.373015380895659
1702,-11.373015380895659
1703,-11.373015380895659
1704,-11.373015380895659
1705,-11.373015380895659
1706,-11.373015380895659
1707,-11.373015380895659
1708,-11.373015380895659
1709,-11.373015380895659
1710,-11.373015380895659
1711,-11.373015380895659
1712,-11.373015380895659
1713,-11.373015380895659
1714,-11.373015380895659
1715,-11.373015380895659
1716,-11.373015380895659
1717,-11.373015380895659
1718,-11.373015380895659
1719,-11.373015380895659
1720,-11.373015380895659
1721,-11.373015380895659
1722,-11.373015380895659
1723,-11.373015380895659
1724,-11.373015380895659
1725,-11.373015380895659
1726,-11.373015380895659
1727,-11.373015380895659
1728,-11.373015380895659
1729,-11.373015380895659
1730,-11.373015380895659
1731,-11.373015380895659
1732,-11.373015380895659
1733,-11.373015380895659
1734,-11.373015380895659
1735,-11.373015380895659
1736,-11.373015380895659
1737,-11.373015380895659
1738,-11.373015380895659
1739,-11.373015380895659
1740,-11.373015380895659
1741,-11.373015380895659
1742,-11.373015380895659
1743,-11.373015380895659
1744,-11.373015380895659
1745,-11.373015380895659
1746,-11.373015380895659
1747,-11.373015380895659
1748,-11.373015380895659
1749,-11.373015380895659
1750,-11.373015380895659
1751,-11.373015380895659
1752,-11.373015380895659
1753,-11.373015380895659
1754,-11.373015380895659
1755,-11.373015380895659
1756,-11.373015380895659
1757,-11.373015380895659
1758,-11.373015380895659
1759,-11.373015380895659
1760,-11.373015380895659
1761,-11.373015380895659
1762,-11.373015380895659
1763,-11.373015380895659
1764,-11.373015380895659
1765,-11.373015380895659
1766,-11.373015380895659
1767,-11.373015380895659
1768,-11.373015380895659
1769,-11.373015380895659
1770,-11.373015380895659
1771,-11.373015380895659
1772,-11.373015380895659
1773,-11.373015380895659
1774,-11.373015380895659
1775,-11.373015380895659
1776,-11.373015380895659
1777,-11.373015380895659
1778,-11.373015380895659
1779,-11.373015380895659
1780,-11.373015380895659
1781,-11.373015380895659
1782,-11.373015380895659
1783,-11.373015380895659
1784,-11.373015380895659
1785,-11.373015380895659
1786,-11.373015380895659
1787,-11.373015380895659
1788,-11.373015380895659
1789,-11.373015380895659
1790,-11.373015380895659
1791,-11.373015380895659
1792,-11.373015380895659
1793,-11.373015380895659
1794,-11.373015380895659
1795,-11.373015380895659
1796,-11.373015380895659
1797,-11.373015380895659
1798,-11.373015380895659
1799,-11.373015380895659
1800,-11.373015380895659
1801,-11.373015380895659
1802,-11.373015380895659
1803,-11.373015380895659
1804,-11.373015380895659
1805,-11.373015380895659
1806,-11.373015380895659
1807,-11.373015380895659
1808,-11.373015380895659
1809,-11.373015380895659
1810,-11.373015380895659
1811,-11.373015380895659
1812,-11.373015380895659
1813,-11.373015380895659
1814,-11.373015380895659
1815,-11.373015380895659
1816,-11.373015380895659
1817,-11.373015380895659
1818,-11.373015380895659
1819,-11.373015380895659
1820,-11.373015380895659
1821,-11.373015380895659
1822,-11.373015380895659
1823,-11.373015380895659
1824,-11.373015380895659
1825,-11.373015380895659
1826,-11.373015380895659
1827,-11.373015380895659
1828,-11.373015380895659
1829,-11.373015380895659
1830,-11.373015380895659
1831,-11.373015380895659
1832,-11.373015380895659
1833,-11.373015380895659
1834,-11.373015380895659
1835,-11.373015380895659
1836,-11.373015380895659
1837,-11.373015380895659
1838,-11.373015380895659
1839,-11.373015380895659
1840,-11.373015380895659
1841,-11.373015380895659
1842,-11.373015380895659
1843,-11.373015380895659
1844,-11.373015380895659
1845,-11.373015380895659
1846,-11.373015380895659
1847,-11.373015380895659
1848,-11.373015380895659
1849,-11.373015380895659
1850,-11.373015380895659
1851,-11.373015380895659
1852,-11.373015380895659
1853,-11.373015380895659
1854,-11.373015380895659
1855,-11.373015380895659
1856,-11.373015380895659
1857,-11.373015380895659
1858,-11.373015380895659
1859,-11.373015380895659
1860,-11.373015380895659
1861,-11.373015380895659
1862,-11.373015380895659
1863,-11.373015380895659
1864,-11.373015380895659
1865,-11.373015380895659
1866,-11.373015380895659
1867,-11.373015380895659
1868,-11.373015380895659
1869,-11.373015380895659
1870,-11.373015380895659
1871,-11.373015380895659
1872,-11.373015380895659
1873,-11.373015380895659
1874,-11.373015380895659
1875,-11.373015380895659
1876,-11.373015380895659
1877,-8.463345078405098
1878,-8.463345078405098
1879,-8.463345078405098
1880,-8.463345078405098
1881,-8.463345078405098
1882,-8.463345078405098
1883,-8.463345078405098
1884,-8.463345078405098
1885,-8.463345078405098
1886,-8.463345078405098
1887,-8.463345078405098
1888,-8.463345078405098
1889,-8.463345078405098
1890,-8.463345078405098
1891,-8.463345078405098
1892,-8.463345078405098
1893,-8.463345078405098
1894,-8.463345078405098
1895,-8.463345078405098
1896,-8.463345078405098
1897,-8.463345078405098
1898,-8.463345078405098
1899,-8.463345078405098
1900,-8.463345078405098
1901,-8.463345078405098
1902,-8.463345078405098
1903,-8.463345078405098
1904,-8.463345078405098
1905,-8.463345078405098
1906,-8.463345078405098
1907,-8.463345078405098
1908,-8.463345078405098
1909,-8.463345078405098
1910,-8.463345078405098
1911,-8.463345078405098
1912,-8.463345078405098
1913,-8.463345078405098
1914,-8.463345078405098
1915,-8.463345078405098
1916,-8.463345078405098
1917,-8.463345078405098
1918,-8.463345078405098
1919,-8.463345078405098
1920,-8.463345078405098
1921,-8.463345078405098
1922,-8.463345078405098
1923,-8.463345078405098
1924,-8.463345078405098
1925,-8.463345078405098
1926,-8.463345078405098
1927,-8.463345078405098
1928,-8.463345078405098
1929,-8.463345078405098
1930,-8.463345078405098
1931,-8.463345078405098
1932,-8.463345078405098
1933,-8.463345078405098
1934,-8.463345078405098
1935,-8.463345078405098
1936,-8.463345078405098
1937,-8.463345078405098
1938,-8.463345078405098
1939,-8.463345078405098
1940,-8.463345078405098
1941,-8.463345078405098
1942,-8.463345078405098
1943,-8.463345078405098
1944,-8.463345078405098
1945,-8.463345078405098
1946,-8.463345078405098
1947,-8.463345078405098
1948,-8.463345078405098
1949,-8.463345078405098
1950,-8.463345078405098
1951,-8.463345078405098
1952,-8.463345078405098
1953,-8.463345078405098
1954,-8.463345078405098
1955,-8.463345078405098
1956,-8.463345078405098
1957,-8.463345078405098
1958,-8.463345078405098
1959,-8.463345078405098
1960,-8.463345078405098
1961,-8.463345078405098
1962,-8.463345078405098
1963,-8.463345078405098
1964,-8.463345078405098
1965,-8.463345078405098
1966,-8.463345078405098
1967,-8.463345078405098
1968,-8.463345078405098
1969,-8.463345078405098
1970,-8.463345078405098
1971,-8.463345078405098
1972,-8.463345078405098
1973,-8.463345078405098
1974,-8.463345078405098
1975,-8.463345078405098
1976,-8.463345078405098
1977,-8.463345078405098
1978,-8.463345078405098
1979,-8.463345078405098
1980,-8.463345078405098
1981,-8.463345078405098
1982,-8.463345078405098
1983,-8.463345078405098
1984,-8.463345078405098
1985,-8.463345078405098
1986,-8.463345078405098
1987,-8.463345078405098
1988,-8.463345078405098
1989,-8.463345078405098
1990,-8.463345078405098
1991,-8.463345078405098
1992,-8.463345078405098
1993,-8.463345078405098
1994,-8.463345078405098
1995,-8.463345078405098
1996,-8.463345078405098
1997,-8.463345078405098
1998,-8.463345078405098
1999,-8.463345078405098
2000,-8.463345078405098
2001,-8.463345078405098
2002,-8.463345078405098
2003,-8.463345078405098
2004,-8.463345078405098
2005,-8.463345078405098
2006,-8.463345078405098
2007,-8.463345078405098
2008,-8.463345078405098
2009,-8.463345078405098
2010,-8.463345078405098
2011,-8.463345078405098
2012,-8.463345078405098
2013,-8.463345078405098
2014,-8.463345078405098
2015,-8.463345078405098
2016,-8.463345078405098
2017,-8.463345078405098
2018,-8.463345078405098
2019,-8.463345078405098
2020,-8.463345078405098
2021,-8.463345078405098
2022,-8.463345078405098
2023,-8.463345078405098
2024,-8.463345078405098
2025,-8.463345078405098
2026,-8.463345078405098
2027,-8.463345078405098
2028,-8.463345078405098
2029,-8.463345078405098
2030,-8.463345078405098
2031,-8.463345078405098
2032,-8.463345078405098
2033,-8.463345078405098
2034,-8.463345078405098
2035,-8.463345078405098
2036,-8.463345078405098
2037,-8.463345078405098
2038,-8.463345078405098
2039,-8.463345078405098
2040,-8.463345078405098
2041,-8.463345078405098
2042,-8.463345078405098
2043,-8.463345078405098
2044,-8.463345078405098
2045,-8.463345078405098
2046,-8.463345078405098
2047,-8.463345078405098
2048,-8.463345078405098
2049,-8.463345078405098
2050,-8.463345078405098
2051,-8.463345078405098
2052,-8.463345078405098
2053,-8.463345078405098
2054,-8.463345078405098
2055,-8.463345078405098
2056,-8.463345078405098
2057,-8.463345078405098
2058,-8.463345078405098
2059,-8.463345078405098
2060,-8.463345078405098
2061,-8.463345078405098
2062,-8.463345078405098
2063,-8.463345078405098
2064,-8.463345078405098
2065,-8.463345078405098
2066,-8.463345078405098
2067,-8.463345078405098
2068,-8.463345078405098
2069,-8.463345078405098
2070,-8.463345078405098
2071,-8.463345078405098
2072,-8.463345078405098
2073,-8.463345078405098
2074,-8.463345078405098
2075,-8.463345078405098
2076,-8.463345078405098
2077,-8.463345078405098
2078,-8.463345078405098
2079,-8.463345078405098
2080,-8.463345078405098
2081,-8.463345078405098
2082,-8.463345078405098
2083,-8.463345078405098
2084,-8.463345078405098
2085,-8.463345078405098
2086,-8.463345078405098
2087,-8.463345078405098
2088,-8.463345078405098
2089,-8.463345078405098
2090,-8.463345078405098
2091,-8.463345078405098
2092,-8.463345078405098
2093,-8.463345078405098
2094,-8.463345078405098
2095,-8.463345078405098
2096,-8.463345078405098
2097,-8.463345078405098
2098,-8.463345078405098
2099,-8.463345078405098
2100,-8.463345078405098
2101,-8.463345078405098
2102,-8.463345078405098
2103,-8.463345078405098
2104,-8.463345078405098
2105,-8.463345078405098
2106,-8.463345078405098
2107,-8.463345078405098
2108,-8.463345078405098
2109,-8.463345078405098
2110,-8.463345078405098
2111,-8.463345078405098
2112,-8.463345078405098
2113,-8.463345078405098
2114,-8.463345078405098
2115,-8.463345078405098
2116,-8.463345078405098
2117,-8.463345078405098
2118,-8.463345078405098
2119,-8.463345078405098
2120,-8.463345078405098
2121,-8.463345078405098
2122,-8.463345078405098
2123,-8.463345078405098
2124,-8.463345078405098
2125,-8.463345078405098
2126,-8.463345078405098
2127,-8.463345078405098
2128,-8.463345078405098
2129,-8.463345078405098
2130,-8.463345078405098
2131,-8.463345078405098
2132,-8.463345078405098
2133,-8.463345078405098
2134,-8.463345078405098
2135,-8.463345078405098
2136,-8.463345078405098
2137,-8.463345078405098
2138,-8.463345078405098
2139,-8.463345078405098
2140,-8.463345078405098
2141,-8.463345078405098
2142,-8.463345078405098
2143,-8.463345078405098
2144,-8.463345078405098
2145,-8.463345078405098
2146,-8.463345078405098
2147,-8.463345078405098
2148,-8.463345078405098
2149,-8.463345078405098
2150,-8.463345078405098
2151,-8.463345078405098
2152,-8.463345078405098
2153,-8.463345078405098
2154,-8.463345078405098
2155,-8.463345078405098
2156,-8.463345078405098
2157,-8.463345078405098
2158,-8.463345078405098
2159,-8.463345078405098
2160,-8.463345078405098
2161,-8.463345078405098
2162,-8.463345078405098
2163,-8.463345078405098
2164,-8.463345078405098
2165,-8.463345078405098
2166,-8.463345078405098
2167,-8.463345078405098
2168,-8.463345078405098
2169,-8.463345078405098
2170,-8.463345078405098
2171,-8.463345078405098
2172,-8.463345078405098
2173,-8.463345078405098
2174,-8.463345078405098
2175,-8.463345078405098
2176,-8.463345078405098
2177,-8.463345078405098
2178,-8.463345078405098
2179,-8.463345078405098
2180,-8.463345078405098
2181,-8.463345078405098
2182,-8.463345078405098
2183,-8.463345078405098
2184,-8.463345078405098
2185,-8.463345078405098
2186,-8.463345078405098
2187,-8.463345078405098
2188,-8.463345078405098
2189,-8.463345078405098
2190,-8.463345078405098
2191,-8.463345078405098
2192,-8.463345078405098
2193,-8.463345078405098
2194,-8.463345078405098
2195,-8.463345078405098
2196,-8.463345078405098
2197,-8.463345078405098
2198,-8.463345078405098
2199,-8.463345078405098
2200,-8.463345078405098
2201,-8.463345078405098
2202,-8.463345078405098
2203,-8.463345078405098
2204,-8.463345078405098
2205,-8.463345078405098
2206,-8.463345078405098
2207,-8.463345078405098
2208,-8.463345078405098
2209,-8.463345078405098
2210,-8.463345078405098
2211,-8.463345078405098
2212,-8.463345078405098
2213,-8.463345078405098
2214,-8.463345078405098
2215,-8.463345078405098
2216,-8.463345078405098
2217,-8.463345078405098
2218,-8.463345078405098
2219,-8.463345078405098
2220,-8.463345078405098
2221,-8.463345078405098
2222,-8.463345078405098
2223,-8.463345078405098
2224,-8.463345078405098
2225,-8.463345078405098
2226,-8.463345078405098
2227,-8.463345078405098
2228,-8.463345078405098
2229,-8.463345078405098
2230,-8.463345078405098
2231,-8.463345078405098
2232,-8.463345078405098
2233,-8.463345078405098
2234,-8.463345078405098
2235,-8.463345078405098
2236,-8.463345078405098
2237,-8.463345078405098
2238,-8.463345078405098
2239,-8.463345078405098
2240,-8.463345078405098
2241,-8.463345078405098
2242,-8.463345078405098
2243,-8.463345078405098
2244,-8.463345078405098
2245,-8.463345078405098
2246,-8.463345078405098
2247,-8.463345078405098
2248,-8.463345078405098
2249,-8.463345078405098
2250,-8.463345078405098
2251,-8.463345078405098
2252,-8.463345078405098
2253,-8.463345078405098
2254,-8.463345078405098
2255,-8.463345078405098
2256,-8.463345078405098
2257,-8.463345078405098
2258,-8.463345078405098
2259,-8.463345078405098
2260,-8.463345078405098
2261,-8.463345078405098
2262,-8.463345078405098
2263,-8.463345078405098
2264,-8.463345078405098
2265,-8.463345078405098
2266,-8.463345078405098
2267,-8.463345078405098
2268,-8.463345078405098
2269,-8.463345078405098
2270,-8.463345078405098
2271,-8.463345078405098
2272,-8.463345078405098
2273,-8.463345078405098
2274,-8.463345078405098
2275,-8.463345078405098
2276,-8.463345078405098
2277,-8.463345078405098
2278,-8.463345078405098
2279,-8.463345078405098
2280,-8.463345078405098
2281,-8.463345078405098
2282,-8.463345078405098
2283,-8.463345078405098
2284,-8.463345078405098
2285,-8.463345078405098
2286,-8.463345078405098
2287,-8.463345078405098
2288,-8.463345078405098
2289,-8.463345078405098
2290,-8.463345078405098
2291,-8.463345078405098
2292,-8.463345078405098
2293,-8.463345078405098
2294,-8.463345078405098
2295,-8.463345078405098
2296,-8.463345078405098
2297,-8.463345078405098
2298,-8.463345078405098
2299,-8.463345078405098
2300,-8.463345078405098
2301,-8.463345078405098
2302,-8.463345078405098
2303,-8.463345078405098
2304,-8.463345078405098
2305,-8.463345078405098
2306,-8.463345078405098
2307,-8.463345078405098
2308,-8.463345078405098
2309,-8.463345078405098
2310,-8.463345078405098
2311,-8.463345078405098
2312,-8.463345078405098
2313,-8.463345078405098
2314,-8.463345078405098
2315,-8.463345078405098
2316,-8.463345078405098
2317,-8.463345078405098
2318,-8.463345078405098
2319,-8.463345078405098
2320,-8.463345078405098
2321,-8.463345078405098
2322,-8.463345078405098
2323,-8.463345078405098
2324,-8.463345078405098
2325,-8.463345078405098
2326,-8.463345078405098
2327,-8.463345078405098
2328,-8.463345078405098
2329,-8.463345078405098
2330,-8.463345078405098
2331,-8.463345078405098
2332,-8.463345078405098
2333,-8.463345078405098
2334,-8.463345078405098
2335,-8.463345078405098
2336,-8.463345078405098
2337,-8.463345078405098
2338,-8.463345078405098
2339,-8.463345078405098
2340,-8.463345078405098
2341,-8.463345078405098
2342,-8.463345078405098
2343,-8.463345078405098
2344,-8.463345078405098
2345,-8.463345078405098
2346,-8.463345078405098
2347,-8.463345078405098
2348,-8.463345078405098
2349,-8.463345078405098
2350,-8.463345078405098
2351,-8.463345078405098
2352,-8.463345078405098
2353,-8.463345078405098
2354,-8.463345078405098
2355,-8.463345078405098
2356,-8.463345078405098
2357,-8.463345078405098
2358,-8.463345078405098
2359,-8.463345078405098
2360,-8.463345078405098
2361,-8.463345078405098
2362,-8.463345078405098
2363,-8.463345078405098
2364,-8.463345078405098
2365,-8.463345078405098
2366,-8.463345078405098
2367,-8.463345078405098
2368,-8.463345078405098
2369,-8.463345078405098
2370,-8.463345078405098
2371,-8.463345078405098
2372,-8.463345078405098
2373,-8.463345078405098
2374,-8.463345078405098
2375,-8.463345078405098
2376,-8.463345078405098
2377,-8.463345078405098
2378,-8.463345078405098
2379,-8.463345078405098
2380,-8.463345078405098
2381,-8.463345078405098
2382,-8.463345078405098
2383,-8.463345078405098
2384,-8.463345078405098
2385,-8.463345078405098
2386,-8.463345078405098
2387,-8.463345078405098
2388,-8.463345078405098
2389,-8.463345078405098
2390,-8.463345078405098
2391,-8.463345078405098
2392,-8.463345078405098
2393,-8.463345078405098
2394,-8.463345078405098
2395,-8.463345078405098
2396,-8.463345078405098
2397,-8.463345078405098
2398,-8.463345078405098
2399,-8.463345078405098
2400,-8.463345078405098
2401,-8.463345078405098
2402,-8.463345078405098
2403,-8.463345078405098
2404,-8.463345078405098
2405,-8.463345078405098
2406,-8.463345078405098
2407,-8.463345078405098
2408,-8.463345078405098
2409,-8.463345078405098
2410,-8.463345078405098
2411,-8.463345078405098
2412,-8.463345078405098
2413,-8.463345078405098
2414,-8.463345078405098
2415,-8.463345078405098
2416,-8.463345078405098
2417,-8.463345078405098
2418,-8.463345078405098
2419,-8.463345078405098
2420,-8.463345078405098
2421,-8.463345078405098
2422,-8.463345078405098
2423,-8.463345078405098
2424,-8.463345078405098
2425,-8.463345078405098
2426,-8.463345078405098
2427,-8.463345078405098
2428,-8.463345078405098
2429,-8.463345078405098
2430,-8.463345078405098
2431,-8.463345078405098
2432,-8.463345078405098
2433,-8.463345078405098
2434,-8.463345078405098
2435,-8.463345078405098
2436,-8.463345078405098
2437,-8.463345078405098
2438,-8.463345078405098
2439,-8.463345078405098
2440,-8.463345078405098
2441,-8.463345078405098
2442,-8.463345078405098
2443,-8.463345078405098
2444,-8.463345078405098
2445,-8.463345078405098
2446,-8.463345078405098
2447,-8.463345078405098
2448,-8.463345078405098
2449,-8.463345078405098
2450,-8.463345078405098
2451,-8.463345078405098
2452,-8.463345078405098
2453,-8.463345078405098
2454,-8.463345078405098
2455,-8.463345078405098
2456,-8.463345078405098
2457,-8.463345078405098
2458,-8.463345078405098
2459,-8.463345078405098
2460,-8.463345078405098
2461,-8.463345078405098
2462,-8.463345078405098
2463,-8.463345078405098
2464,-8.463345078405098
2465,-8.463345078405098
2466,-8.463345078405098
2467,-8.463345078405098
2468,-8.463345078405098
2469,-8.463345078405098
2470,-8.463345078405098
2471,-8.463345078405098
2472,-8.463345078405098
2473,-8.463345078405098
2474,-8.463345078405098
2475,-8.463345078405098
2476,-8.463345078405098
2477,-8.463345078405098
2478,-8.463345078405098
2479,-8.463345078405098
2480,-8.463345078405098
2481,-8.463345078405098
2482,-8.463345078405098
2483,-8.463345078405098
2484,-8.463345078405098
2485,-8.463345078405098
2486,-8.463345078405098
2487,-8.463345078405098
2488,-8.463345078405098
2489,-8.463345078405098
2490,-8.463345078405098
2491,-8.463345078405098
2492,-8.463345078405098
2493,-8.463345078405098
2494,-8.463345078405098
2495,-8.463345078405098
2496,-8.463345078405098
2497,-8.463345078405098
2498,-8.463345078405098
2499,-8.463345078405098
2500,-8.463345078405098
2501,-8.463345078405098
2502,-8.463345078405098
2503,-8.463345078405098
2504,-8.463345078405098
2505,-8.463345078405098
2506,-8.463345078405098
2507,-8.463345078405098
2508,-8.463345078405098
2509,-8.463345078405098
2510,-8.463345078405098
2511,-8.463345078405098
2512,-8.463345078405098
2513,-8.463345078405098
2514,-8.463345078405098
2515,-8.463345078405098
2516,-8.463345078405098
2517,-8.463345078405098
2518,-8.463345078405098
2519,-8.463345078405098
2520,-8.463345078405098
2521,-8.463345078405098
2522,-8.463345078405098
2523,-8.463345078405098
2524,-8.463345078405098
2525,-8.463345078405098
2526,-8.463345078405098
2527,-8.463345078405098
2528,-8.463345078405098
2529,-8.463345078405098
2530,-8.463345078405098
2531,-8.463345078405098
2532,-8.463345078405098
2533,-8.463345078405098
2534,-8.463345078405098
2535,-8.463345078405098
2536,-8.463345078405098
2537,-8.463345078405098
2538,-8.463345078405098
2539,-8.463345078405098
2540,-8.463345078405098
2541,-8.463345078405098
2542,-8.463345078405098
2543,-8.463345078405098
2544,-8.463345078405098
2545,-8.463345078405098
2546,-8.463345078405098
2547,-8.463345078405098
2548,-8.463345078405098
2549,-8.463345078405098
2550,-8.463345078405098
2551,-8.463345078405098
2552,-8.463345078405098
2553,-8.463345078405098
2554,-8.463345078405098
2555,-8.463345078405098
2556,-8.463345078405098
2557,-8.463345078405098
2558,-8.463345078405098
2559,-8.463345078405098
2560,-8.463345078405098
2561,-8.463345078405098
2562,-8.463345078405098
2563,-8.463345078405098
2564,-8.463345078405098
2565,-8.463345078405098
2566,-8.463345078405098
2567,-8.463345078405098
2568,-8.463345078405098
2569,-8.463345078405098
2570,-8.463345078405098
2571,-8.463345078405098
2572,-8.463345078405098
2573,-8.463345078405098
2574,-8.463345078405098
2575,-8.463345078405098
2576,-8.463345078405098
2577,-8.463345078405098
2578,-8.463345078405098
2579,-8.463345078405098
2580,-8.463345078405098
2581,-8.463345078405098
2582,-8.463345078405098
2583,-8.463345078405098
2584,-8.463345078405098
2585,-8.463345078405098
2586,-8.463345078405098
2587,-8.463345078405098
2588,-8.463345078405098
2589,-8.463345078405098
2590,-8.463345078405098
2591,-8.463345078405098
2592,-8.463345078405098
2593,-8.463345078405098
2594,-8.463345078405098
2595,-8.463345078405098
2596,-8.463345078405098
2597,-8.463345078405098
2598,-8.463345078405098
2599,-8.463345078405098
2600,-8.463345078405098
2601,-8.463345078405098
2602,-8.463345078405098
2603,-8.463345078405098
2604,-8.463345078405098
2605,-8.463345078405098
2606,-8.463345078405098
2607,-8.463345078405098
2608,-8.463345078405098
2609,-8.463345078405098
2610,-8.463345078405098
2611,-8.463345078405098
2612,-8.463345078405098
2613,-8.463345078405098
2614,-8.463345078405098
2615,-8.463345078405098
2616,-8.463345078405098
2617,-8.463345078405098
2618,-8.463345078405098
2619,-8.463345078405098
2620,-8.463345078405098
2621,-8.463345078405098
2622,-8.463345078405098
2623,-8.463345078405098
2624,-8.463345078405098
2625,-8.463345078405098
2626,-8.463345078405098
2627,-8.463345078405098
2628,-8.463345078405098
2629,-8.463345078405098
2630,-8.463345078405098
2631,-8.463345078405098
2632,-8.463345078405098
2633,-8.463345078405098
2634,-8.463345078405098
2635,-8.463345078405098
2636,-8.463345078405098
2637,-8.463345078405098
2638,-8.463345078405098
2639,-8.463345078405098
2640,-8.463345078405098
2641,-8.463345078405098
2642,-8.463345078405098
2643,-8.463345078405098
2644,-8.463345078405098
2645,-8.463345078405098
2646,-8.463345078405098
2647,-8.463345078405098
2648,-8.463345078405098
2649,-8.463345078405098
2650,-8.463345078405098
2651,-8.463345078405098
2652,-8.463345078405098
2653,-8.463345078405098
2654,-8.463345078405098
2655,-8.463345078405098
2656,-8.463345078405098
2657,-8.463345078405098
2658,-8.463345078405098
2659,-8.463345078405098
2660,-8.463345078405098
2661,-8.463345078405098
2662,-8.463345078405098
2663,-8.463345078405098
2664,-8.463345078405098
2665,-8.463345078405098
2666,-8.463345078405098
2667,-8.463345078405098
2668,-8.463345078405098
2669,-8.463345078405098
2670,-8.463345078405098
2671,-8.463345078405098
2672,-8.463345078405098
2673,-8.463345078405098
2674,-8.463345078405098
2675,-8.463345078405098
2676,-8.463345078405098
2677,-8.463345078405098
2678,-8.463345078405098
2679,-8.463345078405098
2680,-8.463345078405098
2681,-8.463345078405098
2682,-8.463345078405098
2683,-8.463345078405098
2684,-8.463345078405098
2685,-8.463345078405098
2686,-8.463345078405098
2687,-8.463345078405098
2688,-8.463345078405098
2689,-8.463345078405098
2690,-8.463345078405098
2691,-8.463345078405098
2692,-8.463345078405098
2693,-8.463345078405098
2694,-8.463345078405098
2695,-8.463345078405098
2696,-8.463345078405098
2697,-8.463345078405098
2698,-8.463345078405098
2699,-8.463345078405098
2700,-8.463345078405098
2701,-8.463345078405098
2702,-8.463345078405098
2703,-8.463345078405098
2704,-8.463345078405098
2705,-8.463345078405098
2706,-8.463345078405098
2707,-8.463345078405098
2708,-8.463345078405098
2709,-8.463345078405098
2710,-8.463345078405098
2711,-8.463345078405098
2712,-8.463345078405098
2713,-8.463345078405098
2714,-8.463345078405098
2715,-8.463345078405098
2716,-8.463345078405098
2717,-8.463345078405098
2718,-8.463345078405098
2719,-8.463345078405098
2720,-8.463345078405098
2721,-8.463345078405098
2722,-8.463345078405098
2723,-8.463345078405098
2724,-8.463345078405098
2725,-8.463345078405098
2726,-8.463345078405098
2727,-8.463345078405098
2728,-8.463345078405098
2729,-8.463345078405098
2730,-8.463345078405098
2731,-8.463345078405098
2732,-8.463345078405098
2733,-8.463345078405098
2734,-8.463345078405098
2735,-8.463345078405098
2736,-8.463345078405098
2737,-8.463345078405098
2738,-8.463345078405098
2739,-8.463345078405098
2740,-8.463345078405098
2741,-8.463345078405098
2742,-8.463345078405098
2743,-8.463345078405098
2744,-8.463345078405098
2745,-8.463345078405098
2746,-8.463345078405098
2747,-8.463345078405098
2748,-8.463345078405098
2749,-8.463345078405098
2750,-8.463345078405098
2751,-8.463345078405098
2752,-8.463345078405098
2753,-8.463345078405098
2754,-8.463345078405098
2755,-8.463345078405098
2756,-8.463345078405098
2757,-8.463345078405098
2758,-8.463345078405098
2759,-8.463345078405098
2760,-8.463345078405098
2761,-8.463345078405098
2762,-8.463345078405098
2763,-8.463345078405098
2764,-8.463345078405098
2765,-8.463345078405098
2766,-8.463345078405098
2767,-8.463345078405098
2768,-8.463345078405098
2769,-8.463345078405098
2770,-8.463345078405098
2771,-8.463345078405098
2772,-8.463345078405098
2773,-8.463345078405098
2774,-8.463345078405098
2775,-8.463345078405098
2776,-8.463345078405098
2777,-8.463345078405098
2778,-8.463345078405098
2779,-8.463345078405098
2780,-8.463345078405098
2781,-8.463345078405098
2782,-8.463345078405098
2783,-8.463345078405098
2784,-8.463345078405098
2785,-8.463345078405098
2786,-8.463345078405098
2787,-8.463345078405098
2788,-8.463345078405098
2789,-8.463345078405098
2790,-8.463345078405098
2791,-8.463345078405098
2792,-8.463345078405098
2793,-8.463345078405098
2794,-8.463345078405098
2795,-8.463345078405098
2796,-8.463345078405098
2797,-8.463345078405098
2798,-8.463345078405098
2799,-8.463345078405098
2800,-8.463345078405098
2801,-8.463345078405098
2802,-8.463345078405098
2803,-8.463345078405098
2804,-8.463345078405098
2805,-8.463345078405098
2806,-8.463345078405098
2807,-8.463345078405098
2808,-8.463345078405098
2809,-8.463345078405098
2810,-8.463345078405098
2811,-8.463345078405098
2812,-8.463345078405098
2813,-8.463345078405098
2814,-8.463345078405098
2815,-8.463345078405098
2816,-8.463345078405098
2817,-8.463345078405098
2818,-8.463345078405098
2819,-8.463345078405098
2820,-8.463345078405098
2821,-8.463345078405098
2822,-8.463345078405098
2823,-8.463345078405098
2824,-8.463345078405098
2825,-8.463345078405098
2826,-8.463345078405098
2827,-8.463345078405098
2828,-8.463345078405098
2829,-8.463345078405098
2830,-8.463345078405098
2831,-8.463345078405098
2832,-8.463345078405098
2833,-8.463345078405098
2834,-8.463345078405098
2835,-8.463345078405098
2836,-8.463345078405098
2837,-8.463345078405098
2838,-8.463345078405098
2839,-8.463345078405098
2840,-8.463345078405098
2841,-8.463345078405098
2842,-8.463345078405098
2843,-8.463345078405098
2844,-8.463345078405098
2845,-8.463345078405098
2846,-8.463345078405098
2847,-8.463345078405098
2848,-8.463345078405098
2849,-8.463345078405098
2850,-8.463345078405098
2851,-8.463345078405098
2852,-8.463345078405098
2853,-8.463345078405098
2854,-8.463345078405098
2855,-8.463345078405098
2856,-8.463345078405098
2857,-8.463345078405098
2858,-8.463345078405098
2859,-8.463345078405098
2860,-8.463345078405098
2861,-8.463345078405098
2862,-8.463345078405098
2863,-8.463345078405098
2864,-8.463345078405098
2865,-8.463345078405098
2866,-8.463345078405098
2867,-8.463345078405098
2868,-8.463345078405098
2869,-8.463345078405098
2870,-8.463345078405098
2871,-8.463345078405098
2872,-8.463345078405098
2873,-8.463345078405098
2874,-8.463345078405098
2875,-8.463345078405098
2876,-8.463345078405098
2877,-8.463345078405098
2878,-8.463345078405098
2879,-8.463345078405098
2880,-8.463345078405098
2881,-8.463345078405098
2882,-8.463345078405098
2883,-8.463345078405098
2884,-8.463345078405098
2885,-8.463345078405098
2886,-8.463345078405098
2887,-8.463345078405098
2888,-8.463345078405098
2889,-8.463345078405098
2890,-8.463345078405098
2891,-8.463345078405098
2892,-8.463345078405098
2893,-8.463345078405098
2894,-8.463345078405098
2895,-8.463345078405098
2896,-8.463345078405098
2897,-8.463345078405098
2898,-8.463345078405098
2899,-8.463345078405098
2900,-8.463345078405098
2901,-8.463345078405098
2902,-8.463345078405098
2903,-8.463345078405098
2904,-8.463345078405098
2905,-8.463345078405098
2906,-8.463345078405098
2907,-8.463345078405098
2908,-8.463345078405098
2909,-8.463345078405098
2910,-8.463345078405098
2911,-8.463345078405098
2912,-8.463345078405098
2913,-8.463345078405098
2914,-8.463345078405098
2915,-8.463345078405098
2916,-8.463345078405098
2917,-8.463345078405098
2918,-8.463345078405098
2919,-8.463345078405098
2920,-8.463345078405098
2921,-8.463345078405098
2922,-8.463345078405098
2923,-8.463345078405098
2924,-8.463345078405098
2925,-8.463345078405098
2926,-8.463345078405098
2927,-8.463345078405098
2928,-8.463345078405098
2929,-8.463345078405098
2930,-8.463345078405098
2931,-8.463345078405098
2932,-8.463345078405098
2933,-8.463345078405098
2934,-8.463345078405098
2935,-8.463345078405098
2936,-8.463345078405098
2937,-8.463345078405098
2938,-8.463345078405098
2939,-8.463345078405098
2940,-8.463345078405098
2941,-8.463345078405098
2942,-8.463345078405098
2943,-8.463345078405098
2944,-8.463345078405098
2945,-8.463345078405098
2946,-8.463345078405098
2947,-8.463345078405098
2948,-8.463345078405098
2949,-8.463345078405098
2950,-8.463345078405098
2951,-8.463345078405098
2952,-8.463345078405098
2953,-8.463345078405098
2954,-8.463345078405098
2955,-8.463345078405098
2956,-8.463345078405098
2957,-8.463345078405098
2958,-8.463345078405098
2959,-8.463345078405098
2960,-8.463345078405098
2961,-8.463345078405098
2962,-8.463345078405098
2963,-8.463345078405098
2964,-8.463345078405098
2965,-8.463345078405098
2966,-8.463345078405098
2967,-8.463345078405098
2968,-8.463345078405098
2969,-8.463345078405098
2970,-8.463345078405098
2971,-8.463345078405098
2972,-8.463345078405098
2973,-8.463345078405098
2974,-8.463345078405098
2975,-8.463345078405098
2976,-8.463345078405098
2977,-8.463345078405098
2978,-8.463345078405098
2979,-8.463345078405098
2980,-8.463345078405098
2981,-8.463345078405098
2982,-8.463345078405098
2983,-8.463345078405098
2984,-8.463345078405098
2985,-8.463345078405098
2986,-8.463345078405098
2987,-8.463345078405098
2988,-8.463345078405098
2989,-8.463345078405098
2990,-8.463345078405098
2991,-8.463345078405098
2992,-8.463345078405098
2993,-8.463345078405098
2994,-8.463345078405098
2995,-8.463345078405098
2996,-8.463345078405098
2997,-8.463345078405098
2998,-8.463345078405098
2999,-8.463345078405098
3000,-8.463345078405098
3001,-8.463345078405098
3002,-8.463345078405098
3003,-8.463345078405098
3004,-8.463345078405098
3005,-8.463345078405098
3006,-8.463345078405098
3007,-8.463345078405098
3008,-8.463345078405098
3009,-8.463345078405098
3010,-8.463345078405098
3011,-8.463345078405098
3012,-8.463345078405098
3013,-8.463345078405098
3014,-8.463345078405098
3015,-8.463345078405098
3016,-8.463345078405098
3017,-8.463345078405098
3018,-8.463345078405098
3019,-8.463345078405098
3020,-8.463345078405098
3021,-8.463345078405098
3022,-8.463345078405098
3023,-8.463345078405098
3024,-8.463345078405098
3025,-8.463345078405098
3026,-8.463345078405098
3027,-8.463345078405098
3028,-8.463345078405098
3029,-8.463345078405098
3030,-8.463345078405098
3031,-8.463345078405098
3032,-8.463345078405098
3033,-8.463345078405098
3034,-8.463345078405098
3035,-8.463345078405098
3036,-8.463345078405098
3037,-8.463345078405098
3038,-8.463345078405098
3039,-8.463345078405098
3040,-8.463345078405098
3041,-8.463345078405098
3042,-8.463345078405098
3043,-8.463345078405098
3044,-8.463345078405098
3045,-8.463345078405098
3046,-8.463345078405098
3047,-8.463345078405098
3048,-8.463345078405098
3049,-8.463345078405098
3050,-8.463345078405098
3051,-8.463345078405098
3052,-8.463345078405098
3053,-8.463345078405098
3054,-8.463345078405098
3055,-8.463345078405098
3056,-8.463345078405098
3057,-8.463345078405098
3058,-8.463345078405098
3059,-8.463345078405098
3060,-8.463345078405098
3061,-8.463345078405098
3062,-8.463345078405098
3063,-8.463345078405098
3064,-8.463345078405098
3065,-8.463345078405098
3066,-8.463345078405098
3067,-8.463345078405098
3068,-8.463345078405098
3069,-8.463345078405098
3070,-8.463345078405098
3071,-8.463345078405098
3072,-8.463345078405098
3073,-8.463345078405098
3074,-8.463345078405098
3075,-8.463345078405098
3076,-8.463345078405098
3077,-8.463345078405098
3078,-8.463345078405098
3079,-8.463345078405098
3080,-8.463345078405098
3081,-8.463345078405098
3082,-8.463345078405098
3083,-8.463345078405098
3084,-8.463345078405098
3085,-8.463345078405098
3086,-8.463345078405098
3087,-8.463345078405098
3088,-8.463345078405098
3089,-8.463345078405098
3090,-8.463345078405098
3091,-8.463345078405098
3092,-8.463345078405098
3093,-8.463345078405098
3094,-8.463345078405098
3095,-8.463345078405098
3096,-8.463345078405098
3097,-8.463345078405098
3098,-8.463345078405098
3099,-8.463345078405098
3100,-8.463345078405098
3101,-8.463345078405098
3102,-8.463345078405098
3103,-8.463345078405098
3104,-8.463345078405098
3105,-8.463345078405098
3106,-8.463345078405098
3107,-8.463345078405098
3108,-8.463345078405098
3109,-8.463345078405098
3110,-8.463345078405098
3111,-8.463345078405098
3112,-8.463345078405098
3113,-8.463345078405098
3114,-8.463345078405098
3115,-8.463345078405098
3116,-8.463345078405098
3117,-8.463345078405098
3118,-8.463345078405098
3119,-8.463345078405098
3120,-8.463345078405098
3121,-8.463345078405098
3122,-8.463345078405098
3123,-8.463345078405098
3124,-8.463345078405098
3125,-8.463345078405098
3126,-8.463345078405098
3127,-8.463345078405098
3128,-8.463345078405098
3129,-8.463345078405098
3130,-8.463345078405098
3131,-8.463345078405098
3132,-8.463345078405098
3133,-8.463345078405098
3134,-8.463345078405098
3135,-8.463345078405098
3136,-8.463345078405098
3137,-8.463345078405098
3138,-8.463345078405098
3139,-8.463345078405098
3140,-8.463345078405098
3141,-8.463345078405098
3142,-8.463345078405098
3143,-8.463345078405098
3144,-8.463345078405098
3145,-8.463345078405098
3146,-8.463345078405098
3147,-8.463345078405098
3148,-8.463345078405098
3149,-8.463345078405098
3150,-8.463345078405098
3151,-8.463345078405098
3152,-8.463345078405098
3153,-8.463345078405098
3154,-8.463345078405098
3155,-8.463345078405098
3156,-8.463345078405098
3157,-8.463345078405098
3158,-8.463345078405098
3159,-8.463345078405098
3160,-8.463345078405098
3161,-8.463345078405098
3162,-8.463345078405098
3163,-8.463345078405098
3164,-8.463345078405098
3165,-8.463345078405098
3166,-8.463345078405098
3167,-8.463345078405098
3168,-8.463345078405098
3169,-8.463345078405098
3170,-8.463345078405098
3171,-8.463345078405098
3172,-8.463345078405098
3173,-8.463345078405098
3174,-8.463345078405098
3175,-8.463345078405098
3176,-8.463345078405098
3177,-8.463345078405098
3178,-8.463345078405098
3179,-8.463345078405098
3180,-8.463345078405098
3181,-8.463345078405098
3182,-8.463345078405098
3183,-8.463345078405098
3184,-8.463345078405098
3185,-8.463345078405098
3186,-8.463345078405098
3187,-8.463345078405098
3188,-8.463345078405098
3189,-8.463345078405098
3190,-8.463345078405098
3191,-8.463345078405098
3192,-8.463345078405098
3193,-8.463345078405098
3194,-8.463345078405098
3195,-8.463345078405098
3196,-8.463345078405098
3197,-8.463345078405098
3198,-8.463345078405098
3199,-8.463345078405098
3200,-8.463345078405098
3201,-8.463345078405098
3202,-8.463345078405098
3203,-8.463345078405098
3204,-8.463345078405098
3205,-8.463345078405098
3206,-8.463345078405098
3207,-8.463345078405098
3208,-8.463345078405098
3209,-8.463345078405098
3210,-8.463345078405098
3211,-8.463345078405098
3212,-8.463345078405098
3213,-8.463345078405098
3214,-8.463345078405098
3215,-8.463345078405098
3216,-8.463345078405098
3217,-8.463345078405098
3218,-8.463345078405098
3219,-8.463345078405098
3220,-8.463345078405098
3221,-8.463345078405098
3222,-8.463345078405098
3223,-8.463345078405098
3224,-8.463345078405098
3225,-8.463345078405098
3226,-8.463345078405098
3227,-8.463345078405098
3228,-8.463345078405098
3229,-8.463345078405098
3230,-8.463345078405098
3231,-8.463345078405098
3232,-8.463345078405098
3233,-8.463345078405098
3234,-8.463345078405098
3235,-8.463345078405098
3236,-8.463345078405098
3237,-8.463345078405098
3238,-8.463345078405098
3239,-8.463345078405098
3240,-8.463345078405098
3241,-8.463345078405098
3242,-8.463345078405098
3243,-8.463345078405098
3244,-8.463345078405098
3245,-8.463345078405098
3246,-8.463345078405098
3247,-8.463345078405098
3248,-8.463345078405098
3249,-8.463345078405098
3250,-8.463345078405098
3251,-8.463345078405098
3252,-8.463345078405098
3253,-8.463345078405098
3254,-8.463345078405098
3255,-8.463345078405098
3256,-8.463345078405098
3257,-8.463345078405098
3258,-8.463345078405098
3259,-8.463345078405098
3260,-8.463345078405098
3261,-8.463345078405098
3262,-8.463345078405098
3263,-8.463345078405098
3264,-8.463345078405098
3265,-8.463345078405098
3266,-8.463345078405098
3267,-8.463345078405098
3268,-8.463345078405098
3269,-8.463345078405098
3270,-8.463345078405098
3271,-8.463345078405098
3272,-8.463345078405098
3273,-8.463345078405098
3274,-8.463345078405098
3275,-8.463345078405098
3276,-8.463345078405098
3277,-8.463345078405098
3278,-8.463345078405098
3279,-8.463345078405098
3280,-8.463345078405098
3281,-8.463345078405098
3282,-8.463345078405098
3283,-8.463345078405098
3284,-8.463345078405098
3285,-8.463345078405098
3286,-8.463345078405098
3287,-8.463345078405098
3288,-8.463345078405098
3289,-8.463345078405098
3290,-8.463345078405098
3291,-8.463345078405098
3292,-8.463345078405098
3293,-8.463345078405098
3294,-8.463345078405098
3295,-8.463345078405098
3296,-8.463345078405098
3297,-8.463345078405098
3298,-8.463345078405098
3299,-8.463345078405098
3300,-8.463345078405098
3301,-8.463345078405098
3302,-8.463345078405098
3303,-8.463345078405098
3304,-8.463345078405098
3305,-8.463345078405098
3306,-8.463345078405098
3307,-8.463345078405098
3308,-8.463345078405098
3309,-8.463345078405098
3310,-8.463345078405098
3311,-8.463345078405098
3312,-8.463345078405098
3313,-8.463345078405098
3314,-8.463345078405098
3315,-8.463345078405098
3316,-8.463345078405098
3317,-8.463345078405098
3318,-8.463345078405098
3319,-8.463345078405098
3320,-8.463345078405098
3321,-8.463345078405098
3322,-8.463345078405098
3323,-8.463345078405098
3324,-8.463345078405098
3325,-8.463345078405098
3326,-8.463345078405098
3327,-8.463345078405098
3328,-8.463345078405098
3329,-8.463345078405098
3330,-8.463345078405098
3331,-8.463345078405098
3332,-8.463345078405098
3333,-8.463345078405098
3334,-8.463345078405098
3335,-8.463345078405098
3336,-8.463345078405098
3337,-8.463345078405098
3338,-8.463345078405098
3339,-8.463345078405098
3340,-8.463345078405098
3341,-8.463345078405098
3342,-8.463345078405098
3343,-8.463345078405098
3344,-8.463345078405098
3345,-8.463345078405098
3346,-8.463345078405098
3347,-8.463345078405098
3348,-8.463345078405098
3349,-8.463345078405098
3350,-8.463345078405098
3351,-8.463345078405098
3352,-8.463345078405098
3353,-8.463345078405098
3354,-8.463345078405098
3355,-8.463345078405098
3356,-8.463345078405098
3357,-8.463345078405098
3358,-8.463345078405098
3359,-8.463345078405098
3360,-8.463345078405098
3361,-8.463345078405098
3362,-8.463345078405098
3363,-8.463345078405098
3364,-8.463345078405098
3365,-8.463345078405098
3366,-8.463345078405098
3367,-8.463345078405098
3368,-8.463345078405098
3369,-8.463345078405098
3370,-8.463345078405098
3371,-8.463345078405098
3372,-8.463345078405098
3373,-8.463345078405098
3374,-8.463345078405098
3375,-8.463345078405098
3376,-8.463345078405098
3377,-8.463345078405098
3378,-8.463345078405098
3379,-8.463345078405098
3380,-8.463345078405098
3381,-8.463345078405098
3382,-8.463345078405098
3383,-8.463345078405098
3384,-8.463345078405098
3385,-8.463345078405098
3386,-8.463345078405098
3387,-8.463345078405098
3388,-8.463345078405098
3389,-8.463345078405098
3390,-8.463345078405098
3391,-8.463345078405098
3392,-8.463345078405098
3393,-8.463345078405098
3394,-8.463345078405098
3395,-8.463345078405098
3396,-8.463345078405098
3397,-8.463345078405098
3398,-8.463345078405098
3399,-8.463345078405098
3400,-8.463345078405098
3401,-8.463345078405098
3402,-8.463345078405098
3403,-8.463345078405098
3404,-8.463345078405098
3405,-8.463345078405098
3406,-8.463345078405098
3407,-8.463345078405098
3408,-8.463345078405098
3409,-8.463345078405098
3410,-8.463345078405098
3411,-8.463345078405098
3412,-8.463345078405098
3413,-8.463345078405098
3414,-8.463345078405098
3415,-8.463345078405098
3416,-8.463345078405098
3417,-8.463345078405098
3418,-8.463345078405098
3419,-8.463345078405098
3420,-8.463345078405098
3421,-8.463345078405098
3422,-8.463345078405098
3423,-8.463345078405098
3424,-8.463345078405098
3425,-8.463345078405098
3426,-8.463345078405098
3427,-8.463345078405098
3428,-8.463345078405098
3429,-8.463345078405098
3430,-8.463345078405098
3431,-8.463345078405098
3432,-8.463345078405098
3433,-8.463345078405098
3434,-8.463345078405098
3435,-8.463345078405098
3436,-8.463345078405098
3437,-8.463345078405098
3438,-8.463345078405098
3439,-8.463345078405098
3440,-8.463345078405098
3441,-8.463345078405098
3442,-8.463345078405098
3443,-8.463345078405098
3444,-8.463345078405098
3445,-8.463345078405098
3446,-8.463345078405098
3447,-8.463345078405098
3448,-8.463345078405098
3449,-8.463345078405098
3450,-8.463345078405098
3451,-8.463345078405098
3452,-8.463345078405098
3453,-8.463345078405098
3454,-8.463345078405098
3455,-8.463345078405098
3456,-8.463345078405098
3457,-8.463345078405098
3458,-8.463345078405098
3459,-8.463345078405098
3460,-8.463345078405098
3461,-8.463345078405098
3462,-8.463345078405098
3463,-8.463345078405098
3464,-8.463345078405098
3465,-8.463345078405098
3466,-8.463345078405098
3467,-8.463345078405098
3468,-8.463345078405098
3469,-8.463345078405098
3470,-8.463345078405098
3471,-8.463345078405098
3472,-8.463345078405098
3473,-8.463345078405098
3474,-8.463345078405098
3475,-8.463345078405098
3476,-8.463345078405098
3477,-8.463345078405098
3478,-8.463345078405098
3479,-8.463345078405098
3480,-8.463345078405098
3481,-8.463345078405098
3482,-8.463345078405098
3483,-8.463345078405098
3484,-8.463345078405098
3485,-8.463345078405098
3486,-8.463345078405098
3487,-8.463345078405098
3488,-8.463345078405098
3489,-8.463345078405098
3490,-8.463345078405098
3491,-8.463345078405098
3492,-8.463345078405098
3493,-8.463345078405098
3494,-8.463345078405098
3495,-8.463345078405098
3496,-8.463345078405098
3497,-8.463345078405098
3498,-8.463345078405098
3499,-8.463345078405098
3500,-8.463345078405098
3501,-8.463345078405098
3502,-8.463345078405098
3503,-8.463345078405098
3504,-8.463345078405098
3505,-8.463345078405098
3506,-8.463345078405098
3507,-8.463345078405098
3508,-8.463345078405098
3509,-8.463345078405098
3510,-8.463345078405098
3511,-8.463345078405098
3512,-8.463345078405098
3513,-8.463345078405098
3514,-8.463345078405098
3515,-8.463345078405098
3516,-8.463345078405098
3517,-8.463345078405098
3518,-8.463345078405098
3519,-8.463345078405098
3520,-8.463345078405098
3521,-8.463345078405098
3522,-8.463345078405098
3523,-8.463345078405098
3524,-8.463345078405098
3525,-8.463345078405098
3526,-8.463345078405098
3527,-8.463345078405098
3528,-8.463345078405098
3529,-8.463345078405098
3530,-8.463345078405098
3531,-8.463345078405098
3532,-8.463345078405098
3533,-8.463345078405098
3534,-8.463345078405098
3535,-8.463345078405098
3536,-8.463345078405098
3537,-8.463345078405098
3538,-8.463345078405098
3539,-8.463345078405098
3540,-8.463345078405098
3541,-8.463345078405098
3542,-8.463345078405098
3543,-8.463345078405098
3544,-8.463345078405098
3545,-8.463345078405098
3546,-8.463345078405098
3547,-8.463345078405098
3548,-8.463345078405098
3549,-8.463345078405098
3550,-8.463345078405098
3551,-8.463345078405098
3552,-8.463345078405098
3553,-8.463345078405098
3554,-8.463345078405098
3555,-8.463345078405098
3556,-8.463345078405098
3557,-8.463345078405098
3558,-8.463345078405098
3559,-8.463345078405098
3560,-8.463345078405098
3561,-8.463345078405098
3562,-8.463345078405098
3563,-8.463345078405098
3564,-8.463345078405098
3565,-8.463345078405098
3566,-8.463345078405098
3567,-8.463345078405098
3568,-8.463345078405098
3569,-8.463345078405098
3570,-8.463345078405098
3571,-8.463345078405098
3572,-8.463345078405098
3573,-8.463345078405098
3574,-8.463345078405098
3575,-8.463345078405098
3576,-8.463345078405098
3577,-8.463345078405098
3578,-8.463345078405098
3579,-8.463345078405098
3580,-8.463345078405098
3581,-8.463345078405098
3582,-8.463345078405098
3583,-8.463345078405098
3584,-8.463345078405098
3585,-8.463345078405098
3586,-8.463345078405098
3587,-8.463345078405098
3588,-8.463345078405098
3589,-8.463345078405098
3590,-8.463345078405098
3591,-8.463345078405098
3592,-8.463345078405098
3593,-8.463345078405098
3594,-8.463345078405098
3595,-8.463345078405098
3596,-8.463345078405098
3597,-8.463345078405098
3598,-8.463345078405098
3599,-8.463345078405098
3600,-8.463345078405098
3601,-8.463345078405098
3602,-8.463345078405098
3603,-8.463345078405098
3604,-8.463345078405098
3605,-8.463345078405098
3606,-8.463345078405098
3607,-8.463345078405098
3608,-8.463345078405098
3609,-8.463345078405098
3610,-8.463345078405098
3611,-8.463345078405098
3612,-8.463345078405098
3613,-8.463345078405098
3614,-8.463345078405098
3615,-8.463345078405098
3616,-8.463345078405098
3617,-8.463345078405098
3618,-8.463345078405098
3619,-8.463345078405098
3620,-8.463345078405098
3621,-8.463345078405098
3622,-8.463345078405098
3623,-8.463345078405098
3624,-8.463345078405098
3625,-8.463345078405098
3626,-8.463345078405098
3627,-8.463345078405098
3628,-8.463345078405098
3629,-8.463345078405098
3630,-8.463345078405098
3631,-8.463345078405098
3632,-8.463345078405098
3633,-8.463345078405098
3634,-8.463345078405098
3635,-8.463345078405098
3636,-8.463345078405098
3637,-8.463345078405098
3638,-8.463345078405098
3639,-8.463345078405098
3640,-8.463345078405098
3641,-8.463345078405098
3642,-8.463345078405098
3643,-8.463345078405098
3644,-8.463345078405098
3645,-8.463345078405098
3646,-8.463345078405098
3647,-8.463345078405098
3648,-8.463345078405098
3649,-8.463345078405098
3650,-8.463345078405098
3651,-8.463345078405098
3652,-8.463345078405098
3653,-8.463345078405098
3654,-8.463345078405098
3655,-8.463345078405098
3656,-8.463345078405098
3657,-8.463345078405098
3658,-8.463345078405098
3659,-8.463345078405098
3660,-8.463345078405098
3661,-8.463345078405098
3662,-8.463345078405098
3663,-8.463345078405098
3664,-8.463345078405098
3665,-8.463345078405098
3666,-8.463345078405098
3667,-8.463345078405098
3668,-8.463345078405098
3669,-8.463345078405098
3670,-8.463345078405098
3671,-8.463345078405098
3672,-8.463345078405098
3673,-8.463345078405098
3674,-8.463345078405098
3675,-8.463345078405098
3676,-8.463345078405098
3677,-8.463345078405098
3678,-8.463345078405098
3679,-8.463345078405098
3680,-8.463345078405098
3681,-8.463345078405098
3682,-8.463345078405098
3683,-8.463345078405098
3684,-8.463345078405098
3685,-8.463345078405098
3686,-8.463345078405098
3687,-8.463345078405098
3688,-8.463345078405098
3689,-8.463345078405098
3690,-8.463345078405098
3691,-8.463345078405098
3692,-8.463345078405098
3693,-8.463345078405098
3694,-8.463345078405098
3695,-8.463345078405098
3696,-8.463345078405098
3697,-8.463345078405098
3698,-8.463345078405098
3699,-8.463345078405098
3700,-8.463345078405098
3701,-8.463345078405098
3702,-8.463345078405098
3703,-8.463345078405098
3704,-8.463345078405098
3705,-8.463345078405098
3706,-8.463345078405098
3707,-8.463345078405098
3708,-8.463345078405098
3709,-8.463345078405098
3710,-8.463345078405098
3711,-8.463345078405098
3712,-8.463345078405098
3713,-8.463345078405098
3714,-8.463345078405098
3715,-8.463345078405098
3716,-8.463345078405098
3717,-8.463345078405098
3718,-8.463345078405098
3719,-8.463345078405098
3720,-8.463345078405098
3721,-8.463345078405098
3722,-8.463345078405098
3723,-8.463345078405098
3724,-8.463345078405098
3725,-8.463345078405098
3726,-8.463345078405098
3727,-8.463345078405098
3728,-8.463345078405098
3729,-8.463345078405098
3730,-8.463345078405098
3731,-8.463345078405098
3732,-8.463345078405098
3733,-8.463345078405098
3734,-8.463345078405098
3735,-8.463345078405098
3736,-8.463345078405098
3737,-8.463345078405098
3738,-8.463345078405098
3739,-8.463345078405098
3740,-8.463345078405098
3741,-8.463345078405098
3742,-8.463345078405098
3743,-8.463345078405098
3744,-8.463345078405098
3745,-8.463345078405098
3746,-8.463345078405098
3747,-8.463345078405098
3748,-8.463345078405098
3749,-8.463345078405098
3750,-8.463345078405098
3751,-8.463345078405098
3752,-8.463345078405098
3753,-8.463345078405098
3754,-8.463345078405098
3755,-8.463345078405098
3756,-8.463345078405098
3757,-8.463345078405098
3758,-8.463345078405098
3759,-8.463345078405098
3760,-8.463345078405098
3761,-8.463345078405098
3762,-8.463345078405098
3763,-8.463345078405098
3764,-8.463345078405098
3765,-8.463345078405098
3766,-8.463345078405098
3767,-8.463345078405098
3768,-8.463345078405098
3769,-8.463345078405098
3770,-8.463345078405098
3771,-8.463345078405098
3772,-8.463345078405098
3773,-8.463345078405098
3774,-8.463345078405098
3775,-8.463345078405098
3776,-8.463345078405098
3777,-8.463345078405098
3778,-8.463345078405098
3779,-8.463345078405098
3780,-8.463345078405098
3781,-8.463345078405098
3782,-8.463345078405098
3783,-8.463345078405098
3784,-8.463345078405098
3785,-8.463345078405098
3786,-8.463345078405098
3787,-8.463345078405098
3788,-8.463345078405098
3789,-8.463345078405098
3790,-8.463345078405098
3791,-8.463345078405098
3792,-8.463345078405098
3793,-8.463345078405098
3794,-8.463345078405098
3795,-8.463345078405098
3796,-8.463345078405098
3797,-8.463345078405098
3798,-8.463345078405098
3799,-8.463345078405098
3800,-8.463345078405098
3801,-8.463345078405098
3802,-8.463345078405098
3803,-8.463345078405098
3804,-8.463345078405098
3805,-8.463345078405098
3806,-8.463345078405098
3807,-8.463345078405098
3808,-8.463345078405098
3809,-8.463345078405098
3810,-8.463345078405098
3811,-8.463345078405098
3812,-8.463345078405098
3813,-8.463345078405098
3814,-8.463345078405098
3815,-8.463345078405098
3816,-8.463345078405098
3817,-8.463345078405098
3818,-8.463345078405098
3819,-8.463345078405098
3820,-8.463345078405098
3821,-8.463345078405098
3822,-8.463345078405098
3823,-8.463345078405098
3824,-8.463345078405098
3825,-8.463345078405098
3826,-8.463345078405098
3827,-8.463345078405098
3828,-8.463345078405098
3829,-8.463345078405098
3830,-8.463345078405098
3831,-8.463345078405098
3832,-8.463345078405098
3833,-8.463345078405098
3834,-8.463345078405098
3835,-8.463345078405098
3836,-8.463345078405098
3837,-8.463345078405098
3838,-8.463345078405098
3839,-8.463345078405098
3840,-8.463345078405098
3841,-8.463345078405098
3842,-8.463345078405098
3843,-8.463345078405098
3844,-8.463345078405098
3845,-8.463345078405098
3846,-8.463345078405098
3847,-8.463345078405098
3848,-8.463345078405098
3849,-8.463345078405098
3850,-8.463345078405098
3851,-8.463345078405098
3852,-8.463345078405098
3853,-8.463345078405098
3854,-8.463345078405098
3855,-8.463345078405098
3856,-8.463345078405098
3857,-8.463345078405098
3858,-8.463345078405098
3859,-8.463345078405098
3860,-8.463345078405098
3861,-8.463345078405098
3862,-8.463345078405098
3863,-8.463345078405098
3864,-8.463345078405098
3865,-8.463345078405098
3866,-8.463345078405098
3867,-8.463345078405098
3868,-8.463345078405098
3869,-8.463345078405098
3870,-8.463345078405098
3871,-8.463345078405098
3872,-8.463345078405098
3873,-8.463345078405098
3874,-8.463345078405098
3875,-8.463345078405098
3876,-8.463345078405098
3877,-8.463345078405098
3878,-8.463345078405098
3879,-8.463345078405098
3880,-8.463345078405098
3881,-8.463345078405098
3882,-8.463345078405098
3883,-8.463345078405098
3884,-8.463345078405098
3885,-8.463345078405098
3886,-8.463345078405098
3887,-8.463345078405098
3888,-8.463345078405098
3889,-8.463345078405098
3890,-8.463345078405098
3891,-8.463345078405098
3892,-8.463345078405098
3893,-8.463345078405098
3894,-8.463345078405098
3895,-8.463345078405098
3896,-8.463345078405098
3897,-8.463345078405098
3898,-8.463345078405098
3899,-8.463345078405098
3900,-8.463345078405098
3901,-8.463345078405098
3902,-8.463345078405098
3903,-8.463345078405098
3904,-8.463345078405098
3905,-8.463345078405098
3906,-8.463345078405098
3907,-8.463345078405098
3908,-8.463345078405098
3909,-8.463345078405098
3910,-8.463345078405098
3911,-8.463345078405098
3912,-8.463345078405098
3913,-8.463345078405098
3914,-8.463345078405098
3915,-8.463345078405098
3916,-8.463345078405098
3917,-8.463345078405098
3918,-8.463345078405098
3919,-8.463345078405098
3920,-8.463345078405098
3921,-8.463345078405098
3922,-8.463345078405098
3923,-8.463345078405098
3924,-8.463345078405098
3925,-8.463345078405098
3926,-8.463345078405098
3927,-8.463345078405098
3928,-8.463345078405098
3929,-8.463345078405098
3930,-8.463345078405098
3931,-8.463345078405098
3932,-8.463345078405098
3933,-8.463345078405098
3934,-8.463345078405098
3935,-8.463345078405098
3936,-8.463345078405098
3937,-8.463345078405098
3938,-8.463345078405098
3939,-8.463345078405098
3940,-8.463345078405098
3941,-8.463345078405098
3942,-8.463345078405098
3943,-8.463345078405098
3944,-8.463345078405098
3945,-8.463345078405098
3946,-8.463345078405098
3947,-8.463345078405098
3948,-8.463345078405098
3949,-8.463345078405098
3950,-8.463345078405098
3951,-8.463345078405098
3952,-8.463345078405098
3953,-8.463345078405098
3954,-8.463345078405098
3955,-8.463345078405098
3956,-8.463345078405098
3957,-8.463345078405098
3958,-8.463345078405098
3959,-8.463345078405098
3960,-8.463345078405098
3961,-8.463345078405098
3962,-8.463345078405098
3963,-8.463345078405098
3964,-8.463345078405098
3965,-8.463345078405098
3966,-8.463345078405098
3967,-8.463345078405098
3968,-8.463345078405098
3969,-8.463345078405098
3970,-8.463345078405098
3971,-8.463345078405098
3972,-8.463345078405098
3973,-8.463345078405098
3974,-8.463345078405098
3975,-8.463345078405098
3976,-8.463345078405098
3977,-8.463345078405098
3978,-8.463345078405098
3979,-8.463345078405098
3980,-8.463345078405098
3981,-8.463345078405098
3982,-8.463345078405098
3983,-8.463345078405098
3984,-8.463345078405098
3985,-8.463345078405098
3986,-8.463345078405098
3987,-8.463345078405098
3988,-8.463345078405098
3989,-8.463345078405098
3990,-8.463345078405098
3991,-8.463345078405098
3992,-8.463345078405098
3993,-8.463345078405098
3994,-8.463345078405098
3995,-8.463345078405098
3996,-8.463345078405098
3997,-8.463345078405098
3998,-8.463345078405098
3999,-8.463345078405098
4000,-8.463345078405098
4001,-8.463345078405098
4002,-8.463345078405098
4003,-8.463345078405098
4004,-8.463345078405098
4005,-8.463345078405098
4006,-8.463345078405098
4007,-8.463345078405098
4008,-8.463345078405098
4009,-8.463345078405098
4010,-8.463345078405098
4011,-8.463345078405098
4012,-8.463345078405098
4013,-8.463345078405098
4014,-8.463345078405098
4015,-8.463345078405098
4016,-8.463345078405098
4017,-8.463345078405098
4018,-8.463345078405098
4019,-8.463345078405098
4020,-8.463345078405098
4021,-8.463345078405098
4022,-8.463345078405098
4023,-8.463345078405098
4024,-8.463345078405098
4025,-8.463345078405098
4026,-8.463345078405098
4027,-8.463345078405098
4028,-8.463345078405098
4029,-8.463345078405098
4030,-8.463345078405098
4031,-8.463345078405098
4032,-8.463345078405098
4033,-8.463345078405098
4034,-8.463345078405098
4035,-8.463345078405098
4036,-8.463345078405098
4037,-8.463345078405098
4038,-8.463345078405098
4039,-8.463345078405098
4040,-8.463345078405098
4041,-8.463345078405098
4042,-8.463345078405098
4043,-8.463345078405098
4044,-8.463345078405098
4045,-8.463345078405098
4046,-8.463345078405098
4047,-8.463345078405098
4048,-8.463345078405098
4049,-8.463345078405098
4050,-8.463345078405098
4051,-8.463345078405098
4052,-8.463345078405098
4053,-8.463345078405098
4054,-8.463345078405098
4055,-8.463345078405098
4056,-8.463345078405098
4057,-8.463345078405098
4058,-8.463345078405098
4059,-8.463345078405098
4060,-8.463345078405098
4061,-8.463345078405098
4062,-8.463345078405098
4063,-8.463345078405098
4064,-8.463345078405098
4065,-8.463345078405098
4066,-8.463345078405098
4067,-8.463345078405098
4068,-8.463345078405098
4069,-8.463345078405098
4070,-8.463345078405098
4071,-8.463345078405098
4072,-8.463345078405098
4073,-8.463345078405098
4074,-8.463345078405098
4075,-8.463345078405098
4076,-8.463345078405098
4077,-8.463345078405098
4078,-8.463345078405098
4079,-8.463345078405098
4080,-8.463345078405098
4081,-8.463345078405098
4082,-8.463345078405098
4083,-8.463345078405098
4084,-8.463345078405098
4085,-8.463345078405098
4086,-8.463345078405098
4087,-8.463345078405098
4088,-8.463345078405098
4089,-8.463345078405098
4090,-8.463345078405098
4091,-8.463345078405098
4092,-8.463345078405098
4093,-8.463345078405098
4094,-8.463345078405098
4095,-8.463345078405098
4096,-8.463345078405098
4097,-8.463345078405098
4098,-8.463345078405098
4099,-8.463345078405098
4100,-8.463345078405098
4101,-8.463345078405098
4102,-8.463345078405098
4103,-8.463345078405098
4104,-8.463345078405098
4105,-8.463345078405098
4106,-8.463345078405098
4107,-8.463345078405098
4108,-8.463345078405098
4109,-8.463345078405098
4110,-8.463345078405098
4111,-8.463345078405098
4112,-8.463345078405098
4113,-8.463345078405098
4114,-8.463345078405098
4115,-8.463345078405098
4116,-8.463345078405098
4117,-8.463345078405098
4118,-8.463345078405098
4119,-8.463345078405098
4120,-8.463345078405098
4121,-8.463345078405098
4122,-8.463345078405098
4123,-8.463345078405098
4124,-8.463345078405098
4125,-8.463345078405098
4126,-8.463345078405098
4127,-8.463345078405098
4128,-8.463345078405098
4129,-8.463345078405098
4130,-8.463345078405098
4131,-8.463345078405098
4132,-8.463345078405098
4133,-8.463345078405098
4134,-8.463345078405098
4135,-8.463345078405098
4136,-8.463345078405098
4137,-8.463345078405098
4138,-8.463345078405098
4139,-8.463345078405098
4140,-8.463345078405098
4141,-8.463345078405098
4142,-8.463345078405098
4143,-8.463345078405098
4144,-8.463345078405098
4145,-8.463345078405098
4146,-8.463345078405098
4147,-8.463345078405098
4148,-8.463345078405098
4149,-8.463345078405098
4150,-8.463345078405098
4151,-8.463345078405098
4152,-8.463345078405098
4153,-8.463345078405098
4154,-8.463345078405098
4155,-8.463345078405098
4156,-8.463345078405098
4157,-8.463345078405098
4158,-8.463345078405098
4159,-8.463345078405098
4160,-8.463345078405098
4161,-8.463345078405098
4162,-8.463345078405098
4163,-8.463345078405098
4164,-8.463345078405098
4165,-8.463345078405098
4166,-8.463345078405098
4167,-8.463345078405098
4168,-8.463345078405098
4169,-8.463345078405098
4170,-8.463345078405098
4171,-8.463345078405098
4172,-8.463345078405098
4173,-8.463345078405098
4174,-8.463345078405098
4175,-8.463345078405098
4176,-8.463345078405098
4177,-8.463345078405098
4178,-8.463345078405098
4179,-8.463345078405098
4180,-8.463345078405098
4181,-8.463345078405098
4182,-8.463345078405098
4183,-8.463345078405098
4184,-8.463345078405098
4185,-8.463345078405098
4186,-8.463345078405098
4187,-8.463345078405098
4188,-8.463345078405098
4189,-8.463345078405098
4190,-8.463345078405098
4191,-8.463345078405098
4192,-8.463345078405098
4193,-8.463345078405098
4194,-8.463345078405098
4195,-8.463345078405098
4196,-8.463345078405098
4197,-8.463345078405098
4198,-8.463345078405098
4199,-8.463345078405098
4200,-8.463345078405098
4201,-8.463345078405098
4202,-8.463345078405098
4203,-8.463345078405098
4204,-8.463345078405098
4205,-8.463345078405098
4206,-8.463345078405098
4207,-8.463345078405098
4208,-8.463345078405098
4209,-8.463345078405098
4210,-8.463345078405098
4211,-8.463345078405098
4212,-8.463345078405098
4213,-8.463345078405098
4214,-8.463345078405098
4215,-8.463345078405098
4216,-8.463345078405098
4217,-8.463345078405098
4218,-8.463345078405098
4219,-8.463345078405098
4220,-8.463345078405098
4221,-8.463345078405098
4222,-8.463345078405098
4223,-8.463345078405098
4224,-8.463345078405098
4225,-8.463345078405098
4226,-8.463345078405098
4227,-8.463345078405098
4228,-8.463345078405098
4229,-8.463345078405098
4230,-8.463345078405098
4231,-8.463345078405098
4232,-8.463345078405098
4233,-8.463345078405098
4234,-8.463345078405098
4235,-8.463345078405098
4236,-8.463345078405098
4237,-8.463345078405098
4238,-8.463345078405098
4239,-8.463345078405098
4240,-8.463345078405098
4241,-8.463345078405098
4242,-8.463345078405098
4243,-8.463345078405098
4244,-8.463345078405098
4245,-8.463345078405098
4246,-8.463345078405098
4247,-8.463345078405098
4248,-8.463345078405098
4249,-8.463345078405098
4250,-8.463345078405098
4251,-8.463345078405098
4252,-8.463345078405098
4253,-8.463345078405098
4254,-8.463345078405098
4255,-8.463345078405098
4256,-8.463345078405098
4257,-8.463345078405098
4258,-8.463345078405098
4259,-8.463345078405098
4260,-8.463345078405098
4261,-8.463345078405098
4262,-8.463345078405098
4263,-8.463345078405098
4264,-8.463345078405098
4265,-8.463345078405098
4266,-8.463345078405098
4267,-8.463345078405098
4268,-8.463345078405098
4269,-8.463345078405098
4270,-8.463345078405098
4271,-8.463345078405098
4272,-8.463345078405098
4273,-8.463345078405098
4274,-8.463345078405098
4275,-8.463345078405098
4276,-8.463345078405098
4277,-8.463345078405098
4278,-8.463345078405098
4279,-8.463345078405098
4280,-8.463345078405098
4281,-8.463345078405098
4282,-8.463345078405098
4283,-8.463345078405098
4284,-8.463345078405098
4285,-8.463345078405098
4286,-8.463345078405098
4287,-8.463345078405098
4288,-8.463345078405098
4289,-8.463345078405098
4290,-8.463345078405098
4291,-8.463345078405098
4292,-8.463345078405098
4293,-8.463345078405098
4294,-8.463345078405098
4295,-8.463345078405098
4296,-8.463345078405098
4297,-8.463345078405098
4298,-8.463345078405098
4299,-8.463345078405098
4300,-8.463345078405098
4301,-8.463345078405098
4302,-8.463345078405098
4303,-8.463345078405098
4304,-8.463345078405098
4305,-8.463345078405098
4306,-8.463345078405098
4307,-8.463345078405098
4308,-8.463345078405098
4309,-8.463345078405098
4310,-8.463345078405098
4311,-8.463345078405098
4312,-8.463345078405098
4313,-8.463345078405098
4314,-8.463345078405098
4315,-8.463345078405098
4316,-8.463345078405098
4317,-8.463345078405098
4318,-8.463345078405098
4319,-8.463345078405098
4320,-8.463345078405098
4321,-8.463345078405098
4322,-8.463345078405098
4323,-8.463345078405098
4324,-8.463345078405098
4325,-8.463345078405098
4326,-8.463345078405098
4327,-8.463345078405098
4328,-8.463345078405098
4329,-8.463345078405098
4330,-8.463345078405098
4331,-8.463345078405098
4332,-8.463345078405098
4333,-8.463345078405098
4334,-8.463345078405098
4335,-8.463345078405098
4336,-8.463345078405098
4337,-8.463345078405098
4338,-8.463345078405098
4339,-8.463345078405098
4340,-8.463345078405098
4341,-8.463345078405098
4342,-8.463345078405098
4343,-8.463345078405098
4344,-8.463345078405098
4345,-8.463345078405098
4346,-8.463345078405098
4347,-8.463345078405098
4348,-8.463345078405098
4349,-8.463345078405098
4350,-8.463345078405098
4351,-8.463345078405098
4352,-8.463345078405098
4353,-8.463345078405098
4354,-8.463345078405098
4355,-8.463345078405098
4356,-8.463345078405098
4357,-8.463345078405098
4358,-8.463345078405098
4359,-8.463345078405098
4360,-8.463345078405098
4361,-8.463345078405098
4362,-8.463345078405098
4363,-8.463345078405098
4364,-8.463345078405098
4365,-8.463345078405098
4366,-8.463345078405098
4367,-8.463345078405098
4368,-8.463345078405098
4369,-8.463345078405098
4370,-8.463345078405098
4371,-8.463345078405098
4372,-8.463345078405098
4373,-8.463345078405098
4374,-8.463345078405098
4375,-8.463345078405098
4376,-8.463345078405098
4377,-8.463345078405098
4378,-8.463345078405098
4379,-8.463345078405098
4380,-8.463345078405098
4381,-8.463345078405098
4382,-8.463345078405098
4383,-8.463345078405098
4384,-8.463345078405098
4385,-8.463345078405098
4386,-8.463345078405098
4387,-8.463345078405098
4388,-8.463345078405098
4389,-8.463345078405098
4390,-8.463345078405098
4391,-8.463345078405098
4392,-8.463345078405098
4393,-8.463345078405098
4394,-8.463345078405098
4395,-8.463345078405098
4396,-8.463345078405098
4397,-8.463345078405098
4398,-8.463345078405098
4399,-8.463345078405098
4400,-8.463345078405098
4401,-8.463345078405098
4402,-8.463345078405098
4403,-8.463345078405098
4404,-8.463345078405098
4405,-8.463345078405098
4406,-8.463345078405098
4407,-8.463345078405098
4408,-8.463345078405098
4409,-8.463345078405098
4410,-8.463345078405098
4411,-8.463345078405098
4412,-8.463345078405098
4413,-8.463345078405098
4414,-8.463345078405098
4415,-8.463345078405098
4416,-8.463345078405098
4417,-8.463345078405098
4418,-8.463345078405098
4419,-8.463345078405098
4420,-8.463345078405098
4421,-8.463345078405098
4422,-8.463345078405098
4423,-8.463345078405098
4424,-8.463345078405098
4425,-8.463345078405098
4426,-8.463345078405098
4427,-8.463345078405098
4428,-8.463345078405098
4429,-8.463345078405098
4430,-8.463345078405098
4431,-8.463345078405098
4432,-8.463345078405098
4433,-8.463345078405098
4434,-8.463345078405098
4435,-8.463345078405098
4436,-8.463345078405098
4437,-8.463345078405098
4438,-8.463345078405098
4439,-8.463345078405098
4440,-8.463345078405098
4441,-8.463345078405098
4442,-8.463345078405098
4443,-8.463345078405098
4444,-8.463345078405098
4445,-8.463345078405098
4446,-8.463345078405098
4447,-8.463345078405098
4448,-8.463345078405098
4449,-8.463345078405098
4450,-8.463345078405098
4451,-8.463345078405098
4452,-8.463345078405098
4453,-8.463345078405098
4454,-8.463345078405098
4455,-8.463345078405098
4456,-8.463345078405098
4457,-8.463345078405098
4458,-8.463345078405098
4459,-8.463345078405098
4460,-8.463345078405098
4461,-8.463345078405098
4462,-8.463345078405098
4463,-8.463345078405098
4464,-8.463345078405098
4465,-8.463345078405098
4466,-8.463345078405098
4467,-8.463345078405098
4468,-8.463345078405098
4469,-8.463345078405098
4470,-8.463345078405098
4471,-8.463345078405098
4472,-8.463345078405098
4473,-8.463345078405098
4474,-8.463345078405098
4475,-8.463345078405098
4476,-8.463345078405098
4477,-8.463345078405098
4478,-8.463345078405098
4479,-8.463345078405098
4480,-8.463345078405098
4481,-8.463345078405098
4482,-8.463345078405098
4483,-8.463345078405098
4484,-8.463345078405098
4485,-8.463345078405098
4486,-8.463345078405098
4487,-8.463345078405098
4488,-8.463345078405098
4489,-8.463345078405098
4490,-8.463345078405098
4491,-8.463345078405098
4492,-8.463345078405098
4493,-8.463345078405098
4494,-8.463345078405098
4495,-8.463345078405098
4496,-8.463345078405098
4497,-8.463345078405098
4498,-8.463345078405098
4499,-8.463345078405098
4500,-8.463345078405098
4501,-8.463345078405098
4502,-8.463345078405098
4503,-8.463345078405098
4504,-8.463345078405098
4505,-8.463345078405098
4506,-8.463345078405098
4507,-8.463345078405098
4508,-8.463345078405098
4509,-8.463345078405098
4510,-8.463345078405098
4511,-8.463345078405098
4512,-8.463345078405098
4513,-8.463345078405098
4514,-8.463345078405098
4515,-8.463345078405098
4516,-8.463345078405098
4517,-8.463345078405098
4518,-8.463345078405098
4519,-8.463345078405098
4520,-8.463345078405098
4521,-8.463345078405098
4522,-8.463345078405098
4523,-8.463345078405098
4524,-8.463345078405098
4525,-8.463345078405098
4526,-8.463345078405098
4527,-8.463345078405098
4528,-8.463345078405098
4529,-8.463345078405098
4530,-8.463345078405098
4531,-8.463345078405098
4532,-8.463345078405098
4533,-8.463345078405098
4534,-8.463345078405098
4535,-8.463345078405098
4536,-8.463345078405098
4537,-8.463345078405098
4538,-8.463345078405098
4539,-8.463345078405098
4540,-8.463345078405098
4541,-8.463345078405098
4542,-8.463345078405098
4543,-8.463345078405098
4544,-8.463345078405098
4545,-8.463345078405098
4546,-8.463345078405098
4547,-8.463345078405098
4548,-8.463345078405098
4549,-8.463345078405098
4550,-8.463345078405098
4551,-8.463345078405098
4552,-8.463345078405098
4553,-8.463345078405098
4554,-8.463345078405098
4555,-8.463345078405098
4556,-8.463345078405098
4557,-8.463345078405098
4558,-8.463345078405098
4559,-8.463345078405098
4560,-8.463345078405098
4561,-8.463345078405098
4562,-8.463345078405098
4563,-8.463345078405098
4564,-8.463345078405098
4565,-8.463345078405098
4566,-8.463345078405098
4567,-8.463345078405098
4568,-8.463345078405098
4569,-8.463345078405098
4570,-8.463345078405098
4571,-8.463345078405098
4572,-8.463345078405098
4573,-8.463345078405098
4574,-8.463345078405098
4575,-8.463345078405098
4576,-8.463345078405098
4577,-8.463345078405098
4578,-8.463345078405098
4579,-8.463345078405098
4580,-8.463345078405098
4581,-8.463345078405098
4582,-8.463345078405098
4583,-8.463345078405098
4584,-8.463345078405098
4585,-8.463345078405098
4586,-8.463345078405098
4587,-8.463345078405098
4588,-8.463345078405098
4589,-8.463345078405098
4590,-8.463345078405098
4591,-8.463345078405098
4592,-8.463345078405098
4593,-8.463345078405098
4594,-8.463345078405098
4595,-8.463345078405098
4596,-8.463345078405098
4597,-8.463345078405098
4598,-8.463345078405098
4599,-8.463345078405098
4600,-8.463345078405098
4601,-8.463345078405098
4602,-8.463345078405098
4603,-8.463345078405098
4604,-8.463345078405098
4605,-8.463345078405098
4606,-8.463345078405098
4607,-8.463345078405098
4608,-8.463345078405098
4609,-8.463345078405098
4610,-8.463345078405098
4611,-8.463345078405098
4612,-8.463345078405098
4613,-8.463345078405098
4614,-8.463345078405098
4615,-8.463345078405098
4616,-8.463345078405098
4617,-8.463345078405098
4618,-8.463345078405098
4619,-8.463345078405098
4620,-8.463345078405098
4621,-8.463345078405098
4622,-8.463345078405098
4623,-8.463345078405098
4624,-8.463345078405098
4625,-8.463345078405098
4626,-8.463345078405098
4627,-8.463345078405098
4628,-8.463345078405098
4629,-8.463345078405098
4630,-8.463345078405098
4631,-8.463345078405098
4632,-8.463345078405098
4633,-8.463345078405098
4634,-8.463345078405098
4635,-8.463345078405098
4636,-8.463345078405098
4637,-8.463345078405098
4638,-8.463345078405098
4639,-8.463345078405098
4640,-8.463345078405098
4641,-8.463345078405098
4642,-8.463345078405098
4643,-8.463345078405098
4644,-8.463345078405098
4645,-8.463345078405098
4646,-8.463345078405098
4647,-8.463345078405098
4648,-8.463345078405098
4649,-8.463345078405098
4650,-8.463345078405098
4651,-8.463345078405098
4652,-8.463345078405098
4653,-8.463345078405098
4654,-8.463345078405098
4655,-8.463345078405098
4656,-8.463345078405098
4657,-8.463345078405098
4658,-6.733270844491792
4659,-6.733270844491792
4660,-6.733270844491792
4661,-6.733270844491792
4662,-6.733270844491792
4663,-6.733270844491792
4664,-6.733270844491792
4665,-6.733270844491792
4666,-6.733270844491792
4667,-6.733270844491792
4668,-6.733270844491792
4669,-6.733270844491792
4670,-6.733270844491792
4671,-6.733270844491792
4672,-6.733270844491792
4673,-6.733270844491792
4674,-6.733270844491792
4675,-6.733270844491792
4676,-6.733270844491792
4677,-6.733270844491792
4678,-6.733270844491792
4679,-6.733270844491792
4680,-6.733270844491792
4681,-6.733270844491792
4682,-6.733270844491792
4683,-6.733270844491792
4684,-6.733270844491792
4685,-6.733270844491792
4686,-6.733270844491792
4687,-6.733270844491792
4688,-6.733270844491792
4689,-6.733270844491792
4690,-6.733270844491792
4691,-6.733270844491792
4692,-6.733270844491792
4693,-6.733270844491792
4694,-6.733270844491792
4695,-6.733270844491792
4696,-6.733270844491792
4697,-6.733270844491792
4698,-6.733270844491792
4699,-6.733270844491792
4700,-6.733270844491792
4701,-6.733270844491792
4702,-6.733270844491792
4703,-6.733270844491792
4704,-6.733270844491792
4705,-6.733270844491792
4706,-6.733270844491792
4707,-6.733270844491792
4708,-6.733270844491792
4709,-6.733270844491792
4710,-6.733270844491792
4711,-6.733270844491792
4712,-6.733270844491792
4713,-6.733270844491792
4714,-6.733270844491792
4715,-6.733270844491792
4716,-6.733270844491792
4717,-6.733270844491792
4718,-6.733270844491792
4719,-6.733270844491792
4720,-6.733270844491792
4721,-6.733270844491792
4722,-6.733270844491792
4723,-6.733270844491792
4724,-6.733270844491792
4725,-6.733270844491792
4726,-6.733270844491792
4727,-6.733270844491792
4728,-6.733270844491792
4729,-6.733270844491792
4730,-6.733270844491792
4731,-6.733270844491792
4732,-6.733270844491792
4733,-6.733270844491792
4734,-6.733270844491792
4735,-6.733270844491792
4736,-6.733270844491792
4737,-6.733270844491792
4738,-6.733270844491792
4739,-6.733270844491792
4740,-6.733270844491792
4741,-6.733270844491792
4742,-6.733270844491792
4743,-6.733270844491792
4744,-6.733270844491792
4745,-6.733270844491792
4746,-6.733270844491792
4747,-6.733270844491792
4748,-6.733270844491792
4749,-6.733270844491792
4750,-6.733270844491792
4751,-6.733270844491792
4752,-6.733270844491792
4753,-6.733270844491792
4754,-6.733270844491792
4755,-6.733270844491792
4756,-6.733270844491792
4757,-6.733270844491792
4758,-6.733270844491792
4759,-6.733270844491792
4760,-6.733270844491792
4761,-6.733270844491792
4762,-6.733270844491792
4763,-6.733270844491792
4764,-6.733270844491792
4765,-6.733270844491792
4766,-6.733270844491792
4767,-6.733270844491792
4768,-6.733270844491792
4769,-6.733270844491792
4770,-6.733270844491792
4771,-6.733270844491792
4772,-6.733270844491792
4773,-6.733270844491792
4774,-6.733270844491792
4775,-6.733270844491792
4776,-6.733270844491792
4777,-6.733270844491792
4778,-6.733270844491792
4779,-6.733270844491792
4780,-6.733270844491792
4781,-6.733270844491792
4782,-6.733270844491792
4783,-6.733270844491792
4784,-6.733270844491792
4785,-6.733270844491792
4786,-6.733270844491792
4787,-6.733270844491792
4788,-6.733270844491792
4789,-6.733270844491792
4790,-6.733270844491792
4791,-6.733270844491792
4792,-6.733270844491792
4793,-6.733270844491792
4794,-6.733270844491792
4795,-6.733270844491792
4796,-6.733270844491792
4797,-6.733270844491792
4798,-6.733270844491792
4799,-6.733270844491792
4800,-6.733270844491792
4801,-6.733270844491792
4802,-6.733270844491792
4803,-6.733270844491792
4804,-6.733270844491792
4805,-6.733270844491792
4806,-6.733270844491792
4807,-6.733270844491792
4808,-6.733270844491792
4809,-6.733270844491792
4810,-6.733270844491792
4811,-6.733270844491792
4812,-6.733270844491792
4813,-6.733270844491792
4814,-6.733270844491792
4815,-6.733270844491792
4816,-6.733270844491792
4817,-6.733270844491792
4818,-6.733270844491792
4819,-6.733270844491792
4820,-6.733270844491792
4821,-6.733270844491792
4822,-6.733270844491792
4823,-6.733270844491792
4824,-6.733270844491792
4825,-6.733270844491792
4826,-6.733270844491792
4827,-6.733270844491792
4828,-6.733270844491792
4829,-6.733270844491792
4830,-6.733270844491792
4831,-6.733270844491792
4832,-6.733270844491792
4833,-6.733270844491792
4834,-6.733270844491792
4835,-6.733270844491792
4836,-6.733270844491792
4837,4.590851413849845
4838,4.590851413849845
4839,4.590851413849845
4840,4.590851413849845
4841,4.590851413849845
4842,4.590851413849845
4843,4.590851413849845
4844,4.590851413849845
4845,4.590851413849845
4846,4.590851413849845
4847,4.590851413849845
4848,4.590851413849845
4849,4.590851413849845
4850,4.590851413849845
4851,4.590851413849845
4852,4.590851413849845
4853,4.590851413849845
4854,4.590851413849845
4855,4.590851413849845
4856,4.590851413849845
4857,4.590851413849845
4858,4.590851413849845
4859,4.590851413849845
4860,4.590851413849845
4861,4.590851413849845
4862,4.590851413849845
4863,4.590851413849845
4864,4.590851413849845
4865,4.590851413849845
4866,4.590851413849845
4867,4.590851413849845
4868,4.590851413849845
4869,4.590851413849845
4870,4.590851413849845
4871,4.590851413849845
4872,4.590851413849845
4873,4.590851413849845
4874,4.590851413849845
4875,4.590851413849845
4876,4.590851413849845
4877,4.590851413849845
4878,4.590851413849845
4879,4.590851413849845
4880,4.590851413849845
4881,4.590851413849845
4882,4.590851413849845
4883,4.590851413849845
4884,4.590851413849845
4885,4.590851413849845
4886,4.590851413849845
4887,4.590851413849845
4888,4.590851413849845
4889,4.590851413849845
4890,4.590851413849845
4891,4.590851413849845
4892,4.590851413849845
4893,4.590851413849845
4894,4.590851413849845
4895,4.590851413849845
4896,4.590851413849845
4897,4.590851413849845
4898,4.590851413849845
4899,4.590851413849845
4900,4.590851413849845
4901,4.590851413849845
4902,4.590851413849845
4903,4.590851413849845
4904,4.590851413849845
4905,4.590851413849845
4906,4.590851413849845
4907,4.590851413849845
4908,4.590851413849845
4909,4.590851413849845
4910,4.590851413849845
4911,4.590851413849845
4912,4.590851413849845
4913,4.590851413849845
4914,4.590851413849845
4915,4.590851413849845
4916,4.590851413849845
4917,4.590851413849845
4918,4.590851413849845
4919,4.590851413849845
4920,4.590851413849845
4921,4.590851413849845
4922,4.590851413849845
4923,4.590851413849845
4924,4.590851413849845
4925,4.590851413849845
4926,4.590851413849845
4927,4.590851413849845
4928,4.590851413849845
4929,4.590851413849845
4930,4.590851413849845
4931,4.590851413849845
4932,4.590851413849845
4933,4.590851413849845
4934,4.590851413849845
4935,4.590851413849845
4936,4.590851413849845
4937,4.590851413849845
4938,4.590851413849845
4939,4.590851413849845
4940,4.590851413849845
4941,4.590851413849845
4942,4.590851413849845
4943,4.590851413849845
4944,4.590851413849845
4945,4.590851413849845
4946,4.590851413849845
4947,4.590851413849845
4948,4.590851413849845
4949,4.590851413849845
4950,4.590851413849845
4951,4.590851413849845
4952,4.590851413849845
4953,4.590851413849845
4954,4.590851413849845
4955,4.590851413849845
4956,4.590851413849845
4957,4.590851413849845
4958,4.590851413849845
4959,4.590851413849845
4960,4.590851413849845
4961,4.590851413849845
4962,4.590851413849845
4963,4.590851413849845
4964,4.590851413849845
4965,4.590851413849845
4966,4.590851413849845
4967,4.590851413849845
4968,4.590851413849845
4969,4.590851413849845
4970,4.590851413849845
4971,4.590851413849845
4972,4.590851413849845
4973,4.590851413849845
4974,4.590851413849845
4975,4.590851413849845
4976,4.590851413849845
4977,4.590851413849845
4978,4.590851413849845
4979,4.590851413849845
4980,4.590851413849845
4981,4.590851413849845
4982,4.590851413849845
4983,4.590851413849845
4984,4.590851413849845
4985,4.590851413849845
4986,4.590851413849845
4987,4.590851413849845
4988,4.590851413849845
4989,4.590851413849845
4990,4.590851413849845
4991,4.590851413849845
4992,4.590851413849845
4993,4.590851413849845
4994,4.590851413849845
4995,4.590851413849845
4996,4.590851413849845
4997,4.590851413849845
4998,4.590851413849845
4999,4.590851413849845
5000,4.590851413849845
5001,4.590851413849845
5002,4.590851413849845
5003,4.590851413849845
5004,4.590851413849845
5005,4.590851413849845
5006,4.590851413849845
5007,4.590851413849845
5008,4.590851413849845
5009,4.590851413849845
5010,4.590851413849845
5011,4.590851413849845
5012,4.590851413849845
5013,4.590851413849845
5014,4.590851413849845
5015,4.590851413849845
5016,4.590851413849845
5017,4.590851413849845
5018,4.590851413849845
5019,4.590851413849845
5020,4.590851413849845
5021,4.590851413849845
5022,4.590851413849845
5023,4.590851413849845
5024,4.590851413849845
5025,4.590851413849845
5026,4.590851413849845
5027,4.590851413849845
5028,4.590851413849845
5029,4.590851413849845
5030,4.590851413849845
5031,4.590851413849845
5032,4.590851413849845
5033,4.590851413849845
5034,4.590851413849845
5035,4.590851413849845
5036,4.590851413849845
5037,4.590851413849845
5038,4.590851413849845
5039,4.590851413849845
5040,4.590851413849845
5041,4.590851413849845
5042,4.590851413849845
5043,4.590851413849845
5044,4.590851413849845
5045,4.590851413849845
5046,4.590851413849845
5047,4.590851413849845
5048,4.590851413849845
5049,4.590851413849845
5050,4.590851413849845
5051,4.590851413849845
5052,4.590851413849845
5053,4.590851413849845
5054,4.590851413849845
5055,4.590851413849845
5056,4.590851413849845
5057,4.590851413849845
5058,4.590851413849845
5059,4.590851413849845
5060,4.590851413849845
5061,4.590851413849845
5062,4.590851413849845
5063,4.590851413849845
5064,4.590851413849845
5065,4.590851413849845
5066,4.590851413849845
5067,4.590851413849845
5068,4.590851413849845
5069,4.590851413849845
5070,4.590851413849845
5071,4.590851413849845
5072,4.590851413849845
5073,4.590851413849845
5074,4.590851413849845
5075,4.590851413849845
5076,4.590851413849845
5077,4.590851413849845
5078,4.590851413849845
5079,4.590851413849845
5080,4.590851413849845
5081,4.590851413849845
5082,4.590851413849845
5083,4.590851413849845
5084,4.590851413849845
5085,4.590851413849845
5086,4.590851413849845
5087,4.590851413849845
5088,4.590851413849845
5089,4.590851413849845
5090,4.590851413849845
5091,4.590851413849845
5092,4.590851413849845
5093,4.590851413849845
5094,4.590851413849845
5095,4.590851413849845
5096,4.590851413849845
5097,4.590851413849845
5098,4.590851413849845
5099,4.590851413849845
5100,4.590851413849845
5101,4.590851413849845
5102,4.590851413849845
5103,4.590851413849845
5104,4.590851413849845
5105,4.590851413849845
5106,4.590851413849845
5107,4.590851413849845
5108,4.590851413849845
5109,4.590851413849845
5110,4.590851413849845
5111,4.590851413849845
5112,4.590851413849845
5113,4.590851413849845
5114,4.590851413849845
5115,4.590851413849845
5116,4.590851413849845
5117,4.590851413849845
5118,4.590851413849845
5119,4.590851413849845
5120,4.590851413849845
5121,4.590851413849845
5122,4.590851413849845
5123,4.590851413849845
5124,4.590851413849845
5125,4.590851413849845
5126,4.590851413849845
5127,4.590851413849845
5128,4.590851413849845
5129,4.590851413849845
5130,4.590851413849845
5131,4.590851413849845
5132,4.590851413849845
5133,4.590851413849845
5134,4.590851413849845
5135,4.590851413849845
5136,4.590851413849845
5137,4.590851413849845
5138,4.590851413849845
5139,4.590851413849845
5140,4.590851413849845
5141,4.590851413849845
5142,4.590851413849845
5143,4.590851413849845
5144,4.590851413849845
5145,4.590851413849845
5146,4.590851413849845
5147,4.590851413849845
5148,4.590851413849845
5149,4.590851413849845
5150,4.590851413849845
5151,4.590851413849845
5152,4.590851413849845
5153,4.590851413849845
5154,4.590851413849845
5155,4.590851413849845
5156,4.590851413849845
5157,4.590851413849845
5158,4.590851413849845
5159,4.590851413849845
5160,4.590851413849845
5161,4.590851413849845
5162,4.590851413849845
5163,4.590851413849845
5164,4.590851413849845
5165,4.590851413849845
5166,4.590851413849845
5167,4.590851413849845
5168,4.590851413849845
5169,4.590851413849845
5170,4.590851413849845
5171,4.590851413849845
5172,4.590851413849845
5173,4.590851413849845
5174,4.590851413849845
5175,4.590851413849845
5176,4.590851413849845
5177,4.590851413849845
5178,4.590851413849845
5179,4.590851413849845
5180,4.590851413849845
5181,4.590851413849845
5182,4.590851413849845
5183,4.590851413849845
5184,4.590851413849845
5185,4.590851413849845
5186,4.590851413849845
5187,4.590851413849845
5188,4.590851413849845
5189,4.590851413849845
5190,4.590851413849845
5191,4.590851413849845
5192,4.590851413849845
5193,4.590851413849845
5194,4.590851413849845
5195,4.590851413849845
5196,4.590851413849845
5197,4.590851413849845
5198,4.590851413849845
5199,4.590851413849845
5200,4.590851413849845
5201,4.590851413849845
5202,4.590851413849845
5203,4.590851413849845
5204,4.590851413849845
5205,4.590851413849845
5206,4.590851413849845
5207,4.590851413849845
5208,4.590851413849845
5209,4.590851413849845
5210,4.590851413849845
5211,4.590851413849845
5212,4.590851413849845
5213,4.590851413849845
5214,4.590851413849845
5215,4.590851413849845
5216,4.590851413849845
5217,4.590851413849845
5218,4.590851413849845
5219,4.590851413849845
5220,4.590851413849845
5221,4.590851413849845
5222,4.590851413849845
5223,4.590851413849845
5224,4.590851413849845
5225,4.590851413849845
5226,4.590851413849845
5227,4.590851413849845
5228,14.499458389898779
5229,14.499458389898779
5230,14.499458389898779
5231,14.499458389898779
5232,14.499458389898779
5233,14.499458389898779
5234,14.499458389898779
5235,14.499458389898779
5236,14.499458389898779
5237,14.499458389898779
5238,14.499458389898779
5239,14.499458389898779
5240,14.499458389898779
5241,14.499458389898779
5242,14.499458389898779
5243,14.499458389898779
5244,14.499458389898779
5245,14.499458389898779
5246,14.499458389898779
5247,14.499458389898779
5248,14.499458389898779
5249,14.499458389898779
5250,14.499458389898779
5251,14.499458389898779
5252,14.499458389898779
5253,14.499458389898779
5254,14.499458389898779
5255,14.499458389898779
5256,14.499458389898779
5257,14.499458389898779
5258,14.499458389898779
5259,14.499458389898779
5260,14.499458389898779
5261,14.499458389898779
5262,14.499458389898779
5263,14.499458389898779
5264,14.499458389898779
5265,14.499458389898779
5266,14.499458389898779
5267,14.499458389898779
5268,14.499458389898779
5269,14.499458389898779
5270,14.499458389898779
5271,14.499458389898779
5272,14.499458389898779
5273,14.499458389898779
5274,14.499458389898779
5275,14.499458389898779
5276,14.499458389898779
5277,14.499458389898779
5278,14.499458389898779
5279,14.499458389898779
5280,14.499458389898779
5281,14.499458389898779
5282,14.499458389898779
5283,14.499458389898779
5284,14.499458389898779
5285,14.499458389898779
5286,14.499458389898779
5287,14.499458389898779
5288,14.499458389898779
5289,14.499458389898779
5290,14.499458389898779
5291,14.499458389898779
5292,14.499458389898779
5293,14.499458389898779
5294,14.499458389898779
5295,14.499458389898779
5296,14.499458389898779
5297,14.499458389898779
5298,14.499458389898779
5299,14.499458389898779
5300,14.499458389898779
5301,14.499458389898779
5302,14.499458389898779
5303,14.499458389898779
5304,14.499458389898779
5305,14.499458389898779
5306,14.499458389898779
5307,14.499458389898779
5308,14.499458389898779
5309,14.499458389898779
5310,14.499458389898779
5311,14.499458389898779
5312,14.499458389898779
5313,14.499458389898779
5314,14.499458389898779
5315,14.499458389898779
5316,14.499458389898779
5317,14.499458389898779
5318,14.499458389898779
5319,14.499458389898779
5320,14.499458389898779
5321,14.499458389898779
5322,14.499458389898779
5323,14.499458389898779
5324,14.499458389898779
5325,14.499458389898779
5326,14.499458389898779
5327,14.499458389898779
5328,14.499458389898779
5329,14.499458389898779
5330,14.499458389898779
5331,14.499458389898779
5332,14.499458389898779
5333,14.499458389898779
5334,14.499458389898779
5335,14.499458389898779
5336,14.499458389898779
5337,14.499458389898779
5338,14.499458389898779
5339,14.499458389898779
5340,14.499458389898779
5341,14.499458389898779
5342,14.499458389898779
5343,14.499458389898779
5344,14.499458389898779
5345,14.499458389898779
5346,14.499458389898779
5347,14.499458389898779
5348,14.499458389898779
5349,14.499458389898779
5350,14.499458389898779
5351,14.499458389898779
5352,14.499458389898779
5353,14.499458389898779
5354,14.499458389898779
5355,14.499458389898779
5356,14.499458389898779
5357,14.499458389898779
5358,14.499458389898779
5359,14.499458389898779
5360,14.499458389898779
5361,14.499458389898779
5362,14.499458389898779
5363,14.499458389898779
5364,14.499458389898779
5365,14.499458389898779
5366,14.499458389898779
5367,14.499458389898779
5368,14.499458389898779
5369,14.499458389898779
5370,14.499458389898779
5371,14.499458389898779
5372,14.499458389898779
5373,14.499458389898779
5374,14.499458389898779
5375,14.499458389898779
5376,14.499458389898779
5377,14.499458389898779
5378,14.499458389898779
5379,14.499458389898779
5380,14.499458389898779
5381,14.499458389898779
5382,14.499458389898779
5383,14.499458389898779
5384,14.499458389898779
5385,14.499458389898779
5386,14.499458389898779
5387,14.499458389898779
5388,14.499458389898779
5389,14.499458389898779
5390,14.499458389898779
5391,14.499458389898779
5392,14.499458389898779
5393,14.499458389898779
5394,14.499458389898779
5395,14.499458389898779
5396,14.499458389898779
5397,14.499458389898779
5398,14.499458389898779
5399,14.499458389898779
5400,14.499458389898779
5401,14.499458389898779
5402,14.499458389898779
5403,14.499458389898779
5404,14.499458389898779
5405,14.499458389898779
5406,14.499458389898779
5407,14.499458389898779
5408,14.499458389898779
5409,14.499458389898779
5410,14.499458389898779
5411,14.499458389898779
5412,14.499458389898779
5413,14.499458389898779
5414,14.499458389898779
5415,14.499458389898779
5416,14.499458389898779
5417,14.499458389898779
5418,14.499458389898779
5419,14.499458389898779
5420,14.499458389898779
5421,14.499458389898779
5422,14.499458389898779
5423,14.499458389898779
5424,14.499458389898779
5425,14.499458389898779
5426,14.499458389898779
5427,14.499458389898779
5428,14.499458389898779
5429,14.499458389898779
5430,14.499458389898779
5431,14.499458389898779
5432,14.499458389898779
5433,14.499458389898779
5434,14.499458389898779
5435,14.499458389898779
5436,14.499458389898779
5437,14.499458389898779
5438,14.499458389898779
5439,14.499458389898779
5440,14.499458389898779
5441,14.499458389898779
5442,14.499458389898779
5443,14.499458389898779
5444,14.499458389898779
5445,14.499458389898779
5446,14.499458389898779
5447,14.499458389898779
5448,14.499458389898779
5449,14.499458389898779
5450,14.499458389898779
5451,14.499458389898779
5452,14.499458389898779
5453,14.499458389898779
5454,14.499458389898779
5455,14.499458389898779
5456,14.499458389898779
5457,14.499458389898779
5458,14.499458389898779
5459,14.499458389898779
5460,14.499458389898779
5461,14.499458389898779
5462,14.499458389898779
5463,14.499458389898779
5464,14.499458389898779
5465,14.499458389898779
5466,14.499458389898779
5467,14.499458389898779
5468,14.499458389898779
5469,14.499458389898779
5470,14.499458389898779
5471,14.499458389898779
5472,14.499458389898779
5473,14.499458389898779
5474,14.499458389898779
5475,14.499458389898779
5476,14.499458389898779
5477,14.499458389898779
5478,14.499458389898779
5479,14.499458389898779
5480,14.499458389898779
5481,14.499458389898779
5482,14.499458389898779
5483,14.499458389898779
5484,14.499458389898779
5485,14.499458389898779
5486,14.499458389898779
5487,14.499458389898779
5488,14.499458389898779
5489,14.499458389898779
5490,14.499458389898779
5491,14.499458389898779
5492,14.499458389898779
5493,14.499458389898779
5494,14.499458389898779
5495,14.499458389898779
5496,14.499458389898779
5497,14.499458389898779
5498,14.499458389898779
5499,14.499458389898779
5500,14.499458389898779
5501,14.499458389898779
5502,14.499458389898779
5503,14.499458389898779
5504,14.499458389898779
5505,14.499458389898779
5506,14.499458389898779
5507,14.499458389898779
5508,14.499458389898779
5509,14.499458389898779
5510,14.499458389898779
5511,14.499458389898779
5512,14.499458389898779
5513,14.499458389898779
5514,14.499458389898779
5515,14.499458389898779
5516,14.499458389898779
5517,14.499458389898779
5518,14.499458389898779
5519,14.499458389898779
5520,14.499458389898779
5521,14.499458389898779
5522,14.499458389898779
5523,14.499458389898779
5524,14.499458389898779
5525,14.499458389898779
5526,14.499458389898779
5527,14.499458389898779
5528,14.499458389898779
5529,14.499458389898779
5530,14.499458389898779
5531,14.499458389898779
5532,14.499458389898779
5533,14.499458389898779
5534,14.499458389898779
5535,14.499458389898779
5536,14.499458389898779
5537,14.499458389898779
5538,14.499458389898779
5539,14.499458389898779
5540,14.499458389898779
5541,14.499458389898779
5542,14.499458389898779
5543,14.499458389898779
5544,14.499458389898779
5545,14.499458389898779
5546,14.499458389898779
5547,14.499458389898779
5548,14.499458389898779
5549,14.499458389898779
5550,14.499458389898779
5551,14.499458389898779
5552,14.499458389898779
5553,14.499458389898779
5554,14.499458389898779
5555,14.499458389898779
5556,14.499458389898779
5557,14.499458389898779
5558,14.499458389898779
5559,14.499458389898779
5560,14.499458389898779
5561,14.499458389898779
5562,14.499458389898779
5563,14.499458389898779
5564,14.499458389898779
5565,14.499458389898779
5566,14.499458389898779
5567,14.499458389898779
5568,14.499458389898779
5569,14.499458389898779
5570,14.499458389898779
5571,14.499458389898779
5572,14.499458389898779
5573,14.499458389898779
5574,14.499458389898779
5575,14.499458389898779
5576,14.499458389898779
5577,14.499458389898779
5578,14.499458389898779
5579,14.499458389898779
5580,14.499458389898779
5581,14.499458389898779
5582,14.499458389898779
5583,14.499458389898779
5584,14.499458389898779
5585,14.499458389898779
5586,14.499458389898779
5587,14.499458389898779
5588,14.499458389898779
5589,14.499458389898779
5590,14.499458389898779
5591,14.499458389898779
5592,14.499458389898779
5593,14.499458389898779
5594,14.499458389898779
5595,14.499458389898779
5596,14.499458389898779
5597,14.499458389898779
5598,14.499458389898779
5599,14.499458389898779
5600,14.499458389898779
5601,14.499458389898779
5602,14.499458389898779
5603,14.499458389898779
5604,14.499458389898779
5605,14.499458389898779
5606,14.499458389898779
5607,14.499458389898779
5608,14.499458389898779
5609,14.499458389898779
5610,14.499458389898779
5611,14.499458389898779
5612,14.499458389898779
5613,14.499458389898779
5614,14.499458389898779
5615,14.499458389898779
5616,14.499458389898779
5617,14.499458389898779
5618,14.499458389898779
5619,14.499458389898779
5620,14.499458389898779
5621,14.499458389898779
5622,14.499458389898779
5623,14.499458389898779
5624,14.499458389898779
5625,14.499458389898779
5626,14.499458389898779
5627,14.499458389898779
5628,14.499458389898779
5629,14.499458389898779
5630,14.499458389898779
5631,14.499458389898779
5632,14.499458389898779
5633,14.499458389898779
5634,14.499458389898779
5635,14.499458389898779
5636,14.499458389898779
5637,14.499458389898779
5638,14.499458389898779
5639,14.499458389898779
5640,14.499458389898779
5641,14.499458389898779
5642,14.499458389898779
5643,14.499458389898779
5644,14.499458389898779
5645,14.499458389898779
5646,14.499458389898779
5647,14.499458389898779
5648,14.499458389898779
5649,14.499458389898779
5650,14.499458389898779
5651,14.499458389898779
5652,14.499458389898779
5653,14.499458389898779
5654,14.499458389898779
5655,14.499458389898779
5656,14.499458389898779
5657,14.499458389898779
5658,14.499458389898779
5659,14.499458389898779
5660,14.499458389898779
5661,14.499458389898779
5662,14.499458389898779
5663,14.499458389898779
5664,14.499458389898779
5665,14.499458389898779
5666,14.499458389898779
5667,14.499458389898779
5668,14.499458389898779
5669,14.499458389898779
5670,14.499458389898779
5671,14.499458389898779
5672,14.499458389898779
5673,14.499458389898779
5674,14.499458389898779
5675,14.499458389898779
5676,14.499458389898779
5677,14.499458389898779
5678,14.499458389898779
5679,14.499458389898779
5680,14.499458389898779
5681,14.499458389898779
5682,14.499458389898779
5683,14.499458389898779
5684,14.499458389898779
5685,14.499458389898779
5686,14.499458389898779
5687,14.499458389898779
5688,14.499458389898779
5689,14.499458389898779
5690,14.499458389898779
5691,14.499458389898779
5692,14.499458389898779
5693,14.499458389898779
5694,14.499458389898779
5695,14.499458389898779
5696,14.499458389898779
5697,14.499458389898779
5698,14.499458389898779
5699,14.499458389898779
5700,14.499458389898779
5701,14.499458389898779
5702,14.499458389898779
5703,14.499458389898779
5704,14.499458389898779
5705,14.499458389898779
5706,14.499458389898779
5707,14.499458389898779
5708,14.499458389898779
5709,14.499458389898779
5710,14.499458389898779
5711,14.499458389898779
5712,-1.3071289290364247
5713,-1.3071289290364247
5714,-1.3071289290364247
5715,-1.3071289290364247
5716,-1.3071289290364247
5717,-1.3071289290364247
5718,-1.3071289290364247
5719,-1.3071289290364247
5720,-1.3071289290364247
5721,-1.3071289290364247
5722,-1.3071289290364247
5723,-1.3071289290364247
5724,-1.3071289290364247
5725,-1.3071289290364247
5726,-1.3071289290364247
5727,-1.3071289290364247
5728,-1.3071289290364247
5729,-1.3071289290364247
5730,-1.3071289290364247
5731,-1.3071289290364247
5732,-1.3071289290364247
5733,-1.3071289290364247
5734,-1.3071289290364247
5735,-1.3071289290364247
5736,-1.3071289290364247
5737,-1.3071289290364247
5738,-1.3071289290364247
5739,-1.3071289290364247
5740,-1.3071289290364247
5741,-1.3071289290364247
5742,-1.3071289290364247
5743,-1.3071289290364247
5744,-1.3071289290364247
5745,-1.3071289290364247
5746,-1.3071289290364247
5747,-1.3071289290364247
5748,-1.3071289290364247
5749,-1.3071289290364247
5750,-1.3071289290364247
5751,-1.3071289290364247
5752,-1.3071289290364247
5753,-1.3071289290364247
5754,-1.3071289290364247
5755,-1.3071289290364247
5756,-1.3071289290364247
5757,-1.3071289290364247
5758,-1.3071289290364247
5759,-1.3071289290364247
5760,-1.3071289290364247
5761,-1.3071289290364247
5762,-1.3071289290364247
5763,-1.3071289290364247
5764,-1.3071289290364247
5765,-1.3071289290364247
5766,-1.3071289290364247
5767,-1.3071289290364247
5768,-1.3071289290364247
5769,-1.3071289290364247
5770,-1.3071289290364247
5771,-1.3071289290364247
5772,-1.3071289290364247
5773,-1.3071289290364247
5774,24.09350641432711
5775,24.09350641432711
5776,24.09350641432711
5777,24.09350641432711
5778,24.09350641432711
5779,24.09350641432711
5780,24.09350641432711
5781,24.09350641432711
5782,24.09350641432711
5783,24.09350641432711
5784,24.09350641432711
5785,24.09350641432711
5786,24.09350641432711
5787,24.09350641432711
5788,24.09350641432711
5789,24.09350641432711
5790,24.09350641432711
5791,24.09350641432711
5792,24.09350641432711
5793,24.09350641432711
5794,24.09350641432711
5795,24.09350641432711
5796,24.09350641432711
5797,24.09350641432711
5798,24.09350641432711
5799,24.09350641432711
5800,24.09350641432711
5801,24.09350641432711
5802,24.09350641432711
5803,24.09350641432711
5804,24.09350641432711
5805,24.09350641432711
5806,24.09350641432711
5807,24.09350641432711
5808,24.09350641432711
5809,24.09350641432711
5810,24.09350641432711
5811,24.09350641432711
5812,24.09350641432711
5813,24.09350641432711
5814,24.09350641432711
5815,24.09350641432711
5816,24.09350641432711
5817,24.09350641432711
5818,24.09350641432711
5819,24.09350641432711
5820,24.09350641432711
5821,24.09350641432711
5822,24.09350641432711
5823,24.09350641432711
5824,24.09350641432711
5825,24.09350641432711
5826,24.09350641432711
5827,24.09350641432711
5828,24.09350641432711
5829,24.09350641432711
5830,24.09350641432711
5831,24.09350641432711
5832,24.09350641432711
5833,24.09350641432711
5834,24.09350641432711
5835,24.09350641432711
5836,24.09350641432711
5837,24.09350641432711
5838,24.09350641432711
5839,24.09350641432711
5840,24.09350641432711
5841,24.09350641432711
5842,24.09350641432711
5843,24.09350641432711
5844,24.09350641432711
5845,24.09350641432711
5846,24.09350641432711
5847,24.09350641432711
5848,24.09350641432711
5849,24.09350641432711
5850,24.09350641432711
5851,24.09350641432711
5852,24.09350641432711
5853,24.09350641432711
5854,24.09350641432711
5855,24.09350641432711
5856,24.09350641432711
5857,24.09350641432711
5858,24.09350641432711
5859,24.09350641432711
5860,24.09350641432711
5861,24.09350641432711
5862,24.09350641432711
5863,24.09350641432711
5864,24.09350641432711
5865,24.09350641432711
5866,24.09350641432711
5867,24.09350641432711
5868,24.09350641432711
5869,24.09350641432711
5870,24.09350641432711
5871,24.09350641432711
5872,24.09350641432711
5873,24.09350641432711
5874,24.09350641432711
5875,24.09350641432711
5876,24.09350641432711
5877,24.09350641432711
5878,24.09350641432711
5879,24.09350641432711
5880,24.09350641432711
5881,24.09350641432711
5882,24.09350641432711
5883,24.09350641432711
5884,24.09350641432711
5885,24.09350641432711
5886,24.09350641432711
5887,24.09350641432711
5888,24.09350641432711
5889,24.09350641432711
5890,24.09350641432711
5891,24.09350641432711
5892,24.09350641432711
5893,24.09350641432711
5894,24.09350641432711
5895,24.09350641432711
5896,24.09350641432711
5897,24.09350641432711
5898,24.09350641432711
5899,24.09350641432711
5900,24.09350641432711
5901,24.09350641432711
5902,24.09350641432711
5903,24.09350641432711
5904,24.09350641432711
5905,24.09350641432711
5906,24.09350641432711
5907,24.09350641432711
5908,24.09350641432711
5909,24.09350641432711
5910,24.09350641432711
5911,24.09350641432711
5912,24.09350641432711
5913,24.09350641432711
5914,24.09350641432711
5915,24.09350641432711
5916,24.09350641432711
5917,24.09350641432711
5918,24.09350641432711
5919,24.09350641432711
5920,24.09350641432711
5921,24.09350641432711
5922,24.09350641432711
5923,24.09350641432711
5924,24.09350641432711
5925,24.09350641432711
5926,24.09350641432711
5927,24.09350641432711
5928,24.09350641432711
5929,24.09350641432711
5930,24.09350641432711
5931,24.09350641432711
5932,24.09350641432711
5933,24.09350641432711
5934,24.09350641432711
5935,24.09350641432711
5936,24.09350641432711
5937,24.09350641432711
5938,24.09350641432711
5939,24.09350641432711
5940,24.09350641432711
5941,24.09350641432711
5942,24.09350641432711
5943,24.09350641432711
5944,24.09350641432711
5945,24.09350641432711
5946,24.09350641432711
5947,24.09350641432711
5948,24.09350641432711
5949,24.09350641432711
5950,24.09350641432711
5951,24.09350641432711
5952,24.09350641432711
5953,24.09350641432711
5954,24.09350641432711
5955,24.09350641432711
5956,24.09350641432711
5957,24.09350641432711
5958,24.09350641432711
5959,24.09350641432711
5960,24.09350641432711
5961,18.35280554725114
5962,18.35280554725114
5963,18.35280554725114
5964,18.35280554725114
5965,18.35280554725114
5966,18.35280554725114
5967,18.35280554725114
5968,18.35280554725114
5969,18.35280554725114
5970,18.35280554725114
5971,18.35280554725114
5972,18.35280554725114
5973,18.35280554725114
5974,18.35280554725114
5975,18.35280554725114
5976,18.35280554725114
5977,18.35280554725114
5978,18.35280554725114
5979,18.35280554725114
5980,18.35280554725114
5981,18.35280554725114
5982,18.35280554725114
5983,18.35280554725114
5984,18.35280554725114
5985,18.35280554725114
5986,18.35280554725114
5987,18.35280554725114
5988,18.35280554725114
5989,18.35280554725114
5990,18.35280554725114
5991,18.35280554725114
5992,18.35280554725114
5993,18.35280554725114
5994,18.35280554725114
5995,18.35280554725114
5996,18.35280554725114
5997,18.35280554725114
5998,18.35280554725114
5999,18.35280554725114
6000,18.35280554725114
6001,18.35280554725114
6002,18.35280554725114
6003,18.35280554725114
6004,18.35280554725114
6005,18.35280554725114
6006,18.35280554725114
6007,18.35280554725114
6008,18.35280554725114
6009,18.35280554725114
6010,18.35280554725114
6011,18.35280554725114
6012,18.35280554725114
6013,18.35280554725114
6014,18.35280554725114
6015,18.35280554725114
6016,18.35280554725114
6017,18.35280554725114
6018,18.35280554725114
6019,18.35280554725114
6020,18.35280554725114
6021,18.35280554725114
6022,18.35280554725114
6023,18.35280554725114
6024,18.35280554725114
6025,18.35280554725114
6026,18.35280554725114
6027,18.35280554725114
6028,18.35280554725114
6029,18.35280554725114
6030,18.35280554725114
6031,18.35280554725114
6032,18.35280554725114
6033,18.35280554725114
6034,18.35280554725114
6035,18.35280554725114
6036,18.35280554725114
6037,18.35280554725114
6038,18.35280554725114
6039,18.35280554725114
6040,18.35280554725114
6041,18.35280554725114
6042,18.35280554725114
6043,18.35280554725114
6044,18.35280554725114
6045,18.35280554725114
6046,18.35280554725114
6047,18.35280554725114
6048,18.35280554725114
6049,18.35280554725114
6050,18.35280554725114
6051,18.35280554725114
6052,18.35280554725114
6053,18.35280554725114
6054,18.35280554725114
6055,18.35280554725114
6056,18.35280554725114
6057,18.35280554725114
6058,18.35280554725114
6059,18.35280554725114
6060,18.35280554725114
6061,18.35280554725114
6062,18.35280554725114
6063,18.35280554725114
6064,18.35280554725114
6065,18.35280554725114
6066,18.35280554725114
6067,18.35280554725114
6068,18.35280554725114
6069,18.35280554725114
6070,18.35280554725114
6071,18.35280554725114
6072,18.35280554725114
6073,18.35280554725114
6074,18.35280554725114
6075,18.35280554725114
6076,18.35280554725114
6077,18.35280554725114
6078,18.35280554725114
6079,18.35280554725114
6080,18.35280554725114
6081,18.35280554725114
6082,18.35280554725114
6083,18.35280554725114
6084,18.35280554725114
6085,18.35280554725114
6086,18.35280554725114
6087,18.35280554725114
6088,18.35280554725114
6089,18.35280554725114
6090,18.35280554725114
6091,18.35280554725114
6092,18.35280554725114
6093,18.35280554725114
6094,18.35280554725114
6095,18.35280554725114
6096,18.35280554725114
6097,18.35280554725114
6098,18.35280554725114
6099,18.35280554725114
6100,18.35280554725114
6101,18.35280554725114
6102,18.35280554725114
6103,18.35280554725114
6104,18.35280554725114
6105,18.35280554725114
6106,18.35280554725114
6107,18.35280554725114
6108,18.35280554725114
6109,18.35280554725114
6110,18.35280554725114
6111,18.35280554725114
6112,18.35280554725114
6113,18.35280554725114
6114,18.35280554725114
6115,18.35280554725114
6116,18.35280554725114
6117,18.35280554725114
6118,18.35280554725114
6119,18.35280554725114
6120,18.35280554725114
6121,18.35280554725114
6122,18.35280554725114
6123,18.35280554725114
6124,18.35280554725114
6125,18.35280554725114
6126,18.35280554725114
6127,18.35280554725114
6128,18.35280554725114
6129,18.35280554725114
6130,18.35280554725114
6131,18.35280554725114
6132,18.35280554725114
6133,18.35280554725114
6134,18.35280554725114
6135,18.35280554725114
6136,18.35280554725114
6137,18.35280554725114
6138,18.35280554725114
6139,18.35280554725114
6140,18.35280554725114
6141,18.35280554725114
6142,18.35280554725114
6143,18.35280554725114
6144,18.35280554725114
6145,18.35280554725114
6146,18.35280554725114
6147,18.35280554725114
6148,18.35280554725114
6149,18.35280554725114
6150,18.35280554725114
6151,18.35280554725114
6152,18.35280554725114
6153,18.35280554725114
6154,18.35280554725114
6155,18.35280554725114
6156,18.35280554725114
6157,18.35280554725114
6158,18.35280554725114
6159,18.35280554725114
6160,18.35280554725114
6161,18.35280554725114
6162,18.35280554725114
6163,18.35280554725114
6164,18.35280554725114
6165,18.35280554725114
6166,18.35280554725114
6167,18.35280554725114
6168,18.35280554725114
6169,18.35280554725114
6170,18.35280554725114
6171,18.35280554725114
6172,18.35280554725114
6173,18.35280554725114
6174,18.35280554725114
6175,18.35280554725114
6176,18.35280554725114
6177,18.35280554725114
6178,18.35280554725114
6179,18.35280554725114
6180,18.35280554725114
6181,18.35280554725114
6182,18.35280554725114
6183,18.35280554725114
6184,18.35280554725114
6185,18.35280554725114
6186,18.35280554725114
6187,18.35280554725114
6188,18.35280554725114
6189,18.35280554725114
6190,18.35280554725114
6191,18.35280554725114
6192,18.35280554725114
6193,18.35280554725114
6194,18.35280554725114
6195,18.35280554725114
6196,18.35280554725114
6197,18.35280554725114
6198,18.35280554725114
6199,18.35280554725114
6200,18.35280554725114
6201,18.35280554725114
6202,18.35280554725114
6203,18.35280554725114
6204,18.35280554725114
6205,18.35280554725114
6206,18.35280554725114
6207,18.35280554725114
6208,18.35280554725114
6209,18.35280554725114
6210,18.35280554725114
6211,18.35280554725114
6212,18.35280554725114
6213,18.35280554725114
6214,18.35280554725114
6215,18.35280554725114
6216,18.35280554725114
6217,18.35280554725114
6218,18.35280554725114
6219,18.35280554725114
6220,18.35280554725114
6221,18.35280554725114
6222,18.35280554725114
6223,18.35280554725114
6224,18.35280554725114
6225,18.35280554725114
6226,18.35280554725114
6227,18.35280554725114
6228,18.35280554725114
6229,18.35280554725114
6230,18.35280554725114
6231,18.35280554725114
6232,18.35280554725114
6233,18.35280554725114
6234,18.35280554725114
6235,18.35280554725114
6236,18.35280554725114
6237,18.35280554725114
6238,18.35280554725114
6239,18.35280554725114
6240,18.35280554725114
6241,18.35280554725114
6242,18.35280554725114
6243,18.35280554725114
6244,18.35280554725114
6245,18.35280554725114
6246,18.35280554725114
6247,18.35280554725114
6248,18.35280554725114
6249,18.35280554725114
6250,18.35280554725114
6251,18.35280554725114
6252,18.35280554725114
6253,18.35280554725114
6254,18.35280554725114
6255,18.35280554725114
6256,18.35280554725114
6257,18.35280554725114
6258,18.35280554725114
6259,18.35280554725114
6260,18.35280554725114
6261,18.35280554725114
6262,18.35280554725114
6263,18.35280554725114
6264,18.35280554725114
6265,18.35280554725114
6266,18.35280554725114
6267,18.35280554725114
6268,18.35280554725114
6269,18.35280554725114
6270,18.35280554725114
6271,18.35280554725114
6272,18.35280554725114
6273,18.35280554725114
6274,18.35280554725114
6275,18.35280554725114
6276,18.35280554725114
6277,18.35280554725114
6278,18.35280554725114
6279,18.35280554725114
6280,18.35280554725114
6281,18.35280554725114
6282,18.35280554725114
6283,18.35280554725114
6284,18.35280554725114
6285,18.35280554725114
6286,18.35280554725114
6287,18.35280554725114
6288,18.35280554725114
6289,18.35280554725114
6290,18.35280554725114
6291,18.35280554725114
6292,18.35280554725114
6293,18.35280554725114
6294,18.35280554725114
6295,18.35280554725114
6296,18.35280554725114
6297,18.35280554725114
6298,18.35280554725114
6299,18.35280554725114
6300,18.35280554725114
6301,18.35280554725114
6302,18.35280554725114
6303,18.35280554725114
6304,18.35280554725114
6305,18.35280554725114
6306,18.35280554725114
6307,18.35280554725114
6308,18.35280554725114
6309,18.35280554725114
6310,18.35280554725114
6311,18.35280554725114
6312,18.35280554725114
6313,18.35280554725114
6314,18.35280554725114
6315,18.35280554725114
6316,18.35280554725114
6317,18.35280554725114
6318,18.35280554725114
6319,18.35280554725114
6320,18.35280554725114
6321,18.35280554725114
6322,18.35280554725114
6323,18.35280554725114
6324,18.35280554725114
6325,18.35280554725114
6326,18.35280554725114
6327,18.35280554725114
6328,18.35280554725114
6329,18.35280554725114
6330,18.35280554725114
6331,18.35280554725114
6332,18.35280554725114
6333,18.35280554725114
6334,18.35280554725114
6335,18.35280554725114
6336,18.35280554725114
6337,18.35280554725114
6338,18.35280554725114
6339,18.35280554725114
6340,18.35280554725114
6341,18.35280554725114
6342,18.35280554725114
6343,18.35280554725114
6344,18.35280554725114
6345,18.35280554725114
6346,18.35280554725114
6347,18.35280554725114
6348,18.35280554725114
6349,18.35280554725114
6350,18.35280554725114
6351,18.35280554725114
6352,18.35280554725114
6353,18.35280554725114
6354,18.35280554725114
6355,18.35280554725114
6356,18.35280554725114
6357,18.35280554725114
6358,18.35280554725114
6359,18.35280554725114
6360,18.35280554725114
6361,18.35280554725114
6362,18.35280554725114
6363,18.35280554725114
6364,18.35280554725114
6365,18.35280554725114
6366,18.35280554725114
6367,18.35280554725114
6368,18.35280554725114
6369,18.35280554725114
6370,18.35280554725114
6371,18.35280554725114
6372,18.35280554725114
6373,18.35280554725114
6374,18.35280554725114
6375,18.35280554725114
6376,18.35280554725114
6377,18.35280554725114
6378,18.35280554725114
6379,18.35280554725114
6380,18.35280554725114
6381,18.35280554725114
6382,18.35280554725114
6383,18.35280554725114
6384,18.35280554725114
6385,18.35280554725114
6386,18.35280554725114
6387,18.35280554725114
6388,18.35280554725114
6389,18.35280554725114
6390,18.35280554725114
6391,18.35280554725114
6392,18.35280554725114
6393,18.35280554725114
6394,18.35280554725114
6395,18.35280554725114
6396,18.35280554725114
6397,18.35280554725114
6398,18.35280554725114
6399,18.35280554725114
6400,18.35280554725114
6401,18.35280554725114
6402,18.35280554725114
6403,18.35280554725114
6404,18.35280554725114
6405,18.35280554725114
6406,18.35280554725114
6407,18.35280554725114
6408,18.35280554725114
6409,18.35280554725114
6410,18.35280554725114
6411,18.35280554725114
6412,18.35280554725114
6413,18.35280554725114
6414,18.35280554725114
6415,18.35280554725114
6416,18.35280554725114
6417,18.35280554725114
6418,18.35280554725114
6419,18.35280554725114
6420,18.35280554725114
6421,18.35280554725114
6422,18.35280554725114
6423,18.35280554725114
6424,18.35280554725114
6425,18.35280554725114
6426,18.35280554725114
6427,18.35280554725114
6428,18.35280554725114
6429,18.35280554725114
6430,18.35280554725114
6431,18.35280554725114
6432,18.35280554725114
6433,18.35280554725114
6434,18.35280554725114
6435,18.35280554725114
6436,18.35280554725114
6437,18.35280554725114
6438,18.35280554725114
6439,18.35280554725114
6440,18.35280554725114
6441,18.35280554725114
6442,18.35280554725114
6443,18.35280554725114
6444,18.35280554725114
6445,18.35280554725114
6446,18.35280554725114
6447,18.35280554725114
6448,18.35280554725114
6449,18.35280554725114
6450,18.35280554725114
6451,18.35280554725114
6452,18.35280554725114
6453,18.35280554725114
6454,18.35280554725114
6455,18.35280554725114
6456,18.35280554725114
6457,18.35280554725114
6458,18.35280554725114
6459,18.35280554725114
6460,18.35280554725114
6461,18.35280554725114
6462,18.35280554725114
6463,18.35280554725114
6464,18.35280554725114
6465,18.35280554725114
6466,18.35280554725114
6467,18.35280554725114
6468,18.35280554725114
6469,18.35280554725114
6470,18.35280554725114
6471,18.35280554725114
6472,18.35280554725114
6473,18.35280554725114
6474,18.35280554725114
6475,18.35280554725114
6476,18.35280554725114
6477,18.35280554725114
6478,18.35280554725114
6479,18.35280554725114
6480,18.35280554725114
6481,18.35280554725114
6482,18.35280554725114
6483,18.35280554725114
6484,18.35280554725114
6485,18.35280554725114
6486,18.35280554725114
6487,18.35280554725114
6488,18.35280554725114
6489,18.35280554725114
6490,18.35280554725114
6491,18.35280554725114
6492,18.35280554725114
6493,18.35280554725114
6494,18.35280554725114
6495,18.35280554725114
6496,18.35280554725114
6497,18.35280554725114
6498,18.35280554725114
6499,18.35280554725114
6500,18.35280554725114
6501,18.35280554725114
6502,18.35280554725114
6503,18.35280554725114
6504,18.35280554725114
6505,18.35280554725114
6506,18.35280554725114
6507,18.35280554725114
6508,18.35280554725114
6509,18.35280554725114
6510,18.35280554725114
6511,18.35280554725114
6512,18.35280554725114
6513,18.35280554725114
6514,18.35280554725114
6515,18.35280554725114
6516,18.35280554725114
6517,18.35280554725114
6518,18.35280554725114
6519,18.35280554725114
6520,18.35280554725114
6521,18.35280554725114
6522,18.35280554725114
6523,18.35280554725114
6524,18.35280554725114
6525,18.35280554725114
6526,18.35280554725114
6527,18.35280554725114
6528,18.35280554725114
6529,18.35280554725114
6530,18.35280554725114
6531,18.35280554725114
6532,18.35280554725114
6533,18.35280554725114
6534,18.35280554725114
6535,18.35280554725114
6536,18.35280554725114
6537,18.35280554725114
6538,18.35280554725114
6539,18.35280554725114
6540,18.35280554725114
6541,18.35280554725114
6542,18.35280554725114
6543,18.35280554725114
6544,18.35280554725114
6545,18.35280554725114
6546,18.35280554725114
6547,18.35280554725114
6548,18.35280554725114
6549,18.35280554725114
6550,18.35280554725114
6551,18.35280554725114
6552,18.35280554725114
6553,18.35280554725114
6554,18.35280554725114
6555,18.35280554725114
6556,18.35280554725114
6557,18.35280554725114
6558,18.35280554725114
6559,18.35280554725114
6560,18.35280554725114
6561,18.35280554725114
6562,18.35280554725114
6563,18.35280554725114
6564,18.35280554725114
6565,18.35280554725114
6566,18.35280554725114
6567,18.35280554725114
6568,18.35280554725114
6569,18.35280554725114
6570,18.35280554725114
6571,18.35280554725114
6572,18.35280554725114
6573,18.35280554725114
6574,18.35280554725114
6575,18.35280554725114
6576,18.35280554725114
6577,18.35280554725114
6578,18.35280554725114
6579,18.35280554725114
6580,18.35280554725114
6581,18.35280554725114
6582,18.35280554725114
6583,18.35280554725114
6584,18.35280554725114
6585,18.35280554725114
6586,18.35280554725114
6587,18.35280554725114
6588,18.35280554725114
6589,18.35280554725114
6590,18.35280554725114
6591,18.35280554725114
6592,18.35280554725114
6593,18.35280554725114
6594,18.35280554725114
6595,18.35280554725114
6596,18.35280554725114
6597,18.35280554725114
6598,18.35280554725114
6599,18.35280554725114
6600,18.35280554725114
6601,18.35280554725114
6602,18.35280554725114
6603,18.35280554725114
6604,18.35280554725114
6605,18.35280554725114
6606,18.35280554725114
6607,18.35280554725114
6608,18.35280554725114
6609,18.35280554725114
6610,18.35280554725114
6611,18.35280554725114
6612,18.35280554725114
6613,18.35280554725114
6614,18.35280554725114
6615,18.35280554725114
6616,18.35280554725114
6617,18.35280554725114
6618,18.35280554725114
6619,18.35280554725114
6620,18.35280554725114
6621,18.35280554725114
6622,18.35280554725114
6623,18.35280554725114
6624,18.35280554725114
6625,18.35280554725114
6626,18.35280554725114
6627,18.35280554725114
6628,18.35280554725114
6629,18.35280554725114
6630,18.35280554725114
6631,18.35280554725114
6632,18.35280554725114
6633,18.35280554725114
6634,18.35280554725114
6635,18.35280554725114
6636,18.35280554725114
6637,18.35280554725114
6638,18.35280554725114
6639,18.35280554725114
6640,18.35280554725114
6641,18.35280554725114
6642,18.35280554725114
6643,18.35280554725114
6644,18.35280554725114
6645,18.35280554725114
6646,18.35280554725114
6647,18.35280554725114
6648,18.35280554725114
6649,18.35280554725114
6650,18.35280554725114
6651,18.35280554725114
6652,18.35280554725114
6653,18.35280554725114
6654,18.35280554725114
6655,18.35280554725114
6656,18.35280554725114
6657,18.35280554725114
6658,18.35280554725114
6659,18.35280554725114
6660,18.35280554725114
6661,18.35280554725114
6662,18.35280554725114
6663,18.35280554725114
6664,18.35280554725114
6665,18.35280554725114
6666,18.35280554725114
6667,18.35280554725114
6668,18.35280554725114
6669,18.35280554725114
6670,18.35280554725114
6671,18.35280554725114
6672,18.35280554725114
6673,18.35280554725114
6674,18.35280554725114
6675,18.35280554725114
6676,18.35280554725114
6677,18.35280554725114
6678,18.35280554725114
6679,18.35280554725114
6680,18.35280554725114
6681,18.35280554725114
6682,18.35280554725114
6683,18.35280554725114
6684,18.35280554725114
6685,18.35280554725114
6686,18.35280554725114
6687,18.35280554725114
6688,18.35280554725114
6689,18.35280554725114
6690,18.35280554725114
6691,18.35280554725114
6692,18.35280554725114
6693,18.35280554725114
6694,18.35280554725114
6695,18.35280554725114
6696,18.35280554725114
6697,18.35280554725114
6698,18.35280554725114
6699,18.35280554725114
6700,18.35280554725114
6701,18.35280554725114
6702,18.35280554725114
6703,18.35280554725114
6704,18.35280554725114
6705,18.35280554725114
6706,18.35280554725114
6707,18.35280554725114
6708,18.35280554725114
6709,18.35280554725114
6710,18.35280554725114
6711,18.35280554725114
6712,18.35280554725114
6713,18.35280554725114
6714,18.35280554725114
6715,18.35280554725114
6716,18.35280554725114
6717,18.35280554725114
6718,18.35280554725114
6719,18.35280554725114
6720,18.35280554725114
6721,18.35280554725114
6722,18.35280554725114
6723,18.35280554725114
6724,18.35280554725114
6725,18.35280554725114
6726,18.35280554725114
6727,18.35280554725114
6728,18.35280554725114
6729,18.35280554725114
6730,18.35280554725114
6731,18.35280554725114
6732,18.35280554725114
6733,18.35280554725114
6734,18.35280554725114
6735,18.35280554725114
6736,18.35280554725114
6737,18.35280554725114
6738,18.35280554725114
6739,18.35280554725114
6740,18.35280554725114
6741,18.35280554725114
6742,18.35280554725114
6743,18.35280554725114
6744,18.35280554725114
6745,18.35280554725114
6746,18.35280554725114
6747,18.35280554725114
6748,18.35280554725114
6749,18.35280554725114
6750,18.35280554725114
6751,18.35280554725114
6752,18.35280554725114
6753,18.35280554725114
6754,18.35280554725114
6755,18.35280554725114
6756,18.35280554725114
6757,18.35280554725114
6758,18.35280554725114
6759,18.35280554725114
6760,18.35280554725114
6761,18.35280554725114
6762,18.35280554725114
6763,18.35280554725114
6764,18.35280554725114
6765,18.35280554725114
6766,18.35280554725114
6767,18.35280554725114
6768,18.35280554725114
6769,18.35280554725114
6770,18.35280554725114
6771,18.35280554725114
6772,18.35280554725114
6773,18.35280554725114
6774,18.35280554725114
6775,18.35280554725114
6776,18.35280554725114
6777,18.35280554725114
6778,18.35280554725114
6779,18.35280554725114
6780,18.35280554725114
6781,18.35280554725114
6782,18.35280554725114
6783,18.35280554725114
6784,18.35280554725114
6785,18.35280554725114
6786,18.35280554725114
6787,18.35280554725114
6788,18.35280554725114
6789,18.35280554725114
6790,18.35280554725114
6791,18.35280554725114
6792,18.35280554725114
6793,18.35280554725114
6794,18.35280554725114
6795,18.35280554725114
6796,18.35280554725114
6797,18.35280554725114
6798,18.35280554725114
6799,18.35280554725114
6800,18.35280554725114
6801,18.35280554725114
6802,18.35280554725114
6803,18.35280554725114
6804,18.35280554725114
6805,18.35280554725114
6806,18.35280554725114
6807,18.35280554725114
6808,18.35280554725114
6809,18.35280554725114
6810,18.35280554725114
6811,18.35280554725114
6812,18.35280554725114
6813,18.35280554725114
6814,18.35280554725114
6815,18.35280554725114
6816,18.35280554725114
6817,18.35280554725114
6818,18.35280554725114
6819,18.35280554725114
6820,18.35280554725114
6821,18.35280554725114
6822,18.35280554725114
6823,18.35280554725114
6824,18.35280554725114
6825,18.35280554725114
6826,18.35280554725114
6827,18.35280554725114
6828,18.35280554725114
6829,18.35280554725114
6830,18.35280554725114
6831,18.35280554725114
6832,18.35280554725114
6833,18.35280554725114
6834,18.35280554725114
6835,18.35280554725114
6836,18.35280554725114
6837,18.35280554725114
6838,18.35280554725114
6839,18.35280554725114
6840,18.35280554725114
6841,18.35280554725114
6842,18.35280554725114
6843,18.35280554725114
6844,18.35280554725114
6845,18.35280554725114
6846,18.35280554725114
6847,18.35280554725114
6848,18.35280554725114
6849,18.35280554725114
6850,18.35280554725114
6851,18.35280554725114
6852,18.35280554725114
6853,18.35280554725114
6854,18.35280554725114
6855,18.35280554725114
6856,18.35280554725114
6857,1.2093426839283836
6858,1.2093426839283836
6859,1.2093426839283836
6860,1.2093426839283836
6861,1.2093426839283836
6862,1.2093426839283836
6863,1.2093426839283836
6864,1.2093426839283836
6865,1.2093426839283836
6866,1.2093426839283836
6867,1.2093426839283836
6868,1.2093426839283836
6869,1.2093426839283836
6870,1.2093426839283836
6871,1.2093426839283836
6872,1.2093426839283836
6873,1.2093426839283836
6874,1.2093426839283836
6875,1.2093426839283836
6876,1.2093426839283836
6877,1.2093426839283836
6878,1.2093426839283836
6879,1.2093426839283836
6880,1.2093426839283836
6881,1.2093426839283836
6882,1.2093426839283836
6883,1.2093426839283836
6884,1.2093426839283836
6885,1.2093426839283836
6886,1.2093426839283836
6887,1.2093426839283836
6888,1.2093426839283836
6889,1.2093426839283836
6890,1.2093426839283836
6891,1.2093426839283836
6892,1.2093426839283836
6893,1.2093426839283836
6894,1.2093426839283836
6895,1.2093426839283836
6896,1.2093426839283836
6897,1.2093426839283836
6898,1.2093426839283836
6899,1.2093426839283836
6900,1.2093426839283836
6901,1.2093426839283836
6902,1.2093426839283836
6903,1.2093426839283836
6904,1.2093426839283836
6905,1.2093426839283836
6906,1.2093426839283836
6907,1.2093426839283836
6908,1.2093426839283836
6909,1.2093426839283836
6910,1.2093426839283836
6911,1.2093426839283836
6912,1.2093426839283836
6913,1.2093426839283836
6914,1.2093426839283836
6915,1.2093426839283836
6916,1.2093426839283836
6917,1.2093426839283836
6918,1.2093426839283836
6919,1.2093426839283836
6920,1.2093426839283836
6921,1.2093426839283836
6922,1.2093426839283836
6923,1.2093426839283836
6924,1.2093426839283836
6925,1.2093426839283836
6926,1.2093426839283836
6927,1.2093426839283836
6928,1.2093426839283836
6929,1.2093426839283836
6930,1.2093426839283836
6931,1.2093426839283836
6932,1.2093426839283836
6933,1.2093426839283836
6934,1.2093426839283836
6935,1.2093426839283836
6936,1.2093426839283836
6937,1.2093426839283836
6938,1.2093426839283836
6939,1.2093426839283836
6940,1.2093426839283836
6941,1.2093426839283836
6942,1.2093426839283836
6943,1.2093426839283836
6944,1.2093426839283836
6945,1.2093426839283836
6946,1.2093426839283836
6947,1.2093426839283836
6948,1.2093426839283836
6949,1.2093426839283836
6950,1.2093426839283836
6951,1.2093426839283836
6952,1.2093426839283836
6953,1.2093426839283836
6954,1.2093426839283836
6955,1.2093426839283836
6956,1.2093426839283836
6957,1.2093426839283836
6958,1.2093426839283836
6959,1.2093426839283836
6960,1.2093426839283836
6961,1.2093426839283836
6962,1.2093426839283836
6963,1.2093426839283836
6964,1.2093426839283836
6965,1.2093426839283836
6966,1.2093426839283836
6967,1.2093426839283836
6968,1.2093426839283836
6969,1.2093426839283836
6970,1.2093426839283836
6971,1.2093426839283836
6972,1.2093426839283836
6973,1.2093426839283836
6974,1.2093426839283836
6975,1.2093426839283836
6976,1.2093426839283836
6977,1.2093426839283836
6978,1.2093426839283836
6979,1.2093426839283836
6980,1.2093426839283836
6981,1.2093426839283836
6982,1.2093426839283836
6983,1.2093426839283836
6984,1.2093426839283836
6985,1.2093426839283836
6986,1.2093426839283836
6987,1.2093426839283836
6988,1.2093426839283836
6989,1.2093426839283836
6990,1.2093426839283836
6991,1.2093426839283836
6992,1.2093426839283836
6993,1.2093426839283836
6994,1.2093426839283836
6995,1.2093426839283836
6996,1.2093426839283836
6997,1.2093426839283836
6998,1.2093426839283836
6999,1.2093426839283836
7000,1.2093426839283836
7001,1.2093426839283836
7002,1.2093426839283836
7003,1.2093426839283836
7004,1.2093426839283836
7005,1.2093426839283836
7006,1.2093426839283836
7007,1.2093426839283836
7008,1.2093426839283836
7009,1.2093426839283836
7010,1.2093426839283836
7011,1.2093426839283836
7012,1.2093426839283836
7013,1.2093426839283836
7014,1.2093426839283836
7015,1.2093426839283836
7016,1.2093426839283836
7017,1.2093426839283836
7018,1.2093426839283836
7019,1.2093426839283836
7020,1.2093426839283836
7021,1.2093426839283836
7022,1.2093426839283836
7023,1.2093426839283836
7024,1.2093426839283836
7025,1.2093426839283836
7026,1.2093426839283836
7027,1.2093426839283836
7028,1.2093426839283836
7029,1.2093426839283836
7030,1.2093426839283836
7031,1.2093426839283836
7032,1.2093426839283836
7033,1.2093426839283836
7034,1.2093426839283836
7035,1.2093426839283836
7036,1.2093426839283836
7037,1.2093426839283836
7038,1.2093426839283836
7039,1.2093426839283836
7040,1.2093426839283836
7041,1.2093426839283836
7042,1.2093426839283836
7043,1.2093426839283836
7044,1.2093426839283836
7045,1.2093426839283836
7046,1.2093426839283836
7047,1.2093426839283836
7048,1.2093426839283836
7049,1.2093426839283836
7050,1.2093426839283836
7051,1.2093426839283836
7052,1.2093426839283836
7053,1.2093426839283836
7054,1.2093426839283836
7055,1.2093426839283836
7056,1.2093426839283836
7057,1.2093426839283836
7058,1.2093426839283836
7059,1.2093426839283836
7060,1.2093426839283836
7061,1.2093426839283836
7062,1.2093426839283836
7063,1.2093426839283836
7064,1.2093426839283836
7065,1.2093426839283836
7066,1.2093426839283836
7067,1.2093426839283836
7068,1.2093426839283836
7069,1.2093426839283836
7070,1.2093426839283836
7071,1.2093426839283836
7072,1.2093426839283836
7073,1.2093426839283836
7074,1.2093426839283836
7075,1.2093426839283836
7076,1.2093426839283836
7077,1.2093426839283836
7078,1.2093426839283836
7079,1.2093426839283836
7080,1.2093426839283836
7081,1.2093426839283836
7082,1.2093426839283836
7083,1.2093426839283836
7084,1.2093426839283836
7085,1.2093426839283836
7086,1.2093426839283836
7087,1.2093426839283836
7088,1.2093426839283836
7089,1.2093426839283836
7090,1.2093426839283836
7091,1.2093426839283836
7092,1.2093426839283836
7093,1.2093426839283836
7094,1.2093426839283836
7095,1.2093426839283836
7096,1.2093426839283836
7097,1.2093426839283836
7098,1.2093426839283836
7099,1.2093426839283836
7100,1.2093426839283836
7101,1.2093426839283836
7102,1.2093426839283836
7103,1.2093426839283836
7104,1.2093426839283836
7105,1.2093426839283836
7106,1.2093426839283836
7107,1.2093426839283836
7108,1.2093426839283836
7109,1.2093426839283836
7110,1.2093426839283836
7111,1.2093426839283836
7112,1.2093426839283836
7113,1.2093426839283836
7114,1.2093426839283836
7115,1.2093426839283836
7116,1.2093426839283836
7117,1.2093426839283836
7118,1.2093426839283836
7119,1.2093426839283836
7120,1.2093426839283836
7121,1.2093426839283836
7122,1.2093426839283836
7123,1.2093426839283836
7124,1.2093426839283836
7125,1.2093426839283836
7126,1.2093426839283836
7127,1.2093426839283836
7128,1.2093426839283836
7129,1.2093426839283836
7130,1.2093426839283836
7131,1.2093426839283836
7132,1.2093426839283836
7133,1.2093426839283836
7134,1.2093426839283836
7135,1.2093426839283836
7136,1.2093426839283836
7137,1.2093426839283836
7138,1.2093426839283836
7139,1.2093426839283836
7140,1.2093426839283836
7141,1.2093426839283836
7142,1.2093426839283836
7143,1.2093426839283836
7144,1.2093426839283836
7145,1.2093426839283836
7146,1.2093426839283836
7147,1.2093426839283836
7148,1.2093426839283836
7149,1.2093426839283836
7150,1.2093426839283836
7151,1.2093426839283836
7152,1.2093426839283836
7153,1.2093426839283836
7154,1.2093426839283836
7155,1.2093426839283836
7156,1.2093426839283836
7157,1.2093426839283836
7158,1.2093426839283836
7159,1.2093426839283836
7160,1.2093426839283836
7161,1.2093426839283836
7162,1.2093426839283836
7163,1.2093426839283836
7164,1.2093426839283836
7165,1.2093426839283836
7166,1.2093426839283836
7167,1.2093426839283836
7168,1.2093426839283836
7169,1.2093426839283836
7170,1.2093426839283836
7171,1.2093426839283836
7172,1.2093426839283836
7173,1.2093426839283836
7174,1.2093426839283836
7175,1.2093426839283836
7176,1.2093426839283836
7177,1.2093426839283836
7178,1.2093426839283836
7179,1.2093426839283836
7180,1.2093426839283836
7181,1.2093426839283836
7182,1.2093426839283836
7183,1.2093426839283836
7184,1.2093426839283836
7185,1.2093426839283836
7186,1.2093426839283836
7187,1.2093426839283836
7188,1.2093426839283836
7189,1.2093426839283836
7190,1.2093426839283836
7191,1.2093426839283836
7192,1.2093426839283836
7193,1.2093426839283836
7194,1.2093426839283836
7195,1.2093426839283836
7196,1.2093426839283836
7197,1.2093426839283836
7198,1.2093426839283836
7199,1.2093426839283836
7200,1.2093426839283836
7201,1.2093426839283836
7202,1.2093426839283836
7203,1.2093426839283836
7204,1.2093426839283836
7205,1.2093426839283836
7206,1.2093426839283836
7207,1.2093426839283836
7208,1.2093426839283836
7209,1.2093426839283836
7210,1.2093426839283836
7211,1.2093426839283836
7212,1.2093426839283836
7213,1.2093426839283836
7214,1.2093426839283836
7215,1.2093426839283836
7216,1.2093426839283836
7217,1.2093426839283836
7218,1.2093426839283836
7219,1.2093426839283836
7220,1.2093426839283836
7221,1.2093426839283836
7222,1.2093426839283836
7223,1.2093426839283836
7224,1.2093426839283836
7225,1.2093426839283836
7226,1.2093426839283836
7227,1.2093426839283836
7228,1.2093426839283836
7229,1.2093426839283836
7230,1.2093426839283836
7231,1.2093426839283836
7232,1.2093426839283836
7233,1.2093426839283836
7234,1.2093426839283836
7235,1.2093426839283836
7236,1.2093426839283836
7237,1.2093426839283836
7238,1.2093426839283836
7239,1.2093426839283836
7240,1.2093426839283836
7241,1.2093426839283836
7242,1.2093426839283836
7243,1.2093426839283836
7244,1.2093426839283836
7245,1.2093426839283836
7246,1.2093426839283836
7247,1.2093426839283836
7248,1.2093426839283836
7249,1.2093426839283836
7250,1.2093426839283836
7251,1.2093426839283836
7252,1.2093426839283836
7253,1.2093426839283836
7254,1.2093426839283836
7255,1.2093426839283836
7256,1.2093426839283836
7257,1.2093426839283836
7258,1.2093426839283836
7259,1.2093426839283836
7260,1.2093426839283836
7261,1.2093426839283836
7262,1.2093426839283836
7263,1.2093426839283836
7264,1.2093426839283836
7265,1.2093426839283836
7266,1.2093426839283836
7267,1.2093426839283836
7268,1.2093426839283836
7269,1.2093426839283836
7270,1.2093426839283836
7271,1.2093426839283836
7272,1.2093426839283836
7273,1.2093426839283836
7274,1.2093426839283836
7275,1.2093426839283836
7276,1.2093426839283836
7277,1.2093426839283836
7278,1.2093426839283836
7279,1.2093426839283836
7280,1.2093426839283836
7281,1.2093426839283836
7282,1.2093426839283836
7283,1.2093426839283836
7284,1.2093426839283836
7285,1.2093426839283836
7286,1.2093426839283836
7287,1.2093426839283836
7288,1.2093426839283836
7289,1.2093426839283836
7290,1.2093426839283836
7291,1.2093426839283836
7292,1.2093426839283836
7293,1.2093426839283836
7294,1.2093426839283836
7295,1.2093426839283836
7296,1.2093426839283836
7297,1.2093426839283836
7298,1.2093426839283836
7299,1.2093426839283836
7300,1.2093426839283836
7301,1.2093426839283836
7302,1.2093426839283836
7303,1.2093426839283836
7304,1.2093426839283836
7305,1.2093426839283836
7306,1.2093426839283836
7307,1.2093426839283836
7308,1.2093426839283836
7309,1.2093426839283836
7310,1.2093426839283836
7311,1.2093426839283836
7312,1.2093426839283836
7313,1.2093426839283836
7314,1.2093426839283836
7315,1.2093426839283836
7316,1.2093426839283836
7317,1.2093426839283836
7318,1.2093426839283836
7319,1.2093426839283836
7320,1.2093426839283836
7321,1.2093426839283836
7322,1.2093426839283836
7323,1.2093426839283836
7324,1.2093426839283836
7325,1.2093426839283836
7326,1.2093426839283836
7327,1.2093426839283836
7328,1.2093426839283836
7329,1.2093426839283836
7330,1.2093426839283836
7331,1.2093426839283836
7332,1.2093426839283836
7333,1.2093426839283836
7334,1.2093426839283836
7335,1.2093426839283836
7336,1.2093426839283836
7337,1.2093426839283836
7338,1.2093426839283836
7339,1.2093426839283836
7340,1.2093426839283836
7341,1.2093426839283836
7342,1.2093426839283836
7343,1.2093426839283836
7344,1.2093426839283836
7345,1.2093426839283836
7346,1.2093426839283836
7347,1.2093426839283836
7348,1.2093426839283836
7349,1.2093426839283836
7350,1.2093426839283836
7351,1.2093426839283836
7352,1.2093426839283836
7353,1.2093426839283836
7354,1.2093426839283836
7355,1.2093426839283836
7356,1.2093426839283836
7357,1.2093426839283836
7358,1.2093426839283836
7359,1.2093426839283836
7360,1.2093426839283836
7361,1.2093426839283836
7362,1.2093426839283836
7363,1.2093426839283836
7364,1.2093426839283836
7365,1.2093426839283836
7366,1.2093426839283836
7367,1.2093426839283836
7368,1.2093426839283836
7369,1.2093426839283836
7370,1.2093426839283836
7371,1.2093426839283836
7372,1.2093426839283836
7373,1.2093426839283836
7374,1.2093426839283836
7375,1.2093426839283836
7376,1.2093426839283836
7377,1.2093426839283836
7378,1.2093426839283836
7379,1.2093426839283836
7380,1.2093426839283836
7381,1.2093426839283836
7382,1.2093426839283836
7383,1.2093426839283836
7384,1.2093426839283836
7385,1.2093426839283836
7386,1.2093426839283836
7387,1.2093426839283836
7388,1.2093426839283836
7389,1.2093426839283836
7390,1.2093426839283836
7391,1.2093426839283836
7392,1.2093426839283836
7393,1.2093426839283836
7394,1.2093426839283836
7395,1.2093426839283836
7396,1.2093426839283836
7397,1.2093426839283836
7398,1.2093426839283836
7399,1.2093426839283836
7400,1.2093426839283836
7401,1.2093426839283836
7402,1.2093426839283836
7403,1.2093426839283836
7404,1.2093426839283836
7405,1.2093426839283836
7406,1.2093426839283836
7407,1.2093426839283836
7408,1.2093426839283836
7409,1.2093426839283836
7410,1.2093426839283836
7411,1.2093426839283836
7412,1.2093426839283836
7413,1.2093426839283836
7414,1.2093426839283836
7415,1.2093426839283836
7416,1.2093426839283836
7417,1.2093426839283836
7418,1.2093426839283836
7419,1.2093426839283836
7420,1.2093426839283836
7421,1.2093426839283836
7422,1.2093426839283836
7423,1.2093426839283836
7424,1.2093426839283836
7425,1.2093426839283836
7426,1.2093426839283836
7427,1.2093426839283836
7428,1.2093426839283836
7429,1.2093426839283836
7430,1.2093426839283836
7431,1.2093426839283836
7432,1.2093426839283836
7433,1.2093426839283836
7434,1.2093426839283836
7435,1.2093426839283836
7436,1.2093426839283836
7437,1.2093426839283836
7438,1.2093426839283836
7439,1.2093426839283836
7440,1.2093426839283836
7441,1.2093426839283836
7442,1.2093426839283836
7443,1.2093426839283836
7444,1.2093426839283836
7445,1.2093426839283836
7446,1.2093426839283836
7447,1.2093426839283836
7448,1.2093426839283836
7449,1.2093426839283836
7450,1.2093426839283836
7451,1.2093426839283836
7452,1.2093426839283836
7453,1.2093426839283836
7454,1.2093426839283836
7455,1.2093426839283836
7456,1.2093426839283836
7457,1.2093426839283836
7458,1.2093426839283836
7459,1.2093426839283836
7460,1.2093426839283836
7461,1.2093426839283836
7462,1.2093426839283836
7463,1.2093426839283836
7464,1.2093426839283836
7465,1.2093426839283836
7466,1.2093426839283836
7467,1.2093426839283836
7468,1.2093426839283836
7469,1.2093426839283836
7470,1.2093426839283836
7471,1.2093426839283836
7472,1.2093426839283836
7473,1.2093426839283836
7474,1.2093426839283836
7475,1.2093426839283836
7476,1.2093426839283836
7477,1.2093426839283836
7478,1.2093426839283836
7479,1.2093426839283836
7480,1.2093426839283836
7481,1.2093426839283836
7482,1.2093426839283836
7483,1.2093426839283836
7484,1.2093426839283836
7485,1.2093426839283836
7486,1.2093426839283836
7487,1.2093426839283836
7488,1.2093426839283836
7489,1.2093426839283836
7490,1.2093426839283836
7491,1.2093426839283836
7492,1.2093426839283836
7493,1.2093426839283836
7494,1.2093426839283836
7495,1.2093426839283836
7496,1.2093426839283836
7497,1.2093426839283836
7498,1.2093426839283836
7499,1.2093426839283836
7500,1.2093426839283836
7501,1.2093426839283836
7502,1.2093426839283836
7503,1.2093426839283836
7504,1.2093426839283836
7505,1.2093426839283836
7506,1.2093426839283836
7507,1.2093426839283836
7508,1.2093426839283836
7509,1.2093426839283836
7510,1.2093426839283836
7511,1.2093426839283836
7512,1.2093426839283836
7513,1.2093426839283836
7514,1.2093426839283836
7515,1.2093426839283836
7516,1.2093426839283836
7517,1.2093426839283836
7518,1.2093426839283836
7519,1.2093426839283836
7520,1.2093426839283836
7521,1.2093426839283836
7522,1.2093426839283836
7523,1.2093426839283836
7524,1.2093426839283836
7525,1.2093426839283836
7526,1.2093426839283836
7527,1.2093426839283836
7528,1.2093426839283836
7529,1.2093426839283836
7530,1.2093426839283836
7531,1.2093426839283836
7532,1.2093426839283836
7533,1.2093426839283836
7534,1.2093426839283836
7535,1.2093426839283836
7536,1.2093426839283836
7537,1.2093426839283836
7538,1.2093426839283836
7539,1.2093426839283836
7540,1.2093426839283836
7541,1.2093426839283836
7542,1.2093426839283836
7543,1.2093426839283836
7544,1.2093426839283836
7545,1.2093426839283836
7546,1.2093426839283836
7547,1.2093426839283836
7548,1.2093426839283836
7549,1.2093426839283836
7550,1.2093426839283836
7551,1.2093426839283836
7552,1.2093426839283836
7553,1.2093426839283836
7554,1.2093426839283836
7555,1.2093426839283836
7556,1.2093426839283836
7557,1.2093426839283836
7558,1.2093426839283836
7559,1.2093426839283836
7560,1.2093426839283836
7561,1.2093426839283836
7562,1.2093426839283836
7563,1.2093426839283836
7564,1.2093426839283836
7565,1.2093426839283836
7566,1.2093426839283836
7567,1.2093426839283836
7568,1.2093426839283836
7569,1.2093426839283836
7570,1.2093426839283836
7571,1.2093426839283836
7572,1.2093426839283836
7573,1.2093426839283836
7574,1.2093426839283836
7575,1.2093426839283836
7576,1.2093426839283836
7577,1.2093426839283836
7578,1.2093426839283836
7579,1.2093426839283836
7580,1.2093426839283836
7581,1.2093426839283836
7582,1.2093426839283836
7583,1.2093426839283836
7584,1.2093426839283836
7585,1.2093426839283836
7586,1.2093426839283836
7587,1.2093426839283836
7588,1.2093426839283836
7589,1.2093426839283836
7590,1.2093426839283836
7591,1.2093426839283836
7592,1.2093426839283836
7593,1.2093426839283836
7594,1.2093426839283836
7595,1.2093426839283836
7596,1.2093426839283836
7597,1.2093426839283836
7598,1.2093426839283836
7599,1.2093426839283836
7600,1.2093426839283836
7601,1.2093426839283836
7602,1.2093426839283836
7603,1.2093426839283836
7604,1.2093426839283836
7605,1.2093426839283836
7606,1.2093426839283836
7607,1.2093426839283836
7608,1.2093426839283836
7609,1.2093426839283836
7610,1.2093426839283836
7611,1.2093426839283836
7612,1.2093426839283836
7613,1.2093426839283836
7614,1.2093426839283836
7615,1.2093426839283836
7616,1.2093426839283836
7617,1.2093426839283836
7618,1.2093426839283836
7619,1.2093426839283836
7620,1.2093426839283836
7621,1.2093426839283836
7622,1.2093426839283836
7623,1.2093426839283836
7624,1.2093426839283836
7625,1.2093426839283836
7626,1.2093426839283836
7627,1.2093426839283836
7628,1.2093426839283836
7629,1.2093426839283836
7630,1.2093426839283836
7631,1.2093426839283836
7632,1.2093426839283836
7633,1.2093426839283836
7634,1.2093426839283836
7635,1.2093426839283836
7636,1.2093426839283836
7637,1.2093426839283836
7638,1.2093426839283836
7639,1.2093426839283836
7640,1.2093426839283836
7641,1.2093426839283836
7642,1.2093426839283836
7643,1.2093426839283836
7644,1.2093426839283836
7645,1.2093426839283836
7646,1.2093426839283836
7647,1.2093426839283836
7648,1.2093426839283836
7649,1.2093426839283836
7650,1.2093426839283836
7651,1.2093426839283836
7652,1.2093426839283836
7653,1.2093426839283836
7654,1.2093426839283836
7655,1.2093426839283836
7656,1.2093426839283836
7657,1.2093426839283836
7658,1.2093426839283836
7659,1.2093426839283836
7660,1.2093426839283836
7661,1.2093426839283836
7662,1.2093426839283836
7663,1.2093426839283836
7664,1.2093426839283836
7665,1.2093426839283836
7666,1.2093426839283836
7667,1.2093426839283836
7668,1.2093426839283836
7669,1.2093426839283836
7670,1.2093426839283836
7671,1.2093426839283836
7672,1.2093426839283836
7673,1.2093426839283836
7674,1.2093426839283836
7675,1.2093426839283836
7676,1.2093426839283836
7677,1.2093426839283836
7678,1.2093426839283836
7679,1.2093426839283836
7680,1.2093426839283836
7681,1.2093426839283836
7682,1.2093426839283836
7683,1.2093426839283836
7684,1.2093426839283836
7685,1.2093426839283836
7686,1.2093426839283836
7687,1.2093426839283836
7688,1.2093426839283836
7689,1.2093426839283836
7690,1.2093426839283836
7691,1.2093426839283836
7692,1.2093426839283836
7693,1.2093426839283836
7694,1.2093426839283836
7695,1.2093426839283836
7696,1.2093426839283836
7697,1.2093426839283836
7698,1.2093426839283836
7699,1.2093426839283836
7700,1.2093426839283836
7701,1.2093426839283836
7702,1.2093426839283836
7703,1.2093426839283836
7704,1.2093426839283836
7705,1.2093426839283836
7706,1.2093426839283836
7707,1.2093426839283836
7708,1.2093426839283836
7709,1.2093426839283836
7710,1.2093426839283836
7711,1.2093426839283836
7712,1.2093426839283836
7713,1.2093426839283836
7714,1.2093426839283836
7715,1.2093426839283836
7716,1.2093426839283836
7717,1.2093426839283836
7718,1.2093426839283836
7719,1.2093426839283836
7720,1.2093426839283836
7721,1.2093426839283836
7722,1.2093426839283836
7723,1.2093426839283836
7724,1.2093426839283836
7725,1.2093426839283836
7726,1.2093426839283836
7727,1.2093426839283836
7728,1.2093426839283836
7729,1.2093426839283836
7730,1.2093426839283836
7731,1.2093426839283836
7732,1.2093426839283836
7733,1.2093426839283836
7734,1.2093426839283836
7735,1.2093426839283836
7736,1.2093426839283836
7737,1.2093426839283836
7738,1.2093426839283836
7739,1.2093426839283836
7740,1.2093426839283836
7741,1.2093426839283836
7742,1.2093426839283836
7743,1.2093426839283836
7744,1.2093426839283836
7745,1.2093426839283836
7746,1.2093426839283836
7747,1.2093426839283836
7748,1.2093426839283836
7749,1.2093426839283836
7750,1.2093426839283836
7751,1.2093426839283836
7752,1.2093426839283836
7753,1.2093426839283836
7754,1.2093426839283836
7755,1.2093426839283836
7756,1.2093426839283836
7757,1.2093426839283836
7758,1.2093426839283836
7759,1.2093426839283836
7760,1.2093426839283836
7761,1.2093426839283836
7762,1.2093426839283836
7763,1.2093426839283836
7764,1.2093426839283836
7765,1.2093426839283836
7766,1.2093426839283836
7767,1.2093426839283836
7768,1.2093426839283836
7769,1.2093426839283836
7770,1.2093426839283836
7771,1.2093426839283836
7772,1.2093426839283836
7773,1.2093426839283836
7774,1.2093426839283836
7775,1.2093426839283836
7776,1.2093426839283836
7777,1.2093426839283836
7778,1.2093426839283836
7779,1.2093426839283836
7780,1.2093426839283836
7781,1.2093426839283836
7782,1.2093426839283836
7783,1.2093426839283836
7784,1.2093426839283836
7785,1.2093426839283836
7786,1.2093426839283836
7787,1.2093426839283836
7788,1.2093426839283836
7789,1.2093426839283836
7790,1.2093426839283836
7791,1.2093426839283836
7792,1.2093426839283836
7793,1.2093426839283836
7794,1.2093426839283836
7795,1.2093426839283836
7796,1.2093426839283836
7797,1.2093426839283836
7798,1.2093426839283836
7799,1.2093426839283836
7800,1.2093426839283836
7801,1.2093426839283836
7802,1.2093426839283836
7803,1.2093426839283836
7804,1.2093426839283836
7805,1.2093426839283836
7806,1.2093426839283836
7807,1.2093426839283836
7808,1.2093426839283836
7809,1.2093426839283836
7810,1.2093426839283836
7811,1.2093426839283836
7812,1.2093426839283836
7813,1.2093426839283836
7814,1.2093426839283836
7815,1.2093426839283836
7816,1.2093426839283836
7817,1.2093426839283836
7818,1.2093426839283836
7819,1.2093426839283836
7820,1.2093426839283836
7821,1.2093426839283836
7822,1.2093426839283836
7823,1.2093426839283836
7824,1.2093426839283836
7825,1.2093426839283836
7826,1.2093426839283836
7827,1.2093426839283836
7828,1.2093426839283836
7829,1.2093426839283836
7830,1.2093426839283836
7831,1.2093426839283836
7832,1.2093426839283836
7833,1.2093426839283836
7834,1.2093426839283836
7835,1.2093426839283836
7836,1.2093426839283836
7837,1.2093426839283836
7838,1.2093426839283836
7839,1.2093426839283836
7840,1.2093426839283836
7841,1.2093426839283836
7842,1.2093426839283836
7843,1.2093426839283836
7844,1.2093426839283836
7845,1.2093426839283836
7846,1.2093426839283836
7847,1.2093426839283836
7848,1.2093426839283836
7849,1.2093426839283836
7850,1.2093426839283836
7851,1.2093426839283836
7852,1.2093426839283836
7853,1.2093426839283836
7854,1.2093426839283836
7855,1.2093426839283836
7856,1.2093426839283836
7857,1.2093426839283836
7858,1.2093426839283836
7859,1.2093426839283836
7860,1.2093426839283836
7861,1.2093426839283836
7862,1.2093426839283836
7863,1.2093426839283836
7864,1.2093426839283836
7865,1.2093426839283836
7866,1.2093426839283836
7867,1.2093426839283836
7868,1.2093426839283836
7869,1.2093426839283836
7870,1.2093426839283836
7871,1.2093426839283836
7872,1.2093426839283836
7873,1.2093426839283836
7874,1.2093426839283836
7875,1.2093426839283836
7876,1.2093426839283836
7877,1.2093426839283836
7878,1.2093426839283836
7879,1.2093426839283836
7880,1.2093426839283836
7881,1.2093426839283836
7882,1.2093426839283836
7883,1.2093426839283836
7884,1.2093426839283836
7885,1.2093426839283836
7886,1.2093426839283836
7887,1.2093426839283836
7888,1.2093426839283836
7889,1.2093426839283836
7890,1.2093426839283836
7891,1.2093426839283836
7892,1.2093426839283836
7893,1.2093426839283836
7894,1.2093426839283836
7895,1.2093426839283836
7896,1.2093426839283836
7897,1.2093426839283836
7898,1.2093426839283836
7899,1.2093426839283836
7900,1.2093426839283836
7901,1.2093426839283836
7902,1.2093426839283836
7903,1.2093426839283836
7904,1.2093426839283836
7905,1.2093426839283836
7906,1.2093426839283836
7907,1.2093426839283836
7908,1.2093426839283836
7909,1.2093426839283836
7910,1.2093426839283836
7911,1.2093426839283836
7912,1.2093426839283836
7913,1.2093426839283836
7914,1.2093426839283836
7915,1.2093426839283836
7916,1.2093426839283836
7917,1.2093426839283836
7918,1.2093426839283836
7919,1.2093426839283836
7920,1.2093426839283836
7921,1.2093426839283836
7922,1.2093426839283836
7923,1.2093426839283836
7924,1.2093426839283836
7925,1.2093426839283836
7926,1.2093426839283836
7927,1.2093426839283836
7928,1.2093426839283836
7929,1.2093426839283836
7930,1.2093426839283836
7931,1.2093426839283836
7932,1.2093426839283836
7933,1.2093426839283836
7934,1.2093426839283836
7935,1.2093426839283836
7936,1.2093426839283836
7937,1.2093426839283836
7938,1.2093426839283836
7939,1.2093426839283836
7940,1.2093426839283836
7941,1.2093426839283836
7942,1.2093426839283836
7943,1.2093426839283836
7944,1.2093426839283836
7945,1.2093426839283836
7946,1.2093426839283836
7947,1.2093426839283836
7948,1.2093426839283836
7949,1.2093426839283836
7950,1.2093426839283836
7951,1.2093426839283836
7952,1.2093426839283836
7953,1.2093426839283836
7954,1.2093426839283836
7955,1.2093426839283836
7956,1.2093426839283836
7957,1.2093426839283836
7958,1.2093426839283836
7959,1.2093426839283836
7960,1.2093426839283836
7961,1.2093426839283836
7962,1.2093426839283836
7963,1.2093426839283836
7964,1.2093426839283836
7965,1.2093426839283836
7966,1.2093426839283836
7967,1.2093426839283836
7968,1.2093426839283836
7969,1.2093426839283836
7970,1.2093426839283836
7971,1.2093426839283836
7972,1.2093426839283836
7973,1.2093426839283836
7974,1.2093426839283836
7975,1.2093426839283836
7976,1.2093426839283836
7977,1.2093426839283836
7978,1.2093426839283836
7979,1.2093426839283836
7980,1.2093426839283836
7981,1.2093426839283836
7982,1.2093426839283836
7983,1.2093426839283836
7984,1.2093426839283836
7985,1.2093426839283836
7986,1.2093426839283836
7987,1.2093426839283836
7988,1.2093426839283836
7989,1.2093426839283836
7990,1.2093426839283836
7991,1.2093426839283836
7992,1.2093426839283836
7993,1.2093426839283836
7994,1.2093426839283836
7995,1.2093426839283836
7996,1.2093426839283836
7997,1.2093426839283836
7998,1.2093426839283836
7999,1.2093426839283836
8000,1.2093426839283836
8001,1.2093426839283836
8002,1.2093426839283836
8003,1.2093426839283836
8004,1.2093426839283836
8005,1.2093426839283836
8006,1.2093426839283836
8007,1.2093426839283836
8008,1.2093426839283836
8009,1.2093426839283836
8010,1.2093426839283836
8011,1.2093426839283836
8012,1.2093426839283836
8013,1.2093426839283836
8014,1.2093426839283836
8015,1.2093426839283836
8016,1.2093426839283836
8017,1.2093426839283836
8018,1.2093426839283836
8019,1.2093426839283836
8020,1.2093426839283836
8021,1.2093426839283836
8022,1.2093426839283836
8023,1.2093426839283836
8024,1.2093426839283836
8025,1.2093426839283836
8026,1.2093426839283836
8027,1.2093426839283836
8028,1.2093426839283836
8029,1.2093426839283836
8030,1.2093426839283836
8031,1.2093426839283836
8032,1.2093426839283836
8033,1.2093426839283836
8034,1.2093426839283836
8035,1.2093426839283836
8036,1.2093426839283836
8037,1.2093426839283836
8038,1.2093426839283836
8039,1.2093426839283836
8040,1.2093426839283836
8041,1.2093426839283836
8042,1.2093426839283836
8043,1.2093426839283836
8044,1.2093426839283836
8045,1.2093426839283836
8046,1.2093426839283836
8047,1.2093426839283836
8048,1.2093426839283836
8049,1.2093426839283836
8050,1.2093426839283836
8051,1.2093426839283836
8052,1.2093426839283836
8053,1.2093426839283836
8054,1.2093426839283836
8055,1.2093426839283836
8056,1.2093426839283836
8057,1.2093426839283836
8058,1.2093426839283836
8059,1.2093426839283836
8060,1.2093426839283836
8061,1.2093426839283836
8062,1.2093426839283836
8063,1.2093426839283836
8064,1.2093426839283836
8065,1.2093426839283836
8066,1.2093426839283836
8067,1.2093426839283836
8068,1.2093426839283836
8069,1.2093426839283836
8070,1.2093426839283836
8071,1.2093426839283836
8072,1.2093426839283836
8073,1.2093426839283836
8074,1.2093426839283836
8075,1.2093426839283836
8076,1.2093426839283836
8077,1.2093426839283836
8078,1.2093426839283836
8079,1.2093426839283836
8080,1.2093426839283836
8081,1.2093426839283836
8082,1.2093426839283836
8083,1.2093426839283836
8084,1.2093426839283836
8085,1.2093426839283836
8086,1.2093426839283836
8087,1.2093426839283836
8088,1.2093426839283836
8089,1.2093426839283836
8090,1.2093426839283836
8091,1.2093426839283836
8092,1.2093426839283836
8093,1.2093426839283836
8094,1.2093426839283836
8095,1.2093426839283836
8096,1.2093426839283836
8097,1.2093426839283836
8098,1.2093426839283836
8099,1.2093426839283836
8100,1.2093426839283836
8101,1.2093426839283836
8102,1.2093426839283836
8103,1.2093426839283836
8104,1.2093426839283836
8105,1.2093426839283836
8106,1.2093426839283836
8107,1.2093426839283836
8108,1.2093426839283836
8109,1.2093426839283836
8110,1.2093426839283836
8111,1.2093426839283836
8112,1.2093426839283836
8113,1.2093426839283836
8114,1.2093426839283836
8115,1.2093426839283836
8116,1.2093426839283836
8117,1.2093426839283836
8118,1.2093426839283836
8119,1.2093426839283836
8120,1.2093426839283836
8121,1.2093426839283836
8122,1.2093426839283836
8123,1.2093426839283836
8124,1.2093426839283836
8125,1.2093426839283836
8126,1.2093426839283836
8127,1.2093426839283836
8128,1.2093426839283836
8129,1.2093426839283836
8130,1.2093426839283836
8131,1.2093426839283836
8132,1.2093426839283836
8133,1.2093426839283836
8134,1.2093426839283836
8135,1.2093426839283836
8136,1.2093426839283836
8137,1.2093426839283836
8138,1.2093426839283836
8139,1.2093426839283836
8140,1.2093426839283836
8141,1.2093426839283836
8142,1.2093426839283836
8143,1.2093426839283836
8144,1.2093426839283836
8145,1.2093426839283836
8146,1.2093426839283836
8147,1.2093426839283836
8148,1.2093426839283836
8149,1.2093426839283836
8150,1.2093426839283836
8151,1.2093426839283836
8152,1.2093426839283836
8153,1.2093426839283836
8154,1.2093426839283836
8155,1.2093426839283836
8156,1.2093426839283836
8157,1.2093426839283836
8158,1.2093426839283836
8159,1.2093426839283836
8160,1.2093426839283836
8161,1.2093426839283836
8162,1.2093426839283836
8163,1.2093426839283836
8164,-9.800220622792652
8165,-9.800220622792652
8166,-9.800220622792652
8167,-9.800220622792652
8168,-9.800220622792652
8169,-9.800220622792652
8170,-9.800220622792652
8171,-9.800220622792652
8172,-9.800220622792652
8173,-9.800220622792652
8174,-9.800220622792652
8175,-9.800220622792652
8176,-9.800220622792652
8177,-9.800220622792652
8178,-9.800220622792652
8179,-9.800220622792652
8180,-9.800220622792652
8181,-9.800220622792652
8182,-9.800220622792652
8183,-9.800220622792652
8184,-9.800220622792652
8185,-9.800220622792652
8186,-9.800220622792652
8187,-9.800220622792652
8188,-9.800220622792652
8189,-9.800220622792652
8190,-9.800220622792652
8191,-9.800220622792652
8192,-9.800220622792652
8193,-9.800220622792652
8194,-9.800220622792652
8195,-9.800220622792652
8196,-9.800220622792652
8197,-9.800220622792652
8198,-9.800220622792652
8199,-9.800220622792652
8200,-9.800220622792652
8201,-9.800220622792652
8202,-9.800220622792652
8203,-9.800220622792652
8204,-9.800220622792652
8205,-9.800220622792652
8206,-9.800220622792652
8207,-9.800220622792652
8208,-9.800220622792652
8209,-9.800220622792652
8210,-9.800220622792652
8211,-9.800220622792652
8212,-9.800220622792652
8213,-9.800220622792652
8214,-9.800220622792652
8215,-9.800220622792652
8216,-9.800220622792652
8217,-9.800220622792652
8218,-9.800220622792652
8219,-9.800220622792652
8220,-9.800220622792652
8221,-9.800220622792652
8222,-9.800220622792652
8223,-9.800220622792652
8224,-9.800220622792652
8225,-9.800220622792652
8226,-9.800220622792652
8227,-9.800220622792652
8228,-9.800220622792652
8229,-9.800220622792652
8230,-9.800220622792652
8231,-9.800220622792652
8232,-9.800220622792652
8233,-9.800220622792652
8234,-9.800220622792652
8235,-9.800220622792652
8236,-9.800220622792652
8237,-9.800220622792652
8238,-9.800220622792652
8239,-9.800220622792652
8240,-9.800220622792652
8241,-9.800220622792652
8242,-9.800220622792652
8243,-9.800220622792652
8244,-9.800220622792652
8245,-9.800220622792652
8246,-9.800220622792652
8247,-9.800220622792652
8248,-9.800220622792652
8249,-9.800220622792652
8250,-9.800220622792652
8251,-9.800220622792652
8252,-9.800220622792652
8253,-9.800220622792652
8254,-9.800220622792652
8255,-9.800220622792652
8256,-9.800220622792652
8257,-9.800220622792652
8258,-9.800220622792652
8259,-9.800220622792652
8260,-9.800220622792652
8261,-9.800220622792652
8262,6.242285909858
8263,6.242285909858
8264,6.242285909858
8265,6.242285909858
8266,6.242285909858
8267,6.242285909858
8268,6.242285909858
8269,6.242285909858
8270,6.242285909858
8271,6.242285909858
8272,6.242285909858
8273,6.242285909858
8274,6.242285909858
8275,6.242285909858
8276,6.242285909858
8277,6.242285909858
8278,6.242285909858
8279,6.242285909858
8280,6.242285909858
8281,6.242285909858
8282,6.242285909858
8283,6.242285909858
8284,6.242285909858
8285,6.242285909858
8286,6.242285909858
8287,6.242285909858
8288,6.242285909858
8289,6.242285909858
8290,6.242285909858
8291,6.242285909858
8292,6.242285909858
8293,6.242285909858
8294,6.242285909858
8295,6.242285909858
8296,6.242285909858
8297,6.242285909858
8298,6.242285909858
8299,6.242285909858
8300,6.242285909858
8301,6.242285909858
8302,6.242285909858
8303,6.242285909858
8304,6.242285909858
8305,6.242285909858
8306,6.242285909858
8307,6.242285909858
8308,6.242285909858
8309,6.242285909858
8310,6.242285909858
8311,6.242285909858
8312,6.242285909858
8313,6.242285909858
8314,6.242285909858
8315,6.242285909858
8316,6.242285909858
8317,6.242285909858
8318,6.242285909858
8319,6.242285909858
8320,6.242285909858
8321,6.242285909858
8322,6.242285909858
8323,6.242285909858
8324,6.242285909858
8325,6.242285909858
8326,6.242285909858
8327,6.242285909858
8328,6.242285909858
8329,6.242285909858
8330,6.242285909858
8331,6.242285909858
8332,6.242285909858
8333,6.242285909858
8334,6.242285909858
8335,6.242285909858
8336,6.242285909858
8337,6.242285909858
8338,6.242285909858
8339,6.242285909858
8340,6.242285909858
8341,6.242285909858
8342,6.242285909858
8343,6.242285909858
8344,6.242285909858
8345,6.242285909858
8346,6.242285909858
8347,6.242285909858
8348,6.242285909858
8349,6.242285909858
8350,6.242285909858
8351,6.242285909858
8352,6.242285909858
8353,6.242285909858
8354,6.242285909858
8355,6.242285909858
8356,6.242285909858
8357,6.242285909858
8358,6.242285909858
8359,6.242285909858
8360,6.242285909858
8361,6.242285909858
8362,6.242285909858
8363,6.242285909858
8364,6.242285909858
8365,6.242285909858
8366,6.242285909858
8367,6.242285909858
8368,6.242285909858
8369,6.242285909858
8370,6.242285909858
8371,6.242285909858
8372,6.242285909858
8373,6.242285909858
8374,6.242285909858
8375,6.242285909858
8376,6.242285909858
8377,6.242285909858
8378,6.242285909858
8379,6.242285909858
8380,6.242285909858
8381,6.242285909858
8382,6.242285909858
8383,6.242285909858
8384,6.242285909858
8385,6.242285909858
8386,6.242285909858
8387,6.242285909858
8388,6.242285909858
8389,6.242285909858
8390,6.242285909858
8391,6.242285909858
8392,6.242285909858
8393,6.242285909858
8394,6.242285909858
8395,6.242285909858
8396,6.242285909858
8397,6.242285909858
8398,6.242285909858
8399,6.242285909858
8400,6.242285909858
8401,6.242285909858
8402,6.242285909858
8403,6.242285909858
8404,6.242285909858
8405,6.242285909858
8406,6.242285909858
8407,6.242285909858
8408,6.242285909858
8409,6.242285909858
8410,6.242285909858
8411,6.242285909858
8412,6.242285909858
8413,6.242285909858
8414,6.242285909858
8415,6.242285909858
8416,6.242285909858
8417,6.242285909858
8418,6.242285909858
8419,6.242285909858
8420,6.242285909858
8421,6.242285909858
8422,6.242285909858
8423,6.242285909858
8424,6.242285909858
8425,6.242285909858
8426,6.242285909858
8427,6.242285909858
8428,6.242285909858
8429,6.242285909858
8430,6.242285909858
8431,6.242285909858
8432,6.242285909858
8433,6.242285909858
8434,6.242285909858
8435,6.242285909858
8436,6.242285909858
8437,6.242285909858
8438,6.242285909858
8439,6.242285909858
8440,6.242285909858
8441,6.242285909858
8442,6.242285909858
8443,6.242285909858
8444,6.242285909858
8445,6.242285909858
8446,6.242285909858
8447,6.242285909858
8448,6.242285909858
8449,6.242285909858
8450,6.242285909858
8451,6.242285909858
8452,6.242285909858
8453,6.242285909858
8454,6.242285909858
8455,6.242285909858
8456,6.242285909858
8457,6.242285909858
8458,6.242285909858
8459,6.242285909858
8460,6.242285909858
8461,6.242285909858
8462,6.242285909858
8463,6.242285909858
8464,6.242285909858
8465,6.242285909858
8466,6.242285909858
8467,6.242285909858
8468,6.242285909858
8469,6.242285909858
8470,6.242285909858
8471,6.242285909858
8472,6.242285909858
8473,13.948980224562726
8474,13.948980224562726
8475,13.948980224562726
8476,13.948980224562726
8477,13.948980224562726
8478,13.948980224562726
8479,13.948980224562726
8480,13.948980224562726
8481,13.948980224562726
8482,13.948980224562726
8483,13.948980224562726
8484,13.948980224562726
8485,13.948980224562726
8486,13.948980224562726
8487,13.948980224562726
8488,13.948980224562726
8489,13.948980224562726
8490,13.948980224562726
8491,13.948980224562726
8492,13.948980224562726
8493,13.948980224562726
8494,13.948980224562726
8495,13.948980224562726
8496,13.948980224562726
8497,13.948980224562726
8498,13.948980224562726
8499,13.948980224562726
8500,13.948980224562726
8501,13.948980224562726
8502,13.948980224562726
8503,13.948980224562726
8504,13.948980224562726
8505,13.948980224562726
8506,13.948980224562726
8507,13.948980224562726
8508,13.948980224562726
8509,13.948980224562726
8510,13.948980224562726
8511,13.948980224562726
8512,13.948980224562726
8513,13.948980224562726
8514,13.948980224562726
8515,13.948980224562726
8516,13.948980224562726
8517,13.948980224562726
8518,13.948980224562726
8519,13.948980224562726
8520,13.948980224562726
8521,13.948980224562726
8522,13.948980224562726
8523,13.948980224562726
8524,13.948980224562726
8525,13.948980224562726
8526,13.948980224562726
8527,13.948980224562726
8528,13.948980224562726
8529,13.948980224562726
8530,13.948980224562726
8531,13.948980224562726
8532,13.948980224562726
8533,13.948980224562726
8534,13.948980224562726
8535,13.948980224562726
8536,13.948980224562726
8537,13.948980224562726
8538,13.948980224562726
8539,13.948980224562726
8540,13.948980224562726
8541,13.948980224562726
8542,13.948980224562726
8543,13.948980224562726
8544,13.948980224562726
8545,13.948980224562726
8546,13.948980224562726
8547,13.948980224562726
8548,13.948980224562726
8549,13.948980224562726
8550,13.948980224562726
8551,13.948980224562726
8552,13.948980224562726
8553,13.948980224562726
8554,13.948980224562726
8555,13.948980224562726
8556,13.948980224562726
8557,13.948980224562726
8558,13.948980224562726
8559,13.948980224562726
8560,13.948980224562726
8561,13.948980224562726
8562,13.948980224562726
8563,13.948980224562726
8564,13.948980224562726
8565,13.948980224562726
8566,13.948980224562726
8567,13.948980224562726
8568,13.948980224562726
8569,13.948980224562726
8570,13.948980224562726
8571,13.948980224562726
8572,13.948980224562726
8573,13.948980224562726
8574,13.948980224562726
8575,13.948980224562726
8576,13.948980224562726
8577,13.948980224562726
8578,13.948980224562726
8579,13.948980224562726
8580,13.948980224562726
8581,13.948980224562726
8582,13.948980224562726
8583,13.948980224562726
8584,13.948980224562726
8585,13.948980224562726
8586,13.948980224562726
8587,13.948980224562726
8588,13.948980224562726
8589,13.948980224562726
8590,13.948980224562726
8591,13.948980224562726
8592,13.948980224562726
8593,13.948980224562726
8594,13.948980224562726
8595,13.948980224562726
8596,13.948980224562726
8597,13.948980224562726
8598,13.948980224562726
8599,13.948980224562726
8600,13.948980224562726
8601,13.948980224562726
8602,13.948980224562726
8603,13.948980224562726
8604,13.948980224562726
8605,13.948980224562726
8606,13.948980224562726
8607,13.948980224562726
8608,13.948980224562726
8609,13.948980224562726
8610,13.948980224562726
8611,13.948980224562726
8612,13.948980224562726
8613,13.948980224562726
8614,13.948980224562726
8615,13.948980224562726
8616,13.948980224562726
8617,13.948980224562726
8618,13.948980224562726
8619,13.948980224562726
8620,13.948980224562726
8621,13.948980224562726
8622,13.948980224562726
8623,13.948980224562726
8624,13.948980224562726
8625,13.948980224562726
8626,13.948980224562726
8627,13.948980224562726
8628,13.948980224562726
8629,13.948980224562726
8630,13.948980224562726
8631,13.948980224562726
8632,13.948980224562726
8633,13.948980224562726
8634,13.948980224562726
8635,13.948980224562726
8636,13.948980224562726
8637,13.948980224562726
8638,13.948980224562726
8639,13.948980224562726
8640,13.948980224562726
8641,13.948980224562726
8642,13.948980224562726
8643,13.948980224562726
8644,13.948980224562726
8645,13.948980224562726
8646,13.948980224562726
8647,13.948980224562726
8648,13.948980224562726
8649,13.948980224562726
8650,13.948980224562726
8651,13.948980224562726
8652,13.948980224562726
8653,13.948980224562726
8654,13.948980224562726
8655,13.948980224562726
8656,13.948980224562726
8657,13.948980224562726
8658,13.948980224562726
8659,13.948980224562726
8660,13.948980224562726
8661,13.948980224562726
8662,13.948980224562726
8663,13.948980224562726
8664,13.948980224562726
8665,13.948980224562726
8666,13.948980224562726
8667,13.948980224562726
8668,13.948980224562726
8669,13.948980224562726
8670,13.948980224562726
8671,13.948980224562726
8672,13.948980224562726
8673,13.948980224562726
8674,13.948980224562726
8675,13.948980224562726
8676,13.948980224562726
8677,13.948980224562726
8678,13.948980224562726
8679,13.948980224562726
8680,13.948980224562726
8681,13.948980224562726
8682,13.948980224562726
8683,13.948980224562726
8684,13.948980224562726
8685,13.948980224562726
8686,13.948980224562726
8687,13.948980224562726
8688,13.948980224562726
8689,13.948980224562726
8690,13.948980224562726
8691,13.948980224562726
8692,13.948980224562726
8693,13.948980224562726
8694,13.948980224562726
8695,13.948980224562726
8696,13.948980224562726
8697,13.948980224562726
8698,13.948980224562726
8699,13.948980224562726
8700,13.948980224562726
8701,13.948980224562726
8702,13.948980224562726
8703,13.948980224562726
8704,13.948980224562726
8705,13.948980224562726
8706,13.948980224562726
8707,13.948980224562726
8708,13.948980224562726
8709,13.948980224562726
8710,13.948980224562726
8711,13.948980224562726
8712,13.948980224562726
8713,13.948980224562726
8714,13.948980224562726
8715,13.948980224562726
8716,13.948980224562726
8717,13.948980224562726
8718,13.948980224562726
8719,13.948980224562726
8720,13.948980224562726
8721,13.948980224562726
8722,13.948980224562726
8723,13.948980224562726
8724,13.948980224562726
8725,13.948980224562726
8726,13.948980224562726
8727,13.948980224562726
8728,13.948980224562726
8729,13.948980224562726
8730,13.948980224562726
8731,13.948980224562726
8732,13.948980224562726
8733,13.948980224562726
8734,13.948980224562726
8735,13.948980224562726
8736,13.948980224562726
8737,13.948980224562726
8738,13.948980224562726
8739,13.948980224562726
8740,13.948980224562726
8741,13.948980224562726
8742,13.948980224562726
8743,13.948980224562726
8744,13.948980224562726
8745,13.948980224562726
8746,13.948980224562726
8747,13.948980224562726
8748,13.948980224562726
8749,13.948980224562726
8750,13.948980224562726
8751,13.948980224562726
8752,13.948980224562726
8753,13.948980224562726
8754,13.948980224562726
8755,13.948980224562726
8756,13.948980224562726
8757,13.948980224562726
8758,13.948980224562726
8759,13.948980224562726
8760,13.948980224562726
8761,13.948980224562726
8762,13.948980224562726
8763,13.948980224562726
8764,13.948980224562726
8765,13.948980224562726
8766,13.948980224562726
8767,13.948980224562726
8768,13.948980224562726
8769,13.948980224562726
8770,13.948980224562726
8771,13.948980224562726
8772,13.948980224562726
8773,13.948980224562726
8774,13.948980224562726
8775,13.948980224562726
8776,13.948980224562726
8777,13.948980224562726
8778,13.948980224562726
8779,13.948980224562726
8780,13.948980224562726
8781,13.948980224562726
8782,13.948980224562726
8783,13.948980224562726
8784,13.948980224562726
8785,13.948980224562726
8786,13.948980224562726
8787,13.948980224562726
8788,13.948980224562726
8789,13.948980224562726
8790,13.948980224562726
8791,13.948980224562726
8792,13.948980224562726
8793,13.948980224562726
8794,13.948980224562726
8795,13.948980224562726
8796,13.948980224562726
8797,13.948980224562726
8798,13.948980224562726
8799,13.948980224562726
8800,13.948980224562726
8801,13.948980224562726
8802,13.948980224562726
8803,13.948980224562726
8804,13.948980224562726
8805,13.948980224562726
8806,13.948980224562726
8807,13.948980224562726
8808,13.948980224562726
8809,13.948980224562726
8810,13.948980224562726
8811,13.948980224562726
8812,13.948980224562726
8813,13.948980224562726
8814,13.948980224562726
8815,13.948980224562726
8816,13.948980224562726
8817,13.948980224562726
8818,13.948980224562726
8819,13.948980224562726
8820,13.948980224562726
8821,13.948980224562726
8822,13.948980224562726
8823,13.948980224562726
8824,13.948980224562726
8825,13.948980224562726
8826,13.948980224562726
8827,13.948980224562726
8828,13.948980224562726
8829,13.948980224562726
8830,19.217842664207794
8831,19.217842664207794
8832,19.217842664207794
8833,19.217842664207794
8834,19.217842664207794
8835,19.217842664207794
8836,19.217842664207794
8837,19.217842664207794
8838,19.217842664207794
8839,19.217842664207794
8840,19.217842664207794
8841,19.217842664207794
8842,19.217842664207794
8843,19.217842664207794
8844,19.217842664207794
8845,19.217842664207794
8846,19.217842664207794
8847,19.217842664207794
8848,19.217842664207794
8849,19.217842664207794
8850,19.217842664207794
8851,19.217842664207794
8852,19.217842664207794
8853,19.217842664207794
8854,19.217842664207794
8855,19.217842664207794
8856,19.217842664207794
8857,19.217842664207794
8858,19.217842664207794
8859,19.217842664207794
8860,19.217842664207794
8861,19.217842664207794
8862,19.217842664207794
8863,19.217842664207794
8864,19.217842664207794
8865,19.217842664207794
8866,19.217842664207794
8867,19.217842664207794
8868,19.217842664207794
8869,19.217842664207794
8870,19.217842664207794
8871,19.217842664207794
8872,19.217842664207794
8873,19.217842664207794
8874,19.217842664207794
8875,19.217842664207794
8876,19.217842664207794
8877,19.217842664207794
8878,19.217842664207794
8879,19.217842664207794
8880,19.217842664207794
8881,19.217842664207794
8882,19.217842664207794
8883,19.217842664207794
8884,19.217842664207794
8885,19.217842664207794
8886,19.217842664207794
8887,19.217842664207794
8888,19.217842664207794
8889,19.217842664207794
8890,19.217842664207794
8891,19.217842664207794
8892,19.217842664207794
8893,19.217842664207794
8894,19.217842664207794
8895,19.217842664207794
8896,19.217842664207794
8897,19.217842664207794
8898,19.217842664207794
8899,19.217842664207794
8900,19.217842664207794
8901,19.217842664207794
8902,19.217842664207794
8903,19.217842664207794
8904,19.217842664207794
8905,19.217842664207794
8906,19.217842664207794
8907,19.217842664207794
8908,19.217842664207794
8909,19.217842664207794
8910,19.217842664207794
8911,19.217842664207794
8912,19.217842664207794
8913,19.217842664207794
8914,19.217842664207794
8915,19.217842664207794
8916,19.217842664207794
8917,19.217842664207794
8918,19.217842664207794
8919,19.217842664207794
8920,19.217842664207794
8921,19.217842664207794
8922,19.217842664207794
8923,19.217842664207794
8924,19.217842664207794
8925,19.217842664207794
8926,19.217842664207794
8927,19.217842664207794
8928,19.217842664207794
8929,19.217842664207794
8930,19.217842664207794
8931,19.217842664207794
8932,19.217842664207794
8933,19.217842664207794
8934,19.217842664207794
8935,19.217842664207794
8936,19.217842664207794
8937,19.217842664207794
8938,19.217842664207794
8939,19.217842664207794
8940,19.217842664207794
8941,19.217842664207794
8942,19.217842664207794
8943,19.217842664207794
8944,19.217842664207794
8945,19.217842664207794
8946,19.217842664207794
8947,19.217842664207794
8948,19.217842664207794
8949,19.217842664207794
8950,19.217842664207794
8951,19.217842664207794
8952,19.217842664207794
8953,19.217842664207794
8954,19.217842664207794
8955,19.217842664207794
8956,19.217842664207794
8957,19.217842664207794
8958,19.217842664207794
8959,19.217842664207794
8960,19.217842664207794
8961,19.217842664207794
8962,19.217842664207794
8963,19.217842664207794
8964,19.217842664207794
8965,19.217842664207794
8966,19.217842664207794
8967,19.217842664207794
8968,19.217842664207794
8969,19.217842664207794
8970,19.217842664207794
8971,19.217842664207794
8972,19.217842664207794
8973,19.217842664207794
8974,19.217842664207794
8975,19.217842664207794
8976,19.217842664207794
8977,19.217842664207794
8978,19.217842664207794
8979,19.217842664207794
8980,19.217842664207794
8981,19.217842664207794
8982,19.217842664207794
8983,19.217842664207794
8984,19.217842664207794
8985,19.217842664207794
8986,19.217842664207794
8987,19.217842664207794
8988,19.217842664207794
8989,19.217842664207794
8990,19.217842664207794
8991,19.217842664207794
8992,19.217842664207794
8993,19.217842664207794
8994,19.217842664207794
8995,19.217842664207794
8996,19.217842664207794
8997,19.217842664207794
8998,19.217842664207794
8999,19.217842664207794
9000,19.217842664207794
9001,19.217842664207794
9002,19.217842664207794
9003,19.217842664207794
9004,19.217842664207794
9005,19.217842664207794
9006,19.217842664207794
9007,19.217842664207794
9008,19.217842664207794
9009,19.217842664207794
9010,19.217842664207794
9011,19.217842664207794
9012,19.217842664207794
9013,19.217842664207794
9014,19.217842664207794
9015,19.217842664207794
9016,19.217842664207794
9017,19.217842664207794
9018,19.217842664207794
9019,19.217842664207794
9020,19.217842664207794
9021,19.217842664207794
9022,19.217842664207794
9023,19.217842664207794
9024,19.217842664207794
9025,19.217842664207794
9026,19.217842664207794
9027,19.217842664207794
9028,19.217842664207794
9029,19.217842664207794
9030,19.217842664207794
9031,19.217842664207794
9032,19.217842664207794
9033,19.217842664207794
9034,19.217842664207794
9035,19.217842664207794
9036,19.217842664207794
9037,19.217842664207794
9038,19.217842664207794
9039,19.217842664207794
9040,19.217842664207794
9041,19.217842664207794
9042,19.217842664207794
9043,19.217842664207794
9044,19.217842664207794
9045,19.217842664207794
9046,19.217842664207794
9047,19.217842664207794
9048,19.217842664207794
9049,19.217842664207794
9050,19.217842664207794
9051,19.217842664207794
9052,19.217842664207794
9053,19.217842664207794
9054,19.217842664207794
9055,19.217842664207794
9056,19.217842664207794
9057,19.217842664207794
9058,19.217842664207794
9059,19.217842664207794
9060,19.217842664207794
9061,19.217842664207794
9062,19.217842664207794
9063,19.217842664207794
9064,19.217842664207794
9065,19.217842664207794
9066,19.217842664207794
9067,19.217842664207794
9068,19.217842664207794
9069,19.217842664207794
9070,19.217842664207794
9071,19.217842664207794
9072,19.217842664207794
9073,19.217842664207794
9074,19.217842664207794
9075,19.217842664207794
9076,19.217842664207794
9077,19.217842664207794
9078,19.217842664207794
9079,19.217842664207794
9080,19.217842664207794
9081,19.217842664207794
9082,19.217842664207794
9083,19.217842664207794
9084,19.217842664207794
9085,19.217842664207794
9086,19.217842664207794
9087,19.217842664207794
9088,19.217842664207794
9089,19.217842664207794
9090,19.217842664207794
9091,19.217842664207794
9092,19.217842664207794
9093,19.217842664207794
9094,19.217842664207794
9095,19.217842664207794
9096,19.217842664207794
9097,19.217842664207794
9098,19.217842664207794
9099,19.217842664207794
9100,19.217842664207794
9101,19.217842664207794
9102,19.217842664207794
9103,19.217842664207794
9104,19.217842664207794
9105,19.217842664207794
9106,19.217842664207794
9107,19.217842664207794
9108,19.217842664207794
9109,19.217842664207794
9110,19.217842664207794
9111,19.217842664207794
9112,19.217842664207794
9113,19.217842664207794
9114,19.217842664207794
9115,19.217842664207794
9116,19.217842664207794
9117,19.217842664207794
9118,19.217842664207794
9119,19.217842664207794
9120,19.217842664207794
9121,19.217842664207794
9122,19.217842664207794
9123,19.217842664207794
9124,19.217842664207794
9125,19.217842664207794
9126,19.217842664207794
9127,19.217842664207794
9128,19.217842664207794
9129,19.217842664207794
9130,19.217842664207794
9131,19.217842664207794
9132,19.217842664207794
9133,19.217842664207794
9134,19.217842664207794
9135,19.217842664207794
9136,19.217842664207794
9137,19.217842664207794
9138,19.217842664207794
9139,19.217842664207794
9140,19.217842664207794
9141,19.217842664207794
9142,19.217842664207794
9143,19.217842664207794
9144,19.217842664207794
9145,19.217842664207794
9146,19.217842664207794
9147,19.217842664207794
9148,19.217842664207794
9149,19.217842664207794
9150,19.217842664207794
9151,19.217842664207794
9152,19.217842664207794
9153,19.217842664207794
9154,19.217842664207794
9155,19.217842664207794
9156,19.217842664207794
9157,19.217842664207794
9158,19.217842664207794
9159,19.217842664207794
9160,19.217842664207794
9161,19.217842664207794
9162,19.217842664207794
9163,19.217842664207794
9164,19.217842664207794
9165,19.217842664207794
9166,19.217842664207794
9167,19.217842664207794
9168,19.217842664207794
9169,19.217842664207794
9170,19.217842664207794
9171,19.217842664207794
9172,19.217842664207794
9173,19.217842664207794
9174,19.217842664207794
9175,19.217842664207794
9176,19.217842664207794
9177,19.217842664207794
9178,19.217842664207794
9179,19.217842664207794
9180,19.217842664207794
9181,19.217842664207794
9182,19.217842664207794
9183,19.217842664207794
9184,19.217842664207794
9185,19.217842664207794
9186,19.217842664207794
9187,19.217842664207794
9188,19.217842664207794
9189,19.217842664207794
9190,19.217842664207794
9191,19.217842664207794
9192,19.217842664207794
9193,19.217842664207794
9194,19.217842664207794
9195,19.217842664207794
9196,19.217842664207794
9197,19.217842664207794
9198,19.217842664207794
9199,19.217842664207794
9200,19.217842664207794
9201,19.217842664207794
9202,19.217842664207794
9203,19.217842664207794
9204,19.217842664207794
9205,19.217842664207794
9206,19.217842664207794
9207,19.217842664207794
9208,19.217842664207794
9209,19.217842664207794
9210,19.217842664207794
9211,19.217842664207794
9212,19.217842664207794
9213,19.217842664207794
9214,19.217842664207794
9215,19.217842664207794
9216,19.217842664207794
9217,19.217842664207794
9218,19.217842664207794
9219,19.217842664207794
9220,19.217842664207794
9221,19.217842664207794
9222,19.217842664207794
9223,19.217842664207794
9224,19.217842664207794
9225,19.217842664207794
9226,19.217842664207794
9227,19.217842664207794
9228,19.217842664207794
9229,19.217842664207794
9230,19.217842664207794
9231,19.217842664207794
9232,19.217842664207794
9233,19.217842664207794
9234,19.217842664207794
9235,19.217842664207794
9236,19.217842664207794
9237,19.217842664207794
9238,19.217842664207794
9239,19.217842664207794
9240,19.217842664207794
9241,19.217842664207794
9242,19.217842664207794
9243,19.217842664207794
9244,19.217842664207794
9245,19.217842664207794
9246,19.217842664207794
9247,19.217842664207794
9248,19.217842664207794
9249,19.217842664207794
9250,19.217842664207794
9251,19.217842664207794
9252,19.217842664207794
9253,19.217842664207794
9254,19.217842664207794
9255,19.217842664207794
9256,19.217842664207794
9257,19.217842664207794
9258,19.217842664207794
9259,19.217842664207794
9260,19.217842664207794
9261,19.217842664207794
9262,19.217842664207794
9263,19.217842664207794
9264,19.217842664207794
9265,19.217842664207794
9266,19.217842664207794
9267,19.217842664207794
9268,19.217842664207794
9269,19.217842664207794
9270,19.217842664207794
9271,19.217842664207794
9272,19.217842664207794
9273,19.217842664207794
9274,19.217842664207794
9275,19.217842664207794
9276,19.217842664207794
9277,19.217842664207794
9278,19.217842664207794
9279,19.217842664207794
9280,19.217842664207794
9281,19.217842664207794
9282,19.217842664207794
9283,19.217842664207794
9284,19.217842664207794
9285,19.217842664207794
9286,19.217842664207794
9287,19.217842664207794
9288,19.217842664207794
9289,19.217842664207794
9290,19.217842664207794
9291,19.217842664207794
9292,19.217842664207794
9293,19.217842664207794
9294,19.217842664207794
9295,19.217842664207794
9296,19.217842664207794
9297,19.217842664207794
9298,19.217842664207794
9299,19.217842664207794
9300,19.217842664207794
9301,19.217842664207794
9302,19.217842664207794
9303,19.217842664207794
9304,19.217842664207794
9305,19.217842664207794
9306,19.217842664207794
9307,19.217842664207794
9308,19.217842664207794
9309,19.217842664207794
9310,19.217842664207794
9311,19.217842664207794
9312,19.217842664207794
9313,19.217842664207794
9314,19.217842664207794
9315,19.217842664207794
9316,19.217842664207794
9317,19.217842664207794
9318,19.217842664207794
9319,19.217842664207794
9320,19.217842664207794
9321,19.217842664207794
9322,19.217842664207794
9323,19.217842664207794
9324,19.217842664207794
9325,19.217842664207794
9326,19.217842664207794
9327,19.217842664207794
9328,19.217842664207794
9329,19.217842664207794
9330,19.217842664207794
9331,19.217842664207794
9332,19.217842664207794
9333,19.217842664207794
9334,19.217842664207794
9335,19.217842664207794
9336,19.217842664207794
9337,19.217842664207794
9338,19.217842664207794
9339,19.217842664207794
9340,19.217842664207794
9341,19.217842664207794
9342,19.217842664207794
9343,19.217842664207794
9344,19.217842664207794
9345,19.217842664207794
9346,19.217842664207794
9347,19.217842664207794
9348,19.217842664207794
9349,19.217842664207794
9350,19.217842664207794
9351,19.217842664207794
9352,19.217842664207794
9353,19.217842664207794
9354,19.217842664207794
9355,19.217842664207794
9356,19.217842664207794
9357,19.217842664207794
9358,19.217842664207794
9359,19.217842664207794
9360,19.217842664207794
9361,19.217842664207794
9362,19.217842664207794
9363,19.217842664207794
9364,19.217842664207794
9365,19.217842664207794
9366,19.217842664207794
9367,19.217842664207794
9368,19.217842664207794
9369,19.217842664207794
9370,19.217842664207794
9371,19.217842664207794
9372,19.217842664207794
9373,19.217842664207794
9374,19.217842664207794
9375,19.217842664207794
9376,19.217842664207794
9377,19.217842664207794
9378,19.217842664207794
9379,19.217842664207794
9380,19.217842664207794
9381,19.217842664207794
9382,19.217842664207794
9383,19.217842664207794
9384,19.217842664207794
9385,19.217842664207794
9386,19.217842664207794
9387,19.217842664207794
9388,19.217842664207794
9389,19.217842664207794
9390,19.217842664207794
9391,19.217842664207794
9392,19.217842664207794
9393,19.217842664207794
9394,19.217842664207794
9395,19.217842664207794
9396,19.217842664207794
9397,19.217842664207794
9398,19.217842664207794
9399,19.217842664207794
9400,19.217842664207794
9401,19.217842664207794
9402,19.217842664207794
9403,19.217842664207794
9404,19.217842664207794
9405,19.217842664207794
9406,19.217842664207794
9407,19.217842664207794
9408,19.217842664207794
9409,19.217842664207794
9410,19.217842664207794
9411,19.217842664207794
9412,19.217842664207794
9413,19.217842664207794
9414,19.217842664207794
9415,19.217842664207794
9416,19.217842664207794
9417,19.217842664207794
9418,19.217842664207794
9419,19.217842664207794
9420,19.217842664207794
9421,19.217842664207794
9422,19.217842664207794
9423,19.217842664207794
9424,19.217842664207794
9425,19.217842664207794
9426,19.217842664207794
9427,19.217842664207794
9428,19.217842664207794
9429,19.217842664207794
9430,19.217842664207794
9431,19.217842664207794
9432,19.217842664207794
9433,19.217842664207794
9434,19.217842664207794
9435,19.217842664207794
9436,19.217842664207794
9437,19.217842664207794
9438,19.217842664207794
9439,19.217842664207794
9440,19.217842664207794
9441,19.217842664207794
9442,19.217842664207794
9443,19.217842664207794
9444,19.217842664207794
9445,19.217842664207794
9446,19.217842664207794
9447,19.217842664207794
9448,19.217842664207794
9449,19.217842664207794
9450,19.217842664207794
9451,19.217842664207794
9452,19.217842664207794
9453,19.217842664207794
9454,19.217842664207794
9455,19.217842664207794
9456,19.217842664207794
9457,19.217842664207794
9458,19.217842664207794
9459,19.217842664207794
9460,19.217842664207794
9461,19.217842664207794
9462,19.217842664207794
9463,19.217842664207794
9464,19.217842664207794
9465,19.217842664207794
9466,19.217842664207794
9467,19.217842664207794
9468,19.217842664207794
9469,19.217842664207794
9470,19.217842664207794
9471,19.217842664207794
9472,19.217842664207794
9473,19.217842664207794
9474,19.217842664207794
9475,19.217842664207794
9476,19.217842664207794
9477,19.217842664207794
9478,19.217842664207794
9479,19.217842664207794
9480,19.217842664207794
9481,19.217842664207794
9482,19.217842664207794
9483,19.217842664207794
9484,19.217842664207794
9485,19.217842664207794
9486,19.217842664207794
9487,19.217842664207794
9488,19.217842664207794
9489,19.217842664207794
9490,19.217842664207794
9491,19.217842664207794
9492,19.217842664207794
9493,19.217842664207794
9494,19.217842664207794
9495,19.217842664207794
9496,19.217842664207794
9497,19.217842664207794
9498,19.217842664207794
9499,19.217842664207794
9500,19.217842664207794
9501,19.217842664207794
9502,19.217842664207794
9503,19.217842664207794
9504,19.217842664207794
9505,19.217842664207794
9506,19.217842664207794
9507,19.217842664207794
9508,19.217842664207794
9509,19.217842664207794
9510,19.217842664207794
9511,19.217842664207794
9512,19.217842664207794
9513,19.217842664207794
9514,19.217842664207794
9515,19.217842664207794
9516,19.217842664207794
9517,19.217842664207794
9518,19.217842664207794
9519,19.217842664207794
9520,19.217842664207794
9521,19.217842664207794
9522,19.217842664207794
9523,19.217842664207794
9524,19.217842664207794
9525,19.217842664207794
9526,19.217842664207794
9527,19.217842664207794
9528,19.217842664207794
9529,19.217842664207794
9530,19.217842664207794
9531,19.217842664207794
9532,19.217842664207794
9533,19.217842664207794
9534,19.217842664207794
9535,19.217842664207794
9536,19.217842664207794
9537,19.217842664207794
9538,19.217842664207794
9539,19.217842664207794
9540,19.217842664207794
9541,19.217842664207794
9542,19.217842664207794
9543,19.217842664207794
9544,19.217842664207794
9545,19.217842664207794
9546,19.217842664207794
9547,19.217842664207794
9548,19.217842664207794
9549,19.217842664207794
9550,19.217842664207794
9551,19.217842664207794
9552,19.217842664207794
9553,19.217842664207794
9554,19.217842664207794
9555,19.217842664207794
9556,19.217842664207794
9557,19.217842664207794
9558,19.217842664207794
9559,19.217842664207794
9560,19.217842664207794
9561,19.217842664207794
9562,19.217842664207794
9563,19.217842664207794
9564,19.217842664207794
9565,19.217842664207794
9566,19.217842664207794
9567,19.217842664207794
9568,19.217842664207794
9569,19.217842664207794
9570,19.217842664207794
9571,19.217842664207794
9572,19.217842664207794
9573,19.217842664207794
9574,19.217842664207794
9575,19.217842664207794
9576,19.217842664207794
9577,19.217842664207794
9578,19.217842664207794
9579,19.217842664207794
9580,19.217842664207794
9581,19.217842664207794
9582,19.217842664207794
9583,19.217842664207794
9584,19.217842664207794
9585,19.217842664207794
9586,19.217842664207794
9587,19.217842664207794
9588,19.217842664207794
9589,19.217842664207794
9590,19.217842664207794
9591,19.217842664207794
9592,19.217842664207794
9593,19.217842664207794
9594,19.217842664207794
9595,19.217842664207794
9596,19.217842664207794
9597,19.217842664207794
9598,19.217842664207794
9599,19.217842664207794
9600,19.217842664207794
9601,19.217842664207794
9602,19.217842664207794
9603,19.217842664207794
9604,19.217842664207794
9605,19.217842664207794
9606,19.217842664207794
9607,19.217842664207794
9608,19.217842664207794
9609,19.217842664207794
9610,19.217842664207794
9611,19.217842664207794
9612,19.217842664207794
9613,19.217842664207794
9614,19.217842664207794
9615,19.217842664207794
9616,19.217842664207794
9617,19.217842664207794
9618,19.217842664207794
9619,19.217842664207794
9620,19.217842664207794
9621,19.217842664207794
9622,19.217842664207794
9623,19.217842664207794
9624,19.217842664207794
9625,19.217842664207794
9626,19.217842664207794
9627,19.217842664207794
9628,19.217842664207794
9629,19.217842664207794
9630,19.217842664207794
9631,19.217842664207794
9632,19.217842664207794
9633,19.217842664207794
9634,19.217842664207794
9635,19.217842664207794
9636,19.217842664207794
9637,19.217842664207794
9638,19.217842664207794
9639,19.217842664207794
9640,19.217842664207794
9641,19.217842664207794
9642,19.217842664207794
9643,19.217842664207794
9644,19.217842664207794
9645,19.217842664207794
9646,19.217842664207794
9647,19.217842664207794
9648,19.217842664207794
9649,19.217842664207794
9650,19.217842664207794
9651,19.217842664207794
9652,19.217842664207794
9653,19.217842664207794
9654,19.217842664207794
9655,19.217842664207794
9656,19.217842664207794
9657,19.217842664207794
9658,19.217842664207794
9659,19.217842664207794
9660,19.217842664207794
9661,19.217842664207794
9662,19.217842664207794
9663,19.217842664207794
9664,19.217842664207794
9665,19.217842664207794
9666,19.217842664207794
9667,19.217842664207794
9668,19.217842664207794
9669,19.217842664207794
9670,19.217842664207794
9671,19.217842664207794
9672,19.217842664207794
9673,19.217842664207794
9674,19.217842664207794
9675,19.217842664207794
9676,19.217842664207794
9677,19.217842664207794
9678,19.217842664207794
9679,19.217842664207794
9680,19.217842664207794
9681,19.217842664207794
9682,19.217842664207794
9683,19.217842664207794
9684,19.217842664207794
9685,19.217842664207794
9686,19.217842664207794
9687,19.217842664207794
9688,19.217842664207794
9689,19.217842664207794
9690,19.217842664207794
9691,19.217842664207794
9692,19.217842664207794
9693,19.217842664207794
9694,19.217842664207794
9695,19.217842664207794
9696,19.217842664207794
9697,19.217842664207794
9698,19.217842664207794
9699,19.217842664207794
9700,-2.5653647355188287
9701,-2.5653647355188287
9702,-2.5653647355188287
9703,-2.5653647355188287
9704,-2.5653647355188287
9705,-2.5653647355188287
9706,-2.5653647355188287
9707,-2.5653647355188287
9708,-2.5653647355188287
9709,-2.5653647355188287
9710,-2.5653647355188287
9711,-2.5653647355188287
9712,-2.5653647355188287
9713,-2.5653647355188287
9714,-2.5653647355188287
9715,-2.5653647355188287
9716,-2.5653647355188287
9717,-2.5653647355188287
9718,-2.5653647355188287
9719,-2.5653647355188287
9720,-2.5653647355188287
9721,-2.5653647355188287
9722,-2.5653647355188287
9723,-2.5653647355188287
9724,-2.5653647355188287
9725,-2.5653647355188287
9726,-2.5653647355188287
9727,-2.5653647355188287
9728,-2.5653647355188287
9729,-2.5653647355188287
9730,-2.5653647355188287
9731,-2.5653647355188287
9732,-2.5653647355188287
9733,-2.5653647355188287
9734,-2.5653647355188287
9735,-2.5653647355188287
9736,-2.5653647355188287
9737,-2.5653647355188287
9738,-2.5653647355188287
9739,-2.5653647355188287
9740,-2.5653647355188287
9741,-2.5653647355188287
9742,-2.5653647355188287
9743,-2.5653647355188287
9744,-2.5653647355188287
9745,-2.5653647355188287
9746,-2.5653647355188287
9747,-2.5653647355188287
9748,-2.5653647355188287
9749,-2.5653647355188287
9750,-2.5653647355188287
9751,-2.5653647355188287
9752,-2.5653647355188287
9753,-2.5653647355188287
9754,-2.5653647355188287
9755,-2.5653647355188287
9756,-2.5653647355188287
9757,-2.5653647355188287
9758,-2.5653647355188287
9759,-2.5653647355188287
9760,-2.5653647355188287
9761,-2.5653647355188287
9762,-2.5653647355188287
9763,-2.5653647355188287
9764,-2.5653647355188287
9765,-2.5653647355188287
9766,-2.5653647355188287
9767,-2.5653647355188287
9768,-2.5653647355188287
9769,-2.5653647355188287
9770,-2.5653647355188287
9771,-2.5653647355188287
9772,-2.5653647355188287
9773,-2.5653647355188287
9774,-2.5653647355188287
9775,-2.5653647355188287
9776,-2.5653647355188287
9777,-2.5653647355188287
9778,-2.5653647355188287
9779,-2.5653647355188287
9780,-2.5653647355188287
9781,-2.5653647355188287
9782,-2.5653647355188287
9783,-2.5653647355188287
9784,-2.5653647355188287
9785,-2.5653647355188287
9786,-2.5653647355188287
9787,-2.5653647355188287
9788,-2.5653647355188287
9789,-2.5653647355188287
9790,-2.5653647355188287
9791,-2.5653647355188287
9792,-2.5653647355188287
9793,-2.5653647355188287
9794,-2.5653647355188287
9795,-2.5653647355188287
9796,-2.5653647355188287
9797,-2.5653647355188287
9798,-2.5653647355188287
9799,-2.5653647355188287
9800,-2.5653647355188287
9801,-2.5653647355188287
9802,-2.5653647355188287
9803,-2.5653647355188287
9804,-2.5653647355188287
9805,-2.5653647355188287
9806,-2.5653647355188287
9807,-2.5653647355188287
9808,-2.5653647355188287
9809,-2.5653647355188287
9810,-2.5653647355188287
9811,-2.5653647355188287
9812,-2.5653647355188287
9813,-2.5653647355188287
9814,-2.5653647355188287
9815,-2.5653647355188287
9816,-2.5653647355188287
9817,-2.5653647355188287
9818,-2.5653647355188287
9819,-2.5653647355188287
9820,-2.5653647355188287
9821,-2.5653647355188287
9822,-2.5653647355188287
9823,-2.5653647355188287
9824,-2.5653647355188287
9825,-2.5653647355188287
9826,-2.5653647355188287
9827,-2.5653647355188287
9828,-2.5653647355188287
9829,-2.5653647355188287
9830,-2.5653647355188287
9831,-2.5653647355188287
9832,-2.5653647355188287
9833,-2.5653647355188287
9834,-2.5653647355188287
9835,-2.5653647355188287
9836,-2.5653647355188287
9837,-2.5653647355188287
9838,-2.5653647355188287
9839,-2.5653647355188287
9840,-2.5653647355188287
9841,-2.5653647355188287
9842,-2.5653647355188287
9843,-2.5653647355188287
9844,-2.5653647355188287
9845,-2.5653647355188287
9846,-2.5653647355188287
9847,-2.5653647355188287
9848,-2.5653647355188287
9849,-2.5653647355188287
9850,-2.5653647355188287
9851,-2.5653647355188287
9852,-2.5653647355188287
9853,-2.5653647355188287
9854,-2.5653647355188287
9855,-2.5653647355188287
9856,-2.5653647355188287
9857,-2.5653647355188287
9858,-2.5653647355188287
9859,-2.5653647355188287
9860,-2.5653647355188287
9861,-2.5653647355188287
9862,-2.5653647355188287
9863,-2.5653647355188287
9864,-2.5653647355188287
9865,-2.5653647355188287
9866,-2.5653647355188287
9867,-2.5653647355188287
9868,-2.5653647355188287
9869,-2.5653647355188287
9870,-2.5653647355188287
9871,-2.5653647355188287
9872,-2.5653647355188287
9873,-2.5653647355188287
9874,-2.5653647355188287
9875,-2.5653647355188287
9876,-2.5653647355188287
9877,-2.5653647355188287
9878,-2.5653647355188287
9879,-2.5653647355188287
9880,-2.5653647355188287
9881,-2.5653647355188287
9882,-2.5653647355188287
9883,-2.5653647355188287
9884,-2.5653647355188287
9885,-2.5653647355188287
9886,-2.5653647355188287
9887,-2.5653647355188287
9888,-2.5653647355188287
9889,-2.5653647355188287
9890,-2.5653647355188287
9891,-2.5653647355188287
9892,-2.5653647355188287
9893,-2.5653647355188287
9894,-2.5653647355188287
9895,-2.5653647355188287
9896,-2.5653647355188287
9897,-2.5653647355188287
9898,-2.5653647355188287
9899,-2.5653647355188287
9900,-2.5653647355188287
9901,-2.5653647355188287
9902,-2.5653647355188287
9903,-2.5653647355188287
9904,-2.5653647355188287
9905,-2.5653647355188287
9906,-2.5653647355188287
9907,-2.5653647355188287
9908,-2.5653647355188287
9909,-2.5653647355188287
9910,-2.5653647355188287
9911,-2.5653647355188287
9912,-2.5653647355188287
9913,-2.5653647355188287
9914,-2.5653647355188287
9915,-2.5653647355188287
9916,-2.5653647355188287
9917,-2.5653647355188287
9918,-2.5653647355188287
9919,-2.5653647355188287
9920,-2.5653647355188287
9921,-2.5653647355188287
9922,-2.5653647355188287
9923,-2.5653647355188287
9924,-2.5653647355188287
9925,-2.5653647355188287
9926,-2.5653647355188287
9927,-2.5653647355188287
9928,-2.5653647355188287
9929,-2.5653647355188287
9930,-2.5653647355188287
9931,-2.5653647355188287
9932,-2.5653647355188287
9933,-2.5653647355188287
9934,-2.5653647355188287
9935,-2.5653647355188287
9936,-2.5653647355188287
9937,-2.5653647355188287
9938,-2.5653647355188287
9939,-2.5653647355188287
9940,-2.5653647355188287
9941,-2.5653647355188287
9942,-2.5653647355188287
9943,-2.5653647355188287
9944,-2.5653647355188287
9945,-2.5653647355188287
9946,-2.5653647355188287
9947,-2.5653647355188287
9948,-2.5653647355188287
9949,-2.5653647355188287
9950,-2.5653647355188287
9951,-2.5653647355188287
9952,-2.5653647355188287
9953,-2.5653647355188287
9954,-2.5653647355188287
9955,-2.5653647355188287
9956,-2.5653647355188287
9957,-2.5653647355188287
9958,-2.5653647355188287
9959,-2.5653647355188287
9960,-2.5653647355188287
9961,-2.5653647355188287
9962,-2.5653647355188287
9963,-2.5653647355188287
9964,-2.5653647355188287
9965,-2.5653647355188287
9966,-2.5653647355188287
9967,-2.5653647355188287
9968,-2.5653647355188287
9969,-2.5653647355188287
9970,-2.5653647355188287
9971,-2.5653647355188287
9972,-2.5653647355188287
9973,-2.5653647355188287
9974,-2.5653647355188287
9975,-2.5653647355188287
9976,-2.5653647355188287
9977,-2.5653647355188287
9978,-2.5653647355188287
9979,-2.5653647355188287
9980,-2.5653647355188287
9981,-2.5653647355188287
9982,-2.5653647355188287
9983,-2.5653647355188287
9984,-2.5653647355188287
9985,-2.5653647355188287
9986,-2.5653647355188287
9987,-2.5653647355188287
9988,-2.5653647355188287
9989,-2.5653647355188287
9990,-2.5653647355188287
9991,-2.5653647355188287
9992,-2.5653647355188287
9993,-2.5653647355188287
9994,-2.5653647355188287
9995,-2.5653647355188287
9996,-2.5653647355188287
9997,-2.5653647355188287
9998,-2.5653647355188287
9999,-2.5653647355188287
10000,-2.5653647355188287
10001,-2.5653647355188287
10002,-2.5653647355188287
10003,-2.5653647355188287
10004,-2.5653647355188287
10005,-2.5653647355188287
10006,-2.5653647355188287
10007,-2.5653647355188287
10008,-2.5653647355188287
10009,-2.5653647355188287
10010,-2.5653647355188287
10011,-2.5653647355188287
10012,-2.5653647355188287
10013,-2.5653647355188287
10014,-2.5653647355188287
10015,-2.5653647355188287
10016,-2.5653647355188287
10017,-2.5653647355188287
10018,-2.5653647355188287
10019,-2.5653647355188287
10020,-2.5653647355188287
10021,-2.5653647355188287
10022,-2.5653647355188287
10023,-2.5653647355188287
10024,-2.5653647355188287
10025,-2.5653647355188287
10026,-2.5653647355188287
10027,-2.5653647355188287
10028,-2.5653647355188287
10029,-2.5653647355188287
10030,-2.5653647355188287
10031,-2.5653647355188287
10032,-2.5653647355188287
10033,-2.5653647355188287
10034,-2.5653647355188287
10035,-2.5653647355188287
10036,-2.5653647355188287
10037,-2.5653647355188287
10038,-2.5653647355188287
10039,-2.5653647355188287
10040,-2.5653647355188287
10041,-2.5653647355188287
10042,-2.5653647355188287
10043,-2.5653647355188287
10044,-2.5653647355188287
10045,-2.5653647355188287
10046,-2.5653647355188287
10047,-2.5653647355188287
10048,-2.5653647355188287
10049,-2.5653647355188287
10050,-2.5653647355188287
10051,-2.5653647355188287
10052,-2.5653647355188287
10053,-2.5653647355188287
10054,-2.5653647355188287
10055,-2.5653647355188287
10056,-2.5653647355188287
10057,-2.5653647355188287
10058,-2.5653647355188287
10059,-2.5653647355188287
10060,-2.5653647355188287
10061,-2.5653647355188287
10062,-2.5653647355188287
10063,-2.5653647355188287
10064,-2.5653647355188287
10065,-2.5653647355188287
10066,-2.5653647355188287
10067,-2.5653647355188287
10068,-2.5653647355188287
10069,-2.5653647355188287
10070,-2.5653647355188287
10071,-2.5653647355188287
10072,-2.5653647355188287
10073,-2.5653647355188287
10074,-2.5653647355188287
10075,-2.5653647355188287
10076,-2.5653647355188287
10077,-2.5653647355188287
10078,-2.5653647355188287
10079,-2.5653647355188287
10080,-2.5653647355188287
10081,-2.5653647355188287
10082,-2.5653647355188287
10083,-2.5653647355188287
10084,-2.5653647355188287
10085,-2.5653647355188287
10086,-2.5653647355188287
10087,-2.5653647355188287
10088,-2.5653647355188287
10089,-2.5653647355188287
10090,-2.5653647355188287
10091,-2.5653647355188287
10092,-2.5653647355188287
10093,-2.5653647355188287
10094,-2.5653647355188287
10095,-2.5653647355188287
10096,-2.5653647355188287
10097,-2.5653647355188287
10098,-2.5653647355188287
10099,-2.5653647355188287
10100,-2.5653647355188287
10101,-2.5653647355188287
10102,-2.5653647355188287
10103,-2.5653647355188287
10104,-2.5653647355188287
10105,-2.5653647355188287
10106,-2.5653647355188287
10107,-2.5653647355188287
10108,-2.5653647355188287
10109,-2.5653647355188287
10110,-2.5653647355188287
10111,-2.5653647355188287
10112,-2.5653647355188287
10113,-2.5653647355188287
10114,-2.5653647355188287
10115,-2.5653647355188287
10116,-2.5653647355188287
10117,-2.5653647355188287
10118,-2.5653647355188287
10119,-2.5653647355188287
10120,-2.5653647355188287
10121,-2.5653647355188287
10122,-2.5653647355188287
10123,-2.5653647355188287
10124,-2.5653647355188287
10125,-2.5653647355188287
10126,-2.5653647355188287
10127,-2.5653647355188287
10128,-2.5653647355188287
10129,-2.5653647355188287
10130,-2.5653647355188287
10131,-2.5653647355188287
10132,-2.5653647355188287
10133,-2.5653647355188287
10134,-2.5653647355188287
10135,-2.5653647355188287
10136,-2.5653647355188287
10137,-2.5653647355188287
10138,-2.5653647355188287
10139,-2.5653647355188287
10140,-2.5653647355188287
10141,-2.5653647355188287
10142,-2.5653647355188287
10143,-2.5653647355188287
10144,-2.5653647355188287
10145,-2.5653647355188287
10146,-2.5653647355188287
10147,-2.5653647355188287
10148,-2.5653647355188287
10149,-2.5653647355188287
10150,-2.5653647355188287
10151,-2.5653647355188287
10152,-2.5653647355188287
10153,-2.5653647355188287
10154,-2.5653647355188287
10155,-2.5653647355188287
10156,-2.5653647355188287
10157,-2.5653647355188287
10158,-2.5653647355188287
10159,-2.5653647355188287
10160,-2.5653647355188287
10161,-2.5653647355188287
10162,-2.5653647355188287
10163,-2.5653647355188287
10164,-2.5653647355188287
10165,-2.5653647355188287
10166,-2.5653647355188287
10167,-2.5653647355188287
10168,-2.5653647355188287
10169,-2.5653647355188287
10170,-2.5653647355188287
10171,-2.5653647355188287
10172,-2.5653647355188287
10173,-2.5653647355188287
10174,-2.5653647355188287
10175,-2.5653647355188287
10176,-2.5653647355188287
10177,-2.5653647355188287
10178,-2.5653647355188287
10179,-2.5653647355188287
10180,-2.5653647355188287
10181,-2.5653647355188287
10182,-2.5653647355188287
10183,-2.5653647355188287
10184,-2.5653647355188287
10185,-2.5653647355188287
10186,-2.5653647355188287
10187,-2.5653647355188287
10188,-2.5653647355188287
10189,-2.5653647355188287
10190,-2.5653647355188287
10191,-2.5653647355188287
10192,-2.5653647355188287
10193,-2.5653647355188287
10194,-2.5653647355188287
10195,-2.5653647355188287
10196,-2.5653647355188287
10197,-2.5653647355188287
10198,-2.5653647355188287
10199,-2.5653647355188287
10200,-2.5653647355188287
10201,-2.5653647355188287
10202,-2.5653647355188287
10203,-2.5653647355188287
10204,-2.5653647355188287
10205,-2.5653647355188287
10206,-2.5653647355188287
10207,-2.5653647355188287
10208,-2.5653647355188287
10209,-2.5653647355188287
10210,-2.5653647355188287
10211,-2.5653647355188287
10212,-2.5653647355188287
10213,-2.5653647355188287
10214,-2.5653647355188287
10215,-2.5653647355188287
10216,-2.5653647355188287
10217,-2.5653647355188287
10218,-2.5653647355188287
10219,-2.5653647355188287
10220,-2.5653647355188287
10221,-2.5653647355188287
10222,-2.5653647355188287
10223,-2.5653647355188287
10224,-2.5653647355188287
10225,-2.5653647355188287
10226,-2.5653647355188287
10227,-2.5653647355188287
10228,-2.5653647355188287
10229,-2.5653647355188287
10230,-2.5653647355188287
10231,-2.5653647355188287
10232,-2.5653647355188287
10233,-2.5653647355188287
10234,-2.5653647355188287
10235,-2.5653647355188287
10236,-2.5653647355188287
10237,-2.5653647355188287
10238,-2.5653647355188287
10239,-2.5653647355188287
10240,-2.5653647355188287
10241,-2.5653647355188287
10242,-2.5653647355188287
10243,-2.5653647355188287
10244,-2.5653647355188287
10245,-2.5653647355188287
10246,-2.5653647355188287
10247,-2.5653647355188287
10248,-2.5653647355188287
10249,-2.5653647355188287
10250,-2.5653647355188287
10251,-2.5653647355188287
10252,-2.5653647355188287
10253,-2.5653647355188287
10254,-2.5653647355188287
10255,-2.5653647355188287
10256,-2.5653647355188287
10257,-2.5653647355188287
10258,-2.5653647355188287
10259,-2.5653647355188287
10260,-2.5653647355188287
10261,-2.5653647355188287
10262,-2.5653647355188287
10263,-2.5653647355188287
10264,-2.5653647355188287
10265,-2.5653647355188287
10266,-2.5653647355188287
10267,-2.5653647355188287
10268,-2.5653647355188287
10269,-2.5653647355188287
10270,-2.5653647355188287
10271,-2.5653647355188287
10272,-2.5653647355188287
10273,-2.5653647355188287
10274,-2.5653647355188287
10275,-2.5653647355188287
10276,-2.5653647355188287
10277,-2.5653647355188287
10278,-2.5653647355188287
10279,-2.5653647355188287
10280,-2.5653647355188287
10281,-2.5653647355188287
10282,-2.5653647355188287
10283,-2.5653647355188287
10284,-2.5653647355188287
10285,-2.5653647355188287
10286,-2.5653647355188287
10287,-2.5653647355188287
10288,-2.5653647355188287
10289,-2.5653647355188287
10290,-2.5653647355188287
10291,-2.5653647355188287
10292,-2.5653647355188287
10293,-2.5653647355188287
10294,-2.5653647355188287
10295,-2.5653647355188287
10296,-2.5653647355188287
10297,-2.5653647355188287
10298,-2.5653647355188287
10299,-2.5653647355188287
10300,-2.5653647355188287
10301,-2.5653647355188287
10302,-2.5653647355188287
10303,-2.5653647355188287
10304,-2.5653647355188287
10305,-2.5653647355188287
10306,-2.5653647355188287
10307,-2.5653647355188287
10308,-2.5653647355188287
10309,-2.5653647355188287
10310,-2.5653647355188287
10311,-2.5653647355188287
10312,-2.5653647355188287
10313,-2.5653647355188287
10314,-2.5653647355188287
10315,-2.5653647355188287
10316,-2.5653647355188287
10317,-2.5653647355188287
10318,-2.5653647355188287
10319,-2.5653647355188287
10320,-2.5653647355188287
10321,-2.5653647355188287
10322,-2.5653647355188287
10323,-2.5653647355188287
10324,-2.5653647355188287
10325,-2.5653647355188287
10326,-2.5653647355188287
10327,-2.5653647355188287
10328,-2.5653647355188287
10329,-2.5653647355188287
10330,-2.5653647355188287
10331,-2.5653647355188287
10332,-2.5653647355188287
10333,-2.5653647355188287
10334,-2.5653647355188287
10335,-2.5653647355188287
10336,-2.5653647355188287
10337,-2.5653647355188287
10338,-2.5653647355188287
10339,-2.5653647355188287
10340,-2.5653647355188287
10341,-2.5653647355188287
10342,-2.5653647355188287
10343,-2.5653647355188287
10344,-2.5653647355188287
10345,-2.5653647355188287
10346,-2.5653647355188287
10347,-2.5653647355188287
10348,-2.5653647355188287
10349,-2.5653647355188287
10350,-2.5653647355188287
10351,-2.5653647355188287
10352,-2.5653647355188287
10353,-2.5653647355188287
10354,-2.5653647355188287
10355,-2.5653647355188287
10356,-2.5653647355188287
10357,-2.5653647355188287
10358,-2.5653647355188287
10359,-2.5653647355188287
10360,-2.5653647355188287
10361,-2.5653647355188287
10362,-2.5653647355188287
10363,-2.5653647355188287
10364,-2.5653647355188287
10365,-2.5653647355188287
10366,-2.5653647355188287
10367,-2.5653647355188287
10368,-2.5653647355188287
10369,-2.5653647355188287
10370,-2.5653647355188287
10371,-2.5653647355188287
10372,-2.5653647355188287
10373,-2.5653647355188287
10374,-2.5653647355188287
10375,-2.5653647355188287
10376,-2.5653647355188287
10377,-2.5653647355188287
10378,-2.5653647355188287
10379,-2.5653647355188287
10380,-2.5653647355188287
10381,-2.5653647355188287
10382,-2.5653647355188287
10383,-2.5653647355188287
10384,-2.5653647355188287
10385,-2.5653647355188287
10386,-2.5653647355188287
10387,-2.5653647355188287
10388,-2.5653647355188287
10389,-2.5653647355188287
10390,-2.5653647355188287
10391,-2.5653647355188287
10392,-2.5653647355188287
10393,-2.5653647355188287
10394,-2.5653647355188287
10395,-2.5653647355188287
10396,-2.5653647355188287
10397,-2.5653647355188287
10398,-2.5653647355188287
10399,-2.5653647355188287
10400,-2.5653647355188287
10401,-2.5653647355188287
10402,-2.5653647355188287
10403,-2.5653647355188287
10404,-2.5653647355188287
10405,-2.5653647355188287
10406,-2.5653647355188287
10407,-2.5653647355188287
10408,-2.5653647355188287
10409,-2.5653647355188287
10410,-2.5653647355188287
10411,-2.5653647355188287
10412,-2.5653647355188287
10413,-2.5653647355188287
10414,-2.5653647355188287
10415,-2.5653647355188287
10416,-2.5653647355188287
10417,-2.5653647355188287
10418,-2.5653647355188287
10419,-2.5653647355188287
10420,-2.5653647355188287
10421,-2.5653647355188287
10422,-2.5653647355188287
10423,-2.5653647355188287
10424,-2.5653647355188287
10425,-2.5653647355188287
10426,-2.5653647355188287
10427,-2.5653647355188287
10428,-2.5653647355188287
10429,-2.5653647355188287
10430,-2.5653647355188287
10431,-2.5653647355188287
10432,-2.5653647355188287
10433,-2.5653647355188287
10434,-2.5653647355188287
10435,-2.5653647355188287
10436,-2.5653647355188287
10437,-2.5653647355188287
10438,-2.5653647355188287
10439,-2.5653647355188287
10440,-2.5653647355188287
10441,-2.5653647355188287
10442,-2.5653647355188287
10443,-2.5653647355188287
10444,-2.5653647355188287
10445,-2.5653647355188287
10446,-2.5653647355188287
10447,-2.5653647355188287
10448,-2.5653647355188287
10449,-2.5653647355188287
10450,-2.5653647355188287
10451,-2.5653647355188287
10452,-2.5653647355188287
10453,-2.5653647355188287
10454,-2.5653647355188287
10455,-2.5653647355188287
10456,-2.5653647355188287
10457,-2.5653647355188287
10458,-2.5653647355188287
10459,-2.5653647355188287
10460,-2.5653647355188287
10461,-2.5653647355188287
10462,-2.5653647355188287
10463,-2.5653647355188287
10464,-2.5653647355188287
10465,-2.5653647355188287
10466,-2.5653647355188287
10467,-2.5653647355188287
10468,-2.5653647355188287
10469,-2.5653647355188287
10470,-2.5653647355188287
10471,-2.5653647355188287
10472,-2.5653647355188287
10473,-2.5653647355188287
10474,-2.5653647355188287
10475,-2.5653647355188287
10476,-2.5653647355188287
10477,-2.5653647355188287
10478,-2.5653647355188287
10479,-2.5653647355188287
10480,-2.5653647355188287
10481,-2.5653647355188287
10482,-2.5653647355188287
10483,-2.5653647355188287
10484,-2.5653647355188287
10485,-2.5653647355188287
10486,-2.5653647355188287
10487,-2.5653647355188287
10488,-2.5653647355188287
10489,-2.5653647355188287
10490,-2.5653647355188287
10491,-2.5653647355188287
10492,-2.5653647355188287
10493,-2.5653647355188287
10494,-2.5653647355188287
10495,-2.5653647355188287
10496,-2.5653647355188287
10497,-2.5653647355188287
10498,-2.5653647355188287
10499,-2.5653647355188287
10500,-2.5653647355188287
10501,-2.5653647355188287
10502,-2.5653647355188287
10503,-2.5653647355188287
10504,-2.5653647355188287
10505,-2.5653647355188287
10506,-2.5653647355188287
10507,-2.5653647355188287
10508,-2.5653647355188287
10509,-2.5653647355188287
10510,-2.5653647355188287
10511,-2.5653647355188287
10512,-2.5653647355188287
10513,-2.5653647355188287
10514,-2.5653647355188287
10515,-2.5653647355188287
10516,-2.5653647355188287
10517,-2.5653647355188287
10518,-2.5653647355188287
10519,-2.5653647355188287
10520,-2.5653647355188287
10521,-2.5653647355188287
10522,-2.5653647355188287
10523,-2.5653647355188287
10524,-2.5653647355188287
10525,-2.5653647355188287
10526,-2.5653647355188287
10527,-2.5653647355188287
10528,-2.5653647355188287
10529,-2.5653647355188287
10530,-2.5653647355188287
10531,-2.5653647355188287
10532,-2.5653647355188287
10533,-2.5653647355188287
10534,-2.5653647355188287
10535,-2.5653647355188287
10536,-2.5653647355188287
10537,-2.5653647355188287
10538,-2.5653647355188287
10539,-2.5653647355188287
10540,-2.5653647355188287
10541,-2.5653647355188287
10542,-2.5653647355188287
10543,-2.5653647355188287
10544,-2.5653647355188287
10545,-2.5653647355188287
10546,-2.5653647355188287
10547,-2.5653647355188287
10548,-2.5653647355188287
10549,-2.5653647355188287
10550,-2.5653647355188287
10551,-2.5653647355188287
10552,-2.5653647355188287
10553,-2.5653647355188287
10554,-2.5653647355188287
10555,-2.5653647355188287
10556,-2.5653647355188287
10557,-2.5653647355188287
10558,-2.5653647355188287
10559,-2.5653647355188287
10560,-2.5653647355188287
10561,-2.5653647355188287
10562,-2.5653647355188287
10563,-2.5653647355188287
10564,-2.5653647355188287
10565,-2.5653647355188287
10566,-2.5653647355188287
10567,-2.5653647355188287
10568,-2.5653647355188287
10569,-2.5653647355188287
10570,-2.5653647355188287
10571,-2.5653647355188287
10572,-2.5653647355188287
10573,-2.5653647355188287
10574,-2.5653647355188287
10575,-2.5653647355188287
10576,-2.5653647355188287
10577,-2.5653647355188287
10578,-2.5653647355188287
10579,-2.5653647355188287
10580,-2.5653647355188287
10581,-2.5653647355188287
10582,-2.5653647355188287
10583,-2.5653647355188287
10584,-2.5653647355188287
10585,-2.5653647355188287
10586,-2.5653647355188287
10587,-2.5653647355188287
10588,-2.5653647355188287
10589,-2.5653647355188287
10590,-2.5653647355188287
10591,-2.5653647355188287
10592,-2.5653647355188287
10593,-2.5653647355188287
10594,-2.5653647355188287
10595,-2.5653647355188287
10596,-2.5653647355188287
10597,-2.5653647355188287
10598,-2.5653647355188287
10599,-2.5653647355188287
10600,-2.5653647355188287
10601,-2.5653647355188287
10602,-2.5653647355188287
10603,-2.5653647355188287
10604,-2.5653647355188287
10605,-2.5653647355188287
10606,-2.5653647355188287
10607,-2.5653647355188287
10608,-2.5653647355188287
10609,-2.5653647355188287
10610,-2.5653647355188287
10611,-2.5653647355188287
10612,-2.5653647355188287
10613,-2.5653647355188287
10614,-2.5653647355188287
10615,-2.5653647355188287
10616,-2.5653647355188287
10617,-2.5653647355188287
10618,-2.5653647355188287
10619,-2.5653647355188287
10620,-2.5653647355188287
10621,-2.5653647355188287
10622,-2.5653647355188287
10623,-2.5653647355188287
10624,-2.5653647355188287
10625,-2.5653647355188287
10626,-2.5653647355188287
10627,-2.5653647355188287
10628,-2.5653647355188287
10629,-2.5653647355188287
10630,-2.5653647355188287
10631,-2.5653647355188287
10632,-2.5653647355188287
10633,-2.5653647355188287
10634,-2.5653647355188287
10635,-2.5653647355188287
10636,-2.5653647355188287
10637,-2.5653647355188287
10638,-2.5653647355188287
10639,-2.5653647355188287
10640,-2.5653647355188287
10641,-2.5653647355188287
10642,-2.5653647355188287
10643,-2.5653647355188287
10644,-2.5653647355188287
10645,-2.5653647355188287
10646,-2.5653647355188287
10647,-2.5653647355188287
10648,-2.5653647355188287
10649,-2.5653647355188287
10650,-2.5653647355188287
10651,-2.5653647355188287
10652,-2.5653647355188287
10653,-2.5653647355188287
10654,-2.5653647355188287
10655,-2.5653647355188287
10656,-2.5653647355188287
10657,-2.5653647355188287
10658,-2.5653647355188287
10659,-2.5653647355188287
10660,-2.5653647355188287
10661,-2.5653647355188287
10662,-2.5653647355188287
10663,-2.5653647355188287
10664,-2.5653647355188287
10665,-2.5653647355188287
10666,-2.5653647355188287
10667,-2.5653647355188287
10668,-2.5653647355188287
10669,-2.5653647355188287
10670,-2.5653647355188287
10671,-2.5653647355188287
10672,-2.5653647355188287
10673,-2.5653647355188287
10674,-2.5653647355188287
10675,-2.5653647355188287
10676,-2.5653647355188287
10677,-2.5653647355188287
10678,-2.5653647355188287
10679,-2.5653647355188287
10680,-2.5653647355188287
10681,-2.5653647355188287
10682,-2.5653647355188287
10683,-2.5653647355188287
10684,-2.5653647355188287
10685,-2.5653647355188287
10686,-2.5653647355188287
10687,-2.5653647355188287
10688,-2.5653647355188287
10689,-2.5653647355188287
10690,-2.5653647355188287
10691,-2.5653647355188287
10692,-2.5653647355188287
10693,-2.5653647355188287
10694,-2.5653647355188287
10695,-2.5653647355188287
10696,-2.5653647355188287
10697,-2.5653647355188287
10698,-2.5653647355188287
10699,-2.5653647355188287
10700,-2.5653647355188287
10701,-2.5653647355188287
10702,-2.5653647355188287
10703,-2.5653647355188287
10704,-2.5653647355188287
10705,-2.5653647355188287
10706,-2.5653647355188287
10707,-2.5653647355188287
10708,-2.5653647355188287
10709,-2.5653647355188287
10710,-2.5653647355188287
10711,-2.5653647355188287
10712,-2.5653647355188287
10713,-2.5653647355188287
10714,-2.5653647355188287
10715,-2.5653647355188287
10716,-2.5653647355188287
10717,-2.5653647355188287
10718,-2.5653647355188287
10719,-2.5653647355188287
10720,-2.5653647355188287
10721,-2.5653647355188287
10722,-2.5653647355188287
10723,-2.5653647355188287
10724,-2.5653647355188287
10725,-2.5653647355188287
10726,-2.5653647355188287
10727,-2.5653647355188287
10728,-2.5653647355188287
10729,-2.5653647355188287
10730,-2.5653647355188287
10731,-2.5653647355188287
10732,-2.5653647355188287
10733,-2.5653647355188287
10734,-2.5653647355188287
10735,-2.5653647355188287
10736,-2.5653647355188287
10737,-2.5653647355188287
10738,-2.5653647355188287
10739,-2.5653647355188287
10740,-2.5653647355188287
10741,-2.5653647355188287
10742,-2.5653647355188287
10743,-2.5653647355188287
10744,-2.5653647355188287
10745,-2.5653647355188287
10746,-2.5653647355188287
10747,-2.5653647355188287
10748,-2.5653647355188287
10749,-2.5653647355188287
10750,-2.5653647355188287
10751,-2.5653647355188287
10752,-2.5653647355188287
10753,-2.5653647355188287
10754,-2.5653647355188287
10755,-2.5653647355188287
10756,-2.5653647355188287
10757,-2.5653647355188287
10758,-2.5653647355188287
10759,-2.5653647355188287
10760,-2.5653647355188287
10761,-2.5653647355188287
10762,-2.5653647355188287
10763,-2.5653647355188287
10764,-2.5653647355188287
10765,-2.5653647355188287
10766,-2.5653647355188287
10767,-7.047829796112394
10768,-7.047829796112394
10769,-7.047829796112394
10770,-7.047829796112394
10771,-7.047829796112394
10772,-7.047829796112394
10773,-7.047829796112394
10774,-7.047829796112394
10775,-7.047829796112394
10776,-7.047829796112394
10777,-7.047829796112394
10778,-7.047829796112394
10779,-7.047829796112394
10780,-7.047829796112394
10781,-7.047829796112394
10782,-7.047829796112394
10783,-7.047829796112394
10784,-7.047829796112394
10785,-7.047829796112394
10786,-7.047829796112394
10787,-7.047829796112394
10788,-7.047829796112394
10789,-7.047829796112394
10790,-7.047829796112394
10791,-7.047829796112394
10792,-7.047829796112394
10793,-7.047829796112394
10794,-7.047829796112394
10795,-7.047829796112394
10796,-7.047829796112394
10797,-7.047829796112394
10798,-7.047829796112394
10799,-7.047829796112394
10800,-7.047829796112394
10801,-7.047829796112394
10802,-7.047829796112394
10803,-7.047829796112394
10804,-7.047829796112394
10805,-7.047829796112394
10806,-7.047829796112394
10807,-7.047829796112394
10808,-7.047829796112394
10809,-7.047829796112394
10810,-7.047829796112394
10811,-7.047829796112394
10812,-7.047829796112394
10813,-7.047829796112394
10814,-7.047829796112394
10815,-7.047829796112394
10816,-7.047829796112394
10817,-7.047829796112394
10818,-7.047829796112394
10819,-7.047829796112394
10820,-7.047829796112394
10821,-7.047829796112394
10822,-7.047829796112394
10823,-7.047829796112394
10824,-7.047829796112394
10825,-7.047829796112394
10826,-7.047829796112394
10827,-7.047829796112394
10828,-7.047829796112394
10829,-7.047829796112394
10830,-7.047829796112394
10831,-7.047829796112394
10832,-7.047829796112394
10833,-7.047829796112394
10834,-7.047829796112394
10835,-7.047829796112394
10836,-7.047829796112394
10837,-7.047829796112394
10838,-7.047829796112394
10839,-7.047829796112394
10840,-7.047829796112394
10841,-7.047829796112394
10842,-7.047829796112394
10843,-7.047829796112394
10844,-7.047829796112394
10845,-7.047829796112394
10846,-7.047829796112394
10847,-7.047829796112394
10848,-7.047829796112394
10849,-7.047829796112394
10850,-7.047829796112394
10851,-7.047829796112394
10852,-7.047829796112394
10853,-7.047829796112394
10854,-7.047829796112394
10855,-7.047829796112394
10856,-7.047829796112394
10857,-7.047829796112394
10858,-7.047829796112394
10859,-7.047829796112394
10860,-7.047829796112394
10861,-7.047829796112394
10862,-7.047829796112394
10863,-7.047829796112394
10864,-7.047829796112394
10865,-7.047829796112394
10866,-7.047829796112394
10867,-7.047829796112394
10868,-7.047829796112394
10869,-7.047829796112394
10870,-7.047829796112394
10871,-7.047829796112394
10872,-7.047829796112394
10873,-7.047829796112394
10874,-7.047829796112394
10875,-7.047829796112394
10876,-7.047829796112394
10877,-7.047829796112394
10878,-7.047829796112394
10879,-7.047829796112394
10880,-7.047829796112394
10881,-7.047829796112394
10882,-7.047829796112394
10883,-7.047829796112394
10884,-7.047829796112394
10885,-7.047829796112394
10886,-7.047829796112394
10887,-7.047829796112394
10888,-7.047829796112394
10889,-7.047829796112394
10890,-7.047829796112394
10891,-7.047829796112394
10892,-7.047829796112394
10893,-7.047829796112394
10894,-7.047829796112394
10895,-7.047829796112394
10896,-7.047829796112394
10897,-7.047829796112394
10898,-7.047829796112394
10899,-7.047829796112394
10900,-7.047829796112394
10901,-7.047829796112394
10902,-7.047829796112394
10903,-7.047829796112394
10904,-7.047829796112394
10905,-7.047829796112394
10906,-7.047829796112394
10907,-7.047829796112394
10908,-7.047829796112394
10909,-7.047829796112394
10910,-7.047829796112394
10911,-7.047829796112394
10912,-7.047829796112394
10913,-7.047829796112394
10914,-7.047829796112394
10915,-7.047829796112394
10916,-7.047829796112394
10917,-7.047829796112394
10918,-7.047829796112394
10919,-7.047829796112394
10920,-7.047829796112394
10921,-7.047829796112394
10922,-7.047829796112394
10923,-7.047829796112394
10924,-7.047829796112394
10925,-7.047829796112394
10926,-7.047829796112394
10927,-7.047829796112394
10928,-7.047829796112394
10929,-7.047829796112394
10930,-7.047829796112394
10931,-7.047829796112394
10932,-7.047829796112394
10933,-7.047829796112394
10934,-7.047829796112394
10935,-7.047829796112394
10936,-7.047829796112394
10937,-7.047829796112394
10938,-7.047829796112394
10939,-7.047829796112394
10940,-7.047829796112394
10941,-7.047829796112394
10942,-7.047829796112394
10943,-7.047829796112394
10944,-7.047829796112394
10945,-7.047829796112394
10946,-7.047829796112394
10947,-7.047829796112394
10948,-7.047829796112394
10949,-7.047829796112394
10950,-7.047829796112394
10951,-7.047829796112394
10952,-7.047829796112394
10953,-7.047829796112394
10954,-7.047829796112394
10955,-7.047829796112394
10956,-7.047829796112394
10957,-7.047829796112394
10958,-7.047829796112394
10959,-7.047829796112394
10960,-7.047829796112394
10961,-7.047829796112394
10962,-7.047829796112394
10963,-7.047829796112394
10964,-7.047829796112394
10965,-7.047829796112394
10966,-7.047829796112394
10967,-7.047829796112394
10968,-7.047829796112394
10969,-7.047829796112394
10970,-7.047829796112394
10971,-7.047829796112394
10972,-7.047829796112394
10973,-7.047829796112394
10974,-7.047829796112394
10975,-7.047829796112394
10976,-7.047829796112394
10977,-7.047829796112394
10978,-7.047829796112394
10979,-7.047829796112394
10980,-7.047829796112394
10981,-7.047829796112394
10982,-7.047829796112394
10983,-7.047829796112394
10984,-7.047829796112394
10985,-7.047829796112394
10986,-6.4973516307763415
10987,-6.4973516307763415
10988,-6.4973516307763415
10989,-6.4973516307763415
10990,-6.4973516307763415
10991,-6.4973516307763415
10992,-6.4973516307763415
10993,-6.4973516307763415
10994,-6.4973516307763415
10995,-6.4973516307763415
10996,-6.4973516307763415
10997,-6.4973516307763415
10998,-6.4973516307763415
10999,-6.4973516307763415
11000,-6.4973516307763415
11001,-6.4973516307763415
11002,-6.4973516307763415
11003,-6.4973516307763415
11004,-6.4973516307763415
11005,-6.4973516307763415
11006,-6.4973516307763415
11007,-6.4973516307763415
11008,-6.4973516307763415
11009,-6.4973516307763415
11010,-6.4973516307763415
11011,-6.4973516307763415
11012,-6.4973516307763415
11013,-6.4973516307763415
11014,-6.4973516307763415
11015,-6.4973516307763415
11016,-6.4973516307763415
11017,-6.4973516307763415
11018,-6.4973516307763415
11019,-6.4973516307763415
11020,-6.4973516307763415
11021,-6.4973516307763415
11022,-6.4973516307763415
11023,-6.4973516307763415
11024,-6.4973516307763415
11025,-6.4973516307763415
11026,-6.4973516307763415
11027,-6.4973516307763415
11028,-6.4973516307763415
11029,-6.4973516307763415
11030,-6.4973516307763415
11031,-6.4973516307763415
11032,-6.4973516307763415
11033,-6.4973516307763415
11034,-6.4973516307763415
11035,-6.4973516307763415
11036,-6.4973516307763415
11037,-6.4973516307763415
11038,-6.4973516307763415
11039,-6.4973516307763415
11040,-6.4973516307763415
11041,-6.4973516307763415
11042,-6.4973516307763415
11043,-6.4973516307763415
11044,-6.4973516307763415
11045,-6.4973516307763415
11046,-6.4973516307763415
11047,-6.4973516307763415
11048,-6.4973516307763415
11049,-6.4973516307763415
11050,-6.4973516307763415
11051,-6.4973516307763415
11052,-6.4973516307763415
11053,-6.4973516307763415
11054,-6.4973516307763415
11055,-6.4973516307763415
11056,-6.4973516307763415
11057,-6.4973516307763415
11058,-6.4973516307763415
11059,-6.4973516307763415
11060,-6.4973516307763415
11061,-6.4973516307763415
11062,-6.4973516307763415
11063,-6.4973516307763415
11064,-6.4973516307763415
11065,-6.4973516307763415
11066,-6.4973516307763415
11067,-6.4973516307763415
11068,-6.4973516307763415
11069,-6.4973516307763415
11070,-6.4973516307763415
11071,-6.4973516307763415
11072,-6.4973516307763415
11073,-6.4973516307763415
11074,-6.4973516307763415
11075,-6.4973516307763415
11076,-6.4973516307763415
11077,-6.4973516307763415
11078,-6.4973516307763415
11079,-6.4973516307763415
11080,-6.4973516307763415
11081,-6.4973516307763415
11082,-6.4973516307763415
11083,-6.4973516307763415
11084,-6.4973516307763415
11085,-6.4973516307763415
11086,-6.4973516307763415
11087,-6.4973516307763415
11088,-6.4973516307763415
11089,-6.4973516307763415
11090,-6.4973516307763415
11091,-6.4973516307763415
11092,-6.4973516307763415
11093,-6.4973516307763415
11094,-6.4973516307763415
11095,-6.4973516307763415
11096,-6.4973516307763415
11097,-6.4973516307763415
11098,-6.4973516307763415
11099,-6.4973516307763415
11100,-6.4973516307763415
11101,-6.4973516307763415
11102,-6.4973516307763415
11103,-6.4973516307763415
11104,-6.4973516307763415
11105,-6.4973516307763415
11106,-6.4973516307763415
11107,-6.4973516307763415
11108,-6.4973516307763415
11109,-6.4973516307763415
11110,-6.4973516307763415
11111,-6.4973516307763415
11112,-6.4973516307763415
11113,-6.4973516307763415
11114,-6.4973516307763415
11115,-6.4973516307763415
11116,-6.4973516307763415
11117,-6.4973516307763415
11118,-6.4973516307763415
11119,-6.4973516307763415
11120,-6.4973516307763415
11121,-6.4973516307763415
11122,-6.4973516307763415
11123,-6.4973516307763415
11124,-6.4973516307763415
11125,-6.4973516307763415
11126,-6.4973516307763415
11127,-6.4973516307763415
11128,-6.4973516307763415
11129,-6.4973516307763415
11130,-6.4973516307763415
11131,-6.4973516307763415
11132,-6.4973516307763415
11133,-6.4973516307763415
11134,-6.4973516307763415
11135,-6.4973516307763415
11136,-6.4973516307763415
11137,-6.4973516307763415
11138,-6.4973516307763415
11139,-6.4973516307763415
11140,-6.4973516307763415
11141,-6.4973516307763415
11142,-6.4973516307763415
11143,-6.4973516307763415
11144,-6.4973516307763415
11145,-6.4973516307763415
11146,-6.4973516307763415
11147,-6.4973516307763415
11148,-6.4973516307763415
11149,-6.4973516307763415
11150,-6.4973516307763415
11151,-6.4973516307763415
11152,-6.4973516307763415
11153,-6.4973516307763415
11154,-6.4973516307763415
11155,-6.4973516307763415
11156,-6.4973516307763415
11157,-6.4973516307763415
11158,-6.4973516307763415
11159,-6.4973516307763415
11160,-6.4973516307763415
11161,-6.4973516307763415
11162,-6.4973516307763415
11163,-6.4973516307763415
11164,-6.4973516307763415
11165,-6.4973516307763415
11166,-6.4973516307763415
11167,-6.4973516307763415
11168,-6.4973516307763415
11169,-6.4973516307763415
11170,-6.4973516307763415
11171,-6.4973516307763415
11172,-6.4973516307763415
11173,-6.4973516307763415
11174,-6.4973516307763415
11175,-6.4973516307763415
11176,-6.4973516307763415
11177,-6.4973516307763415
11178,-6.4973516307763415
11179,-6.4973516307763415
11180,-6.4973516307763415
11181,-6.4973516307763415
11182,-6.4973516307763415
11183,-6.4973516307763415
11184,-6.4973516307763415
11185,-6.4973516307763415
11186,-6.4973516307763415
11187,-6.4973516307763415
11188,-6.4973516307763415
11189,-6.4973516307763415
11190,-6.4973516307763415
11191,-6.4973516307763415
11192,-6.4973516307763415
11193,-6.4973516307763415
11194,-6.4973516307763415
11195,-6.4973516307763415
11196,-6.4973516307763415
11197,-6.4973516307763415
11198,-6.4973516307763415
11199,-6.4973516307763415
11200,-6.4973516307763415
11201,-6.4973516307763415
11202,-6.4973516307763415
11203,-6.4973516307763415
11204,-6.4973516307763415
11205,-6.4973516307763415
11206,-6.4973516307763415
11207,-6.4973516307763415
11208,-6.4973516307763415
11209,-6.4973516307763415
11210,-6.4973516307763415
11211,-6.4973516307763415
11212,-6.4973516307763415
11213,-6.4973516307763415
11214,-6.4973516307763415
11215,-6.4973516307763415
11216,-6.4973516307763415
11217,-6.4973516307763415
11218,-6.4973516307763415
11219,-6.4973516307763415
11220,-6.4973516307763415
11221,-6.4973516307763415
11222,-6.4973516307763415
11223,-6.4973516307763415
11224,-6.4973516307763415
11225,-6.4973516307763415
11226,-6.4973516307763415
11227,-6.4973516307763415
11228,-6.4973516307763415
11229,-6.4973516307763415
11230,-6.4973516307763415
11231,-6.4973516307763415
11232,-6.4973516307763415
11233,-6.4973516307763415
11234,-6.4973516307763415
11235,-6.4973516307763415
11236,-6.4973516307763415
11237,-6.4973516307763415
11238,-6.4973516307763415
11239,-6.4973516307763415
11240,-6.4973516307763415
11241,-6.4973516307763415
11242,-6.4973516307763415
11243,-6.4973516307763415
11244,-6.4973516307763415
11245,-6.4973516307763415
11246,-6.4973516307763415
11247,-6.4973516307763415
11248,-6.4973516307763415
11249,-6.4973516307763415
11250,-6.4973516307763415
11251,-6.4973516307763415
11252,-6.4973516307763415
11253,-6.4973516307763415
11254,-6.4973516307763415
11255,-6.4973516307763415
11256,-6.4973516307763415
11257,-6.4973516307763415
11258,-6.4973516307763415
11259,-6.4973516307763415
11260,-6.4973516307763415
11261,-6.4973516307763415
11262,-6.4973516307763415
11263,-6.4973516307763415
11264,-6.4973516307763415
11265,-6.4973516307763415
11266,-6.4973516307763415
11267,-6.4973516307763415
11268,-6.4973516307763415
11269,-6.4973516307763415
11270,-6.4973516307763415
11271,-6.4973516307763415
11272,-6.4973516307763415
11273,-6.4973516307763415
11274,-6.4973516307763415
11275,-6.4973516307763415
11276,-6.4973516307763415
11277,-6.4973516307763415
11278,-6.4973516307763415
11279,-6.4973516307763415
11280,-6.4973516307763415
11281,-6.4973516307763415
11282,-6.4973516307763415
11283,-6.4973516307763415
11284,-6.4973516307763415
11285,-6.4973516307763415
11286,-6.4973516307763415
11287,-6.4973516307763415
11288,-6.4973516307763415
11289,-6.4973516307763415
11290,-6.4973516307763415
11291,-6.4973516307763415
11292,-6.4973516307763415
11293,-6.4973516307763415
11294,-6.4973516307763415
11295,-6.4973516307763415
11296,-6.4973516307763415
11297,-6.4973516307763415
11298,-6.4973516307763415
11299,-6.4973516307763415
11300,-6.4973516307763415
11301,-6.4973516307763415
11302,-6.4973516307763415
11303,-6.4973516307763415
11304,-6.4973516307763415
11305,-6.4973516307763415
11306,-6.4973516307763415
11307,-6.4973516307763415
11308,-6.4973516307763415
11309,-6.4973516307763415
11310,-6.4973516307763415
11311,-6.4973516307763415
11312,-6.4973516307763415
11313,-6.4973516307763415
11314,-6.4973516307763415
11315,-6.4973516307763415
11316,-6.4973516307763415
11317,-6.4973516307763415
11318,-6.4973516307763415
11319,-6.4973516307763415
11320,-6.4973516307763415
11321,-6.4973516307763415
11322,-6.4973516307763415
11323,-6.4973516307763415
11324,-6.4973516307763415
11325,-6.4973516307763415
11326,-6.4973516307763415
11327,-6.4973516307763415
11328,-6.4973516307763415
11329,-6.4973516307763415
11330,-6.4973516307763415
11331,-6.4973516307763415
11332,-6.4973516307763415
11333,-6.4973516307763415
11334,-6.4973516307763415
11335,-6.4973516307763415
11336,-6.4973516307763415
11337,-6.4973516307763415
11338,-6.4973516307763415
11339,-6.4973516307763415
11340,-6.4973516307763415
11341,-6.4973516307763415
11342,-6.4973516307763415
11343,-6.4973516307763415
11344,-6.4973516307763415
11345,-6.4973516307763415
11346,-6.4973516307763415
11347,-6.4973516307763415
11348,-6.4973516307763415
11349,-6.4973516307763415
11350,-6.4973516307763415
11351,-6.4973516307763415
11352,-6.4973516307763415
11353,-6.4973516307763415
11354,-6.4973516307763415
11355,-6.4973516307763415
11356,-6.4973516307763415
11357,-6.4973516307763415
11358,-6.4973516307763415
11359,-6.4973516307763415
11360,-6.4973516307763415
11361,-6.4973516307763415
11362,-6.4973516307763415
11363,-6.4973516307763415
11364,-6.4973516307763415
11365,-6.4973516307763415
11366,-6.4973516307763415
11367,-6.4973516307763415
11368,-6.4973516307763415
11369,-6.4973516307763415
11370,-6.4973516307763415
11371,-6.4973516307763415
11372,-6.4973516307763415
11373,-6.4973516307763415
11374,-6.4973516307763415
11375,-6.4973516307763415
11376,-6.4973516307763415
11377,-6.4973516307763415
11378,-6.4973516307763415
11379,-6.4973516307763415
11380,-6.4973516307763415
11381,-6.4973516307763415
11382,-6.4973516307763415
11383,-6.4973516307763415
11384,-6.4973516307763415
11385,-6.4973516307763415
11386,-6.4973516307763415
11387,-6.4973516307763415
11388,-6.4973516307763415
11389,-6.4973516307763415
11390,-6.4973516307763415
11391,-6.4973516307763415
11392,-6.4973516307763415
11393,-6.4973516307763415
11394,-6.4973516307763415
11395,-6.4973516307763415
11396,-6.4973516307763415
11397,-6.4973516307763415
11398,-6.4973516307763415
11399,-6.4973516307763415
11400,-6.4973516307763415
11401,-6.4973516307763415
11402,-6.4973516307763415
11403,-6.4973516307763415
11404,-6.4973516307763415
11405,-6.4973516307763415
11406,-6.4973516307763415
11407,-6.4973516307763415
11408,-6.4973516307763415
11409,-6.4973516307763415
11410,-6.4973516307763415
11411,-6.4973516307763415
11412,-6.4973516307763415
11413,-6.4973516307763415
11414,-6.4973516307763415
11415,-6.4973516307763415
11416,-6.4973516307763415
11417,-6.4973516307763415
11418,-6.4973516307763415
11419,-6.4973516307763415
11420,-6.4973516307763415
11421,-6.4973516307763415
11422,-6.4973516307763415
11423,-6.4973516307763415
11424,-6.4973516307763415
11425,-6.4973516307763415
11426,-6.4973516307763415
11427,-6.4973516307763415
11428,-6.4973516307763415
11429,-6.4973516307763415
11430,-6.4973516307763415
11431,-6.4973516307763415
11432,-6.4973516307763415
11433,-6.4973516307763415
11434,-6.4973516307763415
11435,-6.4973516307763415
11436,-6.4973516307763415
11437,-6.4973516307763415
11438,-6.4973516307763415
11439,-6.4973516307763415
11440,-6.4973516307763415
11441,-6.4973516307763415
11442,-6.4973516307763415
11443,-6.4973516307763415
11444,-6.4973516307763415
11445,-6.4973516307763415
11446,-6.4973516307763415
11447,-6.4973516307763415
11448,-6.4973516307763415
11449,-6.4973516307763415
11450,-6.4973516307763415
11451,-6.4973516307763415
11452,-6.4973516307763415
11453,-6.4973516307763415
11454,-6.4973516307763415
11455,-6.4973516307763415
11456,-6.4973516307763415
11457,-6.4973516307763415
11458,-6.4973516307763415
11459,-6.4973516307763415
11460,-6.4973516307763415
11461,-6.4973516307763415
11462,-6.4973516307763415
11463,-6.4973516307763415
11464,-6.4973516307763415
11465,-6.4973516307763415
11466,-6.4973516307763415
11467,-6.4973516307763415
11468,-6.4973516307763415
11469,-6.4973516307763415
11470,-6.4973516307763415
11471,-6.4973516307763415
11472,-6.4973516307763415
11473,-6.4973516307763415
11474,-6.4973516307763415
11475,-6.4973516307763415
11476,-6.4973516307763415
11477,-6.4973516307763415
11478,-6.4973516307763415
11479,-6.4973516307763415
11480,-6.4973516307763415
11481,-6.4973516307763415
11482,-6.4973516307763415
11483,-6.4973516307763415
11484,-6.4973516307763415
11485,-6.4973516307763415
11486,-6.4973516307763415
11487,-6.4973516307763415
11488,-6.4973516307763415
11489,-6.4973516307763415
11490,-6.4973516307763415
11491,-6.4973516307763415
11492,-6.4973516307763415
11493,-6.4973516307763415
11494,-6.4973516307763415
11495,-6.4973516307763415
11496,-6.4973516307763415
11497,-6.4973516307763415
11498,-6.4973516307763415
11499,-6.4973516307763415
11500,-6.4973516307763415
11501,-6.4973516307763415
11502,-6.4973516307763415
11503,-6.4973516307763415
11504,-6.4973516307763415
11505,-6.4973516307763415
11506,-6.4973516307763415
11507,-6.4973516307763415
11508,-6.4973516307763415
11509,-6.4973516307763415
11510,-6.4973516307763415
11511,-6.4973516307763415
11512,-6.4973516307763415
11513,-6.4973516307763415
11514,-6.4973516307763415
11515,-6.4973516307763415
11516,-6.4973516307763415
11517,-6.4973516307763415
11518,-6.4973516307763415
11519,-6.4973516307763415
11520,-6.4973516307763415
11521,-6.4973516307763415
11522,-6.4973516307763415
11523,-6.4973516307763415
11524,-6.4973516307763415
11525,-6.4973516307763415
11526,-6.4973516307763415
11527,-6.4973516307763415
11528,-6.4973516307763415
11529,-6.4973516307763415
11530,-6.4973516307763415
11531,-6.4973516307763415
11532,-6.4973516307763415
11533,-6.4973516307763415
11534,-6.4973516307763415
11535,-6.4973516307763415
11536,-6.4973516307763415
11537,-6.4973516307763415
11538,-6.4973516307763415
11539,-6.4973516307763415
11540,-6.4973516307763415
11541,-6.4973516307763415
11542,-6.4973516307763415
11543,-6.4973516307763415
11544,-6.4973516307763415
11545,-6.4973516307763415
11546,-6.4973516307763415
11547,-6.4973516307763415
11548,-6.4973516307763415
11549,-6.4973516307763415
11550,-6.4973516307763415
11551,-6.4973516307763415
11552,-6.4973516307763415
11553,-6.4973516307763415
11554,-6.4973516307763415
11555,-6.4973516307763415
11556,-6.4973516307763415
11557,-6.4973516307763415
11558,-6.4973516307763415
11559,-6.4973516307763415
11560,-6.4973516307763415
11561,-6.4973516307763415
11562,-6.4973516307763415
11563,-6.4973516307763415
11564,-6.4973516307763415
11565,-6.4973516307763415
11566,-6.4973516307763415
11567,-6.4973516307763415
11568,-6.4973516307763415
11569,-6.4973516307763415
11570,-6.4973516307763415
11571,-6.4973516307763415
11572,-6.4973516307763415
11573,-6.4973516307763415
11574,-6.4973516307763415
11575,-6.4973516307763415
11576,-6.4973516307763415
11577,-6.4973516307763415
11578,-6.4973516307763415
11579,-6.4973516307763415
11580,-6.4973516307763415
11581,-6.4973516307763415
11582,-6.4973516307763415
11583,-6.4973516307763415
11584,-6.4973516307763415
11585,-6.4973516307763415
11586,-6.4973516307763415
11587,-6.4973516307763415
11588,-6.4973516307763415
11589,-6.4973516307763415
11590,-6.4973516307763415
11591,-6.4973516307763415
11592,-6.4973516307763415
11593,-6.4973516307763415
11594,-6.4973516307763415
11595,-6.4973516307763415
11596,-6.4973516307763415
11597,-6.4973516307763415
11598,-6.4973516307763415
11599,-6.4973516307763415
11600,-6.4973516307763415
11601,-6.4973516307763415
11602,-6.4973516307763415
11603,-6.4973516307763415
11604,-6.4973516307763415
11605,-6.4973516307763415
11606,-6.4973516307763415
11607,-6.4973516307763415
11608,-6.4973516307763415
11609,-6.4973516307763415
11610,-6.4973516307763415
11611,-6.4973516307763415
11612,-6.4973516307763415
11613,-6.4973516307763415
11614,-6.4973516307763415
11615,-6.4973516307763415
11616,-6.4973516307763415
11617,-6.4973516307763415
11618,-6.4973516307763415
11619,-7.676947699353596
11620,-7.676947699353596
11621,-7.676947699353596
11622,-7.676947699353596
11623,-7.676947699353596
11624,-7.676947699353596
11625,-7.676947699353596
11626,-7.676947699353596
11627,-7.676947699353596
11628,-7.676947699353596
11629,-7.676947699353596
11630,-7.676947699353596
11631,-7.676947699353596
11632,-7.676947699353596
11633,-7.676947699353596
11634,-7.676947699353596
11635,-7.676947699353596
11636,-7.676947699353596
11637,-7.676947699353596
11638,-7.676947699353596
11639,-7.676947699353596
11640,-7.676947699353596
11641,-7.676947699353596
11642,-7.676947699353596
11643,-7.676947699353596
11644,-7.676947699353596
11645,-7.676947699353596
11646,-7.676947699353596
11647,-7.676947699353596
11648,-7.676947699353596
11649,-7.676947699353596
11650,-7.676947699353596
11651,-7.676947699353596
11652,-7.676947699353596
11653,-7.676947699353596
11654,-7.676947699353596
11655,-7.676947699353596
11656,-7.676947699353596
11657,-7.676947699353596
11658,-7.676947699353596
11659,-7.676947699353596
11660,-7.676947699353596
11661,-7.676947699353596
11662,-7.676947699353596
11663,-7.676947699353596
11664,-7.676947699353596
11665,-7.676947699353596
11666,-7.676947699353596
11667,-7.676947699353596
11668,-7.676947699353596
11669,-7.676947699353596
11670,-7.676947699353596
11671,-7.676947699353596
11672,-7.676947699353596
11673,-7.676947699353596
11674,-7.676947699353596
11675,-7.676947699353596
11676,-7.676947699353596
11677,-7.676947699353596
11678,-7.676947699353596
11679,-7.676947699353596
11680,-7.676947699353596
11681,-7.676947699353596
11682,-7.676947699353596
11683,-7.676947699353596
11684,-7.676947699353596
11685,-7.676947699353596
11686,-7.676947699353596
11687,-7.676947699353596
11688,-7.676947699353596
11689,-7.676947699353596
11690,-7.676947699353596
11691,-7.676947699353596
11692,-7.676947699353596
11693,-7.676947699353596
11694,-7.676947699353596
11695,-7.676947699353596
11696,-7.676947699353596
11697,-7.676947699353596
11698,-7.676947699353596
11699,-7.676947699353596
11700,-7.676947699353596
11701,-7.676947699353596
11702,-7.676947699353596
11703,-7.676947699353596
11704,-7.676947699353596
11705,-7.676947699353596
11706,-7.676947699353596
11707,-7.676947699353596
11708,-7.676947699353596
11709,-7.676947699353596
11710,-7.676947699353596
11711,-7.676947699353596
11712,-7.676947699353596
11713,-7.676947699353596
11714,-7.676947699353596
11715,-7.676947699353596
11716,-7.676947699353596
11717,-7.676947699353596
11718,-7.676947699353596
11719,-7.676947699353596
11720,-7.676947699353596
11721,-7.676947699353596
11722,-7.676947699353596
11723,-7.676947699353596
11724,-7.676947699353596
11725,-7.676947699353596
11726,-7.676947699353596
11727,-7.676947699353596
11728,-7.676947699353596
11729,-7.676947699353596
11730,-7.676947699353596
11731,-7.676947699353596
11732,-7.676947699353596
11733,-7.676947699353596
11734,-7.676947699353596
11735,-7.676947699353596
11736,-7.676947699353596
11737,-7.676947699353596
11738,-7.676947699353596
11739,-7.676947699353596
11740,-7.676947699353596
11741,-7.676947699353596
11742,-7.676947699353596
11743,-7.676947699353596
11744,-7.676947699353596
11745,-7.676947699353596
11746,-7.676947699353596
11747,-7.676947699353596
11748,-7.676947699353596
11749,-7.676947699353596
11750,-7.676947699353596
11751,-7.676947699353596
11752,-7.676947699353596
11753,-7.676947699353596
11754,-7.676947699353596
11755,-7.676947699353596
11756,-7.676947699353596
11757,-7.676947699353596
11758,-7.676947699353596
11759,-7.676947699353596
11760,-7.676947699353596
11761,-7.676947699353596
11762,-7.676947699353596
11763,-7.676947699353596
11764,-7.676947699353596
11765,-7.676947699353596
11766,-7.676947699353596
11767,-7.676947699353596
11768,-7.676947699353596
11769,-7.676947699353596
11770,-7.676947699353596
11771,-7.676947699353596
11772,-7.676947699353596
11773,-7.676947699353596
11774,-7.676947699353596
11775,-7.676947699353596
11776,-7.676947699353596
11777,-7.676947699353596
11778,-7.676947699353596
11779,-7.676947699353596
11780,-7.676947699353596
11781,-7.676947699353596
11782,-7.676947699353596
11783,-7.676947699353596
11784,-7.676947699353596
11785,-7.676947699353596
11786,-7.676947699353596
11787,-7.676947699353596
11788,-7.676947699353596
11789,-7.676947699353596
11790,-7.676947699353596
11791,-7.676947699353596
11792,-7.676947699353596
11793,-7.676947699353596
11794,-7.676947699353596
11795,-7.676947699353596
11796,-7.676947699353596
11797,-7.676947699353596
11798,-7.676947699353596
11799,-7.676947699353596
11800,-7.676947699353596
11801,-7.676947699353596
11802,-7.676947699353596
11803,-7.676947699353596
11804,-7.676947699353596
11805,-7.676947699353596
11806,-7.676947699353596
11807,-7.676947699353596
11808,-7.676947699353596
11809,-7.676947699353596
11810,-7.676947699353596
11811,-7.676947699353596
11812,-7.676947699353596
11813,-7.676947699353596
11814,-7.676947699353596
11815,-7.676947699353596
11816,-7.676947699353596
11817,-7.676947699353596
11818,-7.676947699353596
11819,-7.676947699353596
11820,-7.676947699353596
11821,-7.676947699353596
11822,-7.676947699353596
11823,-7.676947699353596
11824,-7.676947699353596
11825,-7.676947699353596
11826,-7.676947699353596
11827,-7.676947699353596
11828,-7.676947699353596
11829,-7.676947699353596
11830,-7.676947699353596
11831,-7.676947699353596
11832,-7.676947699353596
11833,-7.676947699353596
11834,-7.676947699353596
11835,-7.676947699353596
11836,-7.676947699353596
11837,-7.676947699353596
11838,-7.676947699353596
11839,-7.676947699353596
11840,-7.676947699353596
11841,-7.676947699353596
11842,-7.676947699353596
11843,-7.676947699353596
11844,-7.676947699353596
11845,-7.676947699353596
11846,-7.676947699353596
11847,-7.676947699353596
11848,-7.676947699353596
11849,-7.676947699353596
11850,-7.676947699353596
11851,-7.676947699353596
11852,-7.676947699353596
11853,-7.676947699353596
11854,-7.676947699353596
11855,-7.676947699353596
11856,-7.676947699353596
11857,-7.676947699353596
11858,-7.676947699353596
11859,-7.676947699353596
11860,-7.676947699353596
11861,-7.676947699353596
11862,-7.676947699353596
11863,-7.676947699353596
11864,-7.676947699353596
11865,-7.676947699353596
11866,-7.676947699353596
11867,-7.676947699353596
11868,-7.676947699353596
11869,-7.676947699353596
11870,-7.676947699353596
11871,-7.676947699353596
11872,-7.676947699353596
11873,-7.676947699353596
11874,-7.676947699353596
11875,-7.676947699353596
11876,-7.676947699353596
11877,-7.676947699353596
11878,-7.676947699353596
11879,-7.676947699353596
11880,-7.676947699353596
11881,-7.676947699353596
11882,-7.676947699353596
11883,-7.676947699353596
11884,-7.676947699353596
11885,-7.676947699353596
11886,-7.676947699353596
11887,-7.676947699353596
11888,-7.676947699353596
11889,-7.676947699353596
11890,-7.676947699353596
11891,-7.676947699353596
11892,-7.676947699353596
11893,-7.676947699353596
11894,-7.676947699353596
11895,-7.676947699353596
11896,-7.676947699353596
11897,-7.676947699353596
11898,-7.676947699353596
11899,-7.676947699353596
11900,-7.676947699353596
11901,-7.676947699353596
11902,-7.676947699353596
11903,-7.676947699353596
11904,-7.676947699353596
11905,-7.676947699353596
11906,-7.676947699353596
11907,-7.676947699353596
11908,-7.676947699353596
11909,-7.676947699353596
11910,-7.676947699353596
11911,-7.676947699353596
11912,-7.676947699353596
11913,-7.676947699353596
11914,-7.676947699353596
11915,-7.676947699353596
11916,-7.676947699353596
11917,-7.676947699353596
11918,-7.676947699353596
11919,-7.676947699353596
11920,-7.676947699353596
11921,-7.676947699353596
11922,-7.676947699353596
11923,-7.676947699353596
11924,-7.676947699353596
11925,-7.676947699353596
11926,-7.676947699353596
11927,-7.676947699353596
11928,-7.676947699353596
11929,-7.676947699353596
11930,-7.676947699353596
11931,-7.676947699353596
11932,-7.676947699353596
11933,-7.676947699353596
11934,-7.676947699353596
11935,-7.676947699353596
11936,-7.676947699353596
11937,-7.676947699353596
11938,-7.676947699353596
11939,-7.676947699353596
11940,-7.676947699353596
11941,-7.676947699353596
11942,-7.676947699353596
11943,-7.676947699353596
11944,-7.676947699353596
11945,-7.676947699353596
11946,-7.676947699353596
11947,-7.676947699353596
11948,-7.676947699353596
11949,-7.676947699353596
11950,-7.676947699353596
11951,-7.676947699353596
11952,-7.676947699353596
11953,-7.676947699353596
11954,-7.676947699353596
11955,-7.676947699353596
11956,-7.676947699353596
11957,-7.676947699353596
11958,-7.676947699353596
11959,-7.676947699353596
11960,-7.676947699353596
11961,-7.676947699353596
11962,-7.676947699353596
11963,-7.676947699353596
11964,-7.676947699353596
11965,-7.676947699353596
11966,-7.676947699353596
11967,-7.676947699353596
11968,-7.676947699353596
11969,-7.676947699353596
11970,-7.676947699353596
11971,-7.676947699353596
11972,-7.676947699353596
11973,-7.676947699353596
11974,-7.676947699353596
11975,-7.676947699353596
11976,-7.676947699353596
11977,-7.676947699353596
11978,-7.676947699353596
11979,-7.676947699353596
11980,-7.676947699353596
11981,-7.676947699353596
11982,-7.676947699353596
11983,-7.676947699353596
11984,-7.676947699353596
11985,-7.676947699353596
11986,-7.676947699353596
11987,-7.676947699353596
11988,-7.676947699353596
11989,-7.676947699353596
11990,-7.676947699353596
11991,-7.676947699353596
11992,-7.676947699353596
11993,-7.676947699353596
11994,-7.676947699353596
11995,-7.676947699353596
11996,-7.676947699353596
11997,-7.676947699353596
11998,-7.676947699353596
11999,-7.676947699353596
12000,-7.676947699353596
12001,-7.676947699353596
12002,-7.676947699353596
12003,-7.676947699353596
12004,-7.676947699353596
12005,-7.676947699353596
12006,-7.676947699353596
12007,-7.676947699353596
12008,-7.676947699353596
12009,-7.676947699353596
12010,-7.676947699353596
12011,-7.676947699353596
12012,-7.676947699353596
12013,-7.676947699353596
12014,-7.676947699353596
12015,-7.676947699353596
12016,-7.676947699353596
12017,-7.676947699353596
12018,-7.676947699353596
12019,-7.676947699353596
12020,-7.676947699353596
12021,-7.676947699353596
12022,-7.676947699353596
12023,-7.676947699353596
12024,-7.676947699353596
12025,-7.676947699353596
12026,-7.676947699353596
12027,-7.676947699353596
12028,-7.676947699353596
12029,-7.676947699353596
12030,-7.676947699353596
12031,-7.676947699353596
12032,-7.676947699353596
12033,-7.676947699353596
12034,-7.676947699353596
12035,-7.676947699353596
12036,-7.676947699353596
12037,-7.676947699353596
12038,-7.676947699353596
12039,-7.676947699353596
12040,-7.676947699353596
12041,-7.676947699353596
12042,-7.676947699353596
12043,-7.676947699353596
12044,-7.676947699353596
12045,-7.676947699353596
12046,-7.676947699353596
12047,-7.676947699353596
12048,-7.676947699353596
12049,-7.676947699353596
12050,-7.676947699353596
12051,-7.676947699353596
12052,-7.676947699353596
12053,-7.676947699353596
12054,-7.676947699353596
12055,-7.676947699353596
12056,-7.676947699353596
12057,-7.676947699353596
12058,-7.676947699353596
12059,-7.676947699353596
12060,-7.676947699353596
12061,-7.676947699353596
12062,-7.676947699353596
12063,-7.676947699353596
12064,-7.676947699353596
12065,-7.676947699353596
12066,-7.676947699353596
12067,-7.676947699353596
12068,-7.676947699353596
12069,-7.676947699353596
12070,-7.676947699353596
12071,-7.676947699353596
12072,-7.676947699353596
12073,-7.676947699353596
12074,-7.676947699353596
12075,-7.676947699353596
12076,-7.676947699353596
12077,-7.676947699353596
12078,-7.676947699353596
12079,-7.676947699353596
12080,-7.676947699353596
12081,-7.676947699353596
12082,-7.676947699353596
12083,-7.676947699353596
12084,-7.676947699353596
12085,-7.676947699353596
12086,-7.676947699353596
12087,-7.676947699353596
12088,-7.676947699353596
12089,-7.676947699353596
12090,-7.676947699353596
12091,-7.676947699353596
12092,-7.676947699353596
12093,-7.676947699353596
12094,-7.676947699353596
12095,-7.676947699353596
12096,-7.676947699353596
12097,-7.676947699353596
12098,-7.676947699353596
12099,-7.676947699353596
12100,-7.676947699353596
12101,-7.676947699353596
12102,-7.676947699353596
12103,-7.676947699353596
12104,-7.676947699353596
12105,-7.676947699353596
12106,-7.676947699353596
12107,-7.676947699353596
12108,-7.676947699353596
12109,-7.676947699353596
12110,-7.676947699353596
12111,-7.676947699353596
12112,-7.676947699353596
12113,-7.676947699353596
12114,-7.676947699353596
12115,-7.676947699353596
12116,-7.676947699353596
12117,-7.676947699353596
12118,-7.676947699353596
12119,-7.676947699353596
12120,-7.676947699353596
12121,-7.676947699353596
12122,-7.676947699353596
12123,-7.676947699353596
12124,-7.676947699353596
12125,-7.676947699353596
12126,-7.676947699353596
12127,-7.676947699353596
12128,-7.676947699353596
12129,-7.676947699353596
12130,-7.676947699353596
12131,-7.676947699353596
12132,-7.676947699353596
12133,-7.676947699353596
12134,-7.676947699353596
12135,-7.676947699353596
12136,-7.676947699353596
12137,-7.676947699353596
12138,-7.676947699353596
12139,-7.676947699353596
12140,-7.676947699353596
12141,-7.676947699353596
12142,-7.676947699353596
12143,-7.676947699353596
12144,-7.676947699353596
12145,-7.676947699353596
12146,-7.676947699353596
12147,-7.676947699353596
12148,-7.676947699353596
12149,-7.676947699353596
12150,-7.676947699353596
12151,-7.676947699353596
12152,-7.676947699353596
12153,-7.676947699353596
12154,-7.676947699353596
12155,-7.676947699353596
12156,-7.676947699353596
12157,-7.676947699353596
12158,-7.676947699353596
12159,-7.676947699353596
12160,-7.676947699353596
12161,-7.676947699353596
12162,-7.676947699353596
12163,-7.676947699353596
12164,-7.676947699353596
12165,-7.676947699353596
12166,-7.676947699353596
12167,-7.676947699353596
12168,-7.676947699353596
12169,-7.676947699353596
12170,-7.676947699353596
12171,-7.676947699353596
12172,-7.676947699353596
12173,-7.676947699353596
12174,-7.676947699353596
12175,-7.676947699353596
12176,-7.676947699353596
12177,-7.676947699353596
12178,-7.676947699353596
12179,-7.676947699353596
12180,-7.676947699353596
12181,-7.676947699353596
12182,-7.676947699353596
12183,-7.676947699353596
12184,-7.676947699353596
12185,-7.676947699353596
12186,-7.676947699353596
12187,-7.676947699353596
12188,-7.676947699353596
12189,-7.676947699353596
12190,-7.676947699353596
12191,-7.676947699353596
12192,-7.676947699353596
12193,-7.676947699353596
12194,-7.676947699353596
12195,-7.676947699353596
12196,-7.676947699353596
12197,-7.676947699353596
12198,-7.676947699353596
12199,-7.676947699353596
12200,-7.676947699353596
12201,-7.676947699353596
12202,-7.676947699353596
12203,-7.676947699353596
12204,-7.676947699353596
12205,-7.676947699353596
12206,-7.676947699353596
12207,-7.676947699353596
12208,-7.676947699353596
12209,-7.676947699353596
12210,-7.676947699353596
12211,-7.676947699353596
12212,-7.676947699353596
12213,-7.676947699353596
12214,-7.676947699353596
12215,-7.676947699353596
12216,-7.676947699353596
12217,-7.676947699353596
12218,-7.676947699353596
12219,-7.676947699353596
12220,-7.676947699353596
12221,-7.676947699353596
12222,-7.676947699353596
12223,-7.676947699353596
12224,-7.676947699353596
12225,-7.676947699353596
12226,-7.676947699353596
12227,-7.676947699353596
12228,-7.676947699353596
12229,-7.676947699353596
12230,-7.676947699353596
12231,-7.676947699353596
12232,-7.676947699353596
12233,-7.676947699353596
12234,-7.676947699353596
12235,-7.676947699353596
12236,-7.676947699353596
12237,-7.676947699353596
12238,-7.676947699353596
12239,-7.676947699353596
12240,-7.676947699353596
12241,-7.676947699353596
12242,-7.676947699353596
12243,-7.676947699353596
12244,-7.676947699353596
12245,-7.676947699353596
12246,-7.676947699353596
12247,-7.676947699353596
12248,-7.676947699353596
12249,-7.676947699353596
12250,-7.676947699353596
12251,-7.676947699353596
12252,-7.676947699353596
12253,-7.676947699353596
12254,-7.676947699353596
12255,-7.676947699353596
12256,-7.676947699353596
12257,-7.676947699353596
12258,-7.676947699353596
12259,-7.676947699353596
12260,-7.676947699353596
12261,-7.676947699353596
12262,-7.676947699353596
12263,-7.676947699353596
12264,-7.676947699353596
12265,-7.676947699353596
12266,-7.676947699353596
12267,-7.676947699353596
12268,-7.676947699353596
12269,-7.676947699353596
12270,-7.676947699353596
12271,-7.676947699353596
12272,-7.676947699353596
12273,-7.676947699353596
12274,-7.676947699353596
12275,-7.676947699353596
12276,-7.676947699353596
12277,-7.676947699353596
12278,-7.676947699353596
12279,-7.676947699353596
12280,-7.676947699353596
12281,-7.676947699353596
12282,-7.676947699353596
12283,-7.676947699353596
12284,-7.676947699353596
12285,-7.676947699353596
12286,-7.676947699353596
12287,-7.676947699353596
12288,-7.676947699353596
12289,-7.676947699353596
12290,-7.676947699353596
12291,-7.676947699353596
12292,-7.676947699353596
12293,-7.676947699353596
12294,-7.676947699353596
12295,-7.676947699353596
12296,-7.676947699353596
12297,-7.676947699353596
12298,-7.676947699353596
12299,-7.676947699353596
12300,-7.676947699353596
12301,-7.676947699353596
12302,-7.676947699353596
12303,-7.676947699353596
12304,-7.676947699353596
12305,-7.676947699353596
12306,-7.676947699353596
12307,-7.676947699353596
12308,-7.676947699353596
12309,-7.676947699353596
12310,-7.676947699353596
12311,-7.676947699353596
12312,-7.676947699353596
12313,-7.676947699353596
12314,-7.676947699353596
12315,-7.676947699353596
12316,-7.676947699353596
12317,-7.676947699353596
12318,-7.676947699353596
12319,-7.676947699353596
12320,-7.676947699353596
12321,-7.676947699353596
12322,-7.676947699353596
12323,-7.676947699353596
12324,-7.676947699353596
12325,-7.676947699353596
12326,-7.676947699353596
12327,-7.676947699353596
12328,-7.676947699353596
12329,-7.676947699353596
12330,-7.676947699353596
12331,-7.676947699353596
12332,-7.676947699353596
12333,-7.676947699353596
12334,-7.676947699353596
12335,-7.676947699353596
12336,-7.676947699353596
12337,-7.676947699353596
12338,-7.676947699353596
12339,-7.676947699353596
12340,-7.676947699353596
12341,-7.676947699353596
12342,-7.676947699353596
12343,-7.676947699353596
12344,-7.676947699353596
12345,-7.676947699353596
12346,-7.676947699353596
12347,-7.676947699353596
12348,-7.676947699353596
12349,-7.676947699353596
12350,-7.676947699353596
12351,-7.676947699353596
12352,-7.676947699353596
12353,-7.676947699353596
12354,-7.676947699353596
12355,-7.676947699353596
12356,-7.676947699353596
12357,-7.676947699353596
12358,-7.676947699353596
12359,-7.676947699353596
12360,-7.676947699353596
12361,-7.676947699353596
12362,-7.676947699353596
12363,-7.676947699353596
12364,-7.676947699353596
12365,-7.676947699353596
12366,-7.676947699353596
12367,-7.676947699353596
12368,-7.676947699353596
12369,-7.676947699353596
12370,-7.676947699353596
12371,-7.676947699353596
12372,-7.676947699353596
12373,-7.676947699353596
12374,-7.676947699353596
12375,-7.676947699353596
12376,-7.676947699353596
12377,-7.676947699353596
12378,-7.676947699353596
12379,-7.676947699353596
12380,-7.676947699353596
12381,-7.676947699353596
12382,-7.676947699353596
12383,-7.676947699353596
12384,-7.676947699353596
12385,-7.676947699353596
12386,-7.676947699353596
12387,-7.676947699353596
12388,-7.676947699353596
12389,-7.676947699353596
12390,-7.676947699353596
12391,-7.676947699353596
12392,-7.676947699353596
12393,-7.676947699353596
12394,1.4452618976438345
12395,1.4452618976438345
12396,1.4452618976438345
12397,1.4452618976438345
12398,1.4452618976438345
12399,1.4452618976438345
12400,1.4452618976438345
12401,1.4452618976438345
12402,1.4452618976438345
12403,1.4452618976438345
12404,1.4452618976438345
12405,1.4452618976438345
12406,1.4452618976438345
12407,1.4452618976438345
12408,1.4452618976438345
12409,1.4452618976438345
12410,1.4452618976438345
12411,1.4452618976438345
12412,1.4452618976438345
12413,1.4452618976438345
12414,1.4452618976438345
12415,1.4452618976438345
12416,1.4452618976438345
12417,1.4452618976438345
12418,1.4452618976438345
12419,1.4452618976438345
12420,1.4452618976438345
12421,1.4452618976438345
12422,1.4452618976438345
12423,1.4452618976438345
12424,1.4452618976438345
12425,1.4452618976438345
12426,1.4452618976438345
12427,1.4452618976438345
12428,1.4452618976438345
12429,1.4452618976438345
12430,1.4452618976438345
12431,1.4452618976438345
12432,1.4452618976438345
12433,1.4452618976438345
12434,1.4452618976438345
12435,1.4452618976438345
12436,1.4452618976438345
12437,1.4452618976438345
12438,1.4452618976438345
12439,1.4452618976438345
12440,1.4452618976438345
12441,1.4452618976438345
12442,1.4452618976438345
12443,1.4452618976438345
12444,1.4452618976438345
12445,1.4452618976438345
12446,1.4452618976438345
12447,1.4452618976438345
12448,1.4452618976438345
12449,1.4452618976438345
12450,1.4452618976438345
12451,1.4452618976438345
12452,1.4452618976438345
12453,1.4452618976438345
12454,1.4452618976438345
12455,1.4452618976438345
12456,1.4452618976438345
12457,1.4452618976438345
12458,1.4452618976438345
12459,1.4452618976438345
12460,1.4452618976438345
12461,1.4452618976438345
12462,1.4452618976438345
12463,1.4452618976438345
12464,1.4452618976438345
12465,1.4452618976438345
12466,1.4452618976438345
12467,1.4452618976438345
12468,1.4452618976438345
12469,1.4452618976438345
12470,1.4452618976438345
12471,1.4452618976438345
12472,1.4452618976438345
12473,1.4452618976438345
12474,1.4452618976438345
12475,1.4452618976438345
12476,1.4452618976438345
12477,1.4452618976438345
12478,1.4452618976438345
12479,1.4452618976438345
12480,1.4452618976438345
12481,1.4452618976438345
12482,1.4452618976438345
12483,1.4452618976438345
12484,1.4452618976438345
12485,1.4452618976438345
12486,1.4452618976438345
12487,1.4452618976438345
12488,1.4452618976438345
12489,1.4452618976438345
12490,1.4452618976438345
12491,1.4452618976438345
12492,1.4452618976438345
12493,1.4452618976438345
12494,1.4452618976438345
12495,1.4452618976438345
12496,1.4452618976438345
12497,1.4452618976438345
12498,1.4452618976438345
12499,1.4452618976438345
12500,1.4452618976438345
12501,1.4452618976438345
12502,1.4452618976438345
12503,1.4452618976438345
12504,1.4452618976438345
12505,1.4452618976438345
12506,1.4452618976438345
12507,1.4452618976438345
12508,1.4452618976438345
12509,1.4452618976438345
12510,1.4452618976438345
12511,1.4452618976438345
12512,1.4452618976438345
12513,1.4452618976438345
12514,1.4452618976438345
12515,1.4452618976438345
12516,1.4452618976438345
12517,1.4452618976438345
12518,1.4452618976438345
12519,1.4452618976438345
12520,1.4452618976438345
12521,1.4452618976438345
12522,1.4452618976438345
12523,1.4452618976438345
12524,1.4452618976438345
12525,1.4452618976438345
12526,1.4452618976438345
12527,1.4452618976438345
12528,1.4452618976438345
12529,1.4452618976438345
12530,1.4452618976438345
12531,1.4452618976438345
12532,1.4452618976438345
12533,1.4452618976438345
12534,1.4452618976438345
12535,1.4452618976438345
12536,1.4452618976438345
12537,1.4452618976438345
12538,1.4452618976438345
12539,1.4452618976438345
12540,1.4452618976438345
12541,1.4452618976438345
12542,1.4452618976438345
12543,1.4452618976438345
12544,1.4452618976438345
12545,1.4452618976438345
12546,1.4452618976438345
12547,1.4452618976438345
12548,1.4452618976438345
12549,1.4452618976438345
12550,1.4452618976438345
12551,1.4452618976438345
12552,1.4452618976438345
12553,1.4452618976438345
12554,1.4452618976438345
12555,1.4452618976438345
12556,1.4452618976438345
12557,1.4452618976438345
12558,1.4452618976438345
12559,1.4452618976438345
12560,1.4452618976438345
12561,1.4452618976438345
12562,1.4452618976438345
12563,1.4452618976438345
12564,1.4452618976438345
12565,1.4452618976438345
12566,1.4452618976438345
12567,1.4452618976438345
12568,1.4452618976438345
12569,1.4452618976438345
12570,1.4452618976438345
12571,1.4452618976438345
12572,1.4452618976438345
12573,1.4452618976438345
12574,1.4452618976438345
12575,1.4452618976438345
12576,1.4452618976438345
12577,1.4452618976438345
12578,1.4452618976438345
12579,1.4452618976438345
12580,1.4452618976438345
12581,1.4452618976438345
12582,1.4452618976438345
12583,1.4452618976438345
12584,1.4452618976438345
12585,1.4452618976438345
12586,1.4452618976438345
12587,1.4452618976438345
12588,1.4452618976438345
12589,1.4452618976438345
12590,1.4452618976438345
12591,1.4452618976438345
12592,1.4452618976438345
12593,1.4452618976438345
12594,1.4452618976438345
12595,1.4452618976438345
12596,1.4452618976438345
12597,1.4452618976438345
12598,1.4452618976438345
12599,1.4452618976438345
12600,1.4452618976438345
12601,1.4452618976438345
12602,1.4452618976438345
12603,1.4452618976438345
12604,1.4452618976438345
12605,1.4452618976438345
12606,1.4452618976438345
12607,1.4452618976438345
12608,1.4452618976438345
12609,1.4452618976438345
12610,1.4452618976438345
12611,1.4452618976438345
12612,1.4452618976438345
12613,1.4452618976438345
12614,1.4452618976438345
12615,1.4452618976438345
12616,1.4452618976438345
12617,1.4452618976438345
12618,1.4452618976438345
12619,1.4452618976438345
12620,1.4452618976438345
12621,1.4452618976438345
12622,1.4452618976438345
12623,1.4452618976438345
12624,1.4452618976438345
12625,1.4452618976438345
12626,1.4452618976438345
12627,1.4452618976438345
12628,1.4452618976438345
12629,1.4452618976438345
12630,1.4452618976438345
12631,1.4452618976438345
12632,1.4452618976438345
12633,1.4452618976438345
12634,1.4452618976438345
12635,1.4452618976438345
12636,1.4452618976438345
12637,1.4452618976438345
12638,1.4452618976438345
12639,1.4452618976438345
12640,1.4452618976438345
12641,1.4452618976438345
12642,1.4452618976438345
12643,1.4452618976438345
12644,1.4452618976438345
12645,1.4452618976438345
12646,1.4452618976438345
12647,1.4452618976438345
12648,1.4452618976438345
12649,1.4452618976438345
12650,1.4452618976438345
12651,1.4452618976438345
12652,1.4452618976438345
12653,1.4452618976438345
12654,1.4452618976438345
12655,1.4452618976438345
12656,1.4452618976438345
12657,1.4452618976438345
12658,1.4452618976438345
12659,1.4452618976438345
12660,1.4452618976438345
12661,1.4452618976438345
12662,1.4452618976438345
12663,1.4452618976438345
12664,1.4452618976438345
12665,1.4452618976438345
12666,1.4452618976438345
12667,1.4452618976438345
12668,1.4452618976438345
12669,1.4452618976438345
12670,1.4452618976438345
12671,1.4452618976438345
12672,1.4452618976438345
12673,1.4452618976438345
12674,1.4452618976438345
12675,1.4452618976438345
12676,1.4452618976438345
12677,1.4452618976438345
12678,1.4452618976438345
12679,1.4452618976438345
12680,1.4452618976438345
12681,1.4452618976438345
12682,1.4452618976438345
12683,1.4452618976438345
12684,1.4452618976438345
12685,1.4452618976438345
12686,1.4452618976438345
12687,1.4452618976438345
12688,1.4452618976438345
12689,1.4452618976438345
12690,1.4452618976438345
12691,1.4452618976438345
12692,1.4452618976438345
12693,1.4452618976438345
12694,1.4452618976438345
12695,1.4452618976438345
12696,1.4452618976438345
12697,1.4452618976438345
12698,1.4452618976438345
12699,1.4452618976438345
12700,1.4452618976438345
12701,1.4452618976438345
12702,1.4452618976438345
12703,1.4452618976438345
12704,1.4452618976438345
12705,1.4452618976438345
12706,1.4452618976438345
12707,1.4452618976438345
12708,1.4452618976438345
12709,1.4452618976438345
12710,1.4452618976438345
12711,1.4452618976438345
12712,1.4452618976438345
12713,1.4452618976438345
12714,1.4452618976438345
12715,1.4452618976438345
12716,1.4452618976438345
12717,1.4452618976438345
12718,1.4452618976438345
12719,1.4452618976438345
12720,1.4452618976438345
12721,1.4452618976438345
12722,1.4452618976438345
12723,1.4452618976438345
12724,1.4452618976438345
12725,1.4452618976438345
12726,1.4452618976438345
12727,1.4452618976438345
12728,1.4452618976438345
12729,1.4452618976438345
12730,1.4452618976438345
12731,1.4452618976438345
12732,1.4452618976438345
12733,1.4452618976438345
12734,1.4452618976438345
12735,1.4452618976438345
12736,1.4452618976438345
12737,1.4452618976438345
12738,1.4452618976438345
12739,1.4452618976438345
12740,1.4452618976438345
12741,1.4452618976438345
12742,1.4452618976438345
12743,1.4452618976438345
12744,1.4452618976438345
12745,1.4452618976438345
12746,1.4452618976438345
12747,1.4452618976438345
12748,1.4452618976438345
12749,1.4452618976438345
12750,1.4452618976438345
12751,1.4452618976438345
12752,1.4452618976438345
12753,1.4452618976438345
12754,1.4452618976438345
12755,1.4452618976438345
12756,1.4452618976438345
12757,1.4452618976438345
12758,1.4452618976438345
12759,1.4452618976438345
12760,1.4452618976438345
12761,1.4452618976438345
12762,1.4452618976438345
12763,1.4452618976438345
12764,1.4452618976438345
12765,1.4452618976438345
12766,1.4452618976438345
12767,1.4452618976438345
12768,1.4452618976438345
12769,1.4452618976438345
12770,1.4452618976438345
12771,1.4452618976438345
12772,1.4452618976438345
12773,1.4452618976438345
12774,1.4452618976438345
12775,1.4452618976438345
12776,1.4452618976438345
12777,1.4452618976438345
12778,1.4452618976438345
12779,1.4452618976438345
12780,1.4452618976438345
12781,1.4452618976438345
12782,1.4452618976438345
12783,1.4452618976438345
12784,1.4452618976438345
12785,1.4452618976438345
12786,1.4452618976438345
12787,1.4452618976438345
12788,1.4452618976438345
12789,1.4452618976438345
12790,1.4452618976438345
12791,1.4452618976438345
12792,1.4452618976438345
12793,1.4452618976438345
12794,1.4452618976438345
12795,1.4452618976438345
12796,1.4452618976438345
12797,1.4452618976438345
12798,1.4452618976438345
12799,1.4452618976438345
12800,1.4452618976438345
12801,1.4452618976438345
12802,1.4452618976438345
12803,1.4452618976438345
12804,1.4452618976438345
12805,1.4452618976438345
12806,1.4452618976438345
12807,1.4452618976438345
12808,1.4452618976438345
12809,1.4452618976438345
12810,1.4452618976438345
12811,1.4452618976438345
12812,1.4452618976438345
12813,1.4452618976438345
12814,1.4452618976438345
12815,1.4452618976438345
12816,1.4452618976438345
12817,1.4452618976438345
12818,1.4452618976438345
12819,1.4452618976438345
12820,1.4452618976438345
12821,1.4452618976438345
12822,1.4452618976438345
12823,1.4452618976438345
12824,1.4452618976438345
12825,1.4452618976438345
12826,1.4452618976438345
12827,1.4452618976438345
12828,1.4452618976438345
12829,1.4452618976438345
12830,1.4452618976438345
12831,1.4452618976438345
12832,1.4452618976438345
12833,1.4452618976438345
12834,1.4452618976438345
12835,1.4452618976438345
12836,1.4452618976438345
12837,1.4452618976438345
12838,1.4452618976438345
12839,1.4452618976438345
12840,1.4452618976438345
12841,1.4452618976438345
12842,1.4452618976438345
12843,1.4452618976438345
12844,1.4452618976438345
12845,1.4452618976438345
12846,1.4452618976438345
12847,1.4452618976438345
12848,1.4452618976438345
12849,1.4452618976438345
12850,1.4452618976438345
12851,1.4452618976438345
12852,1.4452618976438345
12853,1.4452618976438345
12854,1.4452618976438345
12855,1.4452618976438345
12856,1.4452618976438345
12857,1.4452618976438345
12858,1.4452618976438345
12859,1.4452618976438345
12860,1.4452618976438345
12861,1.4452618976438345
12862,1.4452618976438345
12863,1.4452618976438345
12864,1.4452618976438345
12865,1.4452618976438345
12866,1.4452618976438345
12867,1.4452618976438345
12868,1.4452618976438345
12869,1.4452618976438345
12870,1.4452618976438345
12871,1.4452618976438345
12872,1.4452618976438345
12873,1.4452618976438345
12874,1.4452618976438345
12875,1.4452618976438345
12876,1.4452618976438345
12877,1.4452618976438345
12878,1.4452618976438345
12879,1.4452618976438345
12880,1.4452618976438345
12881,1.4452618976438345
12882,1.4452618976438345
12883,1.4452618976438345
12884,1.4452618976438345
12885,1.4452618976438345
12886,1.4452618976438345
12887,1.4452618976438345
12888,1.4452618976438345
12889,1.4452618976438345
12890,1.4452618976438345
12891,1.4452618976438345
12892,1.4452618976438345
12893,1.4452618976438345
12894,1.4452618976438345
12895,1.4452618976438345
12896,1.4452618976438345
12897,1.4452618976438345
12898,1.4452618976438345
12899,1.4452618976438345
12900,1.4452618976438345
12901,1.4452618976438345
12902,1.4452618976438345
12903,1.4452618976438345
12904,1.4452618976438345
12905,1.4452618976438345
12906,1.4452618976438345
12907,1.4452618976438345
12908,1.4452618976438345
12909,1.4452618976438345
12910,1.4452618976438345
12911,1.4452618976438345
12912,1.4452618976438345
12913,1.4452618976438345
12914,1.4452618976438345
12915,1.4452618976438345
12916,1.4452618976438345
12917,1.4452618976438345
12918,1.4452618976438345
12919,1.4452618976438345
12920,1.4452618976438345
12921,1.4452618976438345
12922,1.4452618976438345
12923,1.4452618976438345
12924,1.4452618976438345
12925,1.4452618976438345
12926,1.4452618976438345
12927,1.4452618976438345
12928,1.4452618976438345
12929,1.4452618976438345
12930,1.4452618976438345
12931,1.4452618976438345
12932,1.4452618976438345
12933,1.4452618976438345
12934,1.4452618976438345
12935,1.4452618976438345
12936,1.4452618976438345
12937,1.4452618976438345
12938,1.4452618976438345
12939,1.4452618976438345
12940,1.4452618976438345
12941,1.4452618976438345
12942,1.4452618976438345
12943,1.4452618976438345
12944,1.4452618976438345
12945,1.4452618976438345
12946,1.4452618976438345
12947,1.1307029460232334
12948,1.1307029460232334
12949,1.1307029460232334
12950,1.1307029460232334
12951,1.1307029460232334
12952,1.1307029460232334
12953,1.1307029460232334
12954,1.1307029460232334
12955,1.1307029460232334
12956,1.1307029460232334
12957,1.1307029460232334
12958,1.1307029460232334
12959,1.1307029460232334
12960,1.1307029460232334
12961,1.1307029460232334
12962,1.1307029460232334
12963,1.1307029460232334
12964,1.1307029460232334
12965,1.1307029460232334
12966,1.1307029460232334
12967,1.1307029460232334
12968,1.1307029460232334
12969,1.1307029460232334
12970,1.1307029460232334
12971,1.1307029460232334
12972,1.1307029460232334
12973,1.1307029460232334
12974,1.1307029460232334
12975,1.1307029460232334
12976,1.1307029460232334
12977,1.1307029460232334
12978,1.1307029460232334
12979,1.1307029460232334
12980,1.1307029460232334
12981,1.1307029460232334
12982,1.1307029460232334
12983,1.1307029460232334
12984,1.1307029460232334
12985,1.1307029460232334
12986,1.1307029460232334
12987,1.1307029460232334
12988,1.1307029460232334
12989,1.1307029460232334
12990,1.1307029460232334
12991,1.1307029460232334
12992,1.1307029460232334
12993,1.1307029460232334
12994,1.1307029460232334
12995,1.1307029460232334
12996,1.1307029460232334
12997,1.1307029460232334
12998,1.1307029460232334
12999,1.1307029460232334
13000,1.1307029460232334
13001,1.1307029460232334
13002,1.1307029460232334
13003,1.1307029460232334
13004,1.1307029460232334
13005,1.1307029460232334
13006,1.1307029460232334
13007,1.1307029460232334
13008,1.1307029460232334
13009,1.1307029460232334
13010,1.1307029460232334
13011,1.1307029460232334
13012,1.1307029460232334
13013,1.1307029460232334
13014,1.1307029460232334
13015,1.1307029460232334
13016,1.1307029460232334
13017,1.1307029460232334
13018,1.1307029460232334
13019,1.1307029460232334
13020,1.1307029460232334
13021,1.1307029460232334
13022,1.1307029460232334
13023,1.1307029460232334
13024,1.1307029460232334
13025,1.1307029460232334
13026,1.1307029460232334
13027,1.1307029460232334
13028,1.1307029460232334
13029,1.1307029460232334
13030,1.1307029460232334
13031,1.1307029460232334
13032,1.1307029460232334
13033,1.1307029460232334
13034,1.1307029460232334
13035,1.1307029460232334
13036,1.1307029460232334
13037,1.1307029460232334
13038,1.1307029460232334
13039,1.1307029460232334
13040,1.1307029460232334
13041,1.1307029460232334
13042,1.1307029460232334
13043,1.1307029460232334
13044,1.1307029460232334
13045,1.1307029460232334
13046,1.1307029460232334
13047,1.1307029460232334
13048,1.1307029460232334
13049,1.1307029460232334
13050,1.1307029460232334
13051,1.1307029460232334
13052,1.1307029460232334
13053,1.1307029460232334
13054,1.1307029460232334
13055,1.1307029460232334
13056,1.1307029460232334
13057,1.1307029460232334
13058,1.1307029460232334
13059,1.1307029460232334
13060,1.1307029460232334
13061,1.1307029460232334
13062,1.1307029460232334
13063,1.1307029460232334
13064,1.1307029460232334
13065,1.1307029460232334
13066,1.1307029460232334
13067,1.1307029460232334
13068,1.1307029460232334
13069,1.1307029460232334
13070,1.1307029460232334
13071,1.1307029460232334
13072,1.1307029460232334
13073,1.1307029460232334
13074,1.1307029460232334
13075,1.1307029460232334
13076,1.1307029460232334
13077,1.1307029460232334
13078,1.1307029460232334
13079,1.1307029460232334
13080,1.1307029460232334
13081,1.1307029460232334
13082,1.1307029460232334
13083,1.1307029460232334
13084,1.1307029460232334
13085,1.1307029460232334
13086,1.1307029460232334
13087,1.1307029460232334
13088,1.1307029460232334
13089,1.1307029460232334
13090,1.1307029460232334
13091,1.1307029460232334
13092,1.1307029460232334
13093,1.1307029460232334
13094,1.1307029460232334
13095,1.1307029460232334
13096,1.1307029460232334
13097,1.1307029460232334
13098,1.1307029460232334
13099,1.1307029460232334
13100,1.1307029460232334
13101,1.1307029460232334
13102,1.1307029460232334
13103,1.1307029460232334
13104,1.1307029460232334
13105,1.1307029460232334
13106,1.1307029460232334
13107,1.1307029460232334
13108,1.1307029460232334
13109,1.1307029460232334
13110,1.1307029460232334
13111,1.1307029460232334
13112,1.1307029460232334
13113,1.1307029460232334
13114,1.1307029460232334
13115,1.1307029460232334
13116,1.1307029460232334
13117,1.1307029460232334
13118,1.1307029460232334
13119,1.1307029460232334
13120,1.1307029460232334
13121,1.1307029460232334
13122,1.1307029460232334
13123,1.1307029460232334
13124,1.1307029460232334
13125,1.1307029460232334
13126,1.1307029460232334
13127,1.1307029460232334
13128,1.1307029460232334
13129,1.1307029460232334
13130,1.1307029460232334
13131,1.1307029460232334
13132,1.1307029460232334
13133,1.1307029460232334
13134,1.1307029460232334
13135,1.1307029460232334
13136,1.1307029460232334
13137,1.1307029460232334
13138,1.1307029460232334
13139,1.1307029460232334
13140,1.1307029460232334
13141,1.1307029460232334
13142,1.1307029460232334
13143,1.1307029460232334
13144,1.1307029460232334
13145,1.1307029460232334
13146,1.1307029460232334
13147,1.1307029460232334
13148,1.1307029460232334
13149,1.1307029460232334
13150,1.1307029460232334
13151,1.1307029460232334
13152,1.1307029460232334
13153,1.1307029460232334
13154,1.1307029460232334
13155,1.1307029460232334
13156,1.1307029460232334
13157,1.1307029460232334
13158,1.1307029460232334
13159,1.1307029460232334
13160,1.1307029460232334
13161,1.1307029460232334
13162,1.1307029460232334
13163,1.1307029460232334
13164,1.1307029460232334
13165,1.1307029460232334
13166,1.1307029460232334
13167,1.1307029460232334
13168,1.1307029460232334
13169,1.1307029460232334
13170,1.1307029460232334
13171,1.1307029460232334
13172,1.1307029460232334
13173,1.1307029460232334
13174,1.1307029460232334
13175,1.1307029460232334
13176,1.1307029460232334
13177,1.1307029460232334
13178,1.1307029460232334
13179,1.1307029460232334
13180,1.1307029460232334
13181,1.1307029460232334
13182,1.1307029460232334
13183,1.1307029460232334
13184,1.1307029460232334
13185,1.1307029460232334
13186,1.1307029460232334
13187,1.1307029460232334
13188,1.1307029460232334
13189,1.1307029460232334
13190,1.1307029460232334
13191,1.1307029460232334
13192,1.1307029460232334
13193,1.1307029460232334
13194,1.1307029460232334
13195,1.1307029460232334
13196,1.1307029460232334
13197,1.1307029460232334
13198,1.1307029460232334
13199,1.1307029460232334
13200,1.1307029460232334
13201,1.1307029460232334
13202,1.1307029460232334
13203,1.1307029460232334
13204,1.1307029460232334
13205,1.1307029460232334
13206,1.1307029460232334
13207,1.1307029460232334
13208,1.1307029460232334
13209,1.1307029460232334
13210,1.1307029460232334
13211,1.1307029460232334
13212,1.1307029460232334
13213,1.1307029460232334
13214,1.1307029460232334
13215,1.1307029460232334
13216,1.1307029460232334
13217,1.1307029460232334
13218,1.1307029460232334
13219,1.1307029460232334
13220,1.1307029460232334
13221,1.1307029460232334
13222,1.1307029460232334
13223,1.1307029460232334
13224,1.1307029460232334
13225,1.1307029460232334
13226,1.1307029460232334
13227,1.1307029460232334
13228,1.1307029460232334
13229,1.1307029460232334
13230,1.1307029460232334
13231,1.1307029460232334
13232,1.1307029460232334
13233,1.1307029460232334
13234,1.1307029460232334
13235,1.1307029460232334
13236,1.1307029460232334
13237,1.1307029460232334
13238,1.1307029460232334
13239,1.1307029460232334
13240,1.1307029460232334
13241,1.1307029460232334
13242,1.1307029460232334
13243,1.1307029460232334
13244,1.1307029460232334
13245,1.1307029460232334
13246,1.1307029460232334
13247,1.1307029460232334
13248,1.1307029460232334
13249,1.1307029460232334
13250,1.1307029460232334
13251,1.1307029460232334
13252,1.1307029460232334
13253,1.1307029460232334
13254,1.1307029460232334
13255,1.1307029460232334
13256,1.1307029460232334
13257,1.1307029460232334
13258,1.1307029460232334
13259,1.1307029460232334
13260,1.1307029460232334
13261,1.1307029460232334
13262,1.1307029460232334
13263,1.1307029460232334
13264,1.1307029460232334
13265,1.1307029460232334
13266,1.1307029460232334
13267,1.1307029460232334
13268,1.1307029460232334
13269,1.1307029460232334
13270,1.1307029460232334
13271,1.1307029460232334
13272,1.1307029460232334
13273,1.1307029460232334
13274,1.1307029460232334
13275,1.1307029460232334
13276,1.1307029460232334
13277,1.1307029460232334
13278,1.1307029460232334
13279,1.1307029460232334
13280,1.1307029460232334
13281,1.1307029460232334
13282,1.1307029460232334
13283,1.1307029460232334
13284,1.1307029460232334
13285,1.1307029460232334
13286,1.1307029460232334
13287,1.1307029460232334
13288,1.1307029460232334
13289,1.1307029460232334
13290,1.1307029460232334
13291,1.1307029460232334
13292,1.1307029460232334
13293,1.1307029460232334
13294,1.1307029460232334
13295,1.1307029460232334
13296,1.1307029460232334
13297,1.1307029460232334
13298,1.1307029460232334
13299,1.1307029460232334
13300,1.1307029460232334
13301,1.1307029460232334
13302,1.1307029460232334
13303,1.1307029460232334
13304,1.1307029460232334
13305,1.1307029460232334
13306,1.1307029460232334
13307,1.1307029460232334
13308,1.1307029460232334
13309,1.1307029460232334
13310,1.1307029460232334
13311,1.1307029460232334
13312,1.1307029460232334
13313,1.1307029460232334
13314,1.1307029460232334
13315,1.1307029460232334
13316,1.1307029460232334
13317,1.1307029460232334
13318,1.1307029460232334
13319,1.1307029460232334
13320,1.1307029460232334
13321,1.1307029460232334
13322,1.1307029460232334
13323,1.1307029460232334
13324,1.1307029460232334
13325,1.1307029460232334
13326,1.1307029460232334
13327,1.1307029460232334
13328,1.1307029460232334
13329,1.1307029460232334
13330,1.1307029460232334
13331,1.1307029460232334
13332,1.1307029460232334
13333,1.1307029460232334
13334,1.1307029460232334
13335,1.1307029460232334
13336,1.1307029460232334
13337,1.1307029460232334
13338,1.1307029460232334
13339,1.1307029460232334
13340,1.1307029460232334
13341,1.1307029460232334
13342,1.1307029460232334
13343,1.1307029460232334
13344,1.1307029460232334
13345,1.1307029460232334
13346,1.1307029460232334
13347,1.1307029460232334
13348,1.1307029460232334
13349,1.1307029460232334
13350,1.1307029460232334
13351,1.1307029460232334
13352,1.1307029460232334
13353,1.1307029460232334
13354,1.1307029460232334
13355,1.1307029460232334
13356,1.1307029460232334
13357,1.1307029460232334
13358,1.1307029460232334
13359,1.1307029460232334
13360,1.1307029460232334
13361,1.1307029460232334
13362,1.1307029460232334
13363,1.1307029460232334
13364,1.1307029460232334
13365,1.1307029460232334
13366,1.1307029460232334
13367,1.1307029460232334
13368,1.1307029460232334
13369,1.1307029460232334
13370,1.1307029460232334
13371,1.1307029460232334
13372,1.1307029460232334
13373,1.1307029460232334
13374,1.1307029460232334
13375,1.1307029460232334
13376,1.1307029460232334
13377,1.1307029460232334
13378,1.1307029460232334
13379,1.1307029460232334
13380,1.1307029460232334
13381,1.1307029460232334
13382,1.1307029460232334
13383,1.1307029460232334
13384,1.1307029460232334
13385,1.1307029460232334
13386,1.1307029460232334
13387,1.1307029460232334
13388,1.1307029460232334
13389,1.1307029460232334
13390,1.1307029460232334
13391,1.1307029460232334
13392,1.1307029460232334
13393,1.1307029460232334
13394,1.1307029460232334
13395,1.1307029460232334
13396,1.1307029460232334
13397,1.1307029460232334
13398,1.1307029460232334
13399,1.1307029460232334
13400,1.1307029460232334
13401,1.1307029460232334
13402,1.1307029460232334
13403,1.1307029460232334
13404,1.1307029460232334
13405,1.1307029460232334
13406,1.1307029460232334
13407,1.1307029460232334
13408,1.1307029460232334
13409,1.1307029460232334
13410,1.1307029460232334
13411,1.1307029460232334
13412,1.1307029460232334
13413,1.1307029460232334
13414,1.1307029460232334
13415,1.1307029460232334
13416,1.1307029460232334
13417,1.1307029460232334
13418,1.1307029460232334
13419,1.1307029460232334
13420,1.1307029460232334
13421,1.1307029460232334
13422,1.1307029460232334
13423,1.1307029460232334
13424,1.1307029460232334
13425,1.1307029460232334
13426,1.1307029460232334
13427,1.1307029460232334
13428,1.1307029460232334
13429,1.1307029460232334
13430,1.1307029460232334
13431,1.1307029460232334
13432,1.1307029460232334
13433,1.1307029460232334
13434,1.1307029460232334
13435,1.1307029460232334
13436,1.1307029460232334
13437,1.1307029460232334
13438,1.1307029460232334
13439,1.1307029460232334
13440,1.1307029460232334
13441,1.1307029460232334
13442,1.1307029460232334
13443,1.1307029460232334
13444,1.1307029460232334
13445,1.1307029460232334
13446,1.1307029460232334
13447,1.1307029460232334
13448,1.1307029460232334
13449,1.1307029460232334
13450,1.1307029460232334
13451,1.1307029460232334
13452,1.1307029460232334
13453,1.1307029460232334
13454,1.1307029460232334
13455,1.1307029460232334
13456,1.1307029460232334
13457,1.1307029460232334
13458,1.1307029460232334
13459,1.1307029460232334
13460,1.1307029460232334
13461,1.1307029460232334
13462,1.1307029460232334
13463,1.1307029460232334
13464,1.1307029460232334
13465,1.1307029460232334
13466,1.1307029460232334
13467,1.1307029460232334
13468,1.1307029460232334
13469,1.1307029460232334
13470,1.1307029460232334
13471,1.1307029460232334
13472,1.1307029460232334
13473,1.1307029460232334
13474,1.1307029460232334
13475,1.1307029460232334
13476,1.1307029460232334
13477,1.1307029460232334
13478,1.1307029460232334
13479,1.1307029460232334
13480,1.1307029460232334
13481,1.1307029460232334
13482,1.1307029460232334
13483,1.1307029460232334
13484,1.1307029460232334
13485,1.1307029460232334
13486,1.1307029460232334
13487,1.1307029460232334
13488,1.1307029460232334
13489,1.1307029460232334
13490,1.1307029460232334
13491,1.1307029460232334
13492,1.1307029460232334
13493,1.1307029460232334
13494,1.1307029460232334
13495,1.1307029460232334
13496,1.1307029460232334
13497,1.1307029460232334
13498,1.1307029460232334
13499,1.1307029460232334
13500,1.1307029460232334
13501,1.1307029460232334
13502,1.1307029460232334
13503,1.1307029460232334
13504,1.1307029460232334
13505,1.1307029460232334
13506,1.1307029460232334
13507,1.1307029460232334
13508,1.1307029460232334
13509,1.1307029460232334
13510,1.1307029460232334
13511,1.1307029460232334
13512,1.1307029460232334
13513,1.1307029460232334
13514,1.1307029460232334
13515,1.1307029460232334
13516,1.1307029460232334
13517,1.1307029460232334
13518,1.1307029460232334
13519,1.1307029460232334
13520,1.1307029460232334
13521,1.1307029460232334
13522,1.1307029460232334
13523,1.1307029460232334
13524,1.1307029460232334
13525,1.1307029460232334
13526,1.1307029460232334
13527,1.1307029460232334
13528,1.1307029460232334
13529,1.1307029460232334
13530,1.1307029460232334
13531,1.1307029460232334
13532,1.1307029460232334
13533,1.1307029460232334
13534,1.1307029460232334
13535,1.1307029460232334
13536,1.1307029460232334
13537,1.1307029460232334
13538,1.1307029460232334
13539,1.1307029460232334
13540,1.1307029460232334
13541,1.1307029460232334
13542,1.1307029460232334
13543,1.1307029460232334
13544,1.1307029460232334
13545,1.1307029460232334
13546,1.1307029460232334
13547,1.1307029460232334
13548,1.1307029460232334
13549,1.1307029460232334
13550,1.1307029460232334
13551,1.1307029460232334
13552,1.1307029460232334
13553,1.1307029460232334
13554,1.1307029460232334
13555,1.1307029460232334
13556,1.1307029460232334
13557,1.1307029460232334
13558,1.1307029460232334
13559,1.1307029460232334
13560,1.1307029460232334
13561,1.1307029460232334
13562,1.1307029460232334
13563,1.1307029460232334
13564,1.1307029460232334
13565,1.1307029460232334
13566,1.1307029460232334
13567,1.1307029460232334
13568,1.1307029460232334
13569,1.1307029460232334
13570,1.1307029460232334
13571,1.1307029460232334
13572,1.1307029460232334
13573,1.1307029460232334
13574,1.1307029460232334
13575,1.1307029460232334
13576,1.1307029460232334
13577,1.1307029460232334
13578,1.1307029460232334
13579,1.1307029460232334
13580,1.1307029460232334
13581,1.1307029460232334
13582,1.1307029460232334
13583,1.1307029460232334
13584,1.1307029460232334
13585,1.1307029460232334
13586,1.1307029460232334
13587,1.1307029460232334
13588,1.1307029460232334
13589,1.1307029460232334
13590,1.1307029460232334
13591,1.1307029460232334
13592,1.1307029460232334
13593,1.1307029460232334
13594,1.1307029460232334
13595,1.1307029460232334
13596,1.1307029460232334
13597,1.1307029460232334
13598,1.1307029460232334
13599,1.1307029460232334
13600,1.1307029460232334
13601,1.1307029460232334
13602,1.1307029460232334
13603,1.1307029460232334
13604,1.1307029460232334
13605,1.1307029460232334
13606,1.1307029460232334
13607,1.1307029460232334
13608,1.1307029460232334
13609,1.1307029460232334
13610,1.1307029460232334
13611,1.1307029460232334
13612,1.1307029460232334
13613,1.1307029460232334
13614,1.1307029460232334
13615,1.1307029460232334
13616,1.1307029460232334
13617,1.1307029460232334
13618,1.1307029460232334
13619,1.1307029460232334
13620,1.1307029460232334
13621,1.1307029460232334
13622,1.1307029460232334
13623,1.1307029460232334
13624,1.1307029460232334
13625,1.1307029460232334
13626,1.1307029460232334
13627,1.1307029460232334
13628,1.1307029460232334
13629,1.1307029460232334
13630,1.1307029460232334
13631,1.1307029460232334
13632,1.1307029460232334
13633,1.1307029460232334
13634,1.1307029460232334
13635,1.1307029460232334
13636,1.1307029460232334
13637,1.1307029460232334
13638,1.1307029460232334
13639,1.1307029460232334
13640,1.1307029460232334
13641,1.1307029460232334
13642,1.1307029460232334
13643,1.1307029460232334
13644,1.1307029460232334
13645,1.1307029460232334
13646,1.1307029460232334
13647,1.1307029460232334
13648,1.1307029460232334
13649,1.1307029460232334
13650,1.1307029460232334
13651,1.1307029460232334
13652,1.1307029460232334
13653,1.1307029460232334
13654,1.1307029460232334
13655,1.1307029460232334
13656,1.1307029460232334
13657,1.1307029460232334
13658,1.1307029460232334
13659,1.1307029460232334
13660,1.1307029460232334
13661,1.1307029460232334
13662,1.1307029460232334
13663,1.1307029460232334
13664,1.1307029460232334
13665,1.1307029460232334
13666,1.1307029460232334
13667,1.1307029460232334
13668,1.1307029460232334
13669,1.1307029460232334
13670,1.1307029460232334
13671,1.1307029460232334
13672,1.1307029460232334
13673,1.1307029460232334
13674,1.1307029460232334
13675,1.1307029460232334
13676,1.1307029460232334
13677,1.1307029460232334
13678,1.1307029460232334
13679,1.1307029460232334
13680,1.1307029460232334
13681,1.1307029460232334
13682,1.1307029460232334
13683,1.1307029460232334
13684,1.1307029460232334
13685,1.1307029460232334
13686,1.1307029460232334
13687,1.1307029460232334
13688,1.1307029460232334
13689,1.1307029460232334
13690,1.1307029460232334
13691,1.1307029460232334
13692,1.1307029460232334
13693,1.1307029460232334
13694,1.1307029460232334
13695,1.1307029460232334
13696,1.1307029460232334
13697,1.1307029460232334
13698,1.1307029460232334
13699,1.1307029460232334
13700,1.1307029460232334
13701,1.1307029460232334
13702,1.1307029460232334
13703,1.1307029460232334
13704,1.1307029460232334
13705,1.1307029460232334
13706,1.1307029460232334
13707,1.1307029460232334
13708,1.1307029460232334
13709,1.1307029460232334
13710,1.1307029460232334
13711,1.1307029460232334
13712,1.1307029460232334
13713,1.1307029460232334
13714,1.1307029460232334
13715,1.1307029460232334
13716,1.1307029460232334
13717,1.1307029460232334
13718,1.1307029460232334
13719,1.1307029460232334
13720,1.1307029460232334
13721,1.1307029460232334
13722,1.1307029460232334
13723,1.1307029460232334
13724,1.1307029460232334
13725,1.1307029460232334
13726,1.1307029460232334
13727,1.1307029460232334
13728,1.1307029460232334
13729,1.1307029460232334
13730,1.1307029460232334
13731,1.1307029460232334
13732,1.1307029460232334
13733,1.1307029460232334
13734,1.1307029460232334
13735,1.1307029460232334
13736,1.1307029460232334
13737,1.1307029460232334
13738,1.1307029460232334
13739,1.1307029460232334
13740,1.1307029460232334
13741,1.1307029460232334
13742,1.1307029460232334
13743,1.1307029460232334
13744,1.1307029460232334
13745,1.1307029460232334
13746,1.1307029460232334
13747,1.1307029460232334
13748,1.1307029460232334
13749,1.1307029460232334
13750,1.1307029460232334
13751,1.1307029460232334
13752,1.1307029460232334
13753,1.1307029460232334
13754,1.1307029460232334
13755,1.1307029460232334
13756,1.1307029460232334
13757,1.1307029460232334
13758,1.1307029460232334
13759,1.1307029460232334
13760,1.1307029460232334
13761,1.1307029460232334
13762,1.1307029460232334
13763,1.1307029460232334
13764,1.1307029460232334
13765,1.1307029460232334
13766,1.1307029460232334
13767,1.1307029460232334
13768,1.1307029460232334
13769,1.1307029460232334
13770,1.1307029460232334
13771,1.1307029460232334
13772,1.1307029460232334
13773,1.1307029460232334
13774,1.1307029460232334
13775,1.1307029460232334
13776,1.1307029460232334
13777,1.1307029460232334
13778,1.1307029460232334
13779,1.1307029460232334
13780,1.1307029460232334
13781,1.1307029460232334
13782,1.1307029460232334
13783,1.1307029460232334
13784,1.1307029460232334
13785,1.1307029460232334
13786,1.1307029460232334
13787,1.1307029460232334
13788,1.1307029460232334
13789,1.1307029460232334
13790,1.1307029460232334
13791,1.1307029460232334
13792,1.1307029460232334
13793,1.1307029460232334
13794,1.1307029460232334
13795,1.1307029460232334
13796,1.1307029460232334
13797,1.1307029460232334
13798,1.1307029460232334
13799,1.1307029460232334
13800,1.1307029460232334
13801,1.1307029460232334
13802,1.1307029460232334
13803,1.1307029460232334
13804,1.1307029460232334
13805,1.1307029460232334
13806,1.1307029460232334
13807,1.1307029460232334
13808,1.1307029460232334
13809,1.1307029460232334
13810,1.1307029460232334
13811,1.1307029460232334
13812,1.1307029460232334
13813,1.1307029460232334
13814,1.1307029460232334
13815,1.1307029460232334
13816,1.1307029460232334
13817,1.1307029460232334
13818,1.1307029460232334
13819,1.1307029460232334
13820,1.1307029460232334
13821,1.1307029460232334
13822,1.1307029460232334
13823,1.1307029460232334
13824,1.1307029460232334
13825,1.1307029460232334
13826,1.1307029460232334
13827,1.1307029460232334
13828,1.1307029460232334
13829,1.1307029460232334
13830,1.1307029460232334
13831,1.1307029460232334
13832,1.1307029460232334
13833,1.1307029460232334
13834,1.1307029460232334
13835,1.1307029460232334
13836,1.1307029460232334
13837,1.1307029460232334
13838,1.1307029460232334
13839,1.1307029460232334
13840,1.1307029460232334
13841,1.1307029460232334
13842,1.1307029460232334
13843,1.1307029460232334
13844,1.1307029460232334
13845,1.1307029460232334
13846,1.1307029460232334
13847,1.1307029460232334
13848,1.1307029460232334
13849,1.1307029460232334
13850,1.1307029460232334
13851,1.1307029460232334
13852,1.1307029460232334
13853,1.1307029460232334
13854,1.1307029460232334
13855,1.1307029460232334
13856,1.1307029460232334
13857,1.1307029460232334
13858,1.1307029460232334
13859,1.1307029460232334
13860,1.1307029460232334
13861,1.1307029460232334
13862,1.1307029460232334
13863,1.1307029460232334
13864,1.1307029460232334
13865,1.1307029460232334
13866,1.1307029460232334
13867,1.1307029460232334
13868,1.1307029460232334
13869,1.1307029460232334
13870,1.1307029460232334
13871,1.1307029460232334
13872,1.1307029460232334
13873,1.1307029460232334
13874,1.1307029460232334
13875,1.1307029460232334
13876,1.1307029460232334
13877,1.1307029460232334
13878,1.1307029460232334
13879,1.1307029460232334
13880,1.1307029460232334
13881,1.1307029460232334
13882,1.1307029460232334
13883,1.1307029460232334
13884,1.1307029460232334
13885,1.1307029460232334
13886,1.1307029460232334
13887,1.1307029460232334
13888,1.1307029460232334
13889,1.1307029460232334
13890,1.1307029460232334
13891,1.1307029460232334
13892,1.1307029460232334
13893,1.1307029460232334
13894,1.1307029460232334
13895,1.1307029460232334
13896,1.1307029460232334
13897,1.1307029460232334
13898,1.1307029460232334
13899,1.1307029460232334
13900,1.1307029460232334
13901,1.1307029460232334
13902,1.1307029460232334
13903,1.1307029460232334
13904,1.1307029460232334
13905,1.1307029460232334
13906,1.1307029460232334
13907,1.1307029460232334
13908,1.1307029460232334
13909,1.1307029460232334
13910,1.1307029460232334
13911,1.1307029460232334
13912,1.1307029460232334
13913,1.1307029460232334
13914,1.1307029460232334
13915,1.1307029460232334
13916,1.1307029460232334
13917,1.1307029460232334
13918,1.1307029460232334
13919,1.1307029460232334
13920,1.1307029460232334
13921,1.1307029460232334
13922,1.1307029460232334
13923,1.1307029460232334
13924,1.1307029460232334
13925,1.1307029460232334
13926,1.1307029460232334
13927,1.1307029460232334
13928,1.1307029460232334
13929,1.1307029460232334
13930,1.1307029460232334
13931,1.1307029460232334
13932,1.1307029460232334
13933,1.1307029460232334
13934,1.1307029460232334
13935,1.1307029460232334
13936,1.1307029460232334
13937,1.1307029460232334
13938,1.1307029460232334
13939,1.1307029460232334
13940,1.1307029460232334
13941,1.1307029460232334
13942,1.1307029460232334
13943,1.1307029460232334
13944,1.1307029460232334
13945,1.1307029460232334
13946,1.1307029460232334
13947,1.1307029460232334
13948,1.1307029460232334
13949,1.1307029460232334
13950,1.1307029460232334
13951,1.1307029460232334
13952,1.1307029460232334
13953,1.1307029460232334
13954,1.1307029460232334
13955,1.1307029460232334
13956,1.1307029460232334
13957,1.1307029460232334
13958,1.1307029460232334
13959,1.1307029460232334
13960,1.1307029460232334
13961,1.1307029460232334
13962,1.1307029460232334
13963,1.1307029460232334
13964,1.1307029460232334
13965,1.1307029460232334
13966,1.1307029460232334
13967,1.1307029460232334
13968,1.1307029460232334
13969,1.1307029460232334
13970,1.1307029460232334
13971,1.1307029460232334
13972,1.1307029460232334
13973,1.1307029460232334
13974,1.1307029460232334
13975,1.1307029460232334
13976,1.1307029460232334
13977,1.1307029460232334
13978,1.1307029460232334
13979,1.1307029460232334
13980,1.1307029460232334
13981,1.1307029460232334
13982,1.1307029460232334
13983,1.1307029460232334
13984,1.1307029460232334
13985,1.1307029460232334
13986,1.1307029460232334
13987,1.1307029460232334
13988,1.1307029460232334
13989,1.1307029460232334
13990,1.1307029460232334
13991,1.1307029460232334
13992,1.1307029460232334
13993,1.1307029460232334
13994,1.1307029460232334
13995,1.1307029460232334
13996,1.1307029460232334
13997,1.1307029460232334
13998,1.1307029460232334
13999,1.1307029460232334
14000,1.1307029460232334
14001,1.1307029460232334
14002,1.1307029460232334
14003,1.1307029460232334
14004,1.1307029460232334
14005,1.1307029460232334
14006,1.1307029460232334
14007,1.1307029460232334
14008,1.1307029460232334
14009,1.1307029460232334
14010,1.1307029460232334
14011,1.1307029460232334
14012,1.1307029460232334
14013,1.1307029460232334
14014,1.1307029460232334
14015,1.1307029460232334
14016,1.1307029460232334
14017,1.1307029460232334
14018,1.1307029460232334
14019,1.1307029460232334
14020,1.1307029460232334
14021,1.1307029460232334
14022,1.1307029460232334
14023,1.1307029460232334
14024,1.1307029460232334
14025,1.1307029460232334
14026,1.1307029460232334
14027,1.1307029460232334
14028,1.1307029460232334
14029,1.1307029460232334
14030,1.1307029460232334
14031,1.1307029460232334
14032,1.1307029460232334
14033,1.1307029460232334
14034,1.1307029460232334
14035,1.1307029460232334
14036,1.1307029460232334
14037,1.1307029460232334
14038,1.1307029460232334
14039,1.1307029460232334
14040,1.1307029460232334
14041,1.1307029460232334
14042,1.1307029460232334
14043,1.1307029460232334
14044,1.1307029460232334
14045,1.1307029460232334
14046,1.1307029460232334
14047,1.1307029460232334
14048,1.1307029460232334
14049,1.1307029460232334
14050,1.1307029460232334
14051,1.1307029460232334
14052,1.1307029460232334
14053,1.1307029460232334
14054,1.1307029460232334
14055,1.1307029460232334
14056,1.1307029460232334
14057,1.1307029460232334
14058,1.1307029460232334
14059,1.1307029460232334
14060,1.1307029460232334
14061,1.1307029460232334
14062,1.1307029460232334
14063,1.1307029460232334
14064,1.1307029460232334
14065,1.1307029460232334
14066,1.1307029460232334
14067,1.1307029460232334
14068,1.1307029460232334
14069,1.1307029460232334
14070,1.1307029460232334
14071,1.1307029460232334
14072,1.1307029460232334
14073,1.1307029460232334
14074,1.1307029460232334
14075,1.1307029460232334
14076,1.1307029460232334
14077,1.1307029460232334
14078,1.1307029460232334
14079,1.1307029460232334
14080,1.1307029460232334
14081,1.1307029460232334
14082,1.1307029460232334
14083,1.1307029460232334
14084,1.1307029460232334
14085,1.1307029460232334
14086,1.1307029460232334
14087,1.1307029460232334
14088,1.1307029460232334
14089,1.1307029460232334
14090,1.1307029460232334
14091,1.1307029460232334
14092,1.1307029460232334
14093,1.1307029460232334
14094,1.1307029460232334
14095,1.1307029460232334
14096,1.1307029460232334
14097,1.1307029460232334
14098,1.1307029460232334
14099,1.1307029460232334
14100,1.1307029460232334
14101,1.1307029460232334
14102,1.1307029460232334
14103,1.1307029460232334
14104,1.1307029460232334
14105,1.1307029460232334
14106,1.1307029460232334
14107,1.1307029460232334
14108,1.1307029460232334
14109,1.1307029460232334
14110,1.1307029460232334
14111,1.1307029460232334
14112,1.1307029460232334
14113,1.1307029460232334
14114,1.1307029460232334
14115,1.1307029460232334
14116,1.1307029460232334
14117,1.1307029460232334
14118,1.1307029460232334
14119,1.1307029460232334
14120,1.1307029460232334
14121,1.1307029460232334
14122,1.1307029460232334
14123,1.1307029460232334
14124,1.1307029460232334
14125,1.1307029460232334
14126,1.1307029460232334
14127,1.1307029460232334
14128,1.1307029460232334
14129,1.1307029460232334
14130,1.1307029460232334
14131,1.1307029460232334
14132,1.1307029460232334
14133,1.1307029460232334
14134,1.1307029460232334
14135,1.1307029460232334
14136,1.1307029460232334
14137,1.1307029460232334
14138,1.1307029460232334
14139,1.1307029460232334
14140,1.1307029460232334
14141,1.1307029460232334
14142,1.1307029460232334
14143,1.1307029460232334
14144,1.1307029460232334
14145,1.1307029460232334
14146,1.1307029460232334
14147,1.1307029460232334
14148,1.1307029460232334
14149,1.1307029460232334
14150,1.1307029460232334
14151,1.1307029460232334
14152,1.1307029460232334
14153,1.1307029460232334
14154,1.1307029460232334
14155,1.1307029460232334
14156,1.1307029460232334
14157,1.1307029460232334
14158,1.1307029460232334
14159,1.1307029460232334
14160,1.1307029460232334
14161,1.1307029460232334
14162,1.1307029460232334
14163,1.1307029460232334
14164,1.1307029460232334
14165,1.1307029460232334
14166,1.1307029460232334
14167,1.1307029460232334
14168,1.1307029460232334
14169,1.1307029460232334
14170,1.1307029460232334
14171,1.1307029460232334
14172,1.1307029460232334
14173,1.1307029460232334
14174,1.1307029460232334
14175,1.1307029460232334
14176,1.1307029460232334
14177,1.1307029460232334
14178,1.1307029460232334
14179,1.1307029460232334
14180,1.1307029460232334
14181,1.1307029460232334
14182,1.1307029460232334
14183,1.1307029460232334
14184,1.1307029460232334
14185,1.1307029460232334
14186,1.1307029460232334
14187,1.1307029460232334
14188,1.1307029460232334
14189,1.1307029460232334
14190,1.1307029460232334
14191,1.1307029460232334
14192,1.1307029460232334
14193,1.1307029460232334
14194,1.1307029460232334
14195,1.1307029460232334
14196,1.1307029460232334
14197,1.1307029460232334
14198,1.1307029460232334
14199,1.1307029460232334
14200,1.1307029460232334
14201,1.1307029460232334
14202,1.1307029460232334
14203,1.1307029460232334
14204,1.1307029460232334
14205,1.1307029460232334
14206,1.1307029460232334
14207,1.1307029460232334
14208,1.1307029460232334
14209,1.1307029460232334
14210,1.1307029460232334
14211,1.1307029460232334
14212,1.1307029460232334
14213,1.1307029460232334
14214,1.1307029460232334
14215,1.1307029460232334
14216,1.1307029460232334
14217,1.1307029460232334
14218,1.1307029460232334
14219,1.1307029460232334
14220,1.1307029460232334
14221,1.1307029460232334
14222,1.1307029460232334
14223,1.1307029460232334
14224,1.1307029460232334
14225,1.1307029460232334
14226,1.1307029460232334
14227,1.1307029460232334
14228,1.1307029460232334
14229,1.1307029460232334
14230,1.1307029460232334
14231,1.1307029460232334
14232,1.1307029460232334
14233,1.1307029460232334
14234,1.1307029460232334
14235,1.1307029460232334
14236,1.1307029460232334
14237,1.1307029460232334
14238,1.1307029460232334
14239,1.1307029460232334
14240,1.1307029460232334
14241,1.1307029460232334
14242,1.1307029460232334
14243,1.1307029460232334
14244,1.1307029460232334
14245,1.1307029460232334
14246,1.1307029460232334
14247,1.1307029460232334
14248,1.1307029460232334
14249,1.1307029460232334
14250,1.1307029460232334
14251,1.1307029460232334
14252,1.1307029460232334
14253,1.1307029460232334
14254,1.1307029460232334
14255,1.1307029460232334
14256,1.1307029460232334
14257,1.1307029460232334
14258,1.1307029460232334
14259,1.1307029460232334
14260,1.1307029460232334
14261,1.1307029460232334
14262,1.1307029460232334
14263,1.1307029460232334
14264,1.1307029460232334
14265,1.1307029460232334
14266,1.1307029460232334
14267,1.1307029460232334
14268,1.1307029460232334
14269,1.1307029460232334
14270,1.1307029460232334
14271,1.1307029460232334
14272,1.1307029460232334
14273,1.1307029460232334
14274,1.1307029460232334
14275,1.1307029460232334
14276,1.1307029460232334
14277,1.1307029460232334
14278,1.1307029460232334
14279,1.1307029460232334
14280,1.1307029460232334
14281,1.1307029460232334
14282,1.1307029460232334
14283,1.1307029460232334
14284,1.1307029460232334
14285,1.1307029460232334
14286,1.1307029460232334
14287,1.1307029460232334
14288,1.1307029460232334
14289,1.1307029460232334
14290,1.1307029460232334
14291,1.1307029460232334
14292,1.1307029460232334
14293,1.1307029460232334
14294,1.1307029460232334
14295,1.1307029460232334
14296,1.1307029460232334
14297,1.1307029460232334
14298,1.1307029460232334
14299,1.1307029460232334
14300,1.1307029460232334
14301,1.1307029460232334
14302,1.1307029460232334
14303,1.1307029460232334
14304,1.1307029460232334
14305,1.1307029460232334
14306,1.1307029460232334
14307,1.1307029460232334
14308,1.1307029460232334
14309,1.1307029460232334
14310,1.1307029460232334
14311,1.1307029460232334
14312,1.1307029460232334
14313,1.1307029460232334
14314,1.1307029460232334
14315,1.1307029460232334
14316,1.1307029460232334
14317,1.1307029460232334
14318,1.1307029460232334
14319,1.1307029460232334
14320,1.1307029460232334
14321,1.1307029460232334
14322,1.1307029460232334
14323,1.1307029460232334
14324,1.1307029460232334
14325,1.1307029460232334
14326,1.1307029460232334
14327,1.1307029460232334
14328,1.1307029460232334
14329,1.1307029460232334
14330,1.1307029460232334
14331,1.1307029460232334
14332,1.1307029460232334
14333,1.1307029460232334
14334,1.1307029460232334
14335,1.1307029460232334
14336,1.1307029460232334
14337,1.1307029460232334
14338,1.1307029460232334
14339,1.1307029460232334
14340,1.1307029460232334
14341,1.1307029460232334
14342,1.1307029460232334
14343,1.1307029460232334
14344,1.1307029460232334
14345,1.1307029460232334
14346,1.1307029460232334
14347,1.1307029460232334
14348,1.1307029460232334
14349,1.1307029460232334
14350,1.1307029460232334
14351,1.1307029460232334
14352,1.1307029460232334
14353,1.1307029460232334
14354,1.1307029460232334
14355,1.1307029460232334
14356,1.1307029460232334
14357,1.1307029460232334
14358,1.1307029460232334
14359,1.1307029460232334
14360,1.1307029460232334
14361,1.1307029460232334
14362,1.1307029460232334
14363,1.1307029460232334
14364,1.1307029460232334
14365,1.1307029460232334
14366,1.1307029460232334
14367,1.1307029460232334
14368,1.1307029460232334
14369,1.1307029460232334
14370,1.1307029460232334
14371,1.1307029460232334
14372,1.1307029460232334
14373,1.1307029460232334
14374,1.1307029460232334
14375,1.1307029460232334
14376,1.1307029460232334
14377,1.1307029460232334
14378,1.1307029460232334
14379,1.1307029460232334
14380,1.1307029460232334
14381,1.1307029460232334
14382,1.1307029460232334
14383,1.1307029460232334
14384,1.1307029460232334
14385,1.1307029460232334
14386,1.1307029460232334
14387,1.1307029460232334
14388,1.1307029460232334
14389,1.1307029460232334
14390,1.1307029460232334
14391,1.1307029460232334
14392,1.1307029460232334
14393,1.1307029460232334
14394,1.1307029460232334
14395,1.1307029460232334
14396,1.1307029460232334
14397,1.1307029460232334
14398,1.1307029460232334
14399,1.1307029460232334
14400,1.1307029460232334
14401,1.1307029460232334
14402,1.1307029460232334
14403,1.1307029460232334
14404,1.1307029460232334
14405,1.1307029460232334
14406,1.1307029460232334
14407,1.1307029460232334
14408,1.1307029460232334
14409,1.1307029460232334
14410,1.1307029460232334
14411,1.1307029460232334
14412,1.1307029460232334
14413,1.1307029460232334
14414,1.1307029460232334
14415,1.1307029460232334
14416,1.1307029460232334
14417,1.1307029460232334
14418,1.1307029460232334
14419,1.1307029460232334
14420,1.1307029460232334
14421,1.1307029460232334
14422,1.1307029460232334
14423,1.1307029460232334
14424,1.1307029460232334
14425,1.1307029460232334
14426,1.1307029460232334
14427,1.1307029460232334
14428,1.1307029460232334
14429,1.1307029460232334
14430,1.1307029460232334
14431,1.1307029460232334
14432,1.1307029460232334
14433,1.1307029460232334
14434,1.1307029460232334
14435,1.1307029460232334
14436,1.1307029460232334
14437,1.1307029460232334
14438,1.1307029460232334
14439,1.1307029460232334
14440,1.1307029460232334
14441,1.1307029460232334
14442,1.1307029460232334
14443,1.1307029460232334
14444,1.1307029460232334
14445,1.1307029460232334
14446,1.1307029460232334
14447,1.1307029460232334
14448,1.1307029460232334
14449,1.1307029460232334
14450,1.1307029460232334
14451,1.1307029460232334
14452,1.1307029460232334
14453,1.1307029460232334
14454,1.1307029460232334
14455,1.1307029460232334
14456,1.1307029460232334
14457,1.1307029460232334
14458,1.1307029460232334
14459,1.1307029460232334
14460,1.1307029460232334
14461,1.1307029460232334
14462,1.1307029460232334
14463,1.1307029460232334
14464,1.1307029460232334
14465,1.1307029460232334
14466,1.1307029460232334
14467,1.1307029460232334
14468,1.1307029460232334
14469,1.1307029460232334
14470,1.1307029460232334
14471,1.1307029460232334
14472,1.1307029460232334
14473,1.1307029460232334
14474,1.1307029460232334
14475,1.1307029460232334
14476,1.1307029460232334
14477,1.1307029460232334
14478,1.1307029460232334
14479,1.1307029460232334
14480,1.1307029460232334
14481,1.1307029460232334
14482,1.1307029460232334
14483,1.1307029460232334
14484,1.1307029460232334
14485,1.1307029460232334
14486,1.1307029460232334
14487,1.1307029460232334
14488,1.1307029460232334
14489,1.1307029460232334
14490,1.1307029460232334
14491,1.1307029460232334
14492,1.1307029460232334
14493,1.1307029460232334
14494,1.1307029460232334
14495,1.1307029460232334
14496,1.1307029460232334
14497,1.1307029460232334
14498,1.1307029460232334
14499,1.1307029460232334
14500,1.1307029460232334
14501,1.1307029460232334
14502,1.1307029460232334
14503,1.1307029460232334
14504,1.1307029460232334
14505,1.1307029460232334
14506,1.1307029460232334
14507,1.1307029460232334
14508,-5.7895939896299895
14509,-5.7895939896299895
14510,-5.7895939896299895
14511,-5.7895939896299895
14512,-5.7895939896299895
14513,-5.7895939896299895
14514,-5.7895939896299895
14515,-5.7895939896299895
14516,-5.7895939896299895
14517,-5.7895939896299895
14518,-5.7895939896299895
14519,-5.7895939896299895
14520,-5.7895939896299895
14521,-5.7895939896299895
14522,-5.7895939896299895
14523,-5.7895939896299895
14524,-5.7895939896299895
14525,-5.7895939896299895
14526,-5.7895939896299895
14527,-5.7895939896299895
14528,-5.7895939896299895
14529,-5.7895939896299895
14530,-5.7895939896299895
14531,-5.7895939896299895
14532,-5.7895939896299895
14533,-5.7895939896299895
14534,-5.7895939896299895
14535,-5.7895939896299895
14536,-5.7895939896299895
14537,-5.7895939896299895
14538,-5.7895939896299895
14539,-5.7895939896299895
14540,-5.7895939896299895
14541,-5.7895939896299895
14542,-5.7895939896299895
14543,-5.7895939896299895
14544,-5.7895939896299895
14545,-5.7895939896299895
14546,-5.7895939896299895
14547,-5.7895939896299895
14548,-5.7895939896299895
14549,-5.7895939896299895
14550,-5.7895939896299895
14551,-5.7895939896299895
14552,-5.7895939896299895
14553,-5.7895939896299895
14554,-5.7895939896299895
14555,-5.7895939896299895
14556,-5.7895939896299895
14557,-5.7895939896299895
14558,-5.7895939896299895
14559,-5.7895939896299895
14560,-5.7895939896299895
14561,-5.7895939896299895
14562,-5.7895939896299895
14563,-5.7895939896299895
14564,-5.7895939896299895
14565,-5.7895939896299895
14566,-5.7895939896299895
14567,-5.7895939896299895
14568,-5.7895939896299895
14569,-5.7895939896299895
14570,-5.7895939896299895
14571,-5.7895939896299895
14572,-5.7895939896299895
14573,-5.7895939896299895
14574,-5.7895939896299895
14575,-5.7895939896299895
14576,-5.7895939896299895
14577,-5.7895939896299895
14578,-5.7895939896299895
14579,-5.7895939896299895
14580,-5.7895939896299895
14581,-5.7895939896299895
14582,-5.7895939896299895
14583,-5.7895939896299895
14584,-5.7895939896299895
14585,-5.7895939896299895
14586,-5.7895939896299895
14587,-5.7895939896299895
14588,-5.7895939896299895
14589,-5.7895939896299895
14590,-5.7895939896299895
14591,-5.7895939896299895
14592,-5.7895939896299895
14593,-5.7895939896299895
14594,-5.7895939896299895
14595,-5.7895939896299895
14596,-5.7895939896299895
14597,-5.7895939896299895
14598,-5.7895939896299895
14599,-5.7895939896299895
14600,-5.7895939896299895
14601,-5.7895939896299895
14602,-5.7895939896299895
14603,-5.7895939896299895
14604,-5.7895939896299895
14605,-5.7895939896299895
14606,-5.7895939896299895
14607,-5.7895939896299895
14608,-5.7895939896299895
14609,-5.7895939896299895
14610,-5.7895939896299895
14611,-5.7895939896299895
14612,-5.7895939896299895
14613,-5.7895939896299895
14614,-5.7895939896299895
14615,-5.7895939896299895
14616,-5.7895939896299895
14617,-5.7895939896299895
14618,-5.7895939896299895
14619,-5.7895939896299895
14620,-5.7895939896299895
14621,-5.7895939896299895
14622,-5.7895939896299895
14623,-5.7895939896299895
14624,-5.7895939896299895
14625,-5.7895939896299895
14626,-5.7895939896299895
14627,-5.7895939896299895
14628,-5.7895939896299895
14629,-5.7895939896299895
14630,-5.7895939896299895
14631,-5.7895939896299895
14632,-5.7895939896299895
14633,-5.7895939896299895
14634,-5.7895939896299895
14635,-5.7895939896299895
14636,-5.7895939896299895
14637,-5.7895939896299895
14638,-5.7895939896299895
14639,-5.7895939896299895
14640,-5.7895939896299895
14641,-5.7895939896299895
14642,-5.7895939896299895
14643,-5.7895939896299895
14644,-5.7895939896299895
14645,-5.7895939896299895
14646,-5.7895939896299895
14647,-5.7895939896299895
14648,-5.7895939896299895
14649,-5.7895939896299895
14650,-5.7895939896299895
14651,-5.7895939896299895
14652,-5.7895939896299895
14653,-5.7895939896299895
14654,-5.7895939896299895
14655,-5.7895939896299895
14656,-5.7895939896299895
14657,-5.7895939896299895
14658,-5.7895939896299895
14659,-5.7895939896299895
14660,-5.7895939896299895
14661,-5.7895939896299895
14662,-5.7895939896299895
14663,-5.7895939896299895
14664,-5.7895939896299895
14665,-5.7895939896299895
14666,-5.7895939896299895
14667,-5.7895939896299895
14668,-5.7895939896299895
14669,-5.7895939896299895
14670,-5.7895939896299895
14671,-5.7895939896299895
14672,-5.7895939896299895
14673,-5.7895939896299895
14674,-5.7895939896299895
14675,-5.7895939896299895
14676,-5.7895939896299895
14677,-5.7895939896299895
14678,-5.7895939896299895
14679,-5.7895939896299895
14680,-5.7895939896299895
14681,-5.7895939896299895
14682,-5.7895939896299895
14683,-5.7895939896299895
14684,-5.7895939896299895
14685,-5.7895939896299895
14686,-5.7895939896299895
14687,-5.7895939896299895
14688,-5.7895939896299895
14689,-5.7895939896299895
14690,-5.7895939896299895
14691,-5.7895939896299895
14692,-5.7895939896299895
14693,-5.7895939896299895
14694,-5.7895939896299895
14695,-5.7895939896299895
14696,-5.7895939896299895
14697,-5.7895939896299895
14698,-5.7895939896299895
14699,-5.7895939896299895
14700,-5.7895939896299895
14701,-5.7895939896299895
14702,-5.7895939896299895
14703,-5.7895939896299895
14704,-5.7895939896299895
14705,-5.7895939896299895
14706,-5.7895939896299895
14707,-5.7895939896299895
14708,-5.7895939896299895
14709,-5.7895939896299895
14710,-5.7895939896299895
14711,-5.7895939896299895
14712,-5.7895939896299895
14713,-5.7895939896299895
14714,-5.7895939896299895
14715,-5.7895939896299895
14716,-5.7895939896299895
14717,-5.7895939896299895
14718,-5.7895939896299895
14719,-5.7895939896299895
14720,-5.7895939896299895
14721,-5.7895939896299895
14722,-5.7895939896299895
14723,-5.7895939896299895
14724,-5.7895939896299895
14725,-5.7895939896299895
14726,-5.7895939896299895
14727,-5.7895939896299895
14728,-5.7895939896299895
14729,-5.7895939896299895
14730,-5.7895939896299895
14731,-5.7895939896299895
14732,-5.7895939896299895
14733,-5.7895939896299895
14734,-5.7895939896299895
14735,-5.7895939896299895
14736,-5.7895939896299895
14737,-5.7895939896299895
14738,-5.7895939896299895
14739,-5.7895939896299895
14740,-5.7895939896299895
14741,-5.7895939896299895
14742,-5.7895939896299895
14743,-5.7895939896299895
14744,-5.7895939896299895
14745,-5.7895939896299895
14746,-5.7895939896299895
14747,-5.7895939896299895
14748,-5.7895939896299895
14749,-5.7895939896299895
14750,-5.7895939896299895
14751,-5.7895939896299895
14752,-5.7895939896299895
14753,-5.7895939896299895
14754,-5.7895939896299895
14755,-5.7895939896299895
14756,-5.7895939896299895
14757,-5.7895939896299895
14758,-5.7895939896299895
14759,-5.7895939896299895
14760,-5.7895939896299895
14761,-5.7895939896299895
14762,-5.7895939896299895
14763,-5.7895939896299895
14764,-5.7895939896299895
14765,-5.7895939896299895
14766,-5.7895939896299895
14767,-5.7895939896299895
14768,-5.7895939896299895
14769,-5.7895939896299895
14770,-5.7895939896299895
14771,-5.7895939896299895
14772,-5.7895939896299895
14773,-5.7895939896299895
14774,-5.7895939896299895
14775,-5.7895939896299895
14776,-5.7895939896299895
14777,-5.7895939896299895
14778,-5.7895939896299895
14779,-5.7895939896299895
14780,-5.7895939896299895
14781,-5.7895939896299895
14782,-5.7895939896299895
14783,-5.7895939896299895
14784,-5.7895939896299895
14785,-5.7895939896299895
14786,-5.7895939896299895
14787,-5.7895939896299895
14788,-5.7895939896299895
14789,-5.7895939896299895
14790,-5.7895939896299895
14791,-5.7895939896299895
14792,-5.7895939896299895
14793,-5.7895939896299895
14794,-5.7895939896299895
14795,-5.7895939896299895
14796,-5.7895939896299895
14797,-5.7895939896299895
14798,-5.7895939896299895
14799,-5.7895939896299895
14800,-5.7895939896299895
14801,-5.7895939896299895
14802,-5.7895939896299895
14803,-5.7895939896299895
14804,-5.7895939896299895
14805,-5.7895939896299895
14806,-5.7895939896299895
14807,-5.7895939896299895
14808,-5.7895939896299895
14809,-5.7895939896299895
14810,-5.7895939896299895
14811,-5.7895939896299895
14812,-5.7895939896299895
14813,-5.7895939896299895
14814,-5.7895939896299895
14815,-5.7895939896299895
14816,-5.7895939896299895
14817,-5.7895939896299895
14818,-5.7895939896299895
14819,-5.7895939896299895
14820,-5.7895939896299895
14821,-5.7895939896299895
14822,-5.7895939896299895
14823,-5.7895939896299895
14824,-5.7895939896299895
14825,-5.7895939896299895
14826,-5.7895939896299895
14827,-5.7895939896299895
14828,-5.7895939896299895
14829,-5.7895939896299895
14830,-5.7895939896299895
14831,-5.7895939896299895
14832,-5.7895939896299895
14833,-5.7895939896299895
14834,-5.7895939896299895
14835,-5.7895939896299895
14836,-5.7895939896299895
14837,-5.7895939896299895
14838,-5.7895939896299895
14839,-5.7895939896299895
14840,-5.7895939896299895
14841,-5.7895939896299895
14842,-5.7895939896299895
14843,-5.7895939896299895
14844,-5.7895939896299895
14845,-5.7895939896299895
14846,-5.7895939896299895
14847,-5.7895939896299895
14848,-5.7895939896299895
14849,-5.7895939896299895
14850,-5.7895939896299895
14851,-5.7895939896299895
14852,-5.7895939896299895
14853,-5.7895939896299895
14854,-5.7895939896299895
14855,-5.7895939896299895
14856,-5.7895939896299895
14857,-5.7895939896299895
14858,-5.7895939896299895
14859,-5.7895939896299895
14860,-5.7895939896299895
14861,-5.7895939896299895
14862,-5.7895939896299895
14863,-5.7895939896299895
14864,-5.7895939896299895
14865,-5.7895939896299895
14866,-5.7895939896299895
14867,-5.7895939896299895
14868,-5.7895939896299895
14869,-5.7895939896299895
14870,-5.7895939896299895
14871,-5.7895939896299895
14872,-5.7895939896299895
14873,-5.7895939896299895
14874,-5.7895939896299895
14875,-5.7895939896299895
14876,-5.7895939896299895
14877,-5.7895939896299895
14878,-5.7895939896299895
14879,-5.7895939896299895
14880,-5.7895939896299895
14881,-5.7895939896299895
14882,-5.7895939896299895
14883,-5.7895939896299895
14884,-5.7895939896299895
14885,-5.7895939896299895
14886,-5.7895939896299895
14887,-5.7895939896299895
14888,-5.7895939896299895
14889,-5.7895939896299895
14890,-5.7895939896299895
14891,-5.7895939896299895
14892,-5.7895939896299895
14893,-5.7895939896299895
14894,-5.7895939896299895
14895,-5.7895939896299895
14896,-5.7895939896299895
14897,-5.7895939896299895
14898,-5.7895939896299895
14899,-5.7895939896299895
14900,-5.7895939896299895
14901,-5.7895939896299895
14902,-5.7895939896299895
14903,-5.7895939896299895
14904,-5.7895939896299895
14905,-5.7895939896299895
14906,-5.7895939896299895
14907,-5.7895939896299895
14908,-5.7895939896299895
14909,-5.7895939896299895
14910,-5.7895939896299895
14911,-5.7895939896299895
14912,-5.7895939896299895
14913,-5.7895939896299895
14914,-5.7895939896299895
14915,-5.7895939896299895
14916,-5.7895939896299895
14917,-5.7895939896299895
14918,-5.7895939896299895
14919,-5.7895939896299895
14920,-5.7895939896299895
14921,-5.7895939896299895
14922,-5.7895939896299895
14923,-5.7895939896299895
14924,-5.7895939896299895
14925,-5.7895939896299895
14926,-5.7895939896299895
14927,-5.7895939896299895
14928,-5.7895939896299895
14929,-5.7895939896299895
14930,-5.7895939896299895
14931,-5.7895939896299895
14932,-5.7895939896299895
14933,-5.7895939896299895
14934,-5.7895939896299895
14935,-5.7895939896299895
14936,-5.7895939896299895
14937,-5.7895939896299895
14938,-5.7895939896299895
14939,-5.7895939896299895
14940,-5.7895939896299895
14941,-5.7895939896299895
14942,-5.7895939896299895
14943,-5.7895939896299895
14944,-5.7895939896299895
14945,-5.7895939896299895
14946,-5.7895939896299895
14947,-5.7895939896299895
14948,-5.7895939896299895
14949,-5.7895939896299895
14950,-5.7895939896299895
14951,-5.7895939896299895
14952,-5.7895939896299895
14953,-5.7895939896299895
14954,-5.7895939896299895
14955,-5.7895939896299895
14956,-5.7895939896299895
14957,-5.7895939896299895
14958,-5.7895939896299895
14959,-5.7895939896299895
14960,-5.7895939896299895
14961,-5.7895939896299895
14962,-5.7895939896299895
14963,-5.7895939896299895
14964,-5.7895939896299895
14965,-5.7895939896299895
14966,-5.7895939896299895
14967,-5.7895939896299895
14968,-5.7895939896299895
14969,-5.7895939896299895
14970,-5.7895939896299895
14971,-5.7895939896299895
14972,-5.7895939896299895
14973,-5.7895939896299895
14974,-5.7895939896299895
14975,-5.7895939896299895
14976,-5.7895939896299895
14977,-5.7895939896299895
14978,-5.7895939896299895
14979,-5.7895939896299895
14980,-5.7895939896299895
14981,-5.7895939896299895
14982,-5.7895939896299895
14983,-5.7895939896299895
14984,-5.7895939896299895
14985,-5.7895939896299895
14986,-5.7895939896299895
14987,-5.7895939896299895
14988,-5.7895939896299895
14989,-5.7895939896299895
14990,-5.7895939896299895
14991,-5.7895939896299895
14992,-5.7895939896299895
14993,-5.7895939896299895
14994,-5.7895939896299895
14995,-5.7895939896299895
14996,-5.7895939896299895
14997,-5.7895939896299895
14998,-5.7895939896299895
14999,-5.7895939896299895
15000,-5.7895939896299895
15001,-5.7895939896299895
15002,-5.7895939896299895
15003,-5.7895939896299895
15004,-5.7895939896299895
15005,-5.7895939896299895
15006,-5.7895939896299895
15007,-5.7895939896299895
15008,-5.7895939896299895
15009,-5.7895939896299895
15010,-5.7895939896299895
15011,-5.7895939896299895
15012,-5.7895939896299895
15013,-5.7895939896299895
15014,-5.7895939896299895
15015,-5.7895939896299895
15016,-5.7895939896299895
15017,-5.7895939896299895
15018,-5.7895939896299895
15019,-5.7895939896299895
15020,-5.7895939896299895
15021,-5.7895939896299895
15022,-5.7895939896299895
15023,-5.7895939896299895
15024,-5.7895939896299895
15025,-5.7895939896299895
15026,-5.7895939896299895
15027,-5.7895939896299895
15028,-5.7895939896299895
15029,-5.7895939896299895
15030,-5.7895939896299895
15031,-5.7895939896299895
15032,-5.7895939896299895
15033,-5.7895939896299895
15034,-5.7895939896299895
15035,-5.7895939896299895
15036,-5.7895939896299895
15037,-5.7895939896299895
15038,-5.7895939896299895
15039,-5.7895939896299895
15040,-5.7895939896299895
15041,-5.7895939896299895
15042,-5.7895939896299895
15043,-5.7895939896299895
15044,-5.7895939896299895
15045,-5.7895939896299895
15046,-5.7895939896299895
15047,-5.7895939896299895
15048,-5.7895939896299895
15049,-5.7895939896299895
15050,-5.7895939896299895
15051,-5.7895939896299895
15052,-5.7895939896299895
15053,-5.7895939896299895
15054,-5.7895939896299895
15055,-5.7895939896299895
15056,-5.7895939896299895
15057,-5.7895939896299895
15058,-5.7895939896299895
15059,-5.7895939896299895
15060,-5.7895939896299895
15061,-5.7895939896299895
15062,-5.7895939896299895
15063,-5.7895939896299895
15064,-5.7895939896299895
15065,-5.7895939896299895
15066,-5.7895939896299895
15067,-5.7895939896299895
15068,-5.7895939896299895
15069,-5.7895939896299895
15070,-5.7895939896299895
15071,-5.7895939896299895
15072,-5.7895939896299895
15073,-5.7895939896299895
15074,-5.7895939896299895
15075,-5.7895939896299895
15076,-5.7895939896299895
15077,-5.7895939896299895
15078,-5.7895939896299895
15079,-5.7895939896299895
15080,-5.7895939896299895
15081,-5.7895939896299895
15082,-5.7895939896299895
15083,-5.7895939896299895
15084,-5.7895939896299895
15085,-5.7895939896299895
15086,-5.7895939896299895
15087,-5.7895939896299895
15088,-5.7895939896299895
15089,-5.7895939896299895
15090,-5.7895939896299895
15091,-5.7895939896299895
15092,-5.7895939896299895
15093,-5.7895939896299895
15094,-5.7895939896299895
15095,-5.7895939896299895
15096,-5.7895939896299895
15097,-5.7895939896299895
15098,-5.7895939896299895
15099,-5.7895939896299895
15100,-5.7895939896299895
15101,-5.7895939896299895
15102,-5.7895939896299895
15103,-5.7895939896299895
15104,-5.7895939896299895
15105,-5.7895939896299895
15106,-5.7895939896299895
15107,-5.7895939896299895
15108,-5.7895939896299895
15109,-5.7895939896299895
15110,-5.7895939896299895
15111,-5.7895939896299895
15112,-5.7895939896299895
15113,-5.7895939896299895
15114,-5.7895939896299895
15115,-5.7895939896299895
15116,-5.7895939896299895
15117,-5.7895939896299895
15118,-5.7895939896299895
15119,-5.7895939896299895
15120,-5.7895939896299895
15121,-5.7895939896299895
15122,-5.7895939896299895
15123,-5.7895939896299895
15124,-5.7895939896299895
15125,-5.7895939896299895
15126,-5.7895939896299895
15127,-5.7895939896299895
15128,-5.7895939896299895
15129,-5.7895939896299895
15130,-5.7895939896299895
15131,-5.7895939896299895
15132,-5.7895939896299895
15133,-5.7895939896299895
15134,-5.7895939896299895
15135,-5.7895939896299895
15136,-5.7895939896299895
15137,-5.7895939896299895
15138,-5.7895939896299895
15139,-5.7895939896299895
15140,-5.7895939896299895
15141,-5.7895939896299895
15142,-5.7895939896299895
15143,-5.7895939896299895
15144,-5.7895939896299895
15145,-5.7895939896299895
15146,-5.7895939896299895
15147,-5.7895939896299895
15148,-5.7895939896299895
15149,-5.7895939896299895
15150,-5.7895939896299895
15151,-5.7895939896299895
15152,-5.7895939896299895
15153,-5.7895939896299895
15154,-5.7895939896299895
15155,-5.7895939896299895
15156,-5.7895939896299895
15157,-5.7895939896299895
15158,-5.7895939896299895
15159,-5.7895939896299895
15160,-5.7895939896299895
15161,-5.7895939896299895
15162,-5.7895939896299895
15163,-5.7895939896299895
15164,-5.7895939896299895
15165,-5.7895939896299895
15166,-5.7895939896299895
15167,-5.7895939896299895
15168,-5.7895939896299895
15169,-5.7895939896299895
15170,-5.7895939896299895
15171,-5.7895939896299895
15172,-5.7895939896299895
15173,-5.7895939896299895
15174,-5.7895939896299895
15175,-5.7895939896299895
15176,-5.7895939896299895
15177,-5.7895939896299895
15178,-5.7895939896299895
15179,-5.7895939896299895
15180,-5.7895939896299895
15181,-5.7895939896299895
15182,-5.7895939896299895
15183,-5.7895939896299895
15184,-5.7895939896299895
15185,-5.7895939896299895
15186,-5.7895939896299895
15187,-5.7895939896299895
15188,-5.7895939896299895
15189,-5.7895939896299895
15190,-5.7895939896299895
15191,-5.7895939896299895
15192,-5.7895939896299895
15193,-5.7895939896299895
15194,-5.7895939896299895
15195,-5.7895939896299895
15196,-5.7895939896299895
15197,-5.7895939896299895
15198,-5.7895939896299895
15199,-5.7895939896299895
15200,-5.7895939896299895
15201,-5.7895939896299895
15202,-5.7895939896299895
15203,-5.7895939896299895
15204,-5.7895939896299895
15205,-5.7895939896299895
15206,-5.7895939896299895
15207,-5.7895939896299895
15208,-5.7895939896299895
15209,-5.7895939896299895
15210,-5.7895939896299895
15211,-5.7895939896299895
15212,-5.7895939896299895
15213,-5.7895939896299895
15214,-5.7895939896299895
15215,-5.7895939896299895
15216,-5.7895939896299895
15217,-5.7895939896299895
15218,-5.7895939896299895
15219,-5.7895939896299895
15220,-5.7895939896299895
15221,-5.7895939896299895
15222,-5.7895939896299895
15223,-5.7895939896299895
15224,-5.7895939896299895
15225,-5.7895939896299895
15226,-5.7895939896299895
15227,-5.7895939896299895
15228,-5.7895939896299895
15229,-5.7895939896299895
15230,-5.7895939896299895
15231,-5.7895939896299895
15232,-5.7895939896299895
15233,-5.7895939896299895
15234,-5.7895939896299895
15235,-5.7895939896299895
15236,-5.7895939896299895
15237,-5.7895939896299895
15238,-5.7895939896299895
15239,-5.7895939896299895
15240,-5.7895939896299895
15241,-5.7895939896299895
15242,-5.7895939896299895
15243,-5.7895939896299895
15244,-5.7895939896299895
15245,-5.7895939896299895
15246,-5.7895939896299895
15247,-5.7895939896299895
15248,-5.7895939896299895
15249,-5.7895939896299895
15250,-5.7895939896299895
15251,-5.7895939896299895
15252,-5.7895939896299895
15253,-5.7895939896299895
15254,-5.7895939896299895
15255,-5.7895939896299895
15256,-5.7895939896299895
15257,-5.7895939896299895
15258,-5.7895939896299895
15259,-5.7895939896299895
15260,-5.7895939896299895
15261,-5.7895939896299895
15262,-5.7895939896299895
15263,-5.7895939896299895
15264,-5.7895939896299895
15265,-5.7895939896299895
15266,-5.7895939896299895
15267,-5.7895939896299895
15268,-5.7895939896299895
15269,-5.7895939896299895
15270,-5.7895939896299895
15271,-5.7895939896299895
15272,-5.7895939896299895
15273,-5.7895939896299895
15274,-5.7895939896299895
15275,-5.7895939896299895
15276,-5.7895939896299895
15277,-5.7895939896299895
15278,-5.7895939896299895
15279,-5.7895939896299895
15280,-5.7895939896299895
15281,-5.7895939896299895
15282,-5.7895939896299895
15283,-5.7895939896299895
15284,-5.7895939896299895
15285,-5.7895939896299895
15286,-5.7895939896299895
15287,-5.7895939896299895
15288,-5.7895939896299895
15289,-5.7895939896299895
15290,-5.7895939896299895
15291,-5.7895939896299895
15292,-5.7895939896299895
15293,-5.7895939896299895
15294,-5.7895939896299895
15295,-5.7895939896299895
15296,-5.7895939896299895
15297,-5.7895939896299895
15298,-5.7895939896299895
15299,-5.7895939896299895
15300,-5.7895939896299895
15301,-5.7895939896299895
15302,-5.7895939896299895
15303,-5.7895939896299895
15304,-5.7895939896299895
15305,-5.7895939896299895
15306,-5.7895939896299895
15307,-5.7895939896299895
15308,-5.7895939896299895
15309,-5.7895939896299895
15310,-5.7895939896299895
15311,-5.7895939896299895
15312,-5.7895939896299895
15313,-5.7895939896299895
15314,-5.7895939896299895
15315,-5.7895939896299895
15316,-5.7895939896299895
15317,-5.7895939896299895
15318,-5.7895939896299895
15319,-5.7895939896299895
15320,-5.7895939896299895
15321,-5.7895939896299895
15322,-5.7895939896299895
15323,-5.7895939896299895
15324,-5.7895939896299895
15325,-5.7895939896299895
15326,-5.7895939896299895
15327,-5.7895939896299895
15328,-5.7895939896299895
15329,-5.7895939896299895
15330,-5.7895939896299895
15331,-5.7895939896299895
15332,-5.7895939896299895
15333,-5.7895939896299895
15334,-5.7895939896299895
15335,-5.7895939896299895
15336,-5.7895939896299895
15337,-5.7895939896299895
15338,-5.7895939896299895
15339,-5.7895939896299895
15340,-5.7895939896299895
15341,-5.7895939896299895
15342,-5.7895939896299895
15343,-5.7895939896299895
15344,-5.7895939896299895
15345,-5.7895939896299895
15346,-5.7895939896299895
15347,-5.7895939896299895
15348,-5.7895939896299895
15349,-5.7895939896299895
15350,-5.7895939896299895
15351,-5.7895939896299895
15352,-5.7895939896299895
15353,-5.7895939896299895
15354,-5.7895939896299895
15355,-5.7895939896299895
15356,-5.7895939896299895
15357,-5.7895939896299895
15358,-5.7895939896299895
15359,-5.7895939896299895
15360,-5.7895939896299895
15361,-5.7895939896299895
15362,-5.7895939896299895
15363,-5.7895939896299895
15364,-5.7895939896299895
15365,-5.7895939896299895
15366,-5.7895939896299895
15367,-5.7895939896299895
15368,-5.7895939896299895
15369,-5.7895939896299895
15370,-5.7895939896299895
15371,-5.7895939896299895
15372,-5.7895939896299895
15373,-5.7895939896299895
15374,-5.7895939896299895
15375,-5.7895939896299895
15376,-5.7895939896299895
15377,-5.7895939896299895
15378,-5.7895939896299895
15379,-5.7895939896299895
15380,-5.7895939896299895
15381,-5.7895939896299895
15382,-5.7895939896299895
15383,-5.7895939896299895
15384,-5.7895939896299895
15385,-5.7895939896299895
15386,-5.7895939896299895
15387,-5.7895939896299895
15388,-5.7895939896299895
15389,-5.7895939896299895
15390,-5.7895939896299895
15391,-5.7895939896299895
15392,-5.7895939896299895
15393,-5.7895939896299895
15394,-5.7895939896299895
15395,-5.7895939896299895
15396,-5.7895939896299895
15397,-5.7895939896299895
15398,-5.7895939896299895
15399,-5.7895939896299895
15400,-5.7895939896299895
15401,-5.7895939896299895
15402,-5.7895939896299895
15403,-5.7895939896299895
15404,-5.7895939896299895
15405,-5.7895939896299895
15406,-5.7895939896299895
15407,-5.7895939896299895
15408,-5.7895939896299895
15409,-5.7895939896299895
15410,-5.7895939896299895
15411,-5.7895939896299895
15412,-5.7895939896299895
15413,-5.7895939896299895
15414,-5.7895939896299895
15415,-5.7895939896299895
15416,-5.7895939896299895
15417,-5.7895939896299895
15418,-5.7895939896299895
15419,-5.7895939896299895
15420,-5.7895939896299895
15421,-5.7895939896299895
15422,-5.7895939896299895
15423,-5.7895939896299895
15424,-5.7895939896299895
15425,-5.7895939896299895
15426,-5.7895939896299895
15427,-5.7895939896299895
15428,-5.7895939896299895
15429,-5.7895939896299895
15430,-5.7895939896299895
15431,-5.7895939896299895
15432,-5.7895939896299895
15433,-5.7895939896299895
15434,-5.7895939896299895
15435,-5.7895939896299895
15436,-5.7895939896299895
15437,-5.7895939896299895
15438,-5.7895939896299895
15439,-5.7895939896299895
15440,-5.7895939896299895
15441,-5.7895939896299895
15442,-5.7895939896299895
15443,-5.7895939896299895
15444,-5.7895939896299895
15445,-5.7895939896299895
15446,-5.7895939896299895
15447,-5.7895939896299895
15448,-5.7895939896299895
15449,-5.7895939896299895
15450,-5.7895939896299895
15451,-5.7895939896299895
15452,-5.7895939896299895
15453,-5.7895939896299895
15454,-5.7895939896299895
15455,-5.7895939896299895
15456,-5.7895939896299895
15457,-5.7895939896299895
15458,-5.7895939896299895
15459,-5.7895939896299895
15460,-5.7895939896299895
15461,-5.7895939896299895
15462,-5.7895939896299895
15463,-5.7895939896299895
15464,-5.7895939896299895
15465,-5.7895939896299895
15466,-5.7895939896299895
15467,-5.7895939896299895
15468,-5.7895939896299895
15469,-5.7895939896299895
15470,-5.7895939896299895
15471,-5.7895939896299895
15472,-5.7895939896299895
15473,-5.7895939896299895
15474,-5.7895939896299895
15475,-5.7895939896299895
15476,-5.7895939896299895
15477,-5.7895939896299895
15478,-5.7895939896299895
15479,-5.7895939896299895
15480,-5.7895939896299895
15481,-5.7895939896299895
15482,-5.7895939896299895
15483,-5.7895939896299895
15484,-5.7895939896299895
15485,-5.7895939896299895
15486,-5.7895939896299895
15487,-5.7895939896299895
15488,-5.7895939896299895
15489,-5.7895939896299895
15490,-5.7895939896299895
15491,-5.7895939896299895
15492,-5.7895939896299895
15493,-5.7895939896299895
15494,-5.7895939896299895
15495,-5.7895939896299895
15496,-5.7895939896299895
15497,-5.7895939896299895
15498,-5.7895939896299895
15499,-5.7895939896299895
15500,-5.7895939896299895
15501,-5.7895939896299895
15502,-5.7895939896299895
15503,-5.7895939896299895
15504,-5.7895939896299895
15505,-5.7895939896299895
15506,-5.7895939896299895
15507,-5.7895939896299895
15508,-5.7895939896299895
15509,-5.7895939896299895
15510,-5.7895939896299895
15511,-5.7895939896299895
15512,-5.7895939896299895
15513,-5.7895939896299895
15514,-5.7895939896299895
15515,-5.7895939896299895
15516,-5.7895939896299895
15517,-5.7895939896299895
15518,-5.7895939896299895
15519,-5.7895939896299895
15520,-5.7895939896299895
15521,-5.7895939896299895
15522,-5.7895939896299895
15523,-5.7895939896299895
15524,-5.7895939896299895
15525,-5.7895939896299895
15526,-5.7895939896299895
15527,-5.7895939896299895
15528,-5.7895939896299895
15529,-5.7895939896299895
15530,-5.7895939896299895
15531,-5.7895939896299895
15532,-5.7895939896299895
15533,-5.7895939896299895
15534,-5.7895939896299895
15535,-5.7895939896299895
15536,-5.7895939896299895
15537,-5.7895939896299895
15538,-5.7895939896299895
15539,-5.7895939896299895
15540,-5.7895939896299895
15541,-5.7895939896299895
15542,-5.7895939896299895
15543,-5.7895939896299895
15544,-5.7895939896299895
15545,-5.7895939896299895
15546,-5.7895939896299895
15547,-5.7895939896299895
15548,-5.7895939896299895
15549,-5.7895939896299895
15550,-5.7895939896299895
15551,-5.7895939896299895
15552,-5.7895939896299895
15553,-5.7895939896299895
15554,-5.7895939896299895
15555,-5.7895939896299895
15556,-5.7895939896299895
15557,-5.7895939896299895
15558,-5.7895939896299895
15559,-5.7895939896299895
15560,-5.7895939896299895
15561,-5.7895939896299895
15562,-5.7895939896299895
15563,-5.7895939896299895
15564,-5.7895939896299895
15565,-5.7895939896299895
15566,-5.7895939896299895
15567,-5.7895939896299895
15568,-5.7895939896299895
15569,-5.7895939896299895
15570,-5.7895939896299895
15571,-5.7895939896299895
15572,-5.7895939896299895
15573,-5.7895939896299895
15574,-5.7895939896299895
15575,-5.7895939896299895
15576,-5.7895939896299895
15577,-5.7895939896299895
15578,-5.7895939896299895
15579,-5.7895939896299895
15580,-5.7895939896299895
15581,-5.7895939896299895
15582,-5.7895939896299895
15583,-5.7895939896299895
15584,-5.7895939896299895
15585,-5.7895939896299895
15586,-5.7895939896299895
15587,-5.7895939896299895
15588,-5.7895939896299895
15589,-5.7895939896299895
15590,-5.7895939896299895
15591,-5.7895939896299895
15592,-5.7895939896299895
15593,-5.7895939896299895
15594,-5.7895939896299895
15595,-5.7895939896299895
15596,-5.7895939896299895
15597,-5.7895939896299895
