frame,pupil_norm
1,-6.4446507895967375
2,-6.4446507895967375
3,-6.4446507895967375
4,-6.4446507895967375
5,-6.4446507895967375
6,-6.4446507895967375
7,-6.4446507895967375
8,-6.4446507895967375
9,-6.4446507895967375
10,-6.4446507895967375
11,-6.4446507895967375
12,-6.4446507895967375
13,-6.4446507895967375
14,-6.4446507895967375
15,-6.4446507895967375
16,-6.4446507895967375
17,-6.4446507895967375
18,-6.4446507895967375
19,-6.4446507895967375
20,-6.4446507895967375
21,-6.4446507895967375
22,-6.4446507895967375
23,-6.4446507895967375
24,-6.4446507895967375
25,-6.4446507895967375
26,-6.4446507895967375
27,-6.4446507895967375
28,-6.4446507895967375
29,-6.4446507895967375
30,-6.4446507895967375
31,-6.4446507895967375
32,-6.4446507895967375
33,-6.4446507895967375
34,-6.4446507895967375
35,-6.4446507895967375
36,-6.4446507895967375
37,-6.4446507895967375
38,-6.4446507895967375
39,-6.4446507895967375
40,-6.4446507895967375
41,-6.4446507895967375
42,-6.4446507895967375
43,-6.4446507895967375
44,-6.4446507895967375
45,-6.4446507895967375
46,-6.4446507895967375
47,-6.4446507895967375
48,-6.4446507895967375
49,-6.4446507895967375
50,-6.4446507895967375
51,-6.4446507895967375
52,-6.4446507895967375
53,-6.4446507895967375
54,-6.4446507895967375
55,-6.4446507895967375
56,-6.4446507895967375
57,-6.4446507895967375
58,-6.4446507895967375
59,-6.4446507895967375
60,-6.4446507895967375
61,-6.4446507895967375
62,-6.4446507895967375
63,-6.4446507895967375
64,-6.4446507895967375
65,-6.4446507895967375
66,-6.4446507895967375
67,-6.4446507895967375
68,-6.4446507895967375
69,-6.4446507895967375
70,-6.4446507895967375
71,-6.4446507895967375
72,-6.4446507895967375
73,-6.4446507895967375
74,-6.4446507895967375
75,-6.4446507895967375
76,-6.4446507895967375
77,-6.4446507895967375
78,-6.4446507895967375
79,-6.4446507895967375
80,-6.4446507895967375
81,-6.4446507895967375
82,-6.4446507895967375
83,-6.4446507895967375
84,-6.4446507895967375
85,-6.4446507895967375
86,-6.4446507895967375
87,-6.4446507895967375
88,-6.4446507895967375
89,-6.4446507895967375
90,-6.4446507895967375
91,-6.4446507895967375
92,-6.4446507895967375
93,-6.4446507895967375
94,-6.4446507895967375
95,-6.4446507895967375
96,-6.4446507895967375
97,-6.4446507895967375
98,-6.4446507895967375
99,-6.4446507895967375
100,-6.4446507895967375
101,-6.4446507895967375
102,-6.4446507895967375
103,-6.4446507895967375
104,-6.4446507895967375
105,-6.4446507895967375
106,-6.4446507895967375
107,-6.4446507895967375
108,-6.4446507895967375
109,-6.4446507895967375
110,-6.4446507895967375
111,-6.4446507895967375
112,-6.4446507895967375
113,-6.4446507895967375
114,-6.4446507895967375
115,-6.4446507895967375
116,-6.4446507895967375
117,-6.4446507895967375
118,-6.4446507895967375
119,-6.4446507895967375
120,-6.4446507895967375
121,-6.4446507895967375
122,-6.4446507895967375
123,-6.4446507895967375
124,-6.4446507895967375
125,-6.4446507895967375
126,-6.4446507895967375
127,-6.4446507895967375
128,-6.4446507895967375
129,-6.4446507895967375
130,-6.4446507895967375
131,-6.4446507895967375
132,-6.4446507895967375
133,-6.4446507895967375
134,-6.4446507895967375
135,-6.4446507895967375
136,-6.4446507895967375
137,-6.4446507895967375
138,-6.4446507895967375
139,-6.4446507895967375
140,-6.4446507895967375
141,-6.4446507895967375
142,-6.4446507895967375
143,-6.4446507895967375
144,-6.4446507895967375
145,-6.4446507895967375
146,-6.4446507895967375
147,-6.4446507895967375
148,-6.4446507895967375
149,-6.4446507895967375
150,-6.4446507895967375
151,-6.4446507895967375
152,-6.4446507895967375
153,-6.4446507895967375
154,-6.4446507895967375
155,-6.4446507895967375
156,-6.4446507895967375
157,-6.4446507895967375
158,-6.4446507895967375
159,-6.4446507895967375
160,-6.4446507895967375
161,-6.4446507895967375
162,-6.4446507895967375
163,-6.4446507895967375
164,-6.4446507895967375
165,-6.4446507895967375
166,-6.4446507895967375
167,-6.4446507895967375
168,-6.4446507895967375
169,-6.4446507895967375
170,-6.4446507895967375
171,-6.4446507895967375
172,-6.4446507895967375
173,-6.4446507895967375
174,-6.4446507895967375
175,-6.4446507895967375
176,-6.4446507895967375
177,-6.4446507895967375
178,-6.4446507895967375
179,-6.4446507895967375
180,-6.4446507895967375
181,-6.4446507895967375
182,-6.4446507895967375
183,-6.4446507895967375
184,-6.4446507895967375
185,-6.4446507895967375
186,-6.4446507895967375
187,-6.4446507895967375
188,-6.4446507895967375
189,-6.4446507895967375
190,-6.4446507895967375
191,-6.4446507895967375
192,-6.4446507895967375
193,-6.4446507895967375
194,-6.4446507895967375
195,-6.4446507895967375
196,-6.4446507895967375
197,-6.4446507895967375
198,-6.4446507895967375
199,-6.4446507895967375
200,-6.4446507895967375
201,-6.4446507895967375
202,-6.4446507895967375
203,-6.4446507895967375
204,-6.4446507895967375
205,-6.4446507895967375
206,-6.4446507895967375
207,-6.4446507895967375
208,-6.4446507895967375
209,-6.4446507895967375
210,-6.4446507895967375
211,-6.4446507895967375
212,-6.4446507895967375
213,-6.4446507895967375
214,-6.4446507895967375
215,-6.4446507895967375
216,-6.4446507895967375
217,-6.4446507895967375
218,-6.4446507895967375
219,-6.4446507895967375
220,-6.4446507895967375
221,-6.4446507895967375
222,-6.4446507895967375
223,-6.4446507895967375
224,-6.4446507895967375
225,-6.4446507895967375
226,-6.4446507895967375
227,-6.4446507895967375
228,-6.4446507895967375
229,-6.4446507895967375
230,-6.4446507895967375
231,-6.4446507895967375
232,-6.4446507895967375
233,-6.4446507895967375
234,-6.4446507895967375
235,-6.4446507895967375
236,-6.4446507895967375
237,-6.4446507895967375
238,-6.4446507895967375
239,-6.4446507895967375
240,-6.4446507895967375
241,-6.4446507895967375
242,-6.4446507895967375
243,-6.4446507895967375
244,-6.4446507895967375
245,-6.4446507895967375
246,-6.4446507895967375
247,-6.4446507895967375
248,-6.4446507895967375
249,-6.4446507895967375
250,-6.4446507895967375
251,-6.4446507895967375
252,-6.4446507895967375
253,-6.4446507895967375
254,-6.4446507895967375
255,-6.4446507895967375
256,-6.4446507895967375
257,-6.4446507895967375
258,-6.4446507895967375
259,-6.4446507895967375
260,-6.4446507895967375
261,-6.4446507895967375
262,-6.4446507895967375
263,-6.4446507895967375
264,-6.4446507895967375
265,-6.4446507895967375
266,-6.4446507895967375
267,-6.4446507895967375
268,-6.4446507895967375
269,-6.4446507895967375
270,-6.4446507895967375
271,-26.166079543191607
272,-26.166079543191607
273,-26.166079543191607
274,-26.166079543191607
275,-26.166079543191607
276,-26.166079543191607
277,-26.166079543191607
278,-26.166079543191607
279,-26.166079543191607
280,-26.166079543191607
281,-26.166079543191607
282,-26.166079543191607
283,-26.166079543191607
284,-26.166079543191607
285,-26.166079543191607
286,-26.166079543191607
287,-26.166079543191607
288,-26.166079543191607
289,-26.166079543191607
290,-26.166079543191607
291,-26.166079543191607
292,-26.166079543191607
293,-26.166079543191607
294,-26.166079543191607
295,-26.166079543191607
296,-26.166079543191607
297,-26.166079543191607
298,-26.166079543191607
299,-26.166079543191607
300,-26.166079543191607
301,-26.166079543191607
302,-26.166079543191607
303,-26.166079543191607
304,-26.166079543191607
305,-26.166079543191607
306,-26.166079543191607
307,-26.166079543191607
308,-26.166079543191607
309,-26.166079543191607
310,-26.166079543191607
311,-26.166079543191607
312,-26.166079543191607
313,-26.166079543191607
314,-26.166079543191607
315,-26.166079543191607
316,-26.166079543191607
317,-26.166079543191607
318,-26.166079543191607
319,-26.166079543191607
320,-26.166079543191607
321,-26.166079543191607
322,-26.166079543191607
323,-26.166079543191607
324,-26.166079543191607
325,-26.166079543191607
326,-26.166079543191607
327,-26.166079543191607
328,-26.166079543191607
329,-26.166079543191607
330,-26.166079543191607
331,-26.166079543191607
332,-26.166079543191607
333,-26.166079543191607
334,-26.166079543191607
335,-26.166079543191607
336,-26.166079543191607
337,-26.166079543191607
338,-26.166079543191607
339,-26.166079543191607
340,-26.166079543191607
341,-26.166079543191607
342,-26.166079543191607
343,-26.166079543191607
344,-26.166079543191607
345,-26.166079543191607
346,-26.166079543191607
347,-26.166079543191607
348,-26.166079543191607
349,-26.166079543191607
350,-26.166079543191607
351,-26.166079543191607
352,-26.166079543191607
353,-26.166079543191607
354,-26.166079543191607
355,-26.166079543191607
356,-26.166079543191607
357,-26.166079543191607
358,-26.166079543191607
359,-26.166079543191607
360,-26.166079543191607
361,-26.166079543191607
362,-26.166079543191607
363,-26.166079543191607
364,-26.166079543191607
365,-26.166079543191607
366,-26.166079543191607
367,-26.166079543191607
368,-26.166079543191607
369,-26.166079543191607
370,-26.166079543191607
371,-26.166079543191607
372,-26.166079543191607
373,-26.166079543191607
374,-26.166079543191607
375,-26.166079543191607
376,-26.166079543191607
377,-26.166079543191607
378,-26.166079543191607
379,-26.166079543191607
380,-26.166079543191607
381,-26.166079543191607
382,-26.166079543191607
383,-26.166079543191607
384,-26.166079543191607
385,-26.166079543191607
386,-26.166079543191607
387,-26.166079543191607
388,-26.166079543191607
389,-26.166079543191607
390,-26.166079543191607
391,-26.166079543191607
392,-26.166079543191607
393,-26.166079543191607
394,-26.166079543191607
395,-26.166079543191607
396,-26.166079543191607
397,-26.166079543191607
398,-26.166079543191607
399,-26.166079543191607
400,-26.166079543191607
401,-26.166079543191607
402,-26.166079543191607
403,-26.166079543191607
404,-26.166079543191607
405,-26.166079543191607
406,-26.166079543191607
407,-26.166079543191607
408,-26.166079543191607
409,-26.166079543191607
410,-26.166079543191607
411,-26.166079543191607
412,-26.166079543191607
413,-26.166079543191607
414,-26.166079543191607
415,-26.166079543191607
416,-26.166079543191607
417,-26.166079543191607
418,-26.166079543191607
419,-26.166079543191607
420,-26.166079543191607
421,-26.166079543191607
422,-26.166079543191607
423,-26.166079543191607
424,-26.166079543191607
425,-26.166079543191607
426,-26.166079543191607
427,-26.166079543191607
428,-26.166079543191607
429,-26.166079543191607
430,-26.166079543191607
431,-26.166079543191607
432,-26.166079543191607
433,-26.166079543191607
434,-26.166079543191607
435,-26.166079543191607
436,-26.166079543191607
437,-26.166079543191607
438,-26.166079543191607
439,-26.166079543191607
440,-26.166079543191607
441,-26.166079543191607
442,-26.166079543191607
443,-26.166079543191607
444,-26.166079543191607
445,-26.166079543191607
446,-26.166079543191607
447,-26.166079543191607
448,-26.166079543191607
449,-26.166079543191607
450,-26.166079543191607
451,-26.166079543191607
452,-26.166079543191607
453,-26.166079543191607
454,-26.166079543191607
455,-26.166079543191607
456,-26.166079543191607
457,-26.166079543191607
458,-26.166079543191607
459,-26.166079543191607
460,-26.166079543191607
461,-26.166079543191607
462,-26.166079543191607
463,-26.166079543191607
464,-26.166079543191607
465,-26.166079543191607
466,-26.166079543191607
467,-26.166079543191607
468,-26.166079543191607
469,-26.166079543191607
470,-26.166079543191607
471,-26.166079543191607
472,-26.166079543191607
473,-26.166079543191607
474,-26.166079543191607
475,-26.166079543191607
476,-26.166079543191607
477,-26.166079543191607
478,-26.166079543191607
479,-26.166079543191607
480,-26.166079543191607
481,-26.166079543191607
482,-26.166079543191607
483,-26.166079543191607
484,-26.166079543191607
485,-26.166079543191607
486,-26.166079543191607
487,-26.166079543191607
488,-26.166079543191607
489,-26.166079543191607
490,-26.166079543191607
491,-26.166079543191607
492,-26.166079543191607
493,-26.166079543191607
494,-26.166079543191607
495,-26.166079543191607
496,-26.166079543191607
497,-26.166079543191607
498,-26.166079543191607
499,-26.166079543191607
500,-26.166079543191607
501,-26.166079543191607
502,-26.166079543191607
503,-26.166079543191607
504,-26.166079543191607
505,-26.166079543191607
506,-26.166079543191607
507,-26.166079543191607
508,-26.166079543191607
509,-26.166079543191607
510,-26.166079543191607
511,-26.166079543191607
512,-26.166079543191607
513,-26.166079543191607
514,-26.166079543191607
515,-26.166079543191607
516,-26.166079543191607
517,-26.166079543191607
518,-26.166079543191607
519,-26.166079543191607
520,-26.166079543191607
521,-26.166079543191607
522,-26.166079543191607
523,-26.166079543191607
524,-26.166079543191607
525,-26.166079543191607
526,-26.166079543191607
527,-26.166079543191607
528,-26.166079543191607
529,-26.166079543191607
530,-26.166079543191607
531,-26.166079543191607
532,-26.166079543191607
533,-26.166079543191607
534,-26.166079543191607
535,-26.166079543191607
536,-26.166079543191607
537,-26.166079543191607
538,-26.166079543191607
539,-26.166079543191607
540,-26.166079543191607
541,-26.166079543191607
542,-26.166079543191607
543,-26.166079543191607
544,-26.166079543191607
545,-26.166079543191607
546,-26.166079543191607
547,-26.166079543191607
548,-26.166079543191607
549,-26.166079543191607
550,-26.166079543191607
551,-26.166079543191607
552,-26.166079543191607
553,-26.166079543191607
554,-26.166079543191607
555,-26.166079543191607
556,-26.166079543191607
557,-26.166079543191607
558,-26.166079543191607
559,-26.166079543191607
560,-26.166079543191607
561,-26.166079543191607
562,-26.166079543191607
563,-26.166079543191607
564,-26.166079543191607
565,-26.166079543191607
566,-26.166079543191607
567,-26.166079543191607
568,-26.166079543191607
569,-26.166079543191607
570,-26.166079543191607
571,-26.166079543191607
572,-26.166079543191607
573,-26.166079543191607
574,-26.166079543191607
575,-26.166079543191607
576,-26.166079543191607
577,-26.166079543191607
578,-26.166079543191607
579,-26.166079543191607
580,-26.166079543191607
581,-26.166079543191607
582,-26.166079543191607
583,-26.166079543191607
584,-26.166079543191607
585,-26.166079543191607
586,-26.166079543191607
587,-26.166079543191607
588,-26.166079543191607
589,-26.166079543191607
590,-26.166079543191607
591,-26.166079543191607
592,-26.166079543191607
593,-26.166079543191607
594,-26.166079543191607
595,-26.166079543191607
596,-26.166079543191607
597,-26.166079543191607
598,-26.166079543191607
599,-26.166079543191607
600,-26.166079543191607
601,-26.166079543191607
602,-26.166079543191607
603,-26.166079543191607
604,-26.166079543191607
605,-26.166079543191607
606,-26.166079543191607
607,-26.166079543191607
608,-26.166079543191607
609,-26.166079543191607
610,-26.166079543191607
611,-26.166079543191607
612,-26.166079543191607
613,-26.166079543191607
614,-26.166079543191607
615,-26.166079543191607
616,-26.166079543191607
617,-26.166079543191607
618,-26.166079543191607
619,-26.166079543191607
620,-26.166079543191607
621,-26.166079543191607
622,-26.166079543191607
623,-26.166079543191607
624,-26.166079543191607
625,-26.166079543191607
626,-26.166079543191607
627,-26.166079543191607
628,-26.166079543191607
629,-26.166079543191607
630,-26.166079543191607
631,-26.166079543191607
632,-26.166079543191607
633,-26.166079543191607
634,-26.166079543191607
635,-26.166079543191607
636,-26.166079543191607
637,-26.166079543191607
638,-26.166079543191607
639,-26.166079543191607
640,-26.166079543191607
641,-26.166079543191607
642,-26.166079543191607
643,-26.166079543191607
644,-26.166079543191607
645,-26.166079543191607
646,-26.166079543191607
647,-26.166079543191607
648,-26.166079543191607
649,-26.166079543191607
650,-26.166079543191607
651,-26.166079543191607
652,-26.166079543191607
653,-26.166079543191607
654,-26.166079543191607
655,-26.166079543191607
656,-26.166079543191607
657,-26.166079543191607
658,-26.166079543191607
659,-26.166079543191607
660,-26.166079543191607
661,-26.166079543191607
662,-26.166079543191607
663,-26.166079543191607
664,-26.166079543191607
665,-26.166079543191607
666,-26.166079543191607
667,-26.166079543191607
668,-26.166079543191607
669,-26.166079543191607
670,-26.166079543191607
671,-26.166079543191607
672,-26.166079543191607
673,-26.166079543191607
674,-26.166079543191607
675,-26.166079543191607
676,-26.166079543191607
677,-26.166079543191607
678,-26.166079543191607
679,-26.166079543191607
680,-26.166079543191607
681,-26.166079543191607
682,-26.166079543191607
683,-26.166079543191607
684,-26.166079543191607
685,-26.166079543191607
686,-26.166079543191607
687,-26.166079543191607
688,-26.166079543191607
689,-26.166079543191607
690,-26.166079543191607
691,-26.166079543191607
692,-26.166079543191607
693,-26.166079543191607
694,-26.166079543191607
695,-26.166079543191607
696,-26.166079543191607
697,-26.166079543191607
698,-26.166079543191607
699,-26.166079543191607
700,-26.166079543191607
701,-26.166079543191607
702,-26.166079543191607
703,-26.166079543191607
704,-26.166079543191607
705,-26.166079543191607
706,-26.166079543191607
707,-26.166079543191607
708,-26.166079543191607
709,-26.166079543191607
710,-26.166079543191607
711,-26.166079543191607
712,-26.166079543191607
713,-26.166079543191607
714,-26.166079543191607
715,-26.166079543191607
716,-26.166079543191607
717,-26.166079543191607
718,-26.166079543191607
719,-26.166079543191607
720,-26.166079543191607
721,-26.166079543191607
722,-26.166079543191607
723,-26.166079543191607
724,-26.166079543191607
725,-26.166079543191607
726,-26.166079543191607
727,-26.166079543191607
728,-26.166079543191607
729,-26.166079543191607
730,-26.166079543191607
731,-26.166079543191607
732,-26.166079543191607
733,-26.166079543191607
734,-26.166079543191607
735,-26.166079543191607
736,-26.166079543191607
737,-26.166079543191607
738,-26.166079543191607
739,-26.166079543191607
740,-26.166079543191607
741,-26.166079543191607
742,-26.166079543191607
743,-26.166079543191607
744,-26.166079543191607
745,-26.166079543191607
746,-26.166079543191607
747,-26.166079543191607
748,-26.166079543191607
749,-26.166079543191607
750,-26.166079543191607
751,-26.166079543191607
752,-26.166079543191607
753,-26.166079543191607
754,-26.166079543191607
755,-26.166079543191607
756,-26.166079543191607
757,-26.166079543191607
758,-26.166079543191607
759,-26.166079543191607
760,-26.166079543191607
761,-26.166079543191607
762,-26.166079543191607
763,-26.166079543191607
764,-26.166079543191607
765,-26.166079543191607
766,-26.166079543191607
767,-26.166079543191607
768,-26.166079543191607
769,-26.166079543191607
770,-26.166079543191607
771,-26.166079543191607
772,-26.166079543191607
773,-26.166079543191607
774,-26.166079543191607
775,-26.166079543191607
776,-26.166079543191607
777,-26.166079543191607
778,-26.166079543191607
779,-26.166079543191607
780,-26.166079543191607
781,-26.166079543191607
782,-26.166079543191607
783,-26.166079543191607
784,-26.166079543191607
785,-26.166079543191607
786,-26.166079543191607
787,-26.166079543191607
788,-26.166079543191607
789,-26.166079543191607
790,-26.166079543191607
791,-26.166079543191607
792,-26.166079543191607
793,-26.166079543191607
794,-26.166079543191607
795,-26.166079543191607
796,-26.166079543191607
797,-26.166079543191607
798,-26.166079543191607
799,-26.166079543191607
800,-26.166079543191607
801,-26.166079543191607
802,-26.166079543191607
803,-26.166079543191607
804,-26.166079543191607
805,-26.166079543191607
806,-26.166079543191607
807,-26.166079543191607
808,-26.166079543191607
809,-26.166079543191607
810,-26.166079543191607
811,-26.166079543191607
812,-26.166079543191607
813,-26.166079543191607
814,-26.166079543191607
815,-26.166079543191607
816,-26.166079543191607
817,-26.166079543191607
818,-26.166079543191607
819,-26.166079543191607
820,-26.166079543191607
821,-26.166079543191607
822,-26.166079543191607
823,-26.166079543191607
824,-26.166079543191607
825,-26.166079543191607
826,-26.166079543191607
827,-26.166079543191607
828,-26.166079543191607
829,-26.166079543191607
830,-26.166079543191607
831,-26.166079543191607
832,-26.166079543191607
833,-26.166079543191607
834,-26.166079543191607
835,-26.166079543191607
836,-26.166079543191607
837,-26.166079543191607
838,-26.166079543191607
839,-26.166079543191607
840,-26.166079543191607
841,-26.166079543191607
842,-26.166079543191607
843,-26.166079543191607
844,-26.166079543191607
845,-26.166079543191607
846,-26.166079543191607
847,-26.166079543191607
848,-26.166079543191607
849,-26.166079543191607
850,-26.166079543191607
851,-26.166079543191607
852,-26.166079543191607
853,-26.166079543191607
854,-26.166079543191607
855,-26.166079543191607
856,-26.166079543191607
857,-26.166079543191607
858,-26.166079543191607
859,-26.166079543191607
860,-26.166079543191607
861,-26.166079543191607
862,-26.166079543191607
863,-26.166079543191607
864,-26.166079543191607
865,-26.166079543191607
866,-26.166079543191607
867,-26.166079543191607
868,-26.166079543191607
869,-26.166079543191607
870,-26.166079543191607
871,-26.166079543191607
872,-26.166079543191607
873,-26.166079543191607
874,-26.166079543191607
875,-26.166079543191607
876,-26.166079543191607
877,-26.166079543191607
878,-26.166079543191607
879,-26.166079543191607
880,-26.166079543191607
881,-26.166079543191607
882,-26.166079543191607
883,-26.166079543191607
884,-26.166079543191607
885,-26.166079543191607
886,-26.166079543191607
887,-26.166079543191607
888,-26.166079543191607
889,-26.166079543191607
890,-26.166079543191607
891,-26.166079543191607
892,-26.166079543191607
893,-26.166079543191607
894,-26.166079543191607
895,-26.166079543191607
896,-26.166079543191607
897,-26.166079543191607
898,-26.166079543191607
899,-26.166079543191607
900,-26.166079543191607
901,-26.166079543191607
902,-26.166079543191607
903,-26.166079543191607
904,-26.166079543191607
905,-26.166079543191607
906,-26.166079543191607
907,-26.166079543191607
908,-26.166079543191607
909,-26.166079543191607
910,-26.166079543191607
911,-26.166079543191607
912,-26.166079543191607
913,-26.166079543191607
914,-26.166079543191607
915,-26.166079543191607
916,-26.166079543191607
917,-26.166079543191607
918,-26.166079543191607
919,-26.166079543191607
920,-26.166079543191607
921,-26.166079543191607
922,-26.166079543191607
923,-26.166079543191607
924,-26.166079543191607
925,-26.166079543191607
926,-26.166079543191607
927,-26.166079543191607
928,-26.166079543191607
929,-26.166079543191607
930,-26.166079543191607
931,-26.166079543191607
932,-26.166079543191607
933,-26.166079543191607
934,-26.166079543191607
935,-26.166079543191607
936,-26.166079543191607
937,-26.166079543191607
938,-26.166079543191607
939,-26.166079543191607
940,-26.166079543191607
941,-26.166079543191607
942,-26.166079543191607
943,-26.166079543191607
944,-26.166079543191607
945,-26.166079543191607
946,-26.166079543191607
947,-26.166079543191607
948,-26.166079543191607
949,-26.166079543191607
950,-26.166079543191607
951,-26.166079543191607
952,-26.166079543191607
953,-26.166079543191607
954,-26.166079543191607
955,-26.166079543191607
956,-26.166079543191607
957,-26.166079543191607
958,-26.166079543191607
959,-26.166079543191607
960,-26.166079543191607
961,-26.166079543191607
962,-26.166079543191607
963,-26.166079543191607
964,-26.166079543191607
965,-26.166079543191607
966,-26.166079543191607
967,-26.166079543191607
968,-26.166079543191607
969,-26.166079543191607
970,-26.166079543191607
971,-26.166079543191607
972,-26.166079543191607
973,-26.166079543191607
974,-26.166079543191607
975,-26.166079543191607
976,-26.166079543191607
977,-26.166079543191607
978,-26.166079543191607
979,-26.166079543191607
980,-26.166079543191607
981,-26.166079543191607
982,-26.166079543191607
983,-26.166079543191607
984,-26.166079543191607
985,-26.166079543191607
986,-26.166079543191607
987,-26.166079543191607
988,-26.166079543191607
989,-26.166079543191607
990,-26.166079543191607
991,-26.166079543191607
992,-26.166079543191607
993,-26.166079543191607
994,-26.166079543191607
995,-26.166079543191607
996,-26.166079543191607
997,-26.166079543191607
998,-26.166079543191607
999,-26.166079543191607
1000,-26.166079543191607
1001,-26.166079543191607
1002,-26.166079543191607
1003,-26.166079543191607
1004,-26.166079543191607
1005,-26.166079543191607
1006,-26.166079543191607
1007,-26.166079543191607
1008,-26.166079543191607
1009,-26.166079543191607
1010,-26.166079543191607
1011,-26.166079543191607
1012,-26.166079543191607
1013,-26.166079543191607
1014,-26.166079543191607
1015,-26.166079543191607
1016,-26.166079543191607
1017,-26.166079543191607
1018,-26.166079543191607
1019,-26.166079543191607
1020,-26.166079543191607
1021,-26.166079543191607
1022,-26.166079543191607
1023,-26.166079543191607
1024,-26.166079543191607
1025,-26.166079543191607
1026,-26.166079543191607
1027,-26.166079543191607
1028,-26.166079543191607
1029,-26.166079543191607
1030,-26.166079543191607
1031,-26.166079543191607
1032,-26.166079543191607
1033,-26.166079543191607
1034,-26.166079543191607
1035,-26.166079543191607
1036,-26.166079543191607
1037,-26.166079543191607
1038,-26.166079543191607
1039,-26.166079543191607
1040,-26.166079543191607
1041,-26.166079543191607
1042,-26.166079543191607
1043,-26.166079543191607
1044,-26.166079543191607
1045,-26.166079543191607
1046,-26.166079543191607
1047,-26.166079543191607
1048,-26.166079543191607
1049,-26.166079543191607
1050,-26.166079543191607
1051,-26.166079543191607
1052,-26.166079543191607
1053,-26.166079543191607
1054,-26.166079543191607
1055,-26.166079543191607
1056,-26.166079543191607
1057,-26.166079543191607
1058,-26.166079543191607
1059,-26.166079543191607
1060,-26.166079543191607
1061,-26.166079543191607
1062,-26.166079543191607
1063,-26.166079543191607
1064,-26.166079543191607
1065,-26.166079543191607
1066,-26.166079543191607
1067,-26.166079543191607
1068,-26.166079543191607
1069,-26.166079543191607
1070,-26.166079543191607
1071,-26.166079543191607
1072,-26.166079543191607
1073,-26.166079543191607
1074,-26.166079543191607
1075,-26.166079543191607
1076,-26.166079543191607
1077,-26.166079543191607
1078,-26.166079543191607
1079,-26.166079543191607
1080,-26.166079543191607
1081,-26.166079543191607
1082,-26.166079543191607
1083,-26.166079543191607
1084,-26.166079543191607
1085,-26.166079543191607
1086,-26.166079543191607
1087,-26.166079543191607
1088,-26.166079543191607
1089,-26.166079543191607
1090,-26.166079543191607
1091,-26.166079543191607
1092,-26.166079543191607
1093,-26.166079543191607
1094,-26.166079543191607
1095,-26.166079543191607
1096,-26.166079543191607
1097,-26.166079543191607
1098,-26.166079543191607
1099,-26.166079543191607
1100,-26.166079543191607
1101,-26.166079543191607
1102,-26.166079543191607
1103,-26.166079543191607
1104,-26.166079543191607
1105,-26.166079543191607
1106,-26.166079543191607
1107,-26.166079543191607
1108,-26.166079543191607
1109,-26.166079543191607
1110,-26.166079543191607
1111,-26.166079543191607
1112,-26.166079543191607
1113,-26.166079543191607
1114,-26.166079543191607
1115,-26.166079543191607
1116,-26.166079543191607
1117,-26.166079543191607
1118,-26.166079543191607
1119,-26.166079543191607
1120,-26.166079543191607
1121,-26.166079543191607
1122,-26.166079543191607
1123,-26.166079543191607
1124,-26.166079543191607
1125,-26.166079543191607
1126,-26.166079543191607
1127,-26.166079543191607
1128,-26.166079543191607
1129,-26.166079543191607
1130,-26.166079543191607
1131,-26.166079543191607
1132,-26.166079543191607
1133,-26.166079543191607
1134,-26.166079543191607
1135,-26.166079543191607
1136,-26.166079543191607
1137,-26.166079543191607
1138,-26.166079543191607
1139,-26.166079543191607
1140,-26.166079543191607
1141,-26.166079543191607
1142,-26.166079543191607
1143,-26.166079543191607
1144,-26.166079543191607
1145,-26.166079543191607
1146,-26.166079543191607
1147,-26.166079543191607
1148,-26.166079543191607
1149,-26.166079543191607
1150,-26.166079543191607
1151,-26.166079543191607
1152,-26.166079543191607
1153,-26.166079543191607
1154,-26.166079543191607
1155,-26.166079543191607
1156,-26.166079543191607
1157,-26.166079543191607
1158,-26.166079543191607
1159,-26.166079543191607
1160,-26.166079543191607
1161,-26.166079543191607
1162,-26.166079543191607
1163,-26.166079543191607
1164,-26.166079543191607
1165,-26.166079543191607
1166,-26.166079543191607
1167,-26.166079543191607
1168,-26.166079543191607
1169,-26.166079543191607
1170,-26.166079543191607
1171,-26.166079543191607
1172,-26.166079543191607
1173,-26.166079543191607
1174,-26.166079543191607
1175,-26.166079543191607
1176,-26.166079543191607
1177,-26.166079543191607
1178,-26.166079543191607
1179,-26.166079543191607
1180,-26.166079543191607
1181,-26.166079543191607
1182,-26.166079543191607
1183,-26.166079543191607
1184,-26.166079543191607
1185,-26.166079543191607
1186,-26.166079543191607
1187,-26.166079543191607
1188,-26.166079543191607
1189,-26.166079543191607
1190,-26.166079543191607
1191,-26.166079543191607
1192,-26.166079543191607
1193,-26.166079543191607
1194,-26.166079543191607
1195,-26.166079543191607
1196,-26.166079543191607
1197,-26.166079543191607
1198,-26.166079543191607
1199,-26.166079543191607
1200,-26.166079543191607
1201,-26.166079543191607
1202,-26.166079543191607
1203,-26.166079543191607
1204,-26.166079543191607
1205,-26.166079543191607
1206,-26.166079543191607
1207,-26.166079543191607
1208,-26.166079543191607
1209,-26.166079543191607
1210,-26.166079543191607
1211,-26.166079543191607
1212,-26.166079543191607
1213,-26.166079543191607
1214,-26.166079543191607
1215,-26.166079543191607
1216,-26.166079543191607
1217,-26.166079543191607
1218,-26.166079543191607
1219,-26.166079543191607
1220,-26.166079543191607
1221,-26.166079543191607
1222,-26.166079543191607
1223,-26.166079543191607
1224,-26.166079543191607
1225,-26.166079543191607
1226,-26.166079543191607
1227,-26.166079543191607
1228,-26.166079543191607
1229,-26.166079543191607
1230,-26.166079543191607
1231,-26.166079543191607
1232,-26.166079543191607
1233,-26.166079543191607
1234,-26.166079543191607
1235,-26.166079543191607
1236,-26.166079543191607
1237,-26.166079543191607
1238,-26.166079543191607
1239,-26.166079543191607
1240,-26.166079543191607
1241,-26.166079543191607
1242,-26.166079543191607
1243,-26.166079543191607
1244,-26.166079543191607
1245,-26.166079543191607
1246,-26.166079543191607
1247,-26.166079543191607
1248,-26.166079543191607
1249,-26.166079543191607
1250,-26.166079543191607
1251,-26.166079543191607
1252,-26.166079543191607
1253,-26.166079543191607
1254,-26.166079543191607
1255,-26.166079543191607
1256,-26.166079543191607
1257,-26.166079543191607
1258,-26.166079543191607
1259,-26.166079543191607
1260,-26.166079543191607
1261,-26.166079543191607
1262,-26.166079543191607
1263,-26.166079543191607
1264,-26.166079543191607
1265,-26.166079543191607
1266,-26.166079543191607
1267,-26.166079543191607
1268,-26.166079543191607
1269,-26.166079543191607
1270,-26.166079543191607
1271,-26.166079543191607
1272,-26.166079543191607
1273,-26.166079543191607
1274,-26.166079543191607
1275,-26.166079543191607
1276,-26.166079543191607
1277,-26.166079543191607
1278,-26.166079543191607
1279,-26.166079543191607
1280,-26.166079543191607
1281,-26.166079543191607
1282,-26.166079543191607
1283,-26.166079543191607
1284,-26.166079543191607
1285,-26.166079543191607
1286,-26.166079543191607
1287,-26.166079543191607
1288,-26.166079543191607
1289,-26.166079543191607
1290,-26.166079543191607
1291,-26.166079543191607
1292,-26.166079543191607
1293,-26.166079543191607
1294,-26.166079543191607
1295,-26.166079543191607
1296,-26.166079543191607
1297,-26.166079543191607
1298,-26.166079543191607
1299,-26.166079543191607
1300,-26.166079543191607
1301,-26.166079543191607
1302,-26.166079543191607
1303,-26.166079543191607
1304,-26.166079543191607
1305,-26.166079543191607
1306,-26.166079543191607
1307,-26.166079543191607
1308,-26.166079543191607
1309,-26.166079543191607
1310,-26.166079543191607
1311,-26.166079543191607
1312,-26.166079543191607
1313,-26.166079543191607
1314,-26.166079543191607
1315,-26.166079543191607
1316,-26.166079543191607
1317,-26.166079543191607
1318,-26.166079543191607
1319,-26.166079543191607
1320,-26.166079543191607
1321,-26.166079543191607
1322,-26.166079543191607
1323,-26.166079543191607
1324,-26.166079543191607
1325,-26.166079543191607
1326,-26.166079543191607
1327,-26.166079543191607
1328,-26.166079543191607
1329,-26.166079543191607
1330,-26.166079543191607
1331,-26.166079543191607
1332,-26.166079543191607
1333,-26.166079543191607
1334,-26.166079543191607
1335,-26.166079543191607
1336,-26.166079543191607
1337,-26.166079543191607
1338,-26.166079543191607
1339,-26.166079543191607
1340,-26.166079543191607
1341,-26.166079543191607
1342,-26.166079543191607
1343,-26.166079543191607
1344,-26.166079543191607
1345,-26.166079543191607
1346,-26.166079543191607
1347,-26.166079543191607
1348,-26.166079543191607
1349,-26.166079543191607
1350,-26.166079543191607
1351,-26.166079543191607
1352,-26.166079543191607
1353,-26.166079543191607
1354,-26.166079543191607
1355,-26.166079543191607
1356,-26.166079543191607
1357,-26.166079543191607
1358,-26.166079543191607
1359,-26.166079543191607
1360,-26.166079543191607
1361,-26.166079543191607
1362,-26.166079543191607
1363,-26.166079543191607
1364,-26.166079543191607
1365,-26.166079543191607
1366,-26.166079543191607
1367,-26.166079543191607
1368,-26.166079543191607
1369,-26.166079543191607
1370,-26.166079543191607
1371,-26.166079543191607
1372,-26.166079543191607
1373,-26.166079543191607
1374,-26.166079543191607
1375,-26.166079543191607
1376,-26.166079543191607
1377,-26.166079543191607
1378,-26.166079543191607
1379,-26.166079543191607
1380,-26.166079543191607
1381,-26.166079543191607
1382,-26.166079543191607
1383,-26.166079543191607
1384,-26.166079543191607
1385,-26.166079543191607
1386,-26.166079543191607
1387,-26.166079543191607
1388,-26.166079543191607
1389,-26.166079543191607
1390,-26.166079543191607
1391,-26.166079543191607
1392,-26.166079543191607
1393,-26.166079543191607
1394,-26.166079543191607
1395,-26.166079543191607
1396,-26.166079543191607
1397,-26.166079543191607
1398,-26.166079543191607
1399,-26.166079543191607
1400,-26.166079543191607
1401,-26.166079543191607
1402,-26.166079543191607
1403,-26.166079543191607
1404,-26.166079543191607
1405,-26.166079543191607
1406,-26.166079543191607
1407,-26.166079543191607
1408,-26.166079543191607
1409,-26.166079543191607
1410,-26.166079543191607
1411,-26.166079543191607
1412,-26.166079543191607
1413,-26.166079543191607
1414,-26.166079543191607
1415,-26.166079543191607
1416,-26.166079543191607
1417,-26.166079543191607
1418,-26.166079543191607
1419,-26.166079543191607
1420,-26.166079543191607
1421,-26.166079543191607
1422,-26.166079543191607
1423,-26.166079543191607
1424,-26.166079543191607
1425,-26.166079543191607
1426,-26.166079543191607
1427,-26.166079543191607
1428,-26.166079543191607
1429,-26.166079543191607
1430,-26.166079543191607
1431,-26.166079543191607
1432,-26.166079543191607
1433,-26.166079543191607
1434,-26.166079543191607
1435,-26.166079543191607
1436,-26.166079543191607
1437,-26.166079543191607
1438,-26.166079543191607
1439,-26.166079543191607
1440,-26.166079543191607
1441,-26.166079543191607
1442,-26.166079543191607
1443,-26.166079543191607
1444,-26.166079543191607
1445,-26.166079543191607
1446,-26.166079543191607
1447,-26.166079543191607
1448,-26.166079543191607
1449,-26.166079543191607
1450,-26.166079543191607
1451,-26.166079543191607
1452,-26.166079543191607
1453,-26.166079543191607
1454,-26.166079543191607
1455,-26.166079543191607
1456,-26.166079543191607
1457,-26.166079543191607
1458,-26.166079543191607
1459,-26.166079543191607
1460,-26.166079543191607
1461,-26.166079543191607
1462,-26.166079543191607
1463,-26.166079543191607
1464,-26.166079543191607
1465,-26.166079543191607
1466,-26.166079543191607
1467,-26.166079543191607
1468,-26.166079543191607
1469,-26.166079543191607
1470,-26.166079543191607
1471,-26.166079543191607
1472,-26.166079543191607
1473,-26.166079543191607
1474,-26.166079543191607
1475,-26.166079543191607
1476,-26.166079543191607
1477,-26.166079543191607
1478,-26.166079543191607
1479,-26.166079543191607
1480,-26.166079543191607
1481,-26.166079543191607
1482,-26.166079543191607
1483,-26.166079543191607
1484,-26.166079543191607
1485,-26.166079543191607
1486,-26.166079543191607
1487,-26.166079543191607
1488,-26.166079543191607
1489,-26.166079543191607
1490,-26.166079543191607
1491,-26.166079543191607
1492,-26.166079543191607
1493,-26.166079543191607
1494,-26.166079543191607
1495,-26.166079543191607
1496,-26.166079543191607
1497,-26.166079543191607
1498,-26.166079543191607
1499,-26.166079543191607
1500,-26.166079543191607
1501,-26.166079543191607
1502,-26.166079543191607
1503,-26.166079543191607
1504,-26.166079543191607
1505,-26.166079543191607
1506,-26.166079543191607
1507,-26.166079543191607
1508,-26.166079543191607
1509,-26.166079543191607
1510,-26.166079543191607
1511,-26.166079543191607
1512,-26.166079543191607
1513,-26.166079543191607
1514,-26.166079543191607
1515,-26.166079543191607
1516,-26.166079543191607
1517,-26.166079543191607
1518,-26.166079543191607
1519,-26.166079543191607
1520,-26.166079543191607
1521,-26.166079543191607
1522,-26.166079543191607
1523,-26.166079543191607
1524,-26.166079543191607
1525,-26.166079543191607
1526,-26.166079543191607
1527,-26.166079543191607
1528,-26.166079543191607
1529,-26.166079543191607
1530,-26.166079543191607
1531,-26.166079543191607
1532,-26.166079543191607
1533,-26.166079543191607
1534,-26.166079543191607
1535,-26.166079543191607
1536,-26.166079543191607
1537,-26.166079543191607
1538,-26.166079543191607
1539,-26.166079543191607
1540,-26.166079543191607
1541,-26.166079543191607
1542,-26.166079543191607
1543,-26.166079543191607
1544,-26.166079543191607
1545,-26.166079543191607
1546,-26.166079543191607
1547,-26.166079543191607
1548,-26.166079543191607
1549,-26.166079543191607
1550,-26.166079543191607
1551,-26.166079543191607
1552,-26.166079543191607
1553,-26.166079543191607
1554,-26.166079543191607
1555,-26.166079543191607
1556,-26.166079543191607
1557,-26.166079543191607
1558,-26.166079543191607
1559,-26.166079543191607
1560,-26.166079543191607
1561,-26.166079543191607
1562,-26.166079543191607
1563,-26.166079543191607
1564,-26.166079543191607
1565,-26.166079543191607
1566,-26.166079543191607
1567,-26.166079543191607
1568,-26.166079543191607
1569,-26.166079543191607
1570,-26.166079543191607
1571,-26.166079543191607
1572,-26.166079543191607
1573,-26.166079543191607
1574,-26.166079543191607
1575,-26.166079543191607
1576,-26.166079543191607
1577,-26.166079543191607
1578,-26.166079543191607
1579,-26.166079543191607
1580,-26.166079543191607
1581,-26.166079543191607
1582,-26.166079543191607
1583,-26.166079543191607
1584,-26.166079543191607
1585,-26.166079543191607
1586,-26.166079543191607
1587,-26.166079543191607
1588,-26.166079543191607
1589,-26.166079543191607
1590,-26.166079543191607
1591,-26.166079543191607
1592,-26.166079543191607
1593,-26.166079543191607
1594,-26.166079543191607
1595,-26.166079543191607
1596,-26.166079543191607
1597,-26.166079543191607
1598,-26.166079543191607
1599,-26.166079543191607
1600,-26.166079543191607
1601,-26.166079543191607
1602,-26.166079543191607
1603,-26.166079543191607
1604,-26.166079543191607
1605,-26.166079543191607
1606,-26.166079543191607
1607,-26.166079543191607
1608,-26.166079543191607
1609,-26.166079543191607
1610,-26.166079543191607
1611,-26.166079543191607
1612,-26.166079543191607
1613,-26.166079543191607
1614,-26.166079543191607
1615,-26.166079543191607
1616,-26.166079543191607
1617,-26.166079543191607
1618,-26.166079543191607
1619,-26.166079543191607
1620,-26.166079543191607
1621,-26.166079543191607
1622,-26.166079543191607
1623,-26.166079543191607
1624,-26.166079543191607
1625,-26.166079543191607
1626,-26.166079543191607
1627,-26.166079543191607
1628,-26.166079543191607
1629,-26.166079543191607
1630,-26.166079543191607
1631,-26.166079543191607
1632,-26.166079543191607
1633,-26.166079543191607
1634,-26.166079543191607
1635,-26.166079543191607
1636,-26.166079543191607
1637,-26.166079543191607
1638,-26.166079543191607
1639,-26.166079543191607
1640,-26.166079543191607
1641,-26.166079543191607
1642,-26.166079543191607
1643,-26.166079543191607
1644,-26.166079543191607
1645,-26.166079543191607
1646,-26.166079543191607
1647,-26.166079543191607
1648,-26.166079543191607
1649,-26.166079543191607
1650,-26.166079543191607
1651,-26.166079543191607
1652,-26.166079543191607
1653,-26.166079543191607
1654,-26.166079543191607
1655,-26.166079543191607
1656,-26.166079543191607
1657,-26.166079543191607
1658,-26.166079543191607
1659,-26.166079543191607
1660,-26.166079543191607
1661,-26.166079543191607
1662,-26.166079543191607
1663,-26.166079543191607
1664,-26.166079543191607
1665,-26.166079543191607
1666,-26.166079543191607
1667,-26.166079543191607
1668,-26.166079543191607
1669,-26.166079543191607
1670,-26.166079543191607
1671,-26.166079543191607
1672,-26.166079543191607
1673,-26.166079543191607
1674,-26.166079543191607
1675,-26.166079543191607
1676,-26.166079543191607
1677,-26.166079543191607
1678,-26.166079543191607
1679,-26.166079543191607
1680,-26.166079543191607
1681,-26.166079543191607
1682,-26.166079543191607
1683,-26.166079543191607
1684,-26.166079543191607
1685,-26.166079543191607
1686,-26.166079543191607
1687,-26.166079543191607
1688,-26.166079543191607
1689,-26.166079543191607
1690,-26.166079543191607
1691,-26.166079543191607
1692,-26.166079543191607
1693,-26.166079543191607
1694,-26.166079543191607
1695,-26.166079543191607
1696,-26.166079543191607
1697,-26.166079543191607
1698,-26.166079543191607
1699,-26.166079543191607
1700,-26.166079543191607
1701,-26.166079543191607
1702,-26.166079543191607
1703,-26.166079543191607
1704,-26.166079543191607
1705,-26.166079543191607
1706,-26.166079543191607
1707,-26.166079543191607
1708,-26.166079543191607
1709,-26.166079543191607
1710,-26.166079543191607
1711,-26.166079543191607
1712,-26.166079543191607
1713,-26.166079543191607
1714,-26.166079543191607
1715,-26.166079543191607
1716,-26.166079543191607
1717,-26.166079543191607
1718,-26.166079543191607
1719,-26.166079543191607
1720,-26.166079543191607
1721,-26.166079543191607
1722,-26.166079543191607
1723,-26.166079543191607
1724,-26.166079543191607
1725,-26.166079543191607
1726,-26.166079543191607
1727,-26.166079543191607
1728,-26.166079543191607
1729,-26.166079543191607
1730,-26.166079543191607
1731,-26.166079543191607
1732,-26.166079543191607
1733,-26.166079543191607
1734,-26.166079543191607
1735,-26.166079543191607
1736,-26.166079543191607
1737,-26.166079543191607
1738,-26.166079543191607
1739,-26.166079543191607
1740,-26.166079543191607
1741,-26.166079543191607
1742,-26.166079543191607
1743,-26.166079543191607
1744,-26.166079543191607
1745,-26.166079543191607
1746,-26.166079543191607
1747,-26.166079543191607
1748,-26.166079543191607
1749,-26.166079543191607
1750,-26.166079543191607
1751,-26.166079543191607
1752,-26.166079543191607
1753,-26.166079543191607
1754,-26.166079543191607
1755,-26.166079543191607
1756,-26.166079543191607
1757,-26.166079543191607
1758,-26.166079543191607
1759,-26.166079543191607
1760,-26.166079543191607
1761,-26.166079543191607
1762,-26.166079543191607
1763,-26.166079543191607
1764,-26.166079543191607
1765,-26.166079543191607
1766,-26.166079543191607
1767,-26.166079543191607
1768,-26.166079543191607
1769,-26.166079543191607
1770,-26.166079543191607
1771,-26.166079543191607
1772,-26.166079543191607
1773,-26.166079543191607
1774,-26.166079543191607
1775,-26.166079543191607
1776,-26.166079543191607
1777,-26.166079543191607
1778,-26.166079543191607
1779,-26.166079543191607
1780,-26.166079543191607
1781,-26.166079543191607
1782,-26.166079543191607
1783,-26.166079543191607
1784,-26.166079543191607
1785,-26.166079543191607
1786,-26.166079543191607
1787,-26.166079543191607
1788,-26.166079543191607
1789,-26.166079543191607
1790,-26.166079543191607
1791,-26.166079543191607
1792,-26.166079543191607
1793,-26.166079543191607
1794,-26.166079543191607
1795,-26.166079543191607
1796,-26.166079543191607
1797,-26.166079543191607
1798,-26.166079543191607
1799,-26.166079543191607
1800,-26.166079543191607
1801,-26.166079543191607
1802,-26.166079543191607
1803,-26.166079543191607
1804,-26.166079543191607
1805,-26.166079543191607
1806,-26.166079543191607
1807,-26.166079543191607
1808,-26.166079543191607
1809,-26.166079543191607
1810,-26.166079543191607
1811,-26.166079543191607
1812,-26.166079543191607
1813,-26.166079543191607
1814,-26.166079543191607
1815,-26.166079543191607
1816,-26.166079543191607
1817,-26.166079543191607
1818,-26.166079543191607
1819,-26.166079543191607
1820,-26.166079543191607
1821,-26.166079543191607
1822,-26.166079543191607
1823,-26.166079543191607
1824,-26.166079543191607
1825,-26.166079543191607
1826,-26.166079543191607
1827,-26.166079543191607
1828,-26.166079543191607
1829,-26.166079543191607
1830,-26.166079543191607
1831,-26.166079543191607
1832,-26.166079543191607
1833,-26.166079543191607
1834,-26.166079543191607
1835,-26.166079543191607
1836,-26.166079543191607
1837,-26.166079543191607
1838,-26.166079543191607
1839,-26.166079543191607
1840,-26.166079543191607
1841,-26.166079543191607
1842,-26.166079543191607
1843,-26.166079543191607
1844,-26.166079543191607
1845,-26.166079543191607
1846,-26.166079543191607
1847,-26.166079543191607
1848,-26.166079543191607
1849,-26.166079543191607
1850,-26.166079543191607
1851,-26.166079543191607
1852,-26.166079543191607
1853,-26.166079543191607
1854,-26.166079543191607
1855,-26.166079543191607
1856,-26.166079543191607
1857,-26.166079543191607
1858,-26.166079543191607
1859,-26.166079543191607
1860,-26.166079543191607
1861,-26.166079543191607
1862,-26.166079543191607
1863,-26.166079543191607
1864,-26.166079543191607
1865,-26.166079543191607
1866,-26.166079543191607
1867,-26.166079543191607
1868,-26.166079543191607
1869,-26.166079543191607
1870,-26.166079543191607
1871,-26.166079543191607
1872,-26.166079543191607
1873,-26.166079543191607
1874,-26.166079543191607
1875,-26.166079543191607
1876,-26.166079543191607
1877,-26.166079543191607
1878,-26.166079543191607
1879,-26.166079543191607
1880,-26.166079543191607
1881,-26.166079543191607
1882,-26.166079543191607
1883,-26.166079543191607
1884,-26.166079543191607
1885,-26.166079543191607
1886,-26.166079543191607
1887,-26.166079543191607
1888,-26.166079543191607
1889,-26.166079543191607
1890,-26.166079543191607
1891,-26.166079543191607
1892,-26.166079543191607
1893,-26.166079543191607
1894,-26.166079543191607
1895,-26.166079543191607
1896,-26.166079543191607
1897,-26.166079543191607
1898,-26.166079543191607
1899,-26.166079543191607
1900,-26.166079543191607
1901,-26.166079543191607
1902,-26.166079543191607
1903,-26.166079543191607
1904,-26.166079543191607
1905,-26.166079543191607
1906,-26.166079543191607
1907,-26.166079543191607
1908,-26.166079543191607
1909,-26.166079543191607
1910,-26.166079543191607
1911,-26.166079543191607
1912,-26.166079543191607
1913,-26.166079543191607
1914,-26.166079543191607
1915,-26.166079543191607
1916,-26.166079543191607
1917,-26.166079543191607
1918,-26.166079543191607
1919,-26.166079543191607
1920,-26.166079543191607
1921,-26.166079543191607
1922,-26.166079543191607
1923,-26.166079543191607
1924,-26.166079543191607
1925,-26.166079543191607
1926,-26.166079543191607
1927,-26.166079543191607
1928,-26.166079543191607
1929,-26.166079543191607
1930,-26.166079543191607
1931,-26.166079543191607
1932,-26.166079543191607
1933,-26.166079543191607
1934,-26.166079543191607
1935,-26.166079543191607
1936,-26.166079543191607
1937,-26.166079543191607
1938,-26.166079543191607
1939,-26.166079543191607
1940,-26.166079543191607
1941,-26.166079543191607
1942,-26.166079543191607
1943,-26.166079543191607
1944,-26.166079543191607
1945,-26.166079543191607
1946,-26.166079543191607
1947,-26.166079543191607
1948,-26.166079543191607
1949,-26.166079543191607
1950,-26.166079543191607
1951,-26.166079543191607
1952,-26.166079543191607
1953,-26.166079543191607
1954,-26.166079543191607
1955,-26.166079543191607
1956,-26.166079543191607
1957,-26.166079543191607
1958,-26.166079543191607
1959,-26.166079543191607
1960,-26.166079543191607
1961,-26.166079543191607
1962,-26.166079543191607
1963,-26.166079543191607
1964,-26.166079543191607
1965,-26.166079543191607
1966,-26.166079543191607
1967,-26.166079543191607
1968,-26.166079543191607
1969,-26.166079543191607
1970,-26.166079543191607
1971,-26.166079543191607
1972,-26.166079543191607
1973,-26.166079543191607
1974,-26.166079543191607
1975,-26.166079543191607
1976,-26.166079543191607
1977,-26.166079543191607
1978,-26.166079543191607
1979,-26.166079543191607
1980,-26.166079543191607
1981,-26.166079543191607
1982,-26.166079543191607
1983,-26.166079543191607
1984,-26.166079543191607
1985,-26.166079543191607
1986,-26.166079543191607
1987,-26.166079543191607
1988,-26.166079543191607
1989,-26.166079543191607
1990,-26.166079543191607
1991,-26.166079543191607
1992,-26.166079543191607
1993,-26.166079543191607
1994,-26.166079543191607
1995,-26.166079543191607
1996,-26.166079543191607
1997,-26.166079543191607
1998,-26.166079543191607
1999,-26.166079543191607
2000,-26.166079543191607
2001,-26.166079543191607
2002,-26.166079543191607
2003,-26.166079543191607
2004,-26.166079543191607
2005,-26.166079543191607
2006,-26.166079543191607
2007,-26.166079543191607
2008,-26.166079543191607
2009,-26.166079543191607
2010,-26.166079543191607
2011,-26.166079543191607
2012,-26.166079543191607
2013,-26.166079543191607
2014,-26.166079543191607
2015,-26.166079543191607
2016,-26.166079543191607
2017,-26.166079543191607
2018,-26.166079543191607
2019,-26.166079543191607
2020,-26.166079543191607
2021,-26.166079543191607
2022,-26.166079543191607
2023,-26.166079543191607
2024,-26.166079543191607
2025,-26.166079543191607
2026,-26.166079543191607
2027,-26.166079543191607
2028,-26.166079543191607
2029,-26.166079543191607
2030,-26.166079543191607
2031,-26.166079543191607
2032,-26.166079543191607
2033,-26.166079543191607
2034,-26.166079543191607
2035,-26.166079543191607
2036,-26.166079543191607
2037,-26.166079543191607
2038,-26.166079543191607
2039,-26.166079543191607
2040,-26.166079543191607
2041,-26.166079543191607
2042,-26.166079543191607
2043,-26.166079543191607
2044,-26.166079543191607
2045,-26.166079543191607
2046,-26.166079543191607
2047,-26.166079543191607
2048,-26.166079543191607
2049,-26.166079543191607
2050,-26.166079543191607
2051,-26.166079543191607
2052,-26.166079543191607
2053,-26.166079543191607
2054,-26.166079543191607
2055,-26.166079543191607
2056,-26.166079543191607
2057,-26.166079543191607
2058,-26.166079543191607
2059,-26.166079543191607
2060,-26.166079543191607
2061,-26.166079543191607
2062,-26.166079543191607
2063,-26.166079543191607
2064,-26.166079543191607
2065,-26.166079543191607
2066,-26.166079543191607
2067,-26.166079543191607
2068,-26.166079543191607
2069,-26.166079543191607
2070,-26.166079543191607
2071,-26.166079543191607
2072,-26.166079543191607
2073,-26.166079543191607
2074,-26.166079543191607
2075,-26.166079543191607
2076,-26.166079543191607
2077,-26.166079543191607
2078,-26.166079543191607
2079,-26.166079543191607
2080,-26.166079543191607
2081,-26.166079543191607
2082,-26.166079543191607
2083,-26.166079543191607
2084,-26.166079543191607
2085,-26.166079543191607
2086,-26.166079543191607
2087,-26.166079543191607
2088,-26.166079543191607
2089,-26.166079543191607
2090,-26.166079543191607
2091,-26.166079543191607
2092,-26.166079543191607
2093,-26.166079543191607
2094,-26.166079543191607
2095,-26.166079543191607
2096,-26.166079543191607
2097,-26.166079543191607
2098,-26.166079543191607
2099,-26.166079543191607
2100,-26.166079543191607
2101,-26.166079543191607
2102,-26.166079543191607
2103,-26.166079543191607
2104,-26.166079543191607
2105,-26.166079543191607
2106,-26.166079543191607
2107,-26.166079543191607
2108,-26.166079543191607
2109,-26.166079543191607
2110,-26.166079543191607
2111,-26.166079543191607
2112,-26.166079543191607
2113,-26.166079543191607
2114,-26.166079543191607
2115,-26.166079543191607
2116,-26.166079543191607
2117,-26.166079543191607
2118,-26.166079543191607
2119,-26.166079543191607
2120,-26.166079543191607
2121,-26.166079543191607
2122,-26.166079543191607
2123,-26.166079543191607
2124,-26.166079543191607
2125,-26.166079543191607
2126,-26.166079543191607
2127,-26.166079543191607
2128,-26.166079543191607
2129,-26.166079543191607
2130,-26.166079543191607
2131,-26.166079543191607
2132,-26.166079543191607
2133,-26.166079543191607
2134,-26.166079543191607
2135,-26.166079543191607
2136,-26.166079543191607
2137,-26.166079543191607
2138,-26.166079543191607
2139,-26.166079543191607
2140,-26.166079543191607
2141,-26.166079543191607
2142,-26.166079543191607
2143,-26.166079543191607
2144,-26.166079543191607
2145,-26.166079543191607
2146,-26.166079543191607
2147,-26.166079543191607
2148,-26.166079543191607
2149,-26.166079543191607
2150,-26.166079543191607
2151,-26.166079543191607
2152,-26.166079543191607
2153,-26.166079543191607
2154,-26.166079543191607
2155,-26.166079543191607
2156,-26.166079543191607
2157,-26.166079543191607
2158,-26.166079543191607
2159,-26.166079543191607
2160,-26.166079543191607
2161,-26.166079543191607
2162,-26.166079543191607
2163,-26.166079543191607
2164,-26.166079543191607
2165,-26.166079543191607
2166,-26.166079543191607
2167,-26.166079543191607
2168,-26.166079543191607
2169,-26.166079543191607
2170,-26.166079543191607
2171,-26.166079543191607
2172,-26.166079543191607
2173,-26.166079543191607
2174,-26.166079543191607
2175,-26.166079543191607
2176,-26.166079543191607
2177,-26.166079543191607
2178,-26.166079543191607
2179,-26.166079543191607
2180,-26.166079543191607
2181,-26.166079543191607
2182,-26.166079543191607
2183,-26.166079543191607
2184,-26.166079543191607
2185,-26.166079543191607
2186,-26.166079543191607
2187,-26.166079543191607
2188,-26.166079543191607
2189,-26.166079543191607
2190,-26.166079543191607
2191,-26.166079543191607
2192,-26.166079543191607
2193,-26.166079543191607
2194,-26.166079543191607
2195,-26.166079543191607
2196,-26.166079543191607
2197,-26.166079543191607
2198,-26.166079543191607
2199,-26.166079543191607
2200,-26.166079543191607
2201,-26.166079543191607
2202,-26.166079543191607
2203,-26.166079543191607
2204,-26.166079543191607
2205,-26.166079543191607
2206,-26.166079543191607
2207,-26.166079543191607
2208,-26.166079543191607
2209,-26.166079543191607
2210,-26.166079543191607
2211,-26.166079543191607
2212,-26.166079543191607
2213,-26.166079543191607
2214,-26.166079543191607
2215,-26.166079543191607
2216,-26.166079543191607
2217,-26.166079543191607
2218,-26.166079543191607
2219,-26.166079543191607
2220,-26.166079543191607
2221,-26.166079543191607
2222,-26.166079543191607
2223,-26.166079543191607
2224,-26.166079543191607
2225,-26.166079543191607
2226,-26.166079543191607
2227,-26.166079543191607
2228,-26.166079543191607
2229,-26.166079543191607
2230,-26.166079543191607
2231,-26.166079543191607
2232,-26.166079543191607
2233,-26.166079543191607
2234,-26.166079543191607
2235,-26.166079543191607
2236,-26.166079543191607
2237,-26.166079543191607
2238,-26.166079543191607
2239,-26.166079543191607
2240,-26.166079543191607
2241,-26.166079543191607
2242,-26.166079543191607
2243,-26.166079543191607
2244,-26.166079543191607
2245,-26.166079543191607
2246,-26.166079543191607
2247,-26.166079543191607
2248,-26.166079543191607
2249,-26.166079543191607
2250,-26.166079543191607
2251,-26.166079543191607
2252,-26.166079543191607
2253,-26.166079543191607
2254,-26.166079543191607
2255,-26.166079543191607
2256,-26.166079543191607
2257,-26.166079543191607
2258,-26.166079543191607
2259,-26.166079543191607
2260,-26.166079543191607
2261,-26.166079543191607
2262,-26.166079543191607
2263,-26.166079543191607
2264,-26.166079543191607
2265,-26.166079543191607
2266,-26.166079543191607
2267,-26.166079543191607
2268,-26.166079543191607
2269,-26.166079543191607
2270,-26.166079543191607
2271,-26.166079543191607
2272,-26.166079543191607
2273,-26.166079543191607
2274,-26.166079543191607
2275,-26.166079543191607
2276,-26.166079543191607
2277,-26.166079543191607
2278,-26.166079543191607
2279,-26.166079543191607
2280,-26.166079543191607
2281,-26.166079543191607
2282,-26.166079543191607
2283,-26.166079543191607
2284,-26.166079543191607
2285,-26.166079543191607
2286,-26.166079543191607
2287,-26.166079543191607
2288,-26.166079543191607
2289,-26.166079543191607
2290,-26.166079543191607
2291,-26.166079543191607
2292,-26.166079543191607
2293,-26.166079543191607
2294,-26.166079543191607
2295,-26.166079543191607
2296,-26.166079543191607
2297,-26.166079543191607
2298,-26.166079543191607
2299,-26.166079543191607
2300,-26.166079543191607
2301,-26.166079543191607
2302,-26.166079543191607
2303,-26.166079543191607
2304,-26.166079543191607
2305,-26.166079543191607
2306,-26.166079543191607
2307,-26.166079543191607
2308,-26.166079543191607
2309,-26.166079543191607
2310,-26.166079543191607
2311,-26.166079543191607
2312,-26.166079543191607
2313,-26.166079543191607
2314,-26.166079543191607
2315,-26.166079543191607
2316,-26.166079543191607
2317,-26.166079543191607
2318,-26.166079543191607
2319,-26.166079543191607
2320,-26.166079543191607
2321,-26.166079543191607
2322,-26.166079543191607
2323,-26.166079543191607
2324,-26.166079543191607
2325,-26.166079543191607
2326,-26.166079543191607
2327,-26.166079543191607
2328,-26.166079543191607
2329,-26.166079543191607
2330,-26.166079543191607
2331,-26.166079543191607
2332,-26.166079543191607
2333,-26.166079543191607
2334,-26.166079543191607
2335,-26.166079543191607
2336,-26.166079543191607
2337,-26.166079543191607
2338,-26.166079543191607
2339,-26.166079543191607
2340,-26.166079543191607
2341,-26.166079543191607
2342,-26.166079543191607
2343,-26.166079543191607
2344,-26.166079543191607
2345,-26.166079543191607
2346,-26.166079543191607
2347,-26.166079543191607
2348,-26.166079543191607
2349,-26.166079543191607
2350,-26.166079543191607
2351,-26.166079543191607
2352,-26.166079543191607
2353,-26.166079543191607
2354,-26.166079543191607
2355,-26.166079543191607
2356,-26.166079543191607
2357,-26.166079543191607
2358,-26.166079543191607
2359,-26.166079543191607
2360,-26.166079543191607
2361,-26.166079543191607
2362,-26.166079543191607
2363,-26.166079543191607
2364,-26.166079543191607
2365,-26.166079543191607
2366,-26.166079543191607
2367,-26.166079543191607
2368,-26.166079543191607
2369,-26.166079543191607
2370,-26.166079543191607
2371,-26.166079543191607
2372,-26.166079543191607
2373,-26.166079543191607
2374,-26.166079543191607
2375,-26.166079543191607
2376,-26.166079543191607
2377,-26.166079543191607
2378,-26.166079543191607
2379,-26.166079543191607
2380,-26.166079543191607
2381,-26.166079543191607
2382,-26.166079543191607
2383,-26.166079543191607
2384,-26.166079543191607
2385,-26.166079543191607
2386,-26.166079543191607
2387,-26.166079543191607
2388,-26.166079543191607
2389,-26.166079543191607
2390,-26.166079543191607
2391,-26.166079543191607
2392,-26.166079543191607
2393,-26.166079543191607
2394,-26.166079543191607
2395,-26.166079543191607
2396,-26.166079543191607
2397,-26.166079543191607
2398,-26.166079543191607
2399,-26.166079543191607
2400,-26.166079543191607
2401,-26.166079543191607
2402,-26.166079543191607
2403,-26.166079543191607
2404,-26.166079543191607
2405,-26.166079543191607
2406,-26.166079543191607
2407,-26.166079543191607
2408,-26.166079543191607
2409,-26.166079543191607
2410,-26.166079543191607
2411,-26.166079543191607
2412,-26.166079543191607
2413,-26.166079543191607
2414,-26.166079543191607
2415,-26.166079543191607
2416,-26.166079543191607
2417,-26.166079543191607
2418,-26.166079543191607
2419,-26.166079543191607
2420,-26.166079543191607
2421,-26.166079543191607
2422,-26.166079543191607
2423,-26.166079543191607
2424,-26.166079543191607
2425,-26.166079543191607
2426,-26.166079543191607
2427,-26.166079543191607
2428,-26.166079543191607
2429,-26.166079543191607
2430,-26.166079543191607
2431,-26.166079543191607
2432,-26.166079543191607
2433,-26.166079543191607
2434,-26.166079543191607
2435,-26.166079543191607
2436,-26.166079543191607
2437,-26.166079543191607
2438,-26.166079543191607
2439,-26.166079543191607
2440,-26.166079543191607
2441,-26.166079543191607
2442,-26.166079543191607
2443,-26.166079543191607
2444,-26.166079543191607
2445,-26.166079543191607
2446,-26.166079543191607
2447,-26.166079543191607
2448,-26.166079543191607
2449,-26.166079543191607
2450,-26.166079543191607
2451,-26.166079543191607
2452,-26.166079543191607
2453,-26.166079543191607
2454,-26.166079543191607
2455,-26.166079543191607
2456,-26.166079543191607
2457,-26.166079543191607
2458,-26.166079543191607
2459,-26.166079543191607
2460,-26.166079543191607
2461,-26.166079543191607
2462,-26.166079543191607
2463,-26.166079543191607
2464,-26.166079543191607
2465,-26.166079543191607
2466,-26.166079543191607
2467,-26.166079543191607
2468,-26.166079543191607
2469,-26.166079543191607
2470,-26.166079543191607
2471,-26.166079543191607
2472,-26.166079543191607
2473,-26.166079543191607
2474,-26.166079543191607
2475,-26.166079543191607
2476,-26.166079543191607
2477,-26.166079543191607
2478,-26.166079543191607
2479,-26.166079543191607
2480,-26.166079543191607
2481,-26.166079543191607
2482,-26.166079543191607
2483,-26.166079543191607
2484,-26.166079543191607
2485,-26.166079543191607
2486,-26.166079543191607
2487,-26.166079543191607
2488,-26.166079543191607
2489,-26.166079543191607
2490,-26.166079543191607
2491,-26.166079543191607
2492,-26.166079543191607
2493,-26.166079543191607
2494,-26.166079543191607
2495,-26.166079543191607
2496,-26.166079543191607
2497,-26.166079543191607
2498,-26.166079543191607
2499,-26.166079543191607
2500,-26.166079543191607
2501,-26.166079543191607
2502,-26.166079543191607
2503,-26.166079543191607
2504,-26.166079543191607
2505,-26.166079543191607
2506,-26.166079543191607
2507,-26.166079543191607
2508,-26.166079543191607
2509,-26.166079543191607
2510,-26.166079543191607
2511,-26.166079543191607
2512,-26.166079543191607
2513,-26.166079543191607
2514,-26.166079543191607
2515,-26.166079543191607
2516,-26.166079543191607
2517,-26.166079543191607
2518,-26.166079543191607
2519,-26.166079543191607
2520,-26.166079543191607
2521,-26.166079543191607
2522,-26.166079543191607
2523,-26.166079543191607
2524,-26.166079543191607
2525,-26.166079543191607
2526,-26.166079543191607
2527,-26.166079543191607
2528,-26.166079543191607
2529,-26.166079543191607
2530,-26.166079543191607
2531,-26.166079543191607
2532,-26.166079543191607
2533,-26.166079543191607
2534,-26.166079543191607
2535,-26.166079543191607
2536,-26.166079543191607
2537,-26.166079543191607
2538,-26.166079543191607
2539,-26.166079543191607
2540,-26.166079543191607
2541,-26.166079543191607
2542,-26.166079543191607
2543,-26.166079543191607
2544,-26.166079543191607
2545,-26.166079543191607
2546,-26.166079543191607
2547,-26.166079543191607
2548,-26.166079543191607
2549,-26.166079543191607
2550,-26.166079543191607
2551,-26.166079543191607
2552,-26.166079543191607
2553,-26.166079543191607
2554,-26.166079543191607
2555,-26.166079543191607
2556,-26.166079543191607
2557,-26.166079543191607
2558,-26.166079543191607
2559,-26.166079543191607
2560,-26.166079543191607
2561,-26.166079543191607
2562,-26.166079543191607
2563,-26.166079543191607
2564,-26.166079543191607
2565,-26.166079543191607
2566,-26.166079543191607
2567,-26.166079543191607
2568,-26.166079543191607
2569,-26.166079543191607
2570,-26.166079543191607
2571,-26.166079543191607
2572,-26.166079543191607
2573,-26.166079543191607
2574,-26.166079543191607
2575,-26.166079543191607
2576,-26.166079543191607
2577,-26.166079543191607
2578,-26.166079543191607
2579,-26.166079543191607
2580,-26.166079543191607
2581,-26.166079543191607
2582,-26.166079543191607
2583,-26.166079543191607
2584,-26.166079543191607
2585,-26.166079543191607
2586,-26.166079543191607
2587,-26.166079543191607
2588,-26.166079543191607
2589,-26.166079543191607
2590,-26.166079543191607
2591,-26.166079543191607
2592,-26.166079543191607
2593,-26.166079543191607
2594,-26.166079543191607
2595,-26.166079543191607
2596,-26.166079543191607
2597,-26.166079543191607
2598,-26.166079543191607
2599,-26.166079543191607
2600,-26.166079543191607
2601,-26.166079543191607
2602,-26.166079543191607
2603,-26.166079543191607
2604,-26.166079543191607
2605,-26.166079543191607
2606,-26.166079543191607
2607,-26.166079543191607
2608,-26.166079543191607
2609,-26.166079543191607
2610,-26.166079543191607
2611,-26.166079543191607
2612,-26.166079543191607
2613,-26.166079543191607
2614,-26.166079543191607
2615,-26.166079543191607
2616,-26.166079543191607
2617,-26.166079543191607
2618,-26.166079543191607
2619,-26.166079543191607
2620,-26.166079543191607
2621,-26.166079543191607
2622,-26.166079543191607
2623,-26.166079543191607
2624,-26.166079543191607
2625,-26.166079543191607
2626,-26.166079543191607
2627,-26.166079543191607
2628,-26.166079543191607
2629,-26.166079543191607
2630,-26.166079543191607
2631,-26.166079543191607
2632,-26.166079543191607
2633,-26.166079543191607
2634,-26.166079543191607
2635,-26.166079543191607
2636,-26.166079543191607
2637,-26.166079543191607
2638,-26.166079543191607
2639,-26.166079543191607
2640,-26.166079543191607
2641,-26.166079543191607
2642,-26.166079543191607
2643,-26.166079543191607
2644,-26.166079543191607
2645,-26.166079543191607
2646,-26.166079543191607
2647,-26.166079543191607
2648,-26.166079543191607
2649,-26.166079543191607
2650,-26.166079543191607
2651,-26.166079543191607
2652,-26.166079543191607
2653,-26.166079543191607
2654,-26.166079543191607
2655,-26.166079543191607
2656,-26.166079543191607
2657,-26.166079543191607
2658,-26.166079543191607
2659,-26.166079543191607
2660,-26.166079543191607
2661,-26.166079543191607
2662,-26.166079543191607
2663,-26.166079543191607
2664,-26.166079543191607
2665,-26.166079543191607
2666,-26.166079543191607
2667,-26.166079543191607
2668,-26.166079543191607
2669,-26.166079543191607
2670,-26.166079543191607
2671,-26.166079543191607
2672,-26.166079543191607
2673,-26.166079543191607
2674,-26.166079543191607
2675,-26.166079543191607
2676,-26.166079543191607
2677,-26.166079543191607
2678,-26.166079543191607
2679,-26.166079543191607
2680,-26.166079543191607
2681,-26.166079543191607
2682,-26.166079543191607
2683,-26.166079543191607
2684,-26.166079543191607
2685,-26.166079543191607
2686,-26.166079543191607
2687,-26.166079543191607
2688,-26.166079543191607
2689,-26.166079543191607
2690,-26.166079543191607
2691,-26.166079543191607
2692,-26.166079543191607
2693,-26.166079543191607
2694,-26.166079543191607
2695,-26.166079543191607
2696,-26.166079543191607
2697,-26.166079543191607
2698,-26.166079543191607
2699,-26.166079543191607
2700,-26.166079543191607
2701,-26.166079543191607
2702,-26.166079543191607
2703,-26.166079543191607
2704,-26.166079543191607
2705,-26.166079543191607
2706,-26.166079543191607
2707,-26.166079543191607
2708,-26.166079543191607
2709,-26.166079543191607
2710,-26.166079543191607
2711,-26.166079543191607
2712,-26.166079543191607
2713,-26.166079543191607
2714,-26.166079543191607
2715,-26.166079543191607
2716,-26.166079543191607
2717,-26.166079543191607
2718,-26.166079543191607
2719,-26.166079543191607
2720,-26.166079543191607
2721,-26.166079543191607
2722,-26.166079543191607
2723,-26.166079543191607
2724,-26.166079543191607
2725,-26.166079543191607
2726,-26.166079543191607
2727,-26.166079543191607
2728,-26.166079543191607
2729,-26.166079543191607
2730,-26.166079543191607
2731,-26.166079543191607
2732,-26.166079543191607
2733,-26.166079543191607
2734,-26.166079543191607
2735,-26.166079543191607
2736,-26.166079543191607
2737,-26.166079543191607
2738,-26.166079543191607
2739,-26.166079543191607
2740,-26.166079543191607
2741,-26.166079543191607
2742,-26.166079543191607
2743,-26.166079543191607
2744,-26.166079543191607
2745,-26.166079543191607
2746,-26.166079543191607
2747,-26.166079543191607
2748,-26.166079543191607
2749,-26.166079543191607
2750,-26.166079543191607
2751,-26.166079543191607
2752,-26.166079543191607
2753,-26.166079543191607
2754,-26.166079543191607
2755,-26.166079543191607
2756,-26.166079543191607
2757,-26.166079543191607
2758,-26.166079543191607
2759,-26.166079543191607
2760,-26.166079543191607
2761,-26.166079543191607
2762,-26.166079543191607
2763,-26.166079543191607
2764,-26.166079543191607
2765,-26.166079543191607
2766,-26.166079543191607
2767,-26.166079543191607
2768,-26.166079543191607
2769,-26.166079543191607
2770,-26.166079543191607
2771,-26.166079543191607
2772,-26.166079543191607
2773,-26.166079543191607
2774,-26.166079543191607
2775,-26.166079543191607
2776,-26.166079543191607
2777,-26.166079543191607
2778,-26.166079543191607
2779,-26.166079543191607
2780,-26.166079543191607
2781,-26.166079543191607
2782,-26.166079543191607
2783,-26.166079543191607
2784,-26.166079543191607
2785,-26.166079543191607
2786,-26.166079543191607
2787,-26.166079543191607
2788,-26.166079543191607
2789,-26.166079543191607
2790,-26.166079543191607
2791,-26.166079543191607
2792,-26.166079543191607
2793,-26.166079543191607
2794,-26.166079543191607
2795,-26.166079543191607
2796,-26.166079543191607
2797,-26.166079543191607
2798,-26.166079543191607
2799,-26.166079543191607
2800,-26.166079543191607
2801,-26.166079543191607
2802,-26.166079543191607
2803,-26.166079543191607
2804,-26.166079543191607
2805,-26.166079543191607
2806,-26.166079543191607
2807,-26.166079543191607
2808,-26.166079543191607
2809,-26.166079543191607
2810,-26.166079543191607
2811,-26.166079543191607
2812,-26.166079543191607
2813,-26.166079543191607
2814,-26.166079543191607
2815,-26.166079543191607
2816,-26.166079543191607
2817,-26.166079543191607
2818,-26.166079543191607
2819,-26.166079543191607
2820,-26.166079543191607
2821,-26.166079543191607
2822,-26.166079543191607
2823,-26.166079543191607
2824,-26.166079543191607
2825,-26.166079543191607
2826,-26.166079543191607
2827,-26.166079543191607
2828,-26.166079543191607
2829,-26.166079543191607
2830,-26.166079543191607
2831,-26.166079543191607
2832,-26.166079543191607
2833,-26.166079543191607
2834,-26.166079543191607
2835,-26.166079543191607
2836,-26.166079543191607
2837,-26.166079543191607
2838,-26.166079543191607
2839,-26.166079543191607
2840,-26.166079543191607
2841,-26.166079543191607
2842,-26.166079543191607
2843,-26.166079543191607
2844,-26.166079543191607
2845,-26.166079543191607
2846,-26.166079543191607
2847,-26.166079543191607
2848,-26.166079543191607
2849,-26.166079543191607
2850,-26.166079543191607
2851,-26.166079543191607
2852,-26.166079543191607
2853,-26.166079543191607
2854,-26.166079543191607
2855,-26.166079543191607
2856,-26.166079543191607
2857,-26.166079543191607
2858,-26.166079543191607
2859,-26.166079543191607
2860,-26.166079543191607
2861,-26.166079543191607
2862,-26.166079543191607
2863,-26.166079543191607
2864,-26.166079543191607
2865,-26.166079543191607
2866,-26.166079543191607
2867,-26.166079543191607
2868,-26.166079543191607
2869,-26.166079543191607
2870,-26.166079543191607
2871,-26.166079543191607
2872,-26.166079543191607
2873,-26.166079543191607
2874,-26.166079543191607
2875,-26.166079543191607
2876,-26.166079543191607
2877,-26.166079543191607
2878,-26.166079543191607
2879,-26.166079543191607
2880,-26.166079543191607
2881,-26.166079543191607
2882,-26.166079543191607
2883,-26.166079543191607
2884,-26.166079543191607
2885,-26.166079543191607
2886,-26.166079543191607
2887,-26.166079543191607
2888,-26.166079543191607
2889,-26.166079543191607
2890,-26.166079543191607
2891,-26.166079543191607
2892,-26.166079543191607
2893,-26.166079543191607
2894,-26.166079543191607
2895,-26.166079543191607
2896,-26.166079543191607
2897,-26.166079543191607
2898,-26.166079543191607
2899,-26.166079543191607
2900,-26.166079543191607
2901,-26.166079543191607
2902,-26.166079543191607
2903,-26.166079543191607
2904,-26.166079543191607
2905,-26.166079543191607
2906,-26.166079543191607
2907,-26.166079543191607
2908,-26.166079543191607
2909,-26.166079543191607
2910,-26.166079543191607
2911,-26.166079543191607
2912,-26.166079543191607
2913,-26.166079543191607
2914,-26.166079543191607
2915,-26.166079543191607
2916,-26.166079543191607
2917,-26.166079543191607
2918,-26.166079543191607
2919,-26.166079543191607
2920,-26.166079543191607
2921,-26.166079543191607
2922,-26.166079543191607
2923,-26.166079543191607
2924,-26.166079543191607
2925,-26.166079543191607
2926,-26.166079543191607
2927,-26.166079543191607
2928,-26.166079543191607
2929,-26.166079543191607
2930,-26.166079543191607
2931,-26.166079543191607
2932,-26.166079543191607
2933,-26.166079543191607
2934,-26.166079543191607
2935,-26.166079543191607
2936,-26.166079543191607
2937,-26.166079543191607
2938,-26.166079543191607
2939,-26.166079543191607
2940,-26.166079543191607
2941,-26.166079543191607
2942,-26.166079543191607
2943,-26.166079543191607
2944,-26.166079543191607
2945,-26.166079543191607
2946,-26.166079543191607
2947,-26.166079543191607
2948,-26.166079543191607
2949,-26.166079543191607
2950,-26.166079543191607
2951,-26.166079543191607
2952,-26.166079543191607
2953,-26.166079543191607
2954,-26.166079543191607
2955,-26.166079543191607
2956,-26.166079543191607
2957,-26.166079543191607
2958,-26.166079543191607
2959,-26.166079543191607
2960,-26.166079543191607
2961,-26.166079543191607
2962,-26.166079543191607
2963,-26.166079543191607
2964,-26.166079543191607
2965,-26.166079543191607
2966,-26.166079543191607
2967,-26.166079543191607
2968,-26.166079543191607
2969,-26.166079543191607
2970,-26.166079543191607
2971,-26.166079543191607
2972,-26.166079543191607
2973,-26.166079543191607
2974,-26.166079543191607
2975,-26.166079543191607
2976,-26.166079543191607
2977,-26.166079543191607
2978,-26.166079543191607
2979,-26.166079543191607
2980,-26.166079543191607
2981,-26.166079543191607
2982,-26.166079543191607
2983,-26.166079543191607
2984,-26.166079543191607
2985,-26.166079543191607
2986,-26.166079543191607
2987,-26.166079543191607
2988,-26.166079543191607
2989,-26.166079543191607
2990,-26.166079543191607
2991,-26.166079543191607
2992,-26.166079543191607
2993,-26.166079543191607
2994,-26.166079543191607
2995,-26.166079543191607
2996,-26.166079543191607
2997,-26.166079543191607
2998,-26.166079543191607
2999,-26.166079543191607
3000,-26.166079543191607
3001,-26.166079543191607
3002,-26.166079543191607
3003,-26.166079543191607
3004,-26.166079543191607
3005,-26.166079543191607
3006,-26.166079543191607
3007,-26.166079543191607
3008,-26.166079543191607
3009,-26.166079543191607
3010,-26.166079543191607
3011,-26.166079543191607
3012,-26.166079543191607
3013,-26.166079543191607
3014,-26.166079543191607
3015,-26.166079543191607
3016,-26.166079543191607
3017,-26.166079543191607
3018,-26.166079543191607
3019,-26.166079543191607
3020,-26.166079543191607
3021,-26.166079543191607
3022,-26.166079543191607
3023,-26.166079543191607
3024,-26.166079543191607
3025,-26.166079543191607
3026,-26.166079543191607
3027,-26.166079543191607
3028,-26.166079543191607
3029,-26.166079543191607
3030,-26.166079543191607
3031,-26.166079543191607
3032,-26.166079543191607
3033,-26.166079543191607
3034,-26.166079543191607
3035,-26.166079543191607
3036,-26.166079543191607
3037,-26.166079543191607
3038,-26.166079543191607
3039,-26.166079543191607
3040,-26.166079543191607
3041,-26.166079543191607
3042,-26.166079543191607
3043,-26.166079543191607
3044,-26.166079543191607
3045,-26.166079543191607
3046,-26.166079543191607
3047,-26.166079543191607
3048,-26.166079543191607
3049,-26.166079543191607
3050,-26.166079543191607
3051,-26.166079543191607
3052,-26.166079543191607
3053,-26.166079543191607
3054,-26.166079543191607
3055,-26.166079543191607
3056,-26.166079543191607
3057,-26.166079543191607
3058,-26.166079543191607
3059,-26.166079543191607
3060,-26.166079543191607
3061,-26.166079543191607
3062,-26.166079543191607
3063,-26.166079543191607
3064,-26.166079543191607
3065,-26.166079543191607
3066,-26.166079543191607
3067,-26.166079543191607
3068,-26.166079543191607
3069,-26.166079543191607
3070,-26.166079543191607
3071,-26.166079543191607
3072,-26.166079543191607
3073,-26.166079543191607
3074,-26.166079543191607
3075,-26.166079543191607
3076,-26.166079543191607
3077,-26.166079543191607
3078,-26.166079543191607
3079,-26.166079543191607
3080,-26.166079543191607
3081,-26.166079543191607
3082,-26.166079543191607
3083,-26.166079543191607
3084,-26.166079543191607
3085,-26.166079543191607
3086,-26.166079543191607
3087,-26.166079543191607
3088,-26.166079543191607
3089,-26.166079543191607
3090,-26.166079543191607
3091,-26.166079543191607
3092,-26.166079543191607
3093,-26.166079543191607
3094,-26.166079543191607
3095,-26.166079543191607
3096,-26.166079543191607
3097,-26.166079543191607
3098,-26.166079543191607
3099,-26.166079543191607
3100,-26.166079543191607
3101,-26.166079543191607
3102,-26.166079543191607
3103,-26.166079543191607
3104,-26.166079543191607
3105,-26.166079543191607
3106,-26.166079543191607
3107,-26.166079543191607
3108,-26.166079543191607
3109,-26.166079543191607
3110,-26.166079543191607
3111,-26.166079543191607
3112,-26.166079543191607
3113,-26.166079543191607
3114,-26.166079543191607
3115,-26.166079543191607
3116,-26.166079543191607
3117,-26.166079543191607
3118,-26.166079543191607
3119,-26.166079543191607
3120,-26.166079543191607
3121,-26.166079543191607
3122,-26.166079543191607
3123,-26.166079543191607
3124,-26.166079543191607
3125,-26.166079543191607
3126,-26.166079543191607
3127,-26.166079543191607
3128,-26.166079543191607
3129,-26.166079543191607
3130,-26.166079543191607
3131,-26.166079543191607
3132,-26.166079543191607
3133,-26.166079543191607
3134,-26.166079543191607
3135,-26.166079543191607
3136,-26.166079543191607
3137,-26.166079543191607
3138,-26.166079543191607
3139,-26.166079543191607
3140,-26.166079543191607
3141,-26.166079543191607
3142,-26.166079543191607
3143,-26.166079543191607
3144,-26.166079543191607
3145,-26.166079543191607
3146,-26.166079543191607
3147,-26.166079543191607
3148,-26.166079543191607
3149,-26.166079543191607
3150,-26.166079543191607
3151,-26.166079543191607
3152,-26.166079543191607
3153,-26.166079543191607
3154,-26.166079543191607
3155,-26.166079543191607
3156,-26.166079543191607
3157,-26.166079543191607
3158,-26.166079543191607
3159,-26.166079543191607
3160,-26.166079543191607
3161,-26.166079543191607
3162,-26.166079543191607
3163,-26.166079543191607
3164,-26.166079543191607
3165,-26.166079543191607
3166,-26.166079543191607
3167,-26.166079543191607
3168,-26.166079543191607
3169,-26.166079543191607
3170,-26.166079543191607
3171,-26.166079543191607
3172,-26.166079543191607
3173,-26.166079543191607
3174,-26.166079543191607
3175,-26.166079543191607
3176,-26.166079543191607
3177,-26.166079543191607
3178,-26.166079543191607
3179,-26.166079543191607
3180,-26.166079543191607
3181,-26.166079543191607
3182,-26.166079543191607
3183,-26.166079543191607
3184,-26.166079543191607
3185,-26.166079543191607
3186,-26.166079543191607
3187,-26.166079543191607
3188,-26.166079543191607
3189,-26.166079543191607
3190,-26.166079543191607
3191,-26.166079543191607
3192,-26.166079543191607
3193,-26.166079543191607
3194,-26.166079543191607
3195,-26.166079543191607
3196,-26.166079543191607
3197,-26.166079543191607
3198,-26.166079543191607
3199,-26.166079543191607
3200,-26.166079543191607
3201,-26.166079543191607
3202,-26.166079543191607
3203,-26.166079543191607
3204,-26.166079543191607
3205,-26.166079543191607
3206,-26.166079543191607
3207,-26.166079543191607
3208,-26.166079543191607
3209,-26.166079543191607
3210,-26.166079543191607
3211,-26.166079543191607
3212,-26.166079543191607
3213,-26.166079543191607
3214,-26.166079543191607
3215,-26.166079543191607
3216,-26.166079543191607
3217,-26.166079543191607
3218,-26.166079543191607
3219,-26.166079543191607
3220,-26.166079543191607
3221,-26.166079543191607
3222,-26.166079543191607
3223,-26.166079543191607
3224,-26.166079543191607
3225,-26.166079543191607
3226,-26.166079543191607
3227,-26.166079543191607
3228,-26.166079543191607
3229,-26.166079543191607
3230,-26.166079543191607
3231,-26.166079543191607
3232,-26.166079543191607
3233,-26.166079543191607
3234,-26.166079543191607
3235,-26.166079543191607
3236,-26.166079543191607
3237,-26.166079543191607
3238,-26.166079543191607
3239,-26.166079543191607
3240,-26.166079543191607
3241,-26.166079543191607
3242,-26.166079543191607
3243,-26.166079543191607
3244,-26.166079543191607
3245,-26.166079543191607
3246,-26.166079543191607
3247,-26.166079543191607
3248,-26.166079543191607
3249,-26.166079543191607
3250,-26.166079543191607
3251,-26.166079543191607
3252,-26.166079543191607
3253,-26.166079543191607
3254,-26.166079543191607
3255,-26.166079543191607
3256,-26.166079543191607
3257,-26.166079543191607
3258,-26.166079543191607
3259,-26.166079543191607
3260,-26.166079543191607
3261,-26.166079543191607
3262,-26.166079543191607
3263,-26.166079543191607
3264,-26.166079543191607
3265,-26.166079543191607
3266,-26.166079543191607
3267,-26.166079543191607
3268,-26.166079543191607
3269,-26.166079543191607
3270,-26.166079543191607
3271,-26.166079543191607
3272,-26.166079543191607
3273,-26.166079543191607
3274,-26.166079543191607
3275,-26.166079543191607
3276,-26.166079543191607
3277,-26.166079543191607
3278,-26.166079543191607
3279,-26.166079543191607
3280,-26.166079543191607
3281,-26.166079543191607
3282,-26.166079543191607
3283,-26.166079543191607
3284,-26.166079543191607
3285,-26.166079543191607
3286,-26.166079543191607
3287,-26.166079543191607
3288,-26.166079543191607
3289,-26.166079543191607
3290,-26.166079543191607
3291,-26.166079543191607
3292,-26.166079543191607
3293,-26.166079543191607
3294,-26.166079543191607
3295,-26.166079543191607
3296,-26.166079543191607
3297,-26.166079543191607
3298,-26.166079543191607
3299,-26.166079543191607
3300,-26.166079543191607
3301,-26.166079543191607
3302,-26.166079543191607
3303,-26.166079543191607
3304,-26.166079543191607
3305,-26.166079543191607
3306,-26.166079543191607
3307,-26.166079543191607
3308,-26.166079543191607
3309,-26.166079543191607
3310,-26.166079543191607
3311,-26.166079543191607
3312,-26.166079543191607
3313,-26.166079543191607
3314,-26.166079543191607
3315,-26.166079543191607
3316,-26.166079543191607
3317,-26.166079543191607
3318,-26.166079543191607
3319,-26.166079543191607
3320,-26.166079543191607
3321,-26.166079543191607
3322,-26.166079543191607
3323,-26.166079543191607
3324,-26.166079543191607
3325,-26.166079543191607
3326,-26.166079543191607
3327,-26.166079543191607
3328,-26.166079543191607
3329,-26.166079543191607
3330,-26.166079543191607
3331,-26.166079543191607
3332,-26.166079543191607
3333,-26.166079543191607
3334,-26.166079543191607
3335,-26.166079543191607
3336,-26.166079543191607
3337,-26.166079543191607
3338,-26.166079543191607
3339,-26.166079543191607
3340,-26.166079543191607
3341,-26.166079543191607
3342,-26.166079543191607
3343,-26.166079543191607
3344,-26.166079543191607
3345,-26.166079543191607
3346,-26.166079543191607
3347,-26.166079543191607
3348,-26.166079543191607
3349,-26.166079543191607
3350,-26.166079543191607
3351,-26.166079543191607
3352,-26.166079543191607
3353,-26.166079543191607
3354,-26.166079543191607
3355,-26.166079543191607
3356,-26.166079543191607
3357,-26.166079543191607
3358,-26.166079543191607
3359,-26.166079543191607
3360,-26.166079543191607
3361,-26.166079543191607
3362,-26.166079543191607
3363,-26.166079543191607
3364,-26.166079543191607
3365,-26.166079543191607
3366,-26.166079543191607
3367,-26.166079543191607
3368,-26.166079543191607
3369,-26.166079543191607
3370,-26.166079543191607
3371,-26.166079543191607
3372,-26.166079543191607
3373,-26.166079543191607
3374,-26.166079543191607
3375,-26.166079543191607
3376,-26.166079543191607
3377,-26.166079543191607
3378,-26.166079543191607
3379,-26.166079543191607
3380,-26.166079543191607
3381,-26.166079543191607
3382,-26.166079543191607
3383,-26.166079543191607
3384,-26.166079543191607
3385,-26.166079543191607
3386,-26.166079543191607
3387,-26.166079543191607
3388,-26.166079543191607
3389,-26.166079543191607
3390,-26.166079543191607
3391,-26.166079543191607
3392,-26.166079543191607
3393,-26.166079543191607
3394,-26.166079543191607
3395,-26.166079543191607
3396,-26.166079543191607
3397,-26.166079543191607
3398,-26.166079543191607
3399,-26.166079543191607
3400,-26.166079543191607
3401,-26.166079543191607
3402,-26.166079543191607
3403,-26.166079543191607
3404,-26.166079543191607
3405,-26.166079543191607
3406,-19.365586869538205
3407,-19.365586869538205
3408,-19.365586869538205
3409,-19.365586869538205
3410,-19.365586869538205
3411,-19.365586869538205
3412,-19.365586869538205
3413,-19.365586869538205
3414,-19.365586869538205
3415,-19.365586869538205
3416,-19.365586869538205
3417,-19.365586869538205
3418,-19.365586869538205
3419,-19.365586869538205
3420,-19.365586869538205
3421,-19.365586869538205
3422,-19.365586869538205
3423,-19.365586869538205
3424,-19.365586869538205
3425,-19.365586869538205
3426,-19.365586869538205
3427,-19.365586869538205
3428,-19.365586869538205
3429,-19.365586869538205
3430,-19.365586869538205
3431,-19.365586869538205
3432,-19.365586869538205
3433,-19.365586869538205
3434,-19.365586869538205
3435,-19.365586869538205
3436,-19.365586869538205
3437,-19.365586869538205
3438,-19.365586869538205
3439,-19.365586869538205
3440,-19.365586869538205
3441,-19.365586869538205
3442,-19.365586869538205
3443,-19.365586869538205
3444,-19.365586869538205
3445,-19.365586869538205
3446,-19.365586869538205
3447,-19.365586869538205
3448,-19.365586869538205
3449,-19.365586869538205
3450,-19.365586869538205
3451,-19.365586869538205
3452,-19.365586869538205
3453,-19.365586869538205
3454,-19.365586869538205
3455,-19.365586869538205
3456,-19.365586869538205
3457,-19.365586869538205
3458,-19.365586869538205
3459,-19.365586869538205
3460,-19.365586869538205
3461,-19.365586869538205
3462,-19.365586869538205
3463,-19.365586869538205
3464,-19.365586869538205
3465,-19.365586869538205
3466,-19.365586869538205
3467,-19.365586869538205
3468,-19.365586869538205
3469,-19.365586869538205
3470,-19.365586869538205
3471,-19.365586869538205
3472,-19.365586869538205
3473,-19.365586869538205
3474,-19.365586869538205
3475,-19.365586869538205
3476,-19.365586869538205
3477,-19.365586869538205
3478,-19.365586869538205
3479,-19.365586869538205
3480,-19.365586869538205
3481,-19.365586869538205
3482,-19.365586869538205
3483,-19.365586869538205
3484,-19.365586869538205
3485,-19.365586869538205
3486,-19.365586869538205
3487,-19.365586869538205
3488,-19.365586869538205
3489,-19.365586869538205
3490,-19.365586869538205
3491,-19.365586869538205
3492,-19.365586869538205
3493,-19.365586869538205
3494,-19.365586869538205
3495,-19.365586869538205
3496,-19.365586869538205
3497,-19.365586869538205
3498,-19.365586869538205
3499,-19.365586869538205
3500,-19.365586869538205
3501,-19.365586869538205
3502,-19.365586869538205
3503,-19.365586869538205
3504,-19.365586869538205
3505,-19.365586869538205
3506,-19.365586869538205
3507,-19.365586869538205
3508,-19.365586869538205
3509,-19.365586869538205
3510,-19.365586869538205
3511,-19.365586869538205
3512,-19.365586869538205
3513,-19.365586869538205
3514,-19.365586869538205
3515,-19.365586869538205
3516,-19.365586869538205
3517,-19.365586869538205
3518,-19.365586869538205
3519,-19.365586869538205
3520,-19.365586869538205
3521,-19.365586869538205
3522,-19.365586869538205
3523,-19.365586869538205
3524,-19.365586869538205
3525,-19.365586869538205
3526,-19.365586869538205
3527,-19.365586869538205
3528,-19.365586869538205
3529,-19.365586869538205
3530,-19.365586869538205
3531,-19.365586869538205
3532,-19.365586869538205
3533,-19.365586869538205
3534,-19.365586869538205
3535,-19.365586869538205
3536,-19.365586869538205
3537,-19.365586869538205
3538,-19.365586869538205
3539,-19.365586869538205
3540,-19.365586869538205
3541,-19.365586869538205
3542,-19.365586869538205
3543,-19.365586869538205
3544,-19.365586869538205
3545,-19.365586869538205
3546,-19.365586869538205
3547,-19.365586869538205
3548,-19.365586869538205
3549,-19.365586869538205
3550,-19.365586869538205
3551,-19.365586869538205
3552,-19.365586869538205
3553,-19.365586869538205
3554,-19.365586869538205
3555,-19.365586869538205
3556,-19.365586869538205
3557,-19.365586869538205
3558,-19.365586869538205
3559,-19.365586869538205
3560,-19.365586869538205
3561,-19.365586869538205
3562,-19.365586869538205
3563,-19.365586869538205
3564,-19.365586869538205
3565,-19.365586869538205
3566,-19.365586869538205
3567,-19.365586869538205
3568,-19.365586869538205
3569,-19.365586869538205
3570,-19.365586869538205
3571,-19.365586869538205
3572,-19.365586869538205
3573,-19.365586869538205
3574,-19.365586869538205
3575,-19.365586869538205
3576,-19.365586869538205
3577,-19.365586869538205
3578,-19.365586869538205
3579,-19.365586869538205
3580,-19.365586869538205
3581,-19.365586869538205
3582,-19.365586869538205
3583,-19.365586869538205
3584,-19.365586869538205
3585,-19.365586869538205
3586,-19.365586869538205
3587,-19.365586869538205
3588,-19.365586869538205
3589,-19.365586869538205
3590,-19.365586869538205
3591,-19.365586869538205
3592,-19.365586869538205
3593,-19.365586869538205
3594,-19.365586869538205
3595,-19.365586869538205
3596,-19.365586869538205
3597,-19.365586869538205
3598,-19.365586869538205
3599,-19.365586869538205
3600,-19.365586869538205
3601,-19.365586869538205
3602,-19.365586869538205
3603,-19.365586869538205
3604,-19.365586869538205
3605,-19.365586869538205
3606,-19.365586869538205
3607,-19.365586869538205
3608,-19.365586869538205
3609,-19.365586869538205
3610,-19.365586869538205
3611,-19.365586869538205
3612,-19.365586869538205
3613,-19.365586869538205
3614,-19.365586869538205
3615,-19.365586869538205
3616,-19.365586869538205
3617,-19.365586869538205
3618,-19.365586869538205
3619,-19.365586869538205
3620,-19.365586869538205
3621,-19.365586869538205
3622,-19.365586869538205
3623,-19.365586869538205
3624,-19.365586869538205
3625,-19.365586869538205
3626,-19.365586869538205
3627,-19.365586869538205
3628,-19.365586869538205
3629,-19.365586869538205
3630,-19.365586869538205
3631,-19.365586869538205
3632,-19.365586869538205
3633,-19.365586869538205
3634,-19.365586869538205
3635,-19.365586869538205
3636,-19.365586869538205
3637,-19.365586869538205
3638,-19.365586869538205
3639,-19.365586869538205
3640,-19.365586869538205
3641,-19.365586869538205
3642,-19.365586869538205
3643,-19.365586869538205
3644,-19.365586869538205
3645,-19.365586869538205
3646,-19.365586869538205
3647,-19.365586869538205
3648,-19.365586869538205
3649,-19.365586869538205
3650,-19.365586869538205
3651,-19.365586869538205
3652,-19.365586869538205
3653,-19.365586869538205
3654,-19.365586869538205
3655,-19.365586869538205
3656,-19.365586869538205
3657,-19.365586869538205
3658,-19.365586869538205
3659,-19.365586869538205
3660,-19.365586869538205
3661,-19.365586869538205
3662,-19.365586869538205
3663,-19.365586869538205
3664,-19.365586869538205
3665,-19.365586869538205
3666,-19.365586869538205
3667,-19.365586869538205
3668,-19.365586869538205
3669,-19.365586869538205
3670,-19.365586869538205
3671,-19.365586869538205
3672,-19.365586869538205
3673,-19.365586869538205
3674,-19.365586869538205
3675,-19.365586869538205
3676,-19.365586869538205
3677,-19.365586869538205
3678,-19.365586869538205
3679,-19.365586869538205
3680,-19.365586869538205
3681,-19.365586869538205
3682,-19.365586869538205
3683,-19.365586869538205
3684,-19.365586869538205
3685,-19.365586869538205
3686,-19.365586869538205
3687,-19.365586869538205
3688,-19.365586869538205
3689,-19.365586869538205
3690,-19.365586869538205
3691,-19.365586869538205
3692,-19.365586869538205
3693,-19.365586869538205
3694,-19.365586869538205
3695,-19.365586869538205
3696,-19.365586869538205
3697,-19.365586869538205
3698,-19.365586869538205
3699,-21.30858477629632
3700,-21.30858477629632
3701,-21.30858477629632
3702,-21.30858477629632
3703,-21.30858477629632
3704,-21.30858477629632
3705,-21.30858477629632
3706,-21.30858477629632
3707,-21.30858477629632
3708,-21.30858477629632
3709,-21.30858477629632
3710,-21.30858477629632
3711,-21.30858477629632
3712,-21.30858477629632
3713,-21.30858477629632
3714,-21.30858477629632
3715,-21.30858477629632
3716,-21.30858477629632
3717,-21.30858477629632
3718,-21.30858477629632
3719,-21.30858477629632
3720,-21.30858477629632
3721,-21.30858477629632
3722,-21.30858477629632
3723,-21.30858477629632
3724,-21.30858477629632
3725,-21.30858477629632
3726,-21.30858477629632
3727,-21.30858477629632
3728,-21.30858477629632
3729,-21.30858477629632
3730,-21.30858477629632
3731,-21.30858477629632
3732,-21.30858477629632
3733,-21.30858477629632
3734,-21.30858477629632
3735,-21.30858477629632
3736,-21.30858477629632
3737,-21.30858477629632
3738,-21.30858477629632
3739,-21.30858477629632
3740,-21.30858477629632
3741,-21.30858477629632
3742,-21.30858477629632
3743,-21.30858477629632
3744,-21.30858477629632
3745,-21.30858477629632
3746,-21.30858477629632
3747,-21.30858477629632
3748,-21.30858477629632
3749,-21.30858477629632
3750,-21.30858477629632
3751,-21.30858477629632
3752,-21.30858477629632
3753,-21.30858477629632
3754,-21.30858477629632
3755,-21.30858477629632
3756,-21.30858477629632
3757,-21.30858477629632
3758,-21.30858477629632
3759,-21.30858477629632
3760,-21.30858477629632
3761,-21.30858477629632
3762,-21.30858477629632
3763,-21.30858477629632
3764,-21.30858477629632
3765,-21.30858477629632
3766,-21.30858477629632
3767,-21.30858477629632
3768,-21.30858477629632
3769,-21.30858477629632
3770,-21.30858477629632
3771,-21.30858477629632
3772,-21.30858477629632
3773,-21.30858477629632
3774,-21.30858477629632
3775,-21.30858477629632
3776,-21.30858477629632
3777,-21.30858477629632
3778,-21.30858477629632
3779,-21.30858477629632
3780,-21.30858477629632
3781,-21.30858477629632
3782,-21.30858477629632
3783,-21.30858477629632
3784,-21.30858477629632
3785,-21.30858477629632
3786,-21.30858477629632
3787,-21.30858477629632
3788,-21.30858477629632
3789,-21.30858477629632
3790,-21.30858477629632
3791,-21.30858477629632
3792,-21.30858477629632
3793,-21.30858477629632
3794,-21.30858477629632
3795,-21.30858477629632
3796,-21.30858477629632
3797,-21.30858477629632
3798,-21.30858477629632
3799,-21.30858477629632
3800,-21.30858477629632
3801,-21.30858477629632
3802,-21.30858477629632
3803,-21.30858477629632
3804,-21.30858477629632
3805,-21.30858477629632
3806,-21.30858477629632
3807,-21.30858477629632
3808,-21.30858477629632
3809,-21.30858477629632
3810,-21.30858477629632
3811,-21.30858477629632
3812,-21.30858477629632
3813,-21.30858477629632
3814,-21.30858477629632
3815,-21.30858477629632
3816,-21.30858477629632
3817,-21.30858477629632
3818,-21.30858477629632
3819,-21.30858477629632
3820,-21.30858477629632
3821,-21.30858477629632
3822,-21.30858477629632
3823,-21.30858477629632
3824,-21.30858477629632
3825,-21.30858477629632
3826,-21.30858477629632
3827,-21.30858477629632
3828,-21.30858477629632
3829,-21.30858477629632
3830,-21.30858477629632
3831,-21.30858477629632
3832,-21.30858477629632
3833,-21.30858477629632
3834,-21.30858477629632
3835,-21.30858477629632
3836,-21.30858477629632
3837,-21.30858477629632
3838,-21.30858477629632
3839,-21.30858477629632
3840,-21.30858477629632
3841,-21.30858477629632
3842,-21.30858477629632
3843,-21.30858477629632
3844,-21.30858477629632
3845,-21.30858477629632
3846,-21.30858477629632
3847,-21.30858477629632
3848,-21.30858477629632
3849,-21.30858477629632
3850,-21.30858477629632
3851,-21.30858477629632
3852,-21.30858477629632
3853,-21.30858477629632
3854,-21.30858477629632
3855,-21.30858477629632
3856,-21.30858477629632
3857,-21.30858477629632
3858,-21.30858477629632
3859,-21.30858477629632
3860,-21.30858477629632
3861,-21.30858477629632
3862,-21.30858477629632
3863,-21.30858477629632
3864,-21.30858477629632
3865,-21.30858477629632
3866,-21.30858477629632
3867,-21.30858477629632
3868,-21.30858477629632
3869,-21.30858477629632
3870,-21.30858477629632
3871,-21.30858477629632
3872,-21.30858477629632
3873,-21.30858477629632
3874,-21.30858477629632
3875,-21.30858477629632
3876,-21.30858477629632
3877,-21.30858477629632
3878,-21.30858477629632
3879,-21.30858477629632
3880,-21.30858477629632
3881,-21.30858477629632
3882,-21.30858477629632
3883,-21.30858477629632
3884,-21.30858477629632
3885,-21.30858477629632
3886,-21.30858477629632
3887,-21.30858477629632
3888,-21.30858477629632
3889,-21.30858477629632
3890,-21.30858477629632
3891,-21.30858477629632
3892,-21.30858477629632
3893,-21.30858477629632
3894,-21.30858477629632
3895,-21.30858477629632
3896,-21.30858477629632
3897,-21.30858477629632
3898,-21.30858477629632
3899,-21.30858477629632
3900,-21.30858477629632
3901,-21.30858477629632
3902,-21.30858477629632
3903,-21.30858477629632
3904,-21.30858477629632
3905,-21.30858477629632
3906,-21.30858477629632
3907,-21.30858477629632
3908,-21.30858477629632
3909,-21.30858477629632
3910,-21.30858477629632
3911,-21.30858477629632
3912,-21.30858477629632
3913,-21.30858477629632
3914,-21.30858477629632
3915,-21.30858477629632
3916,-21.30858477629632
3917,-21.30858477629632
3918,-21.30858477629632
3919,-21.30858477629632
3920,-21.30858477629632
3921,-21.30858477629632
3922,-21.30858477629632
3923,-21.30858477629632
3924,-21.30858477629632
3925,-21.30858477629632
3926,-21.30858477629632
3927,-21.30858477629632
3928,-21.30858477629632
3929,-21.30858477629632
3930,-21.30858477629632
3931,-21.30858477629632
3932,-21.30858477629632
3933,-21.30858477629632
3934,-21.30858477629632
3935,-21.30858477629632
3936,-21.30858477629632
3937,-21.30858477629632
3938,-21.30858477629632
3939,-21.30858477629632
3940,-21.30858477629632
3941,-21.30858477629632
3942,-21.30858477629632
3943,-21.30858477629632
3944,-21.30858477629632
3945,-21.30858477629632
3946,-21.30858477629632
3947,-21.30858477629632
3948,-21.30858477629632
3949,-21.30858477629632
3950,-21.30858477629632
3951,-21.30858477629632
3952,-21.30858477629632
3953,-21.30858477629632
3954,-21.30858477629632
3955,-21.30858477629632
3956,-21.30858477629632
3957,-21.30858477629632
3958,-21.30858477629632
3959,-21.30858477629632
3960,-21.30858477629632
3961,-21.30858477629632
3962,-21.30858477629632
3963,-21.30858477629632
3964,-21.30858477629632
3965,-21.30858477629632
3966,-21.30858477629632
3967,-21.30858477629632
3968,-21.30858477629632
3969,-21.30858477629632
3970,-21.30858477629632
3971,-21.30858477629632
3972,-21.30858477629632
3973,-21.30858477629632
3974,-21.30858477629632
3975,-21.30858477629632
3976,-21.30858477629632
3977,-21.30858477629632
3978,-21.30858477629632
3979,-21.30858477629632
3980,-21.30858477629632
3981,-21.30858477629632
3982,-21.30858477629632
3983,-21.30858477629632
3984,-21.30858477629632
3985,-21.30858477629632
3986,-21.30858477629632
3987,-21.30858477629632
3988,-21.30858477629632
3989,-21.30858477629632
3990,-21.30858477629632
3991,-21.30858477629632
3992,-21.30858477629632
3993,-21.30858477629632
3994,-21.30858477629632
3995,-21.30858477629632
3996,-21.30858477629632
3997,-21.30858477629632
3998,-21.30858477629632
3999,-21.30858477629632
4000,-21.30858477629632
4001,-21.30858477629632
4002,-21.30858477629632
4003,-21.30858477629632
4004,-21.30858477629632
4005,-21.30858477629632
4006,-21.30858477629632
4007,-21.30858477629632
4008,-21.30858477629632
4009,-21.30858477629632
4010,-21.30858477629632
4011,-21.30858477629632
4012,-21.30858477629632
4013,-21.30858477629632
4014,-21.30858477629632
4015,-21.30858477629632
4016,-21.30858477629632
4017,-21.30858477629632
4018,-21.30858477629632
4019,-21.30858477629632
4020,-21.30858477629632
4021,-21.30858477629632
4022,-21.30858477629632
4023,-21.30858477629632
4024,-21.30858477629632
4025,-21.30858477629632
4026,-21.30858477629632
4027,-21.30858477629632
4028,-21.30858477629632
4029,-21.30858477629632
4030,-21.30858477629632
4031,-21.30858477629632
4032,-21.30858477629632
4033,-21.30858477629632
4034,-21.30858477629632
4035,-21.30858477629632
4036,-21.30858477629632
4037,-21.30858477629632
4038,-21.30858477629632
4039,-21.30858477629632
4040,-21.30858477629632
4041,-21.30858477629632
4042,-21.30858477629632
4043,-21.30858477629632
4044,-21.30858477629632
4045,-21.30858477629632
4046,-21.30858477629632
4047,-21.30858477629632
4048,-21.30858477629632
4049,-21.30858477629632
4050,-21.30858477629632
4051,-21.30858477629632
4052,-21.30858477629632
4053,-21.30858477629632
4054,-21.30858477629632
4055,-21.30858477629632
4056,-21.30858477629632
4057,-21.30858477629632
4058,-21.30858477629632
4059,-21.30858477629632
4060,-21.30858477629632
4061,-21.30858477629632
4062,-21.30858477629632
4063,-21.30858477629632
4064,-21.30858477629632
4065,-21.30858477629632
4066,-21.30858477629632
4067,-21.30858477629632
4068,-21.30858477629632
4069,-21.30858477629632
4070,-21.30858477629632
4071,-21.30858477629632
4072,-21.30858477629632
4073,-21.30858477629632
4074,-21.30858477629632
4075,-21.30858477629632
4076,-21.30858477629632
4077,-21.30858477629632
4078,-21.30858477629632
4079,-21.30858477629632
4080,-21.30858477629632
4081,-21.30858477629632
4082,-21.30858477629632
4083,-21.30858477629632
4084,-21.30858477629632
4085,-21.30858477629632
4086,-21.30858477629632
4087,-21.30858477629632
4088,-21.30858477629632
4089,-21.30858477629632
4090,-21.30858477629632
4091,-21.30858477629632
4092,-21.30858477629632
4093,-21.30858477629632
4094,-21.30858477629632
4095,-21.30858477629632
4096,-21.30858477629632
4097,-21.30858477629632
4098,-21.30858477629632
4099,-21.30858477629632
4100,-21.30858477629632
4101,-21.30858477629632
4102,-21.30858477629632
4103,-21.30858477629632
4104,-21.30858477629632
4105,-21.30858477629632
4106,-21.30858477629632
4107,-21.30858477629632
4108,-21.30858477629632
4109,-21.30858477629632
4110,-21.30858477629632
4111,-21.30858477629632
4112,-21.30858477629632
4113,-21.30858477629632
4114,-21.30858477629632
4115,-21.30858477629632
4116,-21.30858477629632
4117,-21.30858477629632
4118,-21.30858477629632
4119,-21.30858477629632
4120,-21.30858477629632
4121,-21.30858477629632
4122,-21.30858477629632
4123,-21.30858477629632
4124,-21.30858477629632
4125,-21.30858477629632
4126,-21.30858477629632
4127,-21.30858477629632
4128,-21.30858477629632
4129,-21.30858477629632
4130,-21.30858477629632
4131,-21.30858477629632
4132,-21.30858477629632
4133,-21.30858477629632
4134,-21.30858477629632
4135,-21.30858477629632
4136,-21.30858477629632
4137,-21.30858477629632
4138,-21.30858477629632
4139,-21.30858477629632
4140,-21.30858477629632
4141,-21.30858477629632
4142,-21.30858477629632
4143,-21.30858477629632
4144,-21.30858477629632
4145,-21.30858477629632
4146,-21.30858477629632
4147,-21.30858477629632
4148,-21.30858477629632
4149,-21.30858477629632
4150,-21.30858477629632
4151,-21.30858477629632
4152,-21.30858477629632
4153,-21.30858477629632
4154,-21.30858477629632
4155,-21.30858477629632
4156,-21.30858477629632
4157,-21.30858477629632
4158,-21.30858477629632
4159,-21.30858477629632
4160,-21.30858477629632
4161,-21.30858477629632
4162,-21.30858477629632
4163,-21.30858477629632
4164,-21.30858477629632
4165,-21.30858477629632
4166,-21.30858477629632
4167,-21.30858477629632
4168,-21.30858477629632
4169,-21.30858477629632
4170,-21.30858477629632
4171,-21.30858477629632
4172,-21.30858477629632
4173,-21.30858477629632
4174,-21.30858477629632
4175,-21.30858477629632
4176,-21.30858477629632
4177,-21.30858477629632
4178,-21.30858477629632
4179,-21.30858477629632
4180,-21.30858477629632
4181,-21.30858477629632
4182,-21.30858477629632
4183,-21.30858477629632
4184,-21.30858477629632
4185,-21.30858477629632
4186,-21.30858477629632
4187,-21.30858477629632
4188,-21.30858477629632
4189,-21.30858477629632
4190,-21.30858477629632
4191,-21.30858477629632
4192,-21.30858477629632
4193,-21.30858477629632
4194,-21.30858477629632
4195,-21.30858477629632
4196,-21.30858477629632
4197,-21.30858477629632
4198,-21.30858477629632
4199,-21.30858477629632
4200,-21.30858477629632
4201,-21.30858477629632
4202,-21.30858477629632
4203,-21.30858477629632
4204,-21.30858477629632
4205,-21.30858477629632
4206,-21.30858477629632
4207,-21.30858477629632
4208,-21.30858477629632
4209,-21.30858477629632
4210,-21.30858477629632
4211,-21.30858477629632
4212,-21.30858477629632
4213,-21.30858477629632
4214,-21.30858477629632
4215,-21.30858477629632
4216,-21.30858477629632
4217,-21.30858477629632
4218,-21.30858477629632
4219,-21.30858477629632
4220,-21.30858477629632
4221,-21.30858477629632
4222,-21.30858477629632
4223,-21.30858477629632
4224,-21.30858477629632
4225,-21.30858477629632
4226,-21.30858477629632
4227,-21.30858477629632
4228,-21.30858477629632
4229,-21.30858477629632
4230,-21.30858477629632
4231,-21.30858477629632
4232,-21.30858477629632
4233,-21.30858477629632
4234,-21.30858477629632
4235,-21.30858477629632
4236,-21.30858477629632
4237,-21.30858477629632
4238,-21.30858477629632
4239,-21.30858477629632
4240,-21.30858477629632
4241,-21.30858477629632
4242,-21.30858477629632
4243,-21.30858477629632
4244,-21.30858477629632
4245,-21.30858477629632
4246,-21.30858477629632
4247,-21.30858477629632
4248,-21.30858477629632
4249,-21.30858477629632
4250,-21.30858477629632
4251,-21.30858477629632
4252,-21.30858477629632
4253,-21.30858477629632
4254,-21.30858477629632
4255,-21.30858477629632
4256,-21.30858477629632
4257,-21.30858477629632
4258,-21.30858477629632
4259,-21.30858477629632
4260,-21.30858477629632
4261,-21.30858477629632
4262,-21.30858477629632
4263,-21.30858477629632
4264,-21.30858477629632
4265,-21.30858477629632
4266,-21.30858477629632
4267,-21.30858477629632
4268,-21.30858477629632
4269,-21.30858477629632
4270,-21.30858477629632
4271,-21.30858477629632
4272,-21.30858477629632
4273,-21.30858477629632
4274,-21.30858477629632
4275,-21.30858477629632
4276,-21.30858477629632
4277,-21.30858477629632
4278,-21.30858477629632
4279,-21.30858477629632
4280,-21.30858477629632
4281,-21.30858477629632
4282,-21.30858477629632
4283,-21.30858477629632
4284,-21.30858477629632
4285,-21.30858477629632
4286,-21.30858477629632
4287,-21.30858477629632
4288,-21.30858477629632
4289,-21.30858477629632
4290,-21.30858477629632
4291,-21.30858477629632
4292,-21.30858477629632
4293,-21.30858477629632
4294,-21.30858477629632
4295,-21.30858477629632
4296,-21.30858477629632
4297,-21.30858477629632
4298,-21.30858477629632
4299,-21.30858477629632
4300,-21.30858477629632
4301,-21.30858477629632
4302,-21.30858477629632
4303,-21.30858477629632
4304,-21.30858477629632
4305,-21.30858477629632
4306,-21.30858477629632
4307,-21.30858477629632
4308,-21.30858477629632
4309,-21.30858477629632
4310,-21.30858477629632
4311,-21.30858477629632
4312,-21.30858477629632
4313,-21.30858477629632
4314,-21.30858477629632
4315,-21.30858477629632
4316,-21.30858477629632
4317,-21.30858477629632
4318,-21.30858477629632
4319,-21.30858477629632
4320,-21.30858477629632
4321,-21.30858477629632
4322,-21.30858477629632
4323,-21.30858477629632
4324,-21.30858477629632
4325,-21.30858477629632
4326,-21.30858477629632
4327,-21.30858477629632
4328,-21.30858477629632
4329,-21.30858477629632
4330,-21.30858477629632
4331,-21.30858477629632
4332,-21.30858477629632
4333,-21.30858477629632
4334,-21.30858477629632
4335,-21.30858477629632
4336,-21.30858477629632
4337,-21.30858477629632
4338,-21.30858477629632
4339,-21.30858477629632
4340,-21.30858477629632
4341,-21.30858477629632
4342,-21.30858477629632
4343,-21.30858477629632
4344,-21.30858477629632
4345,-21.30858477629632
4346,-21.30858477629632
4347,-21.30858477629632
4348,-21.30858477629632
4349,-21.30858477629632
4350,-21.30858477629632
4351,-21.30858477629632
4352,-21.30858477629632
4353,-21.30858477629632
4354,-21.30858477629632
4355,-21.30858477629632
4356,-21.30858477629632
4357,-21.30858477629632
4358,-21.30858477629632
4359,-21.30858477629632
4360,-21.30858477629632
4361,-21.30858477629632
4362,-21.30858477629632
4363,-21.30858477629632
4364,-21.30858477629632
4365,-21.30858477629632
4366,-21.30858477629632
4367,-21.30858477629632
4368,-21.30858477629632
4369,-21.30858477629632
4370,-21.30858477629632
4371,-21.30858477629632
4372,-21.30858477629632
4373,-21.30858477629632
4374,-21.30858477629632
4375,-21.30858477629632
4376,-21.30858477629632
4377,-21.30858477629632
4378,-21.30858477629632
4379,-21.30858477629632
4380,-21.30858477629632
4381,-21.30858477629632
4382,-21.30858477629632
4383,-21.30858477629632
4384,-21.30858477629632
4385,-21.30858477629632
4386,-21.30858477629632
4387,-21.30858477629632
4388,-21.30858477629632
4389,-21.30858477629632
4390,-21.30858477629632
4391,-21.30858477629632
4392,-21.30858477629632
4393,-21.30858477629632
4394,-21.30858477629632
4395,-21.30858477629632
4396,-21.30858477629632
4397,-21.30858477629632
4398,-21.30858477629632
4399,-21.30858477629632
4400,-21.30858477629632
4401,-21.30858477629632
4402,-21.30858477629632
4403,-21.30858477629632
4404,-21.30858477629632
4405,-21.30858477629632
4406,-21.30858477629632
4407,-21.30858477629632
4408,-21.30858477629632
4409,-21.30858477629632
4410,-21.30858477629632
4411,-21.30858477629632
4412,-21.30858477629632
4413,-21.30858477629632
4414,-21.30858477629632
4415,-21.30858477629632
4416,-21.30858477629632
4417,-21.30858477629632
4418,-21.30858477629632
4419,-21.30858477629632
4420,-21.30858477629632
4421,-21.30858477629632
4422,-21.30858477629632
4423,-21.30858477629632
4424,-21.30858477629632
4425,-21.30858477629632
4426,-21.30858477629632
4427,-21.30858477629632
4428,-21.30858477629632
4429,-21.30858477629632
4430,-21.30858477629632
4431,-21.30858477629632
4432,-21.30858477629632
4433,-21.30858477629632
4434,-21.30858477629632
4435,-21.30858477629632
4436,-21.30858477629632
4437,-21.30858477629632
4438,-21.30858477629632
4439,-21.30858477629632
4440,-21.30858477629632
4441,-21.30858477629632
4442,-21.30858477629632
4443,-21.30858477629632
4444,-21.30858477629632
4445,-21.30858477629632
4446,-21.30858477629632
4447,-21.30858477629632
4448,-21.30858477629632
4449,-21.30858477629632
4450,-21.30858477629632
4451,-21.30858477629632
4452,-21.30858477629632
4453,-21.30858477629632
4454,-21.30858477629632
4455,-21.30858477629632
4456,-21.30858477629632
4457,-21.30858477629632
4458,-21.30858477629632
4459,-21.30858477629632
4460,-21.30858477629632
4461,-21.30858477629632
4462,-21.30858477629632
4463,-21.30858477629632
4464,-21.30858477629632
4465,-21.30858477629632
4466,-21.30858477629632
4467,-21.30858477629632
4468,-21.30858477629632
4469,-21.30858477629632
4470,-21.30858477629632
4471,-21.30858477629632
4472,-21.30858477629632
4473,-21.30858477629632
4474,-21.30858477629632
4475,-21.30858477629632
4476,-21.30858477629632
4477,-21.30858477629632
4478,-21.30858477629632
4479,-21.30858477629632
4480,-21.30858477629632
4481,-21.30858477629632
4482,-21.30858477629632
4483,-21.30858477629632
4484,-21.30858477629632
4485,-21.30858477629632
4486,-21.30858477629632
4487,-21.30858477629632
4488,-21.30858477629632
4489,-21.30858477629632
4490,-21.30858477629632
4491,-21.30858477629632
4492,-21.30858477629632
4493,-21.30858477629632
4494,-21.30858477629632
4495,-21.30858477629632
4496,-21.30858477629632
4497,-21.30858477629632
4498,-21.30858477629632
4499,-21.30858477629632
4500,-21.30858477629632
4501,-21.30858477629632
4502,-21.30858477629632
4503,-21.30858477629632
4504,-21.30858477629632
4505,-21.30858477629632
4506,-21.30858477629632
4507,-21.30858477629632
4508,-21.30858477629632
4509,-21.30858477629632
4510,-21.30858477629632
4511,-21.30858477629632
4512,-29.469175984680405
4513,-29.469175984680405
4514,-29.469175984680405
4515,-29.469175984680405
4516,-29.469175984680405
4517,-29.469175984680405
4518,-29.469175984680405
4519,-29.469175984680405
4520,-29.469175984680405
4521,-29.469175984680405
4522,-29.469175984680405
4523,-29.469175984680405
4524,-29.469175984680405
4525,-29.469175984680405
4526,-29.469175984680405
4527,-29.469175984680405
4528,-29.469175984680405
4529,-29.469175984680405
4530,-29.469175984680405
4531,-29.469175984680405
4532,-29.469175984680405
4533,-29.469175984680405
4534,-29.469175984680405
4535,-29.469175984680405
4536,-29.469175984680405
4537,-29.469175984680405
4538,-29.469175984680405
4539,-29.469175984680405
4540,-29.469175984680405
4541,-29.469175984680405
4542,-29.469175984680405
4543,-29.469175984680405
4544,-29.469175984680405
4545,-29.469175984680405
4546,-29.469175984680405
4547,-29.469175984680405
4548,-29.469175984680405
4549,-29.469175984680405
4550,-29.469175984680405
4551,-29.469175984680405
4552,-29.469175984680405
4553,-29.469175984680405
4554,-29.469175984680405
4555,-29.469175984680405
4556,-29.469175984680405
4557,-29.469175984680405
4558,-29.469175984680405
4559,-29.469175984680405
4560,-29.469175984680405
4561,-29.469175984680405
4562,-29.469175984680405
4563,-29.469175984680405
4564,-29.469175984680405
4565,-29.469175984680405
4566,-29.469175984680405
4567,-29.469175984680405
4568,-29.469175984680405
4569,-29.469175984680405
4570,-29.469175984680405
4571,-29.469175984680405
4572,-29.469175984680405
4573,-29.469175984680405
4574,-29.469175984680405
4575,-29.469175984680405
4576,-29.469175984680405
4577,-29.469175984680405
4578,-29.469175984680405
4579,-29.469175984680405
4580,-29.469175984680405
4581,-29.469175984680405
4582,-29.469175984680405
4583,-29.469175984680405
4584,-29.469175984680405
4585,-29.469175984680405
4586,-29.469175984680405
4587,-29.469175984680405
4588,-29.469175984680405
4589,-29.469175984680405
4590,-29.469175984680405
4591,-29.469175984680405
4592,-29.469175984680405
4593,-29.469175984680405
4594,-29.469175984680405
4595,-29.469175984680405
4596,-29.469175984680405
4597,-29.469175984680405
4598,-29.469175984680405
4599,-29.469175984680405
4600,-29.469175984680405
4601,-29.469175984680405
4602,-29.469175984680405
4603,-29.469175984680405
4604,-29.469175984680405
4605,-29.469175984680405
4606,-29.469175984680405
4607,-29.469175984680405
4608,-29.469175984680405
4609,-29.469175984680405
4610,-29.469175984680405
4611,-29.469175984680405
4612,-29.469175984680405
4613,-29.469175984680405
4614,-29.469175984680405
4615,-29.469175984680405
4616,-29.469175984680405
4617,-29.469175984680405
4618,-29.469175984680405
4619,-29.469175984680405
4620,-29.469175984680405
4621,-29.469175984680405
4622,-29.469175984680405
4623,-29.469175984680405
4624,-29.469175984680405
4625,-29.469175984680405
4626,-29.469175984680405
4627,-29.469175984680405
4628,-29.469175984680405
4629,-29.469175984680405
4630,-29.469175984680405
4631,-29.469175984680405
4632,-29.469175984680405
4633,-29.469175984680405
4634,-29.469175984680405
4635,-29.469175984680405
4636,-29.469175984680405
4637,-29.469175984680405
4638,-29.469175984680405
4639,-29.469175984680405
4640,-29.469175984680405
4641,-29.469175984680405
4642,-29.469175984680405
4643,-29.469175984680405
4644,-29.469175984680405
4645,-29.469175984680405
4646,-29.469175984680405
4647,-29.469175984680405
4648,-29.469175984680405
4649,-29.469175984680405
4650,-29.469175984680405
4651,-29.469175984680405
4652,-29.469175984680405
4653,-29.469175984680405
4654,-29.469175984680405
4655,-29.469175984680405
4656,-29.469175984680405
4657,-29.469175984680405
4658,-29.469175984680405
4659,-29.469175984680405
4660,-29.469175984680405
4661,-29.469175984680405
4662,-29.469175984680405
4663,-29.469175984680405
4664,-29.469175984680405
4665,-29.469175984680405
4666,-29.469175984680405
4667,-29.469175984680405
4668,-29.469175984680405
4669,-29.469175984680405
4670,-29.469175984680405
4671,-29.469175984680405
4672,-29.469175984680405
4673,-29.469175984680405
4674,-29.469175984680405
4675,-29.469175984680405
4676,-29.469175984680405
4677,-29.469175984680405
4678,-29.469175984680405
4679,-29.469175984680405
4680,-29.469175984680405
4681,-29.469175984680405
4682,-29.469175984680405
4683,-29.469175984680405
4684,-29.469175984680405
4685,-29.469175984680405
4686,-29.469175984680405
4687,-29.469175984680405
4688,-29.469175984680405
4689,-29.469175984680405
4690,-29.469175984680405
4691,-29.469175984680405
4692,-29.469175984680405
4693,-29.469175984680405
4694,-29.469175984680405
4695,-29.469175984680405
4696,-29.469175984680405
4697,-29.469175984680405
4698,-29.469175984680405
4699,-29.469175984680405
4700,-29.469175984680405
4701,-29.469175984680405
4702,-29.469175984680405
4703,-29.469175984680405
4704,-29.469175984680405
4705,-29.469175984680405
4706,-29.469175984680405
4707,-29.469175984680405
4708,-29.469175984680405
4709,-29.469175984680405
4710,-29.469175984680405
4711,-29.469175984680405
4712,-29.469175984680405
4713,-29.469175984680405
4714,-29.469175984680405
4715,-29.469175984680405
4716,-29.469175984680405
4717,-29.469175984680405
4718,-29.469175984680405
4719,-29.469175984680405
4720,-29.469175984680405
4721,-29.469175984680405
4722,-29.469175984680405
4723,-29.469175984680405
4724,-29.469175984680405
4725,-29.469175984680405
4726,-29.469175984680405
4727,-29.469175984680405
4728,-29.469175984680405
4729,-29.469175984680405
4730,-29.469175984680405
4731,-29.469175984680405
4732,-29.469175984680405
4733,-29.469175984680405
4734,-29.469175984680405
4735,-29.469175984680405
4736,-29.469175984680405
4737,-29.469175984680405
4738,-29.469175984680405
4739,-29.469175984680405
4740,-29.469175984680405
4741,-29.469175984680405
4742,-29.469175984680405
4743,-29.469175984680405
4744,-29.469175984680405
4745,-29.469175984680405
4746,-29.469175984680405
4747,-29.469175984680405
4748,-29.469175984680405
4749,-29.469175984680405
4750,-29.469175984680405
4751,-29.469175984680405
4752,-29.469175984680405
4753,-29.469175984680405
4754,-29.469175984680405
4755,-29.469175984680405
4756,-29.469175984680405
4757,-29.469175984680405
4758,-29.469175984680405
4759,-29.469175984680405
4760,-29.469175984680405
4761,-29.469175984680405
4762,-29.469175984680405
4763,-29.469175984680405
4764,-29.469175984680405
4765,-29.469175984680405
4766,-29.469175984680405
4767,-29.469175984680405
4768,-29.469175984680405
4769,-29.469175984680405
4770,-29.469175984680405
4771,-29.469175984680405
4772,-29.469175984680405
4773,-29.469175984680405
4774,-29.469175984680405
4775,-29.469175984680405
4776,-29.469175984680405
4777,-29.469175984680405
4778,-29.469175984680405
4779,-29.469175984680405
4780,-29.469175984680405
4781,-29.469175984680405
4782,-29.469175984680405
4783,-29.469175984680405
4784,-29.469175984680405
4785,-29.469175984680405
4786,-29.469175984680405
4787,-29.469175984680405
4788,-29.469175984680405
4789,-29.469175984680405
4790,-29.469175984680405
4791,-29.469175984680405
4792,-29.469175984680405
4793,-29.469175984680405
4794,-29.469175984680405
4795,-29.469175984680405
4796,-29.469175984680405
4797,-29.469175984680405
4798,-29.469175984680405
4799,-29.469175984680405
4800,-29.469175984680405
4801,-29.469175984680405
4802,-29.469175984680405
4803,-29.469175984680405
4804,-29.469175984680405
4805,-29.469175984680405
4806,-29.469175984680405
4807,-29.469175984680405
4808,-29.469175984680405
4809,-29.469175984680405
4810,-29.469175984680405
4811,-29.469175984680405
4812,-29.469175984680405
4813,-29.469175984680405
4814,-29.469175984680405
4815,-29.469175984680405
4816,-29.469175984680405
4817,-29.469175984680405
4818,-29.469175984680405
4819,-29.469175984680405
4820,-29.469175984680405
4821,-29.469175984680405
4822,-29.469175984680405
4823,-29.469175984680405
4824,-29.469175984680405
4825,-29.469175984680405
4826,-29.469175984680405
4827,-29.469175984680405
4828,-29.469175984680405
4829,-29.469175984680405
4830,-29.469175984680405
4831,-29.469175984680405
4832,-29.469175984680405
4833,-29.469175984680405
4834,-29.469175984680405
4835,-29.469175984680405
4836,-29.469175984680405
4837,-29.469175984680405
4838,-29.469175984680405
4839,-29.469175984680405
4840,-29.469175984680405
4841,-29.469175984680405
4842,-29.469175984680405
4843,-29.469175984680405
4844,-29.469175984680405
4845,-29.469175984680405
4846,-29.469175984680405
4847,-29.469175984680405
4848,-29.469175984680405
4849,-29.469175984680405
4850,-29.469175984680405
4851,-29.469175984680405
4852,-29.469175984680405
4853,-29.469175984680405
4854,-29.469175984680405
4855,-29.469175984680405
4856,-29.469175984680405
4857,-29.469175984680405
4858,-29.469175984680405
4859,-29.469175984680405
4860,-29.469175984680405
4861,-29.469175984680405
4862,-29.469175984680405
4863,-29.469175984680405
4864,-29.469175984680405
4865,-29.469175984680405
4866,-29.469175984680405
4867,-29.469175984680405
4868,-29.469175984680405
4869,-29.469175984680405
4870,-29.469175984680405
4871,-29.469175984680405
4872,-29.469175984680405
4873,-29.469175984680405
4874,-29.469175984680405
4875,-29.469175984680405
4876,-29.469175984680405
4877,-27.52617807792229
4878,-27.52617807792229
4879,-27.52617807792229
4880,-27.52617807792229
4881,-27.52617807792229
4882,-27.52617807792229
4883,-27.52617807792229
4884,-27.52617807792229
4885,-27.52617807792229
4886,-27.52617807792229
4887,-27.52617807792229
4888,-27.52617807792229
4889,-27.52617807792229
4890,-27.52617807792229
4891,-27.52617807792229
4892,-27.52617807792229
4893,-27.52617807792229
4894,-27.52617807792229
4895,-27.52617807792229
4896,-27.52617807792229
4897,-27.52617807792229
4898,-27.52617807792229
4899,-27.52617807792229
4900,-27.52617807792229
4901,-27.52617807792229
4902,-27.52617807792229
4903,-27.52617807792229
4904,-27.52617807792229
4905,-27.52617807792229
4906,-27.52617807792229
4907,-27.52617807792229
4908,-27.52617807792229
4909,-27.52617807792229
4910,-27.52617807792229
4911,-27.52617807792229
4912,-27.52617807792229
4913,-27.52617807792229
4914,-27.52617807792229
4915,-27.52617807792229
4916,-27.52617807792229
4917,-27.52617807792229
4918,-27.52617807792229
4919,-27.52617807792229
4920,-27.52617807792229
4921,-27.52617807792229
4922,-27.52617807792229
4923,-27.52617807792229
4924,-27.52617807792229
4925,-27.52617807792229
4926,-27.52617807792229
4927,-27.52617807792229
4928,-27.52617807792229
4929,-27.52617807792229
4930,-27.52617807792229
4931,-27.52617807792229
4932,-27.52617807792229
4933,-27.52617807792229
4934,-27.52617807792229
4935,-27.52617807792229
4936,-27.52617807792229
4937,-27.52617807792229
4938,-27.52617807792229
4939,-27.52617807792229
4940,-27.52617807792229
4941,-27.52617807792229
4942,-27.52617807792229
4943,-27.52617807792229
4944,-27.52617807792229
4945,-27.52617807792229
4946,-27.52617807792229
4947,-27.52617807792229
4948,-27.52617807792229
4949,-27.52617807792229
4950,-27.52617807792229
4951,-27.52617807792229
4952,-27.52617807792229
4953,-27.52617807792229
4954,-27.52617807792229
4955,-27.52617807792229
4956,-27.52617807792229
4957,-27.52617807792229
4958,-27.52617807792229
4959,-27.52617807792229
4960,-27.52617807792229
4961,-27.52617807792229
4962,-27.52617807792229
4963,-27.52617807792229
4964,-27.52617807792229
4965,-27.52617807792229
4966,-27.52617807792229
4967,-27.52617807792229
4968,-27.52617807792229
4969,-27.52617807792229
4970,-27.52617807792229
4971,-27.52617807792229
4972,-27.52617807792229
4973,-27.52617807792229
4974,-27.52617807792229
4975,-27.52617807792229
4976,-27.52617807792229
4977,-27.52617807792229
4978,-27.52617807792229
4979,-27.52617807792229
4980,-27.52617807792229
4981,-27.52617807792229
4982,-27.52617807792229
4983,-27.52617807792229
4984,-27.52617807792229
4985,-27.52617807792229
4986,-27.52617807792229
4987,-27.52617807792229
4988,-27.52617807792229
4989,-27.52617807792229
4990,-27.52617807792229
4991,-27.52617807792229
4992,-27.52617807792229
4993,-27.52617807792229
4994,-27.52617807792229
4995,-27.52617807792229
4996,-27.52617807792229
4997,-27.52617807792229
4998,-27.52617807792229
4999,-27.52617807792229
5000,-27.52617807792229
5001,-27.52617807792229
5002,-27.52617807792229
5003,-27.52617807792229
5004,-27.52617807792229
5005,-27.52617807792229
5006,-27.52617807792229
5007,-27.52617807792229
5008,-27.52617807792229
5009,-27.52617807792229
5010,-27.52617807792229
5011,-27.52617807792229
5012,-27.52617807792229
5013,-27.52617807792229
5014,-27.52617807792229
5015,-27.52617807792229
5016,-27.52617807792229
5017,-27.52617807792229
5018,-27.52617807792229
5019,-27.52617807792229
5020,-27.52617807792229
5021,-27.52617807792229
5022,-27.52617807792229
5023,-27.52617807792229
5024,-27.52617807792229
5025,-27.52617807792229
5026,-27.52617807792229
5027,-27.52617807792229
5028,-27.52617807792229
5029,-27.52617807792229
5030,-27.52617807792229
5031,-27.52617807792229
5032,-27.52617807792229
5033,-27.52617807792229
5034,-27.52617807792229
5035,-27.52617807792229
5036,-27.52617807792229
5037,-27.52617807792229
5038,-27.52617807792229
5039,-27.52617807792229
5040,-27.52617807792229
5041,-27.52617807792229
5042,-27.52617807792229
5043,-27.52617807792229
5044,-27.52617807792229
5045,-27.52617807792229
5046,-27.52617807792229
5047,-27.52617807792229
5048,-27.52617807792229
5049,-27.52617807792229
5050,-27.52617807792229
5051,-27.52617807792229
5052,-27.52617807792229
5053,-27.52617807792229
5054,-27.52617807792229
5055,-27.52617807792229
5056,-27.52617807792229
5057,-27.52617807792229
5058,-27.52617807792229
5059,-27.52617807792229
5060,-27.52617807792229
5061,-27.52617807792229
5062,-27.52617807792229
5063,-27.52617807792229
5064,-27.52617807792229
5065,-27.52617807792229
5066,-27.52617807792229
5067,-27.52617807792229
5068,-27.52617807792229
5069,-27.52617807792229
5070,-27.52617807792229
5071,-27.52617807792229
5072,-27.52617807792229
5073,-27.52617807792229
5074,-27.52617807792229
5075,-27.52617807792229
5076,-27.52617807792229
5077,-27.52617807792229
5078,-27.52617807792229
5079,-27.52617807792229
5080,-27.52617807792229
5081,-27.52617807792229
5082,-27.52617807792229
5083,-27.52617807792229
5084,-27.52617807792229
5085,-27.52617807792229
5086,-27.52617807792229
5087,-27.52617807792229
5088,-27.52617807792229
5089,-27.52617807792229
5090,-27.52617807792229
5091,-27.52617807792229
5092,-27.52617807792229
5093,-27.52617807792229
5094,-27.52617807792229
5095,-27.52617807792229
5096,-27.52617807792229
5097,-27.52617807792229
5098,-27.52617807792229
5099,-27.52617807792229
5100,-27.52617807792229
5101,-27.52617807792229
5102,-27.52617807792229
5103,-27.52617807792229
5104,-27.52617807792229
5105,-27.52617807792229
5106,-27.52617807792229
5107,-27.52617807792229
5108,-27.52617807792229
5109,-27.52617807792229
5110,-27.52617807792229
5111,-27.52617807792229
5112,-27.52617807792229
5113,-27.52617807792229
5114,-27.52617807792229
5115,-27.52617807792229
5116,-27.52617807792229
5117,-27.52617807792229
5118,-27.52617807792229
5119,-27.52617807792229
5120,-27.52617807792229
5121,-27.52617807792229
5122,-27.52617807792229
5123,-27.52617807792229
5124,-27.52617807792229
5125,-27.52617807792229
5126,-27.52617807792229
5127,-27.52617807792229
5128,-27.52617807792229
5129,-27.52617807792229
5130,-27.52617807792229
5131,-27.52617807792229
5132,-27.52617807792229
5133,-27.52617807792229
5134,-27.52617807792229
5135,-27.52617807792229
5136,-27.52617807792229
5137,-27.52617807792229
5138,-27.52617807792229
5139,-27.52617807792229
5140,-27.52617807792229
5141,-27.52617807792229
5142,-27.52617807792229
5143,-27.52617807792229
5144,-27.52617807792229
5145,-27.52617807792229
5146,-27.52617807792229
5147,-27.52617807792229
5148,-27.52617807792229
5149,-27.52617807792229
5150,-27.52617807792229
5151,-27.52617807792229
5152,-27.52617807792229
5153,-27.52617807792229
5154,-27.52617807792229
5155,-27.52617807792229
5156,-27.52617807792229
5157,-27.52617807792229
5158,-27.52617807792229
5159,-27.52617807792229
5160,-27.52617807792229
5161,-27.52617807792229
5162,-27.52617807792229
5163,-27.52617807792229
5164,-27.52617807792229
5165,-27.52617807792229
5166,-27.52617807792229
5167,-27.52617807792229
5168,-27.52617807792229
5169,-27.52617807792229
5170,-27.52617807792229
5171,-27.52617807792229
5172,-27.52617807792229
5173,-27.52617807792229
5174,-27.52617807792229
5175,-27.52617807792229
5176,-27.52617807792229
5177,-27.52617807792229
5178,-27.52617807792229
5179,-27.52617807792229
5180,-27.52617807792229
5181,-27.52617807792229
5182,-27.52617807792229
5183,-27.52617807792229
5184,-27.52617807792229
5185,-27.52617807792229
5186,-27.52617807792229
5187,-27.52617807792229
5188,-27.52617807792229
5189,-27.52617807792229
5190,-27.52617807792229
5191,-27.52617807792229
5192,-27.52617807792229
5193,-27.52617807792229
5194,-27.52617807792229
5195,-27.52617807792229
5196,-27.52617807792229
5197,-27.52617807792229
5198,-27.52617807792229
5199,-27.52617807792229
5200,-27.52617807792229
5201,-27.52617807792229
5202,-27.52617807792229
5203,-27.52617807792229
5204,-27.52617807792229
5205,-27.52617807792229
5206,-27.52617807792229
5207,-27.52617807792229
5208,-27.52617807792229
5209,-27.52617807792229
5210,-27.52617807792229
5211,-27.52617807792229
5212,-27.52617807792229
5213,-27.52617807792229
5214,-27.52617807792229
5215,-27.52617807792229
5216,-27.52617807792229
5217,-27.52617807792229
5218,-27.52617807792229
5219,-27.52617807792229
5220,-27.52617807792229
5221,-1.10140654601192
5222,-1.10140654601192
5223,-1.10140654601192
5224,-1.10140654601192
5225,-1.10140654601192
5226,-1.10140654601192
5227,-1.10140654601192
5228,-1.10140654601192
5229,-1.10140654601192
5230,-1.10140654601192
5231,-1.10140654601192
5232,-1.10140654601192
5233,-1.10140654601192
5234,-1.10140654601192
5235,-1.10140654601192
5236,-1.10140654601192
5237,-1.10140654601192
5238,-1.10140654601192
5239,-1.10140654601192
5240,-1.10140654601192
5241,-1.10140654601192
5242,-1.10140654601192
5243,-1.10140654601192
5244,-1.10140654601192
5245,-1.10140654601192
5246,-1.10140654601192
5247,-1.10140654601192
5248,-1.10140654601192
5249,-1.10140654601192
5250,-1.10140654601192
5251,-1.10140654601192
5252,-1.10140654601192
5253,-1.10140654601192
5254,-1.10140654601192
5255,-1.10140654601192
5256,-1.10140654601192
5257,-1.10140654601192
5258,-1.10140654601192
5259,-1.10140654601192
5260,-1.10140654601192
5261,-1.10140654601192
5262,-1.10140654601192
5263,-1.10140654601192
5264,-1.10140654601192
5265,-1.10140654601192
5266,-1.10140654601192
5267,-1.10140654601192
5268,-1.10140654601192
5269,-1.10140654601192
5270,-1.10140654601192
5271,-1.10140654601192
5272,-1.10140654601192
5273,-1.10140654601192
5274,-1.10140654601192
5275,-1.10140654601192
5276,-1.10140654601192
5277,-1.10140654601192
5278,-1.10140654601192
5279,-1.10140654601192
5280,-1.10140654601192
5281,-1.10140654601192
5282,-1.10140654601192
5283,-1.10140654601192
5284,-1.10140654601192
5285,-1.10140654601192
5286,-1.10140654601192
5287,-1.10140654601192
5288,-1.10140654601192
5289,-1.10140654601192
5290,-1.10140654601192
5291,-1.10140654601192
5292,-1.10140654601192
5293,-1.10140654601192
5294,-1.10140654601192
5295,-1.10140654601192
5296,-1.10140654601192
5297,-1.10140654601192
5298,-1.10140654601192
5299,-1.10140654601192
5300,-1.10140654601192
5301,-1.10140654601192
5302,-1.10140654601192
5303,-1.10140654601192
5304,-1.10140654601192
5305,-1.10140654601192
5306,-1.10140654601192
5307,-1.10140654601192
5308,-1.10140654601192
5309,-1.10140654601192
5310,-1.10140654601192
5311,-1.10140654601192
5312,-1.10140654601192
5313,-1.10140654601192
5314,-1.10140654601192
5315,-1.10140654601192
5316,-1.10140654601192
5317,-1.10140654601192
5318,-1.10140654601192
5319,-1.10140654601192
5320,-1.10140654601192
5321,-1.10140654601192
5322,-1.10140654601192
5323,-1.10140654601192
5324,-1.10140654601192
5325,-1.10140654601192
5326,-1.10140654601192
5327,-1.10140654601192
5328,-1.10140654601192
5329,-17.714038648793807
5330,-17.714038648793807
5331,-17.714038648793807
5332,-17.714038648793807
5333,-17.714038648793807
5334,-17.714038648793807
5335,-17.714038648793807
5336,-17.714038648793807
5337,-17.714038648793807
5338,-17.714038648793807
5339,-17.714038648793807
5340,-17.714038648793807
5341,-17.714038648793807
5342,-17.714038648793807
5343,-17.714038648793807
5344,-17.714038648793807
5345,-17.714038648793807
5346,-17.714038648793807
5347,-17.714038648793807
5348,-17.714038648793807
5349,-17.714038648793807
5350,-17.714038648793807
5351,-17.714038648793807
5352,-17.714038648793807
5353,-17.714038648793807
5354,-17.714038648793807
5355,-17.714038648793807
5356,-17.714038648793807
5357,-17.714038648793807
5358,-17.714038648793807
5359,-17.714038648793807
5360,-17.714038648793807
5361,-17.714038648793807
5362,-17.714038648793807
5363,-17.714038648793807
5364,-17.714038648793807
5365,-17.714038648793807
5366,-17.714038648793807
5367,-17.714038648793807
5368,-17.714038648793807
5369,-17.714038648793807
5370,-17.714038648793807
5371,-17.714038648793807
5372,-17.714038648793807
5373,-17.714038648793807
5374,-17.714038648793807
5375,-17.714038648793807
5376,-17.714038648793807
5377,-17.714038648793807
5378,-17.714038648793807
5379,-17.714038648793807
5380,-17.714038648793807
5381,-17.714038648793807
5382,-17.714038648793807
5383,-17.714038648793807
5384,-17.714038648793807
5385,-17.714038648793807
5386,-17.714038648793807
5387,-17.714038648793807
5388,-17.714038648793807
5389,-17.714038648793807
5390,-17.714038648793807
5391,-17.714038648793807
5392,-17.714038648793807
5393,-17.714038648793807
5394,-17.714038648793807
5395,-17.714038648793807
5396,-17.714038648793807
5397,-17.714038648793807
5398,-17.714038648793807
5399,-17.714038648793807
5400,-17.714038648793807
5401,-17.714038648793807
5402,-17.714038648793807
5403,-17.714038648793807
5404,-17.714038648793807
5405,-17.714038648793807
5406,-17.714038648793807
5407,-17.714038648793807
5408,-17.714038648793807
5409,-17.714038648793807
5410,-17.714038648793807
5411,-17.714038648793807
5412,-17.714038648793807
5413,-17.714038648793807
5414,-17.714038648793807
5415,-17.714038648793807
5416,-17.714038648793807
5417,-17.714038648793807
5418,-17.714038648793807
5419,-17.714038648793807
5420,-17.714038648793807
5421,-17.714038648793807
5422,-17.714038648793807
5423,-17.714038648793807
5424,-17.714038648793807
5425,-17.714038648793807
5426,-17.714038648793807
5427,-17.714038648793807
5428,-17.714038648793807
5429,-17.714038648793807
5430,-17.714038648793807
5431,-17.714038648793807
5432,-17.714038648793807
5433,-17.714038648793807
5434,-17.714038648793807
5435,-17.714038648793807
5436,-17.714038648793807
5437,-17.714038648793807
5438,-17.714038648793807
5439,-17.714038648793807
5440,-17.714038648793807
5441,-17.714038648793807
5442,-17.714038648793807
5443,-17.714038648793807
5444,-17.714038648793807
5445,-17.714038648793807
5446,-17.714038648793807
5447,-17.714038648793807
5448,-17.714038648793807
5449,-17.714038648793807
5450,-17.714038648793807
5451,-17.714038648793807
5452,-17.714038648793807
5453,-17.714038648793807
5454,-17.714038648793807
5455,-17.714038648793807
5456,-17.714038648793807
5457,-17.714038648793807
5458,-17.714038648793807
5459,-17.714038648793807
5460,-17.714038648793807
5461,-17.714038648793807
5462,-17.714038648793807
5463,-17.714038648793807
5464,-17.714038648793807
5465,-17.714038648793807
5466,-17.714038648793807
5467,-17.714038648793807
5468,-17.714038648793807
5469,-17.714038648793807
5470,-17.714038648793807
5471,-17.714038648793807
5472,-17.714038648793807
5473,-17.714038648793807
5474,-17.714038648793807
5475,-17.714038648793807
5476,-17.714038648793807
5477,-17.714038648793807
5478,-17.714038648793807
5479,-17.714038648793807
5480,-17.714038648793807
5481,-17.714038648793807
5482,-17.714038648793807
5483,-17.714038648793807
5484,-17.714038648793807
5485,-17.714038648793807
5486,-17.714038648793807
5487,-17.714038648793807
5488,-17.714038648793807
5489,-17.714038648793807
5490,-17.714038648793807
5491,-17.714038648793807
5492,-17.714038648793807
5493,-17.714038648793807
5494,-17.714038648793807
5495,-17.714038648793807
5496,-17.714038648793807
5497,-17.714038648793807
5498,-17.714038648793807
5499,-17.714038648793807
5500,-17.714038648793807
5501,-17.714038648793807
5502,-17.714038648793807
5503,-17.714038648793807
5504,-17.714038648793807
5505,-17.714038648793807
5506,-17.714038648793807
5507,-17.714038648793807
5508,-17.714038648793807
5509,-17.714038648793807
5510,-17.714038648793807
5511,-17.714038648793807
5512,-17.714038648793807
5513,-17.714038648793807
5514,-17.714038648793807
5515,-17.714038648793807
5516,-17.714038648793807
5517,-17.714038648793807
5518,-17.714038648793807
5519,-17.714038648793807
5520,-17.714038648793807
5521,-17.714038648793807
5522,-17.714038648793807
5523,-17.714038648793807
5524,-17.714038648793807
5525,-17.714038648793807
5526,-17.714038648793807
5527,-17.714038648793807
5528,-17.714038648793807
5529,-17.714038648793807
5530,-17.714038648793807
5531,-17.714038648793807
5532,-17.714038648793807
5533,-17.714038648793807
5534,-17.714038648793807
5535,-17.714038648793807
5536,-17.714038648793807
5537,-17.714038648793807
5538,-17.714038648793807
5539,-17.714038648793807
5540,-17.714038648793807
5541,-17.714038648793807
5542,-17.714038648793807
5543,-17.714038648793807
5544,-17.714038648793807
5545,-17.714038648793807
5546,-17.714038648793807
5547,-17.714038648793807
5548,-17.714038648793807
5549,-17.714038648793807
5550,-17.714038648793807
5551,-17.714038648793807
5552,-17.714038648793807
5553,-17.714038648793807
5554,-17.714038648793807
5555,-17.714038648793807
5556,-17.714038648793807
5557,-17.714038648793807
5558,-17.714038648793807
5559,-17.714038648793807
5560,-17.714038648793807
5561,-17.714038648793807
5562,-17.714038648793807
5563,-17.714038648793807
5564,-17.714038648793807
5565,-17.714038648793807
5566,-17.714038648793807
5567,-17.714038648793807
5568,-17.714038648793807
5569,-17.714038648793807
5570,-17.714038648793807
5571,-17.714038648793807
5572,-17.714038648793807
5573,-17.714038648793807
5574,-17.714038648793807
5575,-17.714038648793807
5576,-17.714038648793807
5577,-17.714038648793807
5578,-17.714038648793807
5579,-17.714038648793807
5580,-17.714038648793807
5581,-17.714038648793807
5582,-17.714038648793807
5583,-17.714038648793807
5584,-17.714038648793807
5585,-17.714038648793807
5586,-17.714038648793807
5587,-17.714038648793807
5588,-17.714038648793807
5589,-17.714038648793807
5590,-17.714038648793807
5591,-17.714038648793807
5592,-17.714038648793807
5593,-17.714038648793807
5594,-17.714038648793807
5595,-17.714038648793807
5596,-17.714038648793807
5597,-17.714038648793807
5598,-17.714038648793807
5599,-17.714038648793807
5600,-17.714038648793807
5601,-17.714038648793807
5602,-17.714038648793807
5603,-17.714038648793807
5604,-17.714038648793807
5605,-17.714038648793807
5606,-17.714038648793807
5607,-17.714038648793807
5608,-17.714038648793807
5609,-17.714038648793807
5610,-17.714038648793807
5611,-17.714038648793807
5612,-17.714038648793807
5613,-17.714038648793807
5614,-17.714038648793807
5615,-17.714038648793807
5616,-17.714038648793807
5617,-17.714038648793807
5618,-17.714038648793807
5619,-17.714038648793807
5620,-17.714038648793807
5621,-17.714038648793807
5622,-17.714038648793807
5623,-17.714038648793807
5624,-17.714038648793807
5625,-17.714038648793807
5626,-17.714038648793807
5627,-17.714038648793807
5628,-17.714038648793807
5629,-17.714038648793807
5630,-17.714038648793807
5631,-17.714038648793807
5632,-17.714038648793807
5633,-17.714038648793807
5634,-17.714038648793807
5635,-17.714038648793807
5636,-17.714038648793807
5637,-17.714038648793807
5638,-17.714038648793807
5639,-17.714038648793807
5640,-17.714038648793807
5641,-17.714038648793807
5642,-17.714038648793807
5643,-17.714038648793807
5644,-17.714038648793807
5645,-17.714038648793807
5646,-17.714038648793807
5647,-17.714038648793807
5648,-17.714038648793807
5649,-17.714038648793807
5650,-17.714038648793807
5651,-17.714038648793807
5652,-17.714038648793807
5653,-17.714038648793807
5654,-17.714038648793807
5655,-17.714038648793807
5656,-17.714038648793807
5657,-17.714038648793807
5658,-17.714038648793807
5659,-17.714038648793807
5660,-17.714038648793807
5661,-17.714038648793807
5662,-17.714038648793807
5663,-17.714038648793807
5664,-17.714038648793807
5665,-17.714038648793807
5666,-17.714038648793807
5667,-17.714038648793807
5668,-17.714038648793807
5669,-17.714038648793807
5670,-17.714038648793807
5671,-17.714038648793807
5672,-17.714038648793807
5673,-17.714038648793807
5674,-17.714038648793807
5675,-17.714038648793807
5676,-17.714038648793807
5677,-17.714038648793807
5678,-17.714038648793807
5679,-17.714038648793807
5680,-17.714038648793807
5681,-17.714038648793807
5682,-17.714038648793807
5683,-17.714038648793807
5684,-17.714038648793807
5685,-17.714038648793807
5686,-17.714038648793807
5687,-17.714038648793807
5688,-17.714038648793807
5689,-17.714038648793807
5690,-17.714038648793807
5691,-17.714038648793807
5692,-17.714038648793807
5693,-17.714038648793807
5694,-17.714038648793807
5695,-17.714038648793807
5696,-17.714038648793807
5697,-17.714038648793807
5698,-17.714038648793807
5699,-17.714038648793807
5700,-17.714038648793807
5701,-17.714038648793807
5702,-17.714038648793807
5703,-17.714038648793807
5704,-17.714038648793807
5705,-17.714038648793807
5706,-17.714038648793807
5707,-17.714038648793807
5708,-17.714038648793807
5709,-17.714038648793807
5710,-17.714038648793807
5711,-17.714038648793807
5712,-17.714038648793807
5713,-17.714038648793807
5714,-17.714038648793807
5715,-17.714038648793807
5716,-17.714038648793807
5717,-17.714038648793807
5718,-17.714038648793807
5719,-17.714038648793807
5720,-17.714038648793807
5721,-17.714038648793807
5722,-17.714038648793807
5723,-17.714038648793807
5724,-17.714038648793807
5725,-17.714038648793807
5726,-17.714038648793807
5727,-17.714038648793807
5728,-17.714038648793807
5729,-17.714038648793807
5730,-17.714038648793807
5731,-17.714038648793807
5732,-17.714038648793807
5733,-17.714038648793807
5734,-17.714038648793807
5735,-17.714038648793807
5736,-17.714038648793807
5737,-17.714038648793807
5738,-17.714038648793807
5739,-17.714038648793807
5740,-17.714038648793807
5741,-17.714038648793807
5742,-17.714038648793807
5743,-17.714038648793807
5744,-17.714038648793807
5745,-17.714038648793807
5746,-17.714038648793807
5747,-17.714038648793807
5748,-17.714038648793807
5749,-17.714038648793807
5750,-17.714038648793807
5751,-17.714038648793807
5752,-17.714038648793807
5753,-17.714038648793807
5754,-17.714038648793807
5755,-17.714038648793807
5756,-17.714038648793807
5757,-17.714038648793807
5758,-17.714038648793807
5759,-17.714038648793807
5760,-17.714038648793807
5761,-17.714038648793807
5762,-17.714038648793807
5763,-17.714038648793807
5764,-17.714038648793807
5765,-17.714038648793807
5766,-17.714038648793807
5767,-17.714038648793807
5768,-17.714038648793807
5769,-17.714038648793807
5770,-17.714038648793807
5771,-17.714038648793807
5772,-17.714038648793807
5773,-17.714038648793807
5774,-17.714038648793807
5775,-17.714038648793807
5776,-17.714038648793807
5777,-17.714038648793807
5778,-17.714038648793807
5779,-17.714038648793807
5780,-17.714038648793807
5781,-17.714038648793807
5782,-17.714038648793807
5783,-17.714038648793807
5784,-17.714038648793807
5785,-17.714038648793807
5786,-17.714038648793807
5787,-17.714038648793807
5788,-17.714038648793807
5789,-17.714038648793807
5790,-17.714038648793807
5791,-17.714038648793807
5792,-17.714038648793807
5793,-17.714038648793807
5794,-17.714038648793807
5795,-17.714038648793807
5796,-17.714038648793807
5797,-17.714038648793807
5798,-17.714038648793807
5799,-17.714038648793807
5800,-17.714038648793807
5801,-17.714038648793807
5802,-17.714038648793807
5803,-17.714038648793807
5804,-17.714038648793807
5805,-17.714038648793807
5806,-17.714038648793807
5807,-17.714038648793807
5808,-17.714038648793807
5809,-17.714038648793807
5810,-17.714038648793807
5811,-17.714038648793807
5812,-17.714038648793807
5813,-17.714038648793807
5814,-17.714038648793807
5815,-17.714038648793807
5816,-17.714038648793807
5817,-17.714038648793807
5818,-17.714038648793807
5819,-17.714038648793807
5820,-17.714038648793807
5821,-17.714038648793807
5822,-17.714038648793807
5823,-17.714038648793807
5824,-17.714038648793807
5825,-17.714038648793807
5826,-17.714038648793807
5827,-17.714038648793807
5828,-17.714038648793807
5829,-17.714038648793807
5830,-17.714038648793807
5831,-17.714038648793807
5832,-17.714038648793807
5833,-17.714038648793807
5834,-17.714038648793807
5835,-17.714038648793807
5836,-17.714038648793807
5837,-17.714038648793807
5838,-17.714038648793807
5839,-17.714038648793807
5840,-17.714038648793807
5841,-17.714038648793807
5842,-17.714038648793807
5843,-17.714038648793807
5844,-17.714038648793807
5845,-17.714038648793807
5846,-17.714038648793807
5847,-17.714038648793807
5848,-17.714038648793807
5849,-17.714038648793807
5850,-17.714038648793807
5851,-17.714038648793807
5852,-17.714038648793807
5853,-17.714038648793807
5854,-17.714038648793807
5855,-17.714038648793807
5856,-17.714038648793807
5857,-17.714038648793807
5858,-17.714038648793807
5859,-17.714038648793807
5860,-17.714038648793807
5861,-17.714038648793807
5862,-17.714038648793807
5863,-17.714038648793807
5864,-17.714038648793807
5865,-17.714038648793807
5866,-17.714038648793807
5867,-17.714038648793807
5868,-17.714038648793807
5869,-17.714038648793807
5870,-17.714038648793807
5871,-17.714038648793807
5872,-17.714038648793807
5873,-17.714038648793807
5874,-17.714038648793807
5875,-17.714038648793807
5876,-17.714038648793807
5877,-17.714038648793807
5878,-17.714038648793807
5879,-17.714038648793807
5880,-17.714038648793807
5881,-17.714038648793807
5882,-17.714038648793807
5883,-17.714038648793807
5884,-17.714038648793807
5885,-17.714038648793807
5886,-17.714038648793807
5887,-17.714038648793807
5888,-17.714038648793807
5889,-17.714038648793807
5890,-17.714038648793807
5891,-17.714038648793807
5892,-17.714038648793807
5893,-17.714038648793807
5894,-17.714038648793807
5895,-17.714038648793807
5896,-17.714038648793807
5897,-17.714038648793807
5898,-17.714038648793807
5899,-17.714038648793807
5900,-17.714038648793807
5901,-17.714038648793807
5902,-17.714038648793807
5903,-17.714038648793807
5904,-17.714038648793807
5905,-17.714038648793807
5906,-17.714038648793807
5907,-17.714038648793807
5908,-17.714038648793807
5909,-17.714038648793807
5910,-17.714038648793807
5911,-17.714038648793807
5912,-17.714038648793807
5913,-17.714038648793807
5914,-17.714038648793807
5915,-17.714038648793807
5916,-17.714038648793807
5917,-17.714038648793807
5918,-17.714038648793807
5919,-17.714038648793807
5920,-17.714038648793807
5921,-17.714038648793807
5922,-17.714038648793807
5923,-17.714038648793807
5924,-17.714038648793807
5925,-17.714038648793807
5926,-17.714038648793807
5927,-17.714038648793807
5928,-17.714038648793807
5929,-17.714038648793807
5930,-17.714038648793807
5931,-17.714038648793807
5932,-17.714038648793807
5933,-17.714038648793807
5934,-17.714038648793807
5935,-17.714038648793807
5936,-17.714038648793807
5937,-17.714038648793807
5938,-17.714038648793807
5939,-17.714038648793807
5940,-17.714038648793807
5941,-17.714038648793807
5942,-17.714038648793807
5943,-17.714038648793807
5944,-17.714038648793807
5945,-17.714038648793807
5946,-17.714038648793807
5947,-17.714038648793807
5948,-17.714038648793807
5949,-17.714038648793807
5950,-17.714038648793807
5951,-17.714038648793807
5952,-17.714038648793807
5953,-17.714038648793807
5954,-17.714038648793807
5955,-17.714038648793807
5956,-17.714038648793807
5957,-17.714038648793807
5958,-17.714038648793807
5959,-17.714038648793807
5960,-17.714038648793807
5961,-17.714038648793807
5962,-17.714038648793807
5963,-17.714038648793807
5964,-17.714038648793807
5965,-17.714038648793807
5966,-17.714038648793807
5967,-17.714038648793807
5968,-17.714038648793807
5969,-17.714038648793807
5970,-17.714038648793807
5971,-17.714038648793807
5972,-17.714038648793807
5973,-17.714038648793807
5974,-17.714038648793807
5975,-17.714038648793807
5976,-17.714038648793807
5977,-17.714038648793807
5978,-17.714038648793807
5979,-17.714038648793807
5980,-17.714038648793807
5981,-17.714038648793807
5982,-17.714038648793807
5983,-17.714038648793807
5984,-17.714038648793807
5985,-17.714038648793807
5986,-17.714038648793807
5987,-17.714038648793807
5988,-17.714038648793807
5989,-17.714038648793807
5990,-17.714038648793807
5991,-17.714038648793807
5992,-17.714038648793807
5993,-17.714038648793807
5994,-17.714038648793807
5995,-17.714038648793807
5996,-17.714038648793807
5997,-17.714038648793807
5998,-17.714038648793807
5999,-17.714038648793807
6000,-17.714038648793807
6001,-17.714038648793807
6002,-17.714038648793807
6003,-17.714038648793807
6004,-17.714038648793807
6005,-17.714038648793807
6006,-17.714038648793807
6007,-17.714038648793807
6008,-17.714038648793807
6009,-17.714038648793807
6010,-17.714038648793807
6011,-17.714038648793807
6012,-17.714038648793807
6013,-17.714038648793807
6014,-17.714038648793807
6015,-17.714038648793807
6016,-17.714038648793807
6017,-17.714038648793807
6018,-17.714038648793807
6019,-17.714038648793807
6020,-17.714038648793807
6021,-17.714038648793807
6022,-17.714038648793807
6023,-17.714038648793807
6024,-17.714038648793807
6025,-17.714038648793807
6026,-17.714038648793807
6027,-17.714038648793807
6028,-17.714038648793807
6029,-17.714038648793807
6030,-17.714038648793807
6031,-17.714038648793807
6032,-17.714038648793807
6033,-17.714038648793807
6034,-17.714038648793807
6035,-17.714038648793807
6036,-17.714038648793807
6037,-17.714038648793807
6038,-17.714038648793807
6039,-17.714038648793807
6040,-17.714038648793807
6041,-17.714038648793807
6042,-17.714038648793807
6043,-17.714038648793807
6044,-17.714038648793807
6045,-17.714038648793807
6046,-17.714038648793807
6047,-17.714038648793807
6048,-17.714038648793807
6049,-17.714038648793807
6050,-17.714038648793807
6051,-17.714038648793807
6052,-17.714038648793807
6053,-17.714038648793807
6054,-17.714038648793807
6055,-17.714038648793807
6056,-17.714038648793807
6057,-17.714038648793807
6058,-17.714038648793807
6059,-17.714038648793807
6060,-17.714038648793807
6061,-17.714038648793807
6062,-17.714038648793807
6063,-17.714038648793807
6064,-17.714038648793807
6065,-17.714038648793807
6066,-17.714038648793807
6067,-17.714038648793807
6068,-17.714038648793807
6069,-17.714038648793807
6070,-17.714038648793807
6071,-17.714038648793807
6072,-17.714038648793807
6073,-17.714038648793807
6074,-17.714038648793807
6075,-17.714038648793807
6076,-17.714038648793807
6077,-17.714038648793807
6078,-17.714038648793807
6079,-17.714038648793807
6080,-17.714038648793807
6081,-17.714038648793807
6082,-17.714038648793807
6083,-17.714038648793807
6084,-17.714038648793807
6085,-17.714038648793807
6086,-17.714038648793807
6087,-17.714038648793807
6088,-17.714038648793807
6089,-17.714038648793807
6090,-17.714038648793807
6091,-17.714038648793807
6092,-17.714038648793807
6093,-17.714038648793807
6094,-17.714038648793807
6095,-17.714038648793807
6096,-17.714038648793807
6097,-17.714038648793807
6098,-17.714038648793807
6099,-17.714038648793807
6100,-17.714038648793807
6101,-17.714038648793807
6102,-17.714038648793807
6103,-17.714038648793807
6104,-17.714038648793807
6105,-17.714038648793807
6106,-17.714038648793807
6107,-17.714038648793807
6108,-17.714038648793807
6109,-17.714038648793807
6110,-17.714038648793807
6111,-17.714038648793807
6112,-17.714038648793807
6113,-17.714038648793807
6114,-17.714038648793807
6115,-17.714038648793807
6116,-17.714038648793807
6117,-17.714038648793807
6118,-17.714038648793807
6119,-17.714038648793807
6120,-17.714038648793807
6121,-17.714038648793807
6122,-17.714038648793807
6123,-17.714038648793807
6124,-17.714038648793807
6125,-17.714038648793807
6126,-17.714038648793807
6127,-17.714038648793807
6128,-17.714038648793807
6129,-17.714038648793807
6130,-17.714038648793807
6131,-17.714038648793807
6132,-17.714038648793807
6133,-17.714038648793807
6134,-17.714038648793807
6135,-17.714038648793807
6136,-17.714038648793807
6137,-17.714038648793807
6138,-17.714038648793807
6139,-17.714038648793807
6140,-17.714038648793807
6141,-17.714038648793807
6142,-17.714038648793807
6143,-17.714038648793807
6144,-17.714038648793807
6145,-17.714038648793807
6146,-17.714038648793807
6147,-17.714038648793807
6148,-17.714038648793807
6149,-17.714038648793807
6150,-17.714038648793807
6151,-17.714038648793807
6152,-17.714038648793807
6153,-17.714038648793807
6154,-17.714038648793807
6155,-17.714038648793807
6156,-17.714038648793807
6157,-17.714038648793807
6158,-17.714038648793807
6159,-17.714038648793807
6160,-17.714038648793807
6161,-17.714038648793807
6162,-17.714038648793807
6163,-17.714038648793807
6164,-17.714038648793807
6165,-17.714038648793807
6166,-17.714038648793807
6167,-17.714038648793807
6168,-17.714038648793807
6169,-17.714038648793807
6170,-17.714038648793807
6171,-17.714038648793807
6172,-17.714038648793807
6173,-17.714038648793807
6174,-17.714038648793807
6175,-17.714038648793807
6176,-17.714038648793807
6177,-17.714038648793807
6178,-17.714038648793807
6179,-17.714038648793807
6180,-17.714038648793807
6181,-17.714038648793807
6182,-17.714038648793807
6183,-17.714038648793807
6184,-17.714038648793807
6185,-17.714038648793807
6186,-17.714038648793807
6187,-17.714038648793807
6188,-17.714038648793807
6189,-17.714038648793807
6190,-17.714038648793807
6191,-17.714038648793807
6192,-17.714038648793807
6193,-17.714038648793807
6194,-17.714038648793807
6195,-17.714038648793807
6196,-17.714038648793807
6197,-17.714038648793807
6198,-17.714038648793807
6199,-17.714038648793807
6200,-17.714038648793807
6201,-17.714038648793807
6202,-17.714038648793807
6203,-17.714038648793807
6204,-17.714038648793807
6205,-17.714038648793807
6206,-17.714038648793807
6207,-17.714038648793807
6208,-17.714038648793807
6209,-17.714038648793807
6210,-17.714038648793807
6211,-17.714038648793807
6212,-17.714038648793807
6213,-17.714038648793807
6214,-17.714038648793807
6215,-17.714038648793807
6216,-17.714038648793807
6217,-17.714038648793807
6218,-17.714038648793807
6219,-17.714038648793807
6220,-17.714038648793807
6221,-17.714038648793807
6222,-17.714038648793807
6223,-17.714038648793807
6224,-17.714038648793807
6225,-17.714038648793807
6226,-17.714038648793807
6227,-17.714038648793807
6228,-17.714038648793807
6229,-17.714038648793807
6230,-17.714038648793807
6231,-17.714038648793807
6232,-17.714038648793807
6233,-17.714038648793807
6234,-17.714038648793807
6235,-17.714038648793807
6236,-17.714038648793807
6237,-17.714038648793807
6238,-17.714038648793807
6239,-17.714038648793807
6240,-17.714038648793807
6241,-17.714038648793807
6242,-17.714038648793807
6243,-17.714038648793807
6244,-17.714038648793807
6245,-17.714038648793807
6246,-17.714038648793807
6247,-17.714038648793807
6248,-17.714038648793807
6249,-17.714038648793807
6250,-17.714038648793807
6251,-17.714038648793807
6252,-17.714038648793807
6253,-17.714038648793807
6254,-17.714038648793807
6255,-17.714038648793807
6256,-17.714038648793807
6257,-17.714038648793807
6258,-17.714038648793807
6259,-17.714038648793807
6260,-17.714038648793807
6261,-17.714038648793807
6262,-17.714038648793807
6263,-17.714038648793807
6264,-17.714038648793807
6265,-17.714038648793807
6266,-17.714038648793807
6267,-17.714038648793807
6268,-17.714038648793807
6269,-17.714038648793807
6270,-17.714038648793807
6271,-17.714038648793807
6272,-17.714038648793807
6273,-17.714038648793807
6274,-17.714038648793807
6275,-17.714038648793807
6276,-17.714038648793807
6277,-17.714038648793807
6278,-17.714038648793807
6279,-17.714038648793807
6280,-17.714038648793807
6281,-17.714038648793807
6282,-17.714038648793807
6283,-17.714038648793807
6284,-17.714038648793807
6285,-17.714038648793807
6286,-17.714038648793807
6287,-17.714038648793807
6288,-17.714038648793807
6289,-17.714038648793807
6290,-17.714038648793807
6291,-17.714038648793807
6292,-17.714038648793807
6293,-17.714038648793807
6294,-17.714038648793807
6295,-17.714038648793807
6296,-17.714038648793807
6297,-17.714038648793807
6298,-17.714038648793807
6299,-17.714038648793807
6300,-17.714038648793807
6301,-17.714038648793807
6302,-17.714038648793807
6303,-17.714038648793807
6304,-17.714038648793807
6305,-17.714038648793807
6306,-17.714038648793807
6307,-17.714038648793807
6308,-17.714038648793807
6309,-17.714038648793807
6310,-17.714038648793807
6311,-17.714038648793807
6312,-17.714038648793807
6313,-17.714038648793807
6314,-17.714038648793807
6315,-17.714038648793807
6316,-17.714038648793807
6317,-17.714038648793807
6318,-17.714038648793807
6319,-17.714038648793807
6320,-17.714038648793807
6321,-17.714038648793807
6322,-17.714038648793807
6323,-17.714038648793807
6324,-17.714038648793807
6325,-17.714038648793807
6326,-17.714038648793807
6327,-17.714038648793807
6328,-17.714038648793807
6329,-17.714038648793807
6330,-17.714038648793807
6331,-17.714038648793807
6332,-17.714038648793807
6333,-17.714038648793807
6334,-17.714038648793807
6335,-17.714038648793807
6336,-17.714038648793807
6337,-17.714038648793807
6338,-17.714038648793807
6339,-17.714038648793807
6340,-17.714038648793807
6341,-17.714038648793807
6342,-17.714038648793807
6343,-17.714038648793807
6344,-17.714038648793807
6345,-17.714038648793807
6346,-17.714038648793807
6347,-17.714038648793807
6348,-17.714038648793807
6349,-17.714038648793807
6350,-17.714038648793807
6351,-17.714038648793807
6352,-17.714038648793807
6353,-17.714038648793807
6354,-17.714038648793807
6355,-17.714038648793807
6356,-17.714038648793807
6357,-17.714038648793807
6358,-17.714038648793807
6359,-17.714038648793807
6360,-17.714038648793807
6361,-17.714038648793807
6362,-17.714038648793807
6363,-17.714038648793807
6364,-17.714038648793807
6365,-17.714038648793807
6366,-17.714038648793807
6367,-17.714038648793807
6368,-17.714038648793807
6369,-17.714038648793807
6370,-17.714038648793807
6371,-17.714038648793807
6372,-17.714038648793807
6373,-17.714038648793807
6374,-17.714038648793807
6375,-17.714038648793807
6376,-17.714038648793807
6377,-17.714038648793807
6378,-17.714038648793807
6379,-17.714038648793807
6380,-17.714038648793807
6381,-17.714038648793807
6382,-17.714038648793807
6383,-17.714038648793807
6384,-17.714038648793807
6385,-17.714038648793807
6386,-17.714038648793807
6387,-17.714038648793807
6388,-17.714038648793807
6389,-17.714038648793807
6390,-17.714038648793807
6391,-17.714038648793807
6392,-17.714038648793807
6393,-17.714038648793807
6394,-17.714038648793807
6395,-17.714038648793807
6396,-17.714038648793807
6397,-17.714038648793807
6398,-17.714038648793807
6399,-17.714038648793807
6400,-17.714038648793807
6401,-17.714038648793807
6402,-17.714038648793807
6403,-17.714038648793807
6404,-17.714038648793807
6405,-17.714038648793807
6406,-17.714038648793807
6407,-17.714038648793807
6408,-17.714038648793807
6409,-17.714038648793807
6410,-17.714038648793807
6411,-17.714038648793807
6412,-17.714038648793807
6413,-17.714038648793807
6414,-17.714038648793807
6415,-17.714038648793807
6416,-17.714038648793807
6417,-17.714038648793807
6418,-17.714038648793807
6419,-17.714038648793807
6420,-17.714038648793807
6421,-17.714038648793807
6422,-17.714038648793807
6423,-17.714038648793807
6424,-17.714038648793807
6425,-17.714038648793807
6426,-17.714038648793807
6427,-17.714038648793807
6428,-17.714038648793807
6429,-17.714038648793807
6430,-17.714038648793807
6431,-17.714038648793807
6432,-17.714038648793807
6433,-17.714038648793807
6434,-17.714038648793807
6435,-17.714038648793807
6436,-17.714038648793807
6437,-17.714038648793807
6438,-17.714038648793807
6439,-17.714038648793807
6440,-17.714038648793807
6441,-17.714038648793807
6442,-17.714038648793807
6443,-17.714038648793807
6444,-17.714038648793807
6445,-17.714038648793807
6446,-17.714038648793807
6447,-17.714038648793807
6448,-17.714038648793807
6449,-17.714038648793807
6450,-17.714038648793807
6451,-17.714038648793807
6452,-17.714038648793807
6453,-17.714038648793807
6454,-17.714038648793807
6455,-17.714038648793807
6456,-17.714038648793807
6457,-17.714038648793807
6458,-17.714038648793807
6459,-17.714038648793807
6460,-17.714038648793807
6461,-17.714038648793807
6462,-17.714038648793807
6463,-17.714038648793807
6464,-17.714038648793807
6465,-17.714038648793807
6466,-17.714038648793807
6467,-17.714038648793807
6468,-17.714038648793807
6469,-17.714038648793807
6470,-17.714038648793807
6471,-17.714038648793807
6472,-17.714038648793807
6473,-17.714038648793807
6474,-17.714038648793807
6475,-17.714038648793807
6476,-17.714038648793807
6477,-17.714038648793807
6478,-17.714038648793807
6479,-17.714038648793807
6480,-17.714038648793807
6481,-17.714038648793807
6482,-17.714038648793807
6483,-17.714038648793807
6484,-17.714038648793807
6485,-17.714038648793807
6486,-17.714038648793807
6487,-17.714038648793807
6488,-17.714038648793807
6489,-17.714038648793807
6490,-17.714038648793807
6491,-17.714038648793807
6492,-17.714038648793807
6493,-17.714038648793807
6494,-17.714038648793807
6495,-17.714038648793807
6496,-17.714038648793807
6497,-17.714038648793807
6498,-17.714038648793807
6499,-17.714038648793807
6500,-17.714038648793807
6501,-17.714038648793807
6502,-17.714038648793807
6503,-17.714038648793807
6504,-17.714038648793807
6505,-17.714038648793807
6506,-17.714038648793807
6507,-17.714038648793807
6508,-17.714038648793807
6509,-17.714038648793807
6510,-17.714038648793807
6511,-17.714038648793807
6512,-17.714038648793807
6513,-17.714038648793807
6514,-17.714038648793807
6515,-17.714038648793807
6516,-17.714038648793807
6517,-17.714038648793807
6518,-17.714038648793807
6519,-17.714038648793807
6520,-17.714038648793807
6521,-17.714038648793807
6522,-17.714038648793807
6523,-17.714038648793807
6524,-17.714038648793807
6525,-17.714038648793807
6526,-17.714038648793807
6527,-17.714038648793807
6528,-17.714038648793807
6529,-17.714038648793807
6530,-17.714038648793807
6531,-17.714038648793807
6532,-17.714038648793807
6533,-17.714038648793807
6534,-17.714038648793807
6535,-17.714038648793807
6536,-17.714038648793807
6537,-17.714038648793807
6538,-17.714038648793807
6539,-17.714038648793807
6540,-17.714038648793807
6541,-17.714038648793807
6542,-17.714038648793807
6543,-17.714038648793807
6544,-17.714038648793807
6545,-17.714038648793807
6546,-17.714038648793807
6547,-17.714038648793807
6548,-17.714038648793807
6549,-17.714038648793807
6550,-17.714038648793807
6551,-17.714038648793807
6552,-17.714038648793807
6553,-17.714038648793807
6554,-17.714038648793807
6555,-17.714038648793807
6556,-17.714038648793807
6557,-17.714038648793807
6558,-17.714038648793807
6559,-17.714038648793807
6560,-17.714038648793807
6561,-17.714038648793807
6562,-17.714038648793807
6563,-17.714038648793807
6564,-17.714038648793807
6565,-17.714038648793807
6566,-17.714038648793807
6567,-17.714038648793807
6568,-17.714038648793807
6569,-17.714038648793807
6570,-17.714038648793807
6571,-17.714038648793807
6572,-17.714038648793807
6573,-17.714038648793807
6574,-17.714038648793807
6575,-17.714038648793807
6576,-17.714038648793807
6577,-17.714038648793807
6578,-17.714038648793807
6579,-17.714038648793807
6580,-17.714038648793807
6581,-17.714038648793807
6582,-17.714038648793807
6583,-17.714038648793807
6584,-17.714038648793807
6585,-17.714038648793807
6586,-17.714038648793807
6587,-17.714038648793807
6588,-17.714038648793807
6589,-17.714038648793807
6590,-17.714038648793807
6591,-17.714038648793807
6592,-17.714038648793807
6593,-17.714038648793807
6594,-17.714038648793807
6595,-17.714038648793807
6596,-17.714038648793807
6597,-17.714038648793807
6598,-17.714038648793807
6599,-17.714038648793807
6600,-17.714038648793807
6601,-17.714038648793807
6602,-17.714038648793807
6603,-17.714038648793807
6604,-17.714038648793807
6605,-17.714038648793807
6606,-17.714038648793807
6607,-17.714038648793807
6608,-17.714038648793807
6609,-17.714038648793807
6610,-17.714038648793807
6611,-17.714038648793807
6612,-17.714038648793807
6613,-17.714038648793807
6614,-17.714038648793807
6615,-17.714038648793807
6616,-17.714038648793807
6617,-17.714038648793807
6618,-17.714038648793807
6619,-17.714038648793807
6620,-17.714038648793807
6621,-17.714038648793807
6622,-17.714038648793807
6623,-17.714038648793807
6624,-17.714038648793807
6625,-17.714038648793807
6626,-17.714038648793807
6627,-17.714038648793807
6628,-17.714038648793807
6629,-17.714038648793807
6630,-17.714038648793807
6631,-17.714038648793807
6632,-17.714038648793807
6633,-17.714038648793807
6634,-17.714038648793807
6635,-17.714038648793807
6636,-17.714038648793807
6637,-17.714038648793807
6638,-17.714038648793807
6639,-17.714038648793807
6640,-17.714038648793807
6641,-17.714038648793807
6642,-17.714038648793807
6643,-17.714038648793807
6644,-17.714038648793807
6645,-17.714038648793807
6646,-17.714038648793807
6647,-17.714038648793807
6648,-17.714038648793807
6649,-17.714038648793807
6650,-17.714038648793807
6651,-17.714038648793807
6652,-17.714038648793807
6653,-17.714038648793807
6654,-17.714038648793807
6655,-17.714038648793807
6656,-17.714038648793807
6657,-17.714038648793807
6658,-17.714038648793807
6659,-17.714038648793807
6660,-17.714038648793807
6661,-17.714038648793807
6662,-17.714038648793807
6663,-17.714038648793807
6664,-17.714038648793807
6665,-17.714038648793807
6666,-17.714038648793807
6667,-17.714038648793807
6668,-17.714038648793807
6669,-17.714038648793807
6670,-17.714038648793807
6671,-17.714038648793807
6672,-17.714038648793807
6673,-17.714038648793807
6674,-17.714038648793807
6675,-17.714038648793807
6676,-17.714038648793807
6677,-17.714038648793807
6678,-17.714038648793807
6679,-17.714038648793807
6680,-17.714038648793807
6681,-17.714038648793807
6682,-17.714038648793807
6683,-17.714038648793807
6684,-17.714038648793807
6685,-17.714038648793807
6686,-17.714038648793807
6687,-17.714038648793807
6688,-17.714038648793807
6689,-17.714038648793807
6690,-17.714038648793807
6691,-17.714038648793807
6692,-17.714038648793807
6693,-17.714038648793807
6694,-17.714038648793807
6695,-17.714038648793807
6696,-17.714038648793807
6697,-17.714038648793807
6698,-17.714038648793807
6699,-17.714038648793807
6700,-17.714038648793807
6701,-17.714038648793807
6702,-17.714038648793807
6703,-17.714038648793807
6704,-17.714038648793807
6705,-17.714038648793807
6706,-17.714038648793807
6707,-17.714038648793807
6708,-17.714038648793807
6709,-17.714038648793807
6710,-17.714038648793807
6711,-17.714038648793807
6712,-17.714038648793807
6713,-17.714038648793807
6714,-17.714038648793807
6715,-17.714038648793807
6716,-17.714038648793807
6717,-17.714038648793807
6718,-17.714038648793807
6719,-17.714038648793807
6720,-17.714038648793807
6721,-17.714038648793807
6722,-17.714038648793807
6723,-17.714038648793807
6724,-17.714038648793807
6725,-17.714038648793807
6726,-17.714038648793807
6727,-17.714038648793807
6728,-17.714038648793807
6729,-17.714038648793807
6730,-17.714038648793807
6731,-17.714038648793807
6732,-17.714038648793807
6733,-17.714038648793807
6734,-17.714038648793807
6735,-17.714038648793807
6736,-17.714038648793807
6737,-17.714038648793807
6738,-17.714038648793807
6739,-17.714038648793807
6740,-17.714038648793807
6741,-17.714038648793807
6742,-17.714038648793807
6743,-17.714038648793807
6744,-17.714038648793807
6745,-17.714038648793807
6746,-17.714038648793807
6747,-17.714038648793807
6748,-17.714038648793807
6749,-17.714038648793807
6750,-17.714038648793807
6751,-17.714038648793807
6752,-17.714038648793807
6753,-17.714038648793807
6754,-17.714038648793807
6755,-17.714038648793807
6756,-17.714038648793807
6757,-17.714038648793807
6758,-17.714038648793807
6759,-17.714038648793807
6760,-17.714038648793807
6761,-17.714038648793807
6762,-17.714038648793807
6763,-17.714038648793807
6764,-17.714038648793807
6765,-17.714038648793807
6766,-17.714038648793807
6767,-17.714038648793807
6768,-17.714038648793807
6769,-17.714038648793807
6770,-17.714038648793807
6771,-17.714038648793807
6772,-17.714038648793807
6773,-17.714038648793807
6774,-17.714038648793807
6775,-17.714038648793807
6776,-17.714038648793807
6777,-17.714038648793807
6778,-17.714038648793807
6779,-17.714038648793807
6780,-17.714038648793807
6781,-17.714038648793807
6782,-17.714038648793807
6783,-17.714038648793807
6784,-17.714038648793807
6785,-17.714038648793807
6786,-17.714038648793807
6787,-17.714038648793807
6788,-17.714038648793807
6789,-17.714038648793807
6790,-17.714038648793807
6791,-17.714038648793807
6792,-17.714038648793807
6793,-17.714038648793807
6794,-17.714038648793807
6795,-17.714038648793807
6796,-17.714038648793807
6797,-17.714038648793807
6798,-17.714038648793807
6799,-17.714038648793807
6800,-17.714038648793807
6801,-17.714038648793807
6802,-17.714038648793807
6803,-17.714038648793807
6804,-17.714038648793807
6805,-17.714038648793807
6806,-17.714038648793807
6807,-17.714038648793807
6808,-17.714038648793807
6809,-17.714038648793807
6810,-17.714038648793807
6811,-17.714038648793807
6812,-17.714038648793807
6813,-17.714038648793807
6814,-17.714038648793807
6815,-17.714038648793807
6816,-17.714038648793807
6817,-17.714038648793807
6818,-17.714038648793807
6819,-17.714038648793807
6820,-17.714038648793807
6821,-17.714038648793807
6822,-17.714038648793807
6823,-17.714038648793807
6824,-17.714038648793807
6825,-17.714038648793807
6826,-17.714038648793807
6827,-17.714038648793807
6828,-17.714038648793807
6829,-17.714038648793807
6830,-17.714038648793807
6831,-17.714038648793807
6832,-17.714038648793807
6833,-17.714038648793807
6834,-17.714038648793807
6835,-17.714038648793807
6836,-17.714038648793807
6837,-17.714038648793807
6838,-17.714038648793807
6839,-17.714038648793807
6840,-17.714038648793807
6841,-17.714038648793807
6842,-8.290498801016948
6843,-8.290498801016948
6844,-8.290498801016948
6845,-8.290498801016948
6846,-8.290498801016948
6847,-8.290498801016948
6848,-8.290498801016948
6849,-8.290498801016948
6850,-8.290498801016948
6851,-8.290498801016948
6852,-8.290498801016948
6853,-8.290498801016948
6854,-8.290498801016948
6855,-8.290498801016948
6856,-8.290498801016948
6857,-8.290498801016948
6858,-8.290498801016948
6859,-8.290498801016948
6860,-8.290498801016948
6861,-8.290498801016948
6862,-8.290498801016948
6863,-8.290498801016948
6864,-8.290498801016948
6865,-8.290498801016948
6866,-8.290498801016948
6867,-8.290498801016948
6868,-8.290498801016948
6869,-8.290498801016948
6870,-8.290498801016948
6871,-8.290498801016948
6872,-8.290498801016948
6873,-8.290498801016948
6874,-8.290498801016948
6875,-8.290498801016948
6876,-8.290498801016948
6877,-8.290498801016948
6878,-8.290498801016948
6879,-8.290498801016948
6880,-8.290498801016948
6881,-8.290498801016948
6882,-8.290498801016948
6883,-8.290498801016948
6884,-8.290498801016948
6885,-8.290498801016948
6886,-8.290498801016948
6887,-8.290498801016948
6888,-8.290498801016948
6889,-8.290498801016948
6890,-8.290498801016948
6891,-8.290498801016948
6892,-8.290498801016948
6893,-8.290498801016948
6894,-8.290498801016948
6895,-8.290498801016948
6896,-8.290498801016948
6897,-8.290498801016948
6898,-8.290498801016948
6899,-8.290498801016948
6900,-8.290498801016948
6901,-8.290498801016948
6902,-8.290498801016948
6903,-8.290498801016948
6904,-8.290498801016948
6905,-8.290498801016948
6906,-8.290498801016948
6907,-8.290498801016948
6908,-8.290498801016948
6909,-8.290498801016948
6910,-8.290498801016948
6911,-8.290498801016948
6912,-8.290498801016948
6913,-8.290498801016948
6914,-8.290498801016948
6915,-8.290498801016948
6916,-8.290498801016948
6917,-8.290498801016948
6918,-8.290498801016948
6919,-8.290498801016948
6920,-8.290498801016948
6921,-8.290498801016948
6922,-8.290498801016948
6923,-8.290498801016948
6924,-8.290498801016948
6925,-8.290498801016948
6926,-8.290498801016948
6927,-8.290498801016948
6928,-8.290498801016948
6929,-8.290498801016948
6930,-8.290498801016948
6931,-8.290498801016948
6932,-8.290498801016948
6933,-8.290498801016948
6934,-8.290498801016948
6935,-8.290498801016948
6936,-8.290498801016948
6937,-8.290498801016948
6938,-8.290498801016948
6939,-8.290498801016948
6940,-8.290498801016948
6941,-8.290498801016948
6942,-8.290498801016948
6943,-8.290498801016948
6944,-8.290498801016948
6945,-8.290498801016948
6946,-8.290498801016948
6947,-8.290498801016948
6948,-8.290498801016948
6949,-8.290498801016948
6950,-8.290498801016948
6951,-8.290498801016948
6952,-8.290498801016948
6953,-8.290498801016948
6954,-8.290498801016948
6955,-8.290498801016948
6956,-8.290498801016948
6957,-8.290498801016948
6958,-8.290498801016948
6959,-8.290498801016948
6960,-8.290498801016948
6961,-8.290498801016948
6962,-8.290498801016948
6963,-8.290498801016948
6964,-8.290498801016948
6965,-8.290498801016948
6966,-8.290498801016948
6967,-8.290498801016948
6968,-8.290498801016948
6969,-8.290498801016948
6970,-8.290498801016948
6971,-8.290498801016948
6972,-8.290498801016948
6973,-8.290498801016948
6974,-8.290498801016948
6975,-8.290498801016948
6976,-8.290498801016948
6977,-8.290498801016948
6978,-8.290498801016948
6979,-8.290498801016948
6980,-8.290498801016948
6981,-8.290498801016948
6982,-8.290498801016948
6983,-8.290498801016948
6984,-8.290498801016948
6985,-8.290498801016948
6986,-8.290498801016948
6987,-8.290498801016948
6988,-8.290498801016948
6989,-8.290498801016948
6990,-8.290498801016948
6991,-8.290498801016948
6992,-8.290498801016948
6993,-8.290498801016948
6994,-8.290498801016948
6995,-8.290498801016948
6996,-8.290498801016948
6997,-8.290498801016948
6998,-8.290498801016948
6999,-8.290498801016948
7000,-8.290498801016948
7001,-8.290498801016948
7002,-8.290498801016948
7003,-8.290498801016948
7004,-8.290498801016948
7005,-8.290498801016948
7006,-8.290498801016948
7007,-8.290498801016948
7008,-8.290498801016948
7009,-8.290498801016948
7010,-8.290498801016948
7011,-8.290498801016948
7012,-8.290498801016948
7013,-8.290498801016948
7014,-8.290498801016948
7015,-8.290498801016948
7016,-8.290498801016948
7017,-8.290498801016948
7018,-8.290498801016948
7019,-8.290498801016948
7020,-8.290498801016948
7021,-8.290498801016948
7022,-8.290498801016948
7023,-8.290498801016948
7024,-8.290498801016948
7025,-8.290498801016948
7026,-8.290498801016948
7027,-8.290498801016948
7028,-8.290498801016948
7029,-8.290498801016948
7030,-8.290498801016948
7031,-8.290498801016948
7032,-8.290498801016948
7033,-8.290498801016948
7034,-8.290498801016948
7035,-8.290498801016948
7036,-8.290498801016948
7037,-8.290498801016948
7038,-8.290498801016948
7039,-8.290498801016948
7040,-8.290498801016948
7041,-8.290498801016948
7042,-8.290498801016948
7043,-8.290498801016948
7044,-8.290498801016948
7045,-8.290498801016948
7046,-8.290498801016948
7047,-8.290498801016948
7048,-8.290498801016948
7049,-8.290498801016948
7050,-8.290498801016948
7051,-8.290498801016948
7052,-8.290498801016948
7053,-8.290498801016948
7054,-8.290498801016948
7055,-8.290498801016948
7056,-8.290498801016948
7057,-8.290498801016948
7058,-8.290498801016948
7059,-8.290498801016948
7060,-8.290498801016948
7061,-8.290498801016948
7062,-8.290498801016948
7063,-8.290498801016948
7064,-8.290498801016948
7065,-8.290498801016948
7066,-8.290498801016948
7067,-8.290498801016948
7068,-8.290498801016948
7069,-8.290498801016948
7070,-8.290498801016948
7071,-8.290498801016948
7072,-8.290498801016948
7073,-8.290498801016948
7074,-8.290498801016948
7075,-8.290498801016948
7076,-8.290498801016948
7077,-8.290498801016948
7078,-8.290498801016948
7079,-8.290498801016948
7080,-8.290498801016948
7081,-8.290498801016948
7082,-8.290498801016948
7083,-8.290498801016948
7084,-8.290498801016948
7085,-8.290498801016948
7086,-8.290498801016948
7087,-8.290498801016948
7088,-8.290498801016948
7089,-8.290498801016948
7090,-8.290498801016948
7091,-8.290498801016948
7092,-8.290498801016948
7093,-8.290498801016948
7094,-8.290498801016948
7095,-8.290498801016948
7096,-8.290498801016948
7097,-8.290498801016948
7098,-8.290498801016948
7099,-8.290498801016948
7100,-8.290498801016948
7101,-8.290498801016948
7102,-8.290498801016948
7103,-8.290498801016948
7104,-8.290498801016948
7105,-8.290498801016948
7106,-8.290498801016948
7107,-8.290498801016948
7108,-8.290498801016948
7109,-8.290498801016948
7110,-8.290498801016948
7111,-8.290498801016948
7112,-8.290498801016948
7113,-8.290498801016948
7114,-8.290498801016948
7115,-8.290498801016948
7116,-8.290498801016948
7117,-8.290498801016948
7118,-8.290498801016948
7119,-8.290498801016948
7120,-8.290498801016948
7121,-8.290498801016948
7122,-8.290498801016948
7123,-8.290498801016948
7124,-8.290498801016948
7125,-8.290498801016948
7126,-8.290498801016948
7127,-8.290498801016948
7128,-8.290498801016948
7129,-8.290498801016948
7130,-8.290498801016948
7131,-8.290498801016948
7132,-8.290498801016948
7133,-8.290498801016948
7134,-8.290498801016948
7135,-8.290498801016948
7136,-8.290498801016948
7137,-8.290498801016948
7138,-8.290498801016948
7139,-8.290498801016948
7140,-8.290498801016948
7141,-8.290498801016948
7142,-8.290498801016948
7143,-8.290498801016948
7144,-8.290498801016948
7145,-8.290498801016948
7146,-8.290498801016948
7147,-8.290498801016948
7148,-8.290498801016948
7149,-8.290498801016948
7150,-8.290498801016948
7151,-8.290498801016948
7152,-8.290498801016948
7153,-8.290498801016948
7154,-8.290498801016948
7155,-8.290498801016948
7156,-8.290498801016948
7157,-8.290498801016948
7158,-8.290498801016948
7159,-8.290498801016948
7160,-8.290498801016948
7161,-8.290498801016948
7162,-8.290498801016948
7163,-8.290498801016948
7164,-8.290498801016948
7165,-8.290498801016948
7166,-8.290498801016948
7167,-8.290498801016948
7168,-8.290498801016948
7169,-8.290498801016948
7170,-8.290498801016948
7171,-8.290498801016948
7172,-8.290498801016948
7173,-8.290498801016948
7174,-8.290498801016948
7175,-8.290498801016948
7176,-8.290498801016948
7177,-8.290498801016948
7178,-8.290498801016948
7179,-8.290498801016948
7180,-8.290498801016948
7181,-8.290498801016948
7182,-8.290498801016948
7183,-8.290498801016948
7184,-8.290498801016948
7185,-8.290498801016948
7186,-8.290498801016948
7187,-8.290498801016948
7188,-8.290498801016948
7189,-8.290498801016948
7190,-8.290498801016948
7191,-8.290498801016948
7192,-8.290498801016948
7193,-8.290498801016948
7194,-8.290498801016948
7195,-8.290498801016948
7196,-8.290498801016948
7197,-8.290498801016948
7198,-8.290498801016948
7199,-8.290498801016948
7200,-8.290498801016948
7201,-8.290498801016948
7202,-8.290498801016948
7203,-8.290498801016948
7204,-8.290498801016948
7205,-8.290498801016948
7206,-8.290498801016948
7207,-8.290498801016948
7208,-8.290498801016948
7209,-8.290498801016948
7210,-8.290498801016948
7211,-8.290498801016948
7212,-8.290498801016948
7213,-8.290498801016948
7214,-8.290498801016948
7215,-8.290498801016948
7216,-8.290498801016948
7217,-8.290498801016948
7218,-8.290498801016948
7219,-8.290498801016948
7220,-8.290498801016948
7221,-8.290498801016948
7222,-8.290498801016948
7223,-8.290498801016948
7224,-8.290498801016948
7225,-8.290498801016948
7226,-8.290498801016948
7227,-8.290498801016948
7228,-8.290498801016948
7229,-8.290498801016948
7230,-8.290498801016948
7231,-8.290498801016948
7232,-8.290498801016948
7233,-8.290498801016948
7234,-8.290498801016948
7235,-8.290498801016948
7236,-8.290498801016948
7237,-8.290498801016948
7238,-8.290498801016948
7239,-8.290498801016948
7240,-8.290498801016948
7241,-8.290498801016948
7242,-8.290498801016948
7243,-8.290498801016948
7244,-8.290498801016948
7245,-8.290498801016948
7246,-8.290498801016948
7247,-8.290498801016948
7248,-8.290498801016948
7249,-8.290498801016948
7250,-8.290498801016948
7251,-8.290498801016948
7252,-8.290498801016948
7253,-8.290498801016948
7254,-8.290498801016948
7255,-8.290498801016948
7256,-8.290498801016948
7257,-8.290498801016948
7258,-8.290498801016948
7259,-8.290498801016948
7260,-8.290498801016948
7261,-8.290498801016948
7262,-8.290498801016948
7263,-8.290498801016948
7264,-8.290498801016948
7265,-8.290498801016948
7266,-8.290498801016948
7267,-8.290498801016948
7268,-8.290498801016948
7269,-8.290498801016948
7270,-8.290498801016948
7271,-8.290498801016948
7272,-8.290498801016948
7273,-8.290498801016948
7274,-8.290498801016948
7275,-8.290498801016948
7276,-8.290498801016948
7277,-8.290498801016948
7278,-8.290498801016948
7279,-8.290498801016948
7280,-8.290498801016948
7281,-8.290498801016948
7282,-8.290498801016948
7283,-8.290498801016948
7284,-8.290498801016948
7285,-8.290498801016948
7286,-8.290498801016948
7287,-8.290498801016948
7288,-8.290498801016948
7289,-8.290498801016948
7290,-8.290498801016948
7291,-8.290498801016948
7292,-8.290498801016948
7293,-8.290498801016948
7294,-8.290498801016948
7295,-8.290498801016948
7296,-8.290498801016948
7297,-8.290498801016948
7298,-8.290498801016948
7299,-8.290498801016948
7300,-8.290498801016948
7301,-8.290498801016948
7302,-8.290498801016948
7303,-8.290498801016948
7304,-8.290498801016948
7305,-8.290498801016948
7306,-8.290498801016948
7307,-8.290498801016948
7308,-8.290498801016948
7309,-8.290498801016948
7310,-8.290498801016948
7311,-8.290498801016948
7312,-8.290498801016948
7313,-8.290498801016948
7314,-8.290498801016948
7315,-8.290498801016948
7316,-8.290498801016948
7317,-8.290498801016948
7318,-8.290498801016948
7319,-8.290498801016948
7320,-8.290498801016948
7321,-8.290498801016948
7322,-8.290498801016948
7323,-8.290498801016948
7324,-8.290498801016948
7325,-8.290498801016948
7326,-8.290498801016948
7327,-8.290498801016948
7328,-8.290498801016948
7329,-8.290498801016948
7330,-8.290498801016948
7331,-8.290498801016948
7332,-8.290498801016948
7333,-8.290498801016948
7334,-8.290498801016948
7335,-8.290498801016948
7336,-8.290498801016948
7337,-8.290498801016948
7338,-8.290498801016948
7339,-8.290498801016948
7340,-8.290498801016948
7341,-8.290498801016948
7342,-8.290498801016948
7343,-8.290498801016948
7344,-8.290498801016948
7345,-8.290498801016948
7346,-8.290498801016948
7347,-8.290498801016948
7348,-8.290498801016948
7349,-8.290498801016948
7350,-8.290498801016948
7351,-8.290498801016948
7352,-8.290498801016948
7353,-8.290498801016948
7354,-8.290498801016948
7355,-8.290498801016948
7356,-8.290498801016948
7357,-8.290498801016948
7358,-8.290498801016948
7359,-8.290498801016948
7360,-8.290498801016948
7361,-8.290498801016948
7362,-8.290498801016948
7363,-8.290498801016948
7364,-8.290498801016948
7365,-8.290498801016948
7366,-8.290498801016948
7367,-8.290498801016948
7368,-8.290498801016948
7369,-8.290498801016948
7370,-8.290498801016948
7371,-8.290498801016948
7372,-8.290498801016948
7373,-8.290498801016948
7374,-8.290498801016948
7375,-8.290498801016948
7376,-8.290498801016948
7377,-8.290498801016948
7378,-8.290498801016948
7379,-8.290498801016948
7380,-8.290498801016948
7381,-8.290498801016948
7382,-8.290498801016948
7383,-8.290498801016948
7384,-8.290498801016948
7385,-8.290498801016948
7386,-8.290498801016948
7387,-8.290498801016948
7388,-8.290498801016948
7389,-8.290498801016948
7390,-8.290498801016948
7391,-8.290498801016948
7392,-8.290498801016948
7393,-8.290498801016948
7394,-8.290498801016948
7395,-8.290498801016948
7396,-8.290498801016948
7397,-8.290498801016948
7398,-8.290498801016948
7399,-8.290498801016948
7400,-8.290498801016948
7401,-8.290498801016948
7402,-8.290498801016948
7403,-8.290498801016948
7404,-8.290498801016948
7405,-8.290498801016948
7406,-8.290498801016948
7407,-8.290498801016948
7408,-8.290498801016948
7409,-8.290498801016948
7410,-8.290498801016948
7411,-8.290498801016948
7412,-8.290498801016948
7413,-8.290498801016948
7414,-8.290498801016948
7415,-8.290498801016948
7416,-8.290498801016948
7417,-8.290498801016948
7418,-8.290498801016948
7419,-8.290498801016948
7420,-8.290498801016948
7421,-8.290498801016948
7422,-8.290498801016948
7423,-8.290498801016948
7424,-8.290498801016948
7425,-8.290498801016948
7426,-8.290498801016948
7427,-8.290498801016948
7428,-8.290498801016948
7429,-8.290498801016948
7430,-8.290498801016948
7431,-8.290498801016948
7432,-8.290498801016948
7433,-8.290498801016948
7434,-8.290498801016948
7435,-8.290498801016948
7436,-8.290498801016948
7437,-8.290498801016948
7438,-8.290498801016948
7439,-8.290498801016948
7440,-8.290498801016948
7441,-8.290498801016948
7442,-8.290498801016948
7443,-8.290498801016948
7444,-8.290498801016948
7445,-8.290498801016948
7446,-8.290498801016948
7447,-8.290498801016948
7448,-8.290498801016948
7449,-8.290498801016948
7450,-8.290498801016948
7451,-8.290498801016948
7452,-8.290498801016948
7453,-8.290498801016948
7454,-8.290498801016948
7455,-8.290498801016948
7456,-8.290498801016948
7457,-8.290498801016948
7458,-8.290498801016948
7459,-8.290498801016948
7460,-8.290498801016948
7461,-8.290498801016948
7462,-8.290498801016948
7463,-8.290498801016948
7464,-8.290498801016948
7465,-16.353940114063125
7466,-16.353940114063125
7467,-16.353940114063125
7468,-16.353940114063125
7469,-16.353940114063125
7470,-16.353940114063125
7471,-16.353940114063125
7472,-16.353940114063125
7473,-16.353940114063125
7474,-16.353940114063125
7475,-16.353940114063125
7476,-16.353940114063125
7477,-16.353940114063125
7478,-16.353940114063125
7479,-16.353940114063125
7480,-16.353940114063125
7481,-16.353940114063125
7482,-16.353940114063125
7483,-16.353940114063125
7484,-16.353940114063125
7485,-16.353940114063125
7486,-16.353940114063125
7487,-16.353940114063125
7488,-16.353940114063125
7489,-16.353940114063125
7490,-16.353940114063125
7491,-16.353940114063125
7492,-16.353940114063125
7493,-16.353940114063125
7494,-16.353940114063125
7495,-16.353940114063125
7496,-16.353940114063125
7497,-16.353940114063125
7498,-16.353940114063125
7499,-16.353940114063125
7500,-16.353940114063125
7501,-16.353940114063125
7502,-16.353940114063125
7503,-16.353940114063125
7504,-16.353940114063125
7505,-16.353940114063125
7506,-16.353940114063125
7507,-16.353940114063125
7508,-16.353940114063125
7509,-16.353940114063125
7510,-16.353940114063125
7511,-16.353940114063125
7512,-16.353940114063125
7513,-16.353940114063125
7514,-16.353940114063125
7515,-16.353940114063125
7516,-16.353940114063125
7517,-16.353940114063125
7518,-16.353940114063125
7519,-16.353940114063125
7520,-16.353940114063125
7521,-16.353940114063125
7522,-16.353940114063125
7523,-16.353940114063125
7524,-16.353940114063125
7525,-16.353940114063125
7526,-16.353940114063125
7527,-16.353940114063125
7528,-16.353940114063125
7529,-16.353940114063125
7530,-16.353940114063125
7531,-16.353940114063125
7532,-16.353940114063125
7533,-16.353940114063125
7534,-16.353940114063125
7535,-16.353940114063125
7536,-16.353940114063125
7537,-16.353940114063125
7538,-16.353940114063125
7539,-16.353940114063125
7540,-16.353940114063125
7541,-16.353940114063125
7542,-16.353940114063125
7543,-16.353940114063125
7544,-16.353940114063125
7545,-16.353940114063125
7546,-16.353940114063125
7547,-16.353940114063125
7548,-16.353940114063125
7549,-16.353940114063125
7550,-16.353940114063125
7551,-16.353940114063125
7552,-16.353940114063125
7553,-16.353940114063125
7554,-16.353940114063125
7555,-16.353940114063125
7556,-16.353940114063125
7557,-16.353940114063125
7558,-16.353940114063125
7559,-16.353940114063125
7560,-16.353940114063125
7561,-16.353940114063125
7562,-16.353940114063125
7563,-16.353940114063125
7564,-16.353940114063125
7565,-16.353940114063125
7566,-16.353940114063125
7567,-16.353940114063125
7568,-16.353940114063125
7569,-16.353940114063125
7570,-16.353940114063125
7571,-16.353940114063125
7572,-16.353940114063125
7573,-16.353940114063125
7574,-16.353940114063125
7575,-16.353940114063125
7576,-16.353940114063125
7577,-16.353940114063125
7578,-16.353940114063125
7579,-16.353940114063125
7580,-16.353940114063125
7581,-16.353940114063125
7582,-16.353940114063125
7583,-16.353940114063125
7584,-16.353940114063125
7585,-16.353940114063125
7586,-16.353940114063125
7587,-16.353940114063125
7588,-16.353940114063125
7589,-16.353940114063125
7590,-16.353940114063125
7591,-16.353940114063125
7592,-16.353940114063125
7593,-16.353940114063125
7594,-16.353940114063125
7595,-16.353940114063125
7596,-16.353940114063125
7597,-16.353940114063125
7598,-16.353940114063125
7599,-16.353940114063125
7600,-16.353940114063125
7601,-16.353940114063125
7602,-16.353940114063125
7603,-16.353940114063125
7604,-16.353940114063125
7605,-16.353940114063125
7606,-16.353940114063125
7607,-16.353940114063125
7608,-16.353940114063125
7609,-16.353940114063125
7610,-16.353940114063125
7611,-16.353940114063125
7612,-16.353940114063125
7613,-16.353940114063125
7614,-16.353940114063125
7615,-16.353940114063125
7616,-16.353940114063125
7617,-16.353940114063125
7618,-16.353940114063125
7619,-16.353940114063125
7620,-16.353940114063125
7621,-16.353940114063125
7622,-16.353940114063125
7623,-16.353940114063125
7624,-16.353940114063125
7625,-16.353940114063125
7626,-16.353940114063125
7627,-16.353940114063125
7628,-16.353940114063125
7629,-16.353940114063125
7630,-16.353940114063125
7631,-16.353940114063125
7632,-16.353940114063125
7633,-16.353940114063125
7634,-16.353940114063125
7635,-16.353940114063125
7636,-16.353940114063125
7637,-16.353940114063125
7638,-16.353940114063125
7639,-16.353940114063125
7640,-16.353940114063125
7641,-16.353940114063125
7642,-16.353940114063125
7643,-16.353940114063125
7644,-16.353940114063125
7645,-16.353940114063125
7646,-16.353940114063125
7647,-16.353940114063125
7648,-16.353940114063125
7649,-16.353940114063125
7650,-16.353940114063125
7651,-16.353940114063125
7652,-16.353940114063125
7653,-16.353940114063125
7654,-16.353940114063125
7655,-16.353940114063125
7656,-16.353940114063125
7657,-16.353940114063125
7658,-16.353940114063125
7659,-16.353940114063125
7660,-16.353940114063125
7661,-16.353940114063125
7662,-16.353940114063125
7663,-16.353940114063125
7664,-16.353940114063125
7665,-16.353940114063125
7666,-16.353940114063125
7667,-16.353940114063125
7668,-16.353940114063125
7669,-16.353940114063125
7670,-16.353940114063125
7671,-16.353940114063125
7672,-16.353940114063125
7673,-16.353940114063125
7674,-16.353940114063125
7675,-16.353940114063125
7676,-16.353940114063125
7677,-16.353940114063125
7678,-16.353940114063125
7679,-16.353940114063125
7680,-16.353940114063125
7681,-16.353940114063125
7682,-16.353940114063125
7683,-16.353940114063125
7684,-16.353940114063125
7685,-16.353940114063125
7686,-16.353940114063125
7687,-16.353940114063125
7688,-16.353940114063125
7689,-16.353940114063125
7690,-16.353940114063125
7691,-16.353940114063125
7692,-16.353940114063125
7693,-16.353940114063125
7694,-16.353940114063125
7695,-16.353940114063125
7696,-16.353940114063125
7697,-16.353940114063125
7698,-16.353940114063125
7699,-16.353940114063125
7700,-16.353940114063125
7701,-16.353940114063125
7702,-16.353940114063125
7703,-16.353940114063125
7704,-16.353940114063125
7705,-16.353940114063125
7706,-16.353940114063125
7707,-16.353940114063125
7708,-16.353940114063125
7709,-16.353940114063125
7710,-16.353940114063125
7711,-16.353940114063125
7712,-16.353940114063125
7713,-16.353940114063125
7714,-16.353940114063125
7715,-16.353940114063125
7716,-16.353940114063125
7717,-16.353940114063125
7718,-16.353940114063125
7719,-16.353940114063125
7720,-16.353940114063125
7721,-16.353940114063125
7722,-16.353940114063125
7723,-16.353940114063125
7724,-16.353940114063125
7725,-16.353940114063125
7726,-16.353940114063125
7727,-16.353940114063125
7728,-16.353940114063125
7729,-16.353940114063125
7730,-16.353940114063125
7731,-16.353940114063125
7732,-16.353940114063125
7733,-16.353940114063125
7734,-16.353940114063125
7735,-16.353940114063125
7736,-16.353940114063125
7737,-16.353940114063125
7738,-16.353940114063125
7739,-16.353940114063125
7740,-16.353940114063125
7741,-16.353940114063125
7742,-16.353940114063125
7743,-16.353940114063125
7744,-16.353940114063125
7745,-16.353940114063125
7746,-16.353940114063125
7747,-16.353940114063125
7748,-16.353940114063125
7749,-16.353940114063125
7750,-16.353940114063125
7751,-16.353940114063125
7752,-16.353940114063125
7753,-16.353940114063125
7754,-16.353940114063125
7755,-16.353940114063125
7756,-16.353940114063125
7757,-16.353940114063125
7758,-16.353940114063125
7759,-16.353940114063125
7760,-16.353940114063125
7761,-16.353940114063125
7762,-16.353940114063125
7763,-16.353940114063125
7764,-16.353940114063125
7765,-16.353940114063125
7766,-16.353940114063125
7767,-16.353940114063125
7768,-16.353940114063125
7769,-16.353940114063125
7770,-16.353940114063125
7771,-16.353940114063125
7772,-16.353940114063125
7773,-16.353940114063125
7774,-16.353940114063125
7775,-16.353940114063125
7776,-16.353940114063125
7777,-16.353940114063125
7778,-16.353940114063125
7779,-16.353940114063125
7780,-16.353940114063125
7781,-16.353940114063125
7782,-16.353940114063125
7783,-16.353940114063125
7784,-16.353940114063125
7785,-16.353940114063125
7786,-16.353940114063125
7787,-16.353940114063125
7788,-16.353940114063125
7789,-16.353940114063125
7790,-16.353940114063125
7791,-16.353940114063125
7792,-16.353940114063125
7793,-16.353940114063125
7794,-16.353940114063125
7795,-16.353940114063125
7796,-16.353940114063125
7797,-16.353940114063125
7798,-16.353940114063125
7799,-16.353940114063125
7800,-16.353940114063125
7801,-16.353940114063125
7802,-16.353940114063125
7803,-16.353940114063125
7804,-16.353940114063125
7805,-16.353940114063125
7806,-16.353940114063125
7807,-16.353940114063125
7808,-16.353940114063125
7809,-16.353940114063125
7810,-16.353940114063125
7811,-16.353940114063125
7812,-16.353940114063125
7813,-16.353940114063125
7814,-16.353940114063125
7815,-16.353940114063125
7816,-16.353940114063125
7817,-16.353940114063125
7818,-16.353940114063125
7819,-16.353940114063125
7820,-16.353940114063125
7821,-16.353940114063125
7822,-16.353940114063125
7823,-16.353940114063125
7824,-16.353940114063125
7825,-16.353940114063125
7826,-16.353940114063125
7827,-16.353940114063125
7828,-16.353940114063125
7829,-16.353940114063125
7830,-16.353940114063125
7831,-16.353940114063125
7832,-16.353940114063125
7833,-16.353940114063125
7834,-16.353940114063125
7835,-16.353940114063125
7836,-16.353940114063125
7837,-16.353940114063125
7838,-16.353940114063125
7839,-16.353940114063125
7840,-16.353940114063125
7841,-16.353940114063125
7842,-16.353940114063125
7843,-16.353940114063125
7844,-16.353940114063125
7845,-16.353940114063125
7846,-16.353940114063125
7847,-16.353940114063125
7848,-16.353940114063125
7849,-16.353940114063125
7850,-16.353940114063125
7851,-16.353940114063125
7852,-16.353940114063125
7853,-16.353940114063125
7854,-16.353940114063125
7855,-16.353940114063125
7856,-16.353940114063125
7857,-16.353940114063125
7858,-16.353940114063125
7859,-16.353940114063125
7860,-16.353940114063125
7861,-16.353940114063125
7862,-16.353940114063125
7863,-16.353940114063125
7864,-16.353940114063125
7865,-16.353940114063125
7866,-16.353940114063125
7867,-16.353940114063125
7868,-16.353940114063125
7869,-16.353940114063125
7870,-16.353940114063125
7871,-16.353940114063125
7872,-16.353940114063125
7873,-16.353940114063125
7874,-16.353940114063125
7875,-16.353940114063125
7876,-16.353940114063125
7877,-16.353940114063125
7878,-16.353940114063125
7879,-16.353940114063125
7880,-16.353940114063125
7881,-16.353940114063125
7882,-16.353940114063125
7883,-16.353940114063125
7884,-16.353940114063125
7885,-16.353940114063125
7886,-16.353940114063125
7887,-16.353940114063125
7888,-16.353940114063125
7889,-16.353940114063125
7890,-16.353940114063125
7891,-16.353940114063125
7892,-16.353940114063125
7893,-16.353940114063125
7894,-16.353940114063125
7895,-16.353940114063125
7896,-16.353940114063125
7897,-16.353940114063125
7898,-16.353940114063125
7899,-16.353940114063125
7900,-16.353940114063125
7901,-16.353940114063125
7902,-16.353940114063125
7903,-16.353940114063125
7904,-16.353940114063125
7905,-16.353940114063125
7906,-16.353940114063125
7907,-16.353940114063125
7908,-16.353940114063125
7909,-16.353940114063125
7910,-16.353940114063125
7911,-16.353940114063125
7912,-16.353940114063125
7913,-16.353940114063125
7914,-16.353940114063125
7915,-16.353940114063125
7916,-16.353940114063125
7917,-16.353940114063125
7918,-16.353940114063125
7919,-16.353940114063125
7920,-16.353940114063125
7921,-16.353940114063125
7922,-16.353940114063125
7923,-16.353940114063125
7924,-16.353940114063125
7925,-16.353940114063125
7926,-16.353940114063125
7927,-16.353940114063125
7928,-16.353940114063125
7929,-16.353940114063125
7930,-16.353940114063125
7931,-16.353940114063125
7932,-16.353940114063125
7933,-16.353940114063125
7934,-16.353940114063125
7935,-16.353940114063125
7936,-16.353940114063125
7937,-16.353940114063125
7938,-16.353940114063125
7939,-16.353940114063125
7940,-16.353940114063125
7941,-16.353940114063125
7942,-16.353940114063125
7943,-16.353940114063125
7944,-16.353940114063125
7945,-16.353940114063125
7946,-16.353940114063125
7947,-16.353940114063125
7948,-16.353940114063125
7949,-16.353940114063125
7950,-16.353940114063125
7951,-16.353940114063125
7952,-16.353940114063125
7953,-16.353940114063125
7954,-16.353940114063125
7955,-16.353940114063125
7956,-16.353940114063125
7957,-16.353940114063125
7958,-16.353940114063125
7959,-16.353940114063125
7960,-16.353940114063125
7961,-16.353940114063125
7962,-16.353940114063125
7963,-16.353940114063125
7964,-16.353940114063125
7965,-16.353940114063125
7966,-16.353940114063125
7967,-16.353940114063125
7968,-16.353940114063125
7969,-16.353940114063125
7970,-16.353940114063125
7971,-16.353940114063125
7972,-16.353940114063125
7973,-16.353940114063125
7974,-16.353940114063125
7975,-16.353940114063125
7976,-16.353940114063125
7977,-16.353940114063125
7978,-16.353940114063125
7979,-16.353940114063125
7980,-16.353940114063125
7981,-16.353940114063125
7982,-16.353940114063125
7983,-16.353940114063125
7984,-16.353940114063125
7985,-16.353940114063125
7986,-16.353940114063125
7987,-16.353940114063125
7988,-16.353940114063125
7989,-16.353940114063125
7990,-16.353940114063125
7991,-16.353940114063125
7992,-16.353940114063125
7993,-16.353940114063125
7994,-16.353940114063125
7995,-16.353940114063125
7996,-16.353940114063125
7997,-16.353940114063125
7998,-16.353940114063125
7999,-16.353940114063125
8000,-16.353940114063125
8001,-16.353940114063125
8002,-16.353940114063125
8003,-16.353940114063125
8004,-16.353940114063125
8005,-16.353940114063125
8006,-16.353940114063125
8007,-16.353940114063125
8008,-16.353940114063125
8009,-16.353940114063125
8010,-16.353940114063125
8011,-16.353940114063125
8012,-16.353940114063125
8013,-16.353940114063125
8014,-16.353940114063125
8015,-16.353940114063125
8016,-16.353940114063125
8017,-16.353940114063125
8018,-16.353940114063125
8019,-16.353940114063125
8020,-16.353940114063125
8021,-16.353940114063125
8022,-16.353940114063125
8023,-16.353940114063125
8024,-16.353940114063125
8025,-16.353940114063125
8026,-16.353940114063125
8027,-16.353940114063125
8028,-16.353940114063125
8029,-16.353940114063125
8030,-16.353940114063125
8031,-16.353940114063125
8032,-16.353940114063125
8033,-16.353940114063125
8034,-16.353940114063125
8035,-16.353940114063125
8036,-16.353940114063125
8037,-16.353940114063125
8038,-16.353940114063125
8039,-16.353940114063125
8040,-16.353940114063125
8041,-16.353940114063125
8042,-16.353940114063125
8043,-16.353940114063125
8044,-16.353940114063125
8045,-16.353940114063125
8046,-16.353940114063125
8047,-16.353940114063125
8048,-16.353940114063125
8049,-16.353940114063125
8050,-16.353940114063125
8051,-16.353940114063125
8052,-16.353940114063125
8053,-16.353940114063125
8054,-16.353940114063125
8055,-16.353940114063125
8056,-16.353940114063125
8057,-16.353940114063125
8058,-16.353940114063125
8059,-16.353940114063125
8060,-16.353940114063125
8061,-16.353940114063125
8062,-16.353940114063125
8063,-16.353940114063125
8064,-16.353940114063125
8065,-16.353940114063125
8066,-16.353940114063125
8067,-16.353940114063125
8068,-16.353940114063125
8069,-16.353940114063125
8070,-16.353940114063125
8071,-16.353940114063125
8072,-16.353940114063125
8073,-16.353940114063125
8074,-16.353940114063125
8075,-16.353940114063125
8076,-16.353940114063125
8077,-16.353940114063125
8078,-16.353940114063125
8079,-16.353940114063125
8080,-16.353940114063125
8081,-16.353940114063125
8082,-16.353940114063125
8083,-16.353940114063125
8084,-16.353940114063125
8085,-16.353940114063125
8086,-16.353940114063125
8087,-16.353940114063125
8088,-16.353940114063125
8089,-16.353940114063125
8090,-16.353940114063125
8091,-16.353940114063125
8092,-16.353940114063125
8093,-16.353940114063125
8094,-16.353940114063125
8095,-16.353940114063125
8096,-16.353940114063125
8097,-16.353940114063125
8098,-16.353940114063125
8099,-16.353940114063125
8100,-16.353940114063125
8101,-16.353940114063125
8102,-16.353940114063125
8103,-16.353940114063125
8104,-16.353940114063125
8105,-16.353940114063125
8106,-16.353940114063125
8107,-16.353940114063125
8108,-16.353940114063125
8109,-16.353940114063125
8110,-16.353940114063125
8111,-16.353940114063125
8112,-16.353940114063125
8113,-16.353940114063125
8114,-16.353940114063125
8115,-16.353940114063125
8116,-16.353940114063125
8117,-16.353940114063125
8118,-16.353940114063125
8119,-16.353940114063125
8120,-16.353940114063125
8121,-16.353940114063125
8122,-16.353940114063125
8123,-16.353940114063125
8124,-16.353940114063125
8125,-16.353940114063125
8126,-16.353940114063125
8127,-16.353940114063125
8128,-16.353940114063125
8129,-16.353940114063125
8130,-16.353940114063125
8131,-16.353940114063125
8132,-16.353940114063125
8133,-16.353940114063125
8134,-16.353940114063125
8135,-16.353940114063125
8136,-16.353940114063125
8137,-16.353940114063125
8138,-16.353940114063125
8139,-16.353940114063125
8140,-16.353940114063125
8141,-16.353940114063125
8142,-16.353940114063125
8143,-16.353940114063125
8144,-16.353940114063125
8145,-16.353940114063125
8146,-16.353940114063125
8147,-16.353940114063125
8148,-16.353940114063125
8149,-16.353940114063125
8150,-16.353940114063125
8151,-16.353940114063125
8152,-16.353940114063125
8153,-16.353940114063125
8154,-16.353940114063125
8155,-16.353940114063125
8156,-16.353940114063125
8157,-16.353940114063125
8158,-16.353940114063125
8159,-16.353940114063125
8160,-16.353940114063125
8161,-16.353940114063125
8162,-16.353940114063125
8163,-16.353940114063125
8164,-16.353940114063125
8165,-16.353940114063125
8166,-16.353940114063125
8167,-16.353940114063125
8168,-16.353940114063125
8169,-16.353940114063125
8170,-16.353940114063125
8171,-16.353940114063125
8172,-16.353940114063125
8173,-16.353940114063125
8174,-16.353940114063125
8175,-16.353940114063125
8176,-16.353940114063125
8177,-16.353940114063125
8178,-16.353940114063125
8179,-16.353940114063125
8180,-16.353940114063125
8181,-16.353940114063125
8182,-16.353940114063125
8183,-16.353940114063125
8184,-16.353940114063125
8185,-16.353940114063125
8186,-16.353940114063125
8187,-16.353940114063125
8188,-16.353940114063125
8189,-16.353940114063125
8190,-16.353940114063125
8191,-16.353940114063125
8192,-16.353940114063125
8193,-16.353940114063125
8194,-16.353940114063125
8195,-16.353940114063125
8196,-16.353940114063125
8197,-16.353940114063125
8198,-16.353940114063125
8199,-16.353940114063125
8200,-16.353940114063125
8201,-16.353940114063125
8202,-16.353940114063125
8203,-16.353940114063125
8204,-16.353940114063125
8205,-16.353940114063125
8206,-16.353940114063125
8207,-16.353940114063125
8208,-16.353940114063125
8209,-16.353940114063125
8210,-16.353940114063125
8211,-16.353940114063125
8212,-16.353940114063125
8213,-16.353940114063125
8214,-16.353940114063125
8215,-16.353940114063125
8216,-16.353940114063125
8217,-16.353940114063125
8218,-16.353940114063125
8219,-16.353940114063125
8220,-16.353940114063125
8221,-16.353940114063125
8222,-16.353940114063125
8223,-16.353940114063125
8224,-16.353940114063125
8225,-16.353940114063125
8226,-16.353940114063125
8227,-16.353940114063125
8228,-16.353940114063125
8229,-16.353940114063125
8230,-16.353940114063125
8231,-16.353940114063125
8232,-16.353940114063125
8233,-16.353940114063125
8234,-16.353940114063125
8235,-16.353940114063125
8236,-16.353940114063125
8237,-16.353940114063125
8238,-16.353940114063125
8239,-16.353940114063125
8240,-16.353940114063125
8241,-16.353940114063125
8242,-16.353940114063125
8243,-16.353940114063125
8244,-16.353940114063125
8245,-16.353940114063125
8246,-16.353940114063125
8247,-16.353940114063125
8248,-16.353940114063125
8249,-16.353940114063125
8250,-16.353940114063125
8251,-16.353940114063125
8252,-16.353940114063125
8253,-16.353940114063125
8254,-16.353940114063125
8255,-16.353940114063125
8256,-16.353940114063125
8257,-16.353940114063125
8258,-16.353940114063125
8259,-16.353940114063125
8260,-16.353940114063125
8261,-16.353940114063125
8262,-16.353940114063125
8263,-16.353940114063125
8264,-16.353940114063125
8265,-16.353940114063125
8266,-16.353940114063125
8267,-16.353940114063125
8268,-16.353940114063125
8269,-16.353940114063125
8270,-16.353940114063125
8271,-16.353940114063125
8272,-16.353940114063125
8273,-16.353940114063125
8274,-16.353940114063125
8275,-16.353940114063125
8276,-16.353940114063125
8277,-16.353940114063125
8278,-16.353940114063125
8279,-16.353940114063125
8280,-16.353940114063125
8281,-16.353940114063125
8282,-16.353940114063125
8283,-16.353940114063125
8284,-16.353940114063125
8285,-16.353940114063125
8286,-16.353940114063125
8287,-16.353940114063125
8288,-16.353940114063125
8289,-16.353940114063125
8290,-16.353940114063125
8291,-16.353940114063125
8292,-16.353940114063125
8293,-16.353940114063125
8294,-16.353940114063125
8295,-16.353940114063125
8296,-16.353940114063125
8297,-16.353940114063125
8298,-16.353940114063125
8299,-16.353940114063125
8300,-16.353940114063125
8301,-16.353940114063125
8302,-16.353940114063125
8303,-16.353940114063125
8304,-16.353940114063125
8305,-16.353940114063125
8306,-16.353940114063125
8307,-16.353940114063125
8308,-16.353940114063125
8309,-16.353940114063125
8310,-16.353940114063125
8311,-16.353940114063125
8312,-16.353940114063125
8313,-16.353940114063125
8314,-16.353940114063125
8315,-16.353940114063125
8316,-16.353940114063125
8317,-16.353940114063125
8318,-16.353940114063125
8319,-16.353940114063125
8320,-16.353940114063125
8321,-16.353940114063125
8322,-16.353940114063125
8323,-16.353940114063125
8324,-16.353940114063125
8325,-16.353940114063125
8326,-16.353940114063125
8327,-16.353940114063125
8328,-16.353940114063125
8329,-16.353940114063125
8330,-16.353940114063125
8331,-16.353940114063125
8332,-16.353940114063125
8333,-16.353940114063125
8334,-16.353940114063125
8335,-16.353940114063125
8336,-16.353940114063125
8337,-16.353940114063125
8338,-16.353940114063125
8339,-16.353940114063125
8340,-16.353940114063125
8341,-16.353940114063125
8342,-16.353940114063125
8343,-16.353940114063125
8344,-16.353940114063125
8345,-16.353940114063125
8346,-16.353940114063125
8347,-16.353940114063125
8348,-16.353940114063125
8349,-16.353940114063125
8350,-16.353940114063125
8351,-16.353940114063125
8352,-16.353940114063125
8353,-16.353940114063125
8354,-16.353940114063125
8355,-16.353940114063125
8356,-16.353940114063125
8357,-16.353940114063125
8358,-16.353940114063125
8359,-16.353940114063125
8360,-16.353940114063125
8361,-16.353940114063125
8362,-16.353940114063125
8363,-16.353940114063125
8364,-16.353940114063125
8365,-16.353940114063125
8366,-16.353940114063125
8367,-16.353940114063125
8368,-16.353940114063125
8369,-16.353940114063125
8370,-16.353940114063125
8371,-16.353940114063125
8372,-16.353940114063125
8373,-16.353940114063125
8374,-16.353940114063125
8375,-16.353940114063125
8376,-16.353940114063125
8377,-16.353940114063125
8378,-16.353940114063125
8379,-16.353940114063125
8380,-16.353940114063125
8381,-16.353940114063125
8382,-16.353940114063125
8383,-16.353940114063125
8384,-16.353940114063125
8385,-16.353940114063125
8386,-16.353940114063125
8387,-16.353940114063125
8388,-16.353940114063125
8389,-16.353940114063125
8390,-16.353940114063125
8391,-16.353940114063125
8392,-16.353940114063125
8393,-16.353940114063125
8394,-16.353940114063125
8395,-16.353940114063125
8396,-16.353940114063125
8397,-16.353940114063125
8398,-16.353940114063125
8399,-16.353940114063125
8400,-16.353940114063125
8401,-16.353940114063125
8402,-16.353940114063125
8403,-16.353940114063125
8404,-16.353940114063125
8405,-16.353940114063125
8406,-16.353940114063125
8407,-16.353940114063125
8408,-16.353940114063125
8409,-16.353940114063125
8410,-16.353940114063125
8411,-16.353940114063125
8412,-16.353940114063125
8413,-16.353940114063125
8414,-16.353940114063125
8415,-16.353940114063125
8416,-16.353940114063125
8417,-16.353940114063125
8418,-16.353940114063125
8419,-16.353940114063125
8420,-16.353940114063125
8421,-16.353940114063125
8422,-16.353940114063125
8423,-16.353940114063125
8424,-16.353940114063125
8425,-16.353940114063125
8426,-16.353940114063125
8427,-16.353940114063125
8428,-16.353940114063125
8429,-16.353940114063125
8430,-16.353940114063125
8431,-16.353940114063125
8432,-16.353940114063125
8433,-16.353940114063125
8434,-16.353940114063125
8435,-16.353940114063125
8436,-16.353940114063125
8437,-16.353940114063125
8438,-16.353940114063125
8439,-16.353940114063125
8440,-16.353940114063125
8441,-16.353940114063125
8442,-16.353940114063125
8443,-16.353940114063125
8444,-16.353940114063125
8445,-16.353940114063125
8446,-16.353940114063125
8447,-16.353940114063125
8448,-16.353940114063125
8449,-16.353940114063125
8450,-16.353940114063125
8451,-16.353940114063125
8452,-16.353940114063125
8453,-16.353940114063125
8454,-16.353940114063125
8455,-16.353940114063125
8456,-16.353940114063125
8457,-16.353940114063125
8458,-16.353940114063125
8459,-16.353940114063125
8460,-16.353940114063125
8461,-16.353940114063125
8462,-16.353940114063125
8463,-16.353940114063125
8464,-16.353940114063125
8465,-16.353940114063125
8466,-16.353940114063125
8467,-16.353940114063125
8468,-16.353940114063125
8469,-16.353940114063125
8470,-16.353940114063125
8471,-16.353940114063125
8472,-16.353940114063125
8473,-16.353940114063125
8474,-16.353940114063125
8475,-16.353940114063125
8476,-16.353940114063125
8477,-16.353940114063125
8478,-16.353940114063125
8479,-16.353940114063125
8480,-16.353940114063125
8481,-16.353940114063125
8482,-16.353940114063125
8483,-16.353940114063125
8484,-16.353940114063125
8485,-16.353940114063125
8486,-16.353940114063125
8487,-16.353940114063125
8488,-16.353940114063125
8489,-16.353940114063125
8490,-16.353940114063125
8491,-16.353940114063125
8492,-16.353940114063125
8493,-16.353940114063125
8494,-16.353940114063125
8495,-16.353940114063125
8496,-16.353940114063125
8497,-16.353940114063125
8498,-16.353940114063125
8499,-16.353940114063125
8500,-16.353940114063125
8501,-16.353940114063125
8502,-16.353940114063125
8503,-16.353940114063125
8504,-16.353940114063125
8505,-16.353940114063125
8506,-16.353940114063125
8507,-16.353940114063125
8508,-16.353940114063125
8509,-16.353940114063125
8510,-16.353940114063125
8511,-16.353940114063125
8512,-16.353940114063125
8513,-16.353940114063125
8514,-16.353940114063125
8515,-16.353940114063125
8516,-16.353940114063125
8517,-16.353940114063125
8518,-16.353940114063125
8519,-16.353940114063125
8520,-16.353940114063125
8521,-16.353940114063125
8522,-16.353940114063125
8523,-16.353940114063125
8524,-16.353940114063125
8525,-16.353940114063125
8526,-16.353940114063125
8527,-16.353940114063125
8528,-16.353940114063125
8529,-16.353940114063125
8530,-16.353940114063125
8531,-16.353940114063125
8532,-16.353940114063125
8533,-16.353940114063125
8534,-16.353940114063125
8535,-16.353940114063125
8536,-16.353940114063125
8537,-16.353940114063125
8538,-16.353940114063125
8539,-16.353940114063125
8540,-16.353940114063125
8541,-16.353940114063125
8542,-16.353940114063125
8543,-16.353940114063125
8544,-16.353940114063125
8545,-16.353940114063125
8546,-16.353940114063125
8547,-16.353940114063125
8548,-16.353940114063125
8549,-16.353940114063125
8550,-16.353940114063125
8551,-16.353940114063125
8552,-16.353940114063125
8553,-16.353940114063125
8554,-16.353940114063125
8555,-16.353940114063125
8556,-16.353940114063125
8557,-16.353940114063125
8558,-16.353940114063125
8559,-16.353940114063125
8560,-16.353940114063125
8561,-16.353940114063125
8562,-16.353940114063125
8563,-16.353940114063125
8564,-16.353940114063125
8565,-16.353940114063125
8566,-16.353940114063125
8567,-16.353940114063125
8568,-16.353940114063125
8569,-16.353940114063125
8570,-16.353940114063125
8571,-16.353940114063125
8572,-16.353940114063125
8573,-16.353940114063125
8574,-16.353940114063125
8575,-16.353940114063125
8576,-16.353940114063125
8577,-16.353940114063125
8578,-16.353940114063125
8579,-16.353940114063125
8580,-16.353940114063125
8581,-16.353940114063125
8582,-16.353940114063125
8583,-16.353940114063125
8584,-16.353940114063125
8585,-16.353940114063125
8586,-16.353940114063125
8587,-16.353940114063125
8588,-16.353940114063125
8589,-16.353940114063125
8590,-16.353940114063125
8591,-16.353940114063125
8592,-16.353940114063125
8593,-16.353940114063125
8594,-16.353940114063125
8595,-16.353940114063125
8596,-16.353940114063125
8597,-16.353940114063125
8598,-16.353940114063125
8599,-16.353940114063125
8600,-16.353940114063125
8601,-16.353940114063125
8602,-16.353940114063125
8603,-16.353940114063125
8604,-16.353940114063125
8605,-16.353940114063125
8606,-16.353940114063125
8607,-16.353940114063125
8608,-16.353940114063125
8609,-16.353940114063125
8610,-16.353940114063125
8611,-16.353940114063125
8612,-16.353940114063125
8613,-16.353940114063125
8614,-16.353940114063125
8615,-16.353940114063125
8616,-16.353940114063125
8617,-16.353940114063125
8618,-16.353940114063125
8619,-16.353940114063125
8620,-16.353940114063125
8621,-16.353940114063125
8622,-16.353940114063125
8623,-16.353940114063125
8624,-16.353940114063125
8625,-16.353940114063125
8626,-16.353940114063125
8627,-16.353940114063125
8628,-16.353940114063125
8629,-16.353940114063125
8630,-16.353940114063125
8631,-16.353940114063125
8632,-16.353940114063125
8633,-16.353940114063125
8634,-16.353940114063125
8635,-16.353940114063125
8636,-16.353940114063125
8637,-16.353940114063125
8638,-16.353940114063125
8639,-16.353940114063125
8640,-16.353940114063125
8641,-16.353940114063125
8642,-16.353940114063125
8643,-16.353940114063125
8644,-16.353940114063125
8645,-16.353940114063125
8646,-16.353940114063125
8647,-16.353940114063125
8648,-16.353940114063125
8649,-16.353940114063125
8650,-16.353940114063125
8651,-16.353940114063125
8652,-16.353940114063125
8653,-16.353940114063125
8654,-16.353940114063125
8655,-16.353940114063125
8656,-16.353940114063125
8657,-16.353940114063125
8658,-16.353940114063125
8659,-16.353940114063125
8660,-16.353940114063125
8661,-16.353940114063125
8662,-16.353940114063125
8663,-16.353940114063125
8664,-16.353940114063125
8665,-16.353940114063125
8666,-16.353940114063125
8667,-16.353940114063125
8668,-16.353940114063125
8669,-16.353940114063125
8670,-16.353940114063125
8671,-16.353940114063125
8672,-16.353940114063125
8673,-16.353940114063125
8674,-16.353940114063125
8675,-16.353940114063125
8676,-16.353940114063125
8677,-16.353940114063125
8678,-16.353940114063125
8679,-16.353940114063125
8680,-16.353940114063125
8681,-16.353940114063125
8682,-16.353940114063125
8683,-16.353940114063125
8684,-16.353940114063125
8685,-16.353940114063125
8686,-16.353940114063125
8687,-16.353940114063125
8688,-16.353940114063125
8689,-16.353940114063125
8690,-16.353940114063125
8691,-16.353940114063125
8692,-16.353940114063125
8693,-16.353940114063125
8694,-16.353940114063125
8695,-16.353940114063125
8696,-16.353940114063125
8697,-16.353940114063125
8698,-16.353940114063125
8699,-16.353940114063125
8700,-16.353940114063125
8701,-16.353940114063125
8702,-16.353940114063125
8703,-16.353940114063125
8704,-16.353940114063125
8705,-16.353940114063125
8706,-16.353940114063125
8707,-16.353940114063125
8708,-16.353940114063125
8709,-16.353940114063125
8710,-16.353940114063125
8711,-16.353940114063125
8712,-16.353940114063125
8713,-16.353940114063125
8714,-16.353940114063125
8715,-16.353940114063125
8716,-16.353940114063125
8717,-16.353940114063125
8718,-16.353940114063125
8719,-16.353940114063125
8720,-16.353940114063125
8721,-16.353940114063125
8722,-16.353940114063125
8723,-16.353940114063125
8724,-16.353940114063125
8725,-16.353940114063125
8726,-16.353940114063125
8727,-16.353940114063125
8728,-16.353940114063125
8729,-16.353940114063125
8730,-16.353940114063125
8731,-16.353940114063125
8732,-16.353940114063125
8733,-16.353940114063125
8734,-16.353940114063125
8735,-16.353940114063125
8736,-16.353940114063125
8737,-16.353940114063125
8738,-16.353940114063125
8739,-16.353940114063125
8740,-16.353940114063125
8741,-16.353940114063125
8742,-16.353940114063125
8743,-16.353940114063125
8744,-16.353940114063125
8745,-16.353940114063125
8746,-16.353940114063125
8747,-16.353940114063125
8748,-16.353940114063125
8749,-16.353940114063125
8750,-16.353940114063125
8751,-16.353940114063125
8752,-16.353940114063125
8753,-16.353940114063125
8754,-16.353940114063125
8755,-16.353940114063125
8756,-16.353940114063125
8757,-16.353940114063125
8758,-16.353940114063125
8759,-16.353940114063125
8760,-16.353940114063125
8761,-16.353940114063125
8762,-16.353940114063125
8763,-16.353940114063125
8764,-16.353940114063125
8765,-16.353940114063125
8766,-16.353940114063125
8767,-16.353940114063125
8768,-16.353940114063125
8769,-16.353940114063125
8770,-16.353940114063125
8771,-16.353940114063125
8772,-16.353940114063125
8773,-16.353940114063125
8774,-16.353940114063125
8775,-16.353940114063125
8776,-16.353940114063125
8777,-16.353940114063125
8778,-16.353940114063125
8779,-16.353940114063125
8780,-16.353940114063125
8781,-16.353940114063125
8782,-16.353940114063125
8783,-16.353940114063125
8784,-16.353940114063125
8785,-16.353940114063125
8786,-16.353940114063125
8787,-16.353940114063125
8788,-16.353940114063125
8789,-16.353940114063125
8790,-16.353940114063125
8791,-16.353940114063125
8792,-16.353940114063125
8793,-16.353940114063125
8794,-16.353940114063125
8795,-16.353940114063125
8796,-16.353940114063125
8797,-16.353940114063125
8798,-16.353940114063125
8799,-16.353940114063125
8800,-16.353940114063125
8801,-16.353940114063125
8802,-16.353940114063125
8803,-16.353940114063125
8804,-16.353940114063125
8805,-16.353940114063125
8806,-16.353940114063125
8807,-16.353940114063125
8808,-16.353940114063125
8809,-16.353940114063125
8810,-16.353940114063125
8811,-16.353940114063125
8812,-16.353940114063125
8813,-16.353940114063125
8814,-16.353940114063125
8815,-16.353940114063125
8816,-16.353940114063125
8817,-16.353940114063125
8818,-16.353940114063125
8819,-16.353940114063125
8820,-16.353940114063125
8821,-16.353940114063125
8822,-16.353940114063125
8823,-16.353940114063125
8824,-16.353940114063125
8825,-16.353940114063125
8826,-16.353940114063125
8827,-16.353940114063125
8828,-16.353940114063125
8829,-16.353940114063125
8830,-16.353940114063125
8831,-16.353940114063125
8832,-16.353940114063125
8833,-16.353940114063125
8834,-16.353940114063125
8835,-16.353940114063125
8836,-16.353940114063125
8837,-16.353940114063125
8838,-16.353940114063125
8839,-16.353940114063125
8840,-16.353940114063125
8841,-16.353940114063125
8842,-16.353940114063125
8843,-16.353940114063125
8844,-16.353940114063125
8845,-16.353940114063125
8846,-16.353940114063125
8847,-16.353940114063125
8848,-16.353940114063125
8849,-16.353940114063125
8850,-16.353940114063125
8851,-16.353940114063125
8852,-16.353940114063125
8853,-16.353940114063125
8854,-16.353940114063125
8855,-16.353940114063125
8856,-16.353940114063125
8857,-16.353940114063125
8858,-16.353940114063125
8859,-16.353940114063125
8860,-16.353940114063125
8861,-16.353940114063125
8862,-16.353940114063125
8863,-16.353940114063125
8864,-16.353940114063125
8865,-16.353940114063125
8866,-16.353940114063125
8867,-16.353940114063125
8868,-16.353940114063125
8869,-16.353940114063125
8870,-16.353940114063125
8871,-16.353940114063125
8872,-16.353940114063125
8873,-16.353940114063125
8874,-16.353940114063125
8875,-16.353940114063125
8876,-16.353940114063125
8877,-16.353940114063125
8878,-16.353940114063125
8879,-16.353940114063125
8880,-16.353940114063125
8881,-16.353940114063125
8882,-16.353940114063125
8883,-16.353940114063125
8884,-16.353940114063125
8885,-16.353940114063125
8886,-16.353940114063125
8887,-16.353940114063125
8888,-16.353940114063125
8889,-16.353940114063125
8890,-16.353940114063125
8891,-16.353940114063125
8892,-16.353940114063125
8893,-16.353940114063125
8894,-16.353940114063125
8895,-16.353940114063125
8896,-16.353940114063125
8897,-16.353940114063125
8898,-16.353940114063125
8899,-16.353940114063125
8900,-16.353940114063125
8901,-16.353940114063125
8902,-16.353940114063125
8903,-16.353940114063125
8904,-16.353940114063125
8905,-16.353940114063125
8906,-16.353940114063125
8907,-16.353940114063125
8908,-16.353940114063125
8909,-16.353940114063125
8910,-16.353940114063125
8911,-16.353940114063125
8912,-16.353940114063125
8913,-16.353940114063125
8914,-16.353940114063125
8915,-16.353940114063125
8916,-16.353940114063125
8917,-16.353940114063125
8918,-16.353940114063125
8919,-16.353940114063125
8920,-16.353940114063125
8921,-16.353940114063125
8922,-16.353940114063125
8923,-16.353940114063125
8924,-16.353940114063125
8925,-16.353940114063125
8926,-16.353940114063125
8927,-16.353940114063125
8928,-16.353940114063125
8929,-16.353940114063125
8930,-16.353940114063125
8931,-16.353940114063125
8932,-16.353940114063125
8933,-16.353940114063125
8934,-16.353940114063125
8935,-16.353940114063125
8936,-16.353940114063125
8937,-16.353940114063125
8938,-16.353940114063125
8939,-16.353940114063125
8940,-16.353940114063125
8941,-16.353940114063125
8942,-16.353940114063125
8943,-16.353940114063125
8944,-16.353940114063125
8945,-16.353940114063125
8946,-16.353940114063125
8947,-16.353940114063125
8948,-16.353940114063125
8949,-16.353940114063125
8950,-16.353940114063125
8951,-16.353940114063125
8952,-16.353940114063125
8953,-16.353940114063125
8954,-16.353940114063125
8955,-16.353940114063125
8956,-16.353940114063125
8957,-16.353940114063125
8958,-16.353940114063125
8959,-16.353940114063125
8960,-16.353940114063125
8961,-16.353940114063125
8962,-16.353940114063125
8963,-16.353940114063125
8964,-16.353940114063125
8965,-16.353940114063125
8966,-16.353940114063125
8967,-16.353940114063125
8968,-16.353940114063125
8969,-16.353940114063125
8970,-16.353940114063125
8971,-16.353940114063125
8972,-16.353940114063125
8973,-16.353940114063125
8974,-16.353940114063125
8975,-16.353940114063125
8976,-16.353940114063125
8977,-16.353940114063125
8978,-16.353940114063125
8979,-16.353940114063125
8980,-16.353940114063125
8981,-16.353940114063125
8982,-16.353940114063125
8983,-16.353940114063125
8984,-16.353940114063125
8985,-16.353940114063125
8986,-16.353940114063125
8987,-16.353940114063125
8988,-16.353940114063125
8989,-16.353940114063125
8990,-16.353940114063125
8991,-16.353940114063125
8992,-16.353940114063125
8993,-16.353940114063125
8994,-16.353940114063125
8995,-16.353940114063125
8996,-16.353940114063125
8997,-16.353940114063125
8998,-16.353940114063125
8999,-16.353940114063125
9000,-16.353940114063125
9001,-16.353940114063125
9002,-16.353940114063125
9003,-16.353940114063125
9004,-16.353940114063125
9005,-16.353940114063125
9006,-16.353940114063125
9007,-16.353940114063125
9008,-16.353940114063125
9009,-16.353940114063125
9010,-16.353940114063125
9011,-16.353940114063125
9012,-16.353940114063125
9013,-16.353940114063125
9014,-16.353940114063125
9015,-16.353940114063125
9016,-16.353940114063125
9017,-16.353940114063125
9018,-16.353940114063125
9019,-16.353940114063125
9020,-16.353940114063125
9021,-16.353940114063125
9022,-16.353940114063125
9023,-16.353940114063125
9024,-16.353940114063125
9025,-16.353940114063125
9026,-16.353940114063125
9027,-16.353940114063125
9028,-16.353940114063125
9029,-16.353940114063125
9030,-16.353940114063125
9031,-16.353940114063125
9032,-16.353940114063125
9033,-16.353940114063125
9034,-16.353940114063125
9035,-16.353940114063125
9036,-16.353940114063125
9037,-16.353940114063125
9038,-16.353940114063125
9039,-16.353940114063125
9040,-16.353940114063125
9041,-16.353940114063125
9042,-16.353940114063125
9043,-16.353940114063125
9044,-16.353940114063125
9045,-16.353940114063125
9046,-16.353940114063125
9047,-16.353940114063125
9048,-16.353940114063125
9049,-16.353940114063125
9050,-16.353940114063125
9051,-16.353940114063125
9052,-16.353940114063125
9053,-16.353940114063125
9054,-16.353940114063125
9055,-16.353940114063125
9056,-16.353940114063125
9057,-16.353940114063125
9058,-16.353940114063125
9059,-16.353940114063125
9060,-16.353940114063125
9061,-16.353940114063125
9062,-16.353940114063125
9063,-16.353940114063125
9064,-16.353940114063125
9065,-16.353940114063125
9066,-16.353940114063125
9067,-16.353940114063125
9068,-16.353940114063125
9069,-16.353940114063125
9070,-16.353940114063125
9071,-16.353940114063125
9072,-16.353940114063125
9073,-16.353940114063125
9074,-16.353940114063125
9075,-16.353940114063125
9076,-16.353940114063125
9077,-16.353940114063125
9078,-16.353940114063125
9079,-16.353940114063125
9080,-16.353940114063125
9081,-16.353940114063125
9082,-16.353940114063125
9083,-16.353940114063125
9084,-16.353940114063125
9085,-16.353940114063125
9086,-16.353940114063125
9087,-16.353940114063125
9088,-16.353940114063125
9089,-16.353940114063125
9090,-16.353940114063125
9091,-16.353940114063125
9092,-16.353940114063125
9093,-16.353940114063125
9094,-16.353940114063125
9095,-16.353940114063125
9096,-16.353940114063125
9097,-16.353940114063125
9098,-16.353940114063125
9099,-16.353940114063125
9100,-16.353940114063125
9101,-16.353940114063125
9102,-16.353940114063125
9103,-16.353940114063125
9104,-16.353940114063125
9105,-16.353940114063125
9106,-16.353940114063125
9107,-16.353940114063125
9108,-16.353940114063125
9109,-16.353940114063125
9110,-16.353940114063125
9111,-16.353940114063125
9112,-16.353940114063125
9113,-16.353940114063125
9114,-16.353940114063125
9115,-16.353940114063125
9116,-16.353940114063125
9117,-16.353940114063125
9118,-16.353940114063125
9119,-16.353940114063125
9120,-16.353940114063125
9121,-16.353940114063125
9122,-16.353940114063125
9123,-16.353940114063125
9124,-16.353940114063125
9125,-16.353940114063125
9126,-16.353940114063125
9127,-16.353940114063125
9128,-16.353940114063125
9129,-16.353940114063125
9130,-16.353940114063125
9131,-16.353940114063125
9132,-16.353940114063125
9133,-16.353940114063125
9134,-16.353940114063125
9135,-16.353940114063125
9136,-16.353940114063125
9137,5.4076364416277665
9138,5.4076364416277665
9139,5.4076364416277665
9140,5.4076364416277665
9141,5.4076364416277665
9142,5.4076364416277665
9143,5.4076364416277665
9144,5.4076364416277665
9145,5.4076364416277665
9146,5.4076364416277665
9147,5.4076364416277665
9148,5.4076364416277665
9149,5.4076364416277665
9150,5.4076364416277665
9151,5.4076364416277665
9152,5.4076364416277665
9153,5.4076364416277665
9154,5.4076364416277665
9155,5.4076364416277665
9156,5.4076364416277665
9157,5.4076364416277665
9158,5.4076364416277665
9159,5.4076364416277665
9160,5.4076364416277665
9161,5.4076364416277665
9162,5.4076364416277665
9163,5.4076364416277665
9164,5.4076364416277665
9165,5.4076364416277665
9166,5.4076364416277665
9167,5.4076364416277665
9168,5.4076364416277665
9169,5.4076364416277665
9170,5.4076364416277665
9171,5.4076364416277665
9172,5.4076364416277665
9173,5.4076364416277665
9174,5.4076364416277665
9175,5.4076364416277665
9176,5.4076364416277665
9177,5.4076364416277665
9178,5.4076364416277665
9179,5.4076364416277665
9180,5.4076364416277665
9181,5.4076364416277665
9182,5.4076364416277665
9183,5.4076364416277665
9184,5.4076364416277665
9185,5.4076364416277665
9186,5.4076364416277665
9187,5.4076364416277665
9188,5.4076364416277665
9189,5.4076364416277665
9190,5.4076364416277665
9191,5.4076364416277665
9192,5.4076364416277665
9193,5.4076364416277665
9194,5.4076364416277665
9195,5.4076364416277665
9196,5.4076364416277665
9197,5.4076364416277665
9198,5.4076364416277665
9199,5.4076364416277665
9200,5.4076364416277665
9201,5.4076364416277665
9202,5.4076364416277665
9203,5.4076364416277665
9204,5.4076364416277665
9205,5.4076364416277665
9206,5.4076364416277665
9207,5.4076364416277665
9208,5.4076364416277665
9209,5.4076364416277665
9210,5.4076364416277665
9211,5.4076364416277665
9212,5.4076364416277665
9213,5.4076364416277665
9214,5.4076364416277665
9215,5.4076364416277665
9216,5.4076364416277665
9217,5.4076364416277665
9218,5.4076364416277665
9219,5.4076364416277665
9220,5.4076364416277665
9221,5.4076364416277665
9222,5.4076364416277665
9223,5.4076364416277665
9224,5.4076364416277665
9225,5.4076364416277665
9226,5.4076364416277665
9227,5.4076364416277665
9228,5.4076364416277665
9229,5.4076364416277665
9230,5.4076364416277665
9231,5.4076364416277665
9232,5.4076364416277665
9233,5.4076364416277665
9234,5.4076364416277665
9235,5.4076364416277665
9236,5.4076364416277665
9237,5.4076364416277665
9238,5.4076364416277665
9239,5.4076364416277665
9240,5.4076364416277665
9241,5.4076364416277665
9242,5.4076364416277665
9243,5.4076364416277665
9244,5.4076364416277665
9245,5.4076364416277665
9246,5.4076364416277665
9247,5.4076364416277665
9248,5.4076364416277665
9249,5.4076364416277665
9250,5.4076364416277665
9251,5.4076364416277665
9252,5.4076364416277665
9253,5.4076364416277665
9254,5.4076364416277665
9255,5.4076364416277665
9256,5.4076364416277665
9257,5.4076364416277665
9258,5.4076364416277665
9259,5.4076364416277665
9260,5.4076364416277665
9261,5.4076364416277665
9262,5.4076364416277665
9263,5.4076364416277665
9264,5.4076364416277665
9265,5.4076364416277665
9266,5.4076364416277665
9267,5.4076364416277665
9268,5.4076364416277665
9269,5.4076364416277665
9270,5.4076364416277665
9271,5.4076364416277665
9272,5.4076364416277665
9273,5.4076364416277665
9274,5.4076364416277665
9275,5.4076364416277665
9276,5.4076364416277665
9277,5.4076364416277665
9278,5.4076364416277665
9279,5.4076364416277665
9280,5.4076364416277665
9281,5.4076364416277665
9282,5.4076364416277665
9283,5.4076364416277665
9284,5.4076364416277665
9285,5.4076364416277665
9286,5.4076364416277665
9287,5.4076364416277665
9288,5.4076364416277665
9289,5.4076364416277665
9290,5.4076364416277665
9291,5.4076364416277665
9292,5.4076364416277665
9293,5.4076364416277665
9294,5.4076364416277665
9295,5.4076364416277665
9296,5.4076364416277665
9297,5.4076364416277665
9298,5.4076364416277665
9299,5.4076364416277665
9300,5.4076364416277665
9301,5.4076364416277665
9302,5.4076364416277665
9303,5.4076364416277665
9304,5.4076364416277665
9305,5.4076364416277665
9306,5.4076364416277665
9307,5.4076364416277665
9308,5.4076364416277665
9309,5.4076364416277665
9310,5.4076364416277665
9311,5.4076364416277665
9312,5.4076364416277665
9313,5.4076364416277665
9314,5.4076364416277665
9315,5.4076364416277665
9316,5.4076364416277665
9317,5.4076364416277665
9318,5.4076364416277665
9319,5.4076364416277665
9320,5.4076364416277665
9321,5.4076364416277665
9322,5.4076364416277665
9323,5.4076364416277665
9324,5.4076364416277665
9325,5.4076364416277665
9326,5.4076364416277665
9327,5.4076364416277665
9328,5.4076364416277665
9329,5.4076364416277665
9330,5.4076364416277665
9331,5.4076364416277665
9332,5.4076364416277665
9333,5.4076364416277665
9334,5.4076364416277665
9335,5.4076364416277665
9336,5.4076364416277665
9337,5.4076364416277665
9338,5.4076364416277665
9339,5.4076364416277665
9340,5.4076364416277665
9341,5.4076364416277665
9342,5.4076364416277665
9343,5.4076364416277665
9344,5.4076364416277665
9345,5.4076364416277665
9346,5.4076364416277665
9347,5.4076364416277665
9348,5.4076364416277665
9349,5.4076364416277665
9350,5.4076364416277665
9351,5.4076364416277665
9352,5.4076364416277665
9353,5.4076364416277665
9354,5.4076364416277665
9355,5.4076364416277665
9356,5.4076364416277665
9357,5.4076364416277665
9358,5.4076364416277665
9359,5.4076364416277665
9360,5.4076364416277665
9361,5.4076364416277665
9362,5.4076364416277665
9363,5.4076364416277665
9364,5.4076364416277665
9365,5.4076364416277665
9366,5.4076364416277665
9367,5.4076364416277665
9368,5.4076364416277665
9369,5.4076364416277665
9370,5.4076364416277665
9371,5.4076364416277665
9372,5.4076364416277665
9373,5.4076364416277665
9374,5.4076364416277665
9375,5.4076364416277665
9376,5.4076364416277665
9377,5.4076364416277665
9378,5.4076364416277665
9379,5.4076364416277665
9380,5.4076364416277665
9381,5.4076364416277665
9382,5.4076364416277665
9383,5.4076364416277665
9384,5.4076364416277665
9385,5.4076364416277665
9386,5.4076364416277665
9387,5.4076364416277665
9388,5.4076364416277665
9389,5.4076364416277665
9390,5.4076364416277665
9391,5.4076364416277665
9392,5.4076364416277665
9393,5.4076364416277665
9394,5.4076364416277665
9395,5.4076364416277665
9396,5.4076364416277665
9397,5.4076364416277665
9398,5.4076364416277665
9399,5.4076364416277665
9400,5.4076364416277665
9401,5.4076364416277665
9402,5.4076364416277665
9403,5.4076364416277665
9404,5.4076364416277665
9405,5.4076364416277665
9406,5.4076364416277665
9407,5.4076364416277665
9408,5.4076364416277665
9409,5.4076364416277665
9410,5.4076364416277665
9411,5.4076364416277665
9412,5.4076364416277665
9413,5.4076364416277665
9414,5.4076364416277665
9415,5.4076364416277665
9416,5.4076364416277665
9417,5.4076364416277665
9418,5.4076364416277665
9419,5.4076364416277665
9420,5.4076364416277665
9421,5.4076364416277665
9422,5.4076364416277665
9423,5.4076364416277665
9424,5.4076364416277665
9425,5.4076364416277665
9426,5.4076364416277665
9427,5.4076364416277665
9428,5.4076364416277665
9429,5.4076364416277665
9430,5.4076364416277665
9431,5.4076364416277665
9432,5.4076364416277665
9433,5.4076364416277665
9434,5.4076364416277665
9435,5.4076364416277665
9436,5.4076364416277665
9437,5.4076364416277665
9438,5.4076364416277665
9439,5.4076364416277665
9440,5.4076364416277665
9441,5.4076364416277665
9442,5.4076364416277665
9443,5.4076364416277665
9444,5.4076364416277665
9445,5.4076364416277665
9446,5.4076364416277665
9447,5.4076364416277665
9448,5.4076364416277665
9449,5.4076364416277665
9450,5.4076364416277665
9451,5.4076364416277665
9452,5.4076364416277665
9453,5.4076364416277665
9454,5.4076364416277665
9455,5.4076364416277665
9456,5.4076364416277665
9457,5.4076364416277665
9458,5.4076364416277665
9459,5.4076364416277665
9460,5.4076364416277665
9461,5.4076364416277665
9462,5.4076364416277665
9463,5.4076364416277665
9464,5.4076364416277665
9465,5.4076364416277665
9466,5.4076364416277665
9467,5.4076364416277665
9468,5.4076364416277665
9469,5.4076364416277665
9470,5.4076364416277665
9471,5.4076364416277665
9472,5.4076364416277665
9473,5.4076364416277665
9474,5.4076364416277665
9475,5.4076364416277665
9476,5.4076364416277665
9477,5.4076364416277665
9478,5.4076364416277665
9479,5.4076364416277665
9480,5.4076364416277665
9481,5.4076364416277665
9482,5.4076364416277665
9483,5.4076364416277665
9484,5.4076364416277665
9485,5.4076364416277665
9486,5.4076364416277665
9487,5.4076364416277665
9488,5.4076364416277665
9489,5.4076364416277665
9490,5.4076364416277665
9491,5.4076364416277665
9492,5.4076364416277665
9493,5.4076364416277665
9494,5.4076364416277665
9495,5.4076364416277665
9496,5.4076364416277665
9497,5.4076364416277665
9498,5.4076364416277665
9499,5.4076364416277665
9500,5.4076364416277665
9501,5.4076364416277665
9502,5.4076364416277665
9503,5.4076364416277665
9504,5.4076364416277665
9505,5.4076364416277665
9506,5.4076364416277665
9507,5.4076364416277665
9508,5.4076364416277665
9509,5.4076364416277665
9510,5.4076364416277665
9511,5.4076364416277665
9512,5.4076364416277665
9513,5.4076364416277665
9514,5.4076364416277665
9515,5.4076364416277665
9516,5.4076364416277665
9517,5.4076364416277665
9518,5.4076364416277665
9519,5.4076364416277665
9520,5.4076364416277665
9521,5.4076364416277665
9522,5.4076364416277665
9523,5.4076364416277665
9524,5.4076364416277665
9525,5.4076364416277665
9526,5.4076364416277665
9527,5.4076364416277665
9528,5.4076364416277665
9529,5.4076364416277665
9530,5.4076364416277665
9531,5.4076364416277665
9532,5.4076364416277665
9533,5.4076364416277665
9534,5.4076364416277665
9535,5.4076364416277665
9536,5.4076364416277665
9537,5.4076364416277665
9538,5.4076364416277665
9539,5.4076364416277665
9540,5.4076364416277665
9541,5.4076364416277665
9542,5.4076364416277665
9543,5.4076364416277665
9544,5.4076364416277665
9545,5.4076364416277665
9546,5.4076364416277665
9547,5.4076364416277665
9548,5.4076364416277665
9549,5.4076364416277665
9550,5.4076364416277665
9551,5.4076364416277665
9552,5.4076364416277665
9553,5.4076364416277665
9554,5.4076364416277665
9555,5.4076364416277665
9556,5.4076364416277665
9557,5.4076364416277665
9558,5.4076364416277665
9559,5.4076364416277665
9560,5.4076364416277665
9561,5.4076364416277665
9562,5.4076364416277665
9563,5.4076364416277665
9564,5.4076364416277665
9565,5.4076364416277665
9566,5.4076364416277665
9567,5.4076364416277665
9568,5.4076364416277665
9569,5.4076364416277665
9570,5.4076364416277665
9571,5.4076364416277665
9572,5.4076364416277665
9573,5.4076364416277665
9574,5.4076364416277665
9575,5.4076364416277665
9576,5.4076364416277665
9577,5.4076364416277665
9578,5.4076364416277665
9579,5.4076364416277665
9580,5.4076364416277665
9581,5.4076364416277665
9582,5.4076364416277665
9583,5.4076364416277665
9584,5.4076364416277665
9585,5.4076364416277665
9586,5.4076364416277665
9587,5.4076364416277665
9588,5.4076364416277665
9589,5.4076364416277665
9590,5.4076364416277665
9591,5.4076364416277665
9592,5.4076364416277665
9593,5.4076364416277665
9594,5.4076364416277665
9595,5.4076364416277665
9596,5.4076364416277665
9597,5.4076364416277665
9598,5.4076364416277665
9599,5.4076364416277665
9600,5.4076364416277665
9601,5.4076364416277665
9602,5.4076364416277665
9603,5.4076364416277665
9604,5.4076364416277665
9605,5.4076364416277665
9606,5.4076364416277665
9607,5.4076364416277665
9608,5.4076364416277665
9609,5.4076364416277665
9610,5.4076364416277665
9611,5.4076364416277665
9612,5.4076364416277665
9613,5.4076364416277665
9614,5.4076364416277665
9615,5.4076364416277665
9616,5.4076364416277665
9617,5.4076364416277665
9618,5.4076364416277665
9619,5.4076364416277665
9620,5.4076364416277665
9621,5.4076364416277665
9622,5.4076364416277665
9623,5.4076364416277665
9624,5.4076364416277665
9625,5.4076364416277665
9626,5.4076364416277665
9627,5.4076364416277665
9628,5.4076364416277665
9629,5.4076364416277665
9630,5.4076364416277665
9631,5.4076364416277665
9632,5.4076364416277665
9633,5.4076364416277665
9634,5.4076364416277665
9635,5.4076364416277665
9636,5.4076364416277665
9637,5.4076364416277665
9638,5.4076364416277665
9639,5.4076364416277665
9640,5.4076364416277665
9641,5.4076364416277665
9642,5.4076364416277665
9643,5.4076364416277665
9644,5.4076364416277665
9645,5.4076364416277665
9646,5.4076364416277665
9647,5.4076364416277665
9648,5.4076364416277665
9649,5.4076364416277665
9650,5.4076364416277665
9651,5.4076364416277665
9652,5.4076364416277665
9653,5.4076364416277665
9654,5.4076364416277665
9655,5.4076364416277665
9656,5.4076364416277665
9657,5.4076364416277665
9658,5.4076364416277665
9659,5.4076364416277665
9660,5.4076364416277665
9661,5.4076364416277665
9662,5.4076364416277665
9663,5.4076364416277665
9664,5.4076364416277665
9665,5.4076364416277665
9666,5.4076364416277665
9667,5.4076364416277665
9668,5.4076364416277665
9669,5.4076364416277665
9670,5.4076364416277665
9671,5.4076364416277665
9672,5.4076364416277665
9673,5.4076364416277665
9674,5.4076364416277665
9675,5.4076364416277665
9676,5.4076364416277665
9677,5.4076364416277665
9678,5.4076364416277665
9679,5.4076364416277665
9680,5.4076364416277665
9681,5.4076364416277665
9682,5.4076364416277665
9683,5.4076364416277665
9684,5.4076364416277665
9685,5.4076364416277665
9686,5.4076364416277665
9687,5.4076364416277665
9688,5.4076364416277665
9689,5.4076364416277665
9690,5.4076364416277665
9691,5.4076364416277665
9692,5.4076364416277665
9693,5.4076364416277665
9694,5.4076364416277665
9695,5.4076364416277665
9696,5.4076364416277665
9697,5.4076364416277665
9698,5.4076364416277665
9699,5.4076364416277665
9700,5.4076364416277665
9701,5.4076364416277665
9702,5.4076364416277665
9703,5.4076364416277665
9704,5.4076364416277665
9705,5.4076364416277665
9706,5.4076364416277665
9707,5.4076364416277665
9708,5.4076364416277665
9709,5.4076364416277665
9710,5.4076364416277665
9711,5.4076364416277665
9712,5.4076364416277665
9713,5.4076364416277665
9714,5.4076364416277665
9715,5.4076364416277665
9716,5.4076364416277665
9717,5.4076364416277665
9718,5.4076364416277665
9719,5.4076364416277665
9720,5.4076364416277665
9721,5.4076364416277665
9722,5.4076364416277665
9723,5.4076364416277665
9724,5.4076364416277665
9725,5.4076364416277665
9726,5.4076364416277665
9727,5.4076364416277665
9728,5.4076364416277665
9729,5.4076364416277665
9730,5.4076364416277665
9731,5.4076364416277665
9732,5.4076364416277665
9733,5.4076364416277665
9734,5.4076364416277665
9735,5.4076364416277665
9736,5.4076364416277665
9737,5.4076364416277665
9738,5.4076364416277665
9739,5.4076364416277665
9740,5.4076364416277665
9741,5.4076364416277665
9742,5.4076364416277665
9743,5.4076364416277665
9744,5.4076364416277665
9745,5.4076364416277665
9746,5.4076364416277665
9747,5.4076364416277665
9748,5.4076364416277665
9749,5.4076364416277665
9750,5.4076364416277665
9751,5.4076364416277665
9752,5.4076364416277665
9753,5.4076364416277665
9754,5.4076364416277665
9755,5.4076364416277665
9756,5.4076364416277665
9757,5.4076364416277665
9758,5.4076364416277665
9759,5.4076364416277665
9760,5.4076364416277665
9761,5.4076364416277665
9762,5.4076364416277665
9763,5.4076364416277665
9764,5.4076364416277665
9765,5.4076364416277665
9766,5.4076364416277665
9767,5.4076364416277665
9768,5.4076364416277665
9769,5.4076364416277665
9770,5.4076364416277665
9771,5.4076364416277665
9772,5.4076364416277665
9773,5.4076364416277665
9774,5.4076364416277665
9775,5.4076364416277665
9776,5.4076364416277665
9777,5.4076364416277665
9778,5.4076364416277665
9779,5.4076364416277665
9780,5.4076364416277665
9781,5.4076364416277665
9782,5.4076364416277665
9783,5.4076364416277665
9784,5.4076364416277665
9785,5.4076364416277665
9786,5.4076364416277665
9787,5.4076364416277665
9788,5.4076364416277665
9789,5.4076364416277665
9790,5.4076364416277665
9791,5.4076364416277665
9792,5.4076364416277665
9793,5.4076364416277665
9794,5.4076364416277665
9795,5.4076364416277665
9796,5.4076364416277665
9797,5.4076364416277665
9798,5.4076364416277665
9799,5.4076364416277665
9800,5.4076364416277665
9801,5.4076364416277665
9802,5.4076364416277665
9803,5.4076364416277665
9804,5.4076364416277665
9805,5.4076364416277665
9806,5.4076364416277665
9807,5.4076364416277665
9808,5.4076364416277665
9809,5.4076364416277665
9810,5.4076364416277665
9811,5.4076364416277665
9812,5.4076364416277665
9813,5.4076364416277665
9814,5.4076364416277665
9815,5.4076364416277665
9816,5.4076364416277665
9817,5.4076364416277665
9818,5.4076364416277665
9819,5.4076364416277665
9820,5.4076364416277665
9821,5.4076364416277665
9822,5.4076364416277665
9823,5.4076364416277665
9824,5.4076364416277665
9825,5.4076364416277665
9826,5.4076364416277665
9827,5.4076364416277665
9828,5.4076364416277665
9829,5.4076364416277665
9830,5.4076364416277665
9831,5.4076364416277665
9832,5.4076364416277665
9833,5.4076364416277665
9834,5.4076364416277665
9835,5.4076364416277665
9836,5.4076364416277665
9837,5.4076364416277665
9838,5.4076364416277665
9839,5.4076364416277665
9840,5.4076364416277665
9841,5.4076364416277665
9842,5.4076364416277665
9843,5.4076364416277665
9844,5.4076364416277665
9845,5.4076364416277665
9846,5.4076364416277665
9847,5.4076364416277665
9848,5.4076364416277665
9849,5.4076364416277665
9850,5.4076364416277665
9851,5.4076364416277665
9852,5.4076364416277665
9853,5.4076364416277665
9854,5.4076364416277665
9855,5.4076364416277665
9856,5.4076364416277665
9857,5.4076364416277665
9858,5.4076364416277665
9859,5.4076364416277665
9860,5.4076364416277665
9861,5.4076364416277665
9862,5.4076364416277665
9863,5.4076364416277665
9864,5.4076364416277665
9865,5.4076364416277665
9866,5.4076364416277665
9867,5.4076364416277665
9868,5.4076364416277665
9869,5.4076364416277665
9870,5.4076364416277665
9871,5.4076364416277665
9872,5.4076364416277665
9873,5.4076364416277665
9874,5.4076364416277665
9875,5.4076364416277665
9876,5.4076364416277665
9877,5.4076364416277665
9878,5.4076364416277665
9879,5.4076364416277665
9880,5.4076364416277665
9881,5.4076364416277665
9882,5.4076364416277665
9883,5.4076364416277665
9884,5.4076364416277665
9885,5.4076364416277665
9886,5.4076364416277665
9887,5.4076364416277665
9888,5.4076364416277665
9889,5.4076364416277665
9890,5.4076364416277665
9891,5.4076364416277665
9892,5.4076364416277665
9893,5.4076364416277665
9894,5.4076364416277665
9895,5.4076364416277665
9896,5.4076364416277665
9897,5.4076364416277665
9898,5.4076364416277665
9899,5.4076364416277665
9900,5.4076364416277665
9901,5.4076364416277665
9902,5.4076364416277665
9903,5.4076364416277665
9904,5.4076364416277665
9905,5.4076364416277665
9906,5.4076364416277665
9907,5.4076364416277665
9908,5.4076364416277665
9909,5.4076364416277665
9910,5.4076364416277665
9911,5.4076364416277665
9912,5.4076364416277665
9913,5.4076364416277665
9914,5.4076364416277665
9915,5.4076364416277665
9916,5.4076364416277665
9917,5.4076364416277665
9918,5.4076364416277665
9919,5.4076364416277665
9920,5.4076364416277665
9921,5.4076364416277665
9922,5.4076364416277665
9923,5.4076364416277665
9924,5.4076364416277665
9925,5.4076364416277665
9926,5.4076364416277665
9927,5.4076364416277665
9928,5.4076364416277665
9929,5.4076364416277665
9930,5.4076364416277665
9931,5.4076364416277665
9932,5.4076364416277665
9933,5.4076364416277665
9934,5.4076364416277665
9935,5.4076364416277665
9936,5.4076364416277665
9937,5.4076364416277665
9938,5.4076364416277665
9939,5.4076364416277665
9940,5.4076364416277665
9941,5.4076364416277665
9942,5.4076364416277665
9943,5.4076364416277665
9944,5.4076364416277665
9945,5.4076364416277665
9946,5.4076364416277665
9947,5.4076364416277665
9948,5.4076364416277665
9949,5.4076364416277665
9950,5.4076364416277665
9951,5.4076364416277665
9952,5.4076364416277665
9953,5.4076364416277665
9954,5.4076364416277665
9955,5.4076364416277665
9956,5.4076364416277665
9957,5.4076364416277665
9958,5.4076364416277665
9959,5.4076364416277665
9960,5.4076364416277665
9961,5.4076364416277665
9962,5.4076364416277665
9963,5.4076364416277665
9964,5.4076364416277665
9965,5.4076364416277665
9966,5.4076364416277665
9967,5.4076364416277665
9968,5.4076364416277665
9969,5.4076364416277665
9970,5.4076364416277665
9971,5.4076364416277665
9972,5.4076364416277665
9973,5.4076364416277665
9974,5.4076364416277665
9975,5.4076364416277665
9976,5.4076364416277665
9977,5.4076364416277665
9978,5.4076364416277665
9979,5.4076364416277665
9980,5.4076364416277665
9981,5.4076364416277665
9982,5.4076364416277665
9983,5.4076364416277665
9984,5.4076364416277665
9985,5.4076364416277665
9986,5.4076364416277665
9987,5.4076364416277665
9988,5.4076364416277665
9989,5.4076364416277665
9990,5.4076364416277665
9991,5.4076364416277665
9992,5.4076364416277665
9993,5.4076364416277665
9994,5.4076364416277665
9995,5.4076364416277665
9996,5.4076364416277665
9997,5.4076364416277665
9998,5.4076364416277665
9999,5.4076364416277665
10000,5.4076364416277665
10001,5.4076364416277665
10002,5.4076364416277665
10003,5.4076364416277665
10004,5.4076364416277665
10005,5.4076364416277665
10006,5.4076364416277665
10007,5.4076364416277665
10008,5.4076364416277665
10009,5.4076364416277665
10010,5.4076364416277665
10011,5.4076364416277665
10012,5.4076364416277665
10013,5.4076364416277665
10014,5.4076364416277665
10015,5.4076364416277665
10016,5.4076364416277665
10017,5.4076364416277665
10018,5.4076364416277665
10019,5.4076364416277665
10020,5.4076364416277665
10021,5.4076364416277665
10022,5.4076364416277665
10023,5.4076364416277665
10024,5.4076364416277665
10025,5.4076364416277665
10026,5.4076364416277665
10027,5.4076364416277665
10028,5.4076364416277665
10029,5.4076364416277665
10030,5.4076364416277665
10031,5.4076364416277665
10032,5.4076364416277665
10033,5.4076364416277665
10034,5.4076364416277665
10035,5.4076364416277665
10036,5.4076364416277665
10037,5.4076364416277665
10038,5.4076364416277665
10039,5.4076364416277665
10040,5.4076364416277665
10041,5.4076364416277665
10042,5.4076364416277665
10043,5.4076364416277665
10044,5.4076364416277665
10045,5.4076364416277665
10046,5.4076364416277665
10047,5.4076364416277665
10048,5.4076364416277665
10049,5.4076364416277665
10050,5.4076364416277665
10051,5.4076364416277665
10052,5.4076364416277665
10053,5.4076364416277665
10054,5.4076364416277665
10055,5.4076364416277665
10056,5.4076364416277665
10057,5.4076364416277665
10058,5.4076364416277665
10059,5.4076364416277665
10060,5.4076364416277665
10061,5.4076364416277665
10062,5.4076364416277665
10063,5.4076364416277665
10064,5.4076364416277665
10065,5.4076364416277665
10066,5.4076364416277665
10067,5.4076364416277665
10068,5.4076364416277665
10069,5.4076364416277665
10070,5.4076364416277665
10071,5.4076364416277665
10072,5.4076364416277665
10073,5.4076364416277665
10074,5.4076364416277665
10075,5.4076364416277665
10076,5.4076364416277665
10077,5.4076364416277665
10078,5.4076364416277665
10079,5.4076364416277665
10080,5.4076364416277665
10081,5.4076364416277665
10082,5.4076364416277665
10083,5.4076364416277665
10084,5.4076364416277665
10085,5.4076364416277665
10086,5.4076364416277665
10087,5.4076364416277665
10088,5.4076364416277665
10089,5.4076364416277665
10090,36.49560294975762
10091,36.49560294975762
10092,36.49560294975762
10093,36.49560294975762
10094,36.49560294975762
10095,36.49560294975762
10096,36.49560294975762
10097,36.49560294975762
10098,36.49560294975762
10099,36.49560294975762
10100,36.49560294975762
10101,36.49560294975762
10102,36.49560294975762
10103,36.49560294975762
10104,36.49560294975762
10105,36.49560294975762
10106,36.49560294975762
10107,36.49560294975762
10108,36.49560294975762
10109,36.49560294975762
10110,36.49560294975762
10111,36.49560294975762
10112,36.49560294975762
10113,36.49560294975762
10114,36.49560294975762
10115,36.49560294975762
10116,36.49560294975762
10117,36.49560294975762
10118,36.49560294975762
10119,36.49560294975762
10120,36.49560294975762
10121,36.49560294975762
10122,36.49560294975762
10123,36.49560294975762
10124,36.49560294975762
10125,36.49560294975762
10126,36.49560294975762
10127,36.49560294975762
10128,36.49560294975762
10129,36.49560294975762
10130,36.49560294975762
10131,36.49560294975762
10132,36.49560294975762
10133,36.49560294975762
10134,36.49560294975762
10135,36.49560294975762
10136,36.49560294975762
10137,36.49560294975762
10138,36.49560294975762
10139,36.49560294975762
10140,36.49560294975762
10141,36.49560294975762
10142,36.49560294975762
10143,36.49560294975762
10144,36.49560294975762
10145,36.49560294975762
10146,36.49560294975762
10147,36.49560294975762
10148,36.49560294975762
10149,36.49560294975762
10150,36.49560294975762
10151,36.49560294975762
10152,36.49560294975762
10153,36.49560294975762
10154,36.49560294975762
10155,36.49560294975762
10156,36.49560294975762
10157,36.49560294975762
10158,36.49560294975762
10159,36.49560294975762
10160,36.49560294975762
10161,36.49560294975762
10162,36.49560294975762
10163,36.49560294975762
10164,36.49560294975762
10165,36.49560294975762
10166,36.49560294975762
10167,36.49560294975762
10168,36.49560294975762
10169,36.49560294975762
10170,36.49560294975762
10171,36.49560294975762
10172,36.49560294975762
10173,36.49560294975762
10174,36.49560294975762
10175,36.49560294975762
10176,36.49560294975762
10177,36.49560294975762
10178,36.49560294975762
10179,36.49560294975762
10180,36.49560294975762
10181,36.49560294975762
10182,36.49560294975762
10183,36.49560294975762
10184,36.49560294975762
10185,36.49560294975762
10186,36.49560294975762
10187,36.49560294975762
10188,36.49560294975762
10189,36.49560294975762
10190,36.49560294975762
10191,36.49560294975762
10192,36.49560294975762
10193,36.49560294975762
10194,36.49560294975762
10195,36.49560294975762
10196,36.49560294975762
10197,36.49560294975762
10198,36.49560294975762
10199,36.49560294975762
10200,36.49560294975762
10201,36.49560294975762
10202,36.49560294975762
10203,36.49560294975762
10204,36.49560294975762
10205,36.49560294975762
10206,36.49560294975762
10207,36.49560294975762
10208,36.49560294975762
10209,36.49560294975762
10210,36.49560294975762
10211,36.49560294975762
10212,36.49560294975762
10213,36.49560294975762
10214,36.49560294975762
10215,36.49560294975762
10216,36.49560294975762
10217,36.49560294975762
10218,36.49560294975762
10219,36.49560294975762
10220,36.49560294975762
10221,36.49560294975762
10222,36.49560294975762
10223,36.49560294975762
10224,36.49560294975762
10225,36.49560294975762
10226,36.49560294975762
10227,36.49560294975762
10228,36.49560294975762
10229,36.49560294975762
10230,36.49560294975762
10231,36.49560294975762
10232,36.49560294975762
10233,36.49560294975762
10234,36.49560294975762
10235,36.49560294975762
10236,36.49560294975762
10237,36.49560294975762
10238,36.49560294975762
10239,36.49560294975762
10240,36.49560294975762
10241,36.49560294975762
10242,36.49560294975762
10243,36.49560294975762
10244,36.49560294975762
10245,36.49560294975762
10246,36.49560294975762
10247,36.49560294975762
10248,36.49560294975762
10249,36.49560294975762
10250,36.49560294975762
10251,36.49560294975762
10252,36.49560294975762
10253,36.49560294975762
10254,36.49560294975762
10255,36.49560294975762
10256,36.49560294975762
10257,36.49560294975762
10258,36.49560294975762
10259,36.49560294975762
10260,36.49560294975762
10261,36.49560294975762
10262,36.49560294975762
10263,36.49560294975762
10264,36.49560294975762
10265,36.49560294975762
10266,36.49560294975762
10267,36.49560294975762
10268,36.49560294975762
10269,36.49560294975762
10270,36.49560294975762
10271,36.49560294975762
10272,36.49560294975762
10273,36.49560294975762
10274,36.49560294975762
10275,36.49560294975762
10276,36.49560294975762
10277,36.49560294975762
10278,36.49560294975762
10279,36.49560294975762
10280,36.49560294975762
10281,36.49560294975762
10282,36.49560294975762
10283,36.49560294975762
10284,36.49560294975762
10285,36.49560294975762
10286,36.49560294975762
10287,36.49560294975762
10288,36.49560294975762
10289,36.49560294975762
10290,36.49560294975762
10291,36.49560294975762
10292,36.49560294975762
10293,36.49560294975762
10294,36.49560294975762
10295,36.49560294975762
10296,36.49560294975762
10297,36.49560294975762
10298,36.49560294975762
10299,36.49560294975762
10300,36.49560294975762
10301,36.49560294975762
10302,36.49560294975762
10303,36.49560294975762
10304,36.49560294975762
10305,36.49560294975762
10306,36.49560294975762
10307,36.49560294975762
10308,36.49560294975762
10309,36.49560294975762
10310,36.49560294975762
10311,36.49560294975762
10312,36.49560294975762
10313,36.49560294975762
10314,36.49560294975762
10315,36.49560294975762
10316,36.49560294975762
10317,36.49560294975762
10318,36.49560294975762
10319,36.49560294975762
10320,36.49560294975762
10321,36.49560294975762
10322,36.49560294975762
10323,36.49560294975762
10324,36.49560294975762
10325,36.49560294975762
10326,36.49560294975762
10327,36.49560294975762
10328,36.49560294975762
10329,36.49560294975762
10330,36.49560294975762
10331,36.49560294975762
10332,36.49560294975762
10333,36.49560294975762
10334,36.49560294975762
10335,36.49560294975762
10336,36.49560294975762
10337,36.49560294975762
10338,36.49560294975762
10339,36.49560294975762
10340,36.49560294975762
10341,36.49560294975762
10342,36.49560294975762
10343,36.49560294975762
10344,36.49560294975762
10345,36.49560294975762
10346,36.49560294975762
10347,36.49560294975762
10348,36.49560294975762
10349,36.49560294975762
10350,36.49560294975762
10351,36.49560294975762
10352,36.49560294975762
10353,36.49560294975762
10354,36.49560294975762
10355,36.49560294975762
10356,36.49560294975762
10357,36.49560294975762
10358,36.49560294975762
10359,36.49560294975762
10360,36.49560294975762
10361,36.49560294975762
10362,36.49560294975762
10363,36.49560294975762
10364,36.49560294975762
10365,36.49560294975762
10366,36.49560294975762
10367,36.49560294975762
10368,36.49560294975762
10369,36.49560294975762
10370,36.49560294975762
10371,36.49560294975762
10372,36.49560294975762
10373,36.49560294975762
10374,36.49560294975762
10375,36.49560294975762
10376,36.49560294975762
10377,36.49560294975762
10378,36.49560294975762
10379,36.49560294975762
10380,36.49560294975762
10381,36.49560294975762
10382,36.49560294975762
10383,36.49560294975762
10384,36.49560294975762
10385,36.49560294975762
10386,36.49560294975762
10387,36.49560294975762
10388,36.49560294975762
10389,36.49560294975762
10390,36.49560294975762
10391,36.49560294975762
10392,36.49560294975762
10393,36.49560294975762
10394,36.49560294975762
10395,36.49560294975762
10396,36.49560294975762
10397,36.49560294975762
10398,36.49560294975762
10399,36.49560294975762
10400,36.49560294975762
10401,36.49560294975762
10402,36.49560294975762
10403,36.49560294975762
10404,36.49560294975762
10405,36.49560294975762
10406,36.49560294975762
10407,36.49560294975762
10408,36.49560294975762
10409,36.49560294975762
10410,36.49560294975762
10411,36.49560294975762
10412,36.49560294975762
10413,36.49560294975762
10414,36.49560294975762
10415,36.49560294975762
10416,36.49560294975762
10417,36.49560294975762
10418,36.49560294975762
10419,36.49560294975762
10420,36.49560294975762
10421,36.49560294975762
10422,36.49560294975762
10423,36.49560294975762
10424,36.49560294975762
10425,36.49560294975762
10426,36.49560294975762
10427,36.49560294975762
10428,36.49560294975762
10429,36.49560294975762
10430,36.49560294975762
10431,36.49560294975762
10432,36.49560294975762
10433,36.49560294975762
10434,36.49560294975762
10435,36.49560294975762
10436,36.49560294975762
10437,36.49560294975762
10438,36.49560294975762
10439,36.49560294975762
10440,36.49560294975762
10441,36.49560294975762
10442,36.49560294975762
10443,36.49560294975762
10444,36.49560294975762
10445,36.49560294975762
10446,36.49560294975762
10447,36.49560294975762
10448,36.49560294975762
10449,36.49560294975762
10450,36.49560294975762
10451,36.49560294975762
10452,36.49560294975762
10453,36.49560294975762
10454,36.49560294975762
10455,36.49560294975762
10456,36.49560294975762
10457,36.49560294975762
10458,36.49560294975762
10459,36.49560294975762
10460,36.49560294975762
10461,36.49560294975762
10462,36.49560294975762
10463,36.49560294975762
10464,36.49560294975762
10465,36.49560294975762
10466,36.49560294975762
10467,36.49560294975762
10468,36.49560294975762
10469,36.49560294975762
10470,36.49560294975762
10471,36.49560294975762
10472,36.49560294975762
10473,36.49560294975762
10474,36.49560294975762
10475,36.49560294975762
10476,36.49560294975762
10477,36.49560294975762
10478,36.49560294975762
10479,36.49560294975762
10480,36.49560294975762
10481,36.49560294975762
10482,36.49560294975762
10483,36.49560294975762
10484,36.49560294975762
10485,36.49560294975762
10486,36.49560294975762
10487,36.49560294975762
10488,36.49560294975762
10489,36.49560294975762
10490,36.49560294975762
10491,36.49560294975762
10492,36.49560294975762
10493,36.49560294975762
10494,36.49560294975762
10495,36.49560294975762
10496,36.49560294975762
10497,36.49560294975762
10498,36.49560294975762
10499,36.49560294975762
10500,36.49560294975762
10501,36.49560294975762
10502,36.49560294975762
10503,36.49560294975762
10504,36.49560294975762
10505,36.49560294975762
10506,36.49560294975762
10507,36.49560294975762
10508,36.49560294975762
10509,36.49560294975762
10510,36.49560294975762
10511,36.49560294975762
10512,36.49560294975762
10513,36.49560294975762
10514,36.49560294975762
10515,36.49560294975762
10516,36.49560294975762
10517,36.49560294975762
10518,36.49560294975762
10519,36.49560294975762
10520,36.49560294975762
10521,36.49560294975762
10522,36.49560294975762
10523,36.49560294975762
10524,36.49560294975762
10525,36.49560294975762
10526,36.49560294975762
10527,36.49560294975762
10528,36.49560294975762
10529,36.49560294975762
10530,36.49560294975762
10531,36.49560294975762
10532,36.49560294975762
10533,36.49560294975762
10534,36.49560294975762
10535,36.49560294975762
10536,36.49560294975762
10537,36.49560294975762
10538,36.49560294975762
10539,36.49560294975762
10540,36.49560294975762
10541,36.49560294975762
10542,36.49560294975762
10543,36.49560294975762
10544,36.49560294975762
10545,36.49560294975762
10546,36.49560294975762
10547,36.49560294975762
10548,36.49560294975762
10549,36.49560294975762
10550,36.49560294975762
10551,36.49560294975762
10552,36.49560294975762
10553,36.49560294975762
10554,36.49560294975762
10555,36.49560294975762
10556,36.49560294975762
10557,36.49560294975762
10558,36.49560294975762
10559,36.49560294975762
10560,36.49560294975762
10561,36.49560294975762
10562,36.49560294975762
10563,36.49560294975762
10564,36.49560294975762
10565,36.49560294975762
10566,36.49560294975762
10567,36.49560294975762
10568,36.49560294975762
10569,36.49560294975762
10570,36.49560294975762
10571,36.49560294975762
10572,36.49560294975762
10573,36.49560294975762
10574,36.49560294975762
10575,36.49560294975762
10576,36.49560294975762
10577,36.49560294975762
10578,36.49560294975762
10579,36.49560294975762
10580,36.49560294975762
10581,36.49560294975762
10582,36.49560294975762
10583,36.49560294975762
10584,36.49560294975762
10585,36.49560294975762
10586,36.49560294975762
10587,36.49560294975762
10588,36.49560294975762
10589,36.49560294975762
10590,36.49560294975762
10591,36.49560294975762
10592,36.49560294975762
10593,36.49560294975762
10594,36.49560294975762
10595,36.49560294975762
10596,36.49560294975762
10597,36.49560294975762
10598,36.49560294975762
10599,36.49560294975762
10600,36.49560294975762
10601,36.49560294975762
10602,36.49560294975762
10603,36.49560294975762
10604,36.49560294975762
10605,36.49560294975762
10606,36.49560294975762
10607,36.49560294975762
10608,36.49560294975762
10609,36.49560294975762
10610,36.49560294975762
10611,36.49560294975762
10612,36.49560294975762
10613,36.49560294975762
10614,36.49560294975762
10615,36.49560294975762
10616,36.49560294975762
10617,36.49560294975762
10618,36.49560294975762
10619,36.49560294975762
10620,36.49560294975762
10621,36.49560294975762
10622,36.49560294975762
10623,36.49560294975762
10624,36.49560294975762
10625,36.49560294975762
10626,36.49560294975762
10627,36.49560294975762
10628,36.49560294975762
10629,36.49560294975762
10630,36.49560294975762
10631,36.49560294975762
10632,36.49560294975762
10633,36.49560294975762
10634,36.49560294975762
10635,36.49560294975762
10636,36.49560294975762
10637,36.49560294975762
10638,36.49560294975762
10639,36.49560294975762
10640,36.49560294975762
10641,36.49560294975762
10642,36.49560294975762
10643,36.49560294975762
10644,36.49560294975762
10645,36.49560294975762
10646,36.49560294975762
10647,36.49560294975762
10648,36.49560294975762
10649,36.49560294975762
10650,36.49560294975762
10651,36.49560294975762
10652,36.49560294975762
10653,36.49560294975762
10654,36.49560294975762
10655,36.49560294975762
10656,36.49560294975762
10657,36.49560294975762
10658,36.49560294975762
10659,36.49560294975762
10660,36.49560294975762
10661,36.49560294975762
10662,36.49560294975762
10663,36.49560294975762
10664,36.49560294975762
10665,36.49560294975762
10666,36.49560294975762
10667,36.49560294975762
10668,36.49560294975762
10669,36.49560294975762
10670,36.49560294975762
10671,36.49560294975762
10672,36.49560294975762
10673,36.49560294975762
10674,36.49560294975762
10675,36.49560294975762
10676,36.49560294975762
10677,36.49560294975762
10678,36.49560294975762
10679,36.49560294975762
10680,36.49560294975762
10681,36.49560294975762
10682,36.49560294975762
10683,36.49560294975762
10684,36.49560294975762
10685,36.49560294975762
10686,36.49560294975762
10687,36.49560294975762
10688,36.49560294975762
10689,36.49560294975762
10690,36.49560294975762
10691,36.49560294975762
10692,36.49560294975762
10693,36.49560294975762
10694,36.49560294975762
10695,36.49560294975762
10696,36.49560294975762
10697,36.49560294975762
10698,36.49560294975762
10699,36.49560294975762
10700,36.49560294975762
10701,36.49560294975762
10702,36.49560294975762
10703,36.49560294975762
10704,36.49560294975762
10705,36.49560294975762
10706,36.49560294975762
10707,36.49560294975762
10708,36.49560294975762
10709,36.49560294975762
10710,36.49560294975762
10711,36.49560294975762
10712,36.49560294975762
10713,36.49560294975762
10714,36.49560294975762
10715,36.49560294975762
10716,36.49560294975762
10717,36.49560294975762
10718,36.49560294975762
10719,36.49560294975762
10720,36.49560294975762
10721,36.49560294975762
10722,36.49560294975762
10723,36.49560294975762
10724,36.49560294975762
10725,36.49560294975762
10726,36.49560294975762
10727,36.49560294975762
10728,36.49560294975762
10729,36.49560294975762
10730,36.49560294975762
10731,36.49560294975762
10732,36.49560294975762
10733,36.49560294975762
10734,36.49560294975762
10735,36.49560294975762
10736,36.49560294975762
10737,36.49560294975762
10738,36.49560294975762
10739,36.49560294975762
10740,36.49560294975762
10741,36.49560294975762
10742,36.49560294975762
10743,36.49560294975762
10744,36.49560294975762
10745,36.49560294975762
10746,36.49560294975762
10747,36.49560294975762
10748,36.49560294975762
10749,36.49560294975762
10750,36.49560294975762
10751,36.49560294975762
10752,36.49560294975762
10753,36.49560294975762
10754,36.49560294975762
10755,36.49560294975762
10756,36.49560294975762
10757,36.49560294975762
10758,36.49560294975762
10759,36.49560294975762
10760,36.49560294975762
10761,36.49560294975762
10762,36.49560294975762
10763,36.49560294975762
10764,36.49560294975762
10765,36.49560294975762
10766,36.49560294975762
10767,36.49560294975762
10768,36.49560294975762
10769,36.49560294975762
10770,36.49560294975762
10771,36.49560294975762
10772,36.49560294975762
10773,36.49560294975762
10774,36.49560294975762
10775,36.49560294975762
10776,36.49560294975762
10777,36.49560294975762
10778,36.49560294975762
10779,36.49560294975762
10780,36.49560294975762
10781,36.49560294975762
10782,36.49560294975762
10783,36.49560294975762
10784,36.49560294975762
10785,36.49560294975762
10786,36.49560294975762
10787,36.49560294975762
10788,36.49560294975762
10789,36.49560294975762
10790,36.49560294975762
10791,36.49560294975762
10792,36.49560294975762
10793,36.49560294975762
10794,36.49560294975762
10795,36.49560294975762
10796,36.49560294975762
10797,36.49560294975762
10798,36.49560294975762
10799,36.49560294975762
10800,36.49560294975762
10801,36.49560294975762
10802,36.49560294975762
10803,36.49560294975762
10804,36.49560294975762
10805,36.49560294975762
10806,36.49560294975762
10807,36.49560294975762
10808,36.49560294975762
10809,36.49560294975762
10810,36.49560294975762
10811,36.49560294975762
10812,36.49560294975762
10813,36.49560294975762
10814,36.49560294975762
10815,36.49560294975762
10816,36.49560294975762
10817,36.49560294975762
10818,36.49560294975762
10819,36.49560294975762
10820,36.49560294975762
10821,36.49560294975762
10822,36.49560294975762
10823,36.49560294975762
10824,36.49560294975762
10825,36.49560294975762
10826,36.49560294975762
10827,36.49560294975762
10828,36.49560294975762
10829,36.49560294975762
10830,36.49560294975762
10831,36.49560294975762
10832,36.49560294975762
10833,36.49560294975762
10834,36.49560294975762
10835,36.49560294975762
10836,36.49560294975762
10837,36.49560294975762
10838,36.49560294975762
10839,36.49560294975762
10840,36.49560294975762
10841,36.49560294975762
10842,36.49560294975762
10843,36.49560294975762
10844,36.49560294975762
10845,36.49560294975762
10846,36.49560294975762
10847,36.49560294975762
10848,36.49560294975762
10849,36.49560294975762
10850,36.49560294975762
10851,36.49560294975762
10852,36.49560294975762
10853,36.49560294975762
10854,36.49560294975762
10855,36.49560294975762
10856,36.49560294975762
10857,36.49560294975762
10858,36.49560294975762
10859,36.49560294975762
10860,36.49560294975762
10861,36.49560294975762
10862,36.49560294975762
10863,36.49560294975762
10864,36.49560294975762
10865,36.49560294975762
10866,36.49560294975762
10867,36.49560294975762
10868,36.49560294975762
10869,36.49560294975762
10870,36.49560294975762
10871,36.49560294975762
10872,36.49560294975762
10873,36.49560294975762
10874,36.49560294975762
10875,36.49560294975762
10876,36.49560294975762
10877,36.49560294975762
10878,36.49560294975762
10879,36.49560294975762
10880,36.49560294975762
10881,36.49560294975762
10882,36.49560294975762
10883,36.49560294975762
10884,36.49560294975762
10885,36.49560294975762
10886,36.49560294975762
10887,36.49560294975762
10888,36.49560294975762
10889,36.49560294975762
10890,36.49560294975762
10891,36.49560294975762
10892,36.49560294975762
10893,36.49560294975762
10894,36.49560294975762
10895,36.49560294975762
10896,36.49560294975762
10897,36.49560294975762
10898,36.49560294975762
10899,36.49560294975762
10900,36.49560294975762
10901,36.49560294975762
10902,36.49560294975762
10903,36.49560294975762
10904,36.49560294975762
10905,36.49560294975762
10906,36.49560294975762
10907,36.49560294975762
10908,36.49560294975762
10909,36.49560294975762
10910,36.49560294975762
10911,36.49560294975762
10912,36.49560294975762
10913,36.49560294975762
10914,36.49560294975762
10915,36.49560294975762
10916,36.49560294975762
10917,36.49560294975762
10918,36.49560294975762
10919,36.49560294975762
10920,36.49560294975762
10921,36.49560294975762
10922,36.49560294975762
10923,36.49560294975762
10924,36.49560294975762
10925,36.49560294975762
10926,36.49560294975762
10927,36.49560294975762
10928,36.49560294975762
10929,36.49560294975762
10930,36.49560294975762
10931,36.49560294975762
10932,36.49560294975762
10933,36.49560294975762
10934,36.49560294975762
10935,36.49560294975762
10936,36.49560294975762
10937,36.49560294975762
10938,36.49560294975762
10939,36.49560294975762
10940,36.49560294975762
10941,36.49560294975762
10942,36.49560294975762
10943,36.49560294975762
10944,36.49560294975762
10945,36.49560294975762
10946,36.49560294975762
10947,36.49560294975762
10948,36.49560294975762
10949,36.49560294975762
10950,36.49560294975762
10951,36.49560294975762
10952,36.49560294975762
10953,36.49560294975762
10954,36.49560294975762
10955,36.49560294975762
10956,36.49560294975762
10957,36.49560294975762
10958,36.49560294975762
10959,36.49560294975762
10960,36.49560294975762
10961,36.49560294975762
10962,36.49560294975762
10963,36.49560294975762
10964,36.49560294975762
10965,36.49560294975762
10966,36.49560294975762
10967,36.49560294975762
10968,36.49560294975762
10969,36.49560294975762
10970,36.49560294975762
10971,36.49560294975762
10972,36.49560294975762
10973,36.49560294975762
10974,36.49560294975762
10975,36.49560294975762
10976,36.49560294975762
10977,36.49560294975762
10978,36.49560294975762
10979,36.49560294975762
10980,36.49560294975762
10981,36.49560294975762
10982,36.49560294975762
10983,36.49560294975762
10984,36.49560294975762
10985,36.49560294975762
10986,36.49560294975762
10987,36.49560294975762
10988,36.49560294975762
10989,36.49560294975762
10990,36.49560294975762
10991,36.49560294975762
10992,36.49560294975762
10993,36.49560294975762
10994,36.49560294975762
10995,36.49560294975762
10996,36.49560294975762
10997,36.49560294975762
10998,36.49560294975762
10999,36.49560294975762
11000,36.49560294975762
11001,36.49560294975762
11002,36.49560294975762
11003,36.49560294975762
11004,36.49560294975762
11005,36.49560294975762
11006,36.49560294975762
11007,36.49560294975762
11008,36.49560294975762
11009,36.49560294975762
11010,36.49560294975762
11011,36.49560294975762
11012,36.49560294975762
11013,36.49560294975762
11014,36.49560294975762
11015,36.49560294975762
11016,36.49560294975762
11017,36.49560294975762
11018,36.49560294975762
11019,36.49560294975762
11020,36.49560294975762
11021,36.49560294975762
11022,36.49560294975762
11023,36.49560294975762
11024,36.49560294975762
11025,36.49560294975762
11026,36.49560294975762
11027,36.49560294975762
11028,36.49560294975762
11029,36.49560294975762
11030,36.49560294975762
11031,36.49560294975762
11032,36.49560294975762
11033,36.49560294975762
11034,36.49560294975762
11035,36.49560294975762
11036,36.49560294975762
11037,36.49560294975762
11038,36.49560294975762
11039,36.49560294975762
11040,36.49560294975762
11041,36.49560294975762
11042,36.49560294975762
11043,36.49560294975762
11044,36.49560294975762
11045,36.49560294975762
11046,36.49560294975762
11047,36.49560294975762
11048,36.49560294975762
11049,36.49560294975762
11050,36.49560294975762
11051,36.49560294975762
11052,36.49560294975762
11053,36.49560294975762
11054,36.49560294975762
11055,36.49560294975762
11056,36.49560294975762
11057,36.49560294975762
11058,36.49560294975762
11059,36.49560294975762
11060,36.49560294975762
11061,36.49560294975762
11062,36.49560294975762
11063,36.49560294975762
11064,36.49560294975762
11065,36.49560294975762
11066,36.49560294975762
11067,36.49560294975762
11068,36.49560294975762
11069,36.49560294975762
11070,36.49560294975762
11071,36.49560294975762
11072,36.49560294975762
11073,36.49560294975762
11074,36.49560294975762
11075,36.49560294975762
11076,36.49560294975762
11077,36.49560294975762
11078,36.49560294975762
11079,36.49560294975762
11080,36.49560294975762
11081,36.49560294975762
11082,36.49560294975762
11083,36.49560294975762
11084,36.49560294975762
11085,36.49560294975762
11086,36.49560294975762
11087,36.49560294975762
11088,36.49560294975762
11089,36.49560294975762
11090,36.49560294975762
11091,36.49560294975762
11092,36.49560294975762
11093,36.49560294975762
11094,36.49560294975762
11095,36.49560294975762
11096,36.49560294975762
11097,36.49560294975762
11098,36.49560294975762
11099,36.49560294975762
11100,36.49560294975762
11101,36.49560294975762
11102,36.49560294975762
11103,36.49560294975762
11104,36.49560294975762
11105,36.49560294975762
11106,36.49560294975762
11107,36.49560294975762
11108,36.49560294975762
11109,36.49560294975762
11110,36.49560294975762
11111,36.49560294975762
11112,36.49560294975762
11113,36.49560294975762
11114,36.49560294975762
11115,36.49560294975762
11116,36.49560294975762
11117,36.49560294975762
11118,36.49560294975762
11119,36.49560294975762
11120,36.49560294975762
11121,36.49560294975762
11122,36.49560294975762
11123,36.49560294975762
11124,36.49560294975762
11125,36.49560294975762
11126,36.49560294975762
11127,36.49560294975762
11128,36.49560294975762
11129,36.49560294975762
11130,36.49560294975762
11131,36.49560294975762
11132,36.49560294975762
11133,36.49560294975762
11134,36.49560294975762
11135,36.49560294975762
11136,36.49560294975762
11137,36.49560294975762
11138,36.49560294975762
11139,36.49560294975762
11140,36.49560294975762
11141,36.49560294975762
11142,36.49560294975762
11143,36.49560294975762
11144,36.49560294975762
11145,36.49560294975762
11146,36.49560294975762
11147,36.49560294975762
11148,36.49560294975762
11149,36.49560294975762
11150,36.49560294975762
11151,36.49560294975762
11152,36.49560294975762
11153,36.49560294975762
11154,36.49560294975762
11155,36.49560294975762
11156,36.49560294975762
11157,36.49560294975762
11158,36.49560294975762
11159,36.49560294975762
11160,36.49560294975762
11161,36.49560294975762
11162,36.49560294975762
11163,36.49560294975762
11164,36.49560294975762
11165,36.49560294975762
11166,36.49560294975762
11167,36.49560294975762
11168,36.49560294975762
11169,36.49560294975762
11170,36.49560294975762
11171,36.49560294975762
11172,36.49560294975762
11173,36.49560294975762
11174,36.49560294975762
11175,36.49560294975762
11176,36.49560294975762
11177,36.49560294975762
11178,36.49560294975762
11179,36.49560294975762
11180,36.49560294975762
11181,36.49560294975762
11182,36.49560294975762
11183,36.49560294975762
11184,36.49560294975762
11185,36.49560294975762
11186,36.49560294975762
11187,36.49560294975762
11188,36.49560294975762
11189,36.49560294975762
11190,36.49560294975762
11191,36.49560294975762
11192,36.49560294975762
11193,36.49560294975762
11194,36.49560294975762
11195,36.49560294975762
11196,36.49560294975762
11197,36.49560294975762
11198,36.49560294975762
11199,36.49560294975762
11200,36.49560294975762
11201,36.49560294975762
11202,36.49560294975762
11203,36.49560294975762
11204,36.49560294975762
11205,36.49560294975762
11206,36.49560294975762
11207,36.49560294975762
11208,36.49560294975762
11209,36.49560294975762
11210,36.49560294975762
11211,36.49560294975762
11212,36.49560294975762
11213,36.49560294975762
11214,36.49560294975762
11215,36.49560294975762
11216,36.49560294975762
11217,36.49560294975762
11218,36.49560294975762
11219,36.49560294975762
11220,36.49560294975762
11221,36.49560294975762
11222,36.49560294975762
11223,36.49560294975762
11224,36.49560294975762
11225,36.49560294975762
11226,36.49560294975762
11227,36.49560294975762
11228,36.49560294975762
11229,36.49560294975762
11230,36.49560294975762
11231,36.49560294975762
11232,36.49560294975762
11233,36.49560294975762
11234,36.49560294975762
11235,36.49560294975762
11236,36.49560294975762
11237,36.49560294975762
11238,36.49560294975762
11239,36.49560294975762
11240,36.49560294975762
11241,36.49560294975762
11242,36.49560294975762
11243,36.49560294975762
11244,36.49560294975762
11245,36.49560294975762
11246,36.49560294975762
11247,36.49560294975762
11248,36.49560294975762
11249,36.49560294975762
11250,36.49560294975762
11251,36.49560294975762
11252,36.49560294975762
11253,36.49560294975762
11254,36.49560294975762
11255,36.49560294975762
11256,36.49560294975762
11257,36.49560294975762
11258,36.49560294975762
11259,36.49560294975762
11260,36.49560294975762
11261,36.49560294975762
11262,36.49560294975762
11263,36.49560294975762
11264,36.49560294975762
11265,36.49560294975762
11266,36.49560294975762
11267,36.49560294975762
11268,36.49560294975762
11269,36.49560294975762
11270,36.49560294975762
11271,36.49560294975762
11272,36.49560294975762
11273,36.49560294975762
11274,36.49560294975762
11275,36.49560294975762
11276,36.49560294975762
11277,36.49560294975762
11278,36.49560294975762
11279,36.49560294975762
11280,36.49560294975762
11281,36.49560294975762
11282,36.49560294975762
11283,36.49560294975762
11284,36.49560294975762
11285,36.49560294975762
11286,36.49560294975762
11287,36.49560294975762
11288,36.49560294975762
11289,36.49560294975762
11290,36.49560294975762
11291,36.49560294975762
11292,36.49560294975762
11293,36.49560294975762
11294,36.49560294975762
11295,36.49560294975762
11296,36.49560294975762
11297,36.49560294975762
11298,36.49560294975762
11299,36.49560294975762
11300,36.49560294975762
11301,36.49560294975762
11302,36.49560294975762
11303,36.49560294975762
11304,36.49560294975762
11305,36.49560294975762
11306,36.49560294975762
11307,36.49560294975762
11308,36.49560294975762
11309,36.49560294975762
11310,36.49560294975762
11311,36.49560294975762
11312,36.49560294975762
11313,36.49560294975762
11314,36.49560294975762
11315,36.49560294975762
11316,36.49560294975762
11317,36.49560294975762
11318,36.49560294975762
11319,36.49560294975762
11320,36.49560294975762
11321,36.49560294975762
11322,36.49560294975762
11323,36.49560294975762
11324,36.49560294975762
11325,36.49560294975762
11326,36.49560294975762
11327,36.49560294975762
11328,36.49560294975762
11329,36.49560294975762
11330,36.49560294975762
11331,36.49560294975762
11332,36.49560294975762
11333,36.49560294975762
11334,36.49560294975762
11335,36.49560294975762
11336,36.49560294975762
11337,36.49560294975762
11338,36.49560294975762
11339,36.49560294975762
11340,36.49560294975762
11341,36.49560294975762
11342,36.49560294975762
11343,36.49560294975762
11344,36.49560294975762
11345,36.49560294975762
11346,36.49560294975762
11347,36.49560294975762
11348,36.49560294975762
11349,36.49560294975762
11350,36.49560294975762
11351,36.49560294975762
11352,36.49560294975762
11353,36.49560294975762
11354,36.49560294975762
11355,36.49560294975762
11356,36.49560294975762
11357,36.49560294975762
11358,36.49560294975762
11359,36.49560294975762
11360,36.49560294975762
11361,36.49560294975762
11362,36.49560294975762
11363,36.49560294975762
11364,36.49560294975762
11365,36.49560294975762
11366,36.49560294975762
11367,36.49560294975762
11368,36.49560294975762
11369,36.49560294975762
11370,36.49560294975762
11371,36.49560294975762
11372,36.49560294975762
11373,36.49560294975762
11374,36.49560294975762
11375,36.49560294975762
11376,36.49560294975762
11377,36.49560294975762
11378,36.49560294975762
11379,22.40886812576128
11380,22.40886812576128
11381,22.40886812576128
11382,22.40886812576128
11383,22.40886812576128
11384,22.40886812576128
11385,22.40886812576128
11386,22.40886812576128
11387,22.40886812576128
11388,22.40886812576128
11389,22.40886812576128
11390,22.40886812576128
11391,22.40886812576128
11392,22.40886812576128
11393,22.40886812576128
11394,22.40886812576128
11395,22.40886812576128
11396,22.40886812576128
11397,22.40886812576128
11398,22.40886812576128
11399,22.40886812576128
11400,22.40886812576128
11401,22.40886812576128
11402,22.40886812576128
11403,22.40886812576128
11404,22.40886812576128
11405,22.40886812576128
11406,22.40886812576128
11407,22.40886812576128
11408,22.40886812576128
11409,22.40886812576128
11410,22.40886812576128
11411,22.40886812576128
11412,22.40886812576128
11413,22.40886812576128
11414,22.40886812576128
11415,22.40886812576128
11416,22.40886812576128
11417,22.40886812576128
11418,22.40886812576128
11419,22.40886812576128
11420,22.40886812576128
11421,22.40886812576128
11422,22.40886812576128
11423,22.40886812576128
11424,22.40886812576128
11425,22.40886812576128
11426,22.40886812576128
11427,22.40886812576128
11428,22.40886812576128
11429,22.40886812576128
11430,22.40886812576128
11431,22.40886812576128
11432,22.40886812576128
11433,22.40886812576128
11434,22.40886812576128
11435,22.40886812576128
11436,22.40886812576128
11437,22.40886812576128
11438,22.40886812576128
11439,22.40886812576128
11440,22.40886812576128
11441,22.40886812576128
11442,22.40886812576128
11443,22.40886812576128
11444,22.40886812576128
11445,22.40886812576128
11446,22.40886812576128
11447,22.40886812576128
11448,22.40886812576128
11449,22.40886812576128
11450,22.40886812576128
11451,22.40886812576128
11452,22.40886812576128
11453,22.40886812576128
11454,22.40886812576128
11455,22.40886812576128
11456,22.40886812576128
11457,22.40886812576128
11458,22.40886812576128
11459,22.40886812576128
11460,22.40886812576128
11461,22.40886812576128
11462,22.40886812576128
11463,22.40886812576128
11464,22.40886812576128
11465,22.40886812576128
11466,22.40886812576128
11467,22.40886812576128
11468,22.40886812576128
11469,22.40886812576128
11470,22.40886812576128
11471,22.40886812576128
11472,22.40886812576128
11473,22.40886812576128
11474,22.40886812576128
11475,22.40886812576128
11476,22.40886812576128
11477,22.40886812576128
11478,22.40886812576128
11479,22.40886812576128
11480,22.40886812576128
11481,22.40886812576128
11482,22.40886812576128
11483,22.40886812576128
11484,22.40886812576128
11485,22.40886812576128
11486,22.40886812576128
11487,22.40886812576128
11488,22.40886812576128
11489,22.40886812576128
11490,22.40886812576128
11491,22.40886812576128
11492,22.40886812576128
11493,22.40886812576128
11494,22.40886812576128
11495,22.40886812576128
11496,22.40886812576128
11497,22.40886812576128
11498,22.40886812576128
11499,22.40886812576128
11500,22.40886812576128
11501,22.40886812576128
11502,22.40886812576128
11503,22.40886812576128
11504,22.40886812576128
11505,22.40886812576128
11506,22.40886812576128
11507,22.40886812576128
11508,22.40886812576128
11509,22.40886812576128
11510,22.40886812576128
11511,22.40886812576128
11512,22.40886812576128
11513,22.40886812576128
11514,22.40886812576128
11515,22.40886812576128
11516,22.40886812576128
11517,22.40886812576128
11518,22.40886812576128
11519,22.40886812576128
11520,22.40886812576128
11521,22.40886812576128
11522,22.40886812576128
11523,22.40886812576128
11524,22.40886812576128
11525,22.40886812576128
11526,22.40886812576128
11527,22.40886812576128
11528,22.40886812576128
11529,22.40886812576128
11530,22.40886812576128
11531,22.40886812576128
11532,22.40886812576128
11533,22.40886812576128
11534,22.40886812576128
11535,22.40886812576128
11536,22.40886812576128
11537,22.40886812576128
11538,22.40886812576128
11539,22.40886812576128
11540,22.40886812576128
11541,22.40886812576128
11542,22.40886812576128
11543,22.40886812576128
11544,22.40886812576128
11545,22.40886812576128
11546,22.40886812576128
11547,22.40886812576128
11548,22.40886812576128
11549,22.40886812576128
11550,22.40886812576128
11551,22.40886812576128
11552,22.40886812576128
11553,22.40886812576128
11554,22.40886812576128
11555,22.40886812576128
11556,22.40886812576128
11557,22.40886812576128
11558,22.40886812576128
11559,22.40886812576128
11560,22.40886812576128
11561,22.40886812576128
11562,22.40886812576128
11563,22.40886812576128
11564,22.40886812576128
11565,22.40886812576128
11566,22.40886812576128
11567,22.40886812576128
11568,22.40886812576128
11569,22.40886812576128
11570,22.40886812576128
11571,22.40886812576128
11572,22.40886812576128
11573,22.40886812576128
11574,22.40886812576128
11575,22.40886812576128
11576,22.40886812576128
11577,22.40886812576128
11578,22.40886812576128
11579,22.40886812576128
11580,22.40886812576128
11581,22.40886812576128
11582,22.40886812576128
11583,22.40886812576128
11584,22.40886812576128
11585,22.40886812576128
11586,22.40886812576128
11587,22.40886812576128
11588,22.40886812576128
11589,22.40886812576128
11590,22.40886812576128
11591,22.40886812576128
11592,22.40886812576128
11593,22.40886812576128
11594,22.40886812576128
11595,22.40886812576128
11596,22.40886812576128
11597,22.40886812576128
11598,22.40886812576128
11599,22.40886812576128
11600,22.40886812576128
11601,22.40886812576128
11602,22.40886812576128
11603,22.40886812576128
11604,22.40886812576128
11605,22.40886812576128
11606,22.40886812576128
11607,22.40886812576128
11608,22.40886812576128
11609,22.40886812576128
11610,22.40886812576128
11611,22.40886812576128
11612,22.40886812576128
11613,22.40886812576128
11614,22.40886812576128
11615,22.40886812576128
11616,22.40886812576128
11617,22.40886812576128
11618,22.40886812576128
11619,22.40886812576128
11620,22.40886812576128
11621,22.40886812576128
11622,22.40886812576128
11623,22.40886812576128
11624,22.40886812576128
11625,22.40886812576128
11626,22.40886812576128
11627,22.40886812576128
11628,22.40886812576128
11629,22.40886812576128
11630,22.40886812576128
11631,22.40886812576128
11632,22.40886812576128
11633,22.40886812576128
11634,22.40886812576128
11635,22.40886812576128
11636,22.40886812576128
11637,22.40886812576128
11638,22.40886812576128
11639,22.40886812576128
11640,22.40886812576128
11641,22.40886812576128
11642,22.40886812576128
11643,22.40886812576128
11644,22.40886812576128
11645,22.40886812576128
11646,22.40886812576128
11647,22.40886812576128
11648,22.40886812576128
11649,22.40886812576128
11650,22.40886812576128
11651,22.40886812576128
11652,22.40886812576128
11653,22.40886812576128
11654,22.40886812576128
11655,22.40886812576128
11656,22.40886812576128
11657,22.40886812576128
11658,22.40886812576128
11659,22.40886812576128
11660,22.40886812576128
11661,22.40886812576128
11662,22.40886812576128
11663,22.40886812576128
11664,22.40886812576128
11665,22.40886812576128
11666,22.40886812576128
11667,22.40886812576128
11668,22.40886812576128
11669,22.40886812576128
11670,22.40886812576128
11671,22.40886812576128
11672,22.40886812576128
11673,22.40886812576128
11674,22.40886812576128
11675,22.40886812576128
11676,22.40886812576128
11677,22.40886812576128
11678,22.40886812576128
11679,22.40886812576128
11680,22.40886812576128
11681,22.40886812576128
11682,22.40886812576128
11683,22.40886812576128
11684,22.40886812576128
11685,22.40886812576128
11686,22.40886812576128
11687,22.40886812576128
11688,22.40886812576128
11689,22.40886812576128
11690,22.40886812576128
11691,22.40886812576128
11692,22.40886812576128
11693,22.40886812576128
11694,22.40886812576128
11695,22.40886812576128
11696,22.40886812576128
11697,22.40886812576128
11698,22.40886812576128
11699,22.40886812576128
11700,22.40886812576128
11701,22.40886812576128
11702,22.40886812576128
11703,22.40886812576128
11704,22.40886812576128
11705,22.40886812576128
11706,22.40886812576128
11707,22.40886812576128
11708,22.40886812576128
11709,22.40886812576128
11710,22.40886812576128
11711,22.40886812576128
11712,22.40886812576128
11713,22.40886812576128
11714,22.40886812576128
11715,22.40886812576128
11716,22.40886812576128
11717,22.40886812576128
11718,22.40886812576128
11719,22.40886812576128
11720,22.40886812576128
11721,22.40886812576128
11722,22.40886812576128
11723,22.40886812576128
11724,22.40886812576128
11725,22.40886812576128
11726,22.40886812576128
11727,22.40886812576128
11728,22.40886812576128
11729,22.40886812576128
11730,22.40886812576128
11731,22.40886812576128
11732,22.40886812576128
11733,22.40886812576128
11734,22.40886812576128
11735,22.40886812576128
11736,22.40886812576128
11737,22.40886812576128
11738,22.40886812576128
11739,22.40886812576128
11740,22.40886812576128
11741,22.40886812576128
11742,22.40886812576128
11743,22.40886812576128
11744,22.40886812576128
11745,22.40886812576128
11746,22.40886812576128
11747,22.40886812576128
11748,22.40886812576128
11749,22.40886812576128
11750,22.40886812576128
11751,22.40886812576128
11752,22.40886812576128
11753,22.40886812576128
11754,22.40886812576128
11755,22.40886812576128
11756,22.40886812576128
11757,22.40886812576128
11758,22.40886812576128
11759,22.40886812576128
11760,22.40886812576128
11761,22.40886812576128
11762,22.40886812576128
11763,22.40886812576128
11764,22.40886812576128
11765,22.40886812576128
11766,22.40886812576128
11767,22.40886812576128
11768,22.40886812576128
11769,22.40886812576128
11770,22.40886812576128
11771,22.40886812576128
11772,22.40886812576128
11773,22.40886812576128
11774,22.40886812576128
11775,22.40886812576128
11776,22.40886812576128
11777,22.40886812576128
11778,22.40886812576128
11779,22.40886812576128
11780,22.40886812576128
11781,22.40886812576128
11782,22.40886812576128
11783,22.40886812576128
11784,22.40886812576128
11785,22.40886812576128
11786,22.40886812576128
11787,22.40886812576128
11788,22.40886812576128
11789,22.40886812576128
11790,22.40886812576128
11791,22.40886812576128
11792,22.40886812576128
11793,22.40886812576128
11794,22.40886812576128
11795,22.40886812576128
11796,22.40886812576128
11797,22.40886812576128
11798,22.40886812576128
11799,22.40886812576128
11800,22.40886812576128
11801,22.40886812576128
11802,22.40886812576128
11803,22.40886812576128
11804,22.40886812576128
11805,22.40886812576128
11806,22.40886812576128
11807,22.40886812576128
11808,22.40886812576128
11809,22.40886812576128
11810,22.40886812576128
11811,22.40886812576128
11812,22.40886812576128
11813,22.40886812576128
11814,22.40886812576128
11815,22.40886812576128
11816,22.40886812576128
11817,22.40886812576128
11818,22.40886812576128
11819,22.40886812576128
11820,22.40886812576128
11821,22.40886812576128
11822,22.40886812576128
11823,22.40886812576128
11824,22.40886812576128
11825,22.40886812576128
11826,22.40886812576128
11827,22.40886812576128
11828,22.40886812576128
11829,22.40886812576128
11830,22.40886812576128
11831,22.40886812576128
11832,22.40886812576128
11833,22.40886812576128
11834,22.40886812576128
11835,22.40886812576128
11836,22.40886812576128
11837,22.40886812576128
11838,22.40886812576128
11839,22.40886812576128
11840,22.40886812576128
11841,22.40886812576128
11842,22.40886812576128
11843,22.40886812576128
11844,22.40886812576128
11845,22.40886812576128
11846,22.40886812576128
11847,22.40886812576128
11848,22.40886812576128
11849,22.40886812576128
11850,22.40886812576128
11851,22.40886812576128
11852,22.40886812576128
11853,22.40886812576128
11854,22.40886812576128
11855,22.40886812576128
11856,22.40886812576128
11857,22.40886812576128
11858,22.40886812576128
11859,22.40886812576128
11860,22.40886812576128
11861,22.40886812576128
11862,22.40886812576128
11863,22.40886812576128
11864,22.40886812576128
11865,22.40886812576128
11866,22.40886812576128
11867,22.40886812576128
11868,22.40886812576128
11869,22.40886812576128
11870,22.40886812576128
11871,22.40886812576128
11872,22.40886812576128
11873,22.40886812576128
11874,22.40886812576128
11875,22.40886812576128
11876,22.40886812576128
11877,22.40886812576128
11878,22.40886812576128
11879,22.40886812576128
11880,22.40886812576128
11881,22.40886812576128
11882,22.40886812576128
11883,22.40886812576128
11884,22.40886812576128
11885,40.77019834462547
11886,40.77019834462547
11887,40.77019834462547
11888,40.77019834462547
11889,40.77019834462547
11890,40.77019834462547
11891,40.77019834462547
11892,40.77019834462547
11893,40.77019834462547
11894,40.77019834462547
11895,40.77019834462547
11896,40.77019834462547
11897,40.77019834462547
11898,40.77019834462547
11899,40.77019834462547
11900,40.77019834462547
11901,40.77019834462547
11902,40.77019834462547
11903,40.77019834462547
11904,40.77019834462547
11905,40.77019834462547
11906,40.77019834462547
11907,40.77019834462547
11908,40.77019834462547
11909,40.77019834462547
11910,40.77019834462547
11911,40.77019834462547
11912,40.77019834462547
11913,40.77019834462547
11914,40.77019834462547
11915,40.77019834462547
11916,40.77019834462547
11917,40.77019834462547
11918,40.77019834462547
11919,40.77019834462547
11920,40.77019834462547
11921,40.77019834462547
11922,40.77019834462547
11923,40.77019834462547
11924,40.77019834462547
11925,40.77019834462547
11926,40.77019834462547
11927,40.77019834462547
11928,40.77019834462547
11929,40.77019834462547
11930,40.77019834462547
11931,40.77019834462547
11932,40.77019834462547
11933,40.77019834462547
11934,40.77019834462547
11935,40.77019834462547
11936,40.77019834462547
11937,40.77019834462547
11938,40.77019834462547
11939,40.77019834462547
11940,40.77019834462547
11941,40.77019834462547
11942,40.77019834462547
11943,40.77019834462547
11944,40.77019834462547
11945,40.77019834462547
11946,40.77019834462547
11947,40.77019834462547
11948,40.77019834462547
11949,40.77019834462547
11950,40.77019834462547
11951,40.77019834462547
11952,40.77019834462547
11953,40.77019834462547
11954,40.77019834462547
11955,40.77019834462547
11956,40.77019834462547
11957,40.77019834462547
11958,40.77019834462547
11959,40.77019834462547
11960,40.77019834462547
11961,40.77019834462547
11962,40.77019834462547
11963,40.77019834462547
11964,40.77019834462547
11965,40.77019834462547
11966,40.77019834462547
11967,40.77019834462547
11968,40.77019834462547
11969,40.77019834462547
11970,40.77019834462547
11971,40.77019834462547
11972,40.77019834462547
11973,40.77019834462547
11974,40.77019834462547
11975,40.77019834462547
11976,40.77019834462547
11977,40.77019834462547
11978,40.77019834462547
11979,40.77019834462547
11980,40.77019834462547
11981,40.77019834462547
11982,40.77019834462547
11983,40.77019834462547
11984,40.77019834462547
11985,40.77019834462547
11986,40.77019834462547
11987,40.77019834462547
11988,40.77019834462547
11989,40.77019834462547
11990,40.77019834462547
11991,40.77019834462547
11992,40.77019834462547
11993,40.77019834462547
11994,40.77019834462547
11995,40.77019834462547
11996,40.77019834462547
11997,40.77019834462547
11998,40.77019834462547
11999,40.77019834462547
12000,40.77019834462547
12001,40.77019834462547
12002,40.77019834462547
12003,40.77019834462547
12004,40.77019834462547
12005,40.77019834462547
12006,40.77019834462547
12007,40.77019834462547
12008,40.77019834462547
12009,40.77019834462547
12010,40.77019834462547
12011,40.77019834462547
12012,40.77019834462547
12013,40.77019834462547
12014,40.77019834462547
12015,40.77019834462547
12016,40.77019834462547
12017,40.77019834462547
12018,40.77019834462547
12019,40.77019834462547
12020,40.77019834462547
12021,40.77019834462547
12022,40.77019834462547
12023,40.77019834462547
12024,40.77019834462547
12025,40.77019834462547
12026,40.77019834462547
12027,40.77019834462547
12028,40.77019834462547
12029,40.77019834462547
12030,40.77019834462547
12031,40.77019834462547
12032,40.77019834462547
12033,40.77019834462547
12034,40.77019834462547
12035,40.77019834462547
12036,40.77019834462547
12037,40.77019834462547
12038,40.77019834462547
12039,40.77019834462547
12040,40.77019834462547
12041,40.77019834462547
12042,40.77019834462547
12043,40.77019834462547
12044,40.77019834462547
12045,40.77019834462547
12046,40.77019834462547
12047,40.77019834462547
12048,40.77019834462547
12049,40.77019834462547
12050,40.77019834462547
12051,40.77019834462547
12052,40.77019834462547
12053,40.77019834462547
12054,40.77019834462547
12055,40.77019834462547
12056,40.77019834462547
12057,40.77019834462547
12058,40.77019834462547
12059,40.77019834462547
12060,40.77019834462547
12061,40.77019834462547
12062,40.77019834462547
12063,40.77019834462547
12064,40.77019834462547
12065,40.77019834462547
12066,40.77019834462547
12067,40.77019834462547
12068,40.77019834462547
12069,40.77019834462547
12070,40.77019834462547
12071,40.77019834462547
12072,40.77019834462547
12073,40.77019834462547
12074,40.77019834462547
12075,40.77019834462547
12076,40.77019834462547
12077,40.77019834462547
12078,40.77019834462547
12079,40.77019834462547
12080,40.77019834462547
12081,40.77019834462547
12082,40.77019834462547
12083,40.77019834462547
12084,40.77019834462547
12085,40.77019834462547
12086,40.77019834462547
12087,40.77019834462547
12088,40.77019834462547
12089,40.77019834462547
12090,40.77019834462547
12091,40.77019834462547
12092,40.77019834462547
12093,40.77019834462547
12094,40.77019834462547
12095,40.77019834462547
12096,40.77019834462547
12097,40.77019834462547
12098,40.77019834462547
12099,40.77019834462547
12100,40.77019834462547
12101,40.77019834462547
12102,40.77019834462547
12103,40.77019834462547
12104,40.77019834462547
12105,40.77019834462547
12106,40.77019834462547
12107,40.77019834462547
12108,40.77019834462547
12109,40.77019834462547
12110,40.77019834462547
12111,40.77019834462547
12112,40.77019834462547
12113,40.77019834462547
12114,40.77019834462547
12115,40.77019834462547
12116,40.77019834462547
12117,40.77019834462547
12118,40.77019834462547
12119,40.77019834462547
12120,40.77019834462547
12121,40.77019834462547
12122,40.77019834462547
12123,40.77019834462547
12124,40.77019834462547
12125,40.77019834462547
12126,40.77019834462547
12127,40.77019834462547
12128,40.77019834462547
12129,40.77019834462547
12130,40.77019834462547
12131,40.77019834462547
12132,40.77019834462547
12133,40.77019834462547
12134,40.77019834462547
12135,40.77019834462547
12136,40.77019834462547
12137,40.77019834462547
12138,40.77019834462547
12139,40.77019834462547
12140,40.77019834462547
12141,40.77019834462547
12142,40.77019834462547
12143,40.77019834462547
12144,40.77019834462547
12145,40.77019834462547
12146,40.77019834462547
12147,40.77019834462547
12148,40.77019834462547
12149,40.77019834462547
12150,40.77019834462547
12151,40.77019834462547
12152,40.77019834462547
12153,40.77019834462547
12154,40.77019834462547
12155,40.77019834462547
12156,40.77019834462547
12157,40.77019834462547
12158,40.77019834462547
12159,40.77019834462547
12160,40.77019834462547
12161,40.77019834462547
12162,40.77019834462547
12163,40.77019834462547
12164,40.77019834462547
12165,40.77019834462547
12166,40.77019834462547
12167,40.77019834462547
12168,40.77019834462547
12169,40.77019834462547
12170,40.77019834462547
12171,40.77019834462547
12172,40.77019834462547
12173,40.77019834462547
12174,40.77019834462547
12175,40.77019834462547
12176,40.77019834462547
12177,40.77019834462547
12178,40.77019834462547
12179,40.77019834462547
12180,40.77019834462547
12181,40.77019834462547
12182,40.77019834462547
12183,40.77019834462547
12184,40.77019834462547
12185,40.77019834462547
12186,40.77019834462547
12187,40.77019834462547
12188,40.77019834462547
12189,40.77019834462547
12190,40.77019834462547
12191,40.77019834462547
12192,40.77019834462547
12193,40.77019834462547
12194,40.77019834462547
12195,40.77019834462547
12196,40.77019834462547
12197,40.77019834462547
12198,40.77019834462547
12199,40.77019834462547
12200,40.77019834462547
12201,40.77019834462547
12202,40.77019834462547
12203,40.77019834462547
12204,40.77019834462547
12205,40.77019834462547
12206,40.77019834462547
12207,40.77019834462547
12208,40.77019834462547
12209,40.77019834462547
12210,40.77019834462547
12211,40.77019834462547
12212,40.77019834462547
12213,40.77019834462547
12214,40.77019834462547
12215,40.77019834462547
12216,40.77019834462547
12217,40.77019834462547
12218,40.77019834462547
12219,40.77019834462547
12220,40.77019834462547
12221,40.77019834462547
12222,40.77019834462547
12223,40.77019834462547
12224,40.77019834462547
12225,40.77019834462547
12226,40.77019834462547
12227,40.77019834462547
12228,40.77019834462547
12229,40.77019834462547
12230,40.77019834462547
12231,40.77019834462547
12232,40.77019834462547
12233,40.77019834462547
12234,40.77019834462547
12235,40.77019834462547
12236,40.77019834462547
12237,40.77019834462547
12238,40.77019834462547
12239,40.77019834462547
12240,40.77019834462547
12241,40.77019834462547
12242,40.77019834462547
12243,40.77019834462547
12244,40.77019834462547
12245,40.77019834462547
12246,40.77019834462547
12247,40.77019834462547
12248,40.77019834462547
12249,40.77019834462547
12250,40.77019834462547
12251,40.77019834462547
12252,40.77019834462547
12253,40.77019834462547
12254,40.77019834462547
12255,40.77019834462547
12256,40.77019834462547
12257,40.77019834462547
12258,40.77019834462547
12259,40.77019834462547
12260,40.77019834462547
12261,40.77019834462547
12262,40.77019834462547
12263,40.77019834462547
12264,40.77019834462547
12265,40.77019834462547
12266,40.77019834462547
12267,40.77019834462547
12268,40.77019834462547
12269,40.77019834462547
12270,40.77019834462547
12271,40.77019834462547
12272,40.77019834462547
12273,40.77019834462547
12274,40.77019834462547
12275,40.77019834462547
12276,40.77019834462547
12277,40.77019834462547
12278,40.77019834462547
12279,40.77019834462547
12280,40.77019834462547
12281,40.77019834462547
12282,40.77019834462547
12283,40.77019834462547
12284,40.77019834462547
12285,40.77019834462547
12286,40.77019834462547
12287,40.77019834462547
12288,40.77019834462547
12289,40.77019834462547
12290,40.77019834462547
12291,40.77019834462547
12292,40.77019834462547
12293,40.77019834462547
12294,40.77019834462547
12295,40.77019834462547
12296,40.77019834462547
12297,40.77019834462547
12298,40.77019834462547
12299,40.77019834462547
12300,40.77019834462547
12301,40.77019834462547
12302,40.77019834462547
12303,40.77019834462547
12304,40.77019834462547
12305,40.77019834462547
12306,40.77019834462547
12307,40.77019834462547
12308,40.77019834462547
12309,40.77019834462547
12310,40.77019834462547
12311,40.77019834462547
12312,40.77019834462547
12313,40.77019834462547
12314,40.77019834462547
12315,40.77019834462547
12316,40.77019834462547
12317,40.77019834462547
12318,40.77019834462547
12319,40.77019834462547
12320,40.77019834462547
12321,40.77019834462547
12322,40.77019834462547
12323,40.77019834462547
12324,40.77019834462547
12325,40.77019834462547
12326,40.77019834462547
12327,40.77019834462547
12328,40.77019834462547
12329,40.77019834462547
12330,40.77019834462547
12331,40.77019834462547
12332,40.77019834462547
12333,40.77019834462547
12334,40.77019834462547
12335,40.77019834462547
12336,40.77019834462547
12337,40.77019834462547
12338,40.77019834462547
12339,40.77019834462547
12340,40.77019834462547
12341,40.77019834462547
12342,40.77019834462547
12343,40.77019834462547
12344,40.77019834462547
12345,40.77019834462547
12346,40.77019834462547
12347,40.77019834462547
12348,40.77019834462547
12349,40.77019834462547
12350,40.77019834462547
12351,40.77019834462547
12352,40.77019834462547
12353,40.77019834462547
12354,40.77019834462547
12355,40.77019834462547
12356,40.77019834462547
12357,40.77019834462547
12358,40.77019834462547
12359,40.77019834462547
12360,40.77019834462547
12361,40.77019834462547
12362,40.77019834462547
12363,40.77019834462547
12364,40.77019834462547
12365,40.77019834462547
12366,40.77019834462547
12367,40.77019834462547
12368,40.77019834462547
12369,40.77019834462547
12370,40.77019834462547
12371,40.77019834462547
12372,40.77019834462547
12373,40.77019834462547
12374,40.77019834462547
12375,40.77019834462547
12376,40.77019834462547
12377,40.77019834462547
12378,40.77019834462547
12379,40.77019834462547
12380,40.77019834462547
12381,40.77019834462547
12382,40.77019834462547
12383,40.77019834462547
12384,40.77019834462547
12385,40.77019834462547
12386,40.77019834462547
12387,40.77019834462547
12388,40.77019834462547
12389,40.77019834462547
12390,40.77019834462547
12391,40.77019834462547
12392,40.77019834462547
12393,40.77019834462547
12394,40.77019834462547
12395,40.77019834462547
12396,40.77019834462547
12397,40.77019834462547
12398,40.77019834462547
12399,40.77019834462547
12400,40.77019834462547
12401,40.77019834462547
12402,40.77019834462547
12403,40.77019834462547
12404,40.77019834462547
12405,40.77019834462547
12406,40.77019834462547
12407,40.77019834462547
12408,40.77019834462547
12409,40.77019834462547
12410,40.77019834462547
12411,40.77019834462547
12412,40.77019834462547
12413,40.77019834462547
12414,40.77019834462547
12415,40.77019834462547
12416,40.77019834462547
12417,40.77019834462547
12418,40.77019834462547
12419,40.77019834462547
12420,40.77019834462547
12421,40.77019834462547
12422,40.77019834462547
12423,40.77019834462547
12424,40.77019834462547
12425,40.77019834462547
12426,40.77019834462547
12427,40.77019834462547
12428,40.77019834462547
12429,40.77019834462547
12430,40.77019834462547
12431,40.77019834462547
12432,40.77019834462547
12433,40.77019834462547
12434,40.77019834462547
12435,40.77019834462547
12436,40.77019834462547
12437,40.77019834462547
12438,40.77019834462547
12439,40.77019834462547
12440,40.77019834462547
12441,40.77019834462547
12442,40.77019834462547
12443,40.77019834462547
12444,40.77019834462547
12445,40.77019834462547
12446,40.77019834462547
12447,40.77019834462547
12448,51.4566868317951
12449,51.4566868317951
12450,51.4566868317951
12451,51.4566868317951
12452,51.4566868317951
12453,51.4566868317951
12454,51.4566868317951
12455,51.4566868317951
12456,51.4566868317951
12457,51.4566868317951
12458,51.4566868317951
12459,51.4566868317951
12460,51.4566868317951
12461,51.4566868317951
12462,51.4566868317951
12463,51.4566868317951
12464,51.4566868317951
12465,51.4566868317951
12466,51.4566868317951
12467,51.4566868317951
12468,51.4566868317951
12469,51.4566868317951
12470,51.4566868317951
12471,51.4566868317951
12472,51.4566868317951
12473,51.4566868317951
12474,51.4566868317951
12475,51.4566868317951
12476,51.4566868317951
12477,51.4566868317951
12478,51.4566868317951
12479,51.4566868317951
12480,51.4566868317951
12481,51.4566868317951
12482,51.4566868317951
12483,51.4566868317951
12484,51.4566868317951
12485,51.4566868317951
12486,51.4566868317951
12487,51.4566868317951
12488,51.4566868317951
12489,51.4566868317951
12490,51.4566868317951
12491,51.4566868317951
12492,51.4566868317951
12493,51.4566868317951
12494,51.4566868317951
12495,51.4566868317951
12496,51.4566868317951
12497,51.4566868317951
12498,51.4566868317951
12499,51.4566868317951
12500,51.4566868317951
12501,51.4566868317951
12502,51.4566868317951
12503,51.4566868317951
12504,51.4566868317951
12505,51.4566868317951
12506,51.4566868317951
12507,51.4566868317951
12508,51.4566868317951
12509,51.4566868317951
12510,51.4566868317951
12511,51.4566868317951
12512,51.4566868317951
12513,51.4566868317951
12514,51.4566868317951
12515,51.4566868317951
12516,51.4566868317951
12517,51.4566868317951
12518,51.4566868317951
12519,51.4566868317951
12520,51.4566868317951
12521,51.4566868317951
12522,51.4566868317951
12523,51.4566868317951
12524,51.4566868317951
12525,51.4566868317951
12526,51.4566868317951
12527,51.4566868317951
12528,51.4566868317951
12529,51.4566868317951
12530,51.4566868317951
12531,51.4566868317951
12532,51.4566868317951
12533,51.4566868317951
12534,51.4566868317951
12535,51.4566868317951
12536,51.4566868317951
12537,51.4566868317951
12538,51.4566868317951
12539,51.4566868317951
12540,51.4566868317951
12541,51.4566868317951
12542,51.4566868317951
12543,51.4566868317951
12544,51.4566868317951
12545,51.4566868317951
12546,51.4566868317951
12547,51.4566868317951
12548,51.4566868317951
12549,51.4566868317951
12550,51.4566868317951
12551,51.4566868317951
12552,51.4566868317951
12553,51.4566868317951
12554,51.4566868317951
12555,51.4566868317951
12556,51.4566868317951
12557,51.4566868317951
12558,51.4566868317951
12559,51.4566868317951
12560,51.4566868317951
12561,51.4566868317951
12562,51.4566868317951
12563,51.4566868317951
12564,51.4566868317951
12565,51.4566868317951
12566,51.4566868317951
12567,51.4566868317951
12568,51.4566868317951
12569,51.4566868317951
12570,51.4566868317951
12571,51.4566868317951
12572,51.4566868317951
12573,51.4566868317951
12574,51.4566868317951
12575,51.4566868317951
12576,51.4566868317951
12577,51.4566868317951
12578,51.4566868317951
12579,51.4566868317951
12580,51.4566868317951
12581,51.4566868317951
12582,51.4566868317951
12583,51.4566868317951
12584,51.4566868317951
12585,51.4566868317951
12586,51.4566868317951
12587,51.4566868317951
12588,51.4566868317951
12589,51.4566868317951
12590,51.4566868317951
12591,51.4566868317951
12592,51.4566868317951
12593,51.4566868317951
12594,51.4566868317951
12595,51.4566868317951
12596,51.4566868317951
12597,51.4566868317951
12598,51.4566868317951
12599,51.4566868317951
12600,51.4566868317951
12601,51.4566868317951
12602,51.4566868317951
12603,51.4566868317951
12604,51.4566868317951
12605,51.4566868317951
12606,51.4566868317951
12607,51.4566868317951
12608,51.4566868317951
12609,51.4566868317951
12610,51.4566868317951
12611,51.4566868317951
12612,51.4566868317951
12613,51.4566868317951
12614,51.4566868317951
12615,51.4566868317951
12616,51.4566868317951
12617,51.4566868317951
12618,51.4566868317951
12619,51.4566868317951
12620,51.4566868317951
12621,51.4566868317951
12622,51.4566868317951
12623,51.4566868317951
12624,51.4566868317951
12625,51.4566868317951
12626,51.4566868317951
12627,51.4566868317951
12628,51.4566868317951
12629,51.4566868317951
12630,51.4566868317951
12631,51.4566868317951
12632,51.4566868317951
12633,51.4566868317951
12634,51.4566868317951
12635,51.4566868317951
12636,51.4566868317951
12637,51.4566868317951
12638,51.4566868317951
12639,51.4566868317951
12640,51.4566868317951
12641,51.4566868317951
12642,51.4566868317951
12643,51.4566868317951
12644,51.4566868317951
12645,51.4566868317951
12646,51.4566868317951
12647,51.4566868317951
12648,51.4566868317951
12649,51.4566868317951
12650,51.4566868317951
12651,51.4566868317951
12652,51.4566868317951
12653,51.4566868317951
12654,51.4566868317951
12655,51.4566868317951
12656,51.4566868317951
12657,51.4566868317951
12658,51.4566868317951
12659,51.4566868317951
12660,51.4566868317951
12661,51.4566868317951
12662,51.4566868317951
12663,51.4566868317951
12664,51.4566868317951
12665,51.4566868317951
12666,51.4566868317951
12667,51.4566868317951
12668,51.4566868317951
12669,51.4566868317951
12670,51.4566868317951
12671,51.4566868317951
12672,51.4566868317951
12673,51.4566868317951
12674,51.4566868317951
12675,51.4566868317951
12676,51.4566868317951
12677,51.4566868317951
12678,51.4566868317951
12679,51.4566868317951
12680,51.4566868317951
12681,51.4566868317951
12682,51.4566868317951
12683,51.4566868317951
12684,51.4566868317951
12685,51.4566868317951
12686,51.4566868317951
12687,51.4566868317951
12688,51.4566868317951
12689,51.4566868317951
12690,51.4566868317951
12691,51.4566868317951
12692,51.4566868317951
12693,51.4566868317951
12694,51.4566868317951
12695,51.4566868317951
12696,51.4566868317951
12697,51.4566868317951
12698,51.4566868317951
12699,51.4566868317951
12700,51.4566868317951
12701,51.4566868317951
12702,51.4566868317951
12703,51.4566868317951
12704,51.4566868317951
12705,51.4566868317951
12706,51.4566868317951
12707,51.4566868317951
12708,51.4566868317951
12709,51.4566868317951
12710,51.4566868317951
12711,51.4566868317951
12712,51.4566868317951
12713,51.4566868317951
12714,51.4566868317951
12715,51.4566868317951
12716,51.4566868317951
12717,51.4566868317951
12718,51.4566868317951
12719,51.4566868317951
12720,51.4566868317951
12721,51.4566868317951
12722,51.4566868317951
12723,51.4566868317951
12724,51.4566868317951
12725,51.4566868317951
12726,51.4566868317951
12727,51.4566868317951
12728,51.4566868317951
12729,51.4566868317951
12730,51.4566868317951
12731,51.4566868317951
12732,51.4566868317951
12733,51.4566868317951
12734,51.4566868317951
12735,51.4566868317951
12736,51.4566868317951
12737,51.4566868317951
12738,51.4566868317951
12739,51.4566868317951
12740,51.4566868317951
12741,51.4566868317951
12742,51.4566868317951
12743,51.4566868317951
12744,51.4566868317951
12745,51.4566868317951
12746,51.4566868317951
12747,51.4566868317951
12748,51.4566868317951
12749,51.4566868317951
12750,51.4566868317951
12751,51.4566868317951
12752,51.4566868317951
12753,51.4566868317951
12754,51.4566868317951
12755,51.4566868317951
12756,51.4566868317951
12757,51.4566868317951
12758,51.4566868317951
12759,51.4566868317951
12760,51.4566868317951
12761,51.4566868317951
12762,51.4566868317951
12763,51.4566868317951
12764,51.4566868317951
12765,51.4566868317951
12766,51.4566868317951
12767,51.4566868317951
12768,51.4566868317951
12769,51.4566868317951
12770,51.4566868317951
12771,51.4566868317951
12772,51.4566868317951
12773,51.4566868317951
12774,51.4566868317951
12775,51.4566868317951
12776,51.4566868317951
12777,51.4566868317951
12778,51.4566868317951
12779,51.4566868317951
12780,51.4566868317951
12781,51.4566868317951
12782,51.4566868317951
12783,51.4566868317951
12784,51.4566868317951
12785,51.4566868317951
12786,51.4566868317951
12787,51.4566868317951
12788,51.4566868317951
12789,51.4566868317951
12790,51.4566868317951
12791,51.4566868317951
12792,51.4566868317951
12793,51.4566868317951
12794,51.4566868317951
12795,51.4566868317951
12796,51.4566868317951
12797,51.4566868317951
12798,51.4566868317951
12799,51.4566868317951
12800,51.4566868317951
12801,51.4566868317951
12802,51.4566868317951
12803,51.4566868317951
12804,51.4566868317951
12805,51.4566868317951
12806,51.4566868317951
12807,51.4566868317951
12808,51.4566868317951
12809,51.4566868317951
12810,51.4566868317951
12811,51.4566868317951
12812,51.4566868317951
12813,51.4566868317951
12814,51.4566868317951
12815,51.4566868317951
12816,51.4566868317951
12817,51.4566868317951
12818,51.4566868317951
12819,51.4566868317951
12820,51.4566868317951
12821,51.4566868317951
12822,51.4566868317951
12823,51.4566868317951
12824,51.4566868317951
12825,51.4566868317951
12826,51.4566868317951
12827,51.4566868317951
12828,51.4566868317951
12829,51.4566868317951
12830,51.4566868317951
12831,51.4566868317951
12832,51.4566868317951
12833,51.4566868317951
12834,51.4566868317951
12835,51.4566868317951
12836,51.4566868317951
12837,51.4566868317951
12838,51.4566868317951
12839,51.4566868317951
12840,51.4566868317951
12841,51.4566868317951
12842,51.4566868317951
12843,51.4566868317951
12844,51.4566868317951
12845,51.4566868317951
12846,51.4566868317951
12847,51.4566868317951
12848,51.4566868317951
12849,51.4566868317951
12850,51.4566868317951
12851,51.4566868317951
12852,51.4566868317951
12853,51.4566868317951
12854,51.4566868317951
12855,51.4566868317951
12856,51.4566868317951
12857,51.4566868317951
12858,51.4566868317951
12859,51.4566868317951
12860,51.4566868317951
12861,51.4566868317951
12862,51.4566868317951
12863,51.4566868317951
12864,51.4566868317951
12865,51.4566868317951
12866,51.4566868317951
12867,51.4566868317951
12868,51.4566868317951
12869,51.4566868317951
12870,51.4566868317951
12871,51.4566868317951
12872,51.4566868317951
12873,51.4566868317951
12874,51.4566868317951
12875,51.4566868317951
12876,51.4566868317951
12877,51.4566868317951
12878,51.4566868317951
12879,51.4566868317951
12880,51.4566868317951
12881,51.4566868317951
12882,51.4566868317951
12883,51.4566868317951
12884,51.4566868317951
12885,51.4566868317951
12886,51.4566868317951
12887,51.4566868317951
12888,51.4566868317951
12889,51.4566868317951
12890,51.4566868317951
12891,51.4566868317951
12892,51.4566868317951
12893,51.4566868317951
12894,51.4566868317951
12895,51.4566868317951
12896,51.4566868317951
12897,51.4566868317951
12898,51.4566868317951
12899,51.4566868317951
12900,51.4566868317951
12901,51.4566868317951
12902,51.4566868317951
12903,51.4566868317951
12904,51.4566868317951
12905,51.4566868317951
12906,51.4566868317951
12907,51.4566868317951
12908,51.4566868317951
12909,51.4566868317951
12910,51.4566868317951
12911,51.4566868317951
12912,51.4566868317951
12913,51.4566868317951
12914,51.4566868317951
12915,51.4566868317951
12916,51.4566868317951
12917,51.4566868317951
12918,51.4566868317951
12919,51.4566868317951
12920,51.4566868317951
12921,51.4566868317951
12922,51.4566868317951
12923,51.4566868317951
12924,51.4566868317951
12925,51.4566868317951
12926,51.4566868317951
12927,51.4566868317951
12928,51.4566868317951
12929,51.4566868317951
12930,51.4566868317951
12931,51.4566868317951
12932,51.4566868317951
12933,51.4566868317951
12934,51.4566868317951
12935,51.4566868317951
12936,51.4566868317951
12937,51.4566868317951
12938,51.4566868317951
12939,51.4566868317951
12940,51.4566868317951
12941,51.4566868317951
12942,51.4566868317951
12943,51.4566868317951
12944,51.4566868317951
12945,51.4566868317951
12946,51.4566868317951
12947,51.4566868317951
12948,51.4566868317951
12949,51.4566868317951
12950,51.4566868317951
12951,51.4566868317951
12952,51.4566868317951
12953,51.4566868317951
12954,51.4566868317951
12955,51.4566868317951
12956,51.4566868317951
12957,51.4566868317951
12958,51.4566868317951
12959,51.4566868317951
12960,51.4566868317951
12961,51.4566868317951
12962,51.4566868317951
12963,51.4566868317951
12964,51.4566868317951
12965,51.4566868317951
12966,51.4566868317951
12967,51.4566868317951
12968,51.4566868317951
12969,51.4566868317951
12970,51.4566868317951
12971,51.4566868317951
12972,51.4566868317951
12973,51.4566868317951
12974,51.4566868317951
12975,51.4566868317951
12976,51.4566868317951
12977,51.4566868317951
12978,51.4566868317951
12979,51.4566868317951
12980,51.4566868317951
12981,51.4566868317951
12982,51.4566868317951
12983,51.4566868317951
12984,51.4566868317951
12985,51.4566868317951
12986,51.4566868317951
12987,51.4566868317951
12988,51.4566868317951
12989,51.4566868317951
12990,51.4566868317951
12991,51.4566868317951
12992,51.4566868317951
12993,51.4566868317951
12994,51.4566868317951
12995,51.4566868317951
12996,51.4566868317951
12997,51.4566868317951
12998,51.4566868317951
12999,51.4566868317951
13000,51.4566868317951
13001,51.4566868317951
13002,51.4566868317951
13003,51.4566868317951
13004,51.4566868317951
13005,51.4566868317951
13006,51.4566868317951
13007,51.4566868317951
13008,51.4566868317951
13009,51.4566868317951
13010,51.4566868317951
13011,51.4566868317951
13012,51.4566868317951
13013,51.4566868317951
13014,51.4566868317951
13015,51.4566868317951
13016,51.4566868317951
13017,51.4566868317951
13018,51.4566868317951
13019,51.4566868317951
13020,51.4566868317951
13021,51.4566868317951
13022,51.4566868317951
13023,51.4566868317951
13024,51.4566868317951
13025,51.4566868317951
13026,51.4566868317951
13027,51.4566868317951
13028,51.4566868317951
13029,51.4566868317951
13030,51.4566868317951
13031,51.4566868317951
13032,51.4566868317951
13033,51.4566868317951
13034,51.4566868317951
13035,51.4566868317951
13036,51.4566868317951
13037,51.4566868317951
13038,51.4566868317951
13039,51.4566868317951
13040,51.4566868317951
13041,51.4566868317951
13042,51.4566868317951
13043,51.4566868317951
13044,51.4566868317951
13045,51.4566868317951
13046,51.4566868317951
13047,51.4566868317951
13048,51.4566868317951
13049,51.4566868317951
13050,51.4566868317951
13051,51.4566868317951
13052,51.4566868317951
13053,51.4566868317951
13054,51.4566868317951
13055,51.4566868317951
13056,51.4566868317951
13057,51.4566868317951
13058,51.4566868317951
13059,51.4566868317951
13060,51.4566868317951
13061,51.4566868317951
13062,51.4566868317951
13063,51.4566868317951
13064,51.4566868317951
13065,51.4566868317951
13066,51.4566868317951
13067,51.4566868317951
13068,51.4566868317951
13069,51.4566868317951
13070,51.4566868317951
13071,51.4566868317951
13072,51.4566868317951
13073,51.4566868317951
13074,51.4566868317951
13075,51.4566868317951
13076,51.4566868317951
13077,51.4566868317951
13078,51.4566868317951
13079,51.4566868317951
13080,51.4566868317951
13081,51.4566868317951
13082,51.4566868317951
13083,51.4566868317951
13084,51.4566868317951
13085,51.4566868317951
13086,51.4566868317951
13087,51.4566868317951
13088,51.4566868317951
13089,51.4566868317951
13090,51.4566868317951
13091,51.4566868317951
13092,51.4566868317951
13093,51.4566868317951
13094,51.4566868317951
13095,51.4566868317951
13096,51.4566868317951
13097,51.4566868317951
13098,51.4566868317951
13099,51.4566868317951
13100,51.4566868317951
13101,51.4566868317951
13102,51.4566868317951
13103,51.4566868317951
13104,51.4566868317951
13105,51.4566868317951
13106,51.4566868317951
13107,51.4566868317951
13108,51.4566868317951
13109,51.4566868317951
13110,51.4566868317951
13111,51.4566868317951
13112,51.4566868317951
13113,51.4566868317951
13114,51.4566868317951
13115,51.4566868317951
13116,51.4566868317951
13117,51.4566868317951
13118,51.4566868317951
13119,51.4566868317951
13120,51.4566868317951
13121,51.4566868317951
13122,51.4566868317951
13123,51.4566868317951
13124,51.4566868317951
13125,51.4566868317951
13126,51.4566868317951
13127,51.4566868317951
13128,51.4566868317951
13129,51.4566868317951
13130,51.4566868317951
13131,51.4566868317951
13132,51.4566868317951
13133,51.4566868317951
13134,51.4566868317951
13135,51.4566868317951
13136,51.4566868317951
13137,51.4566868317951
13138,51.4566868317951
13139,51.4566868317951
13140,51.4566868317951
13141,51.4566868317951
13142,51.4566868317951
13143,51.4566868317951
13144,51.4566868317951
13145,51.4566868317951
13146,51.4566868317951
13147,51.4566868317951
13148,51.4566868317951
13149,51.4566868317951
13150,51.4566868317951
13151,51.4566868317951
13152,51.4566868317951
13153,51.4566868317951
13154,51.4566868317951
13155,51.4566868317951
13156,51.4566868317951
13157,51.4566868317951
13158,51.4566868317951
13159,51.4566868317951
13160,51.4566868317951
13161,51.4566868317951
13162,51.4566868317951
13163,51.4566868317951
13164,51.4566868317951
13165,51.4566868317951
13166,51.4566868317951
13167,51.4566868317951
13168,51.4566868317951
13169,51.4566868317951
13170,51.4566868317951
13171,51.4566868317951
13172,51.4566868317951
13173,51.4566868317951
13174,51.4566868317951
13175,51.4566868317951
13176,51.4566868317951
13177,51.4566868317951
13178,51.4566868317951
13179,51.4566868317951
13180,51.4566868317951
13181,51.4566868317951
13182,51.4566868317951
13183,51.4566868317951
13184,51.4566868317951
13185,51.4566868317951
13186,51.4566868317951
13187,51.4566868317951
13188,51.4566868317951
13189,51.4566868317951
13190,51.4566868317951
13191,51.4566868317951
13192,51.4566868317951
13193,51.4566868317951
13194,51.4566868317951
13195,51.4566868317951
13196,51.4566868317951
13197,51.4566868317951
13198,51.4566868317951
13199,51.4566868317951
13200,51.4566868317951
13201,51.4566868317951
13202,51.4566868317951
13203,51.4566868317951
13204,51.4566868317951
13205,51.4566868317951
13206,51.4566868317951
13207,51.4566868317951
13208,51.4566868317951
13209,51.4566868317951
13210,51.4566868317951
13211,51.4566868317951
13212,51.4566868317951
13213,51.4566868317951
13214,51.4566868317951
13215,51.4566868317951
13216,51.4566868317951
13217,51.4566868317951
13218,51.4566868317951
13219,51.4566868317951
13220,51.4566868317951
13221,51.4566868317951
13222,51.4566868317951
13223,51.4566868317951
13224,51.4566868317951
13225,51.4566868317951
13226,51.4566868317951
13227,51.4566868317951
13228,51.4566868317951
13229,51.4566868317951
13230,51.4566868317951
13231,51.4566868317951
13232,51.4566868317951
13233,51.4566868317951
13234,51.4566868317951
13235,51.4566868317951
13236,51.4566868317951
13237,51.4566868317951
13238,51.4566868317951
13239,51.4566868317951
13240,51.4566868317951
13241,51.4566868317951
13242,51.4566868317951
13243,51.4566868317951
13244,51.4566868317951
13245,51.4566868317951
13246,51.4566868317951
13247,51.4566868317951
13248,51.4566868317951
13249,51.4566868317951
13250,51.4566868317951
13251,51.4566868317951
13252,51.4566868317951
13253,51.4566868317951
13254,51.4566868317951
13255,51.4566868317951
13256,51.4566868317951
13257,51.4566868317951
13258,51.4566868317951
13259,51.4566868317951
13260,51.4566868317951
13261,51.4566868317951
13262,51.4566868317951
13263,51.4566868317951
13264,51.4566868317951
13265,51.4566868317951
13266,51.4566868317951
13267,51.4566868317951
13268,51.4566868317951
13269,51.4566868317951
13270,51.4566868317951
13271,51.4566868317951
13272,51.4566868317951
13273,51.4566868317951
13274,51.4566868317951
13275,51.4566868317951
13276,51.4566868317951
13277,51.4566868317951
13278,51.4566868317951
13279,51.4566868317951
13280,51.4566868317951
13281,51.4566868317951
13282,51.4566868317951
13283,51.4566868317951
13284,51.4566868317951
13285,51.4566868317951
13286,51.4566868317951
13287,51.4566868317951
13288,51.4566868317951
13289,51.4566868317951
13290,51.4566868317951
13291,51.4566868317951
13292,51.4566868317951
13293,51.4566868317951
13294,51.4566868317951
13295,51.4566868317951
13296,51.4566868317951
13297,51.4566868317951
13298,51.4566868317951
13299,51.4566868317951
13300,51.4566868317951
13301,51.4566868317951
13302,51.4566868317951
13303,51.4566868317951
13304,51.4566868317951
13305,51.4566868317951
13306,51.4566868317951
13307,51.4566868317951
13308,51.4566868317951
13309,51.4566868317951
13310,51.4566868317951
13311,51.4566868317951
13312,51.4566868317951
13313,51.4566868317951
13314,51.4566868317951
13315,51.4566868317951
13316,51.4566868317951
13317,51.4566868317951
13318,51.4566868317951
13319,51.4566868317951
13320,51.4566868317951
13321,51.4566868317951
13322,51.4566868317951
13323,51.4566868317951
13324,51.4566868317951
13325,51.4566868317951
13326,51.4566868317951
13327,51.4566868317951
13328,51.4566868317951
13329,51.4566868317951
13330,51.4566868317951
13331,51.4566868317951
13332,51.4566868317951
13333,51.4566868317951
13334,51.4566868317951
13335,51.4566868317951
13336,51.4566868317951
13337,51.4566868317951
13338,51.4566868317951
13339,51.4566868317951
13340,51.4566868317951
13341,51.4566868317951
13342,51.4566868317951
13343,51.4566868317951
13344,51.4566868317951
13345,51.4566868317951
13346,51.4566868317951
13347,51.4566868317951
13348,51.4566868317951
13349,51.4566868317951
13350,51.4566868317951
13351,51.4566868317951
13352,51.4566868317951
13353,51.4566868317951
13354,51.4566868317951
13355,51.4566868317951
13356,51.4566868317951
13357,51.4566868317951
13358,51.4566868317951
13359,51.4566868317951
13360,51.4566868317951
13361,51.4566868317951
13362,51.4566868317951
13363,51.4566868317951
13364,51.4566868317951
13365,51.4566868317951
13366,51.4566868317951
13367,51.4566868317951
13368,51.4566868317951
13369,51.4566868317951
13370,51.4566868317951
13371,51.4566868317951
13372,51.4566868317951
13373,51.4566868317951
13374,51.4566868317951
13375,51.4566868317951
13376,51.4566868317951
13377,51.4566868317951
13378,51.4566868317951
13379,51.4566868317951
13380,51.4566868317951
13381,51.4566868317951
13382,51.4566868317951
13383,51.4566868317951
13384,51.4566868317951
13385,51.4566868317951
13386,51.4566868317951
13387,51.4566868317951
13388,51.4566868317951
13389,51.4566868317951
13390,51.4566868317951
13391,51.4566868317951
13392,51.4566868317951
13393,51.4566868317951
13394,51.4566868317951
13395,51.4566868317951
13396,51.4566868317951
13397,51.4566868317951
13398,51.4566868317951
13399,51.4566868317951
13400,51.4566868317951
13401,51.4566868317951
13402,51.4566868317951
13403,51.4566868317951
13404,51.4566868317951
13405,51.4566868317951
13406,51.4566868317951
13407,51.4566868317951
13408,51.4566868317951
13409,51.4566868317951
13410,51.4566868317951
13411,51.4566868317951
13412,51.4566868317951
13413,51.4566868317951
13414,51.4566868317951
13415,51.4566868317951
13416,51.4566868317951
13417,51.4566868317951
13418,51.4566868317951
13419,51.4566868317951
13420,51.4566868317951
13421,51.4566868317951
13422,51.4566868317951
13423,51.4566868317951
13424,51.4566868317951
13425,51.4566868317951
13426,51.4566868317951
13427,51.4566868317951
13428,51.4566868317951
13429,51.4566868317951
13430,51.4566868317951
13431,51.4566868317951
13432,51.4566868317951
13433,51.4566868317951
13434,51.4566868317951
13435,51.4566868317951
13436,51.4566868317951
13437,51.4566868317951
13438,51.4566868317951
13439,51.4566868317951
13440,51.4566868317951
13441,51.4566868317951
13442,51.4566868317951
13443,51.4566868317951
13444,51.4566868317951
13445,51.4566868317951
13446,51.4566868317951
13447,51.4566868317951
13448,51.4566868317951
13449,51.4566868317951
13450,51.4566868317951
13451,51.4566868317951
13452,51.4566868317951
13453,51.4566868317951
13454,51.4566868317951
13455,51.4566868317951
13456,51.4566868317951
13457,51.4566868317951
13458,51.4566868317951
13459,51.4566868317951
13460,51.4566868317951
13461,51.4566868317951
13462,51.4566868317951
13463,51.4566868317951
13464,51.4566868317951
13465,51.4566868317951
13466,51.4566868317951
13467,51.4566868317951
13468,51.4566868317951
13469,51.4566868317951
13470,51.4566868317951
13471,51.4566868317951
13472,51.4566868317951
13473,51.4566868317951
13474,51.4566868317951
13475,51.4566868317951
13476,51.4566868317951
13477,51.4566868317951
13478,51.4566868317951
13479,51.4566868317951
13480,51.4566868317951
13481,51.4566868317951
13482,51.4566868317951
13483,51.4566868317951
13484,51.4566868317951
13485,51.4566868317951
13486,51.4566868317951
13487,51.4566868317951
13488,51.4566868317951
13489,51.4566868317951
13490,51.4566868317951
13491,51.4566868317951
13492,51.4566868317951
13493,51.4566868317951
13494,51.4566868317951
13495,51.4566868317951
13496,51.4566868317951
13497,51.4566868317951
13498,51.4566868317951
13499,51.4566868317951
13500,51.4566868317951
13501,51.4566868317951
13502,51.4566868317951
13503,51.4566868317951
13504,51.4566868317951
13505,51.4566868317951
13506,51.4566868317951
13507,51.4566868317951
13508,51.4566868317951
13509,51.4566868317951
13510,51.4566868317951
13511,51.4566868317951
13512,51.4566868317951
13513,51.4566868317951
13514,51.4566868317951
13515,51.4566868317951
13516,51.4566868317951
13517,51.4566868317951
13518,51.4566868317951
13519,51.4566868317951
13520,51.4566868317951
13521,51.4566868317951
13522,51.4566868317951
13523,51.4566868317951
13524,51.4566868317951
13525,51.4566868317951
13526,51.4566868317951
13527,51.4566868317951
13528,51.4566868317951
13529,51.4566868317951
13530,51.4566868317951
13531,51.4566868317951
13532,51.4566868317951
13533,51.4566868317951
13534,51.4566868317951
13535,51.4566868317951
13536,51.4566868317951
13537,51.4566868317951
13538,51.4566868317951
13539,51.4566868317951
13540,51.4566868317951
13541,51.4566868317951
13542,51.4566868317951
13543,51.4566868317951
13544,51.4566868317951
13545,51.4566868317951
13546,51.4566868317951
13547,51.4566868317951
13548,51.4566868317951
13549,51.4566868317951
13550,51.4566868317951
13551,51.4566868317951
13552,51.4566868317951
13553,51.4566868317951
13554,51.4566868317951
13555,51.4566868317951
13556,51.4566868317951
13557,51.4566868317951
13558,51.4566868317951
13559,51.4566868317951
13560,51.4566868317951
13561,51.4566868317951
13562,51.4566868317951
13563,51.4566868317951
13564,51.4566868317951
13565,51.4566868317951
13566,51.4566868317951
13567,51.4566868317951
13568,51.4566868317951
13569,51.4566868317951
13570,51.4566868317951
13571,51.4566868317951
13572,51.4566868317951
13573,51.4566868317951
13574,51.4566868317951
13575,51.4566868317951
13576,51.4566868317951
13577,51.4566868317951
13578,51.4566868317951
13579,51.4566868317951
13580,51.4566868317951
13581,51.4566868317951
13582,51.4566868317951
13583,51.4566868317951
13584,51.4566868317951
13585,51.4566868317951
13586,51.4566868317951
13587,51.4566868317951
13588,51.4566868317951
13589,51.4566868317951
13590,51.4566868317951
13591,51.4566868317951
13592,51.4566868317951
13593,51.4566868317951
13594,51.4566868317951
13595,51.4566868317951
13596,51.4566868317951
13597,51.4566868317951
13598,51.4566868317951
13599,51.4566868317951
13600,51.4566868317951
13601,51.4566868317951
13602,51.4566868317951
13603,51.4566868317951
13604,51.4566868317951
13605,51.4566868317951
13606,51.4566868317951
13607,51.4566868317951
13608,51.4566868317951
13609,51.4566868317951
13610,51.4566868317951
13611,51.4566868317951
13612,51.4566868317951
13613,51.4566868317951
13614,51.4566868317951
13615,51.4566868317951
13616,51.4566868317951
13617,51.4566868317951
13618,51.4566868317951
13619,51.4566868317951
13620,51.4566868317951
13621,51.4566868317951
13622,51.4566868317951
13623,51.4566868317951
13624,51.4566868317951
13625,51.4566868317951
13626,51.4566868317951
13627,51.4566868317951
13628,51.4566868317951
13629,51.4566868317951
13630,51.4566868317951
13631,51.4566868317951
13632,51.4566868317951
13633,51.4566868317951
13634,51.4566868317951
13635,51.4566868317951
13636,51.4566868317951
13637,51.4566868317951
13638,51.4566868317951
13639,51.4566868317951
13640,51.4566868317951
13641,51.4566868317951
13642,51.4566868317951
13643,51.4566868317951
13644,51.4566868317951
13645,51.4566868317951
13646,51.4566868317951
13647,51.4566868317951
13648,51.4566868317951
13649,51.4566868317951
13650,51.4566868317951
13651,51.4566868317951
13652,51.4566868317951
13653,51.4566868317951
13654,51.4566868317951
13655,51.4566868317951
13656,51.4566868317951
13657,51.4566868317951
13658,51.4566868317951
13659,51.4566868317951
13660,51.4566868317951
13661,51.4566868317951
13662,51.4566868317951
13663,51.4566868317951
13664,51.4566868317951
13665,51.4566868317951
13666,51.4566868317951
13667,51.4566868317951
13668,51.4566868317951
13669,51.4566868317951
13670,51.4566868317951
13671,51.4566868317951
13672,51.4566868317951
13673,51.4566868317951
13674,51.4566868317951
13675,51.4566868317951
13676,51.4566868317951
13677,51.4566868317951
13678,51.4566868317951
13679,51.4566868317951
13680,51.4566868317951
13681,51.4566868317951
13682,51.4566868317951
13683,51.4566868317951
13684,51.4566868317951
13685,51.4566868317951
13686,51.4566868317951
13687,51.4566868317951
13688,51.4566868317951
13689,51.4566868317951
13690,51.4566868317951
13691,51.4566868317951
13692,51.4566868317951
13693,51.4566868317951
13694,51.4566868317951
13695,51.4566868317951
13696,51.4566868317951
13697,51.4566868317951
13698,51.4566868317951
13699,51.4566868317951
13700,51.4566868317951
13701,51.4566868317951
13702,51.4566868317951
13703,51.4566868317951
13704,51.4566868317951
13705,51.4566868317951
13706,51.4566868317951
13707,51.4566868317951
13708,51.4566868317951
13709,51.4566868317951
13710,51.4566868317951
13711,51.4566868317951
13712,51.4566868317951
13713,51.4566868317951
13714,51.4566868317951
13715,51.4566868317951
13716,51.4566868317951
13717,51.4566868317951
13718,51.4566868317951
13719,51.4566868317951
13720,51.4566868317951
13721,51.4566868317951
13722,51.4566868317951
13723,51.4566868317951
13724,51.4566868317951
13725,51.4566868317951
13726,51.4566868317951
13727,51.4566868317951
13728,51.4566868317951
13729,51.4566868317951
13730,51.4566868317951
13731,51.4566868317951
13732,51.4566868317951
13733,51.4566868317951
13734,51.4566868317951
13735,51.4566868317951
13736,51.4566868317951
13737,51.4566868317951
13738,51.4566868317951
13739,51.4566868317951
13740,51.4566868317951
13741,51.4566868317951
13742,51.4566868317951
13743,51.4566868317951
13744,51.4566868317951
13745,51.4566868317951
13746,51.4566868317951
13747,51.4566868317951
13748,51.4566868317951
13749,51.4566868317951
13750,51.4566868317951
13751,51.4566868317951
13752,51.4566868317951
13753,51.4566868317951
13754,51.4566868317951
13755,51.4566868317951
13756,51.4566868317951
13757,51.4566868317951
13758,51.4566868317951
13759,51.4566868317951
13760,51.4566868317951
13761,51.4566868317951
13762,51.4566868317951
13763,51.4566868317951
13764,51.4566868317951
13765,51.4566868317951
13766,51.4566868317951
13767,51.4566868317951
13768,51.4566868317951
13769,51.4566868317951
13770,51.4566868317951
13771,51.4566868317951
13772,51.4566868317951
13773,51.4566868317951
13774,51.4566868317951
13775,51.4566868317951
13776,51.4566868317951
13777,51.4566868317951
13778,51.4566868317951
13779,51.4566868317951
13780,51.4566868317951
13781,51.4566868317951
13782,51.4566868317951
13783,51.4566868317951
13784,51.4566868317951
13785,51.4566868317951
13786,51.4566868317951
13787,51.4566868317951
13788,51.4566868317951
13789,51.4566868317951
13790,51.4566868317951
13791,51.4566868317951
13792,51.4566868317951
13793,51.4566868317951
13794,51.4566868317951
13795,51.4566868317951
13796,51.4566868317951
13797,51.4566868317951
13798,51.4566868317951
13799,51.4566868317951
13800,51.4566868317951
13801,51.4566868317951
13802,51.4566868317951
13803,51.4566868317951
13804,51.4566868317951
13805,51.4566868317951
13806,51.4566868317951
13807,51.4566868317951
13808,51.4566868317951
13809,51.4566868317951
13810,51.4566868317951
13811,51.4566868317951
13812,51.4566868317951
13813,51.4566868317951
13814,51.4566868317951
13815,51.4566868317951
13816,51.4566868317951
13817,51.4566868317951
13818,51.4566868317951
13819,51.4566868317951
13820,51.4566868317951
13821,51.4566868317951
13822,51.4566868317951
13823,51.4566868317951
13824,51.4566868317951
13825,51.4566868317951
13826,51.4566868317951
13827,51.4566868317951
13828,51.4566868317951
13829,51.4566868317951
13830,51.4566868317951
13831,51.4566868317951
13832,51.4566868317951
13833,51.4566868317951
13834,51.4566868317951
13835,51.4566868317951
13836,51.4566868317951
13837,51.4566868317951
13838,51.4566868317951
13839,51.4566868317951
13840,51.4566868317951
13841,51.4566868317951
13842,51.4566868317951
13843,51.4566868317951
13844,51.4566868317951
13845,51.4566868317951
13846,51.4566868317951
13847,51.4566868317951
13848,51.4566868317951
13849,51.4566868317951
13850,51.4566868317951
13851,51.4566868317951
13852,51.4566868317951
13853,51.4566868317951
13854,51.4566868317951
13855,51.4566868317951
13856,51.4566868317951
13857,51.4566868317951
13858,51.4566868317951
13859,51.4566868317951
13860,51.4566868317951
13861,51.4566868317951
13862,51.4566868317951
13863,51.4566868317951
13864,51.4566868317951
13865,51.4566868317951
13866,51.4566868317951
13867,51.4566868317951
13868,51.4566868317951
13869,51.4566868317951
13870,51.4566868317951
13871,51.4566868317951
13872,51.4566868317951
13873,51.4566868317951
13874,51.4566868317951
13875,51.4566868317951
13876,51.4566868317951
13877,51.4566868317951
13878,51.4566868317951
13879,51.4566868317951
13880,51.4566868317951
13881,51.4566868317951
13882,51.4566868317951
13883,51.4566868317951
13884,51.4566868317951
13885,51.4566868317951
13886,51.4566868317951
13887,51.4566868317951
13888,51.4566868317951
13889,51.4566868317951
13890,51.4566868317951
13891,51.4566868317951
13892,51.4566868317951
13893,51.4566868317951
13894,51.4566868317951
13895,51.4566868317951
13896,51.4566868317951
13897,51.4566868317951
13898,51.4566868317951
13899,51.4566868317951
13900,51.4566868317951
13901,51.4566868317951
13902,51.4566868317951
13903,51.4566868317951
13904,51.4566868317951
13905,51.4566868317951
13906,51.4566868317951
13907,51.4566868317951
13908,51.4566868317951
13909,51.4566868317951
13910,51.4566868317951
13911,51.4566868317951
13912,51.4566868317951
13913,51.4566868317951
13914,51.4566868317951
13915,51.4566868317951
13916,51.4566868317951
13917,51.4566868317951
13918,51.4566868317951
13919,51.4566868317951
13920,51.4566868317951
13921,51.4566868317951
13922,51.4566868317951
13923,51.4566868317951
13924,51.4566868317951
13925,51.4566868317951
13926,51.4566868317951
13927,51.4566868317951
13928,51.4566868317951
13929,51.4566868317951
13930,51.4566868317951
13931,51.4566868317951
13932,51.4566868317951
13933,51.4566868317951
13934,51.4566868317951
13935,51.4566868317951
13936,51.4566868317951
13937,51.4566868317951
13938,51.4566868317951
13939,51.4566868317951
13940,51.4566868317951
13941,51.4566868317951
13942,51.4566868317951
13943,51.4566868317951
13944,51.4566868317951
13945,51.4566868317951
13946,51.4566868317951
13947,51.4566868317951
13948,51.4566868317951
13949,51.4566868317951
13950,51.4566868317951
13951,51.4566868317951
13952,51.4566868317951
13953,51.4566868317951
13954,51.4566868317951
13955,51.4566868317951
13956,51.4566868317951
13957,51.4566868317951
13958,51.4566868317951
13959,51.4566868317951
13960,51.4566868317951
13961,51.4566868317951
13962,51.4566868317951
13963,51.4566868317951
13964,51.4566868317951
13965,51.4566868317951
13966,51.4566868317951
13967,51.4566868317951
13968,51.4566868317951
13969,51.4566868317951
13970,51.4566868317951
13971,51.4566868317951
13972,51.4566868317951
13973,51.4566868317951
13974,51.4566868317951
13975,51.4566868317951
13976,51.4566868317951
13977,51.4566868317951
13978,51.4566868317951
13979,51.4566868317951
13980,51.4566868317951
13981,51.4566868317951
13982,51.4566868317951
13983,51.4566868317951
13984,51.4566868317951
13985,51.4566868317951
13986,51.4566868317951
13987,51.4566868317951
13988,51.4566868317951
13989,51.4566868317951
13990,51.4566868317951
13991,51.4566868317951
13992,51.4566868317951
13993,51.4566868317951
13994,51.4566868317951
13995,51.4566868317951
13996,51.4566868317951
13997,51.4566868317951
13998,51.4566868317951
13999,51.4566868317951
14000,51.4566868317951
14001,51.4566868317951
14002,51.4566868317951
14003,51.4566868317951
14004,51.4566868317951
14005,51.4566868317951
14006,51.4566868317951
14007,51.4566868317951
14008,51.4566868317951
14009,51.4566868317951
14010,51.4566868317951
14011,51.4566868317951
14012,51.4566868317951
14013,51.4566868317951
14014,51.4566868317951
14015,51.4566868317951
14016,51.4566868317951
14017,51.4566868317951
14018,51.4566868317951
14019,51.4566868317951
14020,51.4566868317951
14021,51.4566868317951
14022,51.4566868317951
14023,51.4566868317951
14024,51.4566868317951
14025,51.4566868317951
14026,51.4566868317951
14027,51.4566868317951
14028,51.4566868317951
14029,51.4566868317951
14030,51.4566868317951
14031,51.4566868317951
14032,51.4566868317951
14033,51.4566868317951
14034,51.4566868317951
14035,51.4566868317951
14036,51.4566868317951
14037,51.4566868317951
14038,51.4566868317951
14039,51.4566868317951
14040,51.4566868317951
14041,51.4566868317951
14042,51.4566868317951
14043,51.4566868317951
14044,51.4566868317951
14045,51.4566868317951
14046,51.4566868317951
14047,51.4566868317951
14048,51.4566868317951
14049,51.4566868317951
14050,51.4566868317951
14051,51.4566868317951
14052,51.4566868317951
14053,51.4566868317951
14054,51.4566868317951
14055,51.4566868317951
14056,51.4566868317951
14057,51.4566868317951
14058,51.4566868317951
14059,51.4566868317951
14060,51.4566868317951
14061,51.4566868317951
14062,51.4566868317951
14063,51.4566868317951
14064,51.4566868317951
14065,51.4566868317951
14066,51.4566868317951
14067,51.4566868317951
14068,51.4566868317951
14069,51.4566868317951
14070,51.4566868317951
14071,51.4566868317951
14072,51.4566868317951
14073,51.4566868317951
14074,51.4566868317951
14075,51.4566868317951
14076,51.4566868317951
14077,51.4566868317951
14078,51.4566868317951
14079,51.4566868317951
14080,51.4566868317951
14081,51.4566868317951
14082,51.4566868317951
14083,51.4566868317951
14084,51.4566868317951
14085,51.4566868317951
14086,51.4566868317951
14087,51.4566868317951
14088,51.4566868317951
14089,51.4566868317951
14090,51.4566868317951
14091,51.4566868317951
14092,51.4566868317951
14093,51.4566868317951
14094,51.4566868317951
14095,51.4566868317951
14096,51.4566868317951
14097,51.4566868317951
14098,51.4566868317951
14099,51.4566868317951
14100,51.4566868317951
14101,51.4566868317951
14102,51.4566868317951
14103,51.4566868317951
14104,51.4566868317951
14105,51.4566868317951
14106,51.4566868317951
14107,51.4566868317951
14108,51.4566868317951
14109,51.4566868317951
14110,51.4566868317951
14111,51.4566868317951
14112,51.4566868317951
14113,51.4566868317951
14114,51.4566868317951
14115,51.4566868317951
14116,51.4566868317951
14117,51.4566868317951
14118,51.4566868317951
14119,51.4566868317951
14120,51.4566868317951
14121,51.4566868317951
14122,51.4566868317951
14123,51.4566868317951
14124,51.4566868317951
14125,51.4566868317951
14126,51.4566868317951
14127,51.4566868317951
14128,51.4566868317951
14129,51.4566868317951
14130,51.4566868317951
14131,51.4566868317951
14132,51.4566868317951
14133,51.4566868317951
14134,51.4566868317951
14135,51.4566868317951
14136,51.4566868317951
14137,51.4566868317951
14138,51.4566868317951
14139,51.4566868317951
14140,51.4566868317951
14141,51.4566868317951
14142,51.4566868317951
14143,51.4566868317951
14144,51.4566868317951
14145,51.4566868317951
14146,51.4566868317951
14147,51.4566868317951
14148,51.4566868317951
14149,51.4566868317951
14150,51.4566868317951
14151,51.4566868317951
14152,51.4566868317951
14153,51.4566868317951
14154,51.4566868317951
14155,51.4566868317951
14156,51.4566868317951
14157,51.4566868317951
14158,51.4566868317951
14159,51.4566868317951
14160,51.4566868317951
14161,51.4566868317951
14162,51.4566868317951
14163,51.4566868317951
14164,51.4566868317951
14165,51.4566868317951
14166,51.4566868317951
14167,51.4566868317951
14168,51.4566868317951
14169,51.4566868317951
14170,51.4566868317951
14171,51.4566868317951
14172,51.4566868317951
14173,51.4566868317951
14174,51.4566868317951
14175,51.4566868317951
14176,51.4566868317951
14177,51.4566868317951
14178,51.4566868317951
14179,51.4566868317951
14180,51.4566868317951
14181,51.4566868317951
14182,51.4566868317951
14183,51.4566868317951
14184,51.4566868317951
14185,51.4566868317951
14186,51.4566868317951
14187,51.4566868317951
14188,51.4566868317951
14189,51.4566868317951
14190,51.4566868317951
14191,51.4566868317951
14192,51.4566868317951
14193,51.4566868317951
14194,51.4566868317951
14195,51.4566868317951
14196,51.4566868317951
14197,51.4566868317951
14198,51.4566868317951
14199,51.4566868317951
14200,51.4566868317951
14201,51.4566868317951
14202,51.4566868317951
14203,51.4566868317951
14204,51.4566868317951
14205,51.4566868317951
14206,51.4566868317951
14207,51.4566868317951
14208,51.4566868317951
14209,51.4566868317951
14210,51.4566868317951
14211,51.4566868317951
14212,51.4566868317951
14213,51.4566868317951
14214,51.4566868317951
14215,51.4566868317951
14216,51.4566868317951
14217,51.4566868317951
14218,51.4566868317951
14219,51.4566868317951
14220,51.4566868317951
14221,51.4566868317951
14222,51.4566868317951
14223,51.4566868317951
14224,51.4566868317951
14225,51.4566868317951
14226,51.4566868317951
14227,51.4566868317951
14228,51.4566868317951
14229,51.4566868317951
14230,51.4566868317951
14231,51.4566868317951
14232,51.4566868317951
14233,51.4566868317951
14234,51.4566868317951
14235,51.4566868317951
14236,51.4566868317951
14237,51.4566868317951
14238,51.4566868317951
14239,51.4566868317951
14240,51.4566868317951
14241,51.4566868317951
14242,51.4566868317951
14243,51.4566868317951
14244,51.4566868317951
14245,51.4566868317951
14246,51.4566868317951
14247,51.4566868317951
14248,51.4566868317951
14249,51.4566868317951
14250,51.4566868317951
14251,51.4566868317951
14252,51.4566868317951
14253,51.4566868317951
14254,51.4566868317951
14255,51.4566868317951
14256,51.4566868317951
14257,51.4566868317951
14258,51.4566868317951
14259,51.4566868317951
14260,51.4566868317951
14261,51.4566868317951
14262,51.4566868317951
14263,51.4566868317951
14264,51.4566868317951
14265,51.4566868317951
14266,51.4566868317951
14267,51.4566868317951
14268,51.4566868317951
14269,51.4566868317951
14270,51.4566868317951
14271,51.4566868317951
14272,51.4566868317951
14273,51.4566868317951
14274,51.4566868317951
14275,51.4566868317951
14276,51.4566868317951
14277,51.4566868317951
14278,51.4566868317951
14279,51.4566868317951
14280,51.4566868317951
14281,51.4566868317951
14282,51.4566868317951
14283,51.4566868317951
14284,51.4566868317951
14285,51.4566868317951
14286,51.4566868317951
14287,51.4566868317951
14288,51.4566868317951
14289,51.4566868317951
14290,51.4566868317951
14291,51.4566868317951
14292,51.4566868317951
14293,51.4566868317951
14294,51.4566868317951
14295,51.4566868317951
14296,51.4566868317951
14297,51.4566868317951
14298,51.4566868317951
14299,51.4566868317951
14300,51.4566868317951
14301,51.4566868317951
14302,51.4566868317951
14303,51.4566868317951
14304,51.4566868317951
14305,51.4566868317951
14306,51.4566868317951
14307,51.4566868317951
14308,51.4566868317951
14309,51.4566868317951
14310,51.4566868317951
14311,51.4566868317951
14312,51.4566868317951
14313,51.4566868317951
14314,51.4566868317951
14315,51.4566868317951
14316,51.4566868317951
14317,51.4566868317951
14318,51.4566868317951
14319,51.4566868317951
14320,51.4566868317951
14321,51.4566868317951
14322,51.4566868317951
14323,51.4566868317951
14324,51.4566868317951
14325,51.4566868317951
14326,51.4566868317951
14327,51.4566868317951
14328,51.4566868317951
14329,51.4566868317951
14330,51.4566868317951
14331,51.4566868317951
14332,51.4566868317951
14333,51.4566868317951
14334,51.4566868317951
14335,51.4566868317951
14336,51.4566868317951
14337,51.4566868317951
14338,51.4566868317951
14339,51.4566868317951
14340,51.4566868317951
14341,51.4566868317951
14342,51.4566868317951
14343,51.4566868317951
14344,51.4566868317951
14345,51.4566868317951
14346,51.4566868317951
14347,51.4566868317951
14348,51.4566868317951
14349,51.4566868317951
14350,51.4566868317951
14351,51.4566868317951
14352,51.4566868317951
14353,51.4566868317951
14354,51.4566868317951
14355,51.4566868317951
14356,51.4566868317951
14357,51.4566868317951
14358,51.4566868317951
14359,51.4566868317951
14360,51.4566868317951
14361,51.4566868317951
