frame,pupil_norm
1,-22.111061725869114
2,-22.111061725869114
3,-22.111061725869114
4,-22.111061725869114
5,-22.111061725869114
6,-22.111061725869114
7,-22.111061725869114
8,-22.111061725869114
9,-22.111061725869114
10,-22.111061725869114
11,-22.111061725869114
12,-22.111061725869114
13,-22.111061725869114
14,-22.111061725869114
15,-22.111061725869114
16,-22.111061725869114
17,-22.111061725869114
18,-22.111061725869114
19,-22.111061725869114
20,-22.111061725869114
21,-22.111061725869114
22,-22.111061725869114
23,-22.111061725869114
24,-22.111061725869114
25,-22.111061725869114
26,-22.111061725869114
27,-22.111061725869114
28,-22.111061725869114
29,-22.111061725869114
30,-22.111061725869114
31,-22.111061725869114
32,-22.111061725869114
33,-22.111061725869114
34,-22.111061725869114
35,-22.111061725869114
36,-22.111061725869114
37,-22.111061725869114
38,-22.111061725869114
39,-22.111061725869114
40,-22.111061725869114
41,-22.111061725869114
42,-22.111061725869114
43,-22.111061725869114
44,-22.111061725869114
45,-22.111061725869114
46,-22.111061725869114
47,-22.111061725869114
48,-22.111061725869114
49,-22.111061725869114
50,-22.111061725869114
51,-22.111061725869114
52,-22.111061725869114
53,-22.111061725869114
54,-22.111061725869114
55,-22.111061725869114
56,-22.111061725869114
57,-22.111061725869114
58,-22.111061725869114
59,-22.111061725869114
60,-22.111061725869114
61,-22.111061725869114
62,-22.111061725869114
63,-22.111061725869114
64,-22.111061725869114
65,-22.111061725869114
66,-22.111061725869114
67,-22.111061725869114
68,-22.111061725869114
69,-22.111061725869114
70,-22.111061725869114
71,-22.111061725869114
72,-22.111061725869114
73,-22.111061725869114
74,-22.111061725869114
75,-22.111061725869114
76,-22.111061725869114
77,-22.111061725869114
78,-22.111061725869114
79,-22.111061725869114
80,-22.111061725869114
81,-22.111061725869114
82,-22.111061725869114
83,-22.111061725869114
84,-22.111061725869114
85,-22.111061725869114
86,-22.111061725869114
87,-22.111061725869114
88,-22.111061725869114
89,-22.111061725869114
90,-22.111061725869114
91,-22.111061725869114
92,-22.111061725869114
93,-22.111061725869114
94,-22.111061725869114
95,-22.111061725869114
96,-22.111061725869114
97,-22.111061725869114
98,-22.111061725869114
99,-22.111061725869114
100,-22.111061725869114
101,-22.111061725869114
102,-22.111061725869114
103,-22.111061725869114
104,-22.111061725869114
105,-22.111061725869114
106,-22.111061725869114
107,-22.111061725869114
108,-22.111061725869114
109,-22.111061725869114
110,-22.111061725869114
111,-22.111061725869114
112,-22.111061725869114
113,-22.111061725869114
114,-22.111061725869114
115,-22.111061725869114
116,-22.111061725869114
117,-22.111061725869114
118,-22.111061725869114
119,-22.111061725869114
120,-22.111061725869114
121,-22.111061725869114
122,-22.111061725869114
123,-22.111061725869114
124,-22.111061725869114
125,-22.111061725869114
126,-22.111061725869114
127,-22.111061725869114
128,-22.111061725869114
129,-22.111061725869114
130,-22.111061725869114
131,-22.111061725869114
132,-22.111061725869114
133,-22.111061725869114
134,-22.111061725869114
135,-22.111061725869114
136,-22.111061725869114
137,-22.111061725869114
138,-22.111061725869114
139,-22.111061725869114
140,-22.111061725869114
141,-22.111061725869114
142,-22.111061725869114
143,-22.111061725869114
144,-22.111061725869114
145,-22.111061725869114
146,-22.111061725869114
147,-22.111061725869114
148,-22.111061725869114
149,-22.111061725869114
150,-22.111061725869114
151,-22.111061725869114
152,-22.111061725869114
153,-22.111061725869114
154,-22.111061725869114
155,-22.111061725869114
156,-22.111061725869114
157,-22.111061725869114
158,-22.111061725869114
159,-22.111061725869114
160,-22.111061725869114
161,-22.111061725869114
162,-22.111061725869114
163,-22.111061725869114
164,-22.111061725869114
165,-22.111061725869114
166,-22.111061725869114
167,-22.111061725869114
168,-22.111061725869114
169,-22.111061725869114
170,-22.111061725869114
171,-22.111061725869114
172,-22.111061725869114
173,-22.111061725869114
174,-22.111061725869114
175,-22.111061725869114
176,-22.111061725869114
177,-22.111061725869114
178,-22.111061725869114
179,-22.111061725869114
180,-22.111061725869114
181,-22.111061725869114
182,-22.111061725869114
183,-22.111061725869114
184,-22.111061725869114
185,-22.111061725869114
186,-22.111061725869114
187,-22.111061725869114
188,-22.111061725869114
189,-22.111061725869114
190,-22.111061725869114
191,-22.111061725869114
192,-22.111061725869114
193,-22.111061725869114
194,-22.111061725869114
195,-22.111061725869114
196,-22.111061725869114
197,-22.111061725869114
198,-22.111061725869114
199,-22.111061725869114
200,-22.111061725869114
201,-22.111061725869114
202,-22.111061725869114
203,-22.111061725869114
204,-22.111061725869114
205,-22.111061725869114
206,-22.111061725869114
207,-22.111061725869114
208,-22.111061725869114
209,-22.111061725869114
210,-22.111061725869114
211,-22.111061725869114
212,-22.111061725869114
213,-22.111061725869114
214,-22.111061725869114
215,-22.111061725869114
216,-22.111061725869114
217,-22.111061725869114
218,-22.111061725869114
219,-22.111061725869114
220,-22.111061725869114
221,-22.111061725869114
222,-22.111061725869114
223,-22.111061725869114
224,-22.111061725869114
225,-22.111061725869114
226,-22.111061725869114
227,-22.111061725869114
228,-22.111061725869114
229,-22.111061725869114
230,-22.111061725869114
231,-22.111061725869114
232,-22.111061725869114
233,-22.111061725869114
234,-22.111061725869114
235,-22.111061725869114
236,-22.111061725869114
237,-22.111061725869114
238,-22.111061725869114
239,-22.111061725869114
240,-22.111061725869114
241,-22.111061725869114
242,-22.111061725869114
243,-22.111061725869114
244,-22.111061725869114
245,-22.111061725869114
246,-22.111061725869114
247,-22.111061725869114
248,-22.111061725869114
249,-22.111061725869114
250,-22.111061725869114
251,-22.111061725869114
252,-22.111061725869114
253,-22.111061725869114
254,-22.111061725869114
255,-22.111061725869114
256,-22.111061725869114
257,-22.111061725869114
258,-22.111061725869114
259,-22.111061725869114
260,-22.111061725869114
261,-22.111061725869114
262,-22.111061725869114
263,-22.111061725869114
264,-22.111061725869114
265,-22.111061725869114
266,-22.111061725869114
267,-22.111061725869114
268,-22.111061725869114
269,-22.111061725869114
270,-22.111061725869114
271,-22.111061725869114
272,-22.111061725869114
273,-22.111061725869114
274,-22.111061725869114
275,-22.111061725869114
276,-22.111061725869114
277,-22.111061725869114
278,-22.111061725869114
279,-22.111061725869114
280,-22.111061725869114
281,-22.111061725869114
282,-22.111061725869114
283,-22.111061725869114
284,-22.111061725869114
285,-22.111061725869114
286,-22.111061725869114
287,-22.111061725869114
288,-22.111061725869114
289,-22.111061725869114
290,-22.111061725869114
291,-22.111061725869114
292,-22.111061725869114
293,-22.111061725869114
294,-22.111061725869114
295,-22.111061725869114
296,-22.111061725869114
297,-22.111061725869114
298,-22.111061725869114
299,-22.111061725869114
300,-22.111061725869114
301,-22.111061725869114
302,-22.111061725869114
303,-22.111061725869114
304,-22.111061725869114
305,-22.111061725869114
306,-22.111061725869114
307,-22.111061725869114
308,-22.111061725869114
309,-22.111061725869114
310,-22.111061725869114
311,-22.111061725869114
312,-22.111061725869114
313,-22.111061725869114
314,-22.111061725869114
315,-22.111061725869114
316,-22.111061725869114
317,-22.111061725869114
318,-22.111061725869114
319,-22.111061725869114
320,-22.111061725869114
321,-22.111061725869114
322,-22.111061725869114
323,-22.111061725869114
324,-22.111061725869114
325,-22.111061725869114
326,-22.111061725869114
327,-22.111061725869114
328,-22.111061725869114
329,-22.111061725869114
330,-22.111061725869114
331,-22.111061725869114
332,-22.111061725869114
333,-22.111061725869114
334,-22.111061725869114
335,-22.111061725869114
336,-22.111061725869114
337,-22.111061725869114
338,-22.111061725869114
339,-22.111061725869114
340,-22.111061725869114
341,-22.111061725869114
342,-22.111061725869114
343,-22.111061725869114
344,-22.111061725869114
345,-22.111061725869114
346,-22.111061725869114
347,-22.111061725869114
348,-22.111061725869114
349,-22.111061725869114
350,-22.111061725869114
351,-22.111061725869114
352,-22.111061725869114
353,-22.111061725869114
354,-22.111061725869114
355,-22.111061725869114
356,-22.111061725869114
357,-22.111061725869114
358,-22.111061725869114
359,-22.111061725869114
360,-22.111061725869114
361,-22.111061725869114
362,-22.111061725869114
363,-22.111061725869114
364,-22.111061725869114
365,-22.111061725869114
366,-22.111061725869114
367,-22.111061725869114
368,-22.111061725869114
369,-22.111061725869114
370,-22.111061725869114
371,-22.111061725869114
372,-22.111061725869114
373,-22.111061725869114
374,-22.111061725869114
375,-22.111061725869114
376,-22.111061725869114
377,-22.111061725869114
378,-22.111061725869114
379,-22.111061725869114
380,-22.111061725869114
381,-22.111061725869114
382,-22.111061725869114
383,-22.111061725869114
384,-22.111061725869114
385,-22.111061725869114
386,-22.111061725869114
387,-22.111061725869114
388,-22.111061725869114
389,-22.111061725869114
390,-22.111061725869114
391,-22.111061725869114
392,-22.111061725869114
393,-22.111061725869114
394,-22.111061725869114
395,-22.111061725869114
396,-22.111061725869114
397,-22.111061725869114
398,-22.111061725869114
399,-22.111061725869114
400,-22.111061725869114
401,-22.111061725869114
402,-22.111061725869114
403,-22.111061725869114
404,-22.111061725869114
405,-22.111061725869114
406,-22.111061725869114
407,-22.111061725869114
408,-22.111061725869114
409,-22.111061725869114
410,-22.111061725869114
411,-22.111061725869114
412,-22.111061725869114
413,-22.111061725869114
414,-22.111061725869114
415,-22.111061725869114
416,-22.111061725869114
417,-22.111061725869114
418,-22.111061725869114
419,-22.111061725869114
420,-22.111061725869114
421,-22.111061725869114
422,-22.111061725869114
423,-22.111061725869114
424,-22.111061725869114
425,-22.111061725869114
426,-22.111061725869114
427,-22.111061725869114
428,-22.111061725869114
429,-22.111061725869114
430,-22.111061725869114
431,-22.111061725869114
432,-22.111061725869114
433,-22.111061725869114
434,-22.111061725869114
435,-22.111061725869114
436,-22.111061725869114
437,-22.111061725869114
438,-22.111061725869114
439,-22.111061725869114
440,-22.111061725869114
441,-22.111061725869114
442,-22.111061725869114
443,-22.111061725869114
444,-22.111061725869114
445,-22.111061725869114
446,-22.111061725869114
447,-22.111061725869114
448,-22.111061725869114
449,-22.111061725869114
450,-22.111061725869114
451,-22.111061725869114
452,-22.111061725869114
453,-22.111061725869114
454,-22.111061725869114
455,-22.111061725869114
456,-22.111061725869114
457,-22.111061725869114
458,-22.111061725869114
459,-22.111061725869114
460,-22.111061725869114
461,-22.111061725869114
462,-22.111061725869114
463,-22.111061725869114
464,-22.111061725869114
465,-22.111061725869114
466,-22.111061725869114
467,-22.111061725869114
468,-22.111061725869114
469,-22.111061725869114
470,-22.111061725869114
471,-22.111061725869114
472,-22.111061725869114
473,-22.111061725869114
474,-22.111061725869114
475,-22.111061725869114
476,-22.111061725869114
477,-22.111061725869114
478,-22.111061725869114
479,-22.111061725869114
480,-22.111061725869114
481,-22.111061725869114
482,-22.111061725869114
483,-22.111061725869114
484,-22.111061725869114
485,-22.111061725869114
486,-22.111061725869114
487,-22.111061725869114
488,-22.111061725869114
489,-22.111061725869114
490,-22.111061725869114
491,-22.111061725869114
492,-22.111061725869114
493,-22.111061725869114
494,-22.111061725869114
495,-22.111061725869114
496,-22.111061725869114
497,-22.111061725869114
498,-22.111061725869114
499,-22.111061725869114
500,-22.111061725869114
501,-22.111061725869114
502,-22.111061725869114
503,-22.111061725869114
504,-22.111061725869114
505,-22.111061725869114
506,-22.111061725869114
507,-22.111061725869114
508,-22.111061725869114
509,-22.111061725869114
510,-22.111061725869114
511,-22.111061725869114
512,-22.111061725869114
513,-22.111061725869114
514,-22.111061725869114
515,-22.111061725869114
516,-22.111061725869114
517,-22.111061725869114
518,-22.111061725869114
519,-22.111061725869114
520,-22.111061725869114
521,-22.111061725869114
522,-22.111061725869114
523,-22.111061725869114
524,-22.111061725869114
525,-22.111061725869114
526,-22.111061725869114
527,-22.111061725869114
528,-22.111061725869114
529,-22.111061725869114
530,-22.111061725869114
531,-22.111061725869114
532,-22.111061725869114
533,-22.111061725869114
534,-22.111061725869114
535,-22.111061725869114
536,-22.111061725869114
537,-22.111061725869114
538,-22.111061725869114
539,-22.111061725869114
540,-22.111061725869114
541,-22.111061725869114
542,-22.111061725869114
543,-22.111061725869114
544,-22.111061725869114
545,-22.111061725869114
546,-22.111061725869114
547,-22.111061725869114
548,-22.111061725869114
549,-22.111061725869114
550,-22.111061725869114
551,-22.111061725869114
552,-22.111061725869114
553,-22.111061725869114
554,-22.111061725869114
555,-22.111061725869114
556,-22.111061725869114
557,-22.111061725869114
558,-22.111061725869114
559,-22.111061725869114
560,-22.111061725869114
561,-22.111061725869114
562,-22.111061725869114
563,-22.111061725869114
564,-22.111061725869114
565,-22.111061725869114
566,-22.111061725869114
567,-22.111061725869114
568,-22.111061725869114
569,-22.111061725869114
570,-22.111061725869114
571,-22.111061725869114
572,-22.111061725869114
573,-22.111061725869114
574,-22.111061725869114
575,-22.111061725869114
576,-22.111061725869114
577,-22.111061725869114
578,-22.111061725869114
579,-22.111061725869114
580,-22.111061725869114
581,-22.111061725869114
582,-22.111061725869114
583,-22.111061725869114
584,-22.111061725869114
585,-22.111061725869114
586,-22.111061725869114
587,-22.111061725869114
588,-22.111061725869114
589,-22.111061725869114
590,-22.111061725869114
591,-22.111061725869114
592,-22.111061725869114
593,-22.111061725869114
594,-22.111061725869114
595,-22.111061725869114
596,-22.111061725869114
597,-22.111061725869114
598,-22.111061725869114
599,-22.111061725869114
600,-22.111061725869114
601,-22.111061725869114
602,-22.111061725869114
603,-22.111061725869114
604,-22.111061725869114
605,-22.111061725869114
606,-22.111061725869114
607,-22.111061725869114
608,-22.111061725869114
609,-22.111061725869114
610,-22.111061725869114
611,-22.111061725869114
612,-22.111061725869114
613,-22.111061725869114
614,-22.111061725869114
615,-22.111061725869114
616,-22.111061725869114
617,-22.111061725869114
618,-22.111061725869114
619,-22.111061725869114
620,-22.111061725869114
621,-22.111061725869114
622,-22.111061725869114
623,-22.111061725869114
624,-22.111061725869114
625,-22.111061725869114
626,-22.111061725869114
627,-22.111061725869114
628,-22.111061725869114
629,-22.111061725869114
630,-22.111061725869114
631,-22.111061725869114
632,-22.111061725869114
633,-22.111061725869114
634,-22.111061725869114
635,-22.111061725869114
636,-22.111061725869114
637,-22.111061725869114
638,-22.111061725869114
639,-22.111061725869114
640,-22.111061725869114
641,-22.111061725869114
642,-22.111061725869114
643,-22.111061725869114
644,-22.111061725869114
645,-22.111061725869114
646,-22.111061725869114
647,-22.111061725869114
648,-22.111061725869114
649,-22.111061725869114
650,-22.111061725869114
651,-22.111061725869114
652,-22.111061725869114
653,-22.111061725869114
654,-22.111061725869114
655,-22.111061725869114
656,-22.111061725869114
657,-22.111061725869114
658,-22.111061725869114
659,-22.111061725869114
660,-22.111061725869114
661,-22.111061725869114
662,-22.111061725869114
663,-22.111061725869114
664,-22.111061725869114
665,-22.111061725869114
666,-22.111061725869114
667,-22.111061725869114
668,-22.111061725869114
669,-22.111061725869114
670,-22.111061725869114
671,-22.111061725869114
672,-22.111061725869114
673,-22.111061725869114
674,-22.111061725869114
675,-22.111061725869114
676,-22.111061725869114
677,-22.111061725869114
678,-22.111061725869114
679,-22.111061725869114
680,-22.111061725869114
681,-22.111061725869114
682,-22.111061725869114
683,-22.111061725869114
684,-22.111061725869114
685,-22.111061725869114
686,-22.111061725869114
687,-22.111061725869114
688,-22.111061725869114
689,-22.111061725869114
690,-22.111061725869114
691,-22.111061725869114
692,-22.111061725869114
693,-22.111061725869114
694,-22.111061725869114
695,-22.111061725869114
696,-22.111061725869114
697,-22.111061725869114
698,-22.111061725869114
699,-22.111061725869114
700,-22.111061725869114
701,-22.111061725869114
702,-22.111061725869114
703,-22.111061725869114
704,-22.111061725869114
705,-22.111061725869114
706,-22.111061725869114
707,-22.111061725869114
708,-22.111061725869114
709,-22.111061725869114
710,-22.111061725869114
711,-22.111061725869114
712,-22.111061725869114
713,-22.111061725869114
714,-22.111061725869114
715,-22.111061725869114
716,-22.111061725869114
717,-22.111061725869114
718,-22.111061725869114
719,-22.111061725869114
720,-22.111061725869114
721,-22.111061725869114
722,-22.111061725869114
723,-22.111061725869114
724,-22.111061725869114
725,-22.111061725869114
726,-22.111061725869114
727,-22.111061725869114
728,-22.111061725869114
729,-22.111061725869114
730,-22.111061725869114
731,-22.111061725869114
732,-22.111061725869114
733,-22.111061725869114
734,-22.111061725869114
735,-22.111061725869114
736,-22.111061725869114
737,-22.111061725869114
738,-22.111061725869114
739,-22.111061725869114
740,-22.111061725869114
741,-22.111061725869114
742,-22.111061725869114
743,-22.111061725869114
744,-22.111061725869114
745,-22.111061725869114
746,-22.111061725869114
747,-22.111061725869114
748,-22.111061725869114
749,-22.111061725869114
750,-22.111061725869114
751,-22.111061725869114
752,-22.111061725869114
753,-22.111061725869114
754,-22.111061725869114
755,-22.111061725869114
756,-22.111061725869114
757,-22.111061725869114
758,-22.111061725869114
759,-22.111061725869114
760,-22.111061725869114
761,-22.111061725869114
762,-22.111061725869114
763,-22.111061725869114
764,-22.111061725869114
765,-22.111061725869114
766,-22.111061725869114
767,-22.111061725869114
768,-22.111061725869114
769,-22.111061725869114
770,-22.111061725869114
771,-22.111061725869114
772,-22.111061725869114
773,-22.111061725869114
774,-22.111061725869114
775,-22.111061725869114
776,-22.111061725869114
777,-22.111061725869114
778,-22.111061725869114
779,-22.111061725869114
780,-22.111061725869114
781,-22.111061725869114
782,-22.111061725869114
783,-22.111061725869114
784,-22.111061725869114
785,-22.111061725869114
786,-22.111061725869114
787,-22.111061725869114
788,-22.111061725869114
789,-22.111061725869114
790,-22.111061725869114
791,-22.111061725869114
792,-22.111061725869114
793,-22.111061725869114
794,-22.111061725869114
795,-22.111061725869114
796,-22.111061725869114
797,-22.111061725869114
798,-22.111061725869114
799,-22.111061725869114
800,-22.111061725869114
801,-22.111061725869114
802,-22.111061725869114
803,-22.111061725869114
804,-22.111061725869114
805,-22.111061725869114
806,-22.111061725869114
807,-22.111061725869114
808,-22.111061725869114
809,-22.111061725869114
810,-22.111061725869114
811,-22.111061725869114
812,-22.111061725869114
813,-22.111061725869114
814,-22.111061725869114
815,-22.111061725869114
816,-22.111061725869114
817,-22.111061725869114
818,-22.111061725869114
819,-22.111061725869114
820,-22.111061725869114
821,-22.111061725869114
822,-22.111061725869114
823,-22.111061725869114
824,-22.111061725869114
825,-22.111061725869114
826,-22.111061725869114
827,-22.111061725869114
828,-22.111061725869114
829,-22.111061725869114
830,-22.111061725869114
831,-22.111061725869114
832,-22.111061725869114
833,-22.111061725869114
834,-22.111061725869114
835,-22.111061725869114
836,-22.111061725869114
837,-22.111061725869114
838,-22.111061725869114
839,-22.111061725869114
840,-22.111061725869114
841,-22.111061725869114
842,-22.111061725869114
843,-22.111061725869114
844,-22.111061725869114
845,-22.111061725869114
846,-22.111061725869114
847,-22.111061725869114
848,-22.111061725869114
849,-22.111061725869114
850,-22.111061725869114
851,-22.111061725869114
852,-7.844845557490633
853,-7.844845557490633
854,-7.844845557490633
855,-7.844845557490633
856,-7.844845557490633
857,-7.844845557490633
858,-7.844845557490633
859,-7.844845557490633
860,-7.844845557490633
861,-7.844845557490633
862,-7.844845557490633
863,-7.844845557490633
864,-7.844845557490633
865,-7.844845557490633
866,-7.844845557490633
867,-7.844845557490633
868,-7.844845557490633
869,-7.844845557490633
870,-7.844845557490633
871,-7.844845557490633
872,-7.844845557490633
873,-7.844845557490633
874,-7.844845557490633
875,-7.844845557490633
876,-7.844845557490633
877,-7.844845557490633
878,-7.844845557490633
879,-7.844845557490633
880,-7.844845557490633
881,-7.844845557490633
882,-7.844845557490633
883,-7.844845557490633
884,-7.844845557490633
885,-7.844845557490633
886,-7.844845557490633
887,-7.844845557490633
888,-7.844845557490633
889,-7.844845557490633
890,-7.844845557490633
891,-7.844845557490633
892,-7.844845557490633
893,-7.844845557490633
894,-7.844845557490633
895,-7.844845557490633
896,-7.844845557490633
897,-7.844845557490633
898,-7.844845557490633
899,-7.844845557490633
900,-7.844845557490633
901,-7.844845557490633
902,-7.844845557490633
903,-7.844845557490633
904,-7.844845557490633
905,-7.844845557490633
906,-7.844845557490633
907,-7.844845557490633
908,-7.844845557490633
909,-7.844845557490633
910,-7.844845557490633
911,-7.844845557490633
912,-7.844845557490633
913,-7.844845557490633
914,-7.844845557490633
915,-7.844845557490633
916,-7.844845557490633
917,-7.844845557490633
918,-7.844845557490633
919,-7.844845557490633
920,-7.844845557490633
921,-7.844845557490633
922,-7.844845557490633
923,-7.844845557490633
924,-7.844845557490633
925,-7.844845557490633
926,-7.844845557490633
927,-7.844845557490633
928,-7.844845557490633
929,-7.844845557490633
930,-7.844845557490633
931,-7.844845557490633
932,-7.844845557490633
933,-7.844845557490633
934,-7.844845557490633
935,-7.844845557490633
936,-7.844845557490633
937,-7.844845557490633
938,-7.844845557490633
939,-7.844845557490633
940,-7.844845557490633
941,-7.844845557490633
942,-7.844845557490633
943,-7.844845557490633
944,-7.844845557490633
945,-7.844845557490633
946,-7.844845557490633
947,-7.844845557490633
948,-7.844845557490633
949,-7.844845557490633
950,-7.844845557490633
951,-7.844845557490633
952,-7.844845557490633
953,-7.844845557490633
954,-7.844845557490633
955,-7.844845557490633
956,-7.844845557490633
957,-7.844845557490633
958,-7.844845557490633
959,-7.844845557490633
960,-7.844845557490633
961,-7.844845557490633
962,-7.844845557490633
963,-7.844845557490633
964,-7.844845557490633
965,-7.844845557490633
966,-7.844845557490633
967,-7.844845557490633
968,-7.844845557490633
969,-7.844845557490633
970,-7.844845557490633
971,-7.844845557490633
972,-7.844845557490633
973,-7.844845557490633
974,-7.844845557490633
975,-7.844845557490633
976,-7.844845557490633
977,-7.844845557490633
978,-7.844845557490633
979,-7.844845557490633
980,-7.844845557490633
981,-7.844845557490633
982,-7.844845557490633
983,-7.844845557490633
984,-7.844845557490633
985,-7.844845557490633
986,-7.844845557490633
987,-7.844845557490633
988,-7.844845557490633
989,-7.844845557490633
990,-7.844845557490633
991,-7.844845557490633
992,-7.844845557490633
993,-7.844845557490633
994,-7.844845557490633
995,-7.844845557490633
996,-7.844845557490633
997,-7.844845557490633
998,-7.844845557490633
999,-7.844845557490633
1000,-7.844845557490633
1001,-7.844845557490633
1002,-7.844845557490633
1003,-7.844845557490633
1004,-7.844845557490633
1005,-7.844845557490633
1006,-7.844845557490633
1007,-7.844845557490633
1008,-7.844845557490633
1009,-7.844845557490633
1010,-7.844845557490633
1011,-7.844845557490633
1012,-7.844845557490633
1013,-7.844845557490633
1014,-7.844845557490633
1015,-7.844845557490633
1016,-7.844845557490633
1017,-7.844845557490633
1018,-7.844845557490633
1019,-7.844845557490633
1020,-7.844845557490633
1021,-7.844845557490633
1022,-7.844845557490633
1023,-7.844845557490633
1024,-7.844845557490633
1025,-7.844845557490633
1026,-7.844845557490633
1027,-7.844845557490633
1028,-7.844845557490633
1029,-7.844845557490633
1030,-7.844845557490633
1031,-7.844845557490633
1032,-7.844845557490633
1033,-7.844845557490633
1034,-7.844845557490633
1035,-7.844845557490633
1036,-7.844845557490633
1037,-7.844845557490633
1038,-7.844845557490633
1039,-7.844845557490633
1040,-7.844845557490633
1041,-7.844845557490633
1042,-7.844845557490633
1043,-7.844845557490633
1044,-7.844845557490633
1045,-7.844845557490633
1046,-7.844845557490633
1047,-7.844845557490633
1048,-7.844845557490633
1049,-7.844845557490633
1050,-7.844845557490633
1051,-7.844845557490633
1052,-7.844845557490633
1053,-7.844845557490633
1054,-7.844845557490633
1055,-7.844845557490633
1056,-7.844845557490633
1057,-7.844845557490633
1058,-7.844845557490633
1059,-7.844845557490633
1060,-7.844845557490633
1061,-7.844845557490633
1062,-7.844845557490633
1063,-7.844845557490633
1064,-7.844845557490633
1065,-7.844845557490633
1066,-7.844845557490633
1067,-7.844845557490633
1068,-7.844845557490633
1069,-7.844845557490633
1070,-7.844845557490633
1071,-7.844845557490633
1072,-7.844845557490633
1073,-7.844845557490633
1074,-7.844845557490633
1075,-7.844845557490633
1076,-7.844845557490633
1077,-7.844845557490633
1078,-7.844845557490633
1079,-7.844845557490633
1080,-7.844845557490633
1081,-7.844845557490633
1082,-7.844845557490633
1083,-7.844845557490633
1084,-7.844845557490633
1085,-7.844845557490633
1086,-7.844845557490633
1087,-7.844845557490633
1088,-7.844845557490633
1089,-7.844845557490633
1090,-7.844845557490633
1091,-7.844845557490633
1092,-7.844845557490633
1093,-7.844845557490633
1094,-7.844845557490633
1095,-7.844845557490633
1096,-7.844845557490633
1097,-7.844845557490633
1098,-7.844845557490633
1099,-7.844845557490633
1100,-7.844845557490633
1101,-7.844845557490633
1102,-7.844845557490633
1103,-7.844845557490633
1104,-7.844845557490633
1105,-7.844845557490633
1106,-7.844845557490633
1107,-7.844845557490633
1108,-7.844845557490633
1109,-7.844845557490633
1110,-7.844845557490633
1111,-7.844845557490633
1112,-7.844845557490633
1113,-7.844845557490633
1114,-7.844845557490633
1115,-7.844845557490633
1116,-7.844845557490633
1117,-7.844845557490633
1118,-7.844845557490633
1119,-7.844845557490633
1120,-7.844845557490633
1121,-7.844845557490633
1122,-7.844845557490633
1123,-7.844845557490633
1124,-7.844845557490633
1125,-7.844845557490633
1126,-7.844845557490633
1127,-7.844845557490633
1128,-7.844845557490633
1129,-7.844845557490633
1130,-7.844845557490633
1131,-7.844845557490633
1132,-7.844845557490633
1133,-7.844845557490633
1134,-7.844845557490633
1135,-7.844845557490633
1136,-7.844845557490633
1137,-7.844845557490633
1138,-7.844845557490633
1139,-7.844845557490633
1140,-7.844845557490633
1141,-7.844845557490633
1142,-7.844845557490633
1143,-7.844845557490633
1144,-7.844845557490633
1145,-7.844845557490633
1146,-7.844845557490633
1147,-7.844845557490633
1148,-7.844845557490633
1149,-7.844845557490633
1150,-7.844845557490633
1151,-7.844845557490633
1152,-7.844845557490633
1153,-7.844845557490633
1154,-7.844845557490633
1155,-7.844845557490633
1156,-7.844845557490633
1157,-7.844845557490633
1158,-7.844845557490633
1159,-7.844845557490633
1160,-7.844845557490633
1161,-7.844845557490633
1162,-7.844845557490633
1163,-7.844845557490633
1164,-7.844845557490633
1165,-7.844845557490633
1166,-7.844845557490633
1167,-7.844845557490633
1168,-7.844845557490633
1169,-7.844845557490633
1170,-7.844845557490633
1171,-7.844845557490633
1172,-7.844845557490633
1173,-7.844845557490633
1174,-7.844845557490633
1175,-7.844845557490633
1176,-7.844845557490633
1177,-7.844845557490633
1178,-7.844845557490633
1179,-7.844845557490633
1180,-7.844845557490633
1181,-7.844845557490633
1182,-7.844845557490633
1183,-7.844845557490633
1184,-7.844845557490633
1185,-7.844845557490633
1186,-7.844845557490633
1187,-7.844845557490633
1188,-7.844845557490633
1189,-7.844845557490633
1190,-7.844845557490633
1191,-7.844845557490633
1192,-7.844845557490633
1193,-7.844845557490633
1194,-7.844845557490633
1195,-7.844845557490633
1196,-7.844845557490633
1197,-7.844845557490633
1198,-7.844845557490633
1199,-7.844845557490633
1200,-7.844845557490633
1201,-7.844845557490633
1202,-7.844845557490633
1203,-7.844845557490633
1204,-7.844845557490633
1205,-7.844845557490633
1206,-7.844845557490633
1207,-7.844845557490633
1208,-7.844845557490633
1209,-7.844845557490633
1210,-7.844845557490633
1211,-7.844845557490633
1212,-7.844845557490633
1213,-7.844845557490633
1214,-7.844845557490633
1215,-7.844845557490633
1216,-7.844845557490633
1217,-7.844845557490633
1218,-7.844845557490633
1219,-7.844845557490633
1220,-7.844845557490633
1221,-7.844845557490633
1222,-7.844845557490633
1223,-7.844845557490633
1224,-7.844845557490633
1225,-7.844845557490633
1226,-7.844845557490633
1227,-7.844845557490633
1228,-7.844845557490633
1229,-7.844845557490633
1230,-7.844845557490633
1231,-7.844845557490633
1232,-7.844845557490633
1233,-7.844845557490633
1234,-7.844845557490633
1235,-7.844845557490633
1236,-7.844845557490633
1237,-7.844845557490633
1238,-7.844845557490633
1239,-7.844845557490633
1240,-7.844845557490633
1241,-7.844845557490633
1242,-7.844845557490633
1243,-7.844845557490633
1244,-7.844845557490633
1245,-7.844845557490633
1246,-7.844845557490633
1247,-7.844845557490633
1248,-7.844845557490633
1249,-7.844845557490633
1250,-7.844845557490633
1251,-7.844845557490633
1252,-7.844845557490633
1253,-7.844845557490633
1254,-7.844845557490633
1255,-7.844845557490633
1256,-7.844845557490633
1257,-7.844845557490633
1258,-7.844845557490633
1259,-7.844845557490633
1260,-7.844845557490633
1261,-7.844845557490633
1262,-7.844845557490633
1263,-7.844845557490633
1264,-7.844845557490633
1265,-7.844845557490633
1266,-7.844845557490633
1267,-7.844845557490633
1268,-7.844845557490633
1269,-7.844845557490633
1270,-7.844845557490633
1271,-7.844845557490633
1272,-7.844845557490633
1273,-7.844845557490633
1274,-7.844845557490633
1275,-7.844845557490633
1276,-7.844845557490633
1277,-7.844845557490633
1278,-7.844845557490633
1279,-7.844845557490633
1280,-7.844845557490633
1281,-7.844845557490633
1282,-7.844845557490633
1283,-7.844845557490633
1284,-7.844845557490633
1285,-7.844845557490633
1286,-7.844845557490633
1287,-7.844845557490633
1288,-7.844845557490633
1289,-7.844845557490633
1290,-7.844845557490633
1291,-7.844845557490633
1292,-7.844845557490633
1293,-7.844845557490633
1294,-7.844845557490633
1295,-7.844845557490633
1296,-7.844845557490633
1297,-7.844845557490633
1298,-7.844845557490633
1299,-7.844845557490633
1300,-7.844845557490633
1301,-7.844845557490633
1302,-7.844845557490633
1303,-7.844845557490633
1304,-7.844845557490633
1305,-7.844845557490633
1306,-7.844845557490633
1307,-7.844845557490633
1308,-7.844845557490633
1309,-7.844845557490633
1310,-7.844845557490633
1311,-7.844845557490633
1312,-7.844845557490633
1313,-7.844845557490633
1314,-7.844845557490633
1315,-7.844845557490633
1316,-7.844845557490633
1317,-7.844845557490633
1318,-7.844845557490633
1319,-7.844845557490633
1320,-7.844845557490633
1321,-7.844845557490633
1322,-7.844845557490633
1323,-7.844845557490633
1324,-7.844845557490633
1325,-7.844845557490633
1326,-7.844845557490633
1327,-7.844845557490633
1328,-7.844845557490633
1329,-7.844845557490633
1330,-7.844845557490633
1331,-7.844845557490633
1332,-7.844845557490633
1333,-7.844845557490633
1334,-7.844845557490633
1335,-7.844845557490633
1336,-7.844845557490633
1337,-7.844845557490633
1338,-7.844845557490633
1339,-7.844845557490633
1340,-7.844845557490633
1341,-7.844845557490633
1342,-7.844845557490633
1343,-7.844845557490633
1344,-7.844845557490633
1345,-7.844845557490633
1346,-7.844845557490633
1347,-7.844845557490633
1348,-7.844845557490633
1349,-7.844845557490633
1350,-7.844845557490633
1351,-7.844845557490633
1352,-7.844845557490633
1353,-7.844845557490633
1354,-7.844845557490633
1355,-7.844845557490633
1356,-7.844845557490633
1357,-7.844845557490633
1358,-7.844845557490633
1359,-7.844845557490633
1360,-7.844845557490633
1361,-7.844845557490633
1362,-7.844845557490633
1363,-7.844845557490633
1364,-7.844845557490633
1365,-7.844845557490633
1366,-7.844845557490633
1367,-7.844845557490633
1368,-7.844845557490633
1369,-7.844845557490633
1370,-7.844845557490633
1371,-7.844845557490633
1372,-7.844845557490633
1373,-7.844845557490633
1374,-7.844845557490633
1375,-7.844845557490633
1376,-7.844845557490633
1377,-7.844845557490633
1378,-7.844845557490633
1379,-7.844845557490633
1380,-7.844845557490633
1381,-7.844845557490633
1382,-7.844845557490633
1383,-7.844845557490633
1384,-7.844845557490633
1385,-7.844845557490633
1386,-7.844845557490633
1387,-7.844845557490633
1388,-7.844845557490633
1389,-7.844845557490633
1390,-7.844845557490633
1391,-7.844845557490633
1392,-7.844845557490633
1393,-7.844845557490633
1394,-7.844845557490633
1395,-7.844845557490633
1396,-7.844845557490633
1397,-7.844845557490633
1398,-7.844845557490633
1399,-7.844845557490633
1400,-7.844845557490633
1401,-7.844845557490633
1402,-7.844845557490633
1403,-7.844845557490633
1404,-7.844845557490633
1405,-7.844845557490633
1406,-7.844845557490633
1407,-7.844845557490633
1408,-7.844845557490633
1409,-7.844845557490633
1410,-7.844845557490633
1411,-7.844845557490633
1412,-7.844845557490633
1413,-7.844845557490633
1414,-7.844845557490633
1415,-7.844845557490633
1416,-7.844845557490633
1417,-7.844845557490633
1418,-7.844845557490633
1419,-7.844845557490633
1420,-7.844845557490633
1421,-7.844845557490633
1422,-7.844845557490633
1423,-7.844845557490633
1424,-7.844845557490633
1425,-7.844845557490633
1426,-7.844845557490633
1427,-7.844845557490633
1428,-7.844845557490633
1429,-7.844845557490633
1430,-7.844845557490633
1431,-7.844845557490633
1432,-7.844845557490633
1433,-7.844845557490633
1434,-7.844845557490633
1435,-7.844845557490633
1436,-7.844845557490633
1437,-7.844845557490633
1438,-7.844845557490633
1439,-7.844845557490633
1440,-7.844845557490633
1441,-7.844845557490633
1442,-7.844845557490633
1443,-7.844845557490633
1444,-7.844845557490633
1445,-7.844845557490633
1446,-7.844845557490633
1447,-7.844845557490633
1448,-7.844845557490633
1449,-7.844845557490633
1450,-7.844845557490633
1451,-7.844845557490633
1452,-7.844845557490633
1453,-7.844845557490633
1454,-7.844845557490633
1455,-7.844845557490633
1456,-7.844845557490633
1457,-7.844845557490633
1458,-7.844845557490633
1459,-7.844845557490633
1460,-7.844845557490633
1461,-7.844845557490633
1462,-7.844845557490633
1463,-7.844845557490633
1464,-7.844845557490633
1465,-7.844845557490633
1466,-7.844845557490633
1467,-7.844845557490633
1468,-7.844845557490633
1469,-7.844845557490633
1470,-7.844845557490633
1471,-7.844845557490633
1472,-7.844845557490633
1473,-7.844845557490633
1474,-7.844845557490633
1475,-7.844845557490633
1476,-7.844845557490633
1477,-7.844845557490633
1478,-7.844845557490633
1479,-7.844845557490633
1480,-7.844845557490633
1481,-7.844845557490633
1482,-7.844845557490633
1483,-7.844845557490633
1484,-7.844845557490633
1485,-7.844845557490633
1486,-7.844845557490633
1487,-7.844845557490633
1488,-7.844845557490633
1489,-7.844845557490633
1490,-7.844845557490633
1491,-7.844845557490633
1492,-7.844845557490633
1493,-7.844845557490633
1494,-7.844845557490633
1495,-7.844845557490633
1496,-7.844845557490633
1497,-7.844845557490633
1498,-7.844845557490633
1499,-7.844845557490633
1500,-7.844845557490633
1501,-7.844845557490633
1502,-7.844845557490633
1503,-7.844845557490633
1504,-7.844845557490633
1505,-7.844845557490633
1506,-7.844845557490633
1507,-7.844845557490633
1508,-7.844845557490633
1509,-7.844845557490633
1510,-7.844845557490633
1511,-7.844845557490633
1512,-7.844845557490633
1513,-7.844845557490633
1514,-7.844845557490633
1515,-7.844845557490633
1516,-7.844845557490633
1517,-7.844845557490633
1518,-7.844845557490633
1519,-7.844845557490633
1520,-7.844845557490633
1521,-7.844845557490633
1522,-7.844845557490633
1523,-7.844845557490633
1524,-7.844845557490633
1525,-7.844845557490633
1526,-7.844845557490633
1527,-7.844845557490633
1528,-7.844845557490633
1529,-7.844845557490633
1530,-7.844845557490633
1531,-7.844845557490633
1532,-7.844845557490633
1533,-7.844845557490633
1534,-7.844845557490633
1535,-7.844845557490633
1536,-7.844845557490633
1537,-7.844845557490633
1538,-7.844845557490633
1539,-7.844845557490633
1540,-7.844845557490633
1541,-7.844845557490633
1542,-7.844845557490633
1543,-7.844845557490633
1544,-7.844845557490633
1545,-7.844845557490633
1546,-7.844845557490633
1547,-7.844845557490633
1548,-7.844845557490633
1549,-7.844845557490633
1550,-7.844845557490633
1551,-7.844845557490633
1552,-7.844845557490633
1553,-7.844845557490633
1554,-7.844845557490633
1555,-7.844845557490633
1556,-7.844845557490633
1557,-7.844845557490633
1558,-7.844845557490633
1559,-7.844845557490633
1560,-7.844845557490633
1561,-7.844845557490633
1562,-7.844845557490633
1563,-7.844845557490633
1564,-7.844845557490633
1565,-7.844845557490633
1566,-7.844845557490633
1567,-7.844845557490633
1568,-7.844845557490633
1569,-7.844845557490633
1570,-7.844845557490633
1571,-7.844845557490633
1572,-7.844845557490633
1573,-7.844845557490633
1574,-7.844845557490633
1575,-7.844845557490633
1576,-7.844845557490633
1577,-7.844845557490633
1578,-7.844845557490633
1579,-7.844845557490633
1580,-7.844845557490633
1581,-7.844845557490633
1582,-7.844845557490633
1583,-7.844845557490633
1584,-7.844845557490633
1585,-7.844845557490633
1586,-7.844845557490633
1587,-7.844845557490633
1588,-7.844845557490633
1589,-7.844845557490633
1590,-7.844845557490633
1591,-7.844845557490633
1592,-7.844845557490633
1593,-7.844845557490633
1594,-7.844845557490633
1595,-7.844845557490633
1596,-7.844845557490633
1597,-7.844845557490633
1598,-7.844845557490633
1599,-7.844845557490633
1600,-7.844845557490633
1601,-7.844845557490633
1602,-7.844845557490633
1603,-7.844845557490633
1604,-7.844845557490633
1605,-7.844845557490633
1606,-7.844845557490633
1607,-7.844845557490633
1608,-7.844845557490633
1609,-7.844845557490633
1610,-7.844845557490633
1611,-7.844845557490633
1612,-7.844845557490633
1613,-7.844845557490633
1614,-7.844845557490633
1615,-7.844845557490633
1616,-7.844845557490633
1617,-7.844845557490633
1618,-7.844845557490633
1619,-7.844845557490633
1620,-7.844845557490633
1621,-7.844845557490633
1622,-7.844845557490633
1623,-7.844845557490633
1624,-7.844845557490633
1625,-7.844845557490633
1626,-7.844845557490633
1627,-7.844845557490633
1628,-7.844845557490633
1629,-7.844845557490633
1630,-7.844845557490633
1631,-7.844845557490633
1632,-7.844845557490633
1633,-7.844845557490633
1634,-7.844845557490633
1635,-7.844845557490633
1636,-7.844845557490633
1637,-7.844845557490633
1638,-7.844845557490633
1639,-7.844845557490633
1640,-7.844845557490633
1641,-7.844845557490633
1642,-7.844845557490633
1643,-7.844845557490633
1644,-7.844845557490633
1645,-7.844845557490633
1646,-7.844845557490633
1647,-7.844845557490633
1648,-7.844845557490633
1649,-7.844845557490633
1650,-7.844845557490633
1651,-7.844845557490633
1652,-7.844845557490633
1653,-7.844845557490633
1654,-7.844845557490633
1655,-7.844845557490633
1656,-7.844845557490633
1657,-7.844845557490633
1658,-7.844845557490633
1659,-7.844845557490633
1660,-7.844845557490633
1661,-7.844845557490633
1662,-7.844845557490633
1663,-7.844845557490633
1664,-7.844845557490633
1665,-7.844845557490633
1666,-7.844845557490633
1667,-7.844845557490633
1668,-7.844845557490633
1669,-7.844845557490633
1670,-7.844845557490633
1671,-7.844845557490633
1672,-7.844845557490633
1673,-7.844845557490633
1674,-7.844845557490633
1675,-7.844845557490633
1676,-7.844845557490633
1677,-7.844845557490633
1678,-7.844845557490633
1679,-7.844845557490633
1680,-7.844845557490633
1681,-7.844845557490633
1682,-7.844845557490633
1683,-7.844845557490633
1684,-7.844845557490633
1685,-7.844845557490633
1686,-7.844845557490633
1687,-7.844845557490633
1688,-7.844845557490633
1689,-7.844845557490633
1690,-7.844845557490633
1691,-7.844845557490633
1692,-7.844845557490633
1693,-7.844845557490633
1694,-7.844845557490633
1695,-7.844845557490633
1696,-7.844845557490633
1697,-7.844845557490633
1698,-7.844845557490633
1699,-7.844845557490633
1700,-7.844845557490633
1701,-7.844845557490633
1702,-7.844845557490633
1703,-7.844845557490633
1704,-7.844845557490633
1705,-7.844845557490633
1706,-7.844845557490633
1707,-7.844845557490633
1708,-7.844845557490633
1709,-7.844845557490633
1710,-7.844845557490633
1711,-7.844845557490633
1712,-7.844845557490633
1713,-7.844845557490633
1714,-7.844845557490633
1715,-7.844845557490633
1716,-7.844845557490633
1717,-7.844845557490633
1718,-7.844845557490633
1719,-7.844845557490633
1720,-7.844845557490633
1721,-7.844845557490633
1722,-7.844845557490633
1723,-7.844845557490633
1724,-7.844845557490633
1725,-7.844845557490633
1726,-7.844845557490633
1727,-7.844845557490633
1728,-7.844845557490633
1729,-7.844845557490633
1730,-7.844845557490633
1731,-7.844845557490633
1732,-7.844845557490633
1733,-7.844845557490633
1734,-7.844845557490633
1735,-7.844845557490633
1736,-7.844845557490633
1737,-7.844845557490633
1738,-7.844845557490633
1739,-7.844845557490633
1740,-7.844845557490633
1741,-7.844845557490633
1742,-7.844845557490633
1743,-7.844845557490633
1744,-7.844845557490633
1745,-7.844845557490633
1746,-7.844845557490633
1747,-7.844845557490633
1748,-7.844845557490633
1749,-7.844845557490633
1750,-7.844845557490633
1751,-7.844845557490633
1752,-7.844845557490633
1753,-7.844845557490633
1754,-7.844845557490633
1755,-7.844845557490633
1756,-7.844845557490633
1757,-7.844845557490633
1758,-7.844845557490633
1759,-7.844845557490633
1760,-7.844845557490633
1761,-7.844845557490633
1762,-7.844845557490633
1763,-7.844845557490633
1764,-7.844845557490633
1765,-7.844845557490633
1766,-7.844845557490633
1767,-7.844845557490633
1768,-7.844845557490633
1769,-7.844845557490633
1770,-7.844845557490633
1771,-7.844845557490633
1772,-7.844845557490633
1773,-7.844845557490633
1774,-7.844845557490633
1775,-7.844845557490633
1776,-7.844845557490633
1777,-7.844845557490633
1778,-7.844845557490633
1779,-7.844845557490633
1780,-7.844845557490633
1781,-7.844845557490633
1782,-7.844845557490633
1783,-7.844845557490633
1784,-7.844845557490633
1785,-7.844845557490633
1786,-7.844845557490633
1787,-7.844845557490633
1788,-7.844845557490633
1789,-7.844845557490633
1790,-7.844845557490633
1791,-7.844845557490633
1792,-7.844845557490633
1793,-7.844845557490633
1794,-7.844845557490633
1795,-7.844845557490633
1796,-7.844845557490633
1797,-7.844845557490633
1798,-7.844845557490633
1799,-7.844845557490633
1800,-7.844845557490633
1801,-7.844845557490633
1802,-7.844845557490633
1803,-7.844845557490633
1804,-7.844845557490633
1805,-7.844845557490633
1806,-7.844845557490633
1807,-7.844845557490633
1808,-7.844845557490633
1809,-7.844845557490633
1810,-7.844845557490633
1811,-7.844845557490633
1812,-7.844845557490633
1813,-7.844845557490633
1814,-7.844845557490633
1815,-7.844845557490633
1816,-7.844845557490633
1817,-7.844845557490633
1818,-7.844845557490633
1819,-7.844845557490633
1820,-7.844845557490633
1821,-7.844845557490633
1822,-7.844845557490633
1823,-7.844845557490633
1824,-7.844845557490633
1825,-7.844845557490633
1826,-7.844845557490633
1827,-7.844845557490633
1828,-7.844845557490633
1829,-7.844845557490633
1830,-7.844845557490633
1831,-7.844845557490633
1832,-7.844845557490633
1833,-7.844845557490633
1834,-7.844845557490633
1835,-7.844845557490633
1836,-7.844845557490633
1837,-7.844845557490633
1838,-7.844845557490633
1839,-7.844845557490633
1840,-7.844845557490633
1841,-7.844845557490633
1842,-7.844845557490633
1843,-7.844845557490633
1844,-7.844845557490633
1845,-7.844845557490633
1846,-7.844845557490633
1847,-7.844845557490633
1848,-7.844845557490633
1849,-7.844845557490633
1850,-7.844845557490633
1851,-7.844845557490633
1852,-7.844845557490633
1853,-7.844845557490633
1854,-7.844845557490633
1855,-7.844845557490633
1856,-7.844845557490633
1857,-7.844845557490633
1858,-7.844845557490633
1859,-7.844845557490633
1860,-7.844845557490633
1861,-7.844845557490633
1862,-7.844845557490633
1863,-7.844845557490633
1864,-7.844845557490633
1865,-7.844845557490633
1866,-7.844845557490633
1867,-7.844845557490633
1868,-7.844845557490633
1869,-7.844845557490633
1870,-7.844845557490633
1871,-7.844845557490633
1872,-7.844845557490633
1873,-7.844845557490633
1874,-7.844845557490633
1875,-7.844845557490633
1876,-7.844845557490633
1877,-7.844845557490633
1878,-7.844845557490633
1879,-7.844845557490633
1880,-7.844845557490633
1881,-7.844845557490633
1882,-7.844845557490633
1883,-7.844845557490633
1884,-7.844845557490633
1885,-7.844845557490633
1886,-7.844845557490633
1887,-7.844845557490633
1888,-7.844845557490633
1889,-7.844845557490633
1890,-7.844845557490633
1891,-7.844845557490633
1892,-7.844845557490633
1893,-7.844845557490633
1894,-7.844845557490633
1895,-7.844845557490633
1896,-7.844845557490633
1897,-7.844845557490633
1898,-7.844845557490633
1899,-7.844845557490633
1900,-7.844845557490633
1901,-7.844845557490633
1902,-7.844845557490633
1903,-7.844845557490633
1904,-7.844845557490633
1905,-7.844845557490633
1906,-7.844845557490633
1907,-7.844845557490633
1908,-7.844845557490633
1909,-7.844845557490633
1910,-7.844845557490633
1911,-7.844845557490633
1912,-7.844845557490633
1913,-7.844845557490633
1914,-7.844845557490633
1915,-7.844845557490633
1916,-7.844845557490633
1917,-7.844845557490633
1918,-7.844845557490633
1919,-7.844845557490633
1920,-7.844845557490633
1921,-7.844845557490633
1922,-7.844845557490633
1923,-7.844845557490633
1924,-7.844845557490633
1925,-7.844845557490633
1926,-7.844845557490633
1927,-7.844845557490633
1928,-7.844845557490633
1929,-7.844845557490633
1930,-7.844845557490633
1931,-7.844845557490633
1932,-7.844845557490633
1933,-7.844845557490633
1934,-7.844845557490633
1935,-7.844845557490633
1936,-7.844845557490633
1937,-7.844845557490633
1938,-7.844845557490633
1939,-7.844845557490633
1940,-7.844845557490633
1941,-7.844845557490633
1942,-7.844845557490633
1943,-7.844845557490633
1944,-7.844845557490633
1945,-7.844845557490633
1946,-7.844845557490633
1947,-7.844845557490633
1948,-7.844845557490633
1949,-7.844845557490633
1950,-7.844845557490633
1951,-7.844845557490633
1952,-7.844845557490633
1953,-7.844845557490633
1954,-7.844845557490633
1955,-7.844845557490633
1956,-7.844845557490633
1957,-7.844845557490633
1958,-7.844845557490633
1959,-7.844845557490633
1960,-7.844845557490633
1961,-7.844845557490633
1962,-7.844845557490633
1963,-7.844845557490633
1964,-7.844845557490633
1965,-7.844845557490633
1966,-7.844845557490633
1967,-7.844845557490633
1968,-7.844845557490633
1969,-7.844845557490633
1970,-7.844845557490633
1971,-7.844845557490633
1972,-7.844845557490633
1973,-7.844845557490633
1974,-7.844845557490633
1975,-7.844845557490633
1976,-7.844845557490633
1977,-7.844845557490633
1978,-7.844845557490633
1979,-7.844845557490633
1980,-7.844845557490633
1981,-7.844845557490633
1982,-7.844845557490633
1983,-7.844845557490633
1984,-7.844845557490633
1985,-7.844845557490633
1986,-7.844845557490633
1987,-7.844845557490633
1988,-7.844845557490633
1989,-7.844845557490633
1990,-7.844845557490633
1991,-7.844845557490633
1992,-7.844845557490633
1993,-7.844845557490633
1994,-7.844845557490633
1995,-7.844845557490633
1996,-7.844845557490633
1997,-7.844845557490633
1998,-7.844845557490633
1999,-7.844845557490633
2000,-7.844845557490633
2001,-7.844845557490633
2002,-7.844845557490633
2003,-7.844845557490633
2004,-7.844845557490633
2005,-7.844845557490633
2006,-7.844845557490633
2007,-7.844845557490633
2008,-7.844845557490633
2009,-7.844845557490633
2010,-7.844845557490633
2011,-7.844845557490633
2012,-7.844845557490633
2013,-7.844845557490633
2014,-7.844845557490633
2015,-7.844845557490633
2016,-7.844845557490633
2017,-7.844845557490633
2018,-7.844845557490633
2019,-7.844845557490633
2020,-7.844845557490633
2021,-7.844845557490633
2022,-7.844845557490633
2023,-7.844845557490633
2024,-7.844845557490633
2025,-7.844845557490633
2026,-7.844845557490633
2027,-7.844845557490633
2028,-7.844845557490633
2029,-7.844845557490633
2030,-7.844845557490633
2031,-7.844845557490633
2032,-7.844845557490633
2033,-7.844845557490633
2034,-7.844845557490633
2035,-7.844845557490633
2036,-7.844845557490633
2037,-7.844845557490633
2038,-7.844845557490633
2039,-7.844845557490633
2040,-7.844845557490633
2041,-7.844845557490633
2042,-7.844845557490633
2043,-7.844845557490633
2044,-7.844845557490633
2045,-7.844845557490633
2046,-7.844845557490633
2047,-7.844845557490633
2048,-7.844845557490633
2049,-7.844845557490633
2050,-7.844845557490633
2051,-7.844845557490633
2052,-7.844845557490633
2053,-7.844845557490633
2054,-7.844845557490633
2055,-7.844845557490633
2056,-7.844845557490633
2057,-7.844845557490633
2058,-7.844845557490633
2059,-7.844845557490633
2060,-7.844845557490633
2061,-7.844845557490633
2062,-7.844845557490633
2063,-7.844845557490633
2064,-7.844845557490633
2065,-7.844845557490633
2066,-7.844845557490633
2067,-7.844845557490633
2068,-7.844845557490633
2069,-7.844845557490633
2070,-7.844845557490633
2071,-7.844845557490633
2072,-7.844845557490633
2073,-7.844845557490633
2074,-7.844845557490633
2075,-7.844845557490633
2076,-7.844845557490633
2077,-7.844845557490633
2078,-7.844845557490633
2079,-7.844845557490633
2080,-7.844845557490633
2081,-7.844845557490633
2082,-7.844845557490633
2083,-7.844845557490633
2084,-7.844845557490633
2085,-7.844845557490633
2086,-7.844845557490633
2087,-7.844845557490633
2088,-7.844845557490633
2089,-7.844845557490633
2090,-7.844845557490633
2091,-7.844845557490633
2092,-7.844845557490633
2093,-7.844845557490633
2094,-7.844845557490633
2095,-7.844845557490633
2096,-7.844845557490633
2097,-7.844845557490633
2098,-7.844845557490633
2099,-7.844845557490633
2100,-7.844845557490633
2101,-7.844845557490633
2102,-7.844845557490633
2103,-7.844845557490633
2104,-7.844845557490633
2105,-7.844845557490633
2106,-7.844845557490633
2107,-7.844845557490633
2108,-7.844845557490633
2109,-7.844845557490633
2110,-7.844845557490633
2111,-7.844845557490633
2112,-7.844845557490633
2113,-7.844845557490633
2114,-7.844845557490633
2115,-7.844845557490633
2116,-7.844845557490633
2117,-7.844845557490633
2118,-7.844845557490633
2119,-7.844845557490633
2120,-7.844845557490633
2121,-7.844845557490633
2122,-7.844845557490633
2123,-7.844845557490633
2124,-7.844845557490633
2125,-7.844845557490633
2126,-7.844845557490633
2127,-7.844845557490633
2128,-7.844845557490633
2129,-7.844845557490633
2130,-7.844845557490633
2131,-7.844845557490633
2132,-7.844845557490633
2133,-7.844845557490633
2134,-7.844845557490633
2135,-7.844845557490633
2136,-7.844845557490633
2137,-7.844845557490633
2138,-7.844845557490633
2139,-7.844845557490633
2140,-7.844845557490633
2141,-7.844845557490633
2142,-7.844845557490633
2143,-7.844845557490633
2144,-7.844845557490633
2145,-7.844845557490633
2146,-7.844845557490633
2147,-7.844845557490633
2148,-7.844845557490633
2149,-7.844845557490633
2150,-7.844845557490633
2151,-7.844845557490633
2152,-7.844845557490633
2153,-7.844845557490633
2154,-7.844845557490633
2155,-7.844845557490633
2156,-7.844845557490633
2157,-7.844845557490633
2158,-7.844845557490633
2159,-7.844845557490633
2160,-7.844845557490633
2161,-7.844845557490633
2162,-7.844845557490633
2163,-7.844845557490633
2164,-7.844845557490633
2165,-7.844845557490633
2166,-7.844845557490633
2167,-7.844845557490633
2168,-7.844845557490633
2169,-7.844845557490633
2170,-7.844845557490633
2171,-7.844845557490633
2172,-7.844845557490633
2173,-7.844845557490633
2174,-7.844845557490633
2175,-7.844845557490633
2176,-7.844845557490633
2177,-7.844845557490633
2178,-7.844845557490633
2179,-7.844845557490633
2180,-7.844845557490633
2181,-7.844845557490633
2182,-7.844845557490633
2183,-7.844845557490633
2184,-7.844845557490633
2185,-7.844845557490633
2186,-7.844845557490633
2187,-7.844845557490633
2188,-7.844845557490633
2189,-7.844845557490633
2190,-7.844845557490633
2191,-7.844845557490633
2192,-7.844845557490633
2193,-7.844845557490633
2194,-7.844845557490633
2195,-7.844845557490633
2196,-7.844845557490633
2197,-7.844845557490633
2198,-7.844845557490633
2199,-7.844845557490633
2200,-7.844845557490633
2201,-7.844845557490633
2202,-7.844845557490633
2203,-7.844845557490633
2204,-7.844845557490633
2205,-7.844845557490633
2206,-7.844845557490633
2207,-7.844845557490633
2208,-7.844845557490633
2209,-7.844845557490633
2210,-7.844845557490633
2211,-7.844845557490633
2212,-7.844845557490633
2213,-7.844845557490633
2214,-7.844845557490633
2215,-7.844845557490633
2216,-7.844845557490633
2217,-7.844845557490633
2218,-7.844845557490633
2219,-7.844845557490633
2220,-7.844845557490633
2221,-7.844845557490633
2222,-7.844845557490633
2223,-7.844845557490633
2224,-7.844845557490633
2225,-7.844845557490633
2226,-7.844845557490633
2227,-7.844845557490633
2228,-7.844845557490633
2229,-7.844845557490633
2230,-7.844845557490633
2231,-7.844845557490633
2232,-7.844845557490633
2233,-7.844845557490633
2234,-7.844845557490633
2235,-7.844845557490633
2236,-7.844845557490633
2237,-7.844845557490633
2238,-7.844845557490633
2239,-7.844845557490633
2240,-7.844845557490633
2241,-7.844845557490633
2242,-7.844845557490633
2243,-7.844845557490633
2244,-7.844845557490633
2245,-7.844845557490633
2246,-7.844845557490633
2247,-7.844845557490633
2248,-7.844845557490633
2249,-7.844845557490633
2250,-7.844845557490633
2251,-7.844845557490633
2252,-7.844845557490633
2253,-7.844845557490633
2254,-7.844845557490633
2255,-7.844845557490633
2256,-7.844845557490633
2257,-7.844845557490633
2258,-7.844845557490633
2259,-7.844845557490633
2260,-7.844845557490633
2261,-7.844845557490633
2262,-7.844845557490633
2263,-7.844845557490633
2264,-7.844845557490633
2265,-7.844845557490633
2266,-7.844845557490633
2267,-7.844845557490633
2268,-7.844845557490633
2269,-7.844845557490633
2270,-7.844845557490633
2271,-7.844845557490633
2272,-7.844845557490633
2273,-7.844845557490633
2274,-7.844845557490633
2275,-7.844845557490633
2276,-7.844845557490633
2277,-7.844845557490633
2278,-7.844845557490633
2279,-7.844845557490633
2280,-7.844845557490633
2281,-7.844845557490633
2282,-7.844845557490633
2283,-7.844845557490633
2284,-7.844845557490633
2285,-7.844845557490633
2286,-7.844845557490633
2287,-7.844845557490633
2288,-7.844845557490633
2289,-7.844845557490633
2290,-7.844845557490633
2291,-7.844845557490633
2292,-7.844845557490633
2293,-7.844845557490633
2294,-7.844845557490633
2295,-7.844845557490633
2296,-7.844845557490633
2297,-7.844845557490633
2298,-7.844845557490633
2299,-7.844845557490633
2300,-7.844845557490633
2301,-7.844845557490633
2302,-7.844845557490633
2303,-7.844845557490633
2304,-7.844845557490633
2305,-7.844845557490633
2306,-7.844845557490633
2307,-7.844845557490633
2308,-7.844845557490633
2309,-7.844845557490633
2310,-7.844845557490633
2311,-7.844845557490633
2312,-7.844845557490633
2313,-7.844845557490633
2314,-7.844845557490633
2315,-7.844845557490633
2316,-7.844845557490633
2317,-7.844845557490633
2318,-7.844845557490633
2319,-7.844845557490633
2320,-7.844845557490633
2321,-7.844845557490633
2322,-7.844845557490633
2323,-7.844845557490633
2324,-7.844845557490633
2325,-7.844845557490633
2326,-7.844845557490633
2327,-7.844845557490633
2328,-7.844845557490633
2329,-7.844845557490633
2330,-7.844845557490633
2331,-7.844845557490633
2332,-7.844845557490633
2333,-7.844845557490633
2334,-7.844845557490633
2335,-7.844845557490633
2336,-7.844845557490633
2337,-7.844845557490633
2338,-7.844845557490633
2339,-7.844845557490633
2340,-7.844845557490633
2341,-7.844845557490633
2342,-7.844845557490633
2343,-7.844845557490633
2344,-7.844845557490633
2345,-7.844845557490633
2346,-7.844845557490633
2347,-7.844845557490633
2348,-7.844845557490633
2349,-7.844845557490633
2350,-7.844845557490633
2351,-7.844845557490633
2352,-7.844845557490633
2353,-7.844845557490633
2354,-7.844845557490633
2355,-7.844845557490633
2356,-7.844845557490633
2357,-7.844845557490633
2358,-7.844845557490633
2359,-7.844845557490633
2360,-7.844845557490633
2361,-7.844845557490633
2362,-7.844845557490633
2363,-7.844845557490633
2364,-7.844845557490633
2365,-7.844845557490633
2366,-7.844845557490633
2367,-7.844845557490633
2368,-7.844845557490633
2369,-7.844845557490633
2370,-7.844845557490633
2371,-7.844845557490633
2372,-7.844845557490633
2373,-7.844845557490633
2374,-7.844845557490633
2375,-7.844845557490633
2376,-7.844845557490633
2377,-7.844845557490633
2378,-7.844845557490633
2379,-7.844845557490633
2380,-7.844845557490633
2381,-7.844845557490633
2382,-7.844845557490633
2383,-7.844845557490633
2384,-7.844845557490633
2385,-7.844845557490633
2386,-7.844845557490633
2387,-7.844845557490633
2388,-7.844845557490633
2389,-7.844845557490633
2390,-7.844845557490633
2391,-7.844845557490633
2392,-7.844845557490633
2393,-7.844845557490633
2394,-7.844845557490633
2395,-7.844845557490633
2396,-7.844845557490633
2397,-7.844845557490633
2398,-7.844845557490633
2399,-7.844845557490633
2400,-7.844845557490633
2401,-7.844845557490633
2402,-7.844845557490633
2403,-7.844845557490633
2404,-7.844845557490633
2405,-7.844845557490633
2406,-7.844845557490633
2407,-7.844845557490633
2408,-7.844845557490633
2409,-7.844845557490633
2410,-7.844845557490633
2411,-7.844845557490633
2412,-7.844845557490633
2413,-7.844845557490633
2414,-7.844845557490633
2415,-7.844845557490633
2416,-7.844845557490633
2417,-7.844845557490633
2418,-7.844845557490633
2419,-7.844845557490633
2420,-7.844845557490633
2421,-7.844845557490633
2422,-7.844845557490633
2423,-7.844845557490633
2424,-7.844845557490633
2425,-7.844845557490633
2426,-7.844845557490633
2427,-7.844845557490633
2428,-7.844845557490633
2429,-7.844845557490633
2430,-7.844845557490633
2431,-7.844845557490633
2432,-7.844845557490633
2433,-7.844845557490633
2434,-7.844845557490633
2435,-7.844845557490633
2436,-7.844845557490633
2437,-7.844845557490633
2438,-7.844845557490633
2439,-7.844845557490633
2440,-7.844845557490633
2441,-7.844845557490633
2442,-7.844845557490633
2443,-7.844845557490633
2444,-7.844845557490633
2445,-7.844845557490633
2446,-7.844845557490633
2447,-7.844845557490633
2448,-7.844845557490633
2449,-7.844845557490633
2450,-7.844845557490633
2451,-7.844845557490633
2452,-7.844845557490633
2453,-7.844845557490633
2454,-7.844845557490633
2455,-7.844845557490633
2456,-7.844845557490633
2457,-7.844845557490633
2458,-7.844845557490633
2459,-7.844845557490633
2460,-7.844845557490633
2461,-7.844845557490633
2462,-7.844845557490633
2463,-7.844845557490633
2464,-7.844845557490633
2465,-7.844845557490633
2466,-7.844845557490633
2467,-7.844845557490633
2468,-7.844845557490633
2469,-7.844845557490633
2470,-7.844845557490633
2471,-7.844845557490633
2472,-7.844845557490633
2473,-7.844845557490633
2474,-7.844845557490633
2475,-7.844845557490633
2476,-7.844845557490633
2477,-7.844845557490633
2478,-7.844845557490633
2479,-7.844845557490633
2480,-7.844845557490633
2481,-7.844845557490633
2482,-7.844845557490633
2483,-7.844845557490633
2484,-7.844845557490633
2485,-7.844845557490633
2486,-7.844845557490633
2487,-7.844845557490633
2488,-7.844845557490633
2489,-7.844845557490633
2490,-7.844845557490633
2491,-7.844845557490633
2492,-7.844845557490633
2493,-7.844845557490633
2494,-7.844845557490633
2495,-7.844845557490633
2496,-7.844845557490633
2497,-7.844845557490633
2498,-7.844845557490633
2499,-7.844845557490633
2500,-7.844845557490633
2501,-7.844845557490633
2502,-7.844845557490633
2503,-7.844845557490633
2504,-7.844845557490633
2505,-7.844845557490633
2506,-7.844845557490633
2507,-7.844845557490633
2508,-7.844845557490633
2509,-7.844845557490633
2510,-7.844845557490633
2511,-7.844845557490633
2512,-7.844845557490633
2513,-7.844845557490633
2514,-7.844845557490633
2515,-7.844845557490633
2516,-7.844845557490633
2517,-7.844845557490633
2518,-7.844845557490633
2519,-7.844845557490633
2520,-7.844845557490633
2521,-7.844845557490633
2522,-7.844845557490633
2523,-7.844845557490633
2524,-7.844845557490633
2525,-7.844845557490633
2526,-7.844845557490633
2527,-7.844845557490633
2528,-7.844845557490633
2529,-7.844845557490633
2530,-7.844845557490633
2531,-7.844845557490633
2532,-7.844845557490633
2533,-7.844845557490633
2534,-7.844845557490633
2535,-7.844845557490633
2536,-7.844845557490633
2537,-7.844845557490633
2538,-7.844845557490633
2539,-7.844845557490633
2540,-7.844845557490633
2541,-7.844845557490633
2542,-7.844845557490633
2543,-7.844845557490633
2544,-7.844845557490633
2545,-7.844845557490633
2546,-7.844845557490633
2547,-7.844845557490633
2548,-7.844845557490633
2549,-7.844845557490633
2550,-7.844845557490633
2551,-7.844845557490633
2552,-7.844845557490633
2553,-7.844845557490633
2554,-7.844845557490633
2555,-7.844845557490633
2556,-7.844845557490633
2557,-7.844845557490633
2558,-7.844845557490633
2559,-7.844845557490633
2560,-7.844845557490633
2561,-7.844845557490633
2562,-7.844845557490633
2563,-7.844845557490633
2564,-7.844845557490633
2565,-7.844845557490633
2566,-7.844845557490633
2567,-7.844845557490633
2568,-7.844845557490633
2569,-7.844845557490633
2570,-7.844845557490633
2571,-7.844845557490633
2572,-7.844845557490633
2573,-7.844845557490633
2574,-7.844845557490633
2575,-7.844845557490633
2576,-7.844845557490633
2577,-7.844845557490633
2578,-7.844845557490633
2579,-7.844845557490633
2580,-7.844845557490633
2581,-7.844845557490633
2582,-7.844845557490633
2583,-7.844845557490633
2584,-7.844845557490633
2585,-7.844845557490633
2586,-7.844845557490633
2587,-7.844845557490633
2588,-7.844845557490633
2589,-7.844845557490633
2590,-7.844845557490633
2591,-7.844845557490633
2592,-7.844845557490633
2593,-7.844845557490633
2594,-7.844845557490633
2595,-7.844845557490633
2596,-7.844845557490633
2597,-7.844845557490633
2598,-7.844845557490633
2599,-7.844845557490633
2600,-7.844845557490633
2601,-7.844845557490633
2602,-7.844845557490633
2603,-7.844845557490633
2604,-7.844845557490633
2605,-7.844845557490633
2606,-7.844845557490633
2607,-7.844845557490633
2608,-7.844845557490633
2609,-7.844845557490633
2610,-7.844845557490633
2611,-7.844845557490633
2612,-7.844845557490633
2613,-7.844845557490633
2614,-7.844845557490633
2615,-7.844845557490633
2616,-7.844845557490633
2617,-7.844845557490633
2618,-7.844845557490633
2619,-7.844845557490633
2620,-7.844845557490633
2621,-7.844845557490633
2622,-7.844845557490633
2623,-7.844845557490633
2624,-7.844845557490633
2625,-7.844845557490633
2626,-7.844845557490633
2627,-7.844845557490633
2628,-7.844845557490633
2629,-7.844845557490633
2630,-7.844845557490633
2631,-7.844845557490633
2632,-7.844845557490633
2633,-7.844845557490633
2634,-7.844845557490633
2635,-7.844845557490633
2636,-7.844845557490633
2637,-7.844845557490633
2638,-7.844845557490633
2639,-7.844845557490633
2640,-7.844845557490633
2641,-7.844845557490633
2642,-7.844845557490633
2643,-7.844845557490633
2644,-7.844845557490633
2645,-7.844845557490633
2646,-7.844845557490633
2647,-7.844845557490633
2648,-7.844845557490633
2649,-7.844845557490633
2650,-7.844845557490633
2651,-7.844845557490633
2652,-7.844845557490633
2653,-7.844845557490633
2654,-7.844845557490633
2655,-7.844845557490633
2656,-7.844845557490633
2657,-7.844845557490633
2658,-7.844845557490633
2659,-7.844845557490633
2660,-7.844845557490633
2661,-7.844845557490633
2662,-7.844845557490633
2663,-7.844845557490633
2664,-7.844845557490633
2665,-7.844845557490633
2666,-7.844845557490633
2667,-7.844845557490633
2668,-7.844845557490633
2669,-7.844845557490633
2670,-7.844845557490633
2671,-7.844845557490633
2672,-7.844845557490633
2673,-7.844845557490633
2674,-7.844845557490633
2675,-7.844845557490633
2676,-7.844845557490633
2677,-7.844845557490633
2678,-7.844845557490633
2679,-7.844845557490633
2680,-7.844845557490633
2681,-7.844845557490633
2682,-7.844845557490633
2683,-7.844845557490633
2684,-7.844845557490633
2685,-7.844845557490633
2686,-7.844845557490633
2687,-7.844845557490633
2688,-7.844845557490633
2689,-7.844845557490633
2690,-7.844845557490633
2691,-7.844845557490633
2692,-7.844845557490633
2693,-7.844845557490633
2694,-7.844845557490633
2695,-7.844845557490633
2696,-7.844845557490633
2697,-7.844845557490633
2698,-7.844845557490633
2699,-7.844845557490633
2700,-7.844845557490633
2701,-7.844845557490633
2702,-7.844845557490633
2703,-7.844845557490633
2704,-7.844845557490633
2705,-7.844845557490633
2706,-7.844845557490633
2707,-7.844845557490633
2708,-7.844845557490633
2709,-7.844845557490633
2710,-7.844845557490633
2711,-7.844845557490633
2712,-7.844845557490633
2713,-7.844845557490633
2714,-7.844845557490633
2715,-7.844845557490633
2716,-7.844845557490633
2717,-7.844845557490633
2718,-7.844845557490633
2719,-7.844845557490633
2720,-7.844845557490633
2721,-7.844845557490633
2722,-7.844845557490633
2723,-7.844845557490633
2724,-7.844845557490633
2725,-7.844845557490633
2726,-7.844845557490633
2727,-7.844845557490633
2728,-7.844845557490633
2729,-7.844845557490633
2730,-7.844845557490633
2731,-7.844845557490633
2732,-7.844845557490633
2733,-7.844845557490633
2734,-7.844845557490633
2735,-7.844845557490633
2736,-7.844845557490633
2737,-7.844845557490633
2738,-7.844845557490633
2739,-7.844845557490633
2740,-7.844845557490633
2741,-7.844845557490633
2742,-7.844845557490633
2743,-7.844845557490633
2744,-7.844845557490633
2745,-7.844845557490633
2746,-7.844845557490633
2747,-7.844845557490633
2748,-7.844845557490633
2749,-7.844845557490633
2750,-7.844845557490633
2751,-7.844845557490633
2752,-7.844845557490633
2753,-7.844845557490633
2754,-7.844845557490633
2755,-7.844845557490633
2756,-7.844845557490633
2757,-7.844845557490633
2758,-7.844845557490633
2759,-7.844845557490633
2760,-7.844845557490633
2761,-7.844845557490633
2762,-7.844845557490633
2763,-7.844845557490633
2764,-7.844845557490633
2765,-7.844845557490633
2766,-7.844845557490633
2767,-7.844845557490633
2768,-7.844845557490633
2769,-7.844845557490633
2770,-7.844845557490633
2771,-7.844845557490633
2772,-7.844845557490633
2773,-7.844845557490633
2774,-7.844845557490633
2775,-7.844845557490633
2776,-7.844845557490633
2777,-7.844845557490633
2778,-7.844845557490633
2779,-7.844845557490633
2780,-7.844845557490633
2781,-7.844845557490633
2782,-7.844845557490633
2783,-7.844845557490633
2784,-7.844845557490633
2785,-7.844845557490633
2786,-7.844845557490633
2787,-7.844845557490633
2788,-7.844845557490633
2789,-7.844845557490633
2790,-7.844845557490633
2791,-7.844845557490633
2792,-7.844845557490633
2793,-7.844845557490633
2794,-7.844845557490633
2795,-7.844845557490633
2796,-7.844845557490633
2797,-7.844845557490633
2798,-7.844845557490633
2799,-7.844845557490633
2800,-7.844845557490633
2801,-7.844845557490633
2802,-7.844845557490633
2803,-7.844845557490633
2804,-7.844845557490633
2805,-7.844845557490633
2806,-7.844845557490633
2807,-7.844845557490633
2808,-7.844845557490633
2809,-7.844845557490633
2810,-7.844845557490633
2811,-7.844845557490633
2812,-7.844845557490633
2813,-7.844845557490633
2814,-7.844845557490633
2815,-7.844845557490633
2816,-7.844845557490633
2817,-7.844845557490633
2818,-7.844845557490633
2819,-7.844845557490633
2820,-7.844845557490633
2821,-7.844845557490633
2822,-7.844845557490633
2823,-7.844845557490633
2824,-7.844845557490633
2825,-7.844845557490633
2826,-7.844845557490633
2827,-7.844845557490633
2828,-7.844845557490633
2829,-7.844845557490633
2830,-7.844845557490633
2831,-7.844845557490633
2832,-7.844845557490633
2833,-7.844845557490633
2834,-7.844845557490633
2835,-7.844845557490633
2836,-7.844845557490633
2837,-7.844845557490633
2838,-7.844845557490633
2839,-7.844845557490633
2840,-7.844845557490633
2841,-7.844845557490633
2842,-7.844845557490633
2843,-7.844845557490633
2844,-7.844845557490633
2845,-7.844845557490633
2846,-7.844845557490633
2847,-7.844845557490633
2848,-7.844845557490633
2849,-7.844845557490633
2850,-7.844845557490633
2851,-7.844845557490633
2852,-7.844845557490633
2853,-7.844845557490633
2854,-7.844845557490633
2855,-7.844845557490633
2856,-7.844845557490633
2857,-7.844845557490633
2858,-7.844845557490633
2859,-7.844845557490633
2860,-7.844845557490633
2861,-7.844845557490633
2862,-7.844845557490633
2863,-7.844845557490633
2864,-7.844845557490633
2865,-7.844845557490633
2866,-7.844845557490633
2867,-7.844845557490633
2868,-7.844845557490633
2869,-7.844845557490633
2870,-7.844845557490633
2871,-7.844845557490633
2872,-7.844845557490633
2873,-7.844845557490633
2874,-7.844845557490633
2875,-7.844845557490633
2876,-7.844845557490633
2877,-7.844845557490633
2878,-7.844845557490633
2879,-7.844845557490633
2880,-7.844845557490633
2881,-7.844845557490633
2882,-7.844845557490633
2883,-7.844845557490633
2884,-7.844845557490633
2885,-7.844845557490633
2886,-7.844845557490633
2887,-7.844845557490633
2888,-7.844845557490633
2889,-7.844845557490633
2890,-7.844845557490633
2891,-7.844845557490633
2892,-7.844845557490633
2893,-7.844845557490633
2894,-7.844845557490633
2895,-7.844845557490633
2896,-7.844845557490633
2897,-7.844845557490633
2898,-7.844845557490633
2899,-7.844845557490633
2900,-7.844845557490633
2901,-7.844845557490633
2902,-7.844845557490633
2903,-7.844845557490633
2904,-7.844845557490633
2905,-7.844845557490633
2906,-7.844845557490633
2907,-7.844845557490633
2908,-7.844845557490633
2909,-7.844845557490633
2910,-7.844845557490633
2911,-7.844845557490633
2912,-7.844845557490633
2913,-7.844845557490633
2914,-7.844845557490633
2915,-7.844845557490633
2916,-7.844845557490633
2917,-7.844845557490633
2918,-7.844845557490633
2919,-7.844845557490633
2920,-7.844845557490633
2921,-7.844845557490633
2922,-7.844845557490633
2923,-7.844845557490633
2924,-7.844845557490633
2925,-7.844845557490633
2926,-7.844845557490633
2927,-7.844845557490633
2928,-7.844845557490633
2929,-7.844845557490633
2930,-7.844845557490633
2931,-7.844845557490633
2932,-7.844845557490633
2933,-7.844845557490633
2934,-7.844845557490633
2935,-7.844845557490633
2936,-7.844845557490633
2937,-7.844845557490633
2938,-7.844845557490633
2939,-7.844845557490633
2940,-7.844845557490633
2941,-7.844845557490633
2942,-7.844845557490633
2943,-7.844845557490633
2944,-7.844845557490633
2945,-7.844845557490633
2946,-7.844845557490633
2947,-7.844845557490633
2948,-7.844845557490633
2949,-7.844845557490633
2950,-7.844845557490633
2951,-7.844845557490633
2952,-7.844845557490633
2953,-7.844845557490633
2954,-7.844845557490633
2955,-7.844845557490633
2956,-7.844845557490633
2957,-7.844845557490633
2958,-7.844845557490633
2959,-7.844845557490633
2960,-7.844845557490633
2961,-7.844845557490633
2962,-7.844845557490633
2963,-7.844845557490633
2964,-7.844845557490633
2965,-7.844845557490633
2966,-7.844845557490633
2967,-7.844845557490633
2968,-7.844845557490633
2969,-7.844845557490633
2970,-7.844845557490633
2971,-7.844845557490633
2972,-7.844845557490633
2973,-7.844845557490633
2974,-7.844845557490633
2975,-7.844845557490633
2976,-7.844845557490633
2977,-7.844845557490633
2978,-7.844845557490633
2979,-7.844845557490633
2980,-7.844845557490633
2981,-7.844845557490633
2982,-7.844845557490633
2983,-7.844845557490633
2984,-7.844845557490633
2985,-7.844845557490633
2986,-7.844845557490633
2987,-7.844845557490633
2988,-7.844845557490633
2989,-7.844845557490633
2990,-7.844845557490633
2991,-7.844845557490633
2992,-7.844845557490633
2993,-7.844845557490633
2994,-7.844845557490633
2995,-7.844845557490633
2996,-7.844845557490633
2997,-7.844845557490633
2998,-7.844845557490633
2999,-7.844845557490633
3000,-7.844845557490633
3001,-7.844845557490633
3002,-7.844845557490633
3003,-7.844845557490633
3004,-7.844845557490633
3005,-7.844845557490633
3006,-7.844845557490633
3007,-7.844845557490633
3008,-7.844845557490633
3009,-7.844845557490633
3010,-7.844845557490633
3011,-7.844845557490633
3012,-7.844845557490633
3013,-7.844845557490633
3014,-7.844845557490633
3015,-7.844845557490633
3016,-7.844845557490633
3017,-7.844845557490633
3018,-7.844845557490633
3019,-7.844845557490633
3020,-7.844845557490633
3021,-7.844845557490633
3022,-7.844845557490633
3023,-7.844845557490633
3024,-7.844845557490633
3025,-7.844845557490633
3026,-7.844845557490633
3027,-7.844845557490633
3028,-7.844845557490633
3029,-7.844845557490633
3030,-7.844845557490633
3031,-7.844845557490633
3032,-7.844845557490633
3033,-7.844845557490633
3034,-7.844845557490633
3035,-7.844845557490633
3036,-7.844845557490633
3037,-7.844845557490633
3038,-7.844845557490633
3039,-7.844845557490633
3040,-7.844845557490633
3041,-7.844845557490633
3042,-7.844845557490633
3043,-7.844845557490633
3044,-7.844845557490633
3045,-7.844845557490633
3046,-7.844845557490633
3047,-7.844845557490633
3048,-7.844845557490633
3049,-7.844845557490633
3050,-7.844845557490633
3051,-7.844845557490633
3052,-7.844845557490633
3053,-7.844845557490633
3054,-7.844845557490633
3055,-7.844845557490633
3056,-7.844845557490633
3057,-7.844845557490633
3058,-7.844845557490633
3059,-7.844845557490633
3060,-7.844845557490633
3061,-7.844845557490633
3062,-7.844845557490633
3063,-7.844845557490633
3064,-7.844845557490633
3065,-7.844845557490633
3066,-7.844845557490633
3067,-7.844845557490633
3068,-7.844845557490633
3069,-7.844845557490633
3070,-7.844845557490633
3071,-7.844845557490633
3072,-7.844845557490633
3073,-7.844845557490633
3074,-7.844845557490633
3075,-7.844845557490633
3076,-7.844845557490633
3077,-7.844845557490633
3078,-7.844845557490633
3079,-7.844845557490633
3080,-7.844845557490633
3081,-7.844845557490633
3082,-7.844845557490633
3083,-7.844845557490633
3084,-7.844845557490633
3085,-7.844845557490633
3086,-7.844845557490633
3087,-7.844845557490633
3088,-7.844845557490633
3089,-7.844845557490633
3090,-7.844845557490633
3091,-7.844845557490633
3092,-7.844845557490633
3093,-7.844845557490633
3094,-7.844845557490633
3095,-7.844845557490633
3096,-7.844845557490633
3097,-7.844845557490633
3098,-7.844845557490633
3099,-7.844845557490633
3100,-7.844845557490633
3101,-7.844845557490633
3102,-7.844845557490633
3103,-7.844845557490633
3104,-7.844845557490633
3105,-7.844845557490633
3106,-7.844845557490633
3107,-7.844845557490633
3108,-7.844845557490633
3109,-7.844845557490633
3110,-7.844845557490633
3111,-7.844845557490633
3112,-7.844845557490633
3113,-7.844845557490633
3114,-7.844845557490633
3115,-7.844845557490633
3116,-7.844845557490633
3117,-7.844845557490633
3118,-7.844845557490633
3119,-7.844845557490633
3120,-7.844845557490633
3121,-7.844845557490633
3122,-7.844845557490633
3123,-7.844845557490633
3124,-7.844845557490633
3125,-7.844845557490633
3126,-7.844845557490633
3127,-7.844845557490633
3128,-7.844845557490633
3129,-7.844845557490633
3130,-7.844845557490633
3131,-7.844845557490633
3132,-7.844845557490633
3133,-7.844845557490633
3134,-7.844845557490633
3135,-7.844845557490633
3136,-7.844845557490633
3137,-7.844845557490633
3138,-7.844845557490633
3139,-7.844845557490633
3140,-7.844845557490633
3141,-7.844845557490633
3142,-7.844845557490633
3143,-7.844845557490633
3144,-7.844845557490633
3145,-7.844845557490633
3146,-7.844845557490633
3147,-7.844845557490633
3148,-7.844845557490633
3149,-7.844845557490633
3150,-7.844845557490633
3151,-7.844845557490633
3152,-7.844845557490633
3153,-7.844845557490633
3154,-7.844845557490633
3155,-7.844845557490633
3156,-7.844845557490633
3157,-7.844845557490633
3158,-7.844845557490633
3159,-7.844845557490633
3160,-7.844845557490633
3161,-7.844845557490633
3162,-7.844845557490633
3163,-7.844845557490633
3164,-7.844845557490633
3165,-7.844845557490633
3166,-7.844845557490633
3167,-7.844845557490633
3168,-7.844845557490633
3169,-7.844845557490633
3170,-7.844845557490633
3171,-7.844845557490633
3172,-7.844845557490633
3173,-7.844845557490633
3174,-7.844845557490633
3175,-7.844845557490633
3176,-7.844845557490633
3177,-7.844845557490633
3178,-7.844845557490633
3179,-7.844845557490633
3180,-7.844845557490633
3181,-7.844845557490633
3182,-7.844845557490633
3183,-7.844845557490633
3184,-7.844845557490633
3185,-7.844845557490633
3186,-7.844845557490633
3187,-7.844845557490633
3188,-7.844845557490633
3189,-7.844845557490633
3190,-7.844845557490633
3191,-7.844845557490633
3192,-7.844845557490633
3193,-7.844845557490633
3194,-7.844845557490633
3195,-7.844845557490633
3196,-7.844845557490633
3197,-7.844845557490633
3198,-7.844845557490633
3199,-7.844845557490633
3200,-7.844845557490633
3201,-7.844845557490633
3202,-7.844845557490633
3203,-7.844845557490633
3204,-7.844845557490633
3205,-7.844845557490633
3206,-7.844845557490633
3207,-7.844845557490633
3208,-7.844845557490633
3209,-7.844845557490633
3210,-7.844845557490633
3211,-7.844845557490633
3212,-7.844845557490633
3213,-7.844845557490633
3214,-7.844845557490633
3215,-7.844845557490633
3216,-7.844845557490633
3217,-7.844845557490633
3218,-7.844845557490633
3219,-7.844845557490633
3220,-7.844845557490633
3221,-7.844845557490633
3222,-7.844845557490633
3223,-7.844845557490633
3224,-7.844845557490633
3225,-7.844845557490633
3226,-7.844845557490633
3227,-7.844845557490633
3228,-7.844845557490633
3229,-7.844845557490633
3230,-7.844845557490633
3231,-7.844845557490633
3232,-7.844845557490633
3233,-7.844845557490633
3234,-7.844845557490633
3235,-7.844845557490633
3236,-7.844845557490633
3237,-7.844845557490633
3238,-7.844845557490633
3239,-7.844845557490633
3240,-7.844845557490633
3241,-7.844845557490633
3242,-7.844845557490633
3243,-7.844845557490633
3244,-7.844845557490633
3245,-7.844845557490633
3246,-7.844845557490633
3247,-7.844845557490633
3248,-7.844845557490633
3249,-7.844845557490633
3250,-7.844845557490633
3251,-7.844845557490633
3252,-7.844845557490633
3253,-7.844845557490633
3254,-7.844845557490633
3255,-7.844845557490633
3256,-7.844845557490633
3257,-7.844845557490633
3258,-7.844845557490633
3259,-7.844845557490633
3260,-7.844845557490633
3261,-7.844845557490633
3262,-7.844845557490633
3263,-7.844845557490633
3264,-7.844845557490633
3265,-7.844845557490633
3266,-7.844845557490633
3267,-7.844845557490633
3268,-7.844845557490633
3269,-7.844845557490633
3270,-7.844845557490633
3271,-7.844845557490633
3272,-7.844845557490633
3273,-7.844845557490633
3274,-7.844845557490633
3275,-7.844845557490633
3276,-7.844845557490633
3277,-7.844845557490633
3278,-7.844845557490633
3279,-7.844845557490633
3280,-7.844845557490633
3281,-7.844845557490633
3282,-7.844845557490633
3283,-7.844845557490633
3284,-7.844845557490633
3285,-7.844845557490633
3286,-7.844845557490633
3287,-7.844845557490633
3288,-7.844845557490633
3289,-7.844845557490633
3290,-7.844845557490633
3291,-7.844845557490633
3292,-7.844845557490633
3293,-7.844845557490633
3294,-7.844845557490633
3295,-7.844845557490633
3296,-7.844845557490633
3297,-7.844845557490633
3298,-7.844845557490633
3299,-7.844845557490633
3300,-7.844845557490633
3301,-7.844845557490633
3302,-7.844845557490633
3303,-7.844845557490633
3304,-7.844845557490633
3305,-7.844845557490633
3306,-7.844845557490633
3307,-7.844845557490633
3308,-7.844845557490633
3309,-7.844845557490633
3310,-7.844845557490633
3311,-7.844845557490633
3312,-7.844845557490633
3313,-7.844845557490633
3314,-7.844845557490633
3315,-7.844845557490633
3316,-7.844845557490633
3317,-7.844845557490633
3318,-7.844845557490633
3319,-7.844845557490633
3320,-7.844845557490633
3321,-7.844845557490633
3322,-7.844845557490633
3323,-7.844845557490633
3324,-7.844845557490633
3325,-7.844845557490633
3326,-7.844845557490633
3327,-7.844845557490633
3328,-7.844845557490633
3329,-7.844845557490633
3330,-7.844845557490633
3331,-7.844845557490633
3332,-7.844845557490633
3333,-7.844845557490633
3334,-7.844845557490633
3335,-7.844845557490633
3336,-7.844845557490633
3337,-7.844845557490633
3338,-7.844845557490633
3339,-7.844845557490633
3340,-7.844845557490633
3341,-7.844845557490633
3342,-7.844845557490633
3343,-7.844845557490633
3344,-7.844845557490633
3345,-7.844845557490633
3346,-7.844845557490633
3347,-7.844845557490633
3348,-7.844845557490633
3349,-7.844845557490633
3350,-7.844845557490633
3351,-7.844845557490633
3352,-7.844845557490633
3353,-7.844845557490633
3354,-7.844845557490633
3355,-7.844845557490633
3356,-7.844845557490633
3357,-7.844845557490633
3358,-7.844845557490633
3359,-7.844845557490633
3360,-7.844845557490633
3361,-7.844845557490633
3362,-7.844845557490633
3363,-7.844845557490633
3364,-7.844845557490633
3365,-7.844845557490633
3366,-7.844845557490633
3367,-7.844845557490633
3368,-7.844845557490633
3369,-7.844845557490633
3370,-7.844845557490633
3371,-7.844845557490633
3372,-7.844845557490633
3373,-7.844845557490633
3374,-7.844845557490633
3375,-7.844845557490633
3376,-7.844845557490633
3377,-7.844845557490633
3378,-7.844845557490633
3379,-7.844845557490633
3380,-7.844845557490633
3381,-7.844845557490633
3382,-7.844845557490633
3383,-7.844845557490633
3384,-7.844845557490633
3385,-7.844845557490633
3386,-7.844845557490633
3387,-7.844845557490633
3388,-7.844845557490633
3389,-7.844845557490633
3390,-7.844845557490633
3391,-7.844845557490633
3392,-7.844845557490633
3393,-7.844845557490633
3394,-7.844845557490633
3395,-7.844845557490633
3396,-7.844845557490633
3397,-7.844845557490633
3398,-7.844845557490633
3399,-7.844845557490633
3400,-7.844845557490633
3401,-7.844845557490633
3402,-7.844845557490633
3403,-7.844845557490633
3404,-7.844845557490633
3405,-7.844845557490633
3406,-7.844845557490633
3407,-7.844845557490633
3408,-7.844845557490633
3409,-7.844845557490633
3410,-7.844845557490633
3411,-7.844845557490633
3412,-7.844845557490633
3413,-7.844845557490633
3414,-7.844845557490633
3415,-7.844845557490633
3416,-7.844845557490633
3417,-7.844845557490633
3418,-7.844845557490633
3419,-7.844845557490633
3420,-7.844845557490633
3421,-7.844845557490633
3422,-7.844845557490633
3423,-7.844845557490633
3424,-7.844845557490633
3425,-7.844845557490633
3426,-7.844845557490633
3427,-7.844845557490633
3428,-7.844845557490633
3429,-7.844845557490633
3430,-7.844845557490633
3431,-7.844845557490633
3432,-7.844845557490633
3433,-7.844845557490633
3434,-7.844845557490633
3435,-7.844845557490633
3436,-7.844845557490633
3437,-7.844845557490633
3438,-7.844845557490633
3439,-7.844845557490633
3440,-7.844845557490633
3441,-7.844845557490633
3442,-7.844845557490633
3443,-7.844845557490633
3444,-7.844845557490633
3445,-7.844845557490633
3446,-7.844845557490633
3447,-7.844845557490633
3448,-7.844845557490633
3449,-7.844845557490633
3450,-7.844845557490633
3451,-7.844845557490633
3452,-7.844845557490633
3453,-7.844845557490633
3454,-7.844845557490633
3455,-7.844845557490633
3456,-7.844845557490633
3457,-7.844845557490633
3458,-7.844845557490633
3459,-7.844845557490633
3460,-7.844845557490633
3461,-7.844845557490633
3462,-7.844845557490633
3463,-7.844845557490633
3464,-7.844845557490633
3465,-7.844845557490633
3466,-7.844845557490633
3467,-7.844845557490633
3468,-7.844845557490633
3469,-7.844845557490633
3470,-7.844845557490633
3471,-7.844845557490633
3472,-7.844845557490633
3473,-7.844845557490633
3474,-7.844845557490633
3475,-7.844845557490633
3476,-7.844845557490633
3477,-7.844845557490633
3478,-7.844845557490633
3479,-7.844845557490633
3480,-7.844845557490633
3481,-7.844845557490633
3482,-7.844845557490633
3483,-7.844845557490633
3484,-7.844845557490633
3485,-7.844845557490633
3486,-7.844845557490633
3487,-7.844845557490633
3488,-7.844845557490633
3489,-7.844845557490633
3490,-7.844845557490633
3491,-7.844845557490633
3492,-7.844845557490633
3493,-7.844845557490633
3494,-7.844845557490633
3495,-7.844845557490633
3496,-7.844845557490633
3497,-7.844845557490633
3498,-7.844845557490633
3499,-7.844845557490633
3500,-7.844845557490633
3501,-7.844845557490633
3502,-7.844845557490633
3503,-7.844845557490633
3504,-7.844845557490633
3505,-7.844845557490633
3506,-7.844845557490633
3507,-7.844845557490633
3508,-7.844845557490633
3509,-7.844845557490633
3510,-7.844845557490633
3511,-7.844845557490633
3512,-7.844845557490633
3513,-7.844845557490633
3514,-7.844845557490633
3515,-7.844845557490633
3516,-7.844845557490633
3517,-7.844845557490633
3518,-7.844845557490633
3519,-7.844845557490633
3520,-7.844845557490633
3521,-7.844845557490633
3522,-7.844845557490633
3523,-7.844845557490633
3524,-7.844845557490633
3525,-7.844845557490633
3526,-7.844845557490633
3527,-7.844845557490633
3528,-7.844845557490633
3529,-7.844845557490633
3530,-7.844845557490633
3531,-7.844845557490633
3532,-7.844845557490633
3533,-7.844845557490633
3534,-7.844845557490633
3535,-7.844845557490633
3536,-7.844845557490633
3537,-7.844845557490633
3538,-7.844845557490633
3539,-7.844845557490633
3540,-7.844845557490633
3541,-7.844845557490633
3542,-7.844845557490633
3543,-7.844845557490633
3544,-7.844845557490633
3545,-7.844845557490633
3546,-7.844845557490633
3547,-7.844845557490633
3548,-7.844845557490633
3549,-7.844845557490633
3550,-7.844845557490633
3551,-7.844845557490633
3552,-7.844845557490633
3553,-7.844845557490633
3554,-7.844845557490633
3555,-7.844845557490633
3556,-7.844845557490633
3557,-7.844845557490633
3558,-7.844845557490633
3559,-7.844845557490633
3560,-7.844845557490633
3561,-7.844845557490633
3562,-7.844845557490633
3563,-7.844845557490633
3564,-7.844845557490633
3565,-7.844845557490633
3566,-7.844845557490633
3567,-7.844845557490633
3568,-7.844845557490633
3569,-7.844845557490633
3570,-7.844845557490633
3571,-7.844845557490633
3572,-7.844845557490633
3573,-7.844845557490633
3574,-7.844845557490633
3575,-7.844845557490633
3576,-7.844845557490633
3577,-7.844845557490633
3578,-7.844845557490633
3579,-7.844845557490633
3580,-7.844845557490633
3581,-7.844845557490633
3582,-7.844845557490633
3583,-7.844845557490633
3584,-7.844845557490633
3585,-7.844845557490633
3586,-7.844845557490633
3587,-7.844845557490633
3588,-7.844845557490633
3589,-7.844845557490633
3590,-7.844845557490633
3591,-7.844845557490633
3592,-7.844845557490633
3593,-7.844845557490633
3594,-7.844845557490633
3595,-7.844845557490633
3596,-7.844845557490633
3597,-7.844845557490633
3598,-7.844845557490633
3599,-7.844845557490633
3600,-7.844845557490633
3601,-7.844845557490633
3602,-7.844845557490633
3603,-7.844845557490633
3604,-7.844845557490633
3605,-7.844845557490633
3606,-7.844845557490633
3607,-7.844845557490633
3608,-7.844845557490633
3609,-7.844845557490633
3610,-7.844845557490633
3611,-7.844845557490633
3612,-7.844845557490633
3613,-7.844845557490633
3614,-7.844845557490633
3615,-7.844845557490633
3616,-7.844845557490633
3617,-7.844845557490633
3618,-7.844845557490633
3619,-7.844845557490633
3620,-7.844845557490633
3621,-7.844845557490633
3622,-7.844845557490633
3623,-7.844845557490633
3624,-7.844845557490633
3625,-7.844845557490633
3626,-7.844845557490633
3627,-7.844845557490633
3628,-7.844845557490633
3629,-7.844845557490633
3630,-7.844845557490633
3631,-7.844845557490633
3632,-7.844845557490633
3633,-7.844845557490633
3634,-7.844845557490633
3635,-7.844845557490633
3636,-7.844845557490633
3637,-7.844845557490633
3638,-7.844845557490633
3639,-7.844845557490633
3640,-7.844845557490633
3641,-7.844845557490633
3642,-7.844845557490633
3643,-7.844845557490633
3644,-7.844845557490633
3645,-7.844845557490633
3646,-7.844845557490633
3647,-7.844845557490633
3648,-7.844845557490633
3649,-7.844845557490633
3650,-7.844845557490633
3651,-7.844845557490633
3652,-7.844845557490633
3653,-7.844845557490633
3654,-7.844845557490633
3655,-7.844845557490633
3656,-7.844845557490633
3657,-7.844845557490633
3658,-7.844845557490633
3659,-7.844845557490633
3660,-7.844845557490633
3661,-7.844845557490633
3662,-7.844845557490633
3663,-7.844845557490633
3664,-7.844845557490633
3665,-7.844845557490633
3666,-7.844845557490633
3667,-7.844845557490633
3668,-7.844845557490633
3669,-7.844845557490633
3670,-7.844845557490633
3671,-7.844845557490633
3672,-7.844845557490633
3673,-7.844845557490633
3674,-7.844845557490633
3675,-7.844845557490633
3676,-7.844845557490633
3677,-7.844845557490633
3678,-7.844845557490633
3679,-7.844845557490633
3680,-7.844845557490633
3681,-7.844845557490633
3682,-7.844845557490633
3683,-7.844845557490633
3684,-7.844845557490633
3685,-7.844845557490633
3686,-7.844845557490633
3687,-7.844845557490633
3688,-7.844845557490633
3689,-7.844845557490633
3690,-7.844845557490633
3691,-7.844845557490633
3692,-7.844845557490633
3693,-7.844845557490633
3694,-7.844845557490633
3695,-7.844845557490633
3696,-7.844845557490633
3697,-7.844845557490633
3698,-7.844845557490633
3699,-7.844845557490633
3700,-7.844845557490633
3701,-7.844845557490633
3702,-7.844845557490633
3703,-7.844845557490633
3704,-7.844845557490633
3705,-7.844845557490633
3706,-7.844845557490633
3707,-7.844845557490633
3708,-7.844845557490633
3709,-7.844845557490633
3710,-7.844845557490633
3711,-7.844845557490633
3712,-7.844845557490633
3713,-7.844845557490633
3714,-7.844845557490633
3715,-7.844845557490633
3716,-7.844845557490633
3717,-7.844845557490633
3718,-7.844845557490633
3719,-7.844845557490633
3720,-7.844845557490633
3721,-7.844845557490633
3722,-7.844845557490633
3723,-7.844845557490633
3724,-7.844845557490633
3725,-7.844845557490633
3726,-7.844845557490633
3727,-7.844845557490633
3728,-7.844845557490633
3729,-7.844845557490633
3730,-7.844845557490633
3731,-7.844845557490633
3732,-7.844845557490633
3733,-7.844845557490633
3734,-7.844845557490633
3735,-7.844845557490633
3736,-7.844845557490633
3737,-7.844845557490633
3738,-7.844845557490633
3739,-7.844845557490633
3740,-7.844845557490633
3741,-7.844845557490633
3742,-7.844845557490633
3743,-7.844845557490633
3744,-7.844845557490633
3745,-7.844845557490633
3746,-7.844845557490633
3747,-7.844845557490633
3748,-7.844845557490633
3749,-7.844845557490633
3750,-7.844845557490633
3751,-7.844845557490633
3752,-7.844845557490633
3753,-7.844845557490633
3754,-7.844845557490633
3755,-7.844845557490633
3756,-7.844845557490633
3757,-7.844845557490633
3758,-7.844845557490633
3759,-7.844845557490633
3760,-7.844845557490633
3761,-7.844845557490633
3762,-7.844845557490633
3763,-7.844845557490633
3764,-7.844845557490633
3765,-7.844845557490633
3766,-7.844845557490633
3767,-7.844845557490633
3768,-7.844845557490633
3769,-7.844845557490633
3770,-7.844845557490633
3771,-7.844845557490633
3772,-7.844845557490633
3773,-7.844845557490633
3774,-7.844845557490633
3775,-7.844845557490633
3776,-7.844845557490633
3777,-7.844845557490633
3778,-7.844845557490633
3779,-7.844845557490633
3780,-7.844845557490633
3781,-7.844845557490633
3782,-7.844845557490633
3783,-7.844845557490633
3784,-7.844845557490633
3785,-7.844845557490633
3786,-7.844845557490633
3787,-7.844845557490633
3788,-7.844845557490633
3789,-7.844845557490633
3790,-7.844845557490633
3791,-7.844845557490633
3792,-7.844845557490633
3793,-7.844845557490633
3794,-7.844845557490633
3795,-7.844845557490633
3796,-7.844845557490633
3797,-7.844845557490633
3798,-7.844845557490633
3799,-7.844845557490633
3800,-7.844845557490633
3801,-7.844845557490633
3802,-7.844845557490633
3803,-7.844845557490633
3804,-7.844845557490633
3805,-7.844845557490633
3806,-7.844845557490633
3807,-7.844845557490633
3808,-7.844845557490633
3809,-7.844845557490633
3810,-7.844845557490633
3811,-7.844845557490633
3812,-7.844845557490633
3813,-7.844845557490633
3814,-7.844845557490633
3815,-7.844845557490633
3816,-7.844845557490633
3817,-7.844845557490633
3818,-7.844845557490633
3819,-7.844845557490633
3820,-7.844845557490633
3821,-7.844845557490633
3822,-7.844845557490633
3823,-7.844845557490633
3824,-7.844845557490633
3825,-7.844845557490633
3826,-7.844845557490633
3827,-7.844845557490633
3828,-7.844845557490633
3829,-7.844845557490633
3830,-7.844845557490633
3831,-7.844845557490633
3832,-7.844845557490633
3833,-7.844845557490633
3834,-7.844845557490633
3835,-7.844845557490633
3836,-7.844845557490633
3837,-7.844845557490633
3838,-7.844845557490633
3839,-7.844845557490633
3840,-7.844845557490633
3841,-7.844845557490633
3842,-7.844845557490633
3843,-7.844845557490633
3844,-7.844845557490633
3845,-7.844845557490633
3846,-7.844845557490633
3847,-7.844845557490633
3848,-7.844845557490633
3849,-7.844845557490633
3850,-7.844845557490633
3851,-7.844845557490633
3852,-7.844845557490633
3853,-7.844845557490633
3854,-7.844845557490633
3855,-7.844845557490633
3856,-7.844845557490633
3857,-7.844845557490633
3858,-7.844845557490633
3859,-7.844845557490633
3860,-7.844845557490633
3861,-7.844845557490633
3862,-7.844845557490633
3863,-7.844845557490633
3864,-7.844845557490633
3865,-7.844845557490633
3866,-7.844845557490633
3867,-7.844845557490633
3868,-7.844845557490633
3869,-7.844845557490633
3870,-7.844845557490633
3871,-7.844845557490633
3872,-7.844845557490633
3873,-7.844845557490633
3874,-7.844845557490633
3875,-7.844845557490633
3876,-7.844845557490633
3877,-7.844845557490633
3878,-7.844845557490633
3879,-7.844845557490633
3880,-7.844845557490633
3881,-7.844845557490633
3882,-7.844845557490633
3883,-7.844845557490633
3884,-7.844845557490633
3885,-7.844845557490633
3886,-7.844845557490633
3887,-7.844845557490633
3888,-7.844845557490633
3889,-7.844845557490633
3890,-7.844845557490633
3891,-7.844845557490633
3892,-7.844845557490633
3893,-7.844845557490633
3894,-7.844845557490633
3895,-7.844845557490633
3896,-7.844845557490633
3897,-7.844845557490633
3898,-7.844845557490633
3899,-7.844845557490633
3900,-7.844845557490633
3901,-7.844845557490633
3902,-7.844845557490633
3903,-7.844845557490633
3904,-7.844845557490633
3905,-7.844845557490633
3906,-7.844845557490633
3907,-7.844845557490633
3908,-7.844845557490633
3909,-7.844845557490633
3910,-7.844845557490633
3911,-7.844845557490633
3912,-7.844845557490633
3913,-7.844845557490633
3914,-7.844845557490633
3915,-7.844845557490633
3916,-7.844845557490633
3917,-7.844845557490633
3918,-7.844845557490633
3919,-7.844845557490633
3920,-7.844845557490633
3921,-7.844845557490633
3922,-7.844845557490633
3923,-7.844845557490633
3924,-7.844845557490633
3925,-7.844845557490633
3926,-7.844845557490633
3927,-7.844845557490633
3928,-7.844845557490633
3929,-7.844845557490633
3930,-7.844845557490633
3931,-7.844845557490633
3932,-7.844845557490633
3933,-7.844845557490633
3934,-7.844845557490633
3935,-7.844845557490633
3936,-7.844845557490633
3937,-7.844845557490633
3938,-7.844845557490633
3939,-7.844845557490633
3940,-7.844845557490633
3941,-7.844845557490633
3942,-7.844845557490633
3943,-7.844845557490633
3944,-7.844845557490633
3945,-7.844845557490633
3946,-7.844845557490633
3947,-7.844845557490633
3948,-7.844845557490633
3949,-7.844845557490633
3950,-7.844845557490633
3951,-7.844845557490633
3952,-7.844845557490633
3953,-7.844845557490633
3954,-7.844845557490633
3955,-7.844845557490633
3956,-7.844845557490633
3957,-7.844845557490633
3958,-7.844845557490633
3959,-7.844845557490633
3960,-7.844845557490633
3961,-7.844845557490633
3962,-7.844845557490633
3963,-7.844845557490633
3964,-7.844845557490633
3965,-7.844845557490633
3966,-7.844845557490633
3967,-7.844845557490633
3968,-7.844845557490633
3969,-7.844845557490633
3970,-7.844845557490633
3971,-7.844845557490633
3972,-7.844845557490633
3973,-7.844845557490633
3974,-7.844845557490633
3975,-7.844845557490633
3976,-7.844845557490633
3977,-7.844845557490633
3978,-7.844845557490633
3979,-7.844845557490633
3980,-7.844845557490633
3981,-7.844845557490633
3982,-7.844845557490633
3983,-7.844845557490633
3984,-7.844845557490633
3985,-7.844845557490633
3986,-7.844845557490633
3987,-7.844845557490633
3988,-7.844845557490633
3989,-7.844845557490633
3990,-7.844845557490633
3991,-7.844845557490633
3992,-7.844845557490633
3993,-7.844845557490633
3994,-7.844845557490633
3995,-7.844845557490633
3996,-7.844845557490633
3997,-7.844845557490633
3998,-7.844845557490633
3999,-7.844845557490633
4000,-7.844845557490633
4001,-7.844845557490633
4002,-7.844845557490633
4003,-7.844845557490633
4004,-7.844845557490633
4005,-7.844845557490633
4006,-7.844845557490633
4007,-7.844845557490633
4008,-7.844845557490633
4009,-7.844845557490633
4010,-7.844845557490633
4011,-7.844845557490633
4012,-7.844845557490633
4013,-7.844845557490633
4014,-7.844845557490633
4015,-7.844845557490633
4016,-7.844845557490633
4017,-7.844845557490633
4018,-7.844845557490633
4019,-7.844845557490633
4020,-7.844845557490633
4021,-7.844845557490633
4022,-7.844845557490633
4023,-7.844845557490633
4024,-7.844845557490633
4025,-7.844845557490633
4026,-7.844845557490633
4027,-7.844845557490633
4028,-7.844845557490633
4029,-7.844845557490633
4030,-7.844845557490633
4031,-7.844845557490633
4032,-7.844845557490633
4033,-7.844845557490633
4034,-7.844845557490633
4035,-7.844845557490633
4036,-7.844845557490633
4037,-7.844845557490633
4038,-7.844845557490633
4039,-7.844845557490633
4040,-7.844845557490633
4041,-7.844845557490633
4042,-7.844845557490633
4043,-7.844845557490633
4044,-7.844845557490633
4045,-7.844845557490633
4046,-7.844845557490633
4047,-7.844845557490633
4048,-7.844845557490633
4049,-7.844845557490633
4050,-7.844845557490633
4051,-7.844845557490633
4052,-7.844845557490633
4053,-7.844845557490633
4054,-7.844845557490633
4055,-7.844845557490633
4056,-7.844845557490633
4057,-7.844845557490633
4058,-7.844845557490633
4059,-7.844845557490633
4060,-7.844845557490633
4061,-7.844845557490633
4062,-7.844845557490633
4063,-7.844845557490633
4064,-7.844845557490633
4065,-7.844845557490633
4066,-7.844845557490633
4067,-7.844845557490633
4068,-7.844845557490633
4069,-7.844845557490633
4070,-7.844845557490633
4071,-7.844845557490633
4072,-7.844845557490633
4073,-7.844845557490633
4074,-7.844845557490633
4075,-7.844845557490633
4076,-7.844845557490633
4077,-7.844845557490633
4078,-7.844845557490633
4079,-7.844845557490633
4080,-7.844845557490633
4081,-7.844845557490633
4082,-7.844845557490633
4083,-7.844845557490633
4084,-7.844845557490633
4085,-7.844845557490633
4086,-7.844845557490633
4087,-7.844845557490633
4088,-7.844845557490633
4089,-7.844845557490633
4090,-7.844845557490633
4091,-7.844845557490633
4092,-7.844845557490633
4093,-7.844845557490633
4094,-7.844845557490633
4095,-7.844845557490633
4096,-7.844845557490633
4097,-7.844845557490633
4098,-7.844845557490633
4099,-7.844845557490633
4100,-7.844845557490633
4101,-7.844845557490633
4102,-7.844845557490633
4103,-7.844845557490633
4104,-7.844845557490633
4105,-7.844845557490633
4106,-7.844845557490633
4107,-7.844845557490633
4108,-7.844845557490633
4109,-7.844845557490633
4110,-7.844845557490633
4111,-7.844845557490633
4112,-7.844845557490633
4113,-7.844845557490633
4114,-7.844845557490633
4115,-7.844845557490633
4116,-7.844845557490633
4117,-7.844845557490633
4118,-7.844845557490633
4119,-7.844845557490633
4120,-7.844845557490633
4121,-7.844845557490633
4122,-7.844845557490633
4123,-7.844845557490633
4124,-7.844845557490633
4125,-7.844845557490633
4126,-7.844845557490633
4127,-7.844845557490633
4128,-7.844845557490633
4129,-7.844845557490633
4130,-7.844845557490633
4131,-7.844845557490633
4132,-7.844845557490633
4133,-7.844845557490633
4134,-7.844845557490633
4135,-7.844845557490633
4136,-7.844845557490633
4137,-7.844845557490633
4138,-7.844845557490633
4139,-7.844845557490633
4140,-7.844845557490633
4141,-7.844845557490633
4142,-7.844845557490633
4143,-7.844845557490633
4144,-7.844845557490633
4145,-7.844845557490633
4146,-7.844845557490633
4147,-7.844845557490633
4148,-7.844845557490633
4149,-7.844845557490633
4150,-7.844845557490633
4151,-7.844845557490633
4152,-7.844845557490633
4153,-7.844845557490633
4154,-7.844845557490633
4155,-7.844845557490633
4156,-7.844845557490633
4157,-7.844845557490633
4158,-7.844845557490633
4159,-7.844845557490633
4160,-7.844845557490633
4161,-7.844845557490633
4162,-7.844845557490633
4163,-7.844845557490633
4164,-7.844845557490633
4165,-7.844845557490633
4166,-7.844845557490633
4167,-7.844845557490633
4168,-7.844845557490633
4169,-7.844845557490633
4170,-7.844845557490633
4171,-7.844845557490633
4172,-7.844845557490633
4173,-7.844845557490633
4174,-7.844845557490633
4175,-7.844845557490633
4176,-7.844845557490633
4177,-7.844845557490633
4178,-7.844845557490633
4179,-7.844845557490633
4180,-7.844845557490633
4181,-7.844845557490633
4182,-7.844845557490633
4183,-7.844845557490633
4184,-7.844845557490633
4185,-7.844845557490633
4186,-7.844845557490633
4187,-7.844845557490633
4188,-7.844845557490633
4189,-7.844845557490633
4190,-7.844845557490633
4191,-7.844845557490633
4192,-7.844845557490633
4193,-7.844845557490633
4194,-7.844845557490633
4195,-7.844845557490633
4196,-7.844845557490633
4197,-7.844845557490633
4198,-7.844845557490633
4199,-7.844845557490633
4200,-7.844845557490633
4201,-7.844845557490633
4202,-7.844845557490633
4203,-7.844845557490633
4204,-7.844845557490633
4205,-7.844845557490633
4206,-7.844845557490633
4207,-7.844845557490633
4208,-7.844845557490633
4209,-7.844845557490633
4210,-7.844845557490633
4211,-7.844845557490633
4212,-7.844845557490633
4213,-7.844845557490633
4214,-7.844845557490633
4215,-7.844845557490633
4216,-7.844845557490633
4217,-7.844845557490633
4218,-7.844845557490633
4219,-7.844845557490633
4220,-7.844845557490633
4221,-7.844845557490633
4222,-7.844845557490633
4223,-7.844845557490633
4224,-7.844845557490633
4225,-7.844845557490633
4226,-7.844845557490633
4227,-7.844845557490633
4228,-7.844845557490633
4229,-7.844845557490633
4230,-7.844845557490633
4231,-7.844845557490633
4232,-7.844845557490633
4233,-7.844845557490633
4234,-7.844845557490633
4235,-7.844845557490633
4236,-7.844845557490633
4237,-7.844845557490633
4238,-7.844845557490633
4239,-7.844845557490633
4240,-7.844845557490633
4241,-7.844845557490633
4242,-7.844845557490633
4243,-7.844845557490633
4244,-7.844845557490633
4245,-7.844845557490633
4246,-7.844845557490633
4247,-7.844845557490633
4248,-7.844845557490633
4249,-7.844845557490633
4250,-7.844845557490633
4251,-7.844845557490633
4252,-7.844845557490633
4253,-7.844845557490633
4254,-7.844845557490633
4255,-7.844845557490633
4256,-7.844845557490633
4257,-7.844845557490633
4258,-7.844845557490633
4259,-7.844845557490633
4260,-7.844845557490633
4261,-7.844845557490633
4262,-7.844845557490633
4263,-7.844845557490633
4264,-7.844845557490633
4265,-7.844845557490633
4266,-7.844845557490633
4267,-7.844845557490633
4268,-7.844845557490633
4269,-7.844845557490633
4270,-7.844845557490633
4271,-7.844845557490633
4272,-7.844845557490633
4273,-7.844845557490633
4274,-7.844845557490633
4275,-7.844845557490633
4276,-7.844845557490633
4277,-7.844845557490633
4278,-7.844845557490633
4279,-7.844845557490633
4280,-7.844845557490633
4281,-7.844845557490633
4282,-7.844845557490633
4283,-7.844845557490633
4284,-7.844845557490633
4285,-7.844845557490633
4286,-7.844845557490633
4287,-7.844845557490633
4288,-7.844845557490633
4289,-7.844845557490633
4290,-7.844845557490633
4291,-7.844845557490633
4292,-7.844845557490633
4293,-7.844845557490633
4294,-7.844845557490633
4295,-7.844845557490633
4296,-7.844845557490633
4297,-7.844845557490633
4298,-7.844845557490633
4299,-7.844845557490633
4300,-7.844845557490633
4301,-7.844845557490633
4302,-7.844845557490633
4303,-7.844845557490633
4304,-7.844845557490633
4305,-7.844845557490633
4306,-7.844845557490633
4307,-7.844845557490633
4308,-7.844845557490633
4309,-7.844845557490633
4310,-7.844845557490633
4311,-7.844845557490633
4312,-7.844845557490633
4313,-7.844845557490633
4314,-7.844845557490633
4315,-7.844845557490633
4316,-7.844845557490633
4317,-7.844845557490633
4318,-7.844845557490633
4319,-7.844845557490633
4320,-7.844845557490633
4321,-7.844845557490633
4322,-7.844845557490633
4323,-7.844845557490633
4324,-7.844845557490633
4325,-7.844845557490633
4326,-7.844845557490633
4327,-7.844845557490633
4328,-7.844845557490633
4329,-7.844845557490633
4330,-7.844845557490633
4331,-7.844845557490633
4332,-7.844845557490633
4333,-7.844845557490633
4334,-7.844845557490633
4335,-7.844845557490633
4336,-7.844845557490633
4337,-7.844845557490633
4338,-7.844845557490633
4339,-7.844845557490633
4340,-7.844845557490633
4341,-7.844845557490633
4342,-7.844845557490633
4343,-7.844845557490633
4344,-7.844845557490633
4345,-7.844845557490633
4346,-7.844845557490633
4347,-7.844845557490633
4348,-7.844845557490633
4349,-7.844845557490633
4350,-7.844845557490633
4351,-7.844845557490633
4352,-7.844845557490633
4353,-7.844845557490633
4354,-7.844845557490633
4355,-7.844845557490633
4356,-7.844845557490633
4357,-7.844845557490633
4358,-7.844845557490633
4359,-7.844845557490633
4360,-7.844845557490633
4361,-7.844845557490633
4362,-7.844845557490633
4363,-7.844845557490633
4364,-7.844845557490633
4365,-7.844845557490633
4366,-7.844845557490633
4367,-7.844845557490633
4368,-7.844845557490633
4369,-7.844845557490633
4370,-7.844845557490633
4371,-7.844845557490633
4372,-7.844845557490633
4373,-7.844845557490633
4374,-7.844845557490633
4375,-7.844845557490633
4376,-7.844845557490633
4377,-7.844845557490633
4378,-7.844845557490633
4379,-7.844845557490633
4380,-7.844845557490633
4381,-7.844845557490633
4382,-7.844845557490633
4383,-7.844845557490633
4384,-7.844845557490633
4385,-7.844845557490633
4386,-7.844845557490633
4387,-7.844845557490633
4388,-7.844845557490633
4389,-7.844845557490633
4390,-7.844845557490633
4391,-7.844845557490633
4392,-7.844845557490633
4393,-7.844845557490633
4394,-7.844845557490633
4395,-7.844845557490633
4396,-7.844845557490633
4397,-7.844845557490633
4398,-7.844845557490633
4399,-7.844845557490633
4400,-7.844845557490633
4401,-7.844845557490633
4402,-7.844845557490633
4403,-7.844845557490633
4404,-7.844845557490633
4405,-7.844845557490633
4406,-7.844845557490633
4407,-7.844845557490633
4408,-7.844845557490633
4409,-7.844845557490633
4410,-7.844845557490633
4411,-7.844845557490633
4412,-7.844845557490633
4413,-7.844845557490633
4414,-7.844845557490633
4415,-7.844845557490633
4416,-7.844845557490633
4417,-7.844845557490633
4418,-7.844845557490633
4419,-7.844845557490633
4420,-7.844845557490633
4421,-7.844845557490633
4422,-7.844845557490633
4423,-7.844845557490633
4424,-7.844845557490633
4425,-7.844845557490633
4426,-7.844845557490633
4427,-7.844845557490633
4428,-7.844845557490633
4429,-7.844845557490633
4430,-7.844845557490633
4431,-7.844845557490633
4432,-7.844845557490633
4433,-7.844845557490633
4434,-7.844845557490633
4435,-7.844845557490633
4436,-7.844845557490633
4437,-7.844845557490633
4438,-7.844845557490633
4439,-7.844845557490633
4440,-7.844845557490633
4441,-7.844845557490633
4442,-7.844845557490633
4443,-7.844845557490633
4444,-7.844845557490633
4445,-7.844845557490633
4446,-7.844845557490633
4447,-7.844845557490633
4448,-7.844845557490633
4449,-7.844845557490633
4450,-7.844845557490633
4451,-7.844845557490633
4452,-7.844845557490633
4453,-7.844845557490633
4454,-7.844845557490633
4455,-7.844845557490633
4456,-7.844845557490633
4457,-7.844845557490633
4458,-7.844845557490633
4459,-7.844845557490633
4460,-7.844845557490633
4461,-7.844845557490633
4462,-7.844845557490633
4463,-7.844845557490633
4464,-7.844845557490633
4465,-7.844845557490633
4466,-7.844845557490633
4467,-7.844845557490633
4468,-7.844845557490633
4469,-7.844845557490633
4470,-7.844845557490633
4471,-7.844845557490633
4472,-7.844845557490633
4473,-7.844845557490633
4474,-7.844845557490633
4475,-7.844845557490633
4476,-7.844845557490633
4477,-7.844845557490633
4478,-7.844845557490633
4479,-7.844845557490633
4480,-7.844845557490633
4481,-7.844845557490633
4482,-7.844845557490633
4483,-7.844845557490633
4484,-7.844845557490633
4485,-7.844845557490633
4486,-7.844845557490633
4487,-7.844845557490633
4488,-7.844845557490633
4489,-7.844845557490633
4490,-7.844845557490633
4491,-7.844845557490633
4492,-7.844845557490633
4493,-7.844845557490633
4494,-7.844845557490633
4495,-7.844845557490633
4496,-7.844845557490633
4497,-7.844845557490633
4498,-7.844845557490633
4499,-7.844845557490633
4500,-7.844845557490633
4501,-7.844845557490633
4502,-7.844845557490633
4503,-7.844845557490633
4504,-7.844845557490633
4505,-7.844845557490633
4506,-7.844845557490633
4507,-7.844845557490633
4508,-7.844845557490633
4509,-7.844845557490633
4510,-7.844845557490633
4511,-7.844845557490633
4512,-7.844845557490633
4513,-7.844845557490633
4514,-7.844845557490633
4515,-7.844845557490633
4516,-7.844845557490633
4517,-7.844845557490633
4518,-7.844845557490633
4519,-7.844845557490633
4520,-7.844845557490633
4521,-7.844845557490633
4522,-7.844845557490633
4523,-7.844845557490633
4524,-7.844845557490633
4525,-7.844845557490633
4526,-7.844845557490633
4527,-7.844845557490633
4528,-7.844845557490633
4529,-7.844845557490633
4530,-7.844845557490633
4531,-7.844845557490633
4532,-7.844845557490633
4533,-7.844845557490633
4534,-7.844845557490633
4535,-7.844845557490633
4536,-7.844845557490633
4537,-7.844845557490633
4538,-7.844845557490633
4539,-7.844845557490633
4540,-7.844845557490633
4541,-7.844845557490633
4542,-7.844845557490633
4543,-7.844845557490633
4544,-7.844845557490633
4545,-7.844845557490633
4546,-7.844845557490633
4547,-7.844845557490633
4548,-7.844845557490633
4549,-7.844845557490633
4550,-7.844845557490633
4551,-7.844845557490633
4552,-7.844845557490633
4553,-7.844845557490633
4554,-7.844845557490633
4555,-7.844845557490633
4556,-7.844845557490633
4557,-7.844845557490633
4558,-7.844845557490633
4559,-7.844845557490633
4560,-7.844845557490633
4561,-7.844845557490633
4562,-7.844845557490633
4563,-7.844845557490633
4564,-7.844845557490633
4565,-7.844845557490633
4566,-7.844845557490633
4567,-7.844845557490633
4568,-7.844845557490633
4569,-7.844845557490633
4570,-7.844845557490633
4571,-7.844845557490633
4572,-7.844845557490633
4573,-7.844845557490633
4574,-7.844845557490633
4575,-7.844845557490633
4576,-7.844845557490633
4577,-7.844845557490633
4578,-7.844845557490633
4579,-7.844845557490633
4580,-7.844845557490633
4581,-7.844845557490633
4582,-7.844845557490633
4583,-7.844845557490633
4584,-7.844845557490633
4585,-7.844845557490633
4586,-7.844845557490633
4587,-7.844845557490633
4588,-7.844845557490633
4589,-7.844845557490633
4590,-7.844845557490633
4591,-7.844845557490633
4592,-7.844845557490633
4593,-7.844845557490633
4594,-7.844845557490633
4595,-7.844845557490633
4596,-7.844845557490633
4597,-7.844845557490633
4598,-7.844845557490633
4599,-7.844845557490633
4600,-7.844845557490633
4601,-7.844845557490633
4602,-7.844845557490633
4603,-7.844845557490633
4604,-7.844845557490633
4605,-7.844845557490633
4606,-7.844845557490633
4607,-7.844845557490633
4608,-7.844845557490633
4609,-7.844845557490633
4610,-7.844845557490633
4611,-7.844845557490633
4612,-7.844845557490633
4613,-7.844845557490633
4614,-7.844845557490633
4615,-7.844845557490633
4616,-7.844845557490633
4617,-7.844845557490633
4618,-7.844845557490633
4619,-7.844845557490633
4620,-7.844845557490633
4621,-7.844845557490633
4622,-7.844845557490633
4623,-7.844845557490633
4624,-7.844845557490633
4625,-7.844845557490633
4626,-7.844845557490633
4627,-7.844845557490633
4628,-7.844845557490633
4629,-7.844845557490633
4630,-7.844845557490633
4631,-7.844845557490633
4632,-7.844845557490633
4633,-7.844845557490633
4634,-7.844845557490633
4635,-7.844845557490633
4636,-7.844845557490633
4637,-7.844845557490633
4638,-7.844845557490633
4639,-7.844845557490633
4640,-7.844845557490633
4641,-7.844845557490633
4642,-7.844845557490633
4643,-7.844845557490633
4644,-7.844845557490633
4645,-7.844845557490633
4646,-7.844845557490633
4647,-7.844845557490633
4648,-7.844845557490633
4649,-7.844845557490633
4650,-7.844845557490633
4651,-7.844845557490633
4652,-7.844845557490633
4653,-7.844845557490633
4654,-7.844845557490633
4655,-7.844845557490633
4656,-7.844845557490633
4657,-7.844845557490633
4658,-7.844845557490633
4659,-7.844845557490633
4660,-7.844845557490633
4661,-7.844845557490633
4662,-7.844845557490633
4663,7.1116713932287405
4664,7.1116713932287405
4665,7.1116713932287405
4666,7.1116713932287405
4667,7.1116713932287405
4668,7.1116713932287405
4669,7.1116713932287405
4670,7.1116713932287405
4671,7.1116713932287405
4672,7.1116713932287405
4673,7.1116713932287405
4674,7.1116713932287405
4675,7.1116713932287405
4676,7.1116713932287405
4677,7.1116713932287405
4678,7.1116713932287405
4679,7.1116713932287405
4680,7.1116713932287405
4681,7.1116713932287405
4682,7.1116713932287405
4683,7.1116713932287405
4684,7.1116713932287405
4685,7.1116713932287405
4686,7.1116713932287405
4687,7.1116713932287405
4688,7.1116713932287405
4689,7.1116713932287405
4690,7.1116713932287405
4691,7.1116713932287405
4692,7.1116713932287405
4693,7.1116713932287405
4694,7.1116713932287405
4695,7.1116713932287405
4696,7.1116713932287405
4697,7.1116713932287405
4698,7.1116713932287405
4699,7.1116713932287405
4700,7.1116713932287405
4701,7.1116713932287405
4702,7.1116713932287405
4703,7.1116713932287405
4704,7.1116713932287405
4705,7.1116713932287405
4706,7.1116713932287405
4707,7.1116713932287405
4708,7.1116713932287405
4709,7.1116713932287405
4710,7.1116713932287405
4711,7.1116713932287405
4712,7.1116713932287405
4713,7.1116713932287405
4714,7.1116713932287405
4715,7.1116713932287405
4716,7.1116713932287405
4717,7.1116713932287405
4718,7.1116713932287405
4719,7.1116713932287405
4720,7.1116713932287405
4721,7.1116713932287405
4722,7.1116713932287405
4723,7.1116713932287405
4724,7.1116713932287405
4725,7.1116713932287405
4726,7.1116713932287405
4727,7.1116713932287405
4728,7.1116713932287405
4729,7.1116713932287405
4730,7.1116713932287405
4731,7.1116713932287405
4732,7.1116713932287405
4733,7.1116713932287405
4734,7.1116713932287405
4735,7.1116713932287405
4736,7.1116713932287405
4737,7.1116713932287405
4738,7.1116713932287405
4739,7.1116713932287405
4740,7.1116713932287405
4741,7.1116713932287405
4742,7.1116713932287405
4743,7.1116713932287405
4744,7.1116713932287405
4745,7.1116713932287405
4746,7.1116713932287405
4747,7.1116713932287405
4748,7.1116713932287405
4749,7.1116713932287405
4750,7.1116713932287405
4751,7.1116713932287405
4752,7.1116713932287405
4753,7.1116713932287405
4754,7.1116713932287405
4755,7.1116713932287405
4756,7.1116713932287405
4757,7.1116713932287405
4758,7.1116713932287405
4759,7.1116713932287405
4760,7.1116713932287405
4761,7.1116713932287405
4762,7.1116713932287405
4763,7.1116713932287405
4764,7.1116713932287405
4765,7.1116713932287405
4766,7.1116713932287405
4767,7.1116713932287405
4768,7.1116713932287405
4769,7.1116713932287405
4770,7.1116713932287405
4771,7.1116713932287405
4772,7.1116713932287405
4773,7.1116713932287405
4774,7.1116713932287405
4775,7.1116713932287405
4776,7.1116713932287405
4777,7.1116713932287405
4778,7.1116713932287405
4779,7.1116713932287405
4780,7.1116713932287405
4781,7.1116713932287405
4782,7.1116713932287405
4783,7.1116713932287405
4784,7.1116713932287405
4785,7.1116713932287405
4786,7.1116713932287405
4787,7.1116713932287405
4788,7.1116713932287405
4789,7.1116713932287405
4790,7.1116713932287405
4791,7.1116713932287405
4792,7.1116713932287405
4793,7.1116713932287405
4794,7.1116713932287405
4795,7.1116713932287405
4796,7.1116713932287405
4797,7.1116713932287405
4798,7.1116713932287405
4799,7.1116713932287405
4800,7.1116713932287405
4801,7.1116713932287405
4802,7.1116713932287405
4803,7.1116713932287405
4804,7.1116713932287405
4805,7.1116713932287405
4806,7.1116713932287405
4807,7.1116713932287405
4808,7.1116713932287405
4809,7.1116713932287405
4810,7.1116713932287405
4811,7.1116713932287405
4812,7.1116713932287405
4813,7.1116713932287405
4814,7.1116713932287405
4815,7.1116713932287405
4816,7.1116713932287405
4817,7.1116713932287405
4818,7.1116713932287405
4819,7.1116713932287405
4820,7.1116713932287405
4821,7.1116713932287405
4822,7.1116713932287405
4823,7.1116713932287405
4824,7.1116713932287405
4825,7.1116713932287405
4826,7.1116713932287405
4827,7.1116713932287405
4828,7.1116713932287405
4829,7.1116713932287405
4830,7.1116713932287405
4831,7.1116713932287405
4832,7.1116713932287405
4833,7.1116713932287405
4834,7.1116713932287405
4835,7.1116713932287405
4836,7.1116713932287405
4837,7.1116713932287405
4838,7.1116713932287405
4839,7.1116713932287405
4840,7.1116713932287405
4841,7.1116713932287405
4842,7.1116713932287405
4843,7.1116713932287405
4844,7.1116713932287405
4845,7.1116713932287405
4846,7.1116713932287405
4847,7.1116713932287405
4848,7.1116713932287405
4849,7.1116713932287405
4850,7.1116713932287405
4851,7.1116713932287405
4852,7.1116713932287405
4853,7.1116713932287405
4854,7.1116713932287405
4855,7.1116713932287405
4856,7.1116713932287405
4857,7.1116713932287405
4858,7.1116713932287405
4859,7.1116713932287405
4860,7.1116713932287405
4861,7.1116713932287405
4862,7.1116713932287405
4863,7.1116713932287405
4864,7.1116713932287405
4865,7.1116713932287405
4866,7.1116713932287405
4867,7.1116713932287405
4868,7.1116713932287405
4869,7.1116713932287405
4870,7.1116713932287405
4871,7.1116713932287405
4872,7.1116713932287405
4873,7.1116713932287405
4874,7.1116713932287405
4875,7.1116713932287405
4876,7.1116713932287405
4877,7.1116713932287405
4878,7.1116713932287405
4879,7.1116713932287405
4880,7.1116713932287405
4881,7.1116713932287405
4882,7.1116713932287405
4883,7.1116713932287405
4884,7.1116713932287405
4885,7.1116713932287405
4886,7.1116713932287405
4887,7.1116713932287405
4888,7.1116713932287405
4889,7.1116713932287405
4890,7.1116713932287405
4891,7.1116713932287405
4892,7.1116713932287405
4893,7.1116713932287405
4894,7.1116713932287405
4895,7.1116713932287405
4896,7.1116713932287405
4897,7.1116713932287405
4898,7.1116713932287405
4899,7.1116713932287405
4900,7.1116713932287405
4901,7.1116713932287405
4902,7.1116713932287405
4903,7.1116713932287405
4904,7.1116713932287405
4905,7.1116713932287405
4906,7.1116713932287405
4907,7.1116713932287405
4908,7.1116713932287405
4909,7.1116713932287405
4910,7.1116713932287405
4911,7.1116713932287405
4912,7.1116713932287405
4913,7.1116713932287405
4914,7.1116713932287405
4915,7.1116713932287405
4916,7.1116713932287405
4917,7.1116713932287405
4918,7.1116713932287405
4919,7.1116713932287405
4920,7.1116713932287405
4921,7.1116713932287405
4922,7.1116713932287405
4923,7.1116713932287405
4924,7.1116713932287405
4925,7.1116713932287405
4926,7.1116713932287405
4927,7.1116713932287405
4928,7.1116713932287405
4929,7.1116713932287405
4930,7.1116713932287405
4931,7.1116713932287405
4932,7.1116713932287405
4933,7.1116713932287405
4934,7.1116713932287405
4935,7.1116713932287405
4936,7.1116713932287405
4937,7.1116713932287405
4938,7.1116713932287405
4939,7.1116713932287405
4940,7.1116713932287405
4941,7.1116713932287405
4942,7.1116713932287405
4943,7.1116713932287405
4944,7.1116713932287405
4945,7.1116713932287405
4946,7.1116713932287405
4947,7.1116713932287405
4948,7.1116713932287405
4949,7.1116713932287405
4950,7.1116713932287405
4951,7.1116713932287405
4952,7.1116713932287405
4953,7.1116713932287405
4954,7.1116713932287405
4955,7.1116713932287405
4956,7.1116713932287405
4957,7.1116713932287405
4958,7.1116713932287405
4959,7.1116713932287405
4960,7.1116713932287405
4961,7.1116713932287405
4962,7.1116713932287405
4963,7.1116713932287405
4964,-1.402038255642288
4965,-1.402038255642288
4966,-1.402038255642288
4967,-1.402038255642288
4968,-1.402038255642288
4969,-1.402038255642288
4970,-1.402038255642288
4971,-1.402038255642288
4972,-1.402038255642288
4973,-1.402038255642288
4974,-1.402038255642288
4975,-1.402038255642288
4976,-1.402038255642288
4977,-1.402038255642288
4978,-1.402038255642288
4979,-1.402038255642288
4980,-1.402038255642288
4981,-1.402038255642288
4982,-1.402038255642288
4983,-1.402038255642288
4984,-1.402038255642288
4985,-1.402038255642288
4986,-1.402038255642288
4987,-1.402038255642288
4988,-1.402038255642288
4989,-1.402038255642288
4990,-1.402038255642288
4991,-1.402038255642288
4992,-1.402038255642288
4993,-1.402038255642288
4994,-1.402038255642288
4995,-1.402038255642288
4996,-1.402038255642288
4997,-1.402038255642288
4998,-1.402038255642288
4999,-1.402038255642288
5000,-1.402038255642288
5001,-1.402038255642288
5002,-1.402038255642288
5003,-1.402038255642288
5004,-1.402038255642288
5005,-1.402038255642288
5006,-1.402038255642288
5007,-1.402038255642288
5008,-1.402038255642288
5009,-1.402038255642288
5010,-1.402038255642288
5011,-1.402038255642288
5012,-1.402038255642288
5013,-1.402038255642288
5014,-1.402038255642288
5015,-1.402038255642288
5016,-1.402038255642288
5017,-1.402038255642288
5018,-1.402038255642288
5019,-1.402038255642288
5020,-1.402038255642288
5021,-1.402038255642288
5022,-1.402038255642288
5023,-1.402038255642288
5024,-1.402038255642288
5025,-1.402038255642288
5026,-1.402038255642288
5027,-1.402038255642288
5028,-1.402038255642288
5029,-1.402038255642288
5030,-1.402038255642288
5031,-1.402038255642288
5032,-1.402038255642288
5033,-1.402038255642288
5034,-1.402038255642288
5035,-1.402038255642288
5036,-1.402038255642288
5037,-1.402038255642288
5038,-1.402038255642288
5039,-1.402038255642288
5040,-1.402038255642288
5041,-1.402038255642288
5042,-1.402038255642288
5043,-1.402038255642288
5044,-1.402038255642288
5045,-1.402038255642288
5046,-1.402038255642288
5047,-1.402038255642288
5048,-1.402038255642288
5049,-1.402038255642288
5050,-1.402038255642288
5051,-1.402038255642288
5052,-1.402038255642288
5053,-1.402038255642288
5054,-1.402038255642288
5055,-1.402038255642288
5056,-1.402038255642288
5057,-1.402038255642288
5058,-1.402038255642288
5059,-1.402038255642288
5060,-1.402038255642288
5061,-1.402038255642288
5062,-1.402038255642288
5063,-1.402038255642288
5064,-1.402038255642288
5065,-1.402038255642288
5066,-1.402038255642288
5067,-1.402038255642288
5068,-1.402038255642288
5069,-1.402038255642288
5070,-1.402038255642288
5071,-1.402038255642288
5072,-1.402038255642288
5073,-1.402038255642288
5074,-1.402038255642288
5075,-1.402038255642288
5076,-1.402038255642288
5077,-1.402038255642288
5078,-1.402038255642288
5079,-1.402038255642288
5080,-1.402038255642288
5081,-1.402038255642288
5082,-1.402038255642288
5083,-1.402038255642288
5084,-1.402038255642288
5085,-1.402038255642288
5086,-1.402038255642288
5087,-1.402038255642288
5088,-1.402038255642288
5089,-1.402038255642288
5090,-1.402038255642288
5091,-1.402038255642288
5092,-1.402038255642288
5093,-1.402038255642288
5094,-1.402038255642288
5095,-1.402038255642288
5096,-1.402038255642288
5097,-1.402038255642288
5098,-1.402038255642288
5099,-1.402038255642288
5100,-1.402038255642288
5101,-1.402038255642288
5102,-1.402038255642288
5103,-1.402038255642288
5104,-1.402038255642288
5105,-1.402038255642288
5106,-1.402038255642288
5107,-1.402038255642288
5108,-1.402038255642288
5109,-1.402038255642288
5110,-1.402038255642288
5111,-1.402038255642288
5112,-1.402038255642288
5113,-1.402038255642288
5114,-1.402038255642288
5115,-1.402038255642288
5116,-1.402038255642288
5117,-1.402038255642288
5118,-1.402038255642288
5119,-1.402038255642288
5120,-1.402038255642288
5121,-1.402038255642288
5122,-1.402038255642288
5123,-1.402038255642288
5124,-1.402038255642288
5125,-1.402038255642288
5126,-1.402038255642288
5127,-1.402038255642288
5128,-1.402038255642288
5129,-1.402038255642288
5130,-1.402038255642288
5131,-1.402038255642288
5132,-1.402038255642288
5133,-1.402038255642288
5134,-1.402038255642288
5135,-1.402038255642288
5136,-1.402038255642288
5137,-1.402038255642288
5138,-1.402038255642288
5139,-1.402038255642288
5140,-1.402038255642288
5141,-1.402038255642288
5142,-1.402038255642288
5143,-1.402038255642288
5144,-1.402038255642288
5145,-1.402038255642288
5146,-1.402038255642288
5147,-1.402038255642288
5148,-1.402038255642288
5149,-1.402038255642288
5150,-1.402038255642288
5151,-1.402038255642288
5152,-1.402038255642288
5153,-1.402038255642288
5154,-1.402038255642288
5155,-1.402038255642288
5156,-1.402038255642288
5157,-1.402038255642288
5158,-1.402038255642288
5159,-1.402038255642288
5160,-1.402038255642288
5161,-1.402038255642288
5162,-1.402038255642288
5163,-1.402038255642288
5164,-1.402038255642288
5165,-1.402038255642288
5166,-1.402038255642288
5167,-1.402038255642288
5168,-1.402038255642288
5169,-1.402038255642288
5170,-1.402038255642288
5171,-1.402038255642288
5172,-1.402038255642288
5173,-1.402038255642288
5174,-1.402038255642288
5175,-1.402038255642288
5176,-1.402038255642288
5177,-1.402038255642288
5178,-1.402038255642288
5179,-1.402038255642288
5180,-1.402038255642288
5181,-1.402038255642288
5182,-1.402038255642288
5183,-1.402038255642288
5184,-1.402038255642288
5185,-1.402038255642288
5186,-1.402038255642288
5187,-1.402038255642288
5188,-1.402038255642288
5189,-1.402038255642288
5190,-1.402038255642288
5191,-1.402038255642288
5192,-1.402038255642288
5193,-1.402038255642288
5194,-1.402038255642288
5195,-1.402038255642288
5196,-1.402038255642288
5197,-1.402038255642288
5198,-1.402038255642288
5199,-1.402038255642288
5200,-1.402038255642288
5201,-1.402038255642288
5202,-1.402038255642288
5203,-1.402038255642288
5204,-1.402038255642288
5205,-1.402038255642288
5206,-1.402038255642288
5207,-1.402038255642288
5208,-1.402038255642288
5209,-1.402038255642288
5210,-1.402038255642288
5211,-1.402038255642288
5212,-1.402038255642288
5213,-1.402038255642288
5214,-1.402038255642288
5215,-1.402038255642288
5216,-1.402038255642288
5217,-1.402038255642288
5218,-1.402038255642288
5219,-1.402038255642288
5220,-1.402038255642288
5221,-1.402038255642288
5222,-1.402038255642288
5223,-1.402038255642288
5224,-1.402038255642288
5225,-1.402038255642288
5226,-1.402038255642288
5227,-1.402038255642288
5228,-1.402038255642288
5229,-1.402038255642288
5230,-1.402038255642288
5231,-1.402038255642288
5232,-1.402038255642288
5233,-1.402038255642288
5234,-1.402038255642288
5235,-1.402038255642288
5236,-1.402038255642288
5237,-1.402038255642288
5238,-1.402038255642288
5239,-1.402038255642288
5240,-1.402038255642288
5241,-1.402038255642288
5242,-1.402038255642288
5243,-1.402038255642288
5244,-1.402038255642288
5245,-1.402038255642288
5246,-1.402038255642288
5247,-1.402038255642288
5248,-1.402038255642288
5249,-1.402038255642288
5250,-1.402038255642288
5251,-1.402038255642288
5252,-1.402038255642288
5253,-1.402038255642288
5254,-1.402038255642288
5255,-1.402038255642288
5256,-1.402038255642288
5257,-1.402038255642288
5258,-1.402038255642288
5259,-1.402038255642288
5260,-1.402038255642288
5261,-1.402038255642288
5262,-1.402038255642288
5263,-1.402038255642288
5264,-1.402038255642288
5265,-1.402038255642288
5266,-1.402038255642288
5267,-1.402038255642288
5268,-1.402038255642288
5269,-1.402038255642288
5270,-1.402038255642288
5271,-1.402038255642288
5272,-1.402038255642288
5273,-1.402038255642288
5274,-1.402038255642288
5275,-1.402038255642288
5276,-1.402038255642288
5277,-1.402038255642288
5278,-1.402038255642288
5279,-1.402038255642288
5280,-1.402038255642288
5281,-1.402038255642288
5282,-1.402038255642288
5283,-1.402038255642288
5284,-1.402038255642288
5285,-1.402038255642288
5286,-1.402038255642288
5287,-1.402038255642288
5288,-1.402038255642288
5289,-1.402038255642288
5290,-1.402038255642288
5291,-1.402038255642288
5292,-1.402038255642288
5293,-1.402038255642288
5294,-1.402038255642288
5295,-1.402038255642288
5296,-1.402038255642288
5297,-1.402038255642288
5298,-1.402038255642288
5299,-1.402038255642288
5300,-1.402038255642288
5301,-1.402038255642288
5302,-1.402038255642288
5303,-1.402038255642288
5304,-1.402038255642288
5305,-1.402038255642288
5306,-1.402038255642288
5307,-1.402038255642288
5308,-1.402038255642288
5309,-1.402038255642288
5310,-1.402038255642288
5311,-1.402038255642288
5312,-1.402038255642288
5313,-1.402038255642288
5314,-1.402038255642288
5315,-1.402038255642288
5316,-1.402038255642288
5317,-1.402038255642288
5318,-1.402038255642288
5319,-1.402038255642288
5320,-1.402038255642288
5321,-1.402038255642288
5322,-1.402038255642288
5323,-1.402038255642288
5324,-1.402038255642288
5325,-1.402038255642288
5326,-1.402038255642288
5327,-1.402038255642288
5328,-1.402038255642288
5329,-1.402038255642288
5330,-1.402038255642288
5331,-1.402038255642288
5332,-1.402038255642288
5333,-1.402038255642288
5334,-1.402038255642288
5335,-1.402038255642288
5336,-1.402038255642288
5337,-1.402038255642288
5338,-1.402038255642288
5339,-1.402038255642288
5340,-1.402038255642288
5341,-1.402038255642288
5342,-1.402038255642288
5343,-1.402038255642288
5344,-1.402038255642288
5345,-1.402038255642288
5346,-1.402038255642288
5347,-1.402038255642288
5348,-1.402038255642288
5349,-1.402038255642288
5350,-1.402038255642288
5351,-1.402038255642288
5352,-1.402038255642288
5353,-1.402038255642288
5354,-1.402038255642288
5355,-1.402038255642288
5356,-1.402038255642288
5357,-1.402038255642288
5358,-1.402038255642288
5359,-1.402038255642288
5360,-1.402038255642288
5361,-1.402038255642288
5362,-1.402038255642288
5363,-1.402038255642288
5364,-1.402038255642288
5365,-1.402038255642288
5366,-1.402038255642288
5367,-1.402038255642288
5368,-1.402038255642288
5369,-1.402038255642288
5370,-1.402038255642288
5371,-1.402038255642288
5372,-1.402038255642288
5373,-1.402038255642288
5374,-1.402038255642288
5375,-1.402038255642288
5376,-1.402038255642288
5377,-1.402038255642288
5378,-1.402038255642288
5379,-1.402038255642288
5380,-1.402038255642288
5381,-1.402038255642288
5382,-1.402038255642288
5383,-1.402038255642288
5384,-1.402038255642288
5385,-1.402038255642288
5386,-1.402038255642288
5387,-1.402038255642288
5388,-1.402038255642288
5389,-1.402038255642288
5390,-1.402038255642288
5391,-1.402038255642288
5392,-1.402038255642288
5393,-1.402038255642288
5394,-1.402038255642288
5395,-1.402038255642288
5396,-1.402038255642288
5397,-1.402038255642288
5398,-1.402038255642288
5399,-1.402038255642288
5400,-1.402038255642288
5401,-1.402038255642288
5402,-1.402038255642288
5403,-1.402038255642288
5404,-1.402038255642288
5405,-1.402038255642288
5406,-1.402038255642288
5407,-1.402038255642288
5408,-1.402038255642288
5409,-1.402038255642288
5410,-1.402038255642288
5411,-1.402038255642288
5412,-1.402038255642288
5413,-1.402038255642288
5414,-1.402038255642288
5415,-1.402038255642288
5416,-1.402038255642288
5417,-1.402038255642288
5418,-1.402038255642288
5419,-1.402038255642288
5420,-1.402038255642288
5421,-1.402038255642288
5422,-1.402038255642288
5423,-1.402038255642288
5424,-1.402038255642288
5425,-1.402038255642288
5426,-1.402038255642288
5427,-1.402038255642288
5428,-1.402038255642288
5429,-1.402038255642288
5430,-1.402038255642288
5431,-1.402038255642288
5432,-1.402038255642288
5433,-1.402038255642288
5434,-1.402038255642288
5435,-1.402038255642288
5436,-1.402038255642288
5437,-1.402038255642288
5438,-1.402038255642288
5439,-1.402038255642288
5440,-1.402038255642288
5441,-1.402038255642288
5442,-1.402038255642288
5443,-1.402038255642288
5444,-1.402038255642288
5445,-1.402038255642288
5446,-1.402038255642288
5447,-1.402038255642288
5448,-1.402038255642288
5449,-1.402038255642288
5450,-1.402038255642288
5451,-1.402038255642288
5452,-1.402038255642288
5453,-1.402038255642288
5454,-1.402038255642288
5455,-1.402038255642288
5456,-1.402038255642288
5457,-1.402038255642288
5458,-1.402038255642288
5459,-1.402038255642288
5460,-1.402038255642288
5461,-1.402038255642288
5462,-1.402038255642288
5463,-1.402038255642288
5464,-1.402038255642288
5465,-1.402038255642288
5466,-1.402038255642288
5467,-1.402038255642288
5468,-1.402038255642288
5469,-1.402038255642288
5470,-1.402038255642288
5471,-1.402038255642288
5472,-1.402038255642288
5473,-1.402038255642288
5474,-1.402038255642288
5475,-1.402038255642288
5476,-1.402038255642288
5477,-1.402038255642288
5478,-1.402038255642288
5479,-1.402038255642288
5480,-1.402038255642288
5481,-1.402038255642288
5482,-1.402038255642288
5483,-1.402038255642288
5484,-1.402038255642288
5485,-1.402038255642288
5486,-1.402038255642288
5487,-1.402038255642288
5488,-1.402038255642288
5489,-1.402038255642288
5490,-1.402038255642288
5491,-1.402038255642288
5492,-1.402038255642288
5493,-1.402038255642288
5494,-1.402038255642288
5495,-1.402038255642288
5496,-1.402038255642288
5497,-1.402038255642288
5498,-1.402038255642288
5499,-1.402038255642288
5500,-1.402038255642288
5501,-1.402038255642288
5502,-1.402038255642288
5503,-1.402038255642288
5504,-1.402038255642288
5505,-1.402038255642288
5506,-1.402038255642288
5507,-1.402038255642288
5508,-1.402038255642288
5509,-1.402038255642288
5510,-1.402038255642288
5511,-1.402038255642288
5512,-1.402038255642288
5513,-1.402038255642288
5514,-1.402038255642288
5515,-1.402038255642288
5516,-1.402038255642288
5517,-1.402038255642288
5518,-1.402038255642288
5519,-1.402038255642288
5520,-1.402038255642288
5521,-1.402038255642288
5522,-1.402038255642288
5523,-1.402038255642288
5524,-1.402038255642288
5525,-1.402038255642288
5526,-1.402038255642288
5527,-1.402038255642288
5528,-1.402038255642288
5529,-1.402038255642288
5530,-1.402038255642288
5531,-1.402038255642288
5532,-1.402038255642288
5533,-1.402038255642288
5534,-1.402038255642288
5535,-1.402038255642288
5536,-1.402038255642288
5537,-1.402038255642288
5538,-1.402038255642288
5539,-1.402038255642288
5540,-1.402038255642288
5541,-1.402038255642288
5542,-1.402038255642288
5543,-1.402038255642288
5544,-1.402038255642288
5545,-1.402038255642288
5546,-1.402038255642288
5547,-1.402038255642288
5548,-1.402038255642288
5549,-1.402038255642288
5550,-1.402038255642288
5551,-1.402038255642288
5552,-1.402038255642288
5553,-1.402038255642288
5554,-1.402038255642288
5555,-1.402038255642288
5556,-1.402038255642288
5557,-1.402038255642288
5558,-1.402038255642288
5559,-1.402038255642288
5560,-1.402038255642288
5561,-1.402038255642288
5562,-1.402038255642288
5563,-1.402038255642288
5564,-1.402038255642288
5565,-1.402038255642288
5566,-1.402038255642288
5567,-1.402038255642288
5568,-1.402038255642288
5569,-1.402038255642288
5570,-1.402038255642288
5571,-1.402038255642288
5572,-1.402038255642288
5573,-1.402038255642288
5574,-1.402038255642288
5575,-1.402038255642288
5576,-1.402038255642288
5577,-1.402038255642288
5578,-1.402038255642288
5579,-1.402038255642288
5580,-1.402038255642288
5581,-1.402038255642288
5582,-1.402038255642288
5583,-1.402038255642288
5584,-1.402038255642288
5585,-1.402038255642288
5586,-1.402038255642288
5587,-1.402038255642288
5588,-1.402038255642288
5589,-1.402038255642288
5590,-1.402038255642288
5591,-1.402038255642288
5592,-1.402038255642288
5593,-1.402038255642288
5594,-1.402038255642288
5595,-1.402038255642288
5596,-1.402038255642288
5597,-1.402038255642288
5598,-1.402038255642288
5599,-1.402038255642288
5600,-1.402038255642288
5601,-1.402038255642288
5602,-1.402038255642288
5603,-1.402038255642288
5604,-1.402038255642288
5605,-1.402038255642288
5606,-1.402038255642288
5607,-1.402038255642288
5608,-1.402038255642288
5609,-1.402038255642288
5610,-1.402038255642288
5611,-1.402038255642288
5612,-1.402038255642288
5613,-1.402038255642288
5614,-1.402038255642288
5615,-1.402038255642288
5616,-1.402038255642288
5617,-1.402038255642288
5618,-1.402038255642288
5619,-1.402038255642288
5620,-1.402038255642288
5621,-1.402038255642288
5622,-1.402038255642288
5623,-1.402038255642288
5624,-1.402038255642288
5625,-1.402038255642288
5626,-1.402038255642288
5627,-1.402038255642288
5628,-1.402038255642288
5629,-1.402038255642288
5630,-1.402038255642288
5631,-1.402038255642288
5632,-1.402038255642288
5633,-1.402038255642288
5634,-1.402038255642288
5635,-1.402038255642288
5636,-1.402038255642288
5637,-1.402038255642288
5638,-1.402038255642288
5639,-1.402038255642288
5640,-1.402038255642288
5641,-1.402038255642288
5642,-1.402038255642288
5643,-1.402038255642288
5644,-1.402038255642288
5645,-1.402038255642288
5646,-1.402038255642288
5647,-1.402038255642288
5648,-1.402038255642288
5649,-1.402038255642288
5650,-1.402038255642288
5651,-1.402038255642288
5652,-1.402038255642288
5653,-1.402038255642288
5654,-1.402038255642288
5655,-1.402038255642288
5656,-1.402038255642288
5657,-1.402038255642288
5658,-1.402038255642288
5659,-1.402038255642288
5660,-1.402038255642288
5661,-1.402038255642288
5662,-1.402038255642288
5663,-1.402038255642288
5664,-1.402038255642288
5665,-1.402038255642288
5666,-1.402038255642288
5667,-1.402038255642288
5668,-1.402038255642288
5669,-1.402038255642288
5670,-1.402038255642288
5671,-1.402038255642288
5672,-1.402038255642288
5673,-1.402038255642288
5674,-1.402038255642288
5675,-1.402038255642288
5676,-1.402038255642288
5677,-1.402038255642288
5678,-1.402038255642288
5679,-1.402038255642288
5680,-1.402038255642288
5681,-1.402038255642288
5682,-1.402038255642288
5683,-1.402038255642288
5684,-1.402038255642288
5685,-1.402038255642288
5686,-1.402038255642288
5687,-1.402038255642288
5688,-1.402038255642288
5689,-1.402038255642288
5690,-1.402038255642288
5691,-1.402038255642288
5692,-1.402038255642288
5693,-1.402038255642288
5694,-1.402038255642288
5695,-1.402038255642288
5696,-1.402038255642288
5697,-1.402038255642288
5698,-1.402038255642288
5699,-1.402038255642288
5700,-1.402038255642288
5701,-1.402038255642288
5702,-1.402038255642288
5703,-1.402038255642288
5704,-1.402038255642288
5705,-1.402038255642288
5706,-1.402038255642288
5707,-1.402038255642288
5708,-1.402038255642288
5709,-1.402038255642288
5710,-1.402038255642288
5711,-1.402038255642288
5712,-1.402038255642288
5713,-1.402038255642288
5714,-1.402038255642288
5715,-1.402038255642288
5716,-1.402038255642288
5717,-1.402038255642288
5718,-1.402038255642288
5719,-1.402038255642288
5720,-1.402038255642288
5721,-1.402038255642288
5722,-1.402038255642288
5723,-1.402038255642288
5724,-1.402038255642288
5725,-1.402038255642288
5726,-1.402038255642288
5727,-1.402038255642288
5728,-1.402038255642288
5729,-1.402038255642288
5730,-1.402038255642288
5731,-1.402038255642288
5732,-1.402038255642288
5733,-1.402038255642288
5734,-1.402038255642288
5735,-1.402038255642288
5736,-1.402038255642288
5737,-1.402038255642288
5738,-1.402038255642288
5739,-1.402038255642288
5740,-1.402038255642288
5741,-1.402038255642288
5742,-1.402038255642288
5743,-1.402038255642288
5744,-1.402038255642288
5745,-1.402038255642288
5746,-1.402038255642288
5747,-1.402038255642288
5748,-1.402038255642288
5749,-1.402038255642288
5750,-1.402038255642288
5751,-1.402038255642288
5752,-1.402038255642288
5753,-1.402038255642288
5754,-1.402038255642288
5755,-1.402038255642288
5756,-1.402038255642288
5757,-1.402038255642288
5758,-1.402038255642288
5759,-1.402038255642288
5760,-1.402038255642288
5761,-1.402038255642288
5762,-1.402038255642288
5763,-1.402038255642288
5764,-1.402038255642288
5765,-1.402038255642288
5766,-1.402038255642288
5767,-1.402038255642288
5768,-1.402038255642288
5769,-1.402038255642288
5770,-1.402038255642288
5771,-1.402038255642288
5772,-1.402038255642288
5773,-1.402038255642288
5774,-1.402038255642288
5775,-1.402038255642288
5776,-1.402038255642288
5777,-1.402038255642288
5778,-1.402038255642288
5779,-1.402038255642288
5780,-1.402038255642288
5781,-1.402038255642288
5782,-1.402038255642288
5783,-1.402038255642288
5784,-1.402038255642288
5785,-1.402038255642288
5786,-1.402038255642288
5787,-1.402038255642288
5788,-1.402038255642288
5789,-1.402038255642288
5790,-1.402038255642288
5791,-1.402038255642288
5792,-1.402038255642288
5793,-1.402038255642288
5794,-1.402038255642288
5795,-1.402038255642288
5796,-1.402038255642288
5797,-1.402038255642288
5798,-1.402038255642288
5799,-1.402038255642288
5800,-1.402038255642288
5801,-1.402038255642288
5802,-1.402038255642288
5803,-1.402038255642288
5804,-1.402038255642288
5805,-1.402038255642288
5806,-1.402038255642288
5807,-1.402038255642288
5808,-1.402038255642288
5809,-1.402038255642288
5810,-1.402038255642288
5811,-1.402038255642288
5812,-1.402038255642288
5813,-1.402038255642288
5814,-1.402038255642288
5815,-1.402038255642288
5816,-1.402038255642288
5817,-1.402038255642288
5818,-1.402038255642288
5819,-1.402038255642288
5820,-1.402038255642288
5821,-1.402038255642288
5822,-1.402038255642288
5823,-1.402038255642288
5824,-1.402038255642288
5825,-1.402038255642288
5826,-1.402038255642288
5827,-1.402038255642288
5828,-1.402038255642288
5829,-1.402038255642288
5830,-1.402038255642288
5831,-1.402038255642288
5832,-1.402038255642288
5833,-1.402038255642288
5834,-1.402038255642288
5835,-1.402038255642288
5836,-1.402038255642288
5837,-1.402038255642288
5838,-1.402038255642288
5839,-1.402038255642288
5840,-1.402038255642288
5841,-1.402038255642288
5842,-1.402038255642288
5843,-1.402038255642288
5844,-1.402038255642288
5845,-1.402038255642288
5846,-1.402038255642288
5847,-1.402038255642288
5848,-1.402038255642288
5849,-1.402038255642288
5850,-1.402038255642288
5851,-1.402038255642288
5852,-1.402038255642288
5853,-1.402038255642288
5854,-1.402038255642288
5855,-1.402038255642288
5856,-1.402038255642288
5857,-1.402038255642288
5858,-1.402038255642288
5859,-1.402038255642288
5860,-1.402038255642288
5861,-1.402038255642288
5862,-1.402038255642288
5863,-1.402038255642288
5864,-1.402038255642288
5865,-1.402038255642288
5866,-1.402038255642288
5867,-1.402038255642288
5868,-1.402038255642288
5869,-1.402038255642288
5870,-1.402038255642288
5871,-1.402038255642288
5872,-1.402038255642288
5873,-1.402038255642288
5874,-1.402038255642288
5875,-1.402038255642288
5876,-1.402038255642288
5877,-1.402038255642288
5878,-1.402038255642288
5879,-1.402038255642288
5880,-1.402038255642288
5881,-1.402038255642288
5882,-1.402038255642288
5883,-1.402038255642288
5884,-1.402038255642288
5885,-1.402038255642288
5886,-1.402038255642288
5887,-1.402038255642288
5888,-1.402038255642288
5889,-1.402038255642288
5890,-1.402038255642288
5891,-1.402038255642288
5892,-1.402038255642288
5893,-1.402038255642288
5894,-1.402038255642288
5895,-1.402038255642288
5896,-1.402038255642288
5897,-1.402038255642288
5898,-1.402038255642288
5899,-1.402038255642288
5900,-1.402038255642288
5901,-1.402038255642288
5902,-1.402038255642288
5903,-1.402038255642288
5904,-1.402038255642288
5905,-1.402038255642288
5906,-1.402038255642288
5907,-1.402038255642288
5908,-1.402038255642288
5909,-1.402038255642288
5910,-1.402038255642288
5911,-1.402038255642288
5912,-1.402038255642288
5913,-1.402038255642288
5914,-1.402038255642288
5915,-1.402038255642288
5916,-1.402038255642288
5917,-1.402038255642288
5918,-1.402038255642288
5919,-1.402038255642288
5920,-1.402038255642288
5921,-1.402038255642288
5922,-1.402038255642288
5923,-1.402038255642288
5924,-1.402038255642288
5925,-1.402038255642288
5926,-1.402038255642288
5927,-1.402038255642288
5928,-1.402038255642288
5929,-1.402038255642288
5930,-1.402038255642288
5931,-1.402038255642288
5932,-1.402038255642288
5933,-1.402038255642288
5934,-1.402038255642288
5935,-1.402038255642288
5936,-1.402038255642288
5937,-1.402038255642288
5938,-1.402038255642288
5939,-1.402038255642288
5940,-1.402038255642288
5941,-1.402038255642288
5942,-1.402038255642288
5943,-1.402038255642288
5944,-1.402038255642288
5945,-1.402038255642288
5946,-1.402038255642288
5947,-1.402038255642288
5948,-1.402038255642288
5949,-1.402038255642288
5950,-1.402038255642288
5951,-1.402038255642288
5952,-1.402038255642288
5953,-1.402038255642288
5954,-1.402038255642288
5955,-1.402038255642288
5956,-1.402038255642288
5957,-1.402038255642288
5958,-1.402038255642288
5959,-1.402038255642288
5960,-1.402038255642288
5961,-1.402038255642288
5962,-1.402038255642288
5963,-1.402038255642288
5964,-1.402038255642288
5965,-1.402038255642288
5966,-1.402038255642288
5967,-1.402038255642288
5968,-1.402038255642288
5969,-1.402038255642288
5970,-1.402038255642288
5971,-1.402038255642288
5972,-1.402038255642288
5973,-1.402038255642288
5974,-1.402038255642288
5975,-1.402038255642288
5976,-1.402038255642288
5977,-1.402038255642288
5978,-1.402038255642288
5979,-1.402038255642288
5980,-1.402038255642288
5981,-1.402038255642288
5982,-1.402038255642288
5983,-1.402038255642288
5984,-1.402038255642288
5985,-1.402038255642288
5986,-1.402038255642288
5987,-1.402038255642288
5988,-1.402038255642288
5989,-1.402038255642288
5990,-1.402038255642288
5991,-1.402038255642288
5992,-1.402038255642288
5993,-1.402038255642288
5994,-1.402038255642288
5995,-1.402038255642288
5996,-1.402038255642288
5997,-1.402038255642288
5998,-1.402038255642288
5999,-1.402038255642288
6000,-1.402038255642288
6001,-1.402038255642288
6002,-1.402038255642288
6003,-1.402038255642288
6004,-1.402038255642288
6005,-1.402038255642288
6006,-1.402038255642288
6007,-1.402038255642288
6008,-1.402038255642288
6009,-1.402038255642288
6010,-1.402038255642288
6011,-1.402038255642288
6012,-1.402038255642288
6013,-1.402038255642288
6014,-1.402038255642288
6015,-1.402038255642288
6016,-1.402038255642288
6017,-1.402038255642288
6018,-1.402038255642288
6019,-1.402038255642288
6020,-1.402038255642288
6021,-1.402038255642288
6022,-1.402038255642288
6023,-1.402038255642288
6024,-1.402038255642288
6025,-1.402038255642288
6026,-1.402038255642288
6027,-1.402038255642288
6028,-1.402038255642288
6029,-1.402038255642288
6030,-1.402038255642288
6031,-1.402038255642288
6032,-1.402038255642288
6033,-1.402038255642288
6034,-1.402038255642288
6035,-1.402038255642288
6036,-1.402038255642288
6037,-1.402038255642288
6038,-1.402038255642288
6039,-1.402038255642288
6040,-1.402038255642288
6041,-1.402038255642288
6042,-1.402038255642288
6043,-1.402038255642288
6044,-1.402038255642288
6045,-1.402038255642288
6046,-1.402038255642288
6047,-1.402038255642288
6048,-1.402038255642288
6049,-1.402038255642288
6050,-1.402038255642288
6051,-1.402038255642288
6052,-1.402038255642288
6053,-1.402038255642288
6054,-1.402038255642288
6055,-1.402038255642288
6056,-1.402038255642288
6057,-1.402038255642288
6058,-1.402038255642288
6059,-1.402038255642288
6060,-1.402038255642288
6061,-1.402038255642288
6062,-1.402038255642288
6063,-1.402038255642288
6064,-1.402038255642288
6065,-1.402038255642288
6066,-1.402038255642288
6067,-1.402038255642288
6068,-1.402038255642288
6069,-1.402038255642288
6070,-1.402038255642288
6071,-1.402038255642288
6072,-1.402038255642288
6073,-1.402038255642288
6074,-1.402038255642288
6075,-1.402038255642288
6076,-1.402038255642288
6077,-1.402038255642288
6078,-1.402038255642288
6079,-1.402038255642288
6080,-1.402038255642288
6081,-1.402038255642288
6082,-1.402038255642288
6083,-1.402038255642288
6084,-1.402038255642288
6085,-1.402038255642288
6086,-1.402038255642288
6087,-1.402038255642288
6088,-1.402038255642288
6089,-1.402038255642288
6090,-1.402038255642288
6091,-1.402038255642288
6092,-1.402038255642288
6093,-1.402038255642288
6094,-1.402038255642288
6095,-1.402038255642288
6096,-1.402038255642288
6097,-1.402038255642288
6098,-1.402038255642288
6099,-1.402038255642288
6100,-1.402038255642288
6101,-1.402038255642288
6102,-1.402038255642288
6103,-1.402038255642288
6104,-1.402038255642288
6105,-1.402038255642288
6106,-1.402038255642288
6107,-1.402038255642288
6108,-1.402038255642288
6109,-1.402038255642288
6110,-1.402038255642288
6111,-1.402038255642288
6112,-1.402038255642288
6113,-1.402038255642288
6114,-1.402038255642288
6115,-1.402038255642288
6116,-1.402038255642288
6117,-1.402038255642288
6118,-1.402038255642288
6119,-1.402038255642288
6120,-1.402038255642288
6121,-1.402038255642288
6122,-1.402038255642288
6123,-1.402038255642288
6124,-1.402038255642288
6125,-1.402038255642288
6126,-1.402038255642288
6127,-1.402038255642288
6128,-1.402038255642288
6129,-1.402038255642288
6130,-1.402038255642288
6131,-1.402038255642288
6132,-1.402038255642288
6133,-1.402038255642288
6134,-1.402038255642288
6135,-1.402038255642288
6136,-1.402038255642288
6137,-1.402038255642288
6138,-1.402038255642288
6139,-1.402038255642288
6140,-1.402038255642288
6141,-1.402038255642288
6142,-1.402038255642288
6143,-1.402038255642288
6144,-1.402038255642288
6145,-1.402038255642288
6146,-1.402038255642288
6147,-1.402038255642288
6148,-1.402038255642288
6149,-1.402038255642288
6150,-1.402038255642288
6151,-1.402038255642288
6152,-1.402038255642288
6153,-1.402038255642288
6154,-1.402038255642288
6155,-1.402038255642288
6156,-1.402038255642288
6157,-1.402038255642288
6158,-1.402038255642288
6159,-1.402038255642288
6160,-1.402038255642288
6161,-1.402038255642288
6162,-1.402038255642288
6163,-1.402038255642288
6164,-1.402038255642288
6165,-1.402038255642288
6166,-1.402038255642288
6167,-1.402038255642288
6168,-1.402038255642288
6169,-1.402038255642288
6170,-1.402038255642288
6171,-1.402038255642288
6172,-1.402038255642288
6173,-1.402038255642288
6174,-1.402038255642288
6175,-1.402038255642288
6176,-1.402038255642288
6177,-1.402038255642288
6178,-1.402038255642288
6179,-1.402038255642288
6180,-1.402038255642288
6181,-1.402038255642288
6182,-1.402038255642288
6183,-1.402038255642288
6184,-1.402038255642288
6185,-1.402038255642288
6186,-1.402038255642288
6187,-1.402038255642288
6188,-1.402038255642288
6189,-1.402038255642288
6190,-1.402038255642288
6191,-1.402038255642288
6192,-1.402038255642288
6193,-1.402038255642288
6194,-1.402038255642288
6195,-1.402038255642288
6196,-1.402038255642288
6197,-1.402038255642288
6198,-1.402038255642288
6199,-1.402038255642288
6200,-1.402038255642288
6201,-1.402038255642288
6202,-1.402038255642288
6203,-1.402038255642288
6204,-1.402038255642288
6205,-1.402038255642288
6206,-1.402038255642288
6207,-1.402038255642288
6208,-1.402038255642288
6209,-1.402038255642288
6210,-1.402038255642288
6211,-1.402038255642288
6212,-1.402038255642288
6213,-1.402038255642288
6214,-1.402038255642288
6215,-1.402038255642288
6216,-1.402038255642288
6217,-1.402038255642288
6218,-1.402038255642288
6219,-1.402038255642288
6220,-1.402038255642288
6221,-1.402038255642288
6222,-1.402038255642288
6223,-1.402038255642288
6224,-1.402038255642288
6225,-1.402038255642288
6226,-1.402038255642288
6227,-1.402038255642288
6228,-1.402038255642288
6229,-1.402038255642288
6230,-1.402038255642288
6231,-1.402038255642288
6232,-1.402038255642288
6233,-1.402038255642288
6234,-1.402038255642288
6235,-1.402038255642288
6236,-1.402038255642288
6237,-1.402038255642288
6238,-1.402038255642288
6239,-1.402038255642288
6240,-1.402038255642288
6241,-1.402038255642288
6242,-1.402038255642288
6243,-1.402038255642288
6244,-1.402038255642288
6245,-1.402038255642288
6246,-1.402038255642288
6247,-1.402038255642288
6248,-1.402038255642288
6249,-1.402038255642288
6250,-1.402038255642288
6251,-1.402038255642288
6252,-1.402038255642288
6253,-1.402038255642288
6254,-1.402038255642288
6255,-1.402038255642288
6256,-1.402038255642288
6257,-1.402038255642288
6258,-1.402038255642288
6259,-1.402038255642288
6260,-1.402038255642288
6261,-1.402038255642288
6262,-1.402038255642288
6263,-1.402038255642288
6264,-1.402038255642288
6265,-1.402038255642288
6266,-1.402038255642288
6267,-1.402038255642288
6268,-1.402038255642288
6269,-1.402038255642288
6270,-1.402038255642288
6271,-1.402038255642288
6272,-1.402038255642288
6273,-1.402038255642288
6274,-1.402038255642288
6275,-1.402038255642288
6276,-1.402038255642288
6277,-1.402038255642288
6278,-1.402038255642288
6279,-1.402038255642288
6280,-1.402038255642288
6281,-1.402038255642288
6282,-1.402038255642288
6283,-1.402038255642288
6284,-1.402038255642288
6285,-1.402038255642288
6286,-1.402038255642288
6287,-1.402038255642288
6288,-1.402038255642288
6289,-1.402038255642288
6290,-1.402038255642288
6291,-1.402038255642288
6292,-1.402038255642288
6293,-1.402038255642288
6294,-1.402038255642288
6295,-1.402038255642288
6296,-1.402038255642288
6297,-1.402038255642288
6298,-1.402038255642288
6299,-1.402038255642288
6300,-1.402038255642288
6301,-1.402038255642288
6302,-1.402038255642288
6303,-1.402038255642288
6304,-1.402038255642288
6305,-1.402038255642288
6306,-1.402038255642288
6307,-1.402038255642288
6308,-1.402038255642288
6309,-1.402038255642288
6310,-1.402038255642288
6311,-1.402038255642288
6312,-1.402038255642288
6313,-1.402038255642288
6314,-1.402038255642288
6315,-1.402038255642288
6316,-1.402038255642288
6317,-1.402038255642288
6318,-1.402038255642288
6319,-1.402038255642288
6320,-1.402038255642288
6321,-1.402038255642288
6322,-1.402038255642288
6323,-1.402038255642288
6324,-1.402038255642288
6325,-1.402038255642288
6326,-1.402038255642288
6327,-1.402038255642288
6328,-1.402038255642288
6329,-1.402038255642288
6330,-1.402038255642288
6331,-1.402038255642288
6332,-1.402038255642288
6333,-1.402038255642288
6334,-1.402038255642288
6335,-1.402038255642288
6336,-1.402038255642288
6337,-1.402038255642288
6338,-1.402038255642288
6339,-1.402038255642288
6340,-1.402038255642288
6341,-1.402038255642288
6342,-1.402038255642288
6343,-1.402038255642288
6344,-1.402038255642288
6345,-1.402038255642288
6346,-1.402038255642288
6347,-1.402038255642288
6348,-1.402038255642288
6349,-1.402038255642288
6350,-1.402038255642288
6351,-1.402038255642288
6352,-1.402038255642288
6353,-1.402038255642288
6354,-1.402038255642288
6355,-1.402038255642288
6356,-1.402038255642288
6357,-1.402038255642288
6358,-1.402038255642288
6359,-1.402038255642288
6360,-1.402038255642288
6361,-1.402038255642288
6362,-1.402038255642288
6363,-1.402038255642288
6364,-1.402038255642288
6365,-1.402038255642288
6366,-1.402038255642288
6367,-1.402038255642288
6368,-1.402038255642288
6369,-1.402038255642288
6370,-1.402038255642288
6371,-1.402038255642288
6372,-1.402038255642288
6373,-1.402038255642288
6374,-1.402038255642288
6375,-1.402038255642288
6376,-1.402038255642288
6377,-1.402038255642288
6378,-1.402038255642288
6379,-1.402038255642288
6380,-1.402038255642288
6381,-1.402038255642288
6382,-1.402038255642288
6383,-1.402038255642288
6384,-1.402038255642288
6385,-1.402038255642288
6386,-1.402038255642288
6387,-1.402038255642288
6388,-1.402038255642288
6389,-1.402038255642288
6390,-1.402038255642288
6391,-1.402038255642288
6392,-1.402038255642288
6393,-1.402038255642288
6394,-1.402038255642288
6395,-1.402038255642288
6396,-1.402038255642288
6397,-1.402038255642288
6398,-1.402038255642288
6399,-1.402038255642288
6400,-1.402038255642288
6401,-1.402038255642288
6402,-1.402038255642288
6403,-1.402038255642288
6404,-1.402038255642288
6405,-1.402038255642288
6406,-1.402038255642288
6407,-1.402038255642288
6408,-1.402038255642288
6409,-1.402038255642288
6410,-1.402038255642288
6411,-1.402038255642288
6412,-1.402038255642288
6413,-1.402038255642288
6414,-1.402038255642288
6415,-1.402038255642288
6416,-1.402038255642288
6417,-1.402038255642288
6418,-1.402038255642288
6419,-1.402038255642288
6420,-1.402038255642288
6421,-1.402038255642288
6422,-1.402038255642288
6423,-1.402038255642288
6424,-1.402038255642288
6425,-1.402038255642288
6426,-1.402038255642288
6427,-1.402038255642288
6428,-1.402038255642288
6429,-1.402038255642288
6430,-1.402038255642288
6431,-1.402038255642288
6432,-1.402038255642288
6433,-1.402038255642288
6434,-1.402038255642288
6435,-1.402038255642288
6436,-1.402038255642288
6437,-1.402038255642288
6438,-1.402038255642288
6439,-1.402038255642288
6440,-1.402038255642288
6441,-1.402038255642288
6442,-1.402038255642288
6443,-1.402038255642288
6444,-1.402038255642288
6445,-1.402038255642288
6446,-1.402038255642288
6447,-1.402038255642288
6448,-1.402038255642288
6449,-1.402038255642288
6450,-1.402038255642288
6451,-1.402038255642288
6452,-1.402038255642288
6453,-1.402038255642288
6454,-1.402038255642288
6455,-1.402038255642288
6456,-1.402038255642288
6457,-1.402038255642288
6458,-1.402038255642288
6459,-1.402038255642288
6460,-1.402038255642288
6461,-1.402038255642288
6462,-1.402038255642288
6463,-1.402038255642288
6464,-1.402038255642288
6465,-1.402038255642288
6466,-1.402038255642288
6467,-1.402038255642288
6468,-1.402038255642288
6469,-1.402038255642288
6470,-1.402038255642288
6471,-1.402038255642288
6472,-1.402038255642288
6473,-1.402038255642288
6474,-1.402038255642288
6475,-1.402038255642288
6476,-1.402038255642288
6477,-1.402038255642288
6478,-1.402038255642288
6479,-1.402038255642288
6480,-1.402038255642288
6481,-1.402038255642288
6482,-1.402038255642288
6483,-1.402038255642288
6484,-1.402038255642288
6485,-1.402038255642288
6486,-1.402038255642288
6487,-1.402038255642288
6488,-1.402038255642288
6489,-1.402038255642288
6490,-1.402038255642288
6491,-1.402038255642288
6492,-1.402038255642288
6493,-1.402038255642288
6494,-1.402038255642288
6495,-1.402038255642288
6496,-1.402038255642288
6497,-1.402038255642288
6498,-1.402038255642288
6499,-1.402038255642288
6500,-1.402038255642288
6501,-1.402038255642288
6502,-1.402038255642288
6503,-1.402038255642288
6504,-1.402038255642288
6505,-1.402038255642288
6506,-1.402038255642288
6507,-1.402038255642288
6508,-1.402038255642288
6509,-1.402038255642288
6510,-1.402038255642288
6511,-1.402038255642288
6512,-1.402038255642288
6513,-1.402038255642288
6514,-1.402038255642288
6515,-1.402038255642288
6516,-1.402038255642288
6517,-1.402038255642288
6518,-1.402038255642288
6519,-1.402038255642288
6520,-1.402038255642288
6521,-1.402038255642288
6522,-1.402038255642288
6523,-1.402038255642288
6524,-1.402038255642288
6525,-1.402038255642288
6526,-1.402038255642288
6527,-1.402038255642288
6528,-1.402038255642288
6529,-1.402038255642288
6530,-1.402038255642288
6531,-1.402038255642288
6532,-1.402038255642288
6533,-1.402038255642288
6534,-1.402038255642288
6535,-1.402038255642288
6536,-1.402038255642288
6537,-1.402038255642288
6538,-1.402038255642288
6539,-1.402038255642288
6540,-1.402038255642288
6541,-1.402038255642288
6542,-1.402038255642288
6543,-1.402038255642288
6544,-1.402038255642288
6545,-1.402038255642288
6546,-1.402038255642288
6547,-1.402038255642288
6548,-1.402038255642288
6549,-1.402038255642288
6550,-1.402038255642288
6551,-1.402038255642288
6552,-1.402038255642288
6553,-1.402038255642288
6554,-1.402038255642288
6555,-1.402038255642288
6556,-1.402038255642288
6557,-1.402038255642288
6558,-1.402038255642288
6559,-1.402038255642288
6560,-1.402038255642288
6561,-1.402038255642288
6562,-1.402038255642288
6563,-1.402038255642288
6564,-1.402038255642288
6565,-1.402038255642288
6566,-1.402038255642288
6567,-1.402038255642288
6568,-1.402038255642288
6569,-1.402038255642288
6570,-1.402038255642288
6571,-1.402038255642288
6572,-1.402038255642288
6573,-1.402038255642288
6574,-1.402038255642288
6575,-1.402038255642288
6576,-1.402038255642288
6577,-1.402038255642288
6578,-1.402038255642288
6579,-1.402038255642288
6580,-1.402038255642288
6581,-1.402038255642288
6582,-1.402038255642288
6583,-1.402038255642288
6584,-1.402038255642288
6585,-1.402038255642288
6586,-1.402038255642288
6587,-1.402038255642288
6588,-1.402038255642288
6589,-1.402038255642288
6590,-1.402038255642288
6591,-1.402038255642288
6592,-1.402038255642288
6593,-1.402038255642288
6594,-1.402038255642288
6595,-1.402038255642288
6596,-1.402038255642288
6597,-1.402038255642288
6598,-1.402038255642288
6599,-1.402038255642288
6600,-1.402038255642288
6601,-1.402038255642288
6602,-1.402038255642288
6603,-1.402038255642288
6604,-1.402038255642288
6605,-1.402038255642288
6606,-1.402038255642288
6607,-1.402038255642288
6608,-1.402038255642288
6609,-1.402038255642288
6610,-1.402038255642288
6611,-1.402038255642288
6612,-1.402038255642288
6613,-1.402038255642288
6614,-1.402038255642288
6615,-1.402038255642288
6616,-1.402038255642288
6617,-1.402038255642288
6618,-1.402038255642288
6619,-1.402038255642288
6620,-1.402038255642288
6621,-1.402038255642288
6622,-1.402038255642288
6623,-1.402038255642288
6624,-1.402038255642288
6625,-1.402038255642288
6626,-1.402038255642288
6627,-1.402038255642288
6628,-1.402038255642288
6629,-1.402038255642288
6630,-1.402038255642288
6631,-1.402038255642288
6632,-1.402038255642288
6633,-1.402038255642288
6634,-1.402038255642288
6635,-1.402038255642288
6636,-1.402038255642288
6637,-1.402038255642288
6638,-1.402038255642288
6639,-1.402038255642288
6640,-1.402038255642288
6641,-1.402038255642288
6642,-1.402038255642288
6643,-1.402038255642288
6644,-1.402038255642288
6645,-1.402038255642288
6646,-1.402038255642288
6647,-1.402038255642288
6648,-1.402038255642288
6649,-1.402038255642288
6650,-1.402038255642288
6651,-1.402038255642288
6652,-1.402038255642288
6653,-1.402038255642288
6654,-1.402038255642288
6655,-1.402038255642288
6656,-1.402038255642288
6657,-1.402038255642288
6658,-1.402038255642288
6659,-1.402038255642288
6660,-1.402038255642288
6661,-1.402038255642288
6662,-1.402038255642288
6663,-1.402038255642288
6664,-1.402038255642288
6665,-1.402038255642288
6666,-1.402038255642288
6667,-1.402038255642288
6668,-1.402038255642288
6669,-1.402038255642288
6670,-1.402038255642288
6671,-1.402038255642288
6672,-1.402038255642288
6673,-1.402038255642288
6674,-1.402038255642288
6675,-1.402038255642288
6676,-1.402038255642288
6677,-1.402038255642288
6678,-1.402038255642288
6679,-1.402038255642288
6680,-1.402038255642288
6681,-1.402038255642288
6682,-1.402038255642288
6683,-1.402038255642288
6684,-1.402038255642288
6685,-1.402038255642288
6686,-1.402038255642288
6687,-1.402038255642288
6688,-1.402038255642288
6689,-1.402038255642288
6690,-1.402038255642288
6691,-1.402038255642288
6692,-1.402038255642288
6693,-1.402038255642288
6694,-1.402038255642288
6695,-1.402038255642288
6696,-1.402038255642288
6697,-1.402038255642288
6698,-1.402038255642288
6699,-1.402038255642288
6700,-1.402038255642288
6701,-1.402038255642288
6702,-1.402038255642288
6703,-1.402038255642288
6704,-1.402038255642288
6705,-1.402038255642288
6706,-1.402038255642288
6707,-1.402038255642288
6708,-1.402038255642288
6709,-1.402038255642288
6710,-1.402038255642288
6711,-1.402038255642288
6712,-1.402038255642288
6713,-1.402038255642288
6714,-1.402038255642288
6715,-1.402038255642288
6716,-1.402038255642288
6717,-1.402038255642288
6718,-1.402038255642288
6719,-1.402038255642288
6720,-1.402038255642288
6721,-1.402038255642288
6722,-1.402038255642288
6723,-1.402038255642288
6724,-1.402038255642288
6725,-1.402038255642288
6726,-1.402038255642288
6727,-1.402038255642288
6728,-1.402038255642288
6729,-1.402038255642288
6730,-1.402038255642288
6731,-1.402038255642288
6732,-1.402038255642288
6733,-1.402038255642288
6734,-1.402038255642288
6735,-1.402038255642288
6736,-1.402038255642288
6737,-1.402038255642288
6738,-1.402038255642288
6739,-1.402038255642288
6740,-1.402038255642288
6741,-1.402038255642288
6742,-1.402038255642288
6743,-1.402038255642288
6744,-1.402038255642288
6745,-1.402038255642288
6746,-1.402038255642288
6747,-1.402038255642288
6748,-1.402038255642288
6749,-1.402038255642288
6750,-1.402038255642288
6751,-1.402038255642288
6752,-1.402038255642288
6753,-1.402038255642288
6754,-1.402038255642288
6755,-1.402038255642288
6756,-1.402038255642288
6757,-1.402038255642288
6758,-1.402038255642288
6759,-1.402038255642288
6760,-1.402038255642288
6761,-1.402038255642288
6762,-1.402038255642288
6763,-1.402038255642288
6764,-1.402038255642288
6765,-1.402038255642288
6766,-1.402038255642288
6767,-1.402038255642288
6768,-1.402038255642288
6769,-1.402038255642288
6770,-1.402038255642288
6771,-1.402038255642288
6772,-1.402038255642288
6773,-1.402038255642288
6774,-1.402038255642288
6775,-1.402038255642288
6776,-1.402038255642288
6777,-1.402038255642288
6778,-1.402038255642288
6779,-1.402038255642288
6780,-1.402038255642288
6781,-1.402038255642288
6782,-1.402038255642288
6783,-1.402038255642288
6784,-1.402038255642288
6785,-1.402038255642288
6786,-1.402038255642288
6787,-1.402038255642288
6788,-1.402038255642288
6789,-1.402038255642288
6790,-1.402038255642288
6791,-1.402038255642288
6792,-1.402038255642288
6793,-1.402038255642288
6794,-1.402038255642288
6795,-1.402038255642288
6796,-1.402038255642288
6797,-1.402038255642288
6798,-1.402038255642288
6799,-1.402038255642288
6800,-1.402038255642288
6801,-1.402038255642288
6802,-1.402038255642288
6803,-1.402038255642288
6804,-1.402038255642288
6805,-1.402038255642288
6806,-1.402038255642288
6807,-1.402038255642288
6808,-1.402038255642288
6809,-1.402038255642288
6810,-1.402038255642288
6811,-1.402038255642288
6812,-1.402038255642288
6813,-1.402038255642288
6814,-1.402038255642288
6815,-1.402038255642288
6816,-1.402038255642288
6817,-1.402038255642288
6818,-1.402038255642288
6819,-1.402038255642288
6820,-1.402038255642288
6821,-1.402038255642288
6822,-1.402038255642288
6823,-1.402038255642288
6824,-1.402038255642288
6825,-1.402038255642288
6826,-1.402038255642288
6827,-1.402038255642288
6828,-1.402038255642288
6829,-1.402038255642288
6830,-1.402038255642288
6831,-1.402038255642288
6832,-1.402038255642288
6833,-1.402038255642288
6834,-1.402038255642288
6835,-1.402038255642288
6836,-1.402038255642288
6837,-1.402038255642288
6838,-1.402038255642288
6839,-1.402038255642288
6840,-1.402038255642288
6841,-1.402038255642288
6842,-1.402038255642288
6843,-1.402038255642288
6844,-1.402038255642288
6845,-1.402038255642288
6846,-1.402038255642288
6847,-1.402038255642288
6848,-1.402038255642288
6849,-1.402038255642288
6850,-1.402038255642288
6851,-1.402038255642288
6852,-1.402038255642288
6853,-1.402038255642288
6854,-1.402038255642288
6855,-1.402038255642288
6856,-1.402038255642288
6857,-1.402038255642288
6858,-1.402038255642288
6859,-1.402038255642288
6860,-1.402038255642288
6861,-1.402038255642288
6862,-1.402038255642288
6863,-1.402038255642288
6864,-1.402038255642288
6865,-1.402038255642288
6866,-1.402038255642288
6867,-1.402038255642288
6868,-1.402038255642288
6869,-1.402038255642288
6870,-1.402038255642288
6871,-1.402038255642288
6872,-1.402038255642288
6873,-1.402038255642288
6874,-1.402038255642288
6875,-1.402038255642288
6876,-1.402038255642288
6877,-1.402038255642288
6878,-1.402038255642288
6879,-1.402038255642288
6880,-1.402038255642288
6881,-1.402038255642288
6882,-1.402038255642288
6883,-1.402038255642288
6884,-1.402038255642288
6885,-1.402038255642288
6886,-1.402038255642288
6887,-1.402038255642288
6888,-1.402038255642288
6889,-1.402038255642288
6890,-1.402038255642288
6891,-1.402038255642288
6892,-1.402038255642288
6893,-1.402038255642288
6894,-1.402038255642288
6895,-1.402038255642288
6896,-1.402038255642288
6897,-1.402038255642288
6898,-1.402038255642288
6899,-1.402038255642288
6900,-1.402038255642288
6901,-1.402038255642288
6902,-1.402038255642288
6903,-1.402038255642288
6904,-1.402038255642288
6905,-1.402038255642288
6906,-1.402038255642288
6907,-1.402038255642288
6908,-1.402038255642288
6909,-1.402038255642288
6910,-1.402038255642288
6911,-1.402038255642288
6912,-1.402038255642288
6913,-1.402038255642288
6914,-1.402038255642288
6915,-1.402038255642288
6916,-1.402038255642288
6917,-1.402038255642288
6918,-1.402038255642288
6919,-1.402038255642288
6920,-1.402038255642288
6921,-1.402038255642288
6922,-1.402038255642288
6923,-1.402038255642288
6924,-1.402038255642288
6925,-1.402038255642288
6926,-1.402038255642288
6927,-1.402038255642288
6928,-1.402038255642288
6929,-1.402038255642288
6930,-1.402038255642288
6931,-1.402038255642288
6932,-1.402038255642288
6933,-1.402038255642288
6934,-1.402038255642288
6935,-1.402038255642288
6936,-1.402038255642288
6937,-1.402038255642288
6938,-1.402038255642288
6939,-1.402038255642288
6940,-1.402038255642288
6941,-1.402038255642288
6942,-1.402038255642288
6943,-1.402038255642288
6944,-1.402038255642288
6945,-1.402038255642288
6946,-1.402038255642288
6947,-1.402038255642288
6948,-1.402038255642288
6949,-1.402038255642288
6950,-1.402038255642288
6951,-1.402038255642288
6952,-1.402038255642288
6953,-1.402038255642288
6954,-1.402038255642288
6955,-1.402038255642288
6956,-1.402038255642288
6957,-1.402038255642288
6958,-1.402038255642288
6959,-1.402038255642288
6960,-1.402038255642288
6961,-1.402038255642288
6962,-1.402038255642288
6963,-1.402038255642288
6964,-1.402038255642288
6965,-1.402038255642288
6966,-1.402038255642288
6967,-1.402038255642288
6968,-1.402038255642288
6969,-1.402038255642288
6970,-1.402038255642288
6971,-1.402038255642288
6972,-1.402038255642288
6973,-1.402038255642288
6974,-1.402038255642288
6975,-1.402038255642288
6976,-1.402038255642288
6977,-1.402038255642288
6978,-1.402038255642288
6979,-1.402038255642288
6980,-1.402038255642288
6981,-1.402038255642288
6982,-1.402038255642288
6983,-1.402038255642288
6984,-1.402038255642288
6985,-1.402038255642288
6986,-1.402038255642288
6987,-1.402038255642288
6988,-1.402038255642288
6989,-1.402038255642288
6990,-1.402038255642288
6991,-1.402038255642288
6992,-1.402038255642288
6993,-1.402038255642288
6994,-1.402038255642288
6995,-1.402038255642288
6996,-1.402038255642288
6997,-1.402038255642288
6998,-1.402038255642288
6999,-1.402038255642288
7000,-1.402038255642288
7001,-1.402038255642288
7002,-1.402038255642288
7003,-1.402038255642288
7004,-1.402038255642288
7005,-1.402038255642288
7006,-1.402038255642288
7007,-1.402038255642288
7008,-1.402038255642288
7009,-1.402038255642288
7010,-1.402038255642288
7011,-1.402038255642288
7012,-1.402038255642288
7013,-1.402038255642288
7014,-1.402038255642288
7015,-1.402038255642288
7016,-1.402038255642288
7017,-1.402038255642288
7018,-1.402038255642288
7019,-1.402038255642288
7020,-1.402038255642288
7021,-1.402038255642288
7022,-1.402038255642288
7023,-1.402038255642288
7024,-1.402038255642288
7025,-1.402038255642288
7026,-1.402038255642288
7027,-1.402038255642288
7028,-1.402038255642288
7029,-1.402038255642288
7030,-1.402038255642288
7031,-1.402038255642288
7032,-1.402038255642288
7033,-1.402038255642288
7034,-1.402038255642288
7035,-1.402038255642288
7036,-1.402038255642288
7037,-1.402038255642288
7038,-1.402038255642288
7039,-1.402038255642288
7040,-1.402038255642288
7041,-1.402038255642288
7042,-1.402038255642288
7043,-1.402038255642288
7044,-1.402038255642288
7045,-1.402038255642288
7046,-1.402038255642288
7047,-1.402038255642288
7048,-1.402038255642288
7049,-1.402038255642288
7050,-1.402038255642288
7051,-1.402038255642288
7052,-1.402038255642288
7053,-1.402038255642288
7054,-1.402038255642288
7055,-1.402038255642288
7056,-1.402038255642288
7057,-1.402038255642288
7058,-1.402038255642288
7059,-1.402038255642288
7060,-1.402038255642288
7061,-1.402038255642288
7062,-1.402038255642288
7063,-1.402038255642288
7064,-1.402038255642288
7065,-1.402038255642288
7066,-1.402038255642288
7067,-1.402038255642288
7068,-1.402038255642288
7069,-1.402038255642288
7070,-1.402038255642288
7071,-1.402038255642288
7072,-1.402038255642288
7073,-1.402038255642288
7074,-1.402038255642288
7075,-1.402038255642288
7076,-1.402038255642288
7077,-1.402038255642288
7078,-1.402038255642288
7079,-1.402038255642288
7080,-1.402038255642288
7081,-1.402038255642288
7082,-1.402038255642288
7083,-1.402038255642288
7084,-1.402038255642288
7085,-1.402038255642288
7086,-1.402038255642288
7087,-1.402038255642288
7088,-1.402038255642288
7089,-1.402038255642288
7090,-1.402038255642288
7091,-1.402038255642288
7092,-1.402038255642288
7093,-1.402038255642288
7094,-1.402038255642288
7095,-1.402038255642288
7096,-1.402038255642288
7097,-1.402038255642288
7098,-1.402038255642288
7099,-1.402038255642288
7100,-1.402038255642288
7101,-1.402038255642288
7102,-1.402038255642288
7103,-1.402038255642288
7104,-1.402038255642288
7105,-1.402038255642288
7106,-1.402038255642288
7107,-1.402038255642288
7108,-1.402038255642288
7109,-1.402038255642288
7110,-1.402038255642288
7111,-1.402038255642288
7112,-1.402038255642288
7113,-1.402038255642288
7114,-1.402038255642288
7115,-1.402038255642288
7116,-1.402038255642288
7117,-1.402038255642288
7118,-1.402038255642288
7119,-1.402038255642288
7120,-1.402038255642288
7121,-1.402038255642288
7122,-1.402038255642288
7123,-1.402038255642288
7124,-1.402038255642288
7125,-1.402038255642288
7126,-1.402038255642288
7127,-1.402038255642288
7128,-1.402038255642288
7129,-1.402038255642288
7130,-1.402038255642288
7131,-1.402038255642288
7132,-1.402038255642288
7133,-1.402038255642288
7134,-1.402038255642288
7135,-1.402038255642288
7136,-1.402038255642288
7137,-1.402038255642288
7138,-1.402038255642288
7139,-1.402038255642288
7140,-1.402038255642288
7141,-1.402038255642288
7142,-1.402038255642288
7143,-1.402038255642288
7144,-1.402038255642288
7145,-1.402038255642288
7146,-1.402038255642288
7147,-1.402038255642288
7148,-1.402038255642288
7149,-1.402038255642288
7150,-1.402038255642288
7151,-1.402038255642288
7152,-1.402038255642288
7153,-1.402038255642288
7154,-1.402038255642288
7155,-1.402038255642288
7156,-1.402038255642288
7157,-1.402038255642288
7158,-1.402038255642288
7159,-1.402038255642288
7160,-1.402038255642288
7161,-1.402038255642288
7162,-1.402038255642288
7163,-1.402038255642288
7164,-1.402038255642288
7165,-1.402038255642288
7166,-1.402038255642288
7167,-1.402038255642288
7168,-1.402038255642288
7169,-1.402038255642288
7170,-1.402038255642288
7171,-1.402038255642288
7172,-1.402038255642288
7173,-1.402038255642288
7174,-1.402038255642288
7175,-1.402038255642288
7176,-1.402038255642288
7177,-1.402038255642288
7178,-1.402038255642288
7179,-1.402038255642288
7180,-1.402038255642288
7181,-1.402038255642288
7182,-1.402038255642288
7183,-1.402038255642288
7184,-1.402038255642288
7185,-1.402038255642288
7186,-1.402038255642288
7187,-1.402038255642288
7188,-1.402038255642288
7189,-1.402038255642288
7190,-1.402038255642288
7191,-1.402038255642288
7192,-1.402038255642288
7193,-1.402038255642288
7194,-1.402038255642288
7195,-1.402038255642288
7196,-1.402038255642288
7197,-1.402038255642288
7198,-1.402038255642288
7199,-1.402038255642288
7200,-1.402038255642288
7201,-1.402038255642288
7202,-1.402038255642288
7203,-1.402038255642288
7204,-1.402038255642288
7205,-1.402038255642288
7206,-1.402038255642288
7207,-1.402038255642288
7208,-1.402038255642288
7209,-1.402038255642288
7210,-1.402038255642288
7211,-1.402038255642288
7212,-1.402038255642288
7213,-1.402038255642288
7214,-1.402038255642288
7215,-1.402038255642288
7216,-1.402038255642288
7217,-1.402038255642288
7218,-1.402038255642288
7219,-1.402038255642288
7220,-1.402038255642288
7221,-1.402038255642288
7222,-1.402038255642288
7223,-1.402038255642288
7224,-1.402038255642288
7225,-1.402038255642288
7226,-1.402038255642288
7227,-1.402038255642288
7228,-1.402038255642288
7229,-1.402038255642288
7230,-1.402038255642288
7231,-1.402038255642288
7232,-1.402038255642288
7233,-1.402038255642288
7234,-1.402038255642288
7235,-1.402038255642288
7236,-1.402038255642288
7237,-1.402038255642288
7238,-1.402038255642288
7239,-1.402038255642288
7240,-1.402038255642288
7241,-1.402038255642288
7242,-1.402038255642288
7243,-1.402038255642288
7244,-1.402038255642288
7245,-1.402038255642288
7246,-1.402038255642288
7247,-1.402038255642288
7248,-1.402038255642288
7249,-1.402038255642288
7250,-1.402038255642288
7251,-1.402038255642288
7252,-1.402038255642288
7253,-1.402038255642288
7254,-1.402038255642288
7255,-1.402038255642288
7256,-1.402038255642288
7257,-1.402038255642288
7258,-1.402038255642288
7259,-1.402038255642288
7260,-1.402038255642288
7261,-1.402038255642288
7262,-1.402038255642288
7263,-1.402038255642288
7264,-1.402038255642288
7265,-1.402038255642288
7266,-1.402038255642288
7267,-1.402038255642288
7268,-1.402038255642288
7269,-1.402038255642288
7270,-1.402038255642288
7271,-1.402038255642288
7272,-1.402038255642288
7273,-1.402038255642288
7274,-1.402038255642288
7275,-1.402038255642288
7276,-1.402038255642288
7277,-1.402038255642288
7278,-1.402038255642288
7279,-1.402038255642288
7280,-1.402038255642288
7281,-1.402038255642288
7282,-1.402038255642288
7283,-1.402038255642288
7284,-1.402038255642288
7285,-1.402038255642288
7286,-1.402038255642288
7287,-1.402038255642288
7288,-1.402038255642288
7289,-1.402038255642288
7290,-1.402038255642288
7291,-1.402038255642288
7292,-1.402038255642288
7293,-4.738492036956609
7294,-4.738492036956609
7295,-4.738492036956609
7296,-4.738492036956609
7297,-4.738492036956609
7298,-4.738492036956609
7299,-4.738492036956609
7300,-4.738492036956609
7301,-4.738492036956609
7302,-4.738492036956609
7303,-4.738492036956609
7304,-4.738492036956609
7305,-4.738492036956609
7306,-4.738492036956609
7307,-4.738492036956609
7308,-4.738492036956609
7309,-4.738492036956609
7310,-4.738492036956609
7311,-4.738492036956609
7312,-4.738492036956609
7313,-4.738492036956609
7314,-4.738492036956609
7315,-4.738492036956609
7316,-4.738492036956609
7317,-4.738492036956609
7318,-4.738492036956609
7319,-4.738492036956609
7320,-4.738492036956609
7321,-4.738492036956609
7322,-4.738492036956609
7323,-4.738492036956609
7324,-4.738492036956609
7325,-4.738492036956609
7326,-4.738492036956609
7327,-4.738492036956609
7328,-4.738492036956609
7329,-4.738492036956609
7330,-4.738492036956609
7331,-4.738492036956609
7332,-4.738492036956609
7333,-4.738492036956609
7334,-4.738492036956609
7335,-4.738492036956609
7336,-4.738492036956609
7337,-4.738492036956609
7338,-4.738492036956609
7339,-4.738492036956609
7340,-4.738492036956609
7341,-4.738492036956609
7342,-4.738492036956609
7343,-4.738492036956609
7344,-4.738492036956609
7345,-4.738492036956609
7346,-4.738492036956609
7347,-4.738492036956609
7348,-4.738492036956609
7349,-4.738492036956609
7350,-4.738492036956609
7351,-4.738492036956609
7352,-4.738492036956609
7353,-4.738492036956609
7354,-4.738492036956609
7355,-4.738492036956609
7356,-4.738492036956609
7357,-4.738492036956609
7358,-4.738492036956609
7359,-4.738492036956609
7360,-4.738492036956609
7361,-4.738492036956609
7362,-4.738492036956609
7363,-4.738492036956609
7364,-4.738492036956609
7365,-4.738492036956609
7366,-4.738492036956609
7367,-4.738492036956609
7368,-4.738492036956609
7369,-4.738492036956609
7370,-4.738492036956609
7371,-4.738492036956609
7372,-4.738492036956609
7373,-4.738492036956609
7374,-4.738492036956609
7375,-4.738492036956609
7376,-4.738492036956609
7377,-4.738492036956609
7378,-4.738492036956609
7379,-4.738492036956609
7380,-4.738492036956609
7381,-4.738492036956609
7382,-4.738492036956609
7383,-4.738492036956609
7384,-4.738492036956609
7385,-4.738492036956609
7386,-4.738492036956609
7387,-4.738492036956609
7388,-4.738492036956609
7389,-4.738492036956609
7390,-4.738492036956609
7391,-4.738492036956609
7392,-4.738492036956609
7393,-4.738492036956609
7394,-4.738492036956609
7395,-4.738492036956609
7396,-4.738492036956609
7397,-4.738492036956609
7398,-4.738492036956609
7399,-4.738492036956609
7400,-4.738492036956609
7401,-4.738492036956609
7402,-4.738492036956609
7403,-4.738492036956609
7404,-4.738492036956609
7405,-4.738492036956609
7406,-4.738492036956609
7407,-4.738492036956609
7408,-4.738492036956609
7409,-4.738492036956609
7410,-4.738492036956609
7411,-4.738492036956609
7412,-4.738492036956609
7413,-4.738492036956609
7414,-4.738492036956609
7415,-4.738492036956609
7416,-4.738492036956609
7417,-4.738492036956609
7418,-4.738492036956609
7419,-4.738492036956609
7420,-4.738492036956609
7421,-4.738492036956609
7422,-4.738492036956609
7423,-4.738492036956609
7424,-4.738492036956609
7425,-4.738492036956609
7426,-4.738492036956609
7427,-4.738492036956609
7428,-4.738492036956609
7429,-4.738492036956609
7430,-4.738492036956609
7431,-4.738492036956609
7432,-4.738492036956609
7433,-4.738492036956609
7434,-4.738492036956609
7435,-4.738492036956609
7436,-4.738492036956609
7437,-4.738492036956609
7438,-4.738492036956609
7439,-4.738492036956609
7440,-4.738492036956609
7441,-4.738492036956609
7442,-4.738492036956609
7443,-4.738492036956609
7444,-4.738492036956609
7445,-4.738492036956609
7446,-4.738492036956609
7447,-4.738492036956609
7448,-4.738492036956609
7449,-4.738492036956609
7450,-4.738492036956609
7451,-4.738492036956609
7452,-4.738492036956609
7453,-4.738492036956609
7454,-4.738492036956609
7455,-4.738492036956609
7456,-4.738492036956609
7457,-4.738492036956609
7458,-4.738492036956609
7459,-4.738492036956609
7460,-4.738492036956609
7461,-4.738492036956609
7462,-4.738492036956609
7463,-4.738492036956609
7464,-4.738492036956609
7465,-4.738492036956609
7466,-4.738492036956609
7467,-4.738492036956609
7468,-4.738492036956609
7469,-4.738492036956609
7470,-4.738492036956609
7471,-4.738492036956609
7472,-4.738492036956609
7473,-4.738492036956609
7474,-4.738492036956609
7475,-4.738492036956609
7476,-4.738492036956609
7477,-4.738492036956609
7478,-4.738492036956609
7479,-4.738492036956609
7480,-4.738492036956609
7481,-4.738492036956609
7482,-4.738492036956609
7483,-4.738492036956609
7484,-4.738492036956609
7485,-4.738492036956609
7486,-4.738492036956609
7487,-4.738492036956609
7488,-4.738492036956609
7489,-4.738492036956609
7490,-4.738492036956609
7491,-4.738492036956609
7492,-4.738492036956609
7493,-4.738492036956609
7494,-4.738492036956609
7495,-4.738492036956609
7496,-4.738492036956609
7497,-4.738492036956609
7498,-4.738492036956609
7499,-4.738492036956609
7500,-4.738492036956609
7501,-4.738492036956609
7502,-4.738492036956609
7503,-4.738492036956609
7504,-4.738492036956609
7505,-4.738492036956609
7506,-4.738492036956609
7507,-4.738492036956609
7508,-4.738492036956609
7509,-4.738492036956609
7510,-4.738492036956609
7511,-4.738492036956609
7512,-4.738492036956609
7513,-4.738492036956609
7514,-4.738492036956609
7515,-4.738492036956609
7516,-4.738492036956609
7517,-4.738492036956609
7518,-4.738492036956609
7519,-4.738492036956609
7520,-4.738492036956609
7521,-4.738492036956609
7522,-4.738492036956609
7523,-4.738492036956609
7524,-4.738492036956609
7525,-4.738492036956609
7526,-4.738492036956609
7527,-4.738492036956609
7528,-4.738492036956609
7529,-4.738492036956609
7530,-4.738492036956609
7531,-4.738492036956609
7532,-4.738492036956609
7533,-4.738492036956609
7534,-4.738492036956609
7535,-4.738492036956609
7536,-4.738492036956609
7537,-4.738492036956609
7538,-4.738492036956609
7539,-4.738492036956609
7540,-4.738492036956609
7541,-4.738492036956609
7542,-4.738492036956609
7543,-4.738492036956609
7544,-4.738492036956609
7545,-4.738492036956609
7546,-4.738492036956609
7547,-4.738492036956609
7548,-4.738492036956609
7549,-4.738492036956609
7550,-4.738492036956609
7551,-4.738492036956609
7552,-4.738492036956609
7553,-4.738492036956609
7554,-4.738492036956609
7555,-4.738492036956609
7556,-4.738492036956609
7557,-4.738492036956609
7558,-4.738492036956609
7559,-4.738492036956609
7560,-4.738492036956609
7561,-4.738492036956609
7562,-4.738492036956609
7563,-4.738492036956609
7564,-4.738492036956609
7565,-4.738492036956609
7566,-4.738492036956609
7567,-4.738492036956609
7568,-4.738492036956609
7569,-4.738492036956609
7570,-4.738492036956609
7571,-4.738492036956609
7572,-4.738492036956609
7573,-4.738492036956609
7574,-4.738492036956609
7575,-4.738492036956609
7576,-4.738492036956609
7577,-4.738492036956609
7578,-4.738492036956609
7579,-4.738492036956609
7580,-4.738492036956609
7581,-4.738492036956609
7582,-4.738492036956609
7583,-4.738492036956609
7584,-4.738492036956609
7585,-4.738492036956609
7586,-4.738492036956609
7587,-4.738492036956609
7588,-4.738492036956609
7589,-4.738492036956609
7590,-4.738492036956609
7591,-4.738492036956609
7592,-4.738492036956609
7593,-4.738492036956609
7594,-4.738492036956609
7595,-4.738492036956609
7596,-4.738492036956609
7597,-4.738492036956609
7598,-4.738492036956609
7599,-4.738492036956609
7600,-4.738492036956609
7601,-4.738492036956609
7602,-4.738492036956609
7603,-4.738492036956609
7604,-4.738492036956609
7605,-4.738492036956609
7606,-4.738492036956609
7607,-4.738492036956609
7608,-4.738492036956609
7609,-4.738492036956609
7610,-4.738492036956609
7611,-4.738492036956609
7612,-4.738492036956609
7613,-4.738492036956609
7614,-4.738492036956609
7615,-4.738492036956609
7616,-4.738492036956609
7617,-4.738492036956609
7618,-4.738492036956609
7619,-4.738492036956609
7620,-4.738492036956609
7621,-4.738492036956609
7622,-4.738492036956609
7623,-4.738492036956609
7624,-4.738492036956609
7625,-4.738492036956609
7626,-4.738492036956609
7627,-4.738492036956609
7628,-4.738492036956609
7629,-4.738492036956609
7630,-4.738492036956609
7631,-4.738492036956609
7632,-4.738492036956609
7633,-4.738492036956609
7634,-4.738492036956609
7635,-4.738492036956609
7636,-4.738492036956609
7637,-4.738492036956609
7638,-4.738492036956609
7639,-4.738492036956609
7640,-4.738492036956609
7641,-4.738492036956609
7642,-4.738492036956609
7643,-4.738492036956609
7644,-4.738492036956609
7645,-4.738492036956609
7646,-4.738492036956609
7647,-4.738492036956609
7648,-4.738492036956609
7649,-4.738492036956609
7650,-4.738492036956609
7651,-4.738492036956609
7652,-4.738492036956609
7653,-4.738492036956609
7654,-4.738492036956609
7655,-4.738492036956609
7656,-4.738492036956609
7657,-4.738492036956609
7658,-4.738492036956609
7659,-4.738492036956609
7660,-4.738492036956609
7661,-4.738492036956609
7662,-4.738492036956609
7663,-4.738492036956609
7664,-4.738492036956609
7665,-4.738492036956609
7666,-4.738492036956609
7667,-4.738492036956609
7668,-4.738492036956609
7669,-4.738492036956609
7670,-4.738492036956609
7671,-4.738492036956609
7672,-4.738492036956609
7673,-4.738492036956609
7674,-4.738492036956609
7675,-4.738492036956609
7676,-4.738492036956609
7677,-4.738492036956609
7678,-4.738492036956609
7679,-4.738492036956609
7680,-4.738492036956609
7681,-4.738492036956609
7682,-4.738492036956609
7683,-4.738492036956609
7684,-4.738492036956609
7685,-4.738492036956609
7686,-4.738492036956609
7687,-4.738492036956609
7688,-4.738492036956609
7689,-4.738492036956609
7690,-4.738492036956609
7691,-4.738492036956609
7692,-4.738492036956609
7693,-4.738492036956609
7694,-4.738492036956609
7695,-4.738492036956609
7696,-4.738492036956609
7697,-4.738492036956609
7698,-4.738492036956609
7699,-4.738492036956609
7700,-4.738492036956609
7701,-4.738492036956609
7702,-4.738492036956609
7703,-4.738492036956609
7704,-4.738492036956609
7705,-4.738492036956609
7706,-4.738492036956609
7707,-4.738492036956609
7708,-4.738492036956609
7709,-4.738492036956609
7710,-4.738492036956609
7711,-4.738492036956609
7712,-4.738492036956609
7713,-4.738492036956609
7714,-4.738492036956609
7715,-4.738492036956609
7716,-4.738492036956609
7717,-4.738492036956609
7718,-4.738492036956609
7719,-4.738492036956609
7720,-4.738492036956609
7721,-4.738492036956609
7722,-4.738492036956609
7723,-4.738492036956609
7724,-4.738492036956609
7725,-4.738492036956609
7726,-4.738492036956609
7727,-4.738492036956609
7728,-4.738492036956609
7729,-4.738492036956609
7730,-4.738492036956609
7731,-4.738492036956609
7732,-4.738492036956609
7733,-4.738492036956609
7734,-4.738492036956609
7735,-4.738492036956609
7736,-4.738492036956609
7737,-4.738492036956609
7738,-4.738492036956609
7739,-4.738492036956609
7740,-4.738492036956609
7741,-4.738492036956609
7742,-4.738492036956609
7743,-4.738492036956609
7744,-4.738492036956609
7745,-4.738492036956609
7746,-4.738492036956609
7747,-4.738492036956609
7748,-4.738492036956609
7749,-4.738492036956609
7750,-4.738492036956609
7751,-4.738492036956609
7752,-4.738492036956609
7753,-4.738492036956609
7754,-4.738492036956609
7755,-4.738492036956609
7756,-4.738492036956609
7757,-4.738492036956609
7758,-4.738492036956609
7759,-4.738492036956609
7760,-4.738492036956609
7761,-4.738492036956609
7762,-4.738492036956609
7763,-4.738492036956609
7764,-4.738492036956609
7765,-4.738492036956609
7766,-4.738492036956609
7767,-4.738492036956609
7768,-4.738492036956609
7769,-4.738492036956609
7770,-4.738492036956609
7771,-4.738492036956609
7772,-4.738492036956609
7773,-4.738492036956609
7774,-4.738492036956609
7775,-4.738492036956609
7776,-4.738492036956609
7777,-4.738492036956609
7778,-4.738492036956609
7779,-4.738492036956609
7780,-4.738492036956609
7781,-4.738492036956609
7782,-4.738492036956609
7783,-4.738492036956609
7784,-4.738492036956609
7785,-4.738492036956609
7786,-4.738492036956609
7787,-4.738492036956609
7788,-4.738492036956609
7789,-4.738492036956609
7790,-4.738492036956609
7791,-4.738492036956609
7792,-4.738492036956609
7793,-4.738492036956609
7794,-4.738492036956609
7795,-4.738492036956609
7796,-4.738492036956609
7797,-4.738492036956609
7798,-4.738492036956609
7799,-4.738492036956609
7800,-4.738492036956609
7801,-4.738492036956609
7802,-4.738492036956609
7803,-4.738492036956609
7804,-4.738492036956609
7805,-4.738492036956609
7806,-4.738492036956609
7807,-4.738492036956609
7808,-4.738492036956609
7809,-4.738492036956609
7810,-4.738492036956609
7811,-4.738492036956609
7812,-4.738492036956609
7813,-4.738492036956609
7814,-4.738492036956609
7815,-4.738492036956609
7816,-4.738492036956609
7817,-4.738492036956609
7818,-4.738492036956609
7819,-4.738492036956609
7820,-4.738492036956609
7821,-4.738492036956609
7822,-4.738492036956609
7823,-4.738492036956609
7824,-4.738492036956609
7825,-4.738492036956609
7826,-4.738492036956609
7827,-4.738492036956609
7828,-4.738492036956609
7829,-4.738492036956609
7830,-4.738492036956609
7831,-4.738492036956609
7832,-4.738492036956609
7833,-4.738492036956609
7834,-4.738492036956609
7835,-4.738492036956609
7836,-4.738492036956609
7837,-4.738492036956609
7838,-4.738492036956609
7839,-4.738492036956609
7840,-4.738492036956609
7841,-4.738492036956609
7842,-4.738492036956609
7843,-4.738492036956609
7844,-4.738492036956609
7845,-4.738492036956609
7846,-4.738492036956609
7847,-4.738492036956609
7848,-4.738492036956609
7849,-4.738492036956609
7850,-4.738492036956609
7851,-4.738492036956609
7852,-4.738492036956609
7853,-4.738492036956609
7854,-4.738492036956609
7855,-4.738492036956609
7856,-4.738492036956609
7857,-4.738492036956609
7858,-4.738492036956609
7859,-4.738492036956609
7860,-4.738492036956609
7861,-4.738492036956609
7862,-4.738492036956609
7863,-4.738492036956609
7864,-4.738492036956609
7865,-4.738492036956609
7866,-4.738492036956609
7867,-4.738492036956609
7868,-4.738492036956609
7869,-4.738492036956609
7870,-4.738492036956609
7871,-4.738492036956609
7872,-4.738492036956609
7873,-4.738492036956609
7874,-4.738492036956609
7875,-4.738492036956609
7876,-4.738492036956609
7877,-4.738492036956609
7878,-4.738492036956609
7879,-4.738492036956609
7880,-4.738492036956609
7881,-4.738492036956609
7882,-4.738492036956609
7883,-4.738492036956609
7884,-4.738492036956609
7885,-4.738492036956609
7886,-4.738492036956609
7887,-4.738492036956609
7888,-4.738492036956609
7889,-4.738492036956609
7890,-4.738492036956609
7891,-4.738492036956609
7892,-4.738492036956609
7893,-4.738492036956609
7894,-4.738492036956609
7895,-4.738492036956609
7896,-4.738492036956609
7897,-4.738492036956609
7898,-4.738492036956609
7899,-4.738492036956609
7900,-4.738492036956609
7901,-4.738492036956609
7902,-4.738492036956609
7903,-4.738492036956609
7904,-4.738492036956609
7905,-4.738492036956609
7906,-4.738492036956609
7907,-4.738492036956609
7908,-4.738492036956609
7909,-4.738492036956609
7910,-4.738492036956609
7911,-4.738492036956609
7912,-4.738492036956609
7913,-4.738492036956609
7914,-4.738492036956609
7915,-4.738492036956609
7916,-4.738492036956609
7917,-4.738492036956609
7918,-4.738492036956609
7919,-4.738492036956609
7920,-4.738492036956609
7921,-4.738492036956609
7922,-4.738492036956609
7923,-4.738492036956609
7924,-4.738492036956609
7925,-4.738492036956609
7926,-4.738492036956609
7927,-4.738492036956609
7928,-4.738492036956609
7929,-4.738492036956609
7930,-4.738492036956609
7931,-4.738492036956609
7932,-4.738492036956609
7933,-4.738492036956609
7934,-4.738492036956609
7935,-4.738492036956609
7936,-4.738492036956609
7937,-4.738492036956609
7938,-4.738492036956609
7939,-4.738492036956609
7940,-4.738492036956609
7941,-4.738492036956609
7942,-4.738492036956609
7943,-4.738492036956609
7944,-4.738492036956609
7945,-4.738492036956609
7946,-4.738492036956609
7947,-4.738492036956609
7948,-4.738492036956609
7949,-4.738492036956609
7950,-4.738492036956609
7951,-4.738492036956609
7952,-4.738492036956609
7953,-4.738492036956609
7954,-4.738492036956609
7955,-4.738492036956609
7956,-4.738492036956609
7957,-4.738492036956609
7958,-4.738492036956609
7959,-4.738492036956609
7960,-4.738492036956609
7961,-4.738492036956609
7962,-4.738492036956609
7963,-4.738492036956609
7964,-4.738492036956609
7965,-4.738492036956609
7966,-4.738492036956609
7967,-4.738492036956609
7968,-4.738492036956609
7969,-4.738492036956609
7970,-4.738492036956609
7971,-4.738492036956609
7972,-4.738492036956609
7973,-4.738492036956609
7974,-4.738492036956609
7975,-4.738492036956609
7976,-4.738492036956609
7977,-4.738492036956609
7978,-4.738492036956609
7979,-4.738492036956609
7980,-3.5879907330551193
7981,-3.5879907330551193
7982,-3.5879907330551193
7983,-3.5879907330551193
7984,-3.5879907330551193
7985,-3.5879907330551193
7986,-3.5879907330551193
7987,-3.5879907330551193
7988,-3.5879907330551193
7989,-3.5879907330551193
7990,-3.5879907330551193
7991,-3.5879907330551193
7992,-3.5879907330551193
7993,-3.5879907330551193
7994,-3.5879907330551193
7995,-3.5879907330551193
7996,-3.5879907330551193
7997,-3.5879907330551193
7998,-3.5879907330551193
7999,-3.5879907330551193
8000,-3.5879907330551193
8001,-3.5879907330551193
8002,-3.5879907330551193
8003,-3.5879907330551193
8004,-3.5879907330551193
8005,-3.5879907330551193
8006,-3.5879907330551193
8007,-3.5879907330551193
8008,-3.5879907330551193
8009,-3.5879907330551193
8010,-3.5879907330551193
8011,-3.5879907330551193
8012,-3.5879907330551193
8013,-3.5879907330551193
8014,-3.5879907330551193
8015,-3.5879907330551193
8016,-3.5879907330551193
8017,-3.5879907330551193
8018,-3.5879907330551193
8019,-3.5879907330551193
8020,-3.5879907330551193
8021,-3.5879907330551193
8022,-3.5879907330551193
8023,-3.5879907330551193
8024,-3.5879907330551193
8025,-3.5879907330551193
8026,-3.5879907330551193
8027,-3.5879907330551193
8028,-3.5879907330551193
8029,-3.5879907330551193
8030,-3.5879907330551193
8031,-3.5879907330551193
8032,-3.5879907330551193
8033,-3.5879907330551193
8034,-3.5879907330551193
8035,-3.5879907330551193
8036,-3.5879907330551193
8037,-3.5879907330551193
8038,-3.5879907330551193
8039,-3.5879907330551193
8040,-3.5879907330551193
8041,-3.5879907330551193
8042,-3.5879907330551193
8043,-3.5879907330551193
8044,-3.5879907330551193
8045,-3.5879907330551193
8046,-3.5879907330551193
8047,-3.5879907330551193
8048,-3.5879907330551193
8049,-3.5879907330551193
8050,-3.5879907330551193
8051,-3.5879907330551193
8052,-3.5879907330551193
8053,-3.5879907330551193
8054,-3.5879907330551193
8055,-3.5879907330551193
8056,-3.5879907330551193
8057,-3.5879907330551193
8058,-3.5879907330551193
8059,-3.5879907330551193
8060,-3.5879907330551193
8061,-3.5879907330551193
8062,-3.5879907330551193
8063,-3.5879907330551193
8064,-3.5879907330551193
8065,-3.5879907330551193
8066,-3.5879907330551193
8067,-3.5879907330551193
8068,-3.5879907330551193
8069,-3.5879907330551193
8070,-3.5879907330551193
8071,-3.5879907330551193
8072,-3.5879907330551193
8073,-3.5879907330551193
8074,-3.5879907330551193
8075,-3.5879907330551193
8076,-3.5879907330551193
8077,-3.5879907330551193
8078,-3.5879907330551193
8079,-3.5879907330551193
8080,-3.5879907330551193
8081,-3.5879907330551193
8082,-3.5879907330551193
8083,-3.5879907330551193
8084,-3.5879907330551193
8085,-3.5879907330551193
8086,-3.5879907330551193
8087,-3.5879907330551193
8088,-3.5879907330551193
8089,-3.5879907330551193
8090,-3.5879907330551193
8091,-3.5879907330551193
8092,-3.5879907330551193
8093,-3.5879907330551193
8094,-3.5879907330551193
8095,-3.5879907330551193
8096,-3.5879907330551193
8097,-3.5879907330551193
8098,-3.5879907330551193
8099,-3.5879907330551193
8100,-3.5879907330551193
8101,-3.5879907330551193
8102,-3.5879907330551193
8103,-3.5879907330551193
8104,-3.5879907330551193
8105,-3.5879907330551193
8106,-3.5879907330551193
8107,-3.5879907330551193
8108,-3.5879907330551193
8109,-3.5879907330551193
8110,-3.5879907330551193
8111,-3.5879907330551193
8112,-3.5879907330551193
8113,-3.5879907330551193
8114,-3.5879907330551193
8115,-3.5879907330551193
8116,-3.5879907330551193
8117,-3.5879907330551193
8118,-3.5879907330551193
8119,-3.5879907330551193
8120,-3.5879907330551193
8121,-3.5879907330551193
8122,-3.5879907330551193
8123,-3.5879907330551193
8124,-3.5879907330551193
8125,-3.5879907330551193
8126,-3.5879907330551193
8127,-3.5879907330551193
8128,-3.5879907330551193
8129,-3.5879907330551193
8130,-3.5879907330551193
8131,-3.5879907330551193
8132,-3.5879907330551193
8133,-3.5879907330551193
8134,-3.5879907330551193
8135,-3.5879907330551193
8136,-3.5879907330551193
8137,-3.5879907330551193
8138,-3.5879907330551193
8139,-3.5879907330551193
8140,-3.5879907330551193
8141,-3.5879907330551193
8142,-3.5879907330551193
8143,-3.5879907330551193
8144,-3.5879907330551193
8145,-3.5879907330551193
8146,-3.5879907330551193
8147,-3.5879907330551193
8148,-3.5879907330551193
8149,-3.5879907330551193
8150,-3.5879907330551193
8151,-3.5879907330551193
8152,-3.5879907330551193
8153,-3.5879907330551193
8154,-3.5879907330551193
8155,-3.5879907330551193
8156,-3.5879907330551193
8157,-3.5879907330551193
8158,-3.5879907330551193
8159,-3.5879907330551193
8160,-3.5879907330551193
8161,-3.5879907330551193
8162,-3.5879907330551193
8163,-3.5879907330551193
8164,-3.5879907330551193
8165,-3.5879907330551193
8166,-3.5879907330551193
8167,-3.5879907330551193
8168,-3.5879907330551193
8169,-3.5879907330551193
8170,-3.5879907330551193
8171,-3.5879907330551193
8172,-3.5879907330551193
8173,-3.5879907330551193
8174,-3.5879907330551193
8175,-3.5879907330551193
8176,-3.5879907330551193
8177,-3.5879907330551193
8178,-3.5879907330551193
8179,-3.5879907330551193
8180,-3.5879907330551193
8181,-3.5879907330551193
8182,-3.5879907330551193
8183,-3.5879907330551193
8184,-3.5879907330551193
8185,-3.5879907330551193
8186,-3.5879907330551193
8187,-3.5879907330551193
8188,-3.5879907330551193
8189,-3.5879907330551193
8190,-3.5879907330551193
8191,-3.5879907330551193
8192,-3.5879907330551193
8193,-3.5879907330551193
8194,-3.5879907330551193
8195,-3.5879907330551193
8196,-3.5879907330551193
8197,-3.5879907330551193
8198,-3.5879907330551193
8199,-3.5879907330551193
8200,-3.5879907330551193
8201,-3.5879907330551193
8202,-3.5879907330551193
8203,-3.5879907330551193
8204,-3.5879907330551193
8205,-3.5879907330551193
8206,-3.5879907330551193
8207,-3.5879907330551193
8208,-3.5879907330551193
8209,-3.5879907330551193
8210,-3.5879907330551193
8211,-3.5879907330551193
8212,-3.5879907330551193
8213,-3.5879907330551193
8214,-3.5879907330551193
8215,-3.5879907330551193
8216,-3.5879907330551193
8217,-3.5879907330551193
8218,-3.5879907330551193
8219,-3.5879907330551193
8220,-3.5879907330551193
8221,-3.5879907330551193
8222,-3.5879907330551193
8223,-3.5879907330551193
8224,-3.5879907330551193
8225,-3.5879907330551193
8226,-3.5879907330551193
8227,-3.5879907330551193
8228,-3.5879907330551193
8229,-3.5879907330551193
8230,-3.5879907330551193
8231,-3.5879907330551193
8232,-3.5879907330551193
8233,-3.5879907330551193
8234,-3.5879907330551193
8235,-3.5879907330551193
8236,-3.5879907330551193
8237,-3.5879907330551193
8238,-3.5879907330551193
8239,-3.5879907330551193
8240,-3.5879907330551193
8241,-3.5879907330551193
8242,-3.5879907330551193
8243,-3.5879907330551193
8244,-3.5879907330551193
8245,-3.5879907330551193
8246,-3.5879907330551193
8247,-3.5879907330551193
8248,-3.5879907330551193
8249,-3.5879907330551193
8250,-3.5879907330551193
8251,-3.5879907330551193
8252,-3.5879907330551193
8253,-3.5879907330551193
8254,-3.5879907330551193
8255,-3.5879907330551193
8256,-3.5879907330551193
8257,-3.5879907330551193
8258,-3.5879907330551193
8259,-3.5879907330551193
8260,-3.5879907330551193
8261,-3.5879907330551193
8262,-3.5879907330551193
8263,-3.5879907330551193
8264,-3.5879907330551193
8265,-3.5879907330551193
8266,-3.5879907330551193
8267,-3.5879907330551193
8268,-3.5879907330551193
8269,-3.5879907330551193
8270,-3.5879907330551193
8271,-3.5879907330551193
8272,-3.5879907330551193
8273,-3.5879907330551193
8274,-3.5879907330551193
8275,-3.5879907330551193
8276,-3.5879907330551193
8277,-3.5879907330551193
8278,-3.5879907330551193
8279,-3.5879907330551193
8280,-3.5879907330551193
8281,-3.5879907330551193
8282,-3.5879907330551193
8283,-3.5879907330551193
8284,-3.5879907330551193
8285,-3.5879907330551193
8286,-3.5879907330551193
8287,-3.5879907330551193
8288,-3.5879907330551193
8289,-3.5879907330551193
8290,-3.5879907330551193
8291,-3.5879907330551193
8292,-3.5879907330551193
8293,-3.5879907330551193
8294,-3.5879907330551193
8295,-3.5879907330551193
8296,-3.5879907330551193
8297,-3.5879907330551193
8298,-3.5879907330551193
8299,-3.5879907330551193
8300,-3.5879907330551193
8301,-3.5879907330551193
8302,-3.5879907330551193
8303,-3.5879907330551193
8304,-3.5879907330551193
8305,-3.5879907330551193
8306,-3.5879907330551193
8307,-3.5879907330551193
8308,-3.5879907330551193
8309,-3.5879907330551193
8310,-3.5879907330551193
8311,-3.5879907330551193
8312,-3.5879907330551193
8313,-3.5879907330551193
8314,-3.5879907330551193
8315,-3.5879907330551193
8316,-3.5879907330551193
8317,-3.5879907330551193
8318,-3.5879907330551193
8319,-3.5879907330551193
8320,-3.5879907330551193
8321,-3.5879907330551193
8322,-3.5879907330551193
8323,-3.5879907330551193
8324,-3.5879907330551193
8325,-3.5879907330551193
8326,-3.5879907330551193
8327,-3.5879907330551193
8328,-3.5879907330551193
8329,-3.5879907330551193
8330,-3.5879907330551193
8331,-3.5879907330551193
8332,-3.5879907330551193
8333,-3.5879907330551193
8334,-3.5879907330551193
8335,-3.5879907330551193
8336,-3.5879907330551193
8337,-3.5879907330551193
8338,-3.5879907330551193
8339,-3.5879907330551193
8340,-3.5879907330551193
8341,-3.5879907330551193
8342,-3.5879907330551193
8343,-3.5879907330551193
8344,-3.5879907330551193
8345,-3.5879907330551193
8346,-3.5879907330551193
8347,-3.5879907330551193
8348,-3.5879907330551193
8349,-3.5879907330551193
8350,-3.5879907330551193
8351,-3.5879907330551193
8352,-3.5879907330551193
8353,-3.5879907330551193
8354,-3.5879907330551193
8355,-3.5879907330551193
8356,-3.5879907330551193
8357,-3.5879907330551193
8358,-3.5879907330551193
8359,-3.5879907330551193
8360,-3.5879907330551193
8361,-3.5879907330551193
8362,-3.5879907330551193
8363,-3.5879907330551193
8364,-3.5879907330551193
8365,-3.5879907330551193
8366,-3.5879907330551193
8367,-3.5879907330551193
8368,-3.5879907330551193
8369,-3.5879907330551193
8370,-3.5879907330551193
8371,-3.5879907330551193
8372,-3.5879907330551193
8373,-3.5879907330551193
8374,-3.5879907330551193
8375,-3.5879907330551193
8376,-3.5879907330551193
8377,-3.5879907330551193
8378,-3.5879907330551193
8379,-3.5879907330551193
8380,-3.5879907330551193
8381,-3.5879907330551193
8382,-3.5879907330551193
8383,-3.5879907330551193
8384,-3.5879907330551193
8385,-3.5879907330551193
8386,-3.5879907330551193
8387,-3.5879907330551193
8388,-3.5879907330551193
8389,-3.5879907330551193
8390,-3.5879907330551193
8391,-3.5879907330551193
8392,-3.5879907330551193
8393,-3.5879907330551193
8394,-3.5879907330551193
8395,-3.5879907330551193
8396,-3.5879907330551193
8397,-3.5879907330551193
8398,-3.5879907330551193
8399,-3.5879907330551193
8400,-3.5879907330551193
8401,-3.5879907330551193
8402,-3.5879907330551193
8403,-3.5879907330551193
8404,-3.5879907330551193
8405,-3.5879907330551193
8406,-3.5879907330551193
8407,-3.5879907330551193
8408,-3.5879907330551193
8409,-3.5879907330551193
8410,-3.5879907330551193
8411,-3.5879907330551193
8412,-3.5879907330551193
8413,-3.5879907330551193
8414,-3.5879907330551193
8415,-3.5879907330551193
8416,-3.5879907330551193
8417,-3.5879907330551193
8418,-3.5879907330551193
8419,-3.5879907330551193
8420,-3.5879907330551193
8421,-3.5879907330551193
8422,-3.5879907330551193
8423,-3.5879907330551193
8424,-3.5879907330551193
8425,-3.5879907330551193
8426,-3.5879907330551193
8427,-3.5879907330551193
8428,-3.5879907330551193
8429,-3.5879907330551193
8430,-3.5879907330551193
8431,-3.5879907330551193
8432,-3.5879907330551193
8433,-3.5879907330551193
8434,-3.5879907330551193
8435,-3.5879907330551193
8436,-3.5879907330551193
8437,-3.5879907330551193
8438,-3.5879907330551193
8439,-3.5879907330551193
8440,-3.5879907330551193
8441,-3.5879907330551193
8442,-3.5879907330551193
8443,-3.5879907330551193
8444,-3.5879907330551193
8445,-3.5879907330551193
8446,-3.5879907330551193
8447,-3.5879907330551193
8448,-3.5879907330551193
8449,-3.5879907330551193
8450,-3.5879907330551193
8451,-3.5879907330551193
8452,-3.5879907330551193
8453,-3.5879907330551193
8454,-3.5879907330551193
8455,-3.5879907330551193
8456,-3.5879907330551193
8457,-3.5879907330551193
8458,-3.5879907330551193
8459,-3.5879907330551193
8460,-3.5879907330551193
8461,-3.5879907330551193
8462,-3.5879907330551193
8463,-3.5879907330551193
8464,-3.5879907330551193
8465,-3.5879907330551193
8466,-3.5879907330551193
8467,-3.5879907330551193
8468,-3.5879907330551193
8469,-3.5879907330551193
8470,-3.5879907330551193
8471,-3.5879907330551193
8472,-3.5879907330551193
8473,-3.5879907330551193
8474,-3.5879907330551193
8475,-3.5879907330551193
8476,-3.5879907330551193
8477,-3.5879907330551193
8478,-3.5879907330551193
8479,-3.5879907330551193
8480,-3.5879907330551193
8481,-3.5879907330551193
8482,-3.5879907330551193
8483,-3.5879907330551193
8484,-3.5879907330551193
8485,-3.5879907330551193
8486,-3.5879907330551193
8487,-3.5879907330551193
8488,-3.5879907330551193
8489,-3.5879907330551193
8490,-3.5879907330551193
8491,-3.5879907330551193
8492,-3.5879907330551193
8493,-3.5879907330551193
8494,-3.5879907330551193
8495,-3.5879907330551193
8496,-3.5879907330551193
8497,-3.5879907330551193
8498,-3.5879907330551193
8499,-3.5879907330551193
8500,-3.5879907330551193
8501,-3.5879907330551193
8502,-3.5879907330551193
8503,-3.5879907330551193
8504,-3.5879907330551193
8505,-3.5879907330551193
8506,-3.5879907330551193
8507,-3.5879907330551193
8508,-3.5879907330551193
8509,-3.5879907330551193
8510,-3.5879907330551193
8511,-3.5879907330551193
8512,-3.5879907330551193
8513,-3.5879907330551193
8514,-3.5879907330551193
8515,-3.5879907330551193
8516,-3.5879907330551193
8517,-3.5879907330551193
8518,-3.5879907330551193
8519,-3.5879907330551193
8520,-3.5879907330551193
8521,-3.5879907330551193
8522,-3.5879907330551193
8523,-3.5879907330551193
8524,-3.5879907330551193
8525,-3.5879907330551193
8526,-3.5879907330551193
8527,-3.5879907330551193
8528,-3.5879907330551193
8529,-3.5879907330551193
8530,-3.5879907330551193
8531,-3.5879907330551193
8532,-3.5879907330551193
8533,-3.5879907330551193
8534,-3.5879907330551193
8535,-3.5879907330551193
8536,-3.5879907330551193
8537,-3.5879907330551193
8538,-3.5879907330551193
8539,-3.5879907330551193
8540,-3.5879907330551193
8541,-3.5879907330551193
8542,-3.5879907330551193
8543,-3.5879907330551193
8544,-3.5879907330551193
8545,-3.5879907330551193
8546,-3.5879907330551193
8547,-3.5879907330551193
8548,-3.5879907330551193
8549,-3.5879907330551193
8550,-3.5879907330551193
8551,-3.5879907330551193
8552,-3.5879907330551193
8553,-3.5879907330551193
8554,-3.5879907330551193
8555,-3.5879907330551193
8556,-3.5879907330551193
8557,-3.5879907330551193
8558,-3.5879907330551193
8559,-3.5879907330551193
8560,-3.5879907330551193
8561,-3.5879907330551193
8562,-3.5879907330551193
8563,-3.5879907330551193
8564,-3.5879907330551193
8565,-3.5879907330551193
8566,-3.5879907330551193
8567,-3.5879907330551193
8568,-3.5879907330551193
8569,-3.5879907330551193
8570,-3.5879907330551193
8571,-3.5879907330551193
8572,-3.5879907330551193
8573,-3.5879907330551193
8574,-3.5879907330551193
8575,-3.5879907330551193
8576,-3.5879907330551193
8577,-3.5879907330551193
8578,-3.5879907330551193
8579,-3.5879907330551193
8580,-3.5879907330551193
8581,-3.5879907330551193
8582,-3.5879907330551193
8583,-3.5879907330551193
8584,-3.5879907330551193
8585,-3.5879907330551193
8586,-3.5879907330551193
8587,-3.5879907330551193
8588,-3.5879907330551193
8589,-3.5879907330551193
8590,-3.5879907330551193
8591,-3.5879907330551193
8592,-3.5879907330551193
8593,-3.5879907330551193
8594,-3.5879907330551193
8595,-3.5879907330551193
8596,-3.5879907330551193
8597,-3.5879907330551193
8598,-3.5879907330551193
8599,-3.5879907330551193
8600,-3.5879907330551193
8601,-3.5879907330551193
8602,-3.5879907330551193
8603,-3.5879907330551193
8604,-3.5879907330551193
8605,-3.5879907330551193
8606,-3.5879907330551193
8607,-3.5879907330551193
8608,-3.5879907330551193
8609,-3.5879907330551193
8610,-3.5879907330551193
8611,-3.5879907330551193
8612,-3.5879907330551193
8613,-3.5879907330551193
8614,-3.5879907330551193
8615,-3.5879907330551193
8616,-3.5879907330551193
8617,-3.5879907330551193
8618,-3.5879907330551193
8619,-3.5879907330551193
8620,-3.5879907330551193
8621,-3.5879907330551193
8622,-3.5879907330551193
8623,-3.5879907330551193
8624,-3.5879907330551193
8625,-3.5879907330551193
8626,-3.5879907330551193
8627,-3.5879907330551193
8628,-3.5879907330551193
8629,-3.5879907330551193
8630,-3.5879907330551193
8631,-3.5879907330551193
8632,-3.5879907330551193
8633,-3.5879907330551193
8634,-3.5879907330551193
8635,-3.5879907330551193
8636,-3.5879907330551193
8637,-3.5879907330551193
8638,-3.5879907330551193
8639,-3.5879907330551193
8640,-3.5879907330551193
8641,-3.5879907330551193
8642,-3.5879907330551193
8643,-3.5879907330551193
8644,-3.5879907330551193
8645,-3.5879907330551193
8646,-3.5879907330551193
8647,-3.5879907330551193
8648,-3.5879907330551193
8649,-3.5879907330551193
8650,-3.5879907330551193
8651,-3.5879907330551193
8652,-3.5879907330551193
8653,-3.5879907330551193
8654,-3.5879907330551193
8655,-3.5879907330551193
8656,-3.5879907330551193
8657,-3.5879907330551193
8658,-3.5879907330551193
8659,-3.5879907330551193
8660,-3.5879907330551193
8661,-3.5879907330551193
8662,-3.5879907330551193
8663,-3.5879907330551193
8664,-3.5879907330551193
8665,-3.5879907330551193
8666,-3.5879907330551193
8667,-3.5879907330551193
8668,-3.5879907330551193
8669,-3.5879907330551193
8670,-3.5879907330551193
8671,-3.5879907330551193
8672,-3.5879907330551193
8673,-3.5879907330551193
8674,-3.5879907330551193
8675,-3.5879907330551193
8676,-3.5879907330551193
8677,-3.5879907330551193
8678,-3.5879907330551193
8679,-3.5879907330551193
8680,-3.5879907330551193
8681,-3.5879907330551193
8682,-3.5879907330551193
8683,-3.5879907330551193
8684,-3.5879907330551193
8685,-3.5879907330551193
8686,-3.5879907330551193
8687,-3.5879907330551193
8688,-3.5879907330551193
8689,-3.5879907330551193
8690,-3.5879907330551193
8691,-3.5879907330551193
8692,-3.5879907330551193
8693,-3.5879907330551193
8694,-3.5879907330551193
8695,-3.5879907330551193
8696,-3.5879907330551193
8697,-3.5879907330551193
8698,-3.5879907330551193
8699,-3.5879907330551193
8700,-3.5879907330551193
8701,-3.5879907330551193
8702,-3.5879907330551193
8703,-3.5879907330551193
8704,-3.5879907330551193
8705,-3.5879907330551193
8706,-3.5879907330551193
8707,-3.5879907330551193
8708,-3.5879907330551193
8709,-3.5879907330551193
8710,-3.5879907330551193
8711,-3.5879907330551193
8712,-3.5879907330551193
8713,-3.5879907330551193
8714,-3.5879907330551193
8715,-3.5879907330551193
8716,-3.5879907330551193
8717,-3.5879907330551193
8718,-3.5879907330551193
8719,-3.5879907330551193
8720,-3.5879907330551193
8721,-3.5879907330551193
8722,-3.5879907330551193
8723,-3.5879907330551193
8724,-3.5879907330551193
8725,-3.5879907330551193
8726,-3.5879907330551193
8727,-3.5879907330551193
8728,-3.5879907330551193
8729,-3.5879907330551193
8730,-3.5879907330551193
8731,-3.5879907330551193
8732,-3.5879907330551193
8733,-3.5879907330551193
8734,-3.5879907330551193
8735,-3.5879907330551193
8736,-3.5879907330551193
8737,-3.5879907330551193
8738,-3.5879907330551193
8739,-3.5879907330551193
8740,-3.5879907330551193
8741,-3.5879907330551193
8742,-3.5879907330551193
8743,-3.5879907330551193
8744,-3.5879907330551193
8745,-3.5879907330551193
8746,-3.5879907330551193
8747,-3.5879907330551193
8748,-3.5879907330551193
8749,-3.5879907330551193
8750,-3.5879907330551193
8751,-3.5879907330551193
8752,-3.5879907330551193
8753,-3.5879907330551193
8754,-3.5879907330551193
8755,-3.5879907330551193
8756,-3.5879907330551193
8757,-3.5879907330551193
8758,-3.5879907330551193
8759,-3.5879907330551193
8760,-3.5879907330551193
8761,-3.5879907330551193
8762,-3.5879907330551193
8763,-3.5879907330551193
8764,-3.5879907330551193
8765,-3.5879907330551193
8766,-3.5879907330551193
8767,-3.5879907330551193
8768,-3.5879907330551193
8769,-3.5879907330551193
8770,-3.5879907330551193
8771,-3.5879907330551193
8772,-3.5879907330551193
8773,-3.5879907330551193
8774,-3.5879907330551193
8775,-3.5879907330551193
8776,-3.5879907330551193
8777,-3.5879907330551193
8778,-3.5879907330551193
8779,-3.5879907330551193
8780,-3.5879907330551193
8781,-3.5879907330551193
8782,-3.5879907330551193
8783,-3.5879907330551193
8784,-3.5879907330551193
8785,-3.5879907330551193
8786,-3.5879907330551193
8787,-3.5879907330551193
8788,-3.5879907330551193
8789,-3.5879907330551193
8790,-3.5879907330551193
8791,-3.5879907330551193
8792,-3.5879907330551193
8793,-3.5879907330551193
8794,-3.5879907330551193
8795,-3.5879907330551193
8796,-3.5879907330551193
8797,-3.5879907330551193
8798,-3.5879907330551193
8799,-3.5879907330551193
8800,-3.5879907330551193
8801,-3.5879907330551193
8802,-3.5879907330551193
8803,-3.5879907330551193
8804,-3.5879907330551193
8805,-3.5879907330551193
8806,-3.5879907330551193
8807,-3.5879907330551193
8808,-3.5879907330551193
8809,-3.5879907330551193
8810,-3.5879907330551193
8811,-3.5879907330551193
8812,-3.5879907330551193
8813,-3.5879907330551193
8814,-3.5879907330551193
8815,-3.5879907330551193
8816,-3.5879907330551193
8817,-3.5879907330551193
8818,-3.5879907330551193
8819,-3.5879907330551193
8820,-3.5879907330551193
8821,-3.5879907330551193
8822,-3.5879907330551193
8823,-3.5879907330551193
8824,-3.5879907330551193
8825,-3.5879907330551193
8826,-3.5879907330551193
8827,-3.5879907330551193
8828,-3.5879907330551193
8829,-3.5879907330551193
8830,-3.5879907330551193
8831,-3.5879907330551193
8832,-3.5879907330551193
8833,-3.5879907330551193
8834,-3.5879907330551193
8835,-3.5879907330551193
8836,-3.5879907330551193
8837,-3.5879907330551193
8838,-3.5879907330551193
8839,-3.5879907330551193
8840,-3.5879907330551193
8841,-3.5879907330551193
8842,-3.5879907330551193
8843,-3.5879907330551193
8844,-3.5879907330551193
8845,-3.5879907330551193
8846,-3.5879907330551193
8847,-3.5879907330551193
8848,-3.5879907330551193
8849,-3.5879907330551193
8850,-3.5879907330551193
8851,-3.5879907330551193
8852,-3.5879907330551193
8853,-3.5879907330551193
8854,-3.5879907330551193
8855,-3.5879907330551193
8856,-3.5879907330551193
8857,-3.5879907330551193
8858,-3.5879907330551193
8859,-3.5879907330551193
8860,-3.5879907330551193
8861,-3.5879907330551193
8862,-3.5879907330551193
8863,-3.5879907330551193
8864,-3.5879907330551193
8865,-3.5879907330551193
8866,-3.5879907330551193
8867,-3.5879907330551193
8868,-3.5879907330551193
8869,-3.5879907330551193
8870,-3.5879907330551193
8871,-3.5879907330551193
8872,-3.5879907330551193
8873,-3.5879907330551193
8874,-3.5879907330551193
8875,-3.5879907330551193
8876,-3.5879907330551193
8877,-3.5879907330551193
8878,-3.5879907330551193
8879,-3.5879907330551193
8880,-3.5879907330551193
8881,-3.5879907330551193
8882,-3.5879907330551193
8883,-3.5879907330551193
8884,-3.5879907330551193
8885,-3.5879907330551193
8886,-3.5879907330551193
8887,-3.5879907330551193
8888,-3.5879907330551193
8889,-3.5879907330551193
8890,-3.5879907330551193
8891,-3.5879907330551193
8892,-3.5879907330551193
8893,-3.5879907330551193
8894,-3.5879907330551193
8895,-3.5879907330551193
8896,-3.5879907330551193
8897,-3.5879907330551193
8898,-3.5879907330551193
8899,-3.5879907330551193
8900,-3.5879907330551193
8901,-3.5879907330551193
8902,-3.5879907330551193
8903,-3.5879907330551193
8904,-3.5879907330551193
8905,-3.5879907330551193
8906,-3.5879907330551193
8907,-3.5879907330551193
8908,-3.5879907330551193
8909,-3.5879907330551193
8910,-3.5879907330551193
8911,-3.5879907330551193
8912,-3.5879907330551193
8913,-3.5879907330551193
8914,-3.5879907330551193
8915,-3.5879907330551193
8916,-3.5879907330551193
8917,-3.5879907330551193
8918,-3.5879907330551193
8919,-3.5879907330551193
8920,-3.5879907330551193
8921,-3.5879907330551193
8922,-3.5879907330551193
8923,-3.5879907330551193
8924,-3.5879907330551193
8925,-3.5879907330551193
8926,-3.5879907330551193
8927,-3.5879907330551193
8928,-3.5879907330551193
8929,-3.5879907330551193
8930,-3.5879907330551193
8931,-3.5879907330551193
8932,-3.5879907330551193
8933,-3.5879907330551193
8934,-3.5879907330551193
8935,-3.5879907330551193
8936,-3.5879907330551193
8937,-3.5879907330551193
8938,-3.5879907330551193
8939,-3.5879907330551193
8940,-3.5879907330551193
8941,-3.5879907330551193
8942,-3.5879907330551193
8943,-3.5879907330551193
8944,-3.5879907330551193
8945,-3.5879907330551193
8946,-3.5879907330551193
8947,-3.5879907330551193
8948,-3.5879907330551193
8949,-3.5879907330551193
8950,-3.5879907330551193
8951,-3.5879907330551193
8952,-3.5879907330551193
8953,-3.5879907330551193
8954,-3.5879907330551193
8955,-3.5879907330551193
8956,-3.5879907330551193
8957,-3.5879907330551193
8958,-3.5879907330551193
8959,-3.5879907330551193
8960,-3.5879907330551193
8961,-3.5879907330551193
8962,-3.5879907330551193
8963,-3.5879907330551193
8964,-3.5879907330551193
8965,-3.5879907330551193
8966,-3.5879907330551193
8967,-3.5879907330551193
8968,-3.5879907330551193
8969,-3.5879907330551193
8970,-3.5879907330551193
8971,-3.5879907330551193
8972,-3.5879907330551193
8973,-3.5879907330551193
8974,-3.5879907330551193
8975,-3.5879907330551193
8976,-3.5879907330551193
8977,-3.5879907330551193
8978,-3.5879907330551193
8979,-3.5879907330551193
8980,-3.5879907330551193
8981,-3.5879907330551193
8982,-3.5879907330551193
8983,-3.5879907330551193
8984,-3.5879907330551193
8985,-3.5879907330551193
8986,-3.5879907330551193
8987,-3.5879907330551193
8988,-3.5879907330551193
8989,-3.5879907330551193
8990,-3.5879907330551193
8991,-3.5879907330551193
8992,-3.5879907330551193
8993,-3.5879907330551193
8994,-3.5879907330551193
8995,-3.5879907330551193
8996,-3.5879907330551193
8997,-3.5879907330551193
8998,-3.5879907330551193
8999,-3.5879907330551193
9000,-3.5879907330551193
9001,-3.5879907330551193
9002,-3.5879907330551193
9003,-3.5879907330551193
9004,-3.5879907330551193
9005,-3.5879907330551193
9006,-3.5879907330551193
9007,-3.5879907330551193
9008,-3.5879907330551193
9009,-3.5879907330551193
9010,-3.5879907330551193
9011,-3.5879907330551193
9012,-3.5879907330551193
9013,-3.5879907330551193
9014,-3.5879907330551193
9015,-3.5879907330551193
9016,-3.5879907330551193
9017,-3.5879907330551193
9018,-3.5879907330551193
9019,-3.5879907330551193
9020,-3.5879907330551193
9021,-3.5879907330551193
9022,-3.5879907330551193
9023,-3.5879907330551193
9024,-3.5879907330551193
9025,-3.5879907330551193
9026,-3.5879907330551193
9027,-3.5879907330551193
9028,-3.5879907330551193
9029,-3.5879907330551193
9030,-3.5879907330551193
9031,-3.5879907330551193
9032,-3.5879907330551193
9033,-3.5879907330551193
9034,-3.5879907330551193
9035,-3.5879907330551193
9036,-3.5879907330551193
9037,-3.5879907330551193
9038,-3.5879907330551193
9039,-3.5879907330551193
9040,-3.5879907330551193
9041,-3.5879907330551193
9042,-3.5879907330551193
9043,-3.5879907330551193
9044,-3.5879907330551193
9045,-3.5879907330551193
9046,-3.5879907330551193
9047,-3.5879907330551193
9048,-3.5879907330551193
9049,-3.5879907330551193
9050,-3.5879907330551193
9051,-3.5879907330551193
9052,-3.5879907330551193
9053,-3.5879907330551193
9054,-3.5879907330551193
9055,-3.5879907330551193
9056,-3.5879907330551193
9057,-3.5879907330551193
9058,-3.5879907330551193
9059,-3.5879907330551193
9060,-3.5879907330551193
9061,-3.5879907330551193
9062,-3.5879907330551193
9063,-3.5879907330551193
9064,-3.5879907330551193
9065,-3.5879907330551193
9066,-3.5879907330551193
9067,-3.5879907330551193
9068,-3.5879907330551193
9069,-3.5879907330551193
9070,-3.5879907330551193
9071,-3.5879907330551193
9072,-3.5879907330551193
9073,-3.5879907330551193
9074,-3.5879907330551193
9075,-3.5879907330551193
9076,-3.5879907330551193
9077,-3.5879907330551193
9078,-3.5879907330551193
9079,-3.5879907330551193
9080,-3.5879907330551193
9081,-3.5879907330551193
9082,-3.5879907330551193
9083,-3.5879907330551193
9084,-3.5879907330551193
9085,-3.5879907330551193
9086,-3.5879907330551193
9087,-3.5879907330551193
9088,-3.5879907330551193
9089,-3.5879907330551193
9090,-3.5879907330551193
9091,-3.5879907330551193
9092,-3.5879907330551193
9093,-3.5879907330551193
9094,-3.5879907330551193
9095,-3.5879907330551193
9096,-3.5879907330551193
9097,-3.5879907330551193
9098,-3.5879907330551193
9099,-3.5879907330551193
9100,-3.5879907330551193
9101,-3.5879907330551193
9102,-3.5879907330551193
9103,-3.5879907330551193
9104,-3.5879907330551193
9105,-3.5879907330551193
9106,-3.5879907330551193
9107,-3.5879907330551193
9108,-3.5879907330551193
9109,-3.5879907330551193
9110,-3.5879907330551193
9111,-3.5879907330551193
9112,-3.5879907330551193
9113,-3.5879907330551193
9114,-3.5879907330551193
9115,-3.5879907330551193
9116,-3.5879907330551193
9117,-3.5879907330551193
9118,-3.5879907330551193
9119,-3.5879907330551193
9120,-3.5879907330551193
9121,-3.5879907330551193
9122,-3.5879907330551193
9123,-3.5879907330551193
9124,-3.5879907330551193
9125,-3.5879907330551193
9126,-3.5879907330551193
9127,-3.5879907330551193
9128,-3.5879907330551193
9129,-3.5879907330551193
9130,-3.5879907330551193
9131,-3.5879907330551193
9132,-3.5879907330551193
9133,-3.5879907330551193
9134,-3.5879907330551193
9135,-3.5879907330551193
9136,-3.5879907330551193
9137,-3.5879907330551193
9138,-3.5879907330551193
9139,-3.5879907330551193
9140,-3.5879907330551193
9141,-3.5879907330551193
9142,-3.5879907330551193
9143,-3.5879907330551193
9144,-3.5879907330551193
9145,-3.5879907330551193
9146,-3.5879907330551193
9147,-3.5879907330551193
9148,-3.5879907330551193
9149,-3.5879907330551193
9150,-3.5879907330551193
9151,-3.5879907330551193
9152,-3.5879907330551193
9153,-3.5879907330551193
9154,-3.5879907330551193
9155,-3.5879907330551193
9156,-3.5879907330551193
9157,-3.5879907330551193
9158,-3.5879907330551193
9159,-3.5879907330551193
9160,-3.5879907330551193
9161,-3.5879907330551193
9162,-3.5879907330551193
9163,-3.5879907330551193
9164,-3.5879907330551193
9165,-3.5879907330551193
9166,-3.5879907330551193
9167,-3.5879907330551193
9168,-3.5879907330551193
9169,-3.5879907330551193
9170,-3.5879907330551193
9171,-3.5879907330551193
9172,-3.5879907330551193
9173,-3.5879907330551193
9174,-3.5879907330551193
9175,-3.5879907330551193
9176,-3.5879907330551193
9177,-3.5879907330551193
9178,-3.5879907330551193
9179,-3.5879907330551193
9180,-3.5879907330551193
9181,-3.5879907330551193
9182,-3.5879907330551193
9183,-3.5879907330551193
9184,-3.5879907330551193
9185,-3.5879907330551193
9186,-3.5879907330551193
9187,-3.5879907330551193
9188,-3.5879907330551193
9189,-3.5879907330551193
9190,-3.5879907330551193
9191,-3.5879907330551193
9192,-3.5879907330551193
9193,-3.5879907330551193
9194,-3.5879907330551193
9195,-3.5879907330551193
9196,-3.5879907330551193
9197,-3.5879907330551193
9198,-3.5879907330551193
9199,-3.5879907330551193
9200,-3.5879907330551193
9201,-3.5879907330551193
9202,-3.5879907330551193
9203,-3.5879907330551193
9204,-3.5879907330551193
9205,-3.5879907330551193
9206,-3.5879907330551193
9207,-3.5879907330551193
9208,-3.5879907330551193
9209,-3.5879907330551193
9210,-3.5879907330551193
9211,-3.5879907330551193
9212,-3.5879907330551193
9213,-3.5879907330551193
9214,-3.5879907330551193
9215,-3.5879907330551193
9216,-3.5879907330551193
9217,-3.5879907330551193
9218,-3.5879907330551193
9219,-3.5879907330551193
9220,-3.5879907330551193
9221,-3.5879907330551193
9222,-3.5879907330551193
9223,-3.5879907330551193
9224,-3.5879907330551193
9225,-3.5879907330551193
9226,-3.5879907330551193
9227,-3.5879907330551193
9228,-3.5879907330551193
9229,-3.5879907330551193
9230,-3.5879907330551193
9231,-3.5879907330551193
9232,-3.5879907330551193
9233,-3.5879907330551193
9234,-3.5879907330551193
9235,-3.5879907330551193
9236,-3.5879907330551193
9237,-3.5879907330551193
9238,-3.5879907330551193
9239,-3.5879907330551193
9240,-3.5879907330551193
9241,-3.5879907330551193
9242,-3.5879907330551193
9243,-3.5879907330551193
9244,-3.5879907330551193
9245,-3.5879907330551193
9246,-3.5879907330551193
9247,-3.5879907330551193
9248,-3.5879907330551193
9249,-3.5879907330551193
9250,-3.5879907330551193
9251,-3.5879907330551193
9252,-3.5879907330551193
9253,-3.5879907330551193
9254,-3.5879907330551193
9255,-3.5879907330551193
9256,-3.5879907330551193
9257,-3.5879907330551193
9258,-3.5879907330551193
9259,-3.5879907330551193
9260,-3.5879907330551193
9261,-3.5879907330551193
9262,-3.5879907330551193
9263,-3.5879907330551193
9264,-3.5879907330551193
9265,-3.5879907330551193
9266,-3.5879907330551193
9267,-3.5879907330551193
9268,-3.5879907330551193
9269,-3.5879907330551193
9270,-3.5879907330551193
9271,-3.5879907330551193
9272,-3.5879907330551193
9273,-3.5879907330551193
9274,-3.5879907330551193
9275,-3.5879907330551193
9276,-3.5879907330551193
9277,-3.5879907330551193
9278,-3.5879907330551193
9279,-3.5879907330551193
9280,-3.5879907330551193
9281,-3.5879907330551193
9282,-3.5879907330551193
9283,-3.5879907330551193
9284,-3.5879907330551193
9285,-3.5879907330551193
9286,-3.5879907330551193
9287,-3.5879907330551193
9288,-3.5879907330551193
9289,-3.5879907330551193
9290,-3.5879907330551193
9291,-3.5879907330551193
9292,-3.5879907330551193
9293,-3.5879907330551193
9294,-3.5879907330551193
9295,-3.5879907330551193
9296,-3.5879907330551193
9297,-3.5879907330551193
9298,-3.5879907330551193
9299,-3.5879907330551193
9300,-3.5879907330551193
9301,-3.5879907330551193
9302,-3.5879907330551193
9303,-3.5879907330551193
9304,-3.5879907330551193
9305,-3.5879907330551193
9306,-3.5879907330551193
9307,-3.5879907330551193
9308,-3.5879907330551193
9309,-3.5879907330551193
9310,-3.5879907330551193
9311,-3.5879907330551193
9312,-3.5879907330551193
9313,-3.5879907330551193
9314,-3.5879907330551193
9315,-3.5879907330551193
9316,-3.5879907330551193
9317,-3.5879907330551193
9318,-3.5879907330551193
9319,-3.5879907330551193
9320,-3.5879907330551193
9321,-3.5879907330551193
9322,-3.5879907330551193
9323,-3.5879907330551193
9324,-3.5879907330551193
9325,-3.5879907330551193
9326,-3.5879907330551193
9327,-3.5879907330551193
9328,-3.5879907330551193
9329,-3.5879907330551193
9330,-3.5879907330551193
9331,-3.5879907330551193
9332,-3.5879907330551193
9333,-3.5879907330551193
9334,-3.5879907330551193
9335,-3.5879907330551193
9336,-3.5879907330551193
9337,-3.5879907330551193
9338,-3.5879907330551193
9339,-3.5879907330551193
9340,-3.5879907330551193
9341,-3.5879907330551193
9342,-3.5879907330551193
9343,-3.5879907330551193
9344,-3.5879907330551193
9345,-3.5879907330551193
9346,-3.5879907330551193
9347,-3.5879907330551193
9348,-3.5879907330551193
9349,-3.5879907330551193
9350,-3.5879907330551193
9351,-3.5879907330551193
9352,-3.5879907330551193
9353,-3.5879907330551193
9354,-3.5879907330551193
9355,-3.5879907330551193
9356,-3.5879907330551193
9357,-3.5879907330551193
9358,-3.5879907330551193
9359,-3.5879907330551193
9360,-3.5879907330551193
9361,-3.5879907330551193
9362,-3.5879907330551193
9363,-3.5879907330551193
9364,-3.5879907330551193
9365,-3.5879907330551193
9366,-3.5879907330551193
9367,-3.5879907330551193
9368,-3.5879907330551193
9369,-3.5879907330551193
9370,-3.5879907330551193
9371,-3.5879907330551193
9372,-3.5879907330551193
9373,-3.5879907330551193
9374,-3.5879907330551193
9375,-3.5879907330551193
9376,-3.5879907330551193
9377,-3.5879907330551193
9378,-3.5879907330551193
9379,-3.5879907330551193
9380,-3.5879907330551193
9381,-3.5879907330551193
9382,-3.5879907330551193
9383,-3.5879907330551193
9384,-3.5879907330551193
9385,-3.5879907330551193
9386,-3.5879907330551193
9387,-3.5879907330551193
9388,-3.5879907330551193
9389,-3.5879907330551193
9390,-3.5879907330551193
9391,-3.5879907330551193
9392,-3.5879907330551193
9393,-3.5879907330551193
9394,-3.5879907330551193
9395,-3.5879907330551193
9396,-3.5879907330551193
9397,-3.5879907330551193
9398,-3.5879907330551193
9399,-3.5879907330551193
9400,-3.5879907330551193
9401,-3.5879907330551193
9402,-3.5879907330551193
9403,-3.5879907330551193
9404,-3.5879907330551193
9405,-3.5879907330551193
9406,-3.5879907330551193
9407,-3.5879907330551193
9408,-3.5879907330551193
9409,-3.5879907330551193
9410,-3.5879907330551193
9411,-3.5879907330551193
9412,-3.5879907330551193
9413,-3.5879907330551193
9414,-3.5879907330551193
9415,-3.5879907330551193
9416,-3.5879907330551193
9417,-3.5879907330551193
9418,-3.5879907330551193
9419,-3.5879907330551193
9420,-3.5879907330551193
9421,-3.5879907330551193
9422,-3.5879907330551193
9423,-3.5879907330551193
9424,-3.5879907330551193
9425,-3.5879907330551193
9426,-3.5879907330551193
9427,-3.5879907330551193
9428,-3.5879907330551193
9429,-3.5879907330551193
9430,-3.5879907330551193
9431,-3.5879907330551193
9432,-3.5879907330551193
9433,-3.5879907330551193
9434,-3.5879907330551193
9435,-3.5879907330551193
9436,-3.5879907330551193
9437,-3.5879907330551193
9438,-3.5879907330551193
9439,-3.5879907330551193
9440,-3.5879907330551193
9441,-3.5879907330551193
9442,-3.5879907330551193
9443,-3.5879907330551193
9444,-3.5879907330551193
9445,-3.5879907330551193
9446,-3.5879907330551193
9447,-3.5879907330551193
9448,-3.5879907330551193
9449,-3.5879907330551193
9450,-3.5879907330551193
9451,-3.5879907330551193
9452,-3.5879907330551193
9453,-3.5879907330551193
9454,-3.5879907330551193
9455,-3.5879907330551193
9456,-3.5879907330551193
9457,-3.5879907330551193
9458,-3.5879907330551193
9459,-3.5879907330551193
9460,-3.5879907330551193
9461,-3.5879907330551193
9462,-3.5879907330551193
9463,-3.5879907330551193
9464,-3.5879907330551193
9465,-3.5879907330551193
9466,-3.5879907330551193
9467,-3.5879907330551193
9468,-3.5879907330551193
9469,-3.5879907330551193
9470,-3.5879907330551193
9471,-3.5879907330551193
9472,-3.5879907330551193
9473,-3.5879907330551193
9474,-3.5879907330551193
9475,-3.5879907330551193
9476,-3.5879907330551193
9477,-3.5879907330551193
9478,-3.5879907330551193
9479,-3.5879907330551193
9480,-3.5879907330551193
9481,-3.5879907330551193
9482,-3.5879907330551193
9483,-3.5879907330551193
9484,-3.5879907330551193
9485,-3.5879907330551193
9486,-3.5879907330551193
9487,-3.5879907330551193
9488,-3.5879907330551193
9489,-3.5879907330551193
9490,-3.5879907330551193
9491,-3.5879907330551193
9492,-3.5879907330551193
9493,-3.5879907330551193
9494,-3.5879907330551193
9495,-3.5879907330551193
9496,-3.5879907330551193
9497,-3.5879907330551193
9498,-3.5879907330551193
9499,9.067523609861274
9500,9.067523609861274
9501,9.067523609861274
9502,9.067523609861274
9503,9.067523609861274
9504,9.067523609861274
9505,9.067523609861274
9506,9.067523609861274
9507,9.067523609861274
9508,9.067523609861274
9509,9.067523609861274
9510,9.067523609861274
9511,9.067523609861274
9512,9.067523609861274
9513,9.067523609861274
9514,9.067523609861274
9515,9.067523609861274
9516,9.067523609861274
9517,9.067523609861274
9518,9.067523609861274
9519,9.067523609861274
9520,9.067523609861274
9521,9.067523609861274
9522,9.067523609861274
9523,9.067523609861274
9524,9.067523609861274
9525,9.067523609861274
9526,9.067523609861274
9527,9.067523609861274
9528,9.067523609861274
9529,9.067523609861274
9530,9.067523609861274
9531,9.067523609861274
9532,9.067523609861274
9533,9.067523609861274
9534,9.067523609861274
9535,9.067523609861274
9536,9.067523609861274
9537,9.067523609861274
9538,9.067523609861274
9539,9.067523609861274
9540,9.067523609861274
9541,9.067523609861274
9542,9.067523609861274
9543,9.067523609861274
9544,9.067523609861274
9545,9.067523609861274
9546,9.067523609861274
9547,9.067523609861274
9548,9.067523609861274
9549,9.067523609861274
9550,9.067523609861274
9551,9.067523609861274
9552,9.067523609861274
9553,9.067523609861274
9554,9.067523609861274
9555,9.067523609861274
9556,9.067523609861274
9557,9.067523609861274
9558,9.067523609861274
9559,9.067523609861274
9560,9.067523609861274
9561,9.067523609861274
9562,9.067523609861274
9563,9.067523609861274
9564,9.067523609861274
9565,9.067523609861274
9566,9.067523609861274
9567,9.067523609861274
9568,9.067523609861274
9569,9.067523609861274
9570,9.067523609861274
9571,9.067523609861274
9572,9.067523609861274
9573,9.067523609861274
9574,9.067523609861274
9575,9.067523609861274
9576,9.067523609861274
9577,9.067523609861274
9578,9.067523609861274
9579,9.067523609861274
9580,9.067523609861274
9581,9.067523609861274
9582,9.067523609861274
9583,9.067523609861274
9584,9.067523609861274
9585,9.067523609861274
9586,9.067523609861274
9587,9.067523609861274
9588,9.067523609861274
9589,9.067523609861274
9590,9.067523609861274
9591,9.067523609861274
9592,9.067523609861274
9593,9.067523609861274
9594,9.067523609861274
9595,9.067523609861274
9596,9.067523609861274
9597,9.067523609861274
9598,9.067523609861274
9599,9.067523609861274
9600,9.067523609861274
9601,9.067523609861274
9602,9.067523609861274
9603,9.067523609861274
9604,9.067523609861274
9605,9.067523609861274
9606,9.067523609861274
9607,9.067523609861274
9608,9.067523609861274
9609,9.067523609861274
9610,9.067523609861274
9611,9.067523609861274
9612,9.067523609861274
9613,9.067523609861274
9614,9.067523609861274
9615,9.067523609861274
9616,9.067523609861274
9617,9.067523609861274
9618,9.067523609861274
9619,9.067523609861274
9620,9.067523609861274
9621,9.067523609861274
9622,9.067523609861274
9623,9.067523609861274
9624,9.067523609861274
9625,9.067523609861274
9626,9.067523609861274
9627,9.067523609861274
9628,9.067523609861274
9629,9.067523609861274
9630,9.067523609861274
9631,9.067523609861274
9632,9.067523609861274
9633,9.067523609861274
9634,9.067523609861274
9635,9.067523609861274
9636,9.067523609861274
9637,9.067523609861274
9638,9.067523609861274
9639,9.067523609861274
9640,9.067523609861274
9641,9.067523609861274
9642,9.067523609861274
9643,9.067523609861274
9644,9.067523609861274
9645,9.067523609861274
9646,9.067523609861274
9647,9.067523609861274
9648,9.067523609861274
9649,9.067523609861274
9650,9.067523609861274
9651,9.067523609861274
9652,9.067523609861274
9653,9.067523609861274
9654,9.067523609861274
9655,9.067523609861274
9656,9.067523609861274
9657,9.067523609861274
9658,9.067523609861274
9659,9.067523609861274
9660,9.067523609861274
9661,9.067523609861274
9662,9.067523609861274
9663,9.067523609861274
9664,9.067523609861274
9665,9.067523609861274
9666,9.067523609861274
9667,9.067523609861274
9668,9.067523609861274
9669,9.067523609861274
9670,9.067523609861274
9671,9.067523609861274
9672,9.067523609861274
9673,9.067523609861274
9674,9.067523609861274
9675,9.067523609861274
9676,9.067523609861274
9677,9.067523609861274
9678,9.067523609861274
9679,9.067523609861274
9680,9.067523609861274
9681,9.067523609861274
9682,9.067523609861274
9683,9.067523609861274
9684,9.067523609861274
9685,9.067523609861274
9686,9.067523609861274
9687,9.067523609861274
9688,9.067523609861274
9689,9.067523609861274
9690,9.067523609861274
9691,9.067523609861274
9692,9.067523609861274
9693,9.067523609861274
9694,9.067523609861274
9695,9.067523609861274
9696,9.067523609861274
9697,9.067523609861274
9698,9.067523609861274
9699,9.067523609861274
9700,9.067523609861274
9701,9.067523609861274
9702,9.067523609861274
9703,9.067523609861274
9704,9.067523609861274
9705,9.067523609861274
9706,9.067523609861274
9707,9.067523609861274
9708,9.067523609861274
9709,9.067523609861274
9710,9.067523609861274
9711,9.067523609861274
9712,9.067523609861274
9713,9.067523609861274
9714,9.067523609861274
9715,9.067523609861274
9716,9.067523609861274
9717,9.067523609861274
9718,9.067523609861274
9719,9.067523609861274
9720,9.067523609861274
9721,9.067523609861274
9722,9.067523609861274
9723,9.067523609861274
9724,9.067523609861274
9725,9.067523609861274
9726,9.067523609861274
9727,9.067523609861274
9728,9.067523609861274
9729,9.067523609861274
9730,9.067523609861274
9731,9.067523609861274
9732,9.067523609861274
9733,9.067523609861274
9734,9.067523609861274
9735,9.067523609861274
9736,9.067523609861274
9737,9.067523609861274
9738,9.067523609861274
9739,9.067523609861274
9740,9.067523609861274
9741,9.067523609861274
9742,9.067523609861274
9743,9.067523609861274
9744,9.067523609861274
9745,9.067523609861274
9746,9.067523609861274
9747,9.067523609861274
9748,9.067523609861274
9749,9.067523609861274
9750,9.067523609861274
9751,9.067523609861274
9752,9.067523609861274
9753,9.067523609861274
9754,9.067523609861274
9755,9.067523609861274
9756,9.067523609861274
9757,9.067523609861274
9758,9.067523609861274
9759,9.067523609861274
9760,9.067523609861274
9761,9.067523609861274
9762,9.067523609861274
9763,9.067523609861274
9764,9.067523609861274
9765,9.067523609861274
9766,9.067523609861274
9767,9.067523609861274
9768,9.067523609861274
9769,9.067523609861274
9770,9.067523609861274
9771,9.067523609861274
9772,9.067523609861274
9773,9.067523609861274
9774,9.067523609861274
9775,9.067523609861274
9776,9.067523609861274
9777,9.067523609861274
9778,9.067523609861274
9779,9.067523609861274
9780,9.067523609861274
9781,9.067523609861274
9782,9.067523609861274
9783,9.067523609861274
9784,9.067523609861274
9785,9.067523609861274
9786,9.067523609861274
9787,9.067523609861274
9788,9.067523609861274
9789,9.067523609861274
9790,9.067523609861274
9791,9.067523609861274
9792,9.067523609861274
9793,9.067523609861274
9794,9.067523609861274
9795,9.067523609861274
9796,9.067523609861274
9797,9.067523609861274
9798,9.067523609861274
9799,9.067523609861274
9800,9.067523609861274
9801,9.067523609861274
9802,9.067523609861274
9803,9.067523609861274
9804,9.067523609861274
9805,9.067523609861274
9806,9.067523609861274
9807,9.067523609861274
9808,9.067523609861274
9809,9.067523609861274
9810,9.067523609861274
9811,9.067523609861274
9812,9.067523609861274
9813,9.067523609861274
9814,9.067523609861274
9815,9.067523609861274
9816,9.067523609861274
9817,9.067523609861274
9818,9.067523609861274
9819,9.067523609861274
9820,9.067523609861274
9821,9.067523609861274
9822,9.067523609861274
9823,9.067523609861274
9824,9.067523609861274
9825,9.067523609861274
9826,9.067523609861274
9827,9.067523609861274
9828,9.067523609861274
9829,9.067523609861274
9830,9.067523609861274
9831,9.067523609861274
9832,9.067523609861274
9833,9.067523609861274
9834,9.067523609861274
9835,9.067523609861274
9836,9.067523609861274
9837,9.067523609861274
9838,9.067523609861274
9839,9.067523609861274
9840,9.067523609861274
9841,9.067523609861274
9842,9.067523609861274
9843,9.067523609861274
9844,9.067523609861274
9845,9.067523609861274
9846,9.067523609861274
9847,9.067523609861274
9848,9.067523609861274
9849,9.067523609861274
9850,9.067523609861274
9851,9.067523609861274
9852,9.067523609861274
9853,9.067523609861274
9854,9.067523609861274
9855,9.067523609861274
9856,9.067523609861274
9857,9.067523609861274
9858,9.067523609861274
9859,9.067523609861274
9860,9.067523609861274
9861,9.067523609861274
9862,9.067523609861274
9863,9.067523609861274
9864,9.067523609861274
9865,9.067523609861274
9866,9.067523609861274
9867,9.067523609861274
9868,9.067523609861274
9869,9.067523609861274
9870,9.067523609861274
9871,9.067523609861274
9872,9.067523609861274
9873,9.067523609861274
9874,9.067523609861274
9875,9.067523609861274
9876,9.067523609861274
9877,9.067523609861274
9878,9.067523609861274
9879,9.067523609861274
9880,9.067523609861274
9881,9.067523609861274
9882,9.067523609861274
9883,9.067523609861274
9884,9.067523609861274
9885,9.067523609861274
9886,9.067523609861274
9887,9.067523609861274
9888,9.067523609861274
9889,9.067523609861274
9890,9.067523609861274
9891,9.067523609861274
9892,9.067523609861274
9893,9.067523609861274
9894,9.067523609861274
9895,9.067523609861274
9896,9.067523609861274
9897,9.067523609861274
9898,9.067523609861274
9899,9.067523609861274
9900,9.067523609861274
9901,9.067523609861274
9902,9.067523609861274
9903,9.067523609861274
9904,9.067523609861274
9905,9.067523609861274
9906,9.067523609861274
9907,9.067523609861274
9908,9.067523609861274
9909,9.067523609861274
9910,9.067523609861274
9911,9.067523609861274
9912,9.067523609861274
9913,9.067523609861274
9914,9.067523609861274
9915,9.067523609861274
9916,9.067523609861274
9917,9.067523609861274
9918,9.067523609861274
9919,9.067523609861274
9920,9.067523609861274
9921,9.067523609861274
9922,9.067523609861274
9923,9.067523609861274
9924,9.067523609861274
9925,9.067523609861274
9926,9.067523609861274
9927,9.067523609861274
9928,9.067523609861274
9929,9.067523609861274
9930,9.067523609861274
9931,9.067523609861274
9932,9.067523609861274
9933,9.067523609861274
9934,9.067523609861274
9935,9.067523609861274
9936,9.067523609861274
9937,9.067523609861274
9938,9.067523609861274
9939,9.067523609861274
9940,9.067523609861274
9941,9.067523609861274
9942,9.067523609861274
9943,9.067523609861274
9944,9.067523609861274
9945,9.067523609861274
9946,9.067523609861274
9947,9.067523609861274
9948,9.067523609861274
9949,9.067523609861274
9950,9.067523609861274
9951,9.067523609861274
9952,9.067523609861274
9953,9.067523609861274
9954,9.067523609861274
9955,9.067523609861274
9956,9.067523609861274
9957,9.067523609861274
9958,9.067523609861274
9959,9.067523609861274
9960,9.067523609861274
9961,9.067523609861274
9962,9.067523609861274
9963,9.067523609861274
9964,9.067523609861274
9965,9.067523609861274
9966,9.067523609861274
9967,9.067523609861274
9968,9.067523609861274
9969,9.067523609861274
9970,9.067523609861274
9971,9.067523609861274
9972,9.067523609861274
9973,9.067523609861274
9974,9.067523609861274
9975,9.067523609861274
9976,9.067523609861274
9977,9.067523609861274
9978,9.067523609861274
9979,9.067523609861274
9980,9.067523609861274
9981,9.067523609861274
9982,9.067523609861274
9983,9.067523609861274
9984,9.067523609861274
9985,9.067523609861274
9986,9.067523609861274
9987,9.067523609861274
9988,9.067523609861274
9989,9.067523609861274
9990,9.067523609861274
9991,9.067523609861274
9992,9.067523609861274
9993,9.067523609861274
9994,9.067523609861274
9995,9.067523609861274
9996,9.067523609861274
9997,9.067523609861274
9998,9.067523609861274
9999,9.067523609861274
10000,9.067523609861274
10001,9.067523609861274
10002,9.067523609861274
10003,9.067523609861274
10004,9.067523609861274
10005,9.067523609861274
10006,9.067523609861274
10007,9.067523609861274
10008,9.067523609861274
10009,9.067523609861274
10010,9.067523609861274
10011,9.067523609861274
10012,9.067523609861274
10013,9.067523609861274
10014,9.067523609861274
10015,9.067523609861274
10016,9.067523609861274
10017,9.067523609861274
10018,9.067523609861274
10019,9.067523609861274
10020,9.067523609861274
10021,9.067523609861274
10022,9.067523609861274
10023,9.067523609861274
10024,9.067523609861274
10025,9.067523609861274
10026,9.067523609861274
10027,9.067523609861274
10028,9.067523609861274
10029,9.067523609861274
10030,9.067523609861274
10031,9.067523609861274
10032,9.067523609861274
10033,9.067523609861274
10034,9.067523609861274
10035,9.067523609861274
10036,9.067523609861274
10037,9.067523609861274
10038,9.067523609861274
10039,9.067523609861274
10040,9.067523609861274
10041,9.067523609861274
10042,9.067523609861274
10043,9.067523609861274
10044,9.067523609861274
10045,9.067523609861274
10046,9.067523609861274
10047,9.067523609861274
10048,9.067523609861274
10049,9.067523609861274
10050,9.067523609861274
10051,9.067523609861274
10052,9.067523609861274
10053,9.067523609861274
10054,9.067523609861274
10055,9.067523609861274
10056,9.067523609861274
10057,9.067523609861274
10058,9.067523609861274
10059,9.067523609861274
10060,9.067523609861274
10061,9.067523609861274
10062,9.067523609861274
10063,9.067523609861274
10064,9.067523609861274
10065,9.067523609861274
10066,9.067523609861274
10067,9.067523609861274
10068,9.067523609861274
10069,9.067523609861274
10070,9.067523609861274
10071,9.067523609861274
10072,9.067523609861274
10073,9.067523609861274
10074,9.067523609861274
10075,9.067523609861274
10076,9.067523609861274
10077,9.067523609861274
10078,9.067523609861274
10079,9.067523609861274
10080,9.067523609861274
10081,9.067523609861274
10082,9.067523609861274
10083,9.067523609861274
10084,9.067523609861274
10085,9.067523609861274
10086,9.067523609861274
10087,9.067523609861274
10088,9.067523609861274
10089,9.067523609861274
10090,9.067523609861274
10091,9.067523609861274
10092,9.067523609861274
10093,9.067523609861274
10094,9.067523609861274
10095,9.067523609861274
10096,9.067523609861274
10097,9.067523609861274
10098,9.067523609861274
10099,9.067523609861274
10100,9.067523609861274
10101,9.067523609861274
10102,9.067523609861274
10103,9.067523609861274
10104,9.067523609861274
10105,9.067523609861274
10106,9.067523609861274
10107,9.067523609861274
10108,9.067523609861274
10109,9.067523609861274
10110,9.067523609861274
10111,9.067523609861274
10112,9.067523609861274
10113,9.067523609861274
10114,9.067523609861274
10115,9.067523609861274
10116,9.067523609861274
10117,9.067523609861274
10118,9.067523609861274
10119,9.067523609861274
10120,9.067523609861274
10121,9.067523609861274
10122,9.067523609861274
10123,9.067523609861274
10124,9.067523609861274
10125,9.067523609861274
10126,9.067523609861274
10127,9.067523609861274
10128,9.067523609861274
10129,9.067523609861274
10130,9.067523609861274
10131,9.067523609861274
10132,9.067523609861274
10133,9.067523609861274
10134,9.067523609861274
10135,9.067523609861274
10136,9.067523609861274
10137,9.067523609861274
10138,9.067523609861274
10139,9.067523609861274
10140,9.067523609861274
10141,9.067523609861274
10142,9.067523609861274
10143,9.067523609861274
10144,9.067523609861274
10145,9.067523609861274
10146,9.067523609861274
10147,9.067523609861274
10148,9.067523609861274
10149,9.067523609861274
10150,9.067523609861274
10151,9.067523609861274
10152,9.067523609861274
10153,9.067523609861274
10154,9.067523609861274
10155,9.067523609861274
10156,9.067523609861274
10157,9.067523609861274
10158,9.067523609861274
10159,9.067523609861274
10160,9.067523609861274
10161,9.067523609861274
10162,9.067523609861274
10163,9.067523609861274
10164,9.067523609861274
10165,9.067523609861274
10166,9.067523609861274
10167,9.067523609861274
10168,9.067523609861274
10169,9.067523609861274
10170,9.067523609861274
10171,9.067523609861274
10172,9.067523609861274
10173,9.067523609861274
10174,9.067523609861274
10175,9.067523609861274
10176,9.067523609861274
10177,9.067523609861274
10178,9.067523609861274
10179,9.067523609861274
10180,9.067523609861274
10181,9.067523609861274
10182,9.067523609861274
10183,9.067523609861274
10184,9.067523609861274
10185,9.067523609861274
10186,9.067523609861274
10187,9.067523609861274
10188,9.067523609861274
10189,9.067523609861274
10190,9.067523609861274
10191,9.067523609861274
10192,9.067523609861274
10193,9.067523609861274
10194,9.067523609861274
10195,9.067523609861274
10196,9.067523609861274
10197,9.067523609861274
10198,9.067523609861274
10199,9.067523609861274
10200,9.067523609861274
10201,9.067523609861274
10202,9.067523609861274
10203,9.067523609861274
10204,9.067523609861274
10205,9.067523609861274
10206,9.067523609861274
10207,9.067523609861274
10208,9.067523609861274
10209,9.067523609861274
10210,9.067523609861274
10211,9.067523609861274
10212,9.067523609861274
10213,9.067523609861274
10214,9.067523609861274
10215,9.067523609861274
10216,9.067523609861274
10217,9.067523609861274
10218,9.067523609861274
10219,9.067523609861274
10220,9.067523609861274
10221,9.067523609861274
10222,9.067523609861274
10223,9.067523609861274
10224,9.067523609861274
10225,9.067523609861274
10226,9.067523609861274
10227,9.067523609861274
10228,9.067523609861274
10229,9.067523609861274
10230,9.067523609861274
10231,9.067523609861274
10232,9.067523609861274
10233,9.067523609861274
10234,9.067523609861274
10235,9.067523609861274
10236,9.067523609861274
10237,9.067523609861274
10238,9.067523609861274
10239,9.067523609861274
10240,9.067523609861274
10241,9.067523609861274
10242,9.067523609861274
10243,9.067523609861274
10244,9.067523609861274
10245,9.067523609861274
10246,9.067523609861274
10247,9.067523609861274
10248,9.067523609861274
10249,9.067523609861274
10250,9.067523609861274
10251,9.067523609861274
10252,9.067523609861274
10253,9.067523609861274
10254,9.067523609861274
10255,9.067523609861274
10256,9.067523609861274
10257,9.067523609861274
10258,9.067523609861274
10259,9.067523609861274
10260,9.067523609861274
10261,9.067523609861274
10262,9.067523609861274
10263,9.067523609861274
10264,9.067523609861274
10265,9.067523609861274
10266,9.067523609861274
10267,9.067523609861274
10268,9.067523609861274
10269,9.067523609861274
10270,9.067523609861274
10271,9.067523609861274
10272,9.067523609861274
10273,9.067523609861274
10274,9.067523609861274
10275,9.067523609861274
10276,9.067523609861274
10277,9.067523609861274
10278,9.067523609861274
10279,9.067523609861274
10280,9.067523609861274
10281,9.067523609861274
10282,9.067523609861274
10283,9.067523609861274
10284,9.067523609861274
10285,9.067523609861274
10286,9.067523609861274
10287,9.067523609861274
10288,9.067523609861274
10289,9.067523609861274
10290,9.067523609861274
10291,9.067523609861274
10292,9.067523609861274
10293,9.067523609861274
10294,9.067523609861274
10295,9.067523609861274
10296,9.067523609861274
10297,9.067523609861274
10298,9.067523609861274
10299,9.067523609861274
10300,9.067523609861274
10301,9.067523609861274
10302,9.067523609861274
10303,9.067523609861274
10304,9.067523609861274
10305,9.067523609861274
10306,9.067523609861274
10307,9.067523609861274
10308,9.067523609861274
10309,9.067523609861274
10310,9.067523609861274
10311,9.067523609861274
10312,9.067523609861274
10313,9.067523609861274
10314,9.067523609861274
10315,9.067523609861274
10316,9.067523609861274
10317,9.067523609861274
10318,9.067523609861274
10319,9.067523609861274
10320,9.067523609861274
10321,9.067523609861274
10322,9.067523609861274
10323,9.067523609861274
10324,9.067523609861274
10325,9.067523609861274
10326,9.067523609861274
10327,9.067523609861274
10328,9.067523609861274
10329,9.067523609861274
10330,9.067523609861274
10331,9.067523609861274
10332,9.067523609861274
10333,9.067523609861274
10334,9.067523609861274
10335,9.067523609861274
10336,9.067523609861274
10337,9.067523609861274
10338,9.067523609861274
10339,9.067523609861274
10340,9.067523609861274
10341,9.067523609861274
10342,9.067523609861274
10343,9.067523609861274
10344,9.067523609861274
10345,9.067523609861274
10346,9.067523609861274
10347,9.067523609861274
10348,9.067523609861274
10349,9.067523609861274
10350,9.067523609861274
10351,9.067523609861274
10352,9.067523609861274
10353,9.067523609861274
10354,9.067523609861274
10355,9.067523609861274
10356,9.067523609861274
10357,9.067523609861274
10358,9.067523609861274
10359,9.067523609861274
10360,9.067523609861274
10361,9.067523609861274
10362,9.067523609861274
10363,9.067523609861274
10364,9.067523609861274
10365,9.067523609861274
10366,9.067523609861274
10367,9.067523609861274
10368,9.067523609861274
10369,9.067523609861274
10370,9.067523609861274
10371,9.067523609861274
10372,9.067523609861274
10373,9.067523609861274
10374,9.067523609861274
10375,9.067523609861274
10376,9.067523609861274
10377,9.067523609861274
10378,9.067523609861274
10379,9.067523609861274
10380,9.067523609861274
10381,9.067523609861274
10382,9.067523609861274
10383,9.067523609861274
10384,9.067523609861274
10385,9.067523609861274
10386,9.067523609861274
10387,9.067523609861274
10388,9.067523609861274
10389,9.067523609861274
10390,9.067523609861274
10391,9.067523609861274
10392,9.067523609861274
10393,9.067523609861274
10394,9.067523609861274
10395,9.067523609861274
10396,9.067523609861274
10397,9.067523609861274
10398,9.067523609861274
10399,9.067523609861274
10400,9.067523609861274
10401,9.067523609861274
10402,9.067523609861274
10403,9.067523609861274
10404,9.067523609861274
10405,9.067523609861274
10406,9.067523609861274
10407,9.067523609861274
10408,9.067523609861274
10409,9.067523609861274
10410,9.067523609861274
10411,9.067523609861274
10412,9.067523609861274
10413,9.067523609861274
10414,9.067523609861274
10415,9.067523609861274
10416,9.067523609861274
10417,9.067523609861274
10418,9.067523609861274
10419,9.067523609861274
10420,9.067523609861274
10421,9.067523609861274
10422,9.067523609861274
10423,9.067523609861274
10424,9.067523609861274
10425,9.067523609861274
10426,9.067523609861274
10427,9.067523609861274
10428,9.067523609861274
10429,9.067523609861274
10430,9.067523609861274
10431,9.067523609861274
10432,9.067523609861274
10433,9.067523609861274
10434,9.067523609861274
10435,9.067523609861274
10436,9.067523609861274
10437,9.067523609861274
10438,9.067523609861274
10439,9.067523609861274
10440,9.067523609861274
10441,9.067523609861274
10442,9.067523609861274
10443,9.067523609861274
10444,9.067523609861274
10445,9.067523609861274
10446,9.067523609861274
10447,9.067523609861274
10448,9.067523609861274
10449,9.067523609861274
10450,9.067523609861274
10451,9.067523609861274
10452,9.067523609861274
10453,9.067523609861274
10454,9.067523609861274
10455,9.067523609861274
10456,9.067523609861274
10457,9.067523609861274
10458,9.067523609861274
10459,9.067523609861274
10460,9.067523609861274
10461,9.067523609861274
10462,9.067523609861274
10463,9.067523609861274
10464,9.067523609861274
10465,9.067523609861274
10466,9.067523609861274
10467,9.067523609861274
10468,9.067523609861274
10469,9.067523609861274
10470,9.067523609861274
10471,9.067523609861274
10472,9.067523609861274
10473,9.067523609861274
10474,9.067523609861274
10475,9.067523609861274
10476,9.067523609861274
10477,9.067523609861274
10478,9.067523609861274
10479,9.067523609861274
10480,9.067523609861274
10481,9.067523609861274
10482,9.067523609861274
10483,9.067523609861274
10484,9.067523609861274
10485,9.067523609861274
10486,9.067523609861274
10487,9.067523609861274
10488,9.067523609861274
10489,9.067523609861274
10490,9.067523609861274
10491,9.067523609861274
10492,9.067523609861274
10493,9.067523609861274
10494,9.067523609861274
10495,9.067523609861274
10496,9.067523609861274
10497,9.067523609861274
10498,9.067523609861274
10499,9.067523609861274
10500,9.067523609861274
10501,9.067523609861274
10502,9.067523609861274
10503,9.067523609861274
10504,9.067523609861274
10505,9.067523609861274
10506,9.067523609861274
10507,9.067523609861274
10508,9.067523609861274
10509,9.067523609861274
10510,9.067523609861274
10511,9.067523609861274
10512,9.067523609861274
10513,9.067523609861274
10514,9.067523609861274
10515,9.067523609861274
10516,9.067523609861274
10517,9.067523609861274
10518,9.067523609861274
10519,9.067523609861274
10520,9.067523609861274
10521,9.067523609861274
10522,9.067523609861274
10523,9.067523609861274
10524,9.067523609861274
10525,9.067523609861274
10526,9.067523609861274
10527,9.067523609861274
10528,9.067523609861274
10529,9.067523609861274
10530,9.067523609861274
10531,9.067523609861274
10532,9.067523609861274
10533,9.067523609861274
10534,9.067523609861274
10535,9.067523609861274
10536,9.067523609861274
10537,9.067523609861274
10538,9.067523609861274
10539,9.067523609861274
10540,9.067523609861274
10541,9.067523609861274
10542,9.067523609861274
10543,9.067523609861274
10544,9.067523609861274
10545,9.067523609861274
10546,9.067523609861274
10547,9.067523609861274
10548,9.067523609861274
10549,9.067523609861274
10550,9.067523609861274
10551,9.067523609861274
10552,9.067523609861274
10553,9.067523609861274
10554,9.067523609861274
10555,9.067523609861274
10556,9.067523609861274
10557,9.067523609861274
10558,9.067523609861274
10559,9.067523609861274
10560,9.067523609861274
10561,9.067523609861274
10562,9.067523609861274
10563,9.067523609861274
10564,9.067523609861274
10565,9.067523609861274
10566,9.067523609861274
10567,9.067523609861274
10568,9.067523609861274
10569,9.067523609861274
10570,9.067523609861274
10571,9.067523609861274
10572,9.067523609861274
10573,9.067523609861274
10574,9.067523609861274
10575,9.067523609861274
10576,9.067523609861274
10577,9.067523609861274
10578,9.067523609861274
10579,9.067523609861274
10580,9.067523609861274
10581,9.067523609861274
10582,9.067523609861274
10583,9.067523609861274
10584,9.067523609861274
10585,9.067523609861274
10586,9.067523609861274
10587,9.067523609861274
10588,9.067523609861274
10589,9.067523609861274
10590,9.067523609861274
10591,9.067523609861274
10592,9.067523609861274
10593,9.067523609861274
10594,9.067523609861274
10595,9.067523609861274
10596,9.067523609861274
10597,9.067523609861274
10598,9.067523609861274
10599,9.067523609861274
10600,9.067523609861274
10601,9.067523609861274
10602,9.067523609861274
10603,9.067523609861274
10604,9.067523609861274
10605,9.067523609861274
10606,9.067523609861274
10607,9.067523609861274
10608,9.067523609861274
10609,9.067523609861274
10610,9.067523609861274
10611,9.067523609861274
10612,9.067523609861274
10613,9.067523609861274
10614,9.067523609861274
10615,9.067523609861274
10616,9.067523609861274
10617,9.067523609861274
10618,9.067523609861274
10619,9.067523609861274
10620,9.067523609861274
10621,9.067523609861274
10622,9.067523609861274
10623,9.067523609861274
10624,9.067523609861274
10625,9.067523609861274
10626,9.067523609861274
10627,9.067523609861274
10628,9.067523609861274
10629,9.067523609861274
10630,9.067523609861274
10631,9.067523609861274
10632,9.067523609861274
10633,9.067523609861274
10634,9.067523609861274
10635,9.067523609861274
10636,9.067523609861274
10637,9.067523609861274
10638,9.067523609861274
10639,9.067523609861274
10640,9.067523609861274
10641,9.067523609861274
10642,9.067523609861274
10643,9.067523609861274
10644,9.067523609861274
10645,9.067523609861274
10646,9.067523609861274
10647,9.067523609861274
10648,9.067523609861274
10649,9.067523609861274
10650,9.067523609861274
10651,9.067523609861274
10652,9.067523609861274
10653,9.067523609861274
10654,9.067523609861274
10655,9.067523609861274
10656,9.067523609861274
10657,9.067523609861274
10658,9.067523609861274
10659,9.067523609861274
10660,9.067523609861274
10661,9.067523609861274
10662,9.067523609861274
10663,9.067523609861274
10664,9.067523609861274
10665,9.067523609861274
10666,9.067523609861274
10667,9.067523609861274
10668,9.067523609861274
10669,9.067523609861274
10670,9.067523609861274
10671,9.067523609861274
10672,9.067523609861274
10673,9.067523609861274
10674,9.067523609861274
10675,9.067523609861274
10676,9.067523609861274
10677,9.067523609861274
10678,9.067523609861274
10679,9.067523609861274
10680,9.067523609861274
10681,9.067523609861274
10682,9.067523609861274
10683,9.067523609861274
10684,9.067523609861274
10685,9.067523609861274
10686,9.067523609861274
10687,9.067523609861274
10688,9.067523609861274
10689,9.067523609861274
10690,9.067523609861274
10691,9.067523609861274
10692,9.067523609861274
10693,9.067523609861274
10694,9.067523609861274
10695,9.067523609861274
10696,9.067523609861274
10697,9.067523609861274
10698,9.067523609861274
10699,9.067523609861274
10700,9.067523609861274
10701,9.067523609861274
10702,9.067523609861274
10703,9.067523609861274
10704,9.067523609861274
10705,9.067523609861274
10706,9.067523609861274
10707,9.067523609861274
10708,9.067523609861274
10709,9.067523609861274
10710,9.067523609861274
10711,9.067523609861274
10712,9.067523609861274
10713,9.067523609861274
10714,9.067523609861274
10715,9.067523609861274
10716,9.067523609861274
10717,9.067523609861274
10718,9.067523609861274
10719,9.067523609861274
10720,9.067523609861274
10721,9.067523609861274
10722,9.067523609861274
10723,9.067523609861274
10724,9.067523609861274
10725,9.067523609861274
10726,9.067523609861274
10727,9.067523609861274
10728,9.067523609861274
10729,9.067523609861274
10730,9.067523609861274
10731,9.067523609861274
10732,9.067523609861274
10733,9.067523609861274
10734,9.067523609861274
10735,9.067523609861274
10736,9.067523609861274
10737,9.067523609861274
10738,9.067523609861274
10739,9.067523609861274
10740,9.067523609861274
10741,9.067523609861274
10742,9.067523609861274
10743,9.067523609861274
10744,9.067523609861274
10745,9.067523609861274
10746,9.067523609861274
10747,9.067523609861274
10748,9.067523609861274
10749,9.067523609861274
10750,9.067523609861274
10751,9.067523609861274
10752,9.067523609861274
10753,9.067523609861274
10754,9.067523609861274
10755,9.067523609861274
10756,9.067523609861274
10757,9.067523609861274
10758,9.067523609861274
10759,9.067523609861274
10760,9.067523609861274
10761,9.067523609861274
10762,9.067523609861274
10763,9.067523609861274
10764,9.067523609861274
10765,9.067523609861274
10766,9.067523609861274
10767,9.067523609861274
10768,9.067523609861274
10769,9.067523609861274
10770,9.067523609861274
10771,9.067523609861274
10772,9.067523609861274
10773,9.067523609861274
10774,9.067523609861274
10775,9.067523609861274
10776,9.067523609861274
10777,9.067523609861274
10778,9.067523609861274
10779,9.067523609861274
10780,9.067523609861274
10781,9.067523609861274
10782,9.067523609861274
10783,9.067523609861274
10784,9.067523609861274
10785,9.067523609861274
10786,9.067523609861274
10787,9.067523609861274
10788,9.067523609861274
10789,9.067523609861274
10790,9.067523609861274
10791,9.067523609861274
10792,9.067523609861274
10793,9.067523609861274
10794,9.067523609861274
10795,9.067523609861274
10796,9.067523609861274
10797,9.067523609861274
10798,9.067523609861274
10799,9.067523609861274
10800,9.067523609861274
10801,9.067523609861274
10802,9.067523609861274
10803,9.067523609861274
10804,9.067523609861274
10805,9.067523609861274
10806,9.067523609861274
10807,9.067523609861274
10808,9.067523609861274
10809,9.067523609861274
10810,9.067523609861274
10811,9.067523609861274
10812,9.067523609861274
10813,9.067523609861274
10814,9.067523609861274
10815,9.067523609861274
10816,9.067523609861274
10817,9.067523609861274
10818,9.067523609861274
10819,9.067523609861274
10820,9.067523609861274
10821,9.067523609861274
10822,9.067523609861274
10823,9.067523609861274
10824,9.067523609861274
10825,9.067523609861274
10826,9.067523609861274
10827,9.067523609861274
10828,9.067523609861274
10829,9.067523609861274
10830,9.067523609861274
10831,9.067523609861274
10832,9.067523609861274
10833,9.067523609861274
10834,9.067523609861274
10835,9.067523609861274
10836,9.067523609861274
10837,9.067523609861274
10838,9.067523609861274
10839,9.067523609861274
10840,9.067523609861274
10841,9.067523609861274
10842,9.067523609861274
10843,9.067523609861274
10844,9.067523609861274
10845,9.067523609861274
10846,9.067523609861274
10847,9.067523609861274
10848,9.067523609861274
10849,9.067523609861274
10850,9.067523609861274
10851,9.067523609861274
10852,9.067523609861274
10853,9.067523609861274
10854,9.067523609861274
10855,9.067523609861274
10856,9.067523609861274
10857,9.067523609861274
10858,9.067523609861274
10859,9.067523609861274
10860,9.067523609861274
10861,9.067523609861274
10862,9.067523609861274
10863,9.067523609861274
10864,9.067523609861274
10865,9.067523609861274
10866,9.067523609861274
10867,9.067523609861274
10868,9.067523609861274
10869,9.067523609861274
10870,9.067523609861274
10871,9.067523609861274
10872,9.067523609861274
10873,9.067523609861274
10874,9.067523609861274
10875,9.067523609861274
10876,9.067523609861274
10877,9.067523609861274
10878,9.067523609861274
10879,9.067523609861274
10880,9.067523609861274
10881,9.067523609861274
10882,9.067523609861274
10883,9.067523609861274
10884,9.067523609861274
10885,9.067523609861274
10886,9.067523609861274
10887,9.067523609861274
10888,9.067523609861274
10889,9.067523609861274
10890,9.067523609861274
10891,9.067523609861274
10892,9.067523609861274
10893,9.067523609861274
10894,9.067523609861274
10895,9.067523609861274
10896,9.067523609861274
10897,9.067523609861274
10898,9.067523609861274
10899,9.067523609861274
10900,9.067523609861274
10901,9.067523609861274
10902,9.067523609861274
10903,9.067523609861274
10904,9.067523609861274
10905,9.067523609861274
10906,9.067523609861274
10907,9.067523609861274
10908,9.067523609861274
10909,9.067523609861274
10910,9.067523609861274
10911,9.067523609861274
10912,9.067523609861274
10913,9.067523609861274
10914,9.067523609861274
10915,9.067523609861274
10916,9.067523609861274
10917,9.067523609861274
10918,9.067523609861274
10919,9.067523609861274
10920,9.067523609861274
10921,9.067523609861274
10922,9.067523609861274
10923,9.067523609861274
10924,9.067523609861274
10925,9.067523609861274
10926,9.067523609861274
10927,9.067523609861274
10928,9.067523609861274
10929,9.067523609861274
10930,9.067523609861274
10931,9.067523609861274
10932,9.067523609861274
10933,9.067523609861274
10934,9.067523609861274
10935,9.067523609861274
10936,9.067523609861274
10937,9.067523609861274
10938,9.067523609861274
10939,9.067523609861274
10940,9.067523609861274
10941,9.067523609861274
10942,9.067523609861274
10943,9.067523609861274
10944,9.067523609861274
10945,9.067523609861274
10946,9.067523609861274
10947,9.067523609861274
10948,9.067523609861274
10949,9.067523609861274
10950,9.067523609861274
10951,9.067523609861274
10952,9.067523609861274
10953,9.067523609861274
10954,9.067523609861274
10955,9.067523609861274
10956,9.067523609861274
10957,9.067523609861274
10958,9.067523609861274
10959,9.067523609861274
10960,9.067523609861274
10961,9.067523609861274
10962,9.067523609861274
10963,9.067523609861274
10964,9.067523609861274
10965,9.067523609861274
10966,9.067523609861274
10967,9.067523609861274
10968,9.067523609861274
10969,9.067523609861274
10970,9.067523609861274
10971,9.067523609861274
10972,9.067523609861274
10973,9.067523609861274
10974,9.067523609861274
10975,9.067523609861274
10976,9.067523609861274
10977,9.067523609861274
10978,9.067523609861274
10979,9.067523609861274
10980,9.067523609861274
10981,9.067523609861274
10982,9.067523609861274
10983,9.067523609861274
10984,9.067523609861274
10985,9.067523609861274
10986,9.067523609861274
10987,9.067523609861274
10988,9.067523609861274
10989,9.067523609861274
10990,9.067523609861274
10991,9.067523609861274
10992,9.067523609861274
10993,9.067523609861274
10994,9.067523609861274
10995,9.067523609861274
10996,9.067523609861274
10997,9.067523609861274
10998,9.067523609861274
10999,9.067523609861274
11000,9.067523609861274
11001,9.067523609861274
11002,9.067523609861274
11003,9.067523609861274
11004,9.067523609861274
11005,9.067523609861274
11006,9.067523609861274
11007,9.067523609861274
11008,9.067523609861274
11009,9.067523609861274
11010,9.067523609861274
11011,9.067523609861274
11012,9.067523609861274
11013,9.067523609861274
11014,9.067523609861274
11015,9.067523609861274
11016,9.067523609861274
11017,9.067523609861274
11018,9.067523609861274
11019,9.067523609861274
11020,9.067523609861274
11021,9.067523609861274
11022,9.067523609861274
11023,9.067523609861274
11024,9.067523609861274
11025,9.067523609861274
11026,9.067523609861274
11027,9.067523609861274
11028,9.067523609861274
11029,9.067523609861274
11030,9.067523609861274
11031,9.067523609861274
11032,9.067523609861274
11033,9.067523609861274
11034,9.067523609861274
11035,9.067523609861274
11036,9.067523609861274
11037,9.067523609861274
11038,9.067523609861274
11039,9.067523609861274
11040,9.067523609861274
11041,9.067523609861274
11042,9.067523609861274
11043,9.067523609861274
11044,9.067523609861274
11045,9.067523609861274
11046,9.067523609861274
11047,9.067523609861274
11048,9.067523609861274
11049,9.067523609861274
11050,9.067523609861274
11051,9.067523609861274
11052,9.067523609861274
11053,9.067523609861274
11054,9.067523609861274
11055,9.067523609861274
11056,9.067523609861274
11057,9.067523609861274
11058,9.067523609861274
11059,9.067523609861274
11060,9.067523609861274
11061,9.067523609861274
11062,9.067523609861274
11063,9.067523609861274
11064,9.067523609861274
11065,9.067523609861274
11066,9.067523609861274
11067,9.067523609861274
11068,9.067523609861274
11069,9.067523609861274
11070,9.067523609861274
11071,9.067523609861274
11072,9.067523609861274
11073,9.067523609861274
11074,9.067523609861274
11075,9.067523609861274
11076,9.067523609861274
11077,9.067523609861274
11078,9.067523609861274
11079,9.067523609861274
11080,9.067523609861274
11081,9.067523609861274
11082,9.067523609861274
11083,9.067523609861274
11084,9.067523609861274
11085,9.067523609861274
11086,9.067523609861274
11087,9.067523609861274
11088,9.067523609861274
11089,9.067523609861274
11090,9.067523609861274
11091,9.067523609861274
11092,9.067523609861274
11093,9.067523609861274
11094,9.067523609861274
11095,9.067523609861274
11096,9.067523609861274
11097,9.067523609861274
11098,9.067523609861274
11099,9.067523609861274
11100,9.067523609861274
11101,9.067523609861274
11102,9.067523609861274
11103,9.067523609861274
11104,9.067523609861274
11105,9.067523609861274
11106,9.067523609861274
11107,9.067523609861274
11108,9.067523609861274
11109,9.067523609861274
11110,9.067523609861274
11111,9.067523609861274
11112,9.067523609861274
11113,9.067523609861274
11114,9.067523609861274
11115,9.067523609861274
11116,9.067523609861274
11117,9.067523609861274
11118,9.067523609861274
11119,9.067523609861274
11120,9.067523609861274
11121,9.067523609861274
11122,9.067523609861274
11123,9.067523609861274
11124,9.067523609861274
11125,9.067523609861274
11126,9.067523609861274
11127,9.067523609861274
11128,9.067523609861274
11129,9.067523609861274
11130,9.067523609861274
11131,9.067523609861274
11132,9.067523609861274
11133,9.067523609861274
11134,9.067523609861274
11135,9.067523609861274
11136,9.067523609861274
11137,9.067523609861274
11138,9.067523609861274
11139,9.067523609861274
11140,9.067523609861274
11141,9.067523609861274
11142,9.067523609861274
11143,9.067523609861274
11144,9.067523609861274
11145,9.067523609861274
11146,9.067523609861274
11147,9.067523609861274
11148,9.067523609861274
11149,9.067523609861274
11150,9.067523609861274
11151,9.067523609861274
11152,9.067523609861274
11153,9.067523609861274
11154,9.067523609861274
11155,9.067523609861274
11156,9.067523609861274
11157,9.067523609861274
11158,9.067523609861274
11159,9.067523609861274
11160,9.067523609861274
11161,9.067523609861274
11162,9.067523609861274
11163,9.067523609861274
11164,9.067523609861274
11165,9.067523609861274
11166,9.067523609861274
11167,9.067523609861274
11168,9.067523609861274
11169,9.067523609861274
11170,9.067523609861274
11171,9.067523609861274
11172,9.067523609861274
11173,9.067523609861274
11174,9.067523609861274
11175,9.067523609861274
11176,9.067523609861274
11177,9.067523609861274
11178,9.067523609861274
11179,9.067523609861274
11180,9.067523609861274
11181,9.067523609861274
11182,9.067523609861274
11183,9.067523609861274
11184,9.067523609861274
11185,9.067523609861274
11186,9.067523609861274
11187,9.067523609861274
11188,9.067523609861274
11189,9.067523609861274
11190,9.067523609861274
11191,9.067523609861274
11192,9.067523609861274
11193,9.067523609861274
11194,9.067523609861274
11195,9.067523609861274
11196,9.067523609861274
11197,9.067523609861274
11198,9.067523609861274
11199,9.067523609861274
11200,9.067523609861274
11201,9.067523609861274
11202,9.067523609861274
11203,9.067523609861274
11204,9.067523609861274
11205,9.067523609861274
11206,9.067523609861274
11207,9.067523609861274
11208,9.067523609861274
11209,9.067523609861274
11210,9.067523609861274
11211,9.067523609861274
11212,9.067523609861274
11213,9.067523609861274
11214,9.067523609861274
11215,9.067523609861274
11216,9.067523609861274
11217,9.067523609861274
11218,9.067523609861274
11219,9.067523609861274
11220,9.067523609861274
11221,9.067523609861274
11222,9.067523609861274
11223,9.067523609861274
11224,9.067523609861274
11225,9.067523609861274
11226,9.067523609861274
11227,9.067523609861274
11228,9.067523609861274
11229,9.067523609861274
11230,9.067523609861274
11231,9.067523609861274
11232,9.067523609861274
11233,9.067523609861274
11234,9.067523609861274
11235,9.067523609861274
11236,9.067523609861274
11237,9.067523609861274
11238,9.067523609861274
11239,9.067523609861274
11240,9.067523609861274
11241,9.067523609861274
11242,9.067523609861274
11243,9.067523609861274
11244,9.067523609861274
11245,9.067523609861274
11246,9.067523609861274
11247,9.067523609861274
11248,9.067523609861274
11249,9.067523609861274
11250,9.067523609861274
11251,9.067523609861274
11252,9.067523609861274
11253,9.067523609861274
11254,9.067523609861274
11255,9.067523609861274
11256,9.067523609861274
11257,9.067523609861274
11258,9.067523609861274
11259,9.067523609861274
11260,9.067523609861274
11261,9.067523609861274
11262,9.067523609861274
11263,9.067523609861274
11264,9.067523609861274
11265,9.067523609861274
11266,9.067523609861274
11267,9.067523609861274
11268,9.067523609861274
11269,9.067523609861274
11270,9.067523609861274
11271,9.067523609861274
11272,9.067523609861274
11273,9.067523609861274
11274,9.067523609861274
11275,9.067523609861274
11276,9.067523609861274
11277,9.067523609861274
11278,9.067523609861274
11279,9.067523609861274
11280,9.067523609861274
11281,9.067523609861274
11282,9.067523609861274
11283,9.067523609861274
11284,9.067523609861274
11285,9.067523609861274
11286,9.067523609861274
11287,9.067523609861274
11288,9.067523609861274
11289,9.067523609861274
11290,9.067523609861274
11291,9.067523609861274
11292,9.067523609861274
11293,9.067523609861274
11294,9.067523609861274
11295,9.067523609861274
11296,9.067523609861274
11297,9.067523609861274
11298,9.067523609861274
11299,9.067523609861274
11300,9.067523609861274
11301,9.067523609861274
11302,9.067523609861274
11303,9.067523609861274
11304,9.067523609861274
11305,9.067523609861274
11306,9.067523609861274
11307,9.067523609861274
11308,9.067523609861274
11309,9.067523609861274
11310,9.067523609861274
11311,9.067523609861274
11312,9.067523609861274
11313,9.067523609861274
11314,9.067523609861274
11315,9.067523609861274
11316,9.067523609861274
11317,9.067523609861274
11318,9.067523609861274
11319,9.067523609861274
11320,9.067523609861274
11321,9.067523609861274
11322,9.067523609861274
11323,9.067523609861274
11324,9.067523609861274
11325,9.067523609861274
11326,9.067523609861274
11327,9.067523609861274
11328,9.067523609861274
11329,9.067523609861274
11330,9.067523609861274
11331,9.067523609861274
11332,9.067523609861274
11333,9.067523609861274
11334,9.067523609861274
11335,9.067523609861274
11336,9.067523609861274
11337,9.067523609861274
11338,9.067523609861274
11339,9.067523609861274
11340,9.067523609861274
11341,9.067523609861274
11342,9.067523609861274
11343,9.067523609861274
11344,9.067523609861274
11345,9.067523609861274
11346,9.067523609861274
11347,9.067523609861274
11348,9.067523609861274
11349,9.067523609861274
11350,9.067523609861274
11351,9.067523609861274
11352,9.067523609861274
11353,9.067523609861274
11354,9.067523609861274
11355,9.067523609861274
11356,9.067523609861274
11357,9.067523609861274
11358,9.067523609861274
11359,9.067523609861274
11360,9.067523609861274
11361,9.067523609861274
11362,9.067523609861274
11363,9.067523609861274
11364,9.067523609861274
11365,9.067523609861274
11366,9.067523609861274
11367,9.067523609861274
11368,9.067523609861274
11369,9.067523609861274
11370,9.067523609861274
11371,9.067523609861274
11372,9.067523609861274
11373,9.067523609861274
11374,9.067523609861274
11375,9.067523609861274
11376,9.067523609861274
11377,9.067523609861274
11378,9.067523609861274
11379,9.067523609861274
11380,9.067523609861274
11381,9.067523609861274
11382,9.067523609861274
11383,9.067523609861274
11384,9.067523609861274
11385,9.067523609861274
11386,9.067523609861274
11387,9.067523609861274
11388,9.067523609861274
11389,9.067523609861274
11390,9.067523609861274
11391,9.067523609861274
11392,9.067523609861274
11393,9.067523609861274
11394,9.067523609861274
11395,9.067523609861274
11396,9.067523609861274
11397,9.067523609861274
11398,9.067523609861274
11399,9.067523609861274
11400,9.067523609861274
11401,9.067523609861274
11402,9.067523609861274
11403,9.067523609861274
11404,9.067523609861274
11405,9.067523609861274
11406,9.067523609861274
11407,9.067523609861274
11408,9.067523609861274
11409,9.067523609861274
11410,9.067523609861274
11411,9.067523609861274
11412,9.067523609861274
11413,9.067523609861274
11414,9.067523609861274
11415,9.067523609861274
11416,9.067523609861274
11417,9.067523609861274
11418,9.067523609861274
11419,9.067523609861274
11420,9.067523609861274
11421,9.067523609861274
11422,9.067523609861274
11423,9.067523609861274
11424,9.067523609861274
11425,9.067523609861274
11426,9.067523609861274
11427,9.067523609861274
11428,9.067523609861274
11429,9.067523609861274
11430,9.067523609861274
11431,9.067523609861274
11432,9.067523609861274
11433,9.067523609861274
11434,9.067523609861274
11435,9.067523609861274
11436,9.067523609861274
11437,9.067523609861274
11438,9.067523609861274
11439,9.067523609861274
11440,9.067523609861274
11441,9.067523609861274
11442,9.067523609861274
11443,9.067523609861274
11444,9.067523609861274
11445,9.067523609861274
11446,9.067523609861274
11447,9.067523609861274
11448,9.067523609861274
11449,9.067523609861274
11450,9.067523609861274
11451,9.067523609861274
11452,9.067523609861274
11453,9.067523609861274
11454,9.067523609861274
11455,9.067523609861274
11456,9.067523609861274
11457,9.067523609861274
11458,9.067523609861274
11459,9.067523609861274
11460,9.067523609861274
11461,9.067523609861274
11462,9.067523609861274
11463,9.067523609861274
11464,9.067523609861274
11465,9.067523609861274
11466,9.067523609861274
11467,9.067523609861274
11468,9.067523609861274
11469,9.067523609861274
11470,9.067523609861274
11471,9.067523609861274
11472,9.067523609861274
11473,9.067523609861274
11474,9.067523609861274
11475,9.067523609861274
11476,9.067523609861274
11477,9.067523609861274
11478,9.067523609861274
11479,9.067523609861274
11480,9.067523609861274
11481,9.067523609861274
11482,9.067523609861274
11483,9.067523609861274
11484,9.067523609861274
11485,9.067523609861274
11486,9.067523609861274
11487,9.067523609861274
11488,9.067523609861274
11489,9.067523609861274
11490,9.067523609861274
11491,9.067523609861274
11492,9.067523609861274
11493,9.067523609861274
11494,9.067523609861274
11495,9.067523609861274
11496,9.067523609861274
11497,9.067523609861274
11498,9.067523609861274
11499,9.067523609861274
11500,9.067523609861274
11501,9.067523609861274
11502,9.067523609861274
11503,9.067523609861274
11504,9.067523609861274
11505,9.067523609861274
11506,9.067523609861274
11507,9.067523609861274
11508,9.067523609861274
11509,9.067523609861274
11510,9.067523609861274
11511,9.067523609861274
11512,9.067523609861274
11513,9.067523609861274
11514,9.067523609861274
11515,9.067523609861274
11516,9.067523609861274
11517,9.067523609861274
11518,9.067523609861274
11519,9.067523609861274
11520,9.067523609861274
11521,9.067523609861274
11522,9.067523609861274
11523,9.067523609861274
11524,9.067523609861274
11525,9.067523609861274
11526,9.067523609861274
11527,9.067523609861274
11528,9.067523609861274
11529,9.067523609861274
11530,9.067523609861274
11531,9.067523609861274
11532,9.067523609861274
11533,9.067523609861274
11534,9.067523609861274
11535,9.067523609861274
11536,9.067523609861274
11537,9.067523609861274
11538,9.067523609861274
11539,9.067523609861274
11540,9.067523609861274
11541,9.067523609861274
11542,9.067523609861274
11543,9.067523609861274
11544,9.067523609861274
11545,9.067523609861274
11546,9.067523609861274
11547,9.067523609861274
11548,9.067523609861274
11549,9.067523609861274
11550,9.067523609861274
11551,9.067523609861274
11552,9.067523609861274
11553,9.067523609861274
11554,9.067523609861274
11555,9.067523609861274
11556,9.067523609861274
11557,9.067523609861274
11558,9.067523609861274
11559,9.067523609861274
11560,9.067523609861274
11561,9.067523609861274
11562,9.067523609861274
11563,9.067523609861274
11564,9.067523609861274
11565,9.067523609861274
11566,9.067523609861274
11567,9.067523609861274
11568,9.067523609861274
11569,9.067523609861274
11570,9.067523609861274
11571,9.067523609861274
11572,9.067523609861274
11573,9.067523609861274
11574,9.067523609861274
11575,9.067523609861274
11576,9.067523609861274
11577,9.067523609861274
11578,9.067523609861274
11579,9.067523609861274
11580,9.067523609861274
11581,9.067523609861274
11582,9.067523609861274
11583,9.067523609861274
11584,9.067523609861274
11585,9.067523609861274
11586,9.067523609861274
11587,9.067523609861274
11588,9.067523609861274
11589,9.067523609861274
11590,9.067523609861274
11591,9.067523609861274
11592,9.067523609861274
11593,9.067523609861274
11594,9.067523609861274
11595,9.067523609861274
11596,9.067523609861274
11597,9.067523609861274
11598,9.067523609861274
11599,9.067523609861274
11600,9.067523609861274
11601,9.067523609861274
11602,9.067523609861274
11603,9.067523609861274
11604,9.067523609861274
11605,9.067523609861274
11606,9.067523609861274
11607,9.067523609861274
11608,9.067523609861274
11609,9.067523609861274
11610,9.067523609861274
11611,9.067523609861274
11612,9.067523609861274
11613,9.067523609861274
11614,9.067523609861274
11615,9.067523609861274
11616,9.067523609861274
11617,9.067523609861274
11618,9.067523609861274
11619,9.067523609861274
11620,9.067523609861274
11621,9.067523609861274
11622,9.067523609861274
11623,9.067523609861274
11624,9.067523609861274
11625,9.067523609861274
11626,9.067523609861274
11627,9.067523609861274
11628,9.067523609861274
11629,9.067523609861274
11630,9.067523609861274
11631,9.067523609861274
11632,9.067523609861274
11633,9.067523609861274
11634,9.067523609861274
11635,9.067523609861274
11636,9.067523609861274
11637,9.067523609861274
11638,9.067523609861274
11639,9.067523609861274
11640,9.067523609861274
11641,9.067523609861274
11642,9.067523609861274
11643,9.067523609861274
11644,9.067523609861274
11645,9.067523609861274
11646,9.067523609861274
11647,9.067523609861274
11648,9.067523609861274
11649,9.067523609861274
11650,9.067523609861274
11651,9.067523609861274
11652,9.067523609861274
11653,9.067523609861274
11654,9.067523609861274
11655,9.067523609861274
11656,9.067523609861274
11657,9.067523609861274
11658,9.067523609861274
11659,9.067523609861274
11660,9.067523609861274
11661,9.067523609861274
11662,9.067523609861274
11663,9.067523609861274
11664,9.067523609861274
11665,9.067523609861274
11666,9.067523609861274
11667,9.067523609861274
11668,9.067523609861274
11669,9.067523609861274
11670,9.067523609861274
11671,9.067523609861274
11672,9.067523609861274
11673,9.067523609861274
11674,9.067523609861274
11675,9.067523609861274
11676,9.067523609861274
11677,9.067523609861274
11678,9.067523609861274
11679,9.067523609861274
11680,9.067523609861274
11681,9.067523609861274
11682,9.067523609861274
11683,9.067523609861274
11684,9.067523609861274
11685,9.067523609861274
11686,9.067523609861274
11687,9.067523609861274
11688,9.067523609861274
11689,9.067523609861274
11690,9.067523609861274
11691,9.067523609861274
11692,9.067523609861274
11693,9.067523609861274
11694,9.067523609861274
11695,9.067523609861274
11696,9.067523609861274
11697,9.067523609861274
11698,9.067523609861274
11699,9.067523609861274
11700,9.067523609861274
11701,9.067523609861274
11702,9.067523609861274
11703,9.067523609861274
11704,9.067523609861274
11705,9.067523609861274
11706,9.067523609861274
11707,9.067523609861274
11708,9.067523609861274
11709,9.067523609861274
11710,9.067523609861274
11711,9.067523609861274
11712,9.067523609861274
11713,9.067523609861274
11714,9.067523609861274
11715,9.067523609861274
11716,9.067523609861274
11717,9.067523609861274
11718,9.067523609861274
11719,9.067523609861274
11720,9.067523609861274
11721,9.067523609861274
11722,9.067523609861274
11723,9.067523609861274
11724,9.067523609861274
11725,9.067523609861274
11726,9.067523609861274
11727,9.067523609861274
11728,9.067523609861274
11729,9.067523609861274
11730,9.067523609861274
11731,9.067523609861274
11732,9.067523609861274
11733,9.067523609861274
11734,9.067523609861274
11735,9.067523609861274
11736,9.067523609861274
11737,9.067523609861274
11738,9.067523609861274
11739,9.067523609861274
11740,9.067523609861274
11741,9.067523609861274
11742,9.067523609861274
11743,9.067523609861274
11744,9.067523609861274
11745,9.067523609861274
11746,9.067523609861274
11747,9.067523609861274
11748,9.067523609861274
11749,9.067523609861274
11750,9.067523609861274
11751,9.067523609861274
11752,9.067523609861274
11753,9.067523609861274
11754,9.067523609861274
11755,9.067523609861274
11756,9.067523609861274
11757,9.067523609861274
11758,9.067523609861274
11759,9.067523609861274
11760,9.067523609861274
11761,9.067523609861274
11762,9.067523609861274
11763,9.067523609861274
11764,9.067523609861274
11765,9.067523609861274
11766,9.067523609861274
11767,9.067523609861274
11768,9.067523609861274
11769,9.067523609861274
11770,9.067523609861274
11771,9.067523609861274
11772,9.067523609861274
11773,9.067523609861274
11774,9.067523609861274
11775,9.067523609861274
11776,9.067523609861274
11777,9.067523609861274
11778,9.067523609861274
11779,9.067523609861274
11780,9.067523609861274
11781,9.067523609861274
11782,9.067523609861274
11783,9.067523609861274
11784,9.067523609861274
11785,9.067523609861274
11786,9.067523609861274
11787,9.067523609861274
11788,9.067523609861274
11789,9.067523609861274
11790,9.067523609861274
11791,9.067523609861274
11792,9.067523609861274
11793,9.067523609861274
11794,9.067523609861274
11795,9.067523609861274
11796,9.067523609861274
11797,9.067523609861274
11798,9.067523609861274
11799,9.067523609861274
11800,9.067523609861274
11801,9.067523609861274
11802,9.067523609861274
11803,9.067523609861274
11804,9.067523609861274
11805,9.067523609861274
11806,9.067523609861274
11807,9.067523609861274
11808,9.067523609861274
11809,9.067523609861274
11810,9.067523609861274
11811,9.067523609861274
11812,9.067523609861274
11813,9.067523609861274
11814,9.067523609861274
11815,9.067523609861274
11816,9.067523609861274
11817,9.067523609861274
11818,9.067523609861274
11819,9.067523609861274
11820,9.067523609861274
11821,9.067523609861274
11822,9.067523609861274
11823,9.067523609861274
11824,9.067523609861274
11825,9.067523609861274
11826,9.067523609861274
11827,9.067523609861274
11828,9.067523609861274
11829,9.067523609861274
11830,9.067523609861274
11831,9.067523609861274
11832,9.067523609861274
11833,9.067523609861274
11834,9.067523609861274
11835,9.067523609861274
11836,9.067523609861274
11837,9.067523609861274
11838,9.067523609861274
11839,9.067523609861274
11840,9.067523609861274
11841,9.067523609861274
11842,9.067523609861274
11843,9.067523609861274
11844,9.067523609861274
11845,9.067523609861274
11846,9.067523609861274
11847,9.067523609861274
11848,9.067523609861274
11849,9.067523609861274
11850,9.067523609861274
11851,9.067523609861274
11852,9.067523609861274
11853,9.067523609861274
11854,9.067523609861274
11855,9.067523609861274
11856,9.067523609861274
11857,9.067523609861274
11858,9.067523609861274
11859,9.067523609861274
11860,9.067523609861274
11861,9.067523609861274
11862,9.067523609861274
11863,9.067523609861274
11864,9.067523609861274
11865,9.067523609861274
11866,9.067523609861274
11867,9.067523609861274
11868,9.067523609861274
11869,9.067523609861274
11870,9.067523609861274
11871,9.067523609861274
11872,9.067523609861274
11873,9.067523609861274
11874,9.067523609861274
11875,9.067523609861274
11876,9.067523609861274
11877,9.067523609861274
11878,9.067523609861274
11879,9.067523609861274
11880,9.067523609861274
11881,9.067523609861274
11882,9.067523609861274
11883,9.067523609861274
11884,9.067523609861274
11885,9.067523609861274
11886,9.067523609861274
11887,9.067523609861274
11888,9.067523609861274
11889,9.067523609861274
11890,9.067523609861274
11891,9.067523609861274
11892,9.067523609861274
11893,9.067523609861274
11894,9.067523609861274
11895,9.067523609861274
11896,9.067523609861274
11897,9.067523609861274
11898,9.067523609861274
11899,9.067523609861274
11900,9.067523609861274
11901,9.067523609861274
11902,9.067523609861274
11903,9.067523609861274
11904,9.067523609861274
11905,9.067523609861274
11906,9.067523609861274
11907,9.067523609861274
11908,9.067523609861274
11909,9.067523609861274
11910,9.067523609861274
11911,9.067523609861274
11912,9.067523609861274
11913,9.067523609861274
11914,9.067523609861274
11915,9.067523609861274
11916,9.067523609861274
11917,9.067523609861274
11918,9.067523609861274
11919,9.067523609861274
11920,9.067523609861274
11921,9.067523609861274
11922,9.067523609861274
11923,9.067523609861274
11924,9.067523609861274
11925,9.067523609861274
11926,9.067523609861274
11927,9.067523609861274
11928,9.067523609861274
11929,9.067523609861274
11930,9.067523609861274
11931,9.067523609861274
11932,9.067523609861274
11933,9.067523609861274
11934,9.067523609861274
11935,9.067523609861274
11936,9.067523609861274
11937,9.067523609861274
11938,9.067523609861274
11939,9.067523609861274
11940,9.067523609861274
11941,9.067523609861274
11942,9.067523609861274
11943,9.067523609861274
11944,9.067523609861274
11945,9.067523609861274
11946,9.067523609861274
11947,9.067523609861274
11948,9.067523609861274
11949,9.067523609861274
11950,9.067523609861274
11951,9.067523609861274
11952,9.067523609861274
11953,9.067523609861274
11954,9.067523609861274
11955,9.067523609861274
11956,9.067523609861274
11957,9.067523609861274
11958,9.067523609861274
11959,9.067523609861274
11960,9.067523609861274
11961,9.067523609861274
11962,9.067523609861274
11963,9.067523609861274
11964,9.067523609861274
11965,9.067523609861274
11966,9.067523609861274
11967,9.067523609861274
11968,9.067523609861274
11969,9.067523609861274
11970,9.067523609861274
11971,9.067523609861274
11972,9.067523609861274
11973,9.067523609861274
11974,9.067523609861274
11975,9.067523609861274
11976,9.067523609861274
11977,9.067523609861274
11978,9.067523609861274
11979,9.067523609861274
11980,9.067523609861274
11981,9.067523609861274
11982,9.067523609861274
11983,9.067523609861274
11984,9.067523609861274
11985,9.067523609861274
11986,9.067523609861274
11987,9.067523609861274
11988,9.067523609861274
11989,9.067523609861274
11990,9.067523609861274
11991,9.067523609861274
11992,9.067523609861274
11993,9.067523609861274
11994,9.067523609861274
11995,9.067523609861274
11996,9.067523609861274
11997,9.067523609861274
11998,9.067523609861274
11999,9.067523609861274
12000,9.067523609861274
12001,9.067523609861274
12002,9.067523609861274
12003,9.067523609861274
12004,9.067523609861274
12005,9.067523609861274
12006,9.067523609861274
12007,9.067523609861274
12008,9.067523609861274
12009,9.067523609861274
12010,9.067523609861274
12011,9.067523609861274
12012,9.067523609861274
12013,9.067523609861274
12014,9.067523609861274
12015,9.067523609861274
12016,9.067523609861274
12017,9.067523609861274
12018,9.067523609861274
12019,9.067523609861274
12020,9.067523609861274
12021,9.067523609861274
12022,9.067523609861274
12023,9.067523609861274
12024,9.067523609861274
12025,9.067523609861274
12026,9.067523609861274
12027,9.067523609861274
12028,9.067523609861274
12029,9.067523609861274
12030,9.067523609861274
12031,9.067523609861274
12032,9.067523609861274
12033,9.067523609861274
12034,9.067523609861274
12035,9.067523609861274
12036,9.067523609861274
12037,9.067523609861274
12038,9.067523609861274
12039,9.067523609861274
12040,9.067523609861274
12041,9.067523609861274
12042,9.067523609861274
12043,9.067523609861274
12044,9.067523609861274
12045,9.067523609861274
12046,9.067523609861274
12047,9.067523609861274
12048,9.067523609861274
12049,9.067523609861274
12050,9.067523609861274
12051,9.067523609861274
12052,9.067523609861274
12053,9.067523609861274
12054,9.067523609861274
12055,9.067523609861274
12056,9.067523609861274
12057,9.067523609861274
12058,9.067523609861274
12059,9.067523609861274
12060,9.067523609861274
12061,9.067523609861274
12062,9.067523609861274
12063,9.067523609861274
12064,9.067523609861274
12065,9.067523609861274
12066,9.067523609861274
12067,9.067523609861274
12068,9.067523609861274
12069,9.067523609861274
12070,9.067523609861274
12071,9.067523609861274
12072,9.067523609861274
12073,9.067523609861274
12074,9.067523609861274
12075,9.067523609861274
12076,9.067523609861274
12077,9.067523609861274
12078,9.067523609861274
12079,9.067523609861274
12080,9.067523609861274
12081,9.067523609861274
12082,9.067523609861274
12083,9.067523609861274
12084,9.067523609861274
12085,9.067523609861274
12086,9.067523609861274
12087,9.067523609861274
12088,9.067523609861274
12089,9.067523609861274
12090,9.067523609861274
12091,9.067523609861274
12092,9.067523609861274
12093,9.067523609861274
12094,9.067523609861274
12095,9.067523609861274
12096,9.067523609861274
12097,9.067523609861274
12098,9.067523609861274
12099,9.067523609861274
12100,9.067523609861274
12101,9.067523609861274
12102,9.067523609861274
12103,9.067523609861274
12104,9.067523609861274
12105,9.067523609861274
12106,9.067523609861274
12107,9.067523609861274
12108,9.067523609861274
12109,9.067523609861274
12110,9.067523609861274
12111,9.067523609861274
12112,9.067523609861274
12113,9.067523609861274
12114,9.067523609861274
12115,9.067523609861274
12116,9.067523609861274
12117,9.067523609861274
12118,9.067523609861274
12119,9.067523609861274
12120,9.067523609861274
12121,9.067523609861274
12122,9.067523609861274
12123,9.067523609861274
12124,9.067523609861274
12125,9.067523609861274
12126,9.067523609861274
12127,9.067523609861274
12128,9.067523609861274
12129,9.067523609861274
12130,9.067523609861274
12131,9.067523609861274
12132,9.067523609861274
12133,9.067523609861274
12134,9.067523609861274
12135,9.067523609861274
12136,9.067523609861274
12137,9.067523609861274
12138,9.067523609861274
12139,9.067523609861274
12140,9.067523609861274
12141,9.067523609861274
12142,9.067523609861274
12143,9.067523609861274
12144,9.067523609861274
12145,9.067523609861274
12146,9.067523609861274
12147,9.067523609861274
12148,9.067523609861274
12149,9.067523609861274
12150,9.067523609861274
12151,9.067523609861274
12152,9.067523609861274
12153,9.067523609861274
12154,9.067523609861274
12155,9.067523609861274
12156,9.067523609861274
12157,9.067523609861274
12158,9.067523609861274
12159,9.067523609861274
12160,9.067523609861274
12161,9.067523609861274
12162,9.067523609861274
12163,9.067523609861274
12164,9.067523609861274
12165,9.067523609861274
12166,9.067523609861274
12167,9.067523609861274
12168,9.067523609861274
12169,9.067523609861274
12170,9.067523609861274
12171,9.067523609861274
12172,9.067523609861274
12173,9.067523609861274
12174,9.067523609861274
12175,9.067523609861274
12176,9.067523609861274
12177,9.067523609861274
12178,9.067523609861274
12179,9.067523609861274
12180,9.067523609861274
12181,9.067523609861274
12182,9.067523609861274
12183,9.067523609861274
12184,9.067523609861274
12185,9.067523609861274
12186,9.067523609861274
12187,9.067523609861274
12188,9.067523609861274
12189,9.067523609861274
12190,9.067523609861274
12191,9.067523609861274
12192,9.067523609861274
12193,9.067523609861274
12194,9.067523609861274
12195,9.067523609861274
12196,9.067523609861274
12197,9.067523609861274
12198,9.067523609861274
12199,9.067523609861274
12200,9.067523609861274
12201,9.067523609861274
12202,9.067523609861274
12203,9.067523609861274
12204,9.067523609861274
12205,9.067523609861274
12206,9.067523609861274
12207,9.067523609861274
12208,9.067523609861274
12209,9.067523609861274
12210,9.067523609861274
12211,9.067523609861274
12212,9.067523609861274
12213,9.067523609861274
12214,9.067523609861274
12215,9.067523609861274
12216,9.067523609861274
12217,9.067523609861274
12218,9.067523609861274
12219,9.067523609861274
12220,9.067523609861274
12221,9.067523609861274
12222,9.067523609861274
12223,9.067523609861274
12224,9.067523609861274
12225,9.067523609861274
12226,9.067523609861274
12227,9.067523609861274
12228,9.067523609861274
12229,9.067523609861274
12230,9.067523609861274
12231,9.067523609861274
12232,9.067523609861274
12233,9.067523609861274
12234,9.067523609861274
12235,9.067523609861274
12236,9.067523609861274
12237,9.067523609861274
12238,9.067523609861274
12239,9.067523609861274
12240,9.067523609861274
12241,9.067523609861274
12242,9.067523609861274
12243,9.067523609861274
12244,9.067523609861274
12245,9.067523609861274
12246,9.067523609861274
12247,9.067523609861274
12248,9.067523609861274
12249,9.067523609861274
12250,9.067523609861274
12251,9.067523609861274
12252,9.067523609861274
12253,9.067523609861274
12254,9.067523609861274
12255,9.067523609861274
12256,9.067523609861274
12257,9.067523609861274
12258,9.067523609861274
12259,9.067523609861274
12260,9.067523609861274
12261,9.067523609861274
12262,9.067523609861274
12263,9.067523609861274
12264,9.067523609861274
12265,9.067523609861274
12266,9.067523609861274
12267,9.067523609861274
12268,9.067523609861274
12269,9.067523609861274
12270,9.067523609861274
12271,9.067523609861274
12272,9.067523609861274
12273,9.067523609861274
12274,9.067523609861274
12275,9.067523609861274
12276,9.067523609861274
12277,9.067523609861274
12278,9.067523609861274
12279,9.067523609861274
12280,9.067523609861274
12281,9.067523609861274
12282,9.067523609861274
12283,9.067523609861274
12284,9.067523609861274
12285,9.067523609861274
12286,9.067523609861274
12287,9.067523609861274
12288,9.067523609861274
12289,9.067523609861274
12290,9.067523609861274
12291,9.067523609861274
12292,9.067523609861274
12293,9.067523609861274
12294,9.067523609861274
12295,9.067523609861274
12296,9.067523609861274
12297,9.067523609861274
12298,9.067523609861274
12299,9.067523609861274
12300,9.067523609861274
12301,9.067523609861274
12302,9.067523609861274
12303,9.067523609861274
12304,9.067523609861274
12305,9.067523609861274
12306,9.067523609861274
12307,9.067523609861274
12308,9.067523609861274
12309,9.067523609861274
12310,9.067523609861274
12311,9.067523609861274
12312,9.067523609861274
12313,9.067523609861274
12314,9.067523609861274
12315,9.067523609861274
12316,9.067523609861274
12317,9.067523609861274
12318,9.067523609861274
12319,9.067523609861274
12320,9.067523609861274
12321,9.067523609861274
12322,9.067523609861274
12323,9.067523609861274
12324,9.067523609861274
12325,9.067523609861274
12326,9.067523609861274
12327,9.067523609861274
12328,9.067523609861274
12329,9.067523609861274
12330,9.067523609861274
12331,9.067523609861274
12332,9.067523609861274
12333,9.067523609861274
12334,9.067523609861274
12335,9.067523609861274
12336,9.067523609861274
12337,9.067523609861274
12338,9.067523609861274
12339,9.067523609861274
12340,9.067523609861274
12341,9.067523609861274
12342,9.067523609861274
12343,9.067523609861274
12344,9.067523609861274
12345,9.067523609861274
12346,9.067523609861274
12347,9.067523609861274
12348,9.067523609861274
12349,9.067523609861274
12350,9.067523609861274
12351,9.067523609861274
12352,9.067523609861274
12353,9.067523609861274
12354,9.067523609861274
12355,9.067523609861274
12356,9.067523609861274
12357,9.067523609861274
12358,9.067523609861274
12359,9.067523609861274
12360,9.067523609861274
12361,9.067523609861274
12362,9.067523609861274
12363,9.067523609861274
12364,9.067523609861274
12365,9.067523609861274
12366,9.067523609861274
12367,9.067523609861274
12368,9.067523609861274
12369,9.067523609861274
12370,9.067523609861274
12371,9.067523609861274
12372,9.067523609861274
12373,9.067523609861274
12374,9.067523609861274
12375,9.067523609861274
12376,9.067523609861274
12377,9.067523609861274
12378,9.067523609861274
12379,9.067523609861274
12380,9.067523609861274
12381,9.067523609861274
12382,9.067523609861274
12383,9.067523609861274
12384,9.067523609861274
12385,9.067523609861274
12386,9.067523609861274
12387,9.067523609861274
12388,9.067523609861274
12389,9.067523609861274
12390,9.067523609861274
12391,9.067523609861274
12392,9.067523609861274
12393,9.067523609861274
12394,9.067523609861274
12395,9.067523609861274
12396,9.067523609861274
12397,9.067523609861274
12398,9.067523609861274
12399,9.067523609861274
12400,9.067523609861274
12401,9.067523609861274
12402,9.067523609861274
12403,9.067523609861274
12404,9.067523609861274
12405,9.067523609861274
12406,9.067523609861274
12407,9.067523609861274
12408,9.067523609861274
12409,9.067523609861274
12410,9.067523609861274
12411,9.067523609861274
12412,9.067523609861274
12413,9.067523609861274
12414,9.067523609861274
12415,9.067523609861274
12416,9.067523609861274
12417,9.067523609861274
12418,9.067523609861274
12419,9.067523609861274
12420,9.067523609861274
12421,9.067523609861274
12422,9.067523609861274
12423,9.067523609861274
12424,9.067523609861274
12425,9.067523609861274
12426,9.067523609861274
12427,9.067523609861274
12428,9.067523609861274
12429,9.067523609861274
12430,9.067523609861274
12431,9.067523609861274
12432,9.067523609861274
12433,9.067523609861274
12434,9.067523609861274
12435,9.067523609861274
12436,9.067523609861274
12437,9.067523609861274
12438,9.067523609861274
12439,9.067523609861274
12440,9.067523609861274
12441,9.067523609861274
12442,9.067523609861274
12443,9.067523609861274
12444,9.067523609861274
12445,9.067523609861274
12446,9.067523609861274
12447,9.067523609861274
12448,9.067523609861274
12449,9.067523609861274
12450,9.067523609861274
12451,9.067523609861274
12452,9.067523609861274
12453,9.067523609861274
12454,9.067523609861274
12455,9.067523609861274
12456,9.067523609861274
12457,9.067523609861274
12458,9.067523609861274
12459,9.067523609861274
12460,9.067523609861274
12461,9.067523609861274
12462,9.067523609861274
12463,9.067523609861274
12464,9.067523609861274
12465,9.067523609861274
12466,9.067523609861274
12467,9.067523609861274
12468,9.067523609861274
12469,9.067523609861274
12470,9.067523609861274
12471,9.067523609861274
12472,9.067523609861274
12473,9.067523609861274
12474,9.067523609861274
12475,9.067523609861274
12476,9.067523609861274
12477,9.067523609861274
12478,9.067523609861274
12479,9.067523609861274
12480,9.067523609861274
12481,9.067523609861274
12482,9.067523609861274
12483,9.067523609861274
12484,9.067523609861274
12485,9.067523609861274
12486,9.067523609861274
12487,9.067523609861274
12488,9.067523609861274
12489,9.067523609861274
12490,9.067523609861274
12491,9.067523609861274
12492,9.067523609861274
12493,9.067523609861274
12494,9.067523609861274
12495,9.067523609861274
12496,9.067523609861274
12497,9.067523609861274
12498,9.067523609861274
12499,9.067523609861274
12500,9.067523609861274
12501,9.067523609861274
12502,9.067523609861274
12503,9.067523609861274
12504,9.067523609861274
12505,9.067523609861274
12506,9.067523609861274
12507,9.067523609861274
12508,9.067523609861274
12509,9.067523609861274
12510,9.067523609861274
12511,9.067523609861274
12512,9.067523609861274
12513,9.067523609861274
12514,9.067523609861274
12515,9.067523609861274
12516,9.067523609861274
12517,9.067523609861274
12518,9.067523609861274
12519,9.067523609861274
12520,9.067523609861274
12521,9.067523609861274
12522,9.067523609861274
12523,9.067523609861274
12524,9.067523609861274
12525,9.067523609861274
12526,9.067523609861274
12527,9.067523609861274
12528,9.067523609861274
12529,9.067523609861274
12530,9.067523609861274
12531,9.067523609861274
12532,9.067523609861274
12533,9.067523609861274
12534,9.067523609861274
12535,9.067523609861274
12536,9.067523609861274
12537,9.067523609861274
12538,9.067523609861274
12539,9.067523609861274
12540,9.067523609861274
12541,9.067523609861274
12542,9.067523609861274
12543,9.067523609861274
12544,9.067523609861274
12545,9.067523609861274
12546,9.067523609861274
12547,9.067523609861274
12548,9.067523609861274
12549,9.067523609861274
12550,9.067523609861274
12551,9.067523609861274
12552,9.067523609861274
12553,9.067523609861274
12554,9.067523609861274
12555,9.067523609861274
12556,9.067523609861274
12557,9.067523609861274
12558,9.067523609861274
12559,9.067523609861274
12560,9.067523609861274
12561,9.067523609861274
12562,9.067523609861274
12563,9.067523609861274
12564,9.067523609861274
12565,9.067523609861274
12566,9.067523609861274
12567,9.067523609861274
12568,9.067523609861274
12569,9.067523609861274
12570,9.067523609861274
12571,9.067523609861274
12572,9.067523609861274
12573,9.067523609861274
12574,9.067523609861274
12575,9.067523609861274
12576,9.067523609861274
12577,9.067523609861274
12578,9.067523609861274
12579,9.067523609861274
12580,9.067523609861274
12581,9.067523609861274
12582,9.067523609861274
12583,9.067523609861274
12584,9.067523609861274
12585,9.067523609861274
12586,9.067523609861274
12587,9.067523609861274
12588,9.067523609861274
12589,9.067523609861274
12590,9.067523609861274
12591,9.067523609861274
12592,9.067523609861274
12593,9.067523609861274
12594,9.067523609861274
12595,9.067523609861274
12596,9.067523609861274
12597,9.067523609861274
12598,9.067523609861274
12599,9.067523609861274
12600,9.067523609861274
12601,9.067523609861274
12602,9.067523609861274
12603,9.067523609861274
12604,9.067523609861274
12605,9.067523609861274
12606,9.067523609861274
12607,9.067523609861274
12608,9.067523609861274
12609,9.067523609861274
12610,9.067523609861274
12611,9.067523609861274
12612,9.067523609861274
12613,9.067523609861274
12614,9.067523609861274
12615,9.067523609861274
12616,9.067523609861274
12617,9.067523609861274
12618,9.067523609861274
12619,9.067523609861274
12620,9.067523609861274
12621,9.067523609861274
12622,9.067523609861274
12623,9.067523609861274
12624,9.067523609861274
12625,9.067523609861274
12626,9.067523609861274
12627,9.067523609861274
12628,9.067523609861274
12629,9.067523609861274
12630,9.067523609861274
12631,9.067523609861274
12632,9.067523609861274
12633,9.067523609861274
12634,9.067523609861274
12635,9.067523609861274
12636,9.067523609861274
12637,9.067523609861274
12638,9.067523609861274
12639,9.067523609861274
12640,9.067523609861274
12641,9.067523609861274
12642,9.067523609861274
12643,9.067523609861274
12644,9.067523609861274
12645,9.067523609861274
12646,9.067523609861274
12647,9.067523609861274
12648,9.067523609861274
12649,9.067523609861274
12650,9.067523609861274
12651,9.067523609861274
12652,9.067523609861274
12653,9.067523609861274
12654,9.067523609861274
12655,9.067523609861274
12656,9.067523609861274
12657,9.067523609861274
12658,9.067523609861274
12659,9.067523609861274
12660,9.067523609861274
12661,9.067523609861274
12662,9.067523609861274
12663,9.067523609861274
12664,9.067523609861274
12665,9.067523609861274
12666,9.067523609861274
12667,9.067523609861274
12668,9.067523609861274
12669,9.067523609861274
12670,9.067523609861274
12671,9.067523609861274
12672,9.067523609861274
12673,9.067523609861274
12674,9.067523609861274
12675,9.067523609861274
12676,9.067523609861274
12677,9.067523609861274
12678,9.067523609861274
12679,9.067523609861274
12680,9.067523609861274
12681,9.067523609861274
12682,9.067523609861274
12683,9.067523609861274
12684,9.067523609861274
12685,9.067523609861274
12686,9.067523609861274
12687,9.067523609861274
12688,9.067523609861274
12689,9.067523609861274
12690,9.067523609861274
12691,9.067523609861274
12692,9.067523609861274
12693,9.067523609861274
12694,9.067523609861274
12695,9.067523609861274
12696,9.067523609861274
12697,9.067523609861274
12698,9.067523609861274
12699,9.067523609861274
12700,9.067523609861274
12701,9.067523609861274
12702,9.067523609861274
12703,9.067523609861274
12704,9.067523609861274
12705,9.067523609861274
12706,9.067523609861274
12707,9.067523609861274
12708,9.067523609861274
12709,9.067523609861274
12710,9.067523609861274
12711,9.067523609861274
12712,9.067523609861274
12713,9.067523609861274
12714,9.067523609861274
12715,9.067523609861274
12716,9.067523609861274
12717,9.067523609861274
12718,9.067523609861274
12719,9.067523609861274
12720,9.067523609861274
12721,9.067523609861274
12722,9.067523609861274
12723,9.067523609861274
12724,9.067523609861274
12725,9.067523609861274
12726,9.067523609861274
12727,9.067523609861274
12728,9.067523609861274
12729,9.067523609861274
12730,9.067523609861274
12731,9.067523609861274
12732,9.067523609861274
12733,9.067523609861274
12734,9.067523609861274
12735,9.067523609861274
12736,9.067523609861274
12737,9.067523609861274
12738,9.067523609861274
12739,9.067523609861274
12740,9.067523609861274
12741,9.067523609861274
12742,9.067523609861274
12743,9.067523609861274
12744,9.067523609861274
12745,9.067523609861274
12746,9.067523609861274
12747,9.067523609861274
12748,9.067523609861274
12749,9.067523609861274
12750,9.067523609861274
12751,9.067523609861274
12752,9.067523609861274
12753,9.067523609861274
12754,9.067523609861274
12755,9.067523609861274
12756,9.067523609861274
12757,9.067523609861274
12758,9.067523609861274
12759,9.067523609861274
12760,9.067523609861274
12761,9.067523609861274
12762,9.067523609861274
12763,9.067523609861274
12764,9.067523609861274
12765,9.067523609861274
12766,9.067523609861274
12767,9.067523609861274
12768,9.067523609861274
12769,9.067523609861274
12770,9.067523609861274
12771,9.067523609861274
12772,9.067523609861274
12773,9.067523609861274
12774,9.067523609861274
12775,9.067523609861274
12776,9.067523609861274
12777,9.067523609861274
12778,9.067523609861274
12779,9.067523609861274
12780,9.067523609861274
12781,9.067523609861274
12782,9.067523609861274
12783,9.067523609861274
12784,9.067523609861274
12785,9.067523609861274
12786,9.067523609861274
12787,9.067523609861274
12788,9.067523609861274
12789,9.067523609861274
12790,9.067523609861274
12791,9.067523609861274
12792,9.067523609861274
12793,9.067523609861274
12794,9.067523609861274
12795,9.067523609861274
12796,9.067523609861274
12797,9.067523609861274
12798,9.067523609861274
12799,9.067523609861274
12800,9.067523609861274
12801,9.067523609861274
12802,9.067523609861274
12803,9.067523609861274
12804,9.067523609861274
12805,9.067523609861274
12806,9.067523609861274
12807,9.067523609861274
12808,9.067523609861274
12809,9.067523609861274
12810,9.067523609861274
12811,9.067523609861274
12812,9.067523609861274
12813,9.067523609861274
12814,9.067523609861274
12815,9.067523609861274
12816,9.067523609861274
12817,9.067523609861274
12818,9.067523609861274
12819,9.067523609861274
12820,9.067523609861274
12821,9.067523609861274
12822,9.067523609861274
12823,9.067523609861274
12824,9.067523609861274
12825,9.067523609861274
12826,9.067523609861274
12827,9.067523609861274
12828,9.067523609861274
12829,9.067523609861274
12830,9.067523609861274
12831,9.067523609861274
12832,9.067523609861274
12833,9.067523609861274
12834,9.067523609861274
12835,9.067523609861274
12836,9.067523609861274
12837,9.067523609861274
12838,9.067523609861274
12839,9.067523609861274
12840,9.067523609861274
12841,9.067523609861274
12842,9.067523609861274
12843,9.067523609861274
12844,9.067523609861274
12845,9.067523609861274
12846,9.067523609861274
12847,9.067523609861274
12848,9.067523609861274
12849,9.067523609861274
12850,9.067523609861274
12851,9.067523609861274
12852,9.067523609861274
12853,9.067523609861274
12854,9.067523609861274
12855,9.067523609861274
12856,9.067523609861274
12857,9.067523609861274
12858,9.067523609861274
12859,9.067523609861274
12860,9.067523609861274
12861,9.067523609861274
12862,9.067523609861274
12863,9.067523609861274
12864,9.067523609861274
12865,9.067523609861274
12866,9.067523609861274
12867,9.067523609861274
12868,9.067523609861274
12869,9.067523609861274
12870,9.067523609861274
12871,9.067523609861274
12872,9.067523609861274
12873,9.067523609861274
12874,9.067523609861274
12875,9.067523609861274
12876,9.067523609861274
12877,9.067523609861274
12878,9.067523609861274
12879,9.067523609861274
12880,9.067523609861274
12881,9.067523609861274
12882,9.067523609861274
12883,9.067523609861274
12884,9.067523609861274
12885,9.067523609861274
12886,9.067523609861274
12887,9.067523609861274
12888,9.067523609861274
12889,9.067523609861274
12890,9.067523609861274
12891,9.067523609861274
12892,9.067523609861274
12893,9.067523609861274
12894,9.067523609861274
12895,9.067523609861274
12896,9.067523609861274
12897,9.067523609861274
12898,9.067523609861274
12899,9.067523609861274
12900,9.067523609861274
12901,9.067523609861274
12902,9.067523609861274
12903,9.067523609861274
12904,9.067523609861274
12905,9.067523609861274
12906,9.067523609861274
12907,9.067523609861274
12908,9.067523609861274
12909,9.067523609861274
12910,9.067523609861274
12911,9.067523609861274
12912,9.067523609861274
12913,9.067523609861274
12914,9.067523609861274
12915,9.067523609861274
12916,9.067523609861274
12917,9.067523609861274
12918,9.067523609861274
12919,9.067523609861274
12920,9.067523609861274
12921,9.067523609861274
12922,9.067523609861274
12923,9.067523609861274
12924,9.067523609861274
12925,9.067523609861274
12926,9.067523609861274
12927,9.067523609861274
12928,9.067523609861274
12929,9.067523609861274
12930,9.067523609861274
12931,9.067523609861274
12932,9.067523609861274
12933,9.067523609861274
12934,9.067523609861274
12935,9.067523609861274
12936,9.067523609861274
12937,9.067523609861274
12938,9.067523609861274
12939,9.067523609861274
12940,9.067523609861274
12941,9.067523609861274
12942,9.067523609861274
12943,9.067523609861274
12944,9.067523609861274
12945,9.067523609861274
12946,9.067523609861274
12947,9.067523609861274
12948,9.067523609861274
12949,9.067523609861274
12950,9.067523609861274
12951,9.067523609861274
12952,9.067523609861274
12953,9.067523609861274
12954,9.067523609861274
12955,9.067523609861274
12956,9.067523609861274
12957,9.067523609861274
12958,9.067523609861274
12959,9.067523609861274
12960,9.067523609861274
12961,9.067523609861274
12962,9.067523609861274
12963,9.067523609861274
12964,9.067523609861274
12965,9.067523609861274
12966,9.067523609861274
12967,9.067523609861274
12968,9.067523609861274
12969,9.067523609861274
12970,9.067523609861274
12971,9.067523609861274
12972,9.067523609861274
12973,9.067523609861274
12974,9.067523609861274
12975,9.067523609861274
12976,9.067523609861274
12977,9.067523609861274
12978,9.067523609861274
12979,9.067523609861274
12980,9.067523609861274
12981,9.067523609861274
12982,9.067523609861274
12983,9.067523609861274
12984,9.067523609861274
12985,9.067523609861274
12986,9.067523609861274
12987,9.067523609861274
12988,9.067523609861274
12989,9.067523609861274
12990,9.067523609861274
12991,9.067523609861274
12992,9.067523609861274
12993,9.067523609861274
12994,9.067523609861274
12995,9.067523609861274
12996,9.067523609861274
12997,9.067523609861274
12998,9.067523609861274
12999,9.067523609861274
13000,9.067523609861274
13001,9.067523609861274
13002,9.067523609861274
13003,9.067523609861274
13004,9.067523609861274
13005,9.067523609861274
13006,9.067523609861274
13007,9.067523609861274
13008,9.067523609861274
13009,9.067523609861274
13010,9.067523609861274
13011,9.067523609861274
13012,9.067523609861274
13013,9.067523609861274
13014,9.067523609861274
13015,9.067523609861274
13016,9.067523609861274
13017,9.067523609861274
13018,9.067523609861274
13019,9.067523609861274
13020,9.067523609861274
13021,9.067523609861274
13022,9.067523609861274
13023,9.067523609861274
13024,9.067523609861274
13025,9.067523609861274
13026,9.067523609861274
13027,9.067523609861274
13028,9.067523609861274
13029,9.067523609861274
13030,9.067523609861274
13031,9.067523609861274
13032,9.067523609861274
13033,9.067523609861274
13034,9.067523609861274
13035,9.067523609861274
13036,9.067523609861274
13037,9.067523609861274
13038,9.067523609861274
13039,9.067523609861274
13040,9.067523609861274
13041,9.067523609861274
13042,9.067523609861274
13043,9.067523609861274
13044,9.067523609861274
13045,9.067523609861274
13046,9.067523609861274
13047,9.067523609861274
13048,9.067523609861274
13049,9.067523609861274
13050,9.067523609861274
13051,9.067523609861274
13052,9.067523609861274
13053,9.067523609861274
13054,9.067523609861274
13055,9.067523609861274
13056,9.067523609861274
13057,9.067523609861274
13058,9.067523609861274
13059,9.067523609861274
13060,9.067523609861274
13061,9.067523609861274
13062,9.067523609861274
13063,9.067523609861274
13064,9.067523609861274
13065,9.067523609861274
13066,9.067523609861274
13067,9.067523609861274
13068,9.067523609861274
13069,9.067523609861274
13070,9.067523609861274
13071,9.067523609861274
13072,9.067523609861274
13073,9.067523609861274
13074,9.067523609861274
13075,9.067523609861274
13076,9.067523609861274
13077,9.067523609861274
13078,9.067523609861274
13079,9.067523609861274
13080,9.067523609861274
13081,9.067523609861274
13082,9.067523609861274
13083,9.067523609861274
13084,9.067523609861274
13085,9.067523609861274
13086,9.067523609861274
13087,9.067523609861274
13088,9.067523609861274
13089,9.067523609861274
13090,9.067523609861274
13091,9.067523609861274
13092,9.067523609861274
13093,9.067523609861274
13094,9.067523609861274
13095,9.067523609861274
13096,9.067523609861274
13097,9.067523609861274
13098,9.067523609861274
13099,9.067523609861274
13100,9.067523609861274
13101,9.067523609861274
13102,9.067523609861274
13103,9.067523609861274
13104,9.067523609861274
13105,9.067523609861274
13106,9.067523609861274
13107,9.067523609861274
13108,9.067523609861274
13109,9.067523609861274
13110,9.067523609861274
13111,9.067523609861274
13112,9.067523609861274
13113,9.067523609861274
13114,9.067523609861274
13115,9.067523609861274
13116,9.067523609861274
13117,9.067523609861274
13118,9.067523609861274
13119,9.067523609861274
13120,9.067523609861274
13121,9.067523609861274
13122,9.067523609861274
13123,9.067523609861274
13124,9.067523609861274
13125,9.067523609861274
13126,9.067523609861274
13127,9.067523609861274
13128,9.067523609861274
13129,9.067523609861274
13130,9.067523609861274
13131,9.067523609861274
13132,9.067523609861274
13133,9.067523609861274
13134,9.067523609861274
13135,9.067523609861274
13136,9.067523609861274
13137,9.067523609861274
13138,9.067523609861274
13139,9.067523609861274
13140,9.067523609861274
13141,9.067523609861274
13142,9.067523609861274
13143,9.067523609861274
13144,9.067523609861274
13145,9.067523609861274
13146,9.067523609861274
13147,9.067523609861274
13148,9.067523609861274
13149,9.067523609861274
13150,9.067523609861274
13151,9.067523609861274
13152,9.067523609861274
13153,9.067523609861274
13154,9.067523609861274
13155,9.067523609861274
13156,9.067523609861274
13157,9.067523609861274
13158,9.067523609861274
13159,9.067523609861274
13160,9.067523609861274
13161,9.067523609861274
13162,9.067523609861274
13163,9.067523609861274
13164,9.067523609861274
13165,9.067523609861274
13166,9.067523609861274
13167,9.067523609861274
13168,9.067523609861274
13169,9.067523609861274
13170,9.067523609861274
13171,9.067523609861274
13172,9.067523609861274
13173,9.067523609861274
13174,9.067523609861274
13175,9.067523609861274
13176,9.067523609861274
13177,9.067523609861274
13178,9.067523609861274
13179,9.067523609861274
13180,9.067523609861274
13181,9.067523609861274
13182,9.067523609861274
13183,9.067523609861274
13184,9.067523609861274
13185,9.067523609861274
13186,9.067523609861274
13187,9.067523609861274
13188,9.067523609861274
13189,9.067523609861274
13190,9.067523609861274
13191,9.067523609861274
13192,9.067523609861274
13193,9.067523609861274
13194,9.067523609861274
13195,9.067523609861274
13196,9.067523609861274
13197,9.067523609861274
13198,9.067523609861274
13199,9.067523609861274
13200,9.067523609861274
13201,9.067523609861274
13202,9.067523609861274
13203,9.067523609861274
13204,9.067523609861274
13205,9.067523609861274
13206,9.067523609861274
13207,9.067523609861274
13208,9.067523609861274
13209,9.067523609861274
13210,9.067523609861274
13211,9.067523609861274
13212,9.067523609861274
13213,9.067523609861274
13214,9.067523609861274
13215,9.067523609861274
13216,9.067523609861274
13217,9.067523609861274
13218,9.067523609861274
13219,9.067523609861274
13220,9.067523609861274
13221,9.067523609861274
13222,9.067523609861274
13223,9.067523609861274
13224,9.067523609861274
13225,9.067523609861274
13226,9.067523609861274
13227,9.067523609861274
13228,9.067523609861274
13229,9.067523609861274
13230,9.067523609861274
13231,9.067523609861274
13232,9.067523609861274
13233,9.067523609861274
13234,9.067523609861274
13235,9.067523609861274
13236,9.067523609861274
13237,9.067523609861274
13238,9.067523609861274
13239,9.067523609861274
13240,9.067523609861274
13241,9.067523609861274
13242,9.067523609861274
13243,9.067523609861274
13244,9.067523609861274
13245,9.067523609861274
13246,9.067523609861274
13247,9.067523609861274
13248,9.067523609861274
13249,9.067523609861274
13250,9.067523609861274
13251,9.067523609861274
13252,9.067523609861274
13253,9.067523609861274
13254,9.067523609861274
13255,9.067523609861274
13256,9.067523609861274
13257,9.067523609861274
13258,9.067523609861274
13259,9.067523609861274
13260,9.067523609861274
13261,9.067523609861274
13262,9.067523609861274
13263,9.067523609861274
13264,9.067523609861274
13265,9.067523609861274
13266,9.067523609861274
13267,9.067523609861274
13268,9.067523609861274
13269,9.067523609861274
13270,9.067523609861274
13271,9.067523609861274
13272,9.067523609861274
13273,9.067523609861274
13274,9.067523609861274
13275,9.067523609861274
13276,9.067523609861274
13277,9.067523609861274
13278,9.067523609861274
13279,9.067523609861274
13280,9.067523609861274
13281,9.067523609861274
13282,9.067523609861274
13283,9.067523609861274
13284,9.067523609861274
13285,9.067523609861274
13286,9.067523609861274
13287,9.067523609861274
13288,9.067523609861274
13289,9.067523609861274
13290,9.067523609861274
13291,9.067523609861274
13292,9.067523609861274
13293,9.067523609861274
13294,9.067523609861274
13295,9.067523609861274
13296,9.067523609861274
13297,9.067523609861274
13298,9.067523609861274
13299,9.067523609861274
13300,9.067523609861274
13301,9.067523609861274
13302,9.067523609861274
13303,9.067523609861274
13304,9.067523609861274
13305,9.067523609861274
13306,9.067523609861274
13307,9.067523609861274
13308,9.067523609861274
13309,9.067523609861274
13310,9.067523609861274
13311,9.067523609861274
13312,9.067523609861274
13313,9.067523609861274
13314,9.067523609861274
13315,9.067523609861274
13316,9.067523609861274
13317,9.067523609861274
13318,9.067523609861274
13319,9.067523609861274
13320,9.067523609861274
13321,9.067523609861274
13322,9.067523609861274
13323,9.067523609861274
13324,9.067523609861274
13325,9.067523609861274
13326,9.067523609861274
13327,9.067523609861274
13328,9.067523609861274
13329,9.067523609861274
13330,9.067523609861274
13331,9.067523609861274
13332,9.067523609861274
13333,9.067523609861274
13334,9.067523609861274
13335,9.067523609861274
13336,9.067523609861274
13337,9.067523609861274
13338,9.067523609861274
13339,9.067523609861274
13340,9.067523609861274
13341,9.067523609861274
13342,9.067523609861274
13343,9.067523609861274
13344,9.067523609861274
13345,9.067523609861274
13346,9.067523609861274
13347,9.067523609861274
13348,9.067523609861274
13349,9.067523609861274
13350,9.067523609861274
13351,9.067523609861274
13352,9.067523609861274
13353,9.067523609861274
13354,9.067523609861274
13355,9.067523609861274
13356,9.067523609861274
13357,9.067523609861274
13358,9.067523609861274
13359,9.067523609861274
13360,9.067523609861274
13361,9.067523609861274
13362,9.067523609861274
13363,9.067523609861274
13364,9.067523609861274
13365,9.067523609861274
13366,9.067523609861274
13367,9.067523609861274
13368,9.067523609861274
13369,9.067523609861274
13370,9.067523609861274
13371,9.067523609861274
13372,9.067523609861274
13373,9.067523609861274
13374,9.067523609861274
13375,9.067523609861274
13376,9.067523609861274
13377,9.067523609861274
13378,9.067523609861274
13379,9.067523609861274
13380,9.067523609861274
13381,9.067523609861274
13382,9.067523609861274
13383,9.067523609861274
13384,9.067523609861274
13385,9.067523609861274
13386,9.067523609861274
13387,9.067523609861274
13388,9.067523609861274
13389,9.067523609861274
13390,9.067523609861274
13391,9.067523609861274
13392,9.067523609861274
13393,9.067523609861274
13394,9.067523609861274
13395,9.067523609861274
13396,9.067523609861274
13397,9.067523609861274
13398,9.067523609861274
13399,9.067523609861274
13400,9.067523609861274
13401,9.067523609861274
13402,9.067523609861274
13403,9.067523609861274
13404,9.067523609861274
13405,9.067523609861274
13406,9.067523609861274
13407,9.067523609861274
13408,9.067523609861274
13409,9.067523609861274
13410,9.067523609861274
13411,9.067523609861274
13412,9.067523609861274
13413,9.067523609861274
13414,9.067523609861274
13415,9.067523609861274
13416,9.067523609861274
13417,9.067523609861274
13418,9.067523609861274
13419,9.067523609861274
13420,9.067523609861274
13421,9.067523609861274
13422,9.067523609861274
13423,9.067523609861274
13424,9.067523609861274
13425,9.067523609861274
13426,9.067523609861274
13427,9.067523609861274
13428,9.067523609861274
13429,9.067523609861274
13430,9.067523609861274
13431,9.067523609861274
13432,9.067523609861274
13433,9.067523609861274
13434,9.067523609861274
13435,9.067523609861274
13436,9.067523609861274
13437,9.067523609861274
13438,9.067523609861274
13439,9.067523609861274
13440,9.067523609861274
13441,9.067523609861274
13442,9.067523609861274
13443,9.067523609861274
13444,9.067523609861274
13445,9.067523609861274
13446,9.067523609861274
13447,9.067523609861274
13448,9.067523609861274
13449,9.067523609861274
13450,9.067523609861274
13451,9.067523609861274
13452,9.067523609861274
13453,9.067523609861274
13454,9.067523609861274
13455,9.067523609861274
13456,9.067523609861274
13457,9.067523609861274
13458,9.067523609861274
13459,9.067523609861274
13460,9.067523609861274
13461,9.067523609861274
13462,9.067523609861274
13463,9.067523609861274
13464,9.067523609861274
13465,9.067523609861274
13466,9.067523609861274
13467,9.067523609861274
13468,9.067523609861274
13469,9.067523609861274
13470,9.067523609861274
13471,9.067523609861274
13472,9.067523609861274
13473,9.067523609861274
13474,9.067523609861274
13475,9.067523609861274
13476,9.067523609861274
13477,9.067523609861274
13478,9.067523609861274
13479,9.067523609861274
13480,9.067523609861274
13481,9.067523609861274
13482,9.067523609861274
13483,9.067523609861274
13484,9.067523609861274
13485,9.067523609861274
13486,9.067523609861274
13487,9.067523609861274
13488,9.067523609861274
13489,9.067523609861274
13490,9.067523609861274
13491,9.067523609861274
13492,9.067523609861274
13493,9.067523609861274
13494,9.067523609861274
13495,9.067523609861274
13496,9.067523609861274
13497,9.067523609861274
13498,9.067523609861274
13499,9.067523609861274
13500,9.067523609861274
13501,9.067523609861274
13502,9.067523609861274
13503,9.067523609861274
13504,9.067523609861274
13505,9.067523609861274
13506,9.067523609861274
13507,9.067523609861274
13508,9.067523609861274
13509,9.067523609861274
13510,9.067523609861274
13511,9.067523609861274
13512,9.067523609861274
13513,9.067523609861274
13514,9.067523609861274
13515,9.067523609861274
13516,9.067523609861274
13517,9.067523609861274
13518,9.067523609861274
13519,9.067523609861274
13520,9.067523609861274
13521,9.067523609861274
13522,9.067523609861274
13523,9.067523609861274
13524,9.067523609861274
13525,9.067523609861274
13526,9.067523609861274
13527,9.067523609861274
13528,9.067523609861274
13529,9.067523609861274
13530,9.067523609861274
13531,9.067523609861274
13532,9.067523609861274
13533,9.067523609861274
13534,9.067523609861274
13535,9.067523609861274
13536,9.067523609861274
13537,9.067523609861274
13538,9.067523609861274
13539,9.067523609861274
13540,9.067523609861274
13541,9.067523609861274
13542,9.067523609861274
13543,9.067523609861274
13544,9.067523609861274
13545,9.067523609861274
13546,9.067523609861274
13547,9.067523609861274
13548,9.067523609861274
13549,9.067523609861274
13550,9.067523609861274
13551,9.067523609861274
13552,9.067523609861274
13553,9.067523609861274
13554,9.067523609861274
13555,9.067523609861274
13556,9.067523609861274
13557,9.067523609861274
13558,9.067523609861274
13559,9.067523609861274
13560,9.067523609861274
13561,9.067523609861274
13562,9.067523609861274
13563,9.067523609861274
13564,9.067523609861274
13565,9.067523609861274
13566,9.067523609861274
13567,9.067523609861274
13568,9.067523609861274
13569,9.067523609861274
13570,9.067523609861274
13571,9.067523609861274
13572,9.067523609861274
13573,9.067523609861274
13574,9.067523609861274
13575,9.067523609861274
13576,9.067523609861274
13577,9.067523609861274
13578,9.067523609861274
13579,9.067523609861274
13580,9.067523609861274
13581,9.067523609861274
13582,9.067523609861274
13583,9.067523609861274
13584,9.067523609861274
13585,9.067523609861274
13586,9.067523609861274
13587,9.067523609861274
13588,9.067523609861274
13589,9.067523609861274
13590,9.067523609861274
13591,9.067523609861274
13592,9.067523609861274
13593,9.067523609861274
13594,9.067523609861274
13595,9.067523609861274
13596,9.067523609861274
13597,9.067523609861274
13598,9.067523609861274
13599,9.067523609861274
13600,9.067523609861274
13601,9.067523609861274
13602,9.067523609861274
13603,9.067523609861274
13604,9.067523609861274
13605,9.067523609861274
13606,9.067523609861274
13607,9.067523609861274
13608,9.067523609861274
13609,9.067523609861274
13610,9.067523609861274
13611,9.067523609861274
13612,8.722373218690826
13613,8.722373218690826
13614,8.722373218690826
13615,8.722373218690826
13616,8.722373218690826
13617,8.722373218690826
13618,8.722373218690826
13619,8.722373218690826
13620,8.722373218690826
13621,8.722373218690826
13622,8.722373218690826
13623,8.722373218690826
13624,8.722373218690826
13625,8.722373218690826
13626,8.722373218690826
13627,8.722373218690826
13628,8.722373218690826
13629,8.722373218690826
13630,8.722373218690826
13631,8.722373218690826
13632,8.722373218690826
13633,8.722373218690826
13634,8.722373218690826
13635,8.722373218690826
13636,8.722373218690826
13637,8.722373218690826
13638,8.722373218690826
13639,8.722373218690826
13640,8.722373218690826
13641,8.722373218690826
13642,8.722373218690826
13643,8.722373218690826
13644,8.722373218690826
13645,8.722373218690826
13646,8.722373218690826
13647,8.722373218690826
13648,8.722373218690826
13649,8.722373218690826
13650,8.722373218690826
13651,8.722373218690826
13652,8.722373218690826
13653,8.722373218690826
13654,8.722373218690826
13655,8.722373218690826
13656,8.722373218690826
13657,8.722373218690826
13658,8.722373218690826
13659,8.722373218690826
13660,8.722373218690826
13661,8.722373218690826
13662,8.722373218690826
13663,8.722373218690826
13664,8.722373218690826
13665,8.722373218690826
13666,8.722373218690826
13667,8.722373218690826
13668,8.722373218690826
13669,8.722373218690826
13670,8.722373218690826
13671,8.722373218690826
13672,8.722373218690826
13673,8.722373218690826
13674,8.722373218690826
13675,8.722373218690826
13676,8.722373218690826
13677,8.722373218690826
13678,8.722373218690826
13679,8.722373218690826
13680,8.722373218690826
13681,8.722373218690826
13682,8.722373218690826
13683,8.722373218690826
13684,8.722373218690826
13685,8.722373218690826
13686,8.722373218690826
13687,8.722373218690826
13688,8.722373218690826
13689,8.722373218690826
13690,8.722373218690826
13691,8.722373218690826
13692,8.722373218690826
13693,8.722373218690826
13694,8.722373218690826
13695,8.722373218690826
13696,8.722373218690826
13697,8.722373218690826
13698,8.722373218690826
13699,8.722373218690826
13700,8.722373218690826
13701,8.722373218690826
13702,8.722373218690826
13703,8.722373218690826
13704,8.722373218690826
13705,8.722373218690826
13706,8.722373218690826
13707,8.722373218690826
13708,8.722373218690826
13709,8.722373218690826
13710,8.722373218690826
13711,8.722373218690826
13712,8.722373218690826
13713,8.722373218690826
13714,8.722373218690826
13715,8.722373218690826
13716,8.722373218690826
13717,8.722373218690826
13718,8.722373218690826
13719,8.722373218690826
13720,8.722373218690826
13721,8.722373218690826
13722,8.722373218690826
13723,8.722373218690826
13724,8.722373218690826
13725,8.722373218690826
13726,8.722373218690826
13727,8.722373218690826
13728,8.722373218690826
13729,8.722373218690826
13730,8.722373218690826
13731,8.722373218690826
13732,8.722373218690826
13733,8.722373218690826
13734,8.722373218690826
13735,8.722373218690826
13736,8.722373218690826
13737,8.722373218690826
13738,8.722373218690826
13739,8.722373218690826
13740,8.722373218690826
13741,8.722373218690826
13742,8.722373218690826
13743,8.722373218690826
13744,8.722373218690826
13745,8.722373218690826
13746,8.722373218690826
13747,8.722373218690826
13748,8.722373218690826
13749,8.722373218690826
13750,8.722373218690826
13751,8.722373218690826
13752,8.722373218690826
13753,8.722373218690826
13754,8.722373218690826
13755,8.722373218690826
13756,8.722373218690826
13757,8.722373218690826
13758,8.722373218690826
13759,8.722373218690826
13760,8.722373218690826
13761,8.722373218690826
13762,8.722373218690826
13763,8.722373218690826
13764,8.722373218690826
13765,8.722373218690826
13766,8.722373218690826
13767,8.722373218690826
13768,8.722373218690826
13769,8.722373218690826
13770,8.722373218690826
13771,8.722373218690826
13772,8.722373218690826
13773,8.722373218690826
13774,8.722373218690826
13775,8.722373218690826
13776,8.722373218690826
13777,8.722373218690826
13778,8.722373218690826
13779,8.722373218690826
13780,8.722373218690826
13781,8.722373218690826
13782,8.722373218690826
13783,8.722373218690826
13784,8.722373218690826
13785,8.722373218690826
13786,8.722373218690826
13787,8.722373218690826
13788,8.722373218690826
13789,8.722373218690826
13790,8.722373218690826
13791,8.722373218690826
13792,8.722373218690826
13793,8.722373218690826
13794,8.722373218690826
13795,8.722373218690826
13796,8.722373218690826
13797,8.722373218690826
13798,8.722373218690826
13799,8.722373218690826
13800,8.722373218690826
13801,8.722373218690826
13802,8.722373218690826
13803,8.722373218690826
13804,8.722373218690826
13805,8.722373218690826
13806,8.722373218690826
13807,8.722373218690826
13808,8.722373218690826
13809,8.722373218690826
13810,8.722373218690826
13811,8.722373218690826
13812,8.722373218690826
13813,5.96117008932725
13814,5.96117008932725
13815,5.96117008932725
13816,5.96117008932725
13817,5.96117008932725
13818,5.96117008932725
13819,5.96117008932725
13820,5.96117008932725
13821,5.96117008932725
13822,5.96117008932725
13823,5.96117008932725
13824,5.96117008932725
13825,5.96117008932725
13826,5.96117008932725
13827,5.96117008932725
13828,5.96117008932725
13829,5.96117008932725
13830,5.96117008932725
13831,5.96117008932725
13832,5.96117008932725
13833,5.96117008932725
13834,5.96117008932725
13835,5.96117008932725
13836,5.96117008932725
13837,5.96117008932725
13838,5.96117008932725
13839,5.96117008932725
13840,5.96117008932725
13841,5.96117008932725
13842,5.96117008932725
13843,5.96117008932725
13844,5.96117008932725
13845,5.96117008932725
13846,5.96117008932725
13847,5.96117008932725
13848,5.96117008932725
13849,5.96117008932725
13850,5.96117008932725
13851,5.96117008932725
13852,5.96117008932725
13853,5.96117008932725
13854,5.96117008932725
13855,5.96117008932725
13856,5.96117008932725
13857,5.96117008932725
13858,5.96117008932725
13859,5.96117008932725
13860,5.96117008932725
13861,5.96117008932725
13862,5.96117008932725
13863,5.96117008932725
13864,5.96117008932725
13865,5.96117008932725
13866,5.96117008932725
13867,5.96117008932725
13868,5.96117008932725
13869,5.96117008932725
13870,5.96117008932725
13871,5.96117008932725
13872,5.96117008932725
13873,5.96117008932725
13874,5.96117008932725
13875,5.96117008932725
13876,5.96117008932725
13877,5.96117008932725
13878,5.96117008932725
13879,5.96117008932725
13880,5.96117008932725
13881,5.96117008932725
13882,5.96117008932725
13883,5.96117008932725
13884,5.96117008932725
13885,5.96117008932725
13886,5.96117008932725
13887,5.96117008932725
13888,5.96117008932725
13889,5.96117008932725
13890,5.96117008932725
13891,5.96117008932725
13892,5.96117008932725
13893,5.96117008932725
13894,5.96117008932725
13895,5.96117008932725
13896,5.96117008932725
13897,5.96117008932725
13898,5.96117008932725
13899,5.96117008932725
13900,5.96117008932725
13901,5.96117008932725
13902,5.96117008932725
13903,5.96117008932725
13904,5.96117008932725
13905,5.96117008932725
13906,5.96117008932725
13907,5.96117008932725
13908,5.96117008932725
13909,5.96117008932725
13910,5.96117008932725
13911,5.96117008932725
13912,5.96117008932725
13913,5.96117008932725
13914,5.96117008932725
13915,5.96117008932725
13916,5.96117008932725
13917,5.96117008932725
13918,5.96117008932725
13919,5.96117008932725
13920,5.96117008932725
13921,5.96117008932725
13922,5.96117008932725
13923,5.96117008932725
13924,5.96117008932725
13925,5.96117008932725
13926,5.96117008932725
13927,5.96117008932725
13928,5.96117008932725
13929,5.96117008932725
13930,5.96117008932725
13931,5.96117008932725
13932,5.96117008932725
13933,5.96117008932725
13934,5.96117008932725
13935,5.96117008932725
13936,5.96117008932725
13937,5.96117008932725
13938,5.96117008932725
13939,5.96117008932725
13940,5.96117008932725
13941,5.96117008932725
13942,5.96117008932725
13943,5.96117008932725
13944,5.96117008932725
13945,5.96117008932725
13946,5.96117008932725
13947,5.96117008932725
13948,5.96117008932725
13949,5.96117008932725
13950,5.96117008932725
13951,5.96117008932725
13952,5.96117008932725
13953,5.96117008932725
13954,5.96117008932725
13955,5.96117008932725
13956,5.96117008932725
13957,5.96117008932725
13958,5.96117008932725
13959,5.96117008932725
13960,5.96117008932725
13961,5.96117008932725
13962,5.96117008932725
13963,5.96117008932725
13964,5.96117008932725
13965,5.96117008932725
13966,5.96117008932725
13967,5.96117008932725
13968,5.96117008932725
13969,5.96117008932725
13970,5.96117008932725
13971,5.96117008932725
13972,5.96117008932725
13973,5.96117008932725
13974,5.96117008932725
13975,5.96117008932725
13976,5.96117008932725
13977,5.96117008932725
13978,5.96117008932725
13979,5.96117008932725
13980,5.96117008932725
13981,5.96117008932725
13982,5.96117008932725
13983,5.96117008932725
13984,5.96117008932725
13985,5.96117008932725
13986,5.96117008932725
13987,5.96117008932725
13988,5.96117008932725
13989,5.96117008932725
13990,5.96117008932725
13991,5.96117008932725
13992,5.96117008932725
13993,5.96117008932725
13994,5.96117008932725
13995,5.96117008932725
13996,5.96117008932725
13997,5.96117008932725
13998,5.96117008932725
13999,5.96117008932725
14000,5.96117008932725
14001,5.96117008932725
14002,5.96117008932725
14003,5.96117008932725
14004,5.96117008932725
14005,5.96117008932725
14006,5.96117008932725
14007,5.96117008932725
14008,5.96117008932725
14009,5.96117008932725
14010,5.96117008932725
14011,5.96117008932725
14012,5.96117008932725
14013,5.96117008932725
14014,5.96117008932725
14015,5.96117008932725
14016,5.96117008932725
14017,5.96117008932725
14018,5.96117008932725
14019,5.96117008932725
14020,5.96117008932725
14021,5.96117008932725
14022,5.96117008932725
14023,5.96117008932725
14024,5.96117008932725
14025,5.96117008932725
14026,5.96117008932725
14027,5.96117008932725
14028,5.96117008932725
14029,5.96117008932725
14030,5.96117008932725
14031,5.96117008932725
14032,5.96117008932725
14033,5.96117008932725
14034,5.96117008932725
14035,5.96117008932725
14036,5.96117008932725
14037,5.96117008932725
14038,5.96117008932725
14039,5.96117008932725
14040,5.96117008932725
14041,5.96117008932725
14042,5.96117008932725
14043,5.96117008932725
14044,5.96117008932725
14045,5.96117008932725
14046,5.96117008932725
14047,5.96117008932725
14048,5.96117008932725
14049,5.96117008932725
14050,5.96117008932725
14051,5.96117008932725
14052,5.96117008932725
14053,5.96117008932725
14054,5.96117008932725
14055,5.96117008932725
14056,5.96117008932725
14057,5.96117008932725
14058,5.96117008932725
14059,5.96117008932725
14060,5.96117008932725
14061,5.96117008932725
14062,5.96117008932725
14063,5.96117008932725
14064,5.96117008932725
14065,5.96117008932725
14066,5.96117008932725
14067,5.96117008932725
14068,5.96117008932725
14069,5.96117008932725
14070,5.96117008932725
14071,5.96117008932725
14072,5.96117008932725
14073,5.96117008932725
14074,5.96117008932725
14075,5.96117008932725
14076,5.96117008932725
14077,5.96117008932725
14078,5.96117008932725
14079,5.96117008932725
14080,5.96117008932725
14081,5.96117008932725
14082,5.96117008932725
14083,5.96117008932725
14084,5.96117008932725
14085,5.96117008932725
14086,5.96117008932725
14087,5.96117008932725
14088,5.96117008932725
14089,5.96117008932725
14090,5.96117008932725
14091,5.96117008932725
14092,5.96117008932725
14093,5.96117008932725
14094,5.96117008932725
14095,5.96117008932725
14096,5.96117008932725
14097,5.96117008932725
14098,5.96117008932725
14099,5.96117008932725
14100,5.96117008932725
14101,5.96117008932725
14102,5.96117008932725
14103,5.96117008932725
14104,5.96117008932725
14105,5.96117008932725
14106,5.96117008932725
14107,5.96117008932725
14108,5.96117008932725
14109,5.96117008932725
14110,5.96117008932725
14111,5.96117008932725
14112,5.96117008932725
14113,5.96117008932725
14114,5.96117008932725
14115,5.96117008932725
14116,5.96117008932725
14117,5.96117008932725
14118,5.96117008932725
14119,5.96117008932725
14120,5.96117008932725
14121,5.96117008932725
14122,5.96117008932725
14123,5.96117008932725
14124,5.96117008932725
14125,5.96117008932725
14126,5.96117008932725
14127,5.96117008932725
14128,5.96117008932725
14129,5.96117008932725
14130,5.96117008932725
14131,5.96117008932725
14132,5.96117008932725
14133,5.96117008932725
14134,5.96117008932725
14135,5.96117008932725
14136,5.96117008932725
14137,5.96117008932725
14138,5.96117008932725
14139,5.96117008932725
14140,5.96117008932725
14141,5.96117008932725
14142,5.96117008932725
14143,5.96117008932725
14144,5.96117008932725
14145,5.96117008932725
14146,5.96117008932725
14147,5.96117008932725
14148,5.96117008932725
14149,5.96117008932725
14150,5.96117008932725
14151,5.96117008932725
14152,5.96117008932725
14153,5.96117008932725
14154,5.96117008932725
14155,5.96117008932725
14156,5.96117008932725
14157,5.96117008932725
14158,5.96117008932725
14159,5.96117008932725
14160,5.96117008932725
14161,5.96117008932725
14162,5.96117008932725
14163,5.96117008932725
14164,5.96117008932725
14165,5.96117008932725
14166,5.96117008932725
14167,5.96117008932725
14168,5.96117008932725
14169,5.96117008932725
14170,5.96117008932725
14171,5.96117008932725
14172,5.96117008932725
14173,5.96117008932725
14174,5.96117008932725
14175,5.96117008932725
14176,5.96117008932725
14177,5.96117008932725
14178,5.96117008932725
14179,5.96117008932725
14180,5.96117008932725
14181,5.96117008932725
14182,5.96117008932725
14183,5.96117008932725
14184,5.96117008932725
14185,5.96117008932725
14186,5.96117008932725
14187,5.96117008932725
14188,5.96117008932725
14189,5.96117008932725
14190,5.96117008932725
14191,5.96117008932725
14192,5.96117008932725
14193,5.96117008932725
14194,5.96117008932725
14195,5.96117008932725
14196,5.96117008932725
14197,5.96117008932725
14198,5.96117008932725
14199,5.96117008932725
14200,5.96117008932725
14201,5.96117008932725
14202,5.96117008932725
14203,5.96117008932725
14204,5.96117008932725
14205,5.96117008932725
14206,5.96117008932725
14207,5.96117008932725
14208,5.96117008932725
14209,5.96117008932725
14210,5.96117008932725
14211,5.96117008932725
14212,5.96117008932725
14213,5.96117008932725
14214,5.96117008932725
14215,5.96117008932725
14216,5.96117008932725
14217,5.96117008932725
14218,5.96117008932725
14219,5.96117008932725
14220,5.96117008932725
14221,5.96117008932725
14222,5.96117008932725
14223,5.96117008932725
14224,5.96117008932725
14225,5.96117008932725
14226,5.96117008932725
14227,5.96117008932725
14228,5.96117008932725
14229,5.96117008932725
14230,5.96117008932725
14231,5.96117008932725
14232,5.96117008932725
14233,5.96117008932725
14234,5.96117008932725
14235,5.96117008932725
14236,5.96117008932725
14237,5.96117008932725
14238,5.96117008932725
14239,5.96117008932725
14240,5.96117008932725
14241,5.96117008932725
14242,5.96117008932725
14243,5.96117008932725
14244,5.96117008932725
14245,5.96117008932725
14246,5.96117008932725
14247,5.96117008932725
14248,5.96117008932725
14249,5.96117008932725
14250,5.96117008932725
14251,5.96117008932725
14252,5.96117008932725
14253,5.96117008932725
14254,5.96117008932725
14255,5.96117008932725
14256,5.96117008932725
14257,5.96117008932725
14258,5.96117008932725
14259,5.96117008932725
14260,5.96117008932725
14261,5.96117008932725
14262,5.96117008932725
14263,5.96117008932725
14264,5.96117008932725
14265,5.96117008932725
14266,5.96117008932725
14267,5.96117008932725
14268,5.96117008932725
14269,5.96117008932725
14270,5.96117008932725
14271,5.96117008932725
14272,5.96117008932725
14273,5.96117008932725
14274,5.96117008932725
14275,5.96117008932725
14276,5.96117008932725
14277,5.96117008932725
14278,5.96117008932725
14279,5.96117008932725
14280,5.96117008932725
14281,5.96117008932725
14282,5.96117008932725
14283,5.96117008932725
14284,5.96117008932725
14285,5.96117008932725
14286,5.96117008932725
14287,5.96117008932725
14288,5.96117008932725
14289,5.96117008932725
14290,5.96117008932725
14291,5.96117008932725
14292,5.96117008932725
14293,5.96117008932725
14294,5.96117008932725
14295,5.96117008932725
14296,5.96117008932725
14297,5.96117008932725
14298,5.96117008932725
14299,5.96117008932725
14300,5.96117008932725
14301,5.96117008932725
14302,5.96117008932725
14303,5.96117008932725
14304,5.96117008932725
14305,5.96117008932725
14306,5.96117008932725
14307,5.96117008932725
14308,5.96117008932725
14309,5.96117008932725
14310,5.96117008932725
14311,5.96117008932725
14312,5.96117008932725
14313,5.96117008932725
14314,5.96117008932725
14315,5.96117008932725
14316,5.96117008932725
14317,5.96117008932725
14318,5.96117008932725
14319,5.96117008932725
14320,5.96117008932725
14321,5.96117008932725
14322,5.96117008932725
14323,5.96117008932725
14324,5.96117008932725
14325,5.96117008932725
14326,5.96117008932725
14327,5.96117008932725
14328,5.96117008932725
14329,5.96117008932725
14330,5.96117008932725
14331,5.96117008932725
14332,5.96117008932725
14333,5.96117008932725
14334,5.96117008932725
14335,5.96117008932725
14336,5.96117008932725
14337,5.96117008932725
14338,5.96117008932725
14339,5.96117008932725
14340,5.96117008932725
14341,5.96117008932725
14342,5.96117008932725
14343,5.96117008932725
14344,5.96117008932725
14345,5.96117008932725
14346,5.96117008932725
14347,5.96117008932725
14348,5.96117008932725
14349,5.96117008932725
14350,5.96117008932725
14351,5.96117008932725
14352,5.96117008932725
14353,5.96117008932725
14354,5.96117008932725
14355,5.96117008932725
14356,5.96117008932725
14357,5.96117008932725
14358,5.96117008932725
14359,5.96117008932725
14360,5.96117008932725
14361,5.96117008932725
14362,5.96117008932725
14363,5.96117008932725
14364,5.96117008932725
14365,5.96117008932725
14366,5.96117008932725
14367,5.96117008932725
14368,5.96117008932725
14369,5.96117008932725
14370,5.96117008932725
14371,5.96117008932725
14372,5.96117008932725
14373,5.96117008932725
14374,5.96117008932725
14375,5.96117008932725
14376,5.96117008932725
14377,5.96117008932725
14378,5.96117008932725
14379,5.96117008932725
14380,5.96117008932725
14381,5.96117008932725
14382,5.96117008932725
14383,5.96117008932725
14384,5.96117008932725
14385,5.96117008932725
14386,5.96117008932725
14387,5.96117008932725
14388,5.96117008932725
14389,5.96117008932725
14390,5.96117008932725
14391,5.96117008932725
14392,5.96117008932725
14393,5.96117008932725
14394,5.96117008932725
14395,5.96117008932725
14396,5.96117008932725
14397,5.96117008932725
14398,5.96117008932725
14399,5.96117008932725
14400,5.96117008932725
14401,5.96117008932725
14402,5.96117008932725
14403,5.96117008932725
14404,5.96117008932725
14405,5.96117008932725
14406,5.96117008932725
14407,5.96117008932725
14408,5.96117008932725
14409,5.96117008932725
14410,5.96117008932725
14411,5.96117008932725
14412,5.96117008932725
14413,5.96117008932725
14414,5.96117008932725
14415,5.96117008932725
14416,5.96117008932725
14417,5.96117008932725
14418,5.96117008932725
14419,5.96117008932725
14420,5.96117008932725
14421,5.96117008932725
14422,5.96117008932725
14423,5.96117008932725
14424,5.96117008932725
14425,5.96117008932725
14426,5.96117008932725
14427,5.96117008932725
14428,5.96117008932725
14429,5.96117008932725
14430,5.96117008932725
14431,5.96117008932725
14432,5.96117008932725
14433,5.96117008932725
14434,5.96117008932725
14435,5.96117008932725
14436,5.96117008932725
14437,5.96117008932725
14438,5.96117008932725
14439,5.96117008932725
14440,5.96117008932725
14441,5.96117008932725
14442,5.96117008932725
14443,5.96117008932725
14444,5.96117008932725
14445,5.96117008932725
14446,5.96117008932725
14447,5.96117008932725
14448,5.96117008932725
14449,5.96117008932725
14450,5.96117008932725
14451,5.96117008932725
14452,5.96117008932725
14453,5.96117008932725
14454,5.96117008932725
14455,5.96117008932725
14456,5.96117008932725
14457,5.96117008932725
14458,5.96117008932725
14459,5.96117008932725
14460,5.96117008932725
14461,5.96117008932725
14462,5.96117008932725
14463,5.96117008932725
14464,5.96117008932725
14465,5.96117008932725
14466,5.96117008932725
14467,5.96117008932725
14468,5.96117008932725
14469,5.96117008932725
14470,5.96117008932725
14471,5.96117008932725
14472,5.96117008932725
14473,5.96117008932725
14474,5.96117008932725
14475,5.96117008932725
14476,5.96117008932725
14477,5.96117008932725
14478,5.96117008932725
14479,5.96117008932725
14480,5.96117008932725
14481,5.96117008932725
14482,5.96117008932725
14483,5.96117008932725
14484,5.96117008932725
14485,5.96117008932725
14486,5.96117008932725
14487,5.96117008932725
14488,5.96117008932725
14489,5.96117008932725
14490,5.96117008932725
14491,5.96117008932725
14492,5.96117008932725
14493,5.96117008932725
14494,5.96117008932725
14495,5.96117008932725
14496,5.96117008932725
14497,5.96117008932725
14498,5.96117008932725
14499,5.96117008932725
14500,5.96117008932725
14501,5.96117008932725
14502,5.96117008932725
14503,5.96117008932725
14504,5.96117008932725
14505,5.96117008932725
14506,5.96117008932725
14507,5.96117008932725
14508,5.96117008932725
14509,5.96117008932725
14510,5.96117008932725
14511,5.96117008932725
14512,5.96117008932725
14513,5.96117008932725
14514,5.96117008932725
14515,5.96117008932725
14516,5.96117008932725
14517,5.96117008932725
14518,5.96117008932725
14519,5.96117008932725
14520,5.96117008932725
14521,5.96117008932725
14522,5.96117008932725
14523,5.96117008932725
14524,5.96117008932725
14525,5.96117008932725
14526,5.96117008932725
14527,5.96117008932725
14528,5.96117008932725
14529,5.96117008932725
14530,5.96117008932725
14531,5.96117008932725
14532,5.96117008932725
14533,5.96117008932725
14534,5.96117008932725
14535,5.96117008932725
14536,5.96117008932725
14537,5.96117008932725
14538,5.96117008932725
14539,5.96117008932725
14540,5.96117008932725
14541,5.96117008932725
14542,5.96117008932725
14543,5.96117008932725
14544,5.96117008932725
14545,5.96117008932725
14546,5.96117008932725
14547,5.96117008932725
14548,5.96117008932725
14549,5.96117008932725
14550,5.96117008932725
14551,5.96117008932725
14552,5.96117008932725
14553,5.96117008932725
14554,5.96117008932725
14555,5.96117008932725
14556,5.96117008932725
14557,5.96117008932725
14558,5.96117008932725
14559,5.96117008932725
14560,5.96117008932725
14561,5.96117008932725
14562,5.96117008932725
14563,5.96117008932725
14564,5.96117008932725
14565,5.96117008932725
14566,5.96117008932725
14567,5.96117008932725
14568,5.96117008932725
14569,5.96117008932725
14570,5.96117008932725
14571,5.96117008932725
14572,5.96117008932725
14573,5.96117008932725
14574,5.96117008932725
14575,5.96117008932725
14576,5.96117008932725
14577,5.96117008932725
14578,5.96117008932725
14579,5.96117008932725
14580,5.96117008932725
14581,5.96117008932725
14582,5.96117008932725
14583,5.96117008932725
14584,5.96117008932725
14585,5.96117008932725
14586,5.96117008932725
14587,5.96117008932725
14588,5.96117008932725
14589,5.96117008932725
14590,5.96117008932725
14591,5.96117008932725
14592,5.96117008932725
14593,5.96117008932725
14594,5.96117008932725
14595,5.96117008932725
14596,5.96117008932725
14597,5.96117008932725
14598,5.96117008932725
14599,5.96117008932725
14600,5.96117008932725
14601,5.96117008932725
14602,5.96117008932725
14603,5.96117008932725
14604,5.96117008932725
14605,5.96117008932725
14606,5.96117008932725
14607,5.96117008932725
14608,5.96117008932725
14609,5.96117008932725
14610,5.96117008932725
14611,5.96117008932725
14612,5.96117008932725
14613,5.96117008932725
14614,5.96117008932725
14615,5.96117008932725
14616,5.96117008932725
14617,5.96117008932725
14618,5.96117008932725
14619,5.96117008932725
14620,5.96117008932725
14621,5.96117008932725
14622,5.96117008932725
14623,5.96117008932725
14624,5.96117008932725
14625,5.96117008932725
14626,5.96117008932725
14627,5.96117008932725
14628,5.96117008932725
14629,5.96117008932725
14630,5.96117008932725
14631,5.96117008932725
14632,5.96117008932725
14633,5.96117008932725
14634,5.96117008932725
14635,5.96117008932725
14636,5.96117008932725
14637,5.96117008932725
14638,5.96117008932725
14639,5.96117008932725
14640,5.96117008932725
14641,5.96117008932725
14642,5.96117008932725
14643,5.96117008932725
14644,5.96117008932725
14645,5.96117008932725
14646,5.96117008932725
14647,5.96117008932725
14648,5.96117008932725
14649,5.96117008932725
14650,5.96117008932725
14651,5.96117008932725
14652,5.96117008932725
14653,5.96117008932725
14654,5.96117008932725
14655,5.96117008932725
14656,5.96117008932725
14657,5.96117008932725
14658,5.96117008932725
14659,5.96117008932725
14660,5.96117008932725
14661,5.96117008932725
14662,5.96117008932725
14663,5.96117008932725
14664,5.96117008932725
14665,5.96117008932725
14666,5.96117008932725
14667,5.96117008932725
14668,5.96117008932725
14669,5.96117008932725
14670,5.96117008932725
14671,5.96117008932725
14672,5.96117008932725
14673,5.96117008932725
14674,5.96117008932725
14675,5.96117008932725
14676,5.96117008932725
14677,5.96117008932725
14678,5.96117008932725
14679,5.96117008932725
14680,5.96117008932725
14681,5.96117008932725
14682,5.96117008932725
14683,5.96117008932725
14684,5.96117008932725
14685,5.96117008932725
14686,5.96117008932725
14687,5.96117008932725
14688,5.96117008932725
14689,5.96117008932725
14690,5.96117008932725
14691,5.96117008932725
14692,5.96117008932725
14693,5.96117008932725
14694,5.96117008932725
14695,5.96117008932725
14696,5.96117008932725
14697,5.96117008932725
14698,5.96117008932725
14699,5.96117008932725
14700,5.96117008932725
14701,5.96117008932725
14702,5.96117008932725
14703,5.96117008932725
14704,5.96117008932725
14705,5.96117008932725
14706,5.96117008932725
14707,5.96117008932725
14708,5.96117008932725
14709,5.96117008932725
14710,5.96117008932725
14711,5.96117008932725
14712,5.96117008932725
14713,5.96117008932725
14714,5.96117008932725
14715,5.96117008932725
14716,5.96117008932725
14717,5.96117008932725
14718,5.96117008932725
14719,5.96117008932725
14720,5.96117008932725
14721,5.96117008932725
14722,5.96117008932725
14723,5.96117008932725
14724,5.96117008932725
14725,5.96117008932725
14726,5.96117008932725
14727,5.96117008932725
14728,5.96117008932725
14729,5.96117008932725
14730,5.96117008932725
14731,5.96117008932725
14732,5.96117008932725
14733,5.96117008932725
14734,5.96117008932725
14735,5.96117008932725
14736,5.96117008932725
14737,5.96117008932725
14738,5.96117008932725
14739,5.96117008932725
14740,5.96117008932725
14741,5.96117008932725
14742,5.96117008932725
14743,5.96117008932725
14744,5.96117008932725
14745,5.96117008932725
14746,5.96117008932725
14747,5.96117008932725
14748,5.96117008932725
14749,5.96117008932725
14750,5.96117008932725
14751,5.96117008932725
14752,5.96117008932725
14753,5.96117008932725
14754,5.96117008932725
14755,5.96117008932725
14756,5.96117008932725
14757,5.96117008932725
14758,5.96117008932725
14759,5.96117008932725
14760,5.96117008932725
14761,5.96117008932725
14762,5.96117008932725
14763,5.96117008932725
14764,5.96117008932725
14765,5.96117008932725
14766,5.96117008932725
14767,5.96117008932725
14768,5.96117008932725
14769,5.96117008932725
14770,5.96117008932725
14771,5.96117008932725
14772,5.96117008932725
14773,5.96117008932725
14774,5.96117008932725
14775,5.96117008932725
14776,5.96117008932725
14777,5.96117008932725
14778,5.96117008932725
14779,5.96117008932725
14780,5.96117008932725
14781,5.96117008932725
14782,5.96117008932725
14783,5.96117008932725
14784,5.96117008932725
14785,5.96117008932725
14786,5.96117008932725
14787,5.96117008932725
14788,5.96117008932725
14789,5.96117008932725
14790,5.96117008932725
14791,5.96117008932725
14792,5.96117008932725
14793,5.96117008932725
14794,5.96117008932725
14795,5.96117008932725
14796,5.96117008932725
14797,5.96117008932725
14798,5.96117008932725
14799,5.96117008932725
14800,5.96117008932725
14801,5.96117008932725
14802,5.96117008932725
14803,5.96117008932725
14804,5.96117008932725
14805,5.96117008932725
14806,5.96117008932725
14807,5.96117008932725
14808,5.96117008932725
14809,5.96117008932725
14810,5.96117008932725
14811,5.96117008932725
14812,5.96117008932725
14813,5.96117008932725
14814,5.96117008932725
14815,5.96117008932725
14816,5.96117008932725
14817,5.96117008932725
14818,5.96117008932725
14819,5.96117008932725
14820,5.96117008932725
14821,5.96117008932725
14822,5.96117008932725
14823,5.96117008932725
14824,5.96117008932725
14825,5.96117008932725
14826,5.96117008932725
14827,5.96117008932725
14828,5.96117008932725
14829,5.96117008932725
14830,5.96117008932725
14831,5.96117008932725
14832,5.96117008932725
14833,5.96117008932725
14834,5.96117008932725
14835,5.96117008932725
14836,5.96117008932725
14837,5.96117008932725
14838,5.96117008932725
14839,5.96117008932725
14840,5.96117008932725
14841,5.96117008932725
14842,5.96117008932725
14843,5.96117008932725
14844,5.96117008932725
14845,5.96117008932725
14846,5.96117008932725
14847,5.96117008932725
14848,5.96117008932725
14849,5.96117008932725
14850,5.96117008932725
14851,5.96117008932725
14852,5.96117008932725
14853,5.96117008932725
14854,5.96117008932725
14855,5.96117008932725
14856,5.96117008932725
14857,5.96117008932725
14858,5.96117008932725
14859,5.96117008932725
14860,5.96117008932725
14861,5.96117008932725
14862,5.96117008932725
14863,5.96117008932725
14864,5.96117008932725
14865,5.96117008932725
14866,5.96117008932725
14867,5.96117008932725
14868,5.96117008932725
14869,5.96117008932725
14870,5.96117008932725
14871,5.96117008932725
14872,5.96117008932725
14873,5.96117008932725
14874,5.96117008932725
14875,5.96117008932725
14876,5.96117008932725
14877,5.96117008932725
14878,5.96117008932725
14879,5.96117008932725
14880,5.96117008932725
14881,5.96117008932725
14882,5.96117008932725
14883,5.96117008932725
14884,5.96117008932725
14885,5.96117008932725
14886,5.96117008932725
14887,5.96117008932725
14888,5.96117008932725
14889,5.96117008932725
14890,5.96117008932725
14891,5.96117008932725
14892,5.96117008932725
14893,5.96117008932725
14894,5.96117008932725
14895,5.96117008932725
14896,5.96117008932725
14897,5.96117008932725
14898,5.96117008932725
14899,5.96117008932725
14900,5.96117008932725
14901,5.96117008932725
14902,5.96117008932725
14903,5.96117008932725
14904,5.96117008932725
14905,5.96117008932725
14906,5.96117008932725
14907,5.96117008932725
14908,5.96117008932725
14909,5.96117008932725
14910,5.96117008932725
14911,5.96117008932725
14912,5.96117008932725
14913,5.96117008932725
14914,5.96117008932725
14915,5.96117008932725
14916,5.96117008932725
14917,5.96117008932725
14918,5.96117008932725
14919,5.96117008932725
14920,5.96117008932725
14921,5.96117008932725
14922,5.96117008932725
14923,5.96117008932725
14924,5.96117008932725
14925,5.96117008932725
14926,5.96117008932725
14927,5.96117008932725
14928,5.96117008932725
14929,5.96117008932725
14930,5.96117008932725
14931,5.96117008932725
14932,5.96117008932725
14933,5.96117008932725
14934,5.96117008932725
14935,5.96117008932725
14936,5.96117008932725
14937,5.96117008932725
14938,5.96117008932725
14939,5.96117008932725
14940,5.96117008932725
14941,5.96117008932725
14942,5.96117008932725
14943,5.96117008932725
14944,5.96117008932725
14945,5.96117008932725
14946,5.96117008932725
14947,5.96117008932725
14948,5.96117008932725
14949,5.96117008932725
14950,5.96117008932725
14951,5.96117008932725
14952,5.96117008932725
14953,5.96117008932725
14954,5.96117008932725
14955,5.96117008932725
14956,5.96117008932725
14957,5.96117008932725
14958,5.96117008932725
14959,5.96117008932725
14960,5.96117008932725
14961,5.96117008932725
14962,5.96117008932725
14963,5.96117008932725
14964,5.96117008932725
14965,5.96117008932725
14966,5.96117008932725
14967,5.96117008932725
14968,5.96117008932725
14969,5.96117008932725
14970,5.96117008932725
14971,5.96117008932725
14972,5.96117008932725
14973,5.96117008932725
14974,5.96117008932725
14975,5.96117008932725
14976,5.96117008932725
14977,5.96117008932725
14978,5.96117008932725
14979,5.96117008932725
14980,5.96117008932725
14981,5.96117008932725
14982,5.96117008932725
14983,5.96117008932725
14984,5.96117008932725
14985,5.96117008932725
14986,5.96117008932725
14987,5.96117008932725
14988,5.96117008932725
14989,5.96117008932725
14990,5.96117008932725
14991,5.96117008932725
14992,5.96117008932725
14993,5.96117008932725
14994,5.96117008932725
14995,5.96117008932725
14996,5.96117008932725
14997,5.96117008932725
14998,5.96117008932725
14999,5.96117008932725
15000,5.96117008932725
15001,5.96117008932725
15002,5.96117008932725
15003,5.96117008932725
15004,5.96117008932725
15005,5.96117008932725
15006,5.96117008932725
15007,5.96117008932725
15008,5.96117008932725
15009,5.96117008932725
15010,5.96117008932725
15011,5.96117008932725
15012,5.96117008932725
15013,5.96117008932725
15014,5.96117008932725
15015,5.96117008932725
15016,5.96117008932725
15017,5.96117008932725
15018,5.96117008932725
15019,5.96117008932725
15020,5.96117008932725
15021,5.96117008932725
15022,5.96117008932725
15023,5.96117008932725
15024,5.96117008932725
15025,5.96117008932725
15026,5.96117008932725
15027,5.96117008932725
15028,5.96117008932725
15029,5.96117008932725
15030,5.96117008932725
15031,5.96117008932725
15032,5.96117008932725
15033,5.96117008932725
15034,5.96117008932725
15035,5.96117008932725
15036,5.96117008932725
15037,5.96117008932725
15038,5.96117008932725
15039,5.96117008932725
15040,5.96117008932725
15041,5.96117008932725
15042,5.96117008932725
15043,5.96117008932725
15044,5.96117008932725
15045,5.96117008932725
15046,5.96117008932725
15047,5.96117008932725
15048,5.96117008932725
15049,5.96117008932725
15050,5.96117008932725
15051,5.96117008932725
15052,5.96117008932725
15053,5.96117008932725
15054,5.96117008932725
15055,5.96117008932725
15056,5.96117008932725
15057,5.96117008932725
15058,5.96117008932725
15059,5.96117008932725
15060,5.96117008932725
15061,5.96117008932725
15062,5.96117008932725
15063,5.96117008932725
15064,5.96117008932725
15065,5.96117008932725
15066,5.96117008932725
15067,5.96117008932725
15068,5.96117008932725
15069,5.96117008932725
15070,5.96117008932725
15071,5.96117008932725
15072,5.96117008932725
15073,5.96117008932725
15074,5.96117008932725
15075,5.96117008932725
15076,5.96117008932725
15077,5.96117008932725
15078,5.96117008932725
15079,5.96117008932725
15080,5.96117008932725
15081,5.96117008932725
15082,5.96117008932725
15083,5.96117008932725
15084,5.96117008932725
15085,5.96117008932725
15086,5.96117008932725
15087,5.96117008932725
15088,5.96117008932725
15089,5.96117008932725
15090,5.96117008932725
15091,5.96117008932725
15092,5.96117008932725
15093,5.96117008932725
15094,5.96117008932725
15095,5.96117008932725
15096,5.96117008932725
15097,5.96117008932725
15098,5.96117008932725
15099,5.96117008932725
15100,5.96117008932725
15101,5.96117008932725
15102,5.96117008932725
15103,5.96117008932725
15104,5.96117008932725
15105,5.96117008932725
15106,5.96117008932725
15107,5.96117008932725
15108,5.96117008932725
15109,5.96117008932725
15110,5.96117008932725
15111,5.96117008932725
15112,5.96117008932725
15113,5.96117008932725
15114,5.96117008932725
15115,5.96117008932725
15116,5.96117008932725
15117,5.96117008932725
15118,5.96117008932725
15119,5.96117008932725
15120,5.96117008932725
15121,5.96117008932725
15122,5.96117008932725
15123,5.96117008932725
15124,5.96117008932725
15125,5.96117008932725
15126,5.96117008932725
15127,5.96117008932725
15128,5.96117008932725
15129,5.96117008932725
15130,5.96117008932725
15131,5.96117008932725
15132,5.96117008932725
15133,5.96117008932725
15134,5.96117008932725
15135,5.96117008932725
15136,5.96117008932725
15137,5.96117008932725
15138,5.96117008932725
15139,5.96117008932725
15140,5.96117008932725
15141,5.96117008932725
15142,5.96117008932725
15143,5.96117008932725
15144,5.96117008932725
15145,5.96117008932725
15146,5.96117008932725
15147,5.96117008932725
15148,5.96117008932725
15149,5.96117008932725
15150,5.96117008932725
15151,5.96117008932725
15152,5.96117008932725
15153,5.96117008932725
15154,5.96117008932725
15155,5.96117008932725
15156,5.96117008932725
15157,5.96117008932725
15158,5.96117008932725
15159,5.96117008932725
15160,5.96117008932725
15161,5.96117008932725
15162,5.96117008932725
15163,5.96117008932725
15164,5.96117008932725
15165,5.96117008932725
15166,5.96117008932725
15167,5.96117008932725
15168,5.96117008932725
15169,5.96117008932725
15170,5.96117008932725
15171,5.96117008932725
15172,5.96117008932725
15173,5.96117008932725
15174,5.96117008932725
15175,5.96117008932725
15176,5.96117008932725
15177,5.96117008932725
15178,5.96117008932725
15179,5.96117008932725
15180,5.96117008932725
15181,5.96117008932725
15182,5.96117008932725
15183,5.96117008932725
15184,5.96117008932725
15185,5.96117008932725
15186,5.96117008932725
15187,5.96117008932725
15188,5.96117008932725
15189,5.96117008932725
15190,5.96117008932725
15191,5.96117008932725
15192,5.96117008932725
15193,5.96117008932725
15194,5.96117008932725
15195,5.96117008932725
15196,5.96117008932725
15197,5.96117008932725
15198,5.96117008932725
15199,5.96117008932725
15200,5.96117008932725
15201,5.96117008932725
15202,5.96117008932725
15203,5.96117008932725
15204,5.96117008932725
15205,5.96117008932725
15206,5.96117008932725
15207,5.96117008932725
15208,5.96117008932725
15209,5.96117008932725
15210,5.96117008932725
15211,5.96117008932725
15212,5.96117008932725
15213,5.96117008932725
15214,5.96117008932725
15215,5.96117008932725
15216,5.96117008932725
15217,5.96117008932725
15218,5.96117008932725
15219,5.96117008932725
15220,5.96117008932725
15221,5.96117008932725
15222,5.96117008932725
15223,5.96117008932725
15224,5.96117008932725
15225,5.96117008932725
15226,5.96117008932725
15227,5.96117008932725
15228,5.96117008932725
15229,5.96117008932725
15230,5.96117008932725
15231,5.96117008932725
15232,5.96117008932725
15233,5.96117008932725
15234,5.96117008932725
15235,5.96117008932725
15236,5.96117008932725
15237,5.96117008932725
15238,5.96117008932725
15239,5.96117008932725
15240,5.96117008932725
15241,5.96117008932725
15242,5.96117008932725
15243,5.96117008932725
15244,5.96117008932725
15245,5.96117008932725
15246,5.96117008932725
15247,5.96117008932725
15248,5.96117008932725
15249,5.96117008932725
15250,5.96117008932725
15251,5.96117008932725
15252,5.96117008932725
15253,5.96117008932725
15254,5.96117008932725
15255,5.96117008932725
15256,5.96117008932725
15257,5.96117008932725
15258,5.96117008932725
15259,5.96117008932725
15260,5.96117008932725
15261,5.96117008932725
15262,5.96117008932725
15263,5.96117008932725
15264,5.96117008932725
15265,5.96117008932725
15266,5.96117008932725
15267,5.96117008932725
15268,5.96117008932725
15269,5.96117008932725
15270,5.96117008932725
15271,5.96117008932725
15272,5.96117008932725
15273,5.96117008932725
15274,5.96117008932725
15275,5.96117008932725
15276,5.96117008932725
15277,5.96117008932725
15278,5.96117008932725
15279,5.96117008932725
15280,5.96117008932725
15281,5.96117008932725
15282,5.96117008932725
15283,5.96117008932725
15284,5.96117008932725
15285,5.96117008932725
15286,5.96117008932725
15287,5.96117008932725
15288,5.96117008932725
15289,5.96117008932725
15290,5.96117008932725
15291,5.96117008932725
15292,5.96117008932725
15293,5.96117008932725
15294,5.96117008932725
15295,5.96117008932725
15296,5.96117008932725
15297,5.96117008932725
15298,5.96117008932725
15299,5.96117008932725
15300,5.96117008932725
15301,5.96117008932725
15302,5.96117008932725
15303,5.96117008932725
15304,5.96117008932725
15305,5.96117008932725
15306,5.96117008932725
15307,5.96117008932725
15308,5.96117008932725
15309,5.96117008932725
15310,5.96117008932725
15311,5.96117008932725
15312,5.96117008932725
15313,5.96117008932725
15314,5.96117008932725
15315,5.96117008932725
15316,5.96117008932725
15317,5.96117008932725
15318,5.96117008932725
15319,5.96117008932725
15320,5.96117008932725
15321,5.96117008932725
15322,5.96117008932725
15323,5.96117008932725
15324,5.96117008932725
15325,5.96117008932725
15326,5.96117008932725
15327,5.96117008932725
15328,5.96117008932725
15329,5.96117008932725
15330,5.96117008932725
15331,5.96117008932725
15332,5.96117008932725
15333,5.96117008932725
15334,5.96117008932725
15335,5.96117008932725
15336,5.96117008932725
15337,5.96117008932725
15338,5.96117008932725
15339,5.96117008932725
15340,5.96117008932725
15341,5.96117008932725
15342,5.96117008932725
15343,5.96117008932725
15344,5.96117008932725
15345,5.96117008932725
15346,5.96117008932725
15347,5.96117008932725
15348,5.96117008932725
15349,5.96117008932725
15350,5.96117008932725
15351,5.96117008932725
15352,5.96117008932725
15353,5.96117008932725
15354,5.96117008932725
15355,5.96117008932725
15356,5.96117008932725
15357,5.96117008932725
15358,5.96117008932725
15359,5.96117008932725
15360,5.96117008932725
15361,5.96117008932725
15362,5.96117008932725
15363,5.96117008932725
15364,5.96117008932725
15365,5.96117008932725
15366,5.96117008932725
15367,5.96117008932725
15368,5.96117008932725
15369,5.96117008932725
15370,5.96117008932725
15371,5.96117008932725
15372,5.96117008932725
15373,5.96117008932725
15374,5.96117008932725
15375,5.96117008932725
15376,5.96117008932725
15377,5.96117008932725
15378,5.96117008932725
15379,5.96117008932725
15380,5.96117008932725
15381,5.96117008932725
15382,5.96117008932725
15383,5.96117008932725
15384,5.96117008932725
15385,5.96117008932725
15386,5.96117008932725
15387,5.96117008932725
15388,5.96117008932725
15389,5.96117008932725
15390,5.96117008932725
15391,5.96117008932725
15392,5.96117008932725
15393,5.96117008932725
15394,5.96117008932725
15395,5.96117008932725
15396,5.96117008932725
15397,5.96117008932725
15398,5.96117008932725
15399,5.96117008932725
15400,5.96117008932725
15401,5.96117008932725
15402,5.96117008932725
15403,5.96117008932725
15404,5.96117008932725
15405,5.96117008932725
15406,5.96117008932725
15407,5.96117008932725
15408,5.96117008932725
15409,5.96117008932725
15410,5.96117008932725
15411,5.96117008932725
15412,5.96117008932725
15413,5.96117008932725
15414,5.96117008932725
15415,5.96117008932725
15416,5.96117008932725
15417,5.96117008932725
15418,5.96117008932725
15419,5.96117008932725
15420,5.96117008932725
15421,5.96117008932725
15422,5.96117008932725
15423,5.96117008932725
15424,5.96117008932725
15425,5.96117008932725
15426,5.96117008932725
15427,5.96117008932725
15428,5.96117008932725
15429,5.96117008932725
15430,5.96117008932725
15431,5.96117008932725
15432,5.96117008932725
15433,5.96117008932725
15434,5.96117008932725
15435,5.96117008932725
15436,5.96117008932725
15437,5.96117008932725
15438,5.96117008932725
15439,5.96117008932725
15440,5.96117008932725
15441,5.96117008932725
15442,5.96117008932725
15443,5.96117008932725
15444,5.96117008932725
15445,5.96117008932725
15446,5.96117008932725
15447,5.96117008932725
15448,5.96117008932725
15449,5.96117008932725
15450,5.96117008932725
15451,5.96117008932725
15452,5.96117008932725
15453,5.96117008932725
15454,5.96117008932725
15455,5.96117008932725
15456,5.96117008932725
15457,5.96117008932725
15458,5.96117008932725
15459,5.96117008932725
15460,5.96117008932725
15461,5.96117008932725
15462,5.96117008932725
15463,5.96117008932725
15464,5.96117008932725
15465,5.96117008932725
15466,5.96117008932725
15467,5.96117008932725
15468,5.96117008932725
15469,5.96117008932725
15470,5.96117008932725
15471,5.96117008932725
15472,5.96117008932725
15473,5.96117008932725
15474,5.96117008932725
15475,5.96117008932725
15476,5.96117008932725
15477,5.96117008932725
15478,5.96117008932725
15479,5.96117008932725
15480,5.96117008932725
15481,5.96117008932725
15482,5.96117008932725
15483,5.96117008932725
15484,5.96117008932725
15485,5.96117008932725
15486,5.96117008932725
15487,5.96117008932725
15488,5.96117008932725
15489,5.96117008932725
15490,5.96117008932725
15491,5.96117008932725
15492,5.96117008932725
15493,5.96117008932725
15494,5.96117008932725
15495,5.96117008932725
15496,5.96117008932725
15497,5.96117008932725
15498,5.96117008932725
15499,5.96117008932725
15500,5.96117008932725
15501,5.96117008932725
15502,5.96117008932725
15503,5.96117008932725
15504,5.96117008932725
15505,5.96117008932725
15506,5.96117008932725
15507,5.96117008932725
15508,5.96117008932725
15509,5.96117008932725
15510,5.96117008932725
15511,5.96117008932725
15512,5.96117008932725
15513,5.96117008932725
15514,5.96117008932725
15515,5.96117008932725
15516,5.96117008932725
15517,5.96117008932725
15518,5.96117008932725
15519,5.96117008932725
15520,5.96117008932725
15521,5.96117008932725
15522,5.96117008932725
15523,5.96117008932725
15524,5.96117008932725
15525,5.96117008932725
15526,5.96117008932725
15527,5.96117008932725
15528,5.96117008932725
15529,5.96117008932725
15530,5.96117008932725
15531,5.96117008932725
15532,5.96117008932725
15533,5.96117008932725
15534,5.96117008932725
15535,5.96117008932725
15536,5.96117008932725
15537,5.96117008932725
15538,5.96117008932725
15539,5.96117008932725
15540,5.96117008932725
15541,5.96117008932725
15542,5.96117008932725
15543,5.96117008932725
15544,5.96117008932725
15545,5.96117008932725
15546,5.96117008932725
15547,5.96117008932725
15548,5.96117008932725
15549,5.96117008932725
15550,5.96117008932725
15551,5.96117008932725
15552,5.96117008932725
15553,5.96117008932725
15554,5.96117008932725
15555,5.96117008932725
15556,5.96117008932725
15557,5.96117008932725
15558,5.96117008932725
15559,5.96117008932725
15560,5.96117008932725
15561,5.96117008932725
15562,5.96117008932725
15563,5.96117008932725
15564,5.96117008932725
15565,5.96117008932725
15566,5.96117008932725
15567,5.96117008932725
15568,5.96117008932725
15569,5.96117008932725
15570,5.96117008932725
15571,5.96117008932725
15572,5.96117008932725
15573,5.96117008932725
15574,5.96117008932725
15575,5.96117008932725
15576,5.96117008932725
15577,5.96117008932725
15578,5.96117008932725
15579,5.96117008932725
15580,5.96117008932725
15581,5.96117008932725
15582,5.96117008932725
15583,5.96117008932725
15584,5.96117008932725
15585,5.96117008932725
15586,5.96117008932725
15587,5.96117008932725
15588,5.96117008932725
15589,5.96117008932725
15590,5.96117008932725
15591,5.96117008932725
15592,5.96117008932725
15593,5.96117008932725
15594,5.96117008932725
15595,5.96117008932725
15596,5.96117008932725
15597,5.96117008932725
15598,5.96117008932725
15599,5.96117008932725
15600,5.96117008932725
15601,5.96117008932725
15602,5.96117008932725
15603,5.96117008932725
15604,5.96117008932725
15605,5.96117008932725
15606,5.96117008932725
15607,5.96117008932725
15608,5.96117008932725
15609,5.96117008932725
15610,5.96117008932725
15611,5.96117008932725
15612,5.96117008932725
15613,5.96117008932725
15614,5.96117008932725
15615,5.96117008932725
15616,5.96117008932725
15617,5.96117008932725
15618,5.96117008932725
15619,5.96117008932725
15620,5.96117008932725
15621,5.96117008932725
15622,5.96117008932725
15623,5.96117008932725
15624,5.96117008932725
15625,5.96117008932725
15626,5.96117008932725
15627,5.96117008932725
15628,5.96117008932725
15629,5.96117008932725
15630,5.96117008932725
15631,5.96117008932725
15632,5.96117008932725
15633,5.96117008932725
15634,5.96117008932725
15635,5.96117008932725
15636,5.96117008932725
15637,5.96117008932725
15638,5.96117008932725
15639,5.96117008932725
15640,5.96117008932725
15641,5.96117008932725
15642,5.96117008932725
15643,5.96117008932725
15644,5.96117008932725
15645,5.96117008932725
15646,5.96117008932725
15647,5.96117008932725
15648,5.96117008932725
15649,5.96117008932725
15650,5.96117008932725
15651,5.96117008932725
15652,5.96117008932725
15653,5.96117008932725
15654,5.96117008932725
15655,5.96117008932725
15656,5.96117008932725
15657,5.96117008932725
15658,5.96117008932725
15659,5.96117008932725
15660,5.96117008932725
15661,5.96117008932725
15662,5.96117008932725
15663,5.96117008932725
15664,5.96117008932725
15665,5.96117008932725
15666,5.96117008932725
15667,5.96117008932725
15668,5.96117008932725
15669,5.96117008932725
15670,5.96117008932725
15671,5.96117008932725
15672,5.96117008932725
15673,5.96117008932725
15674,5.96117008932725
15675,5.96117008932725
15676,5.96117008932725
15677,5.96117008932725
15678,5.96117008932725
15679,5.96117008932725
15680,5.96117008932725
15681,5.96117008932725
15682,5.96117008932725
15683,5.96117008932725
15684,5.96117008932725
15685,5.96117008932725
15686,5.96117008932725
15687,5.96117008932725
15688,5.96117008932725
15689,5.96117008932725
15690,5.96117008932725
15691,5.96117008932725
15692,5.96117008932725
15693,5.96117008932725
15694,5.96117008932725
15695,5.96117008932725
15696,5.96117008932725
15697,5.96117008932725
15698,5.96117008932725
15699,5.96117008932725
15700,5.96117008932725
15701,5.96117008932725
15702,14.12972934702783
15703,14.12972934702783
15704,14.12972934702783
15705,14.12972934702783
15706,14.12972934702783
15707,14.12972934702783
15708,14.12972934702783
15709,14.12972934702783
15710,14.12972934702783
15711,14.12972934702783
15712,14.12972934702783
15713,14.12972934702783
15714,14.12972934702783
15715,14.12972934702783
15716,14.12972934702783
15717,14.12972934702783
15718,14.12972934702783
15719,14.12972934702783
15720,14.12972934702783
15721,14.12972934702783
15722,14.12972934702783
15723,14.12972934702783
15724,14.12972934702783
15725,14.12972934702783
15726,14.12972934702783
15727,14.12972934702783
15728,14.12972934702783
15729,14.12972934702783
15730,14.12972934702783
15731,14.12972934702783
15732,14.12972934702783
15733,14.12972934702783
15734,14.12972934702783
15735,14.12972934702783
15736,14.12972934702783
15737,14.12972934702783
15738,14.12972934702783
15739,14.12972934702783
15740,14.12972934702783
15741,14.12972934702783
15742,14.12972934702783
15743,14.12972934702783
15744,14.12972934702783
15745,14.12972934702783
15746,14.12972934702783
15747,14.12972934702783
15748,14.12972934702783
15749,14.12972934702783
15750,14.12972934702783
15751,14.12972934702783
15752,14.12972934702783
15753,14.12972934702783
15754,14.12972934702783
15755,14.12972934702783
15756,14.12972934702783
15757,14.12972934702783
15758,14.12972934702783
15759,14.12972934702783
15760,14.12972934702783
15761,14.12972934702783
15762,14.12972934702783
15763,14.12972934702783
15764,14.12972934702783
15765,14.12972934702783
15766,14.12972934702783
15767,14.12972934702783
15768,14.12972934702783
15769,14.12972934702783
15770,14.12972934702783
15771,14.12972934702783
15772,14.12972934702783
15773,14.12972934702783
15774,14.12972934702783
15775,14.12972934702783
15776,14.12972934702783
15777,14.12972934702783
15778,14.12972934702783
15779,14.12972934702783
15780,14.12972934702783
15781,14.12972934702783
15782,14.12972934702783
15783,14.12972934702783
15784,14.12972934702783
15785,14.12972934702783
15786,14.12972934702783
15787,14.12972934702783
15788,14.12972934702783
15789,14.12972934702783
15790,14.12972934702783
15791,14.12972934702783
15792,14.12972934702783
15793,14.12972934702783
15794,14.12972934702783
15795,14.12972934702783
15796,14.12972934702783
15797,14.12972934702783
15798,14.12972934702783
15799,14.12972934702783
15800,14.12972934702783
15801,14.12972934702783
15802,14.12972934702783
15803,14.12972934702783
15804,14.12972934702783
15805,14.12972934702783
15806,14.12972934702783
15807,14.12972934702783
15808,14.12972934702783
15809,14.12972934702783
15810,14.12972934702783
15811,14.12972934702783
15812,14.12972934702783
15813,14.12972934702783
15814,14.12972934702783
15815,14.12972934702783
15816,14.12972934702783
15817,14.12972934702783
15818,14.12972934702783
15819,14.12972934702783
15820,14.12972934702783
15821,14.12972934702783
15822,14.12972934702783
15823,14.12972934702783
15824,14.12972934702783
15825,14.12972934702783
15826,14.12972934702783
15827,14.12972934702783
15828,14.12972934702783
15829,14.12972934702783
15830,14.12972934702783
15831,14.12972934702783
15832,14.12972934702783
15833,14.12972934702783
15834,14.12972934702783
15835,14.12972934702783
15836,14.12972934702783
15837,14.12972934702783
15838,14.12972934702783
15839,14.12972934702783
15840,14.12972934702783
15841,14.12972934702783
15842,14.12972934702783
15843,14.12972934702783
15844,14.12972934702783
15845,14.12972934702783
15846,14.12972934702783
15847,14.12972934702783
15848,14.12972934702783
15849,14.12972934702783
15850,14.12972934702783
15851,14.12972934702783
15852,14.12972934702783
15853,14.12972934702783
15854,14.12972934702783
15855,14.12972934702783
15856,14.12972934702783
15857,14.12972934702783
15858,14.12972934702783
15859,14.12972934702783
15860,14.12972934702783
15861,14.12972934702783
15862,14.12972934702783
15863,14.12972934702783
15864,14.12972934702783
15865,14.12972934702783
15866,14.12972934702783
15867,14.12972934702783
15868,14.12972934702783
15869,14.12972934702783
15870,14.12972934702783
15871,14.12972934702783
15872,14.12972934702783
15873,14.12972934702783
15874,14.12972934702783
15875,14.12972934702783
15876,14.12972934702783
15877,14.12972934702783
15878,14.12972934702783
15879,14.12972934702783
15880,14.12972934702783
15881,14.12972934702783
15882,14.12972934702783
15883,14.12972934702783
15884,14.12972934702783
15885,14.12972934702783
15886,14.12972934702783
15887,14.12972934702783
15888,14.12972934702783
15889,14.12972934702783
15890,14.12972934702783
15891,14.12972934702783
15892,14.12972934702783
15893,14.12972934702783
15894,14.12972934702783
15895,14.12972934702783
15896,14.12972934702783
15897,14.12972934702783
15898,14.12972934702783
15899,14.12972934702783
15900,14.12972934702783
15901,14.12972934702783
15902,14.12972934702783
15903,14.12972934702783
15904,14.12972934702783
15905,14.12972934702783
15906,14.12972934702783
15907,14.12972934702783
15908,14.12972934702783
15909,14.12972934702783
15910,14.12972934702783
15911,14.12972934702783
15912,14.12972934702783
15913,14.12972934702783
15914,14.12972934702783
15915,14.12972934702783
15916,14.12972934702783
15917,14.12972934702783
15918,14.12972934702783
15919,14.12972934702783
15920,14.12972934702783
15921,14.12972934702783
15922,14.12972934702783
15923,14.12972934702783
15924,14.12972934702783
15925,14.12972934702783
15926,14.12972934702783
15927,14.12972934702783
15928,14.12972934702783
15929,14.12972934702783
15930,14.12972934702783
15931,14.12972934702783
15932,14.12972934702783
15933,14.12972934702783
15934,14.12972934702783
15935,14.12972934702783
15936,14.12972934702783
15937,14.12972934702783
15938,14.12972934702783
15939,14.12972934702783
15940,14.12972934702783
15941,14.12972934702783
15942,14.12972934702783
15943,14.12972934702783
15944,14.12972934702783
15945,14.12972934702783
15946,14.12972934702783
15947,14.12972934702783
15948,14.12972934702783
15949,14.12972934702783
15950,14.12972934702783
15951,14.12972934702783
15952,14.12972934702783
15953,14.12972934702783
15954,14.12972934702783
15955,14.12972934702783
15956,14.12972934702783
15957,14.12972934702783
15958,14.12972934702783
15959,14.12972934702783
15960,14.12972934702783
15961,14.12972934702783
15962,14.12972934702783
15963,14.12972934702783
15964,14.12972934702783
15965,14.12972934702783
15966,14.12972934702783
15967,14.12972934702783
15968,14.12972934702783
15969,14.12972934702783
15970,14.12972934702783
15971,14.12972934702783
15972,14.12972934702783
15973,14.12972934702783
15974,14.12972934702783
15975,14.12972934702783
15976,14.12972934702783
15977,14.12972934702783
15978,14.12972934702783
15979,14.12972934702783
15980,14.12972934702783
15981,14.12972934702783
15982,14.12972934702783
15983,14.12972934702783
15984,14.12972934702783
15985,14.12972934702783
15986,14.12972934702783
15987,14.12972934702783
15988,14.12972934702783
15989,14.12972934702783
15990,14.12972934702783
15991,14.12972934702783
15992,14.12972934702783
15993,14.12972934702783
15994,14.12972934702783
15995,14.12972934702783
15996,14.12972934702783
15997,14.12972934702783
15998,14.12972934702783
15999,14.12972934702783
16000,14.12972934702783
16001,14.12972934702783
16002,14.12972934702783
16003,14.12972934702783
16004,14.12972934702783
16005,14.12972934702783
16006,14.12972934702783
16007,14.12972934702783
16008,14.12972934702783
16009,14.12972934702783
16010,14.12972934702783
16011,14.12972934702783
16012,14.12972934702783
16013,14.12972934702783
16014,14.12972934702783
16015,14.12972934702783
16016,14.12972934702783
16017,14.12972934702783
16018,14.12972934702783
16019,14.12972934702783
16020,14.12972934702783
16021,14.12972934702783
16022,14.12972934702783
16023,14.12972934702783
16024,14.12972934702783
16025,14.12972934702783
16026,14.12972934702783
16027,14.12972934702783
16028,14.12972934702783
16029,14.12972934702783
16030,14.12972934702783
16031,14.12972934702783
16032,14.12972934702783
16033,14.12972934702783
16034,14.12972934702783
16035,14.12972934702783
16036,14.12972934702783
16037,14.12972934702783
16038,14.12972934702783
16039,14.12972934702783
16040,14.12972934702783
16041,14.12972934702783
16042,14.12972934702783
16043,14.12972934702783
16044,14.12972934702783
16045,14.12972934702783
16046,14.12972934702783
16047,14.12972934702783
16048,14.12972934702783
16049,14.12972934702783
16050,14.12972934702783
16051,14.12972934702783
16052,14.12972934702783
16053,14.12972934702783
16054,14.12972934702783
16055,14.12972934702783
16056,14.12972934702783
16057,14.12972934702783
16058,14.12972934702783
16059,14.12972934702783
16060,14.12972934702783
16061,14.12972934702783
16062,14.12972934702783
16063,14.12972934702783
16064,14.12972934702783
16065,14.12972934702783
16066,14.12972934702783
16067,14.12972934702783
16068,14.12972934702783
16069,14.12972934702783
16070,14.12972934702783
16071,14.12972934702783
16072,14.12972934702783
16073,14.12972934702783
16074,14.12972934702783
16075,14.12972934702783
16076,14.12972934702783
16077,14.12972934702783
16078,14.12972934702783
16079,14.12972934702783
16080,14.12972934702783
16081,14.12972934702783
16082,14.12972934702783
16083,14.12972934702783
16084,14.12972934702783
16085,14.12972934702783
16086,14.12972934702783
16087,14.12972934702783
16088,14.12972934702783
16089,14.12972934702783
16090,14.12972934702783
16091,14.12972934702783
16092,14.12972934702783
16093,14.12972934702783
16094,14.12972934702783
16095,14.12972934702783
16096,14.12972934702783
16097,14.12972934702783
16098,14.12972934702783
16099,14.12972934702783
16100,14.12972934702783
16101,14.12972934702783
16102,14.12972934702783
16103,14.12972934702783
16104,14.12972934702783
16105,14.12972934702783
16106,14.12972934702783
16107,14.12972934702783
16108,14.12972934702783
16109,14.12972934702783
16110,14.12972934702783
16111,14.12972934702783
16112,14.12972934702783
16113,14.12972934702783
16114,14.12972934702783
16115,14.12972934702783
16116,14.12972934702783
16117,14.12972934702783
16118,14.12972934702783
16119,14.12972934702783
16120,14.12972934702783
16121,14.12972934702783
16122,14.12972934702783
16123,14.12972934702783
16124,14.12972934702783
16125,14.12972934702783
16126,14.12972934702783
16127,14.12972934702783
16128,14.12972934702783
16129,14.12972934702783
16130,14.12972934702783
16131,14.12972934702783
16132,14.12972934702783
16133,14.12972934702783
16134,14.12972934702783
16135,14.12972934702783
16136,14.12972934702783
16137,14.12972934702783
16138,14.12972934702783
16139,14.12972934702783
16140,14.12972934702783
16141,14.12972934702783
16142,14.12972934702783
16143,14.12972934702783
16144,14.12972934702783
16145,14.12972934702783
16146,14.12972934702783
16147,14.12972934702783
16148,14.12972934702783
16149,14.12972934702783
16150,14.12972934702783
16151,14.12972934702783
16152,14.12972934702783
16153,14.12972934702783
16154,14.12972934702783
16155,14.12972934702783
16156,14.12972934702783
16157,14.12972934702783
16158,14.12972934702783
16159,14.12972934702783
16160,14.12972934702783
16161,14.12972934702783
16162,14.12972934702783
16163,14.12972934702783
16164,14.12972934702783
16165,14.12972934702783
16166,14.12972934702783
16167,14.12972934702783
16168,14.12972934702783
16169,14.12972934702783
16170,14.12972934702783
16171,14.12972934702783
16172,14.12972934702783
16173,14.12972934702783
16174,14.12972934702783
16175,14.12972934702783
16176,14.12972934702783
16177,14.12972934702783
16178,14.12972934702783
16179,14.12972934702783
16180,14.12972934702783
16181,2.624716308012928
16182,2.624716308012928
16183,2.624716308012928
16184,2.624716308012928
16185,2.624716308012928
16186,2.624716308012928
16187,2.624716308012928
16188,2.624716308012928
16189,2.624716308012928
16190,2.624716308012928
16191,2.624716308012928
16192,2.624716308012928
16193,2.624716308012928
16194,2.624716308012928
16195,2.624716308012928
16196,2.624716308012928
16197,2.624716308012928
16198,2.624716308012928
16199,2.624716308012928
16200,2.624716308012928
16201,2.624716308012928
16202,2.624716308012928
16203,2.624716308012928
16204,2.624716308012928
16205,2.624716308012928
16206,2.624716308012928
16207,2.624716308012928
16208,2.624716308012928
16209,2.624716308012928
16210,2.624716308012928
16211,2.624716308012928
16212,2.624716308012928
16213,2.624716308012928
16214,2.624716308012928
16215,2.624716308012928
16216,2.624716308012928
16217,2.624716308012928
16218,2.624716308012928
16219,2.624716308012928
16220,2.624716308012928
16221,2.624716308012928
16222,2.624716308012928
16223,2.624716308012928
16224,2.624716308012928
16225,2.624716308012928
16226,2.624716308012928
16227,2.624716308012928
16228,2.624716308012928
16229,2.624716308012928
16230,2.624716308012928
16231,2.624716308012928
16232,2.624716308012928
16233,2.624716308012928
16234,2.624716308012928
16235,2.624716308012928
16236,2.624716308012928
16237,2.624716308012928
16238,2.624716308012928
16239,2.624716308012928
16240,2.624716308012928
16241,2.624716308012928
16242,2.624716308012928
16243,2.624716308012928
16244,2.624716308012928
16245,2.624716308012928
16246,2.624716308012928
16247,2.624716308012928
16248,2.624716308012928
16249,2.624716308012928
16250,2.624716308012928
16251,2.624716308012928
16252,2.624716308012928
16253,2.624716308012928
16254,2.624716308012928
16255,2.624716308012928
16256,2.624716308012928
16257,2.624716308012928
16258,2.624716308012928
16259,2.624716308012928
16260,2.624716308012928
16261,2.624716308012928
16262,2.624716308012928
16263,2.624716308012928
16264,2.624716308012928
16265,2.624716308012928
16266,2.624716308012928
16267,2.624716308012928
16268,2.624716308012928
16269,2.624716308012928
16270,2.624716308012928
16271,2.624716308012928
16272,2.624716308012928
16273,2.624716308012928
16274,2.624716308012928
16275,2.624716308012928
16276,2.624716308012928
16277,2.624716308012928
16278,2.624716308012928
16279,2.624716308012928
16280,2.624716308012928
16281,2.624716308012928
16282,2.624716308012928
16283,2.624716308012928
16284,2.624716308012928
16285,2.624716308012928
16286,2.624716308012928
16287,2.624716308012928
16288,2.624716308012928
16289,2.624716308012928
16290,2.624716308012928
16291,2.624716308012928
16292,2.624716308012928
16293,2.624716308012928
16294,2.624716308012928
16295,2.624716308012928
16296,2.624716308012928
16297,2.624716308012928
16298,2.624716308012928
16299,2.624716308012928
16300,2.624716308012928
16301,2.624716308012928
16302,2.624716308012928
16303,2.624716308012928
16304,2.624716308012928
16305,2.624716308012928
16306,2.624716308012928
16307,2.624716308012928
16308,2.624716308012928
16309,2.624716308012928
16310,2.624716308012928
16311,2.624716308012928
16312,2.624716308012928
16313,2.624716308012928
16314,2.624716308012928
16315,2.624716308012928
16316,2.624716308012928
16317,2.624716308012928
16318,2.624716308012928
16319,2.624716308012928
16320,2.624716308012928
16321,2.624716308012928
16322,2.624716308012928
16323,2.624716308012928
16324,2.624716308012928
16325,2.624716308012928
16326,2.624716308012928
16327,2.624716308012928
16328,2.624716308012928
16329,2.624716308012928
16330,2.624716308012928
16331,2.624716308012928
16332,2.624716308012928
16333,2.624716308012928
16334,2.624716308012928
16335,2.624716308012928
16336,2.624716308012928
16337,2.624716308012928
16338,2.624716308012928
16339,2.624716308012928
16340,2.624716308012928
16341,2.624716308012928
16342,2.624716308012928
16343,2.624716308012928
16344,2.624716308012928
16345,2.624716308012928
16346,2.624716308012928
16347,2.624716308012928
16348,2.624716308012928
16349,2.624716308012928
16350,2.624716308012928
16351,2.624716308012928
16352,2.624716308012928
16353,2.624716308012928
16354,2.624716308012928
16355,2.624716308012928
16356,2.624716308012928
16357,2.624716308012928
16358,2.624716308012928
16359,2.624716308012928
16360,2.624716308012928
16361,2.624716308012928
16362,2.624716308012928
16363,2.624716308012928
16364,2.624716308012928
16365,2.624716308012928
16366,2.624716308012928
16367,2.624716308012928
16368,2.624716308012928
16369,2.624716308012928
16370,2.624716308012928
16371,2.624716308012928
16372,2.624716308012928
16373,2.624716308012928
16374,2.624716308012928
16375,2.624716308012928
16376,2.624716308012928
16377,2.624716308012928
16378,2.624716308012928
16379,2.624716308012928
16380,2.624716308012928
16381,2.624716308012928
16382,2.624716308012928
16383,2.624716308012928
16384,2.624716308012928
16385,2.624716308012928
16386,2.624716308012928
16387,2.624716308012928
16388,2.624716308012928
16389,2.624716308012928
16390,2.624716308012928
16391,2.624716308012928
16392,2.624716308012928
16393,2.624716308012928
16394,2.624716308012928
16395,2.624716308012928
16396,2.624716308012928
16397,2.624716308012928
16398,2.624716308012928
16399,2.624716308012928
16400,2.624716308012928
16401,2.624716308012928
16402,2.624716308012928
16403,2.624716308012928
16404,2.624716308012928
16405,2.624716308012928
16406,2.624716308012928
16407,2.624716308012928
16408,2.624716308012928
16409,2.624716308012928
16410,2.624716308012928
16411,2.624716308012928
16412,2.624716308012928
16413,2.624716308012928
16414,2.624716308012928
16415,2.624716308012928
16416,2.624716308012928
16417,2.624716308012928
16418,2.624716308012928
16419,2.624716308012928
16420,2.624716308012928
16421,2.624716308012928
16422,2.624716308012928
16423,2.624716308012928
16424,2.624716308012928
16425,2.624716308012928
16426,2.624716308012928
16427,2.624716308012928
16428,2.624716308012928
16429,2.624716308012928
16430,2.624716308012928
16431,2.624716308012928
16432,2.624716308012928
16433,2.624716308012928
16434,2.624716308012928
16435,2.624716308012928
16436,2.624716308012928
16437,2.624716308012928
16438,2.624716308012928
16439,2.624716308012928
16440,2.624716308012928
16441,2.624716308012928
16442,2.624716308012928
16443,2.624716308012928
16444,2.624716308012928
16445,2.624716308012928
16446,2.624716308012928
16447,2.624716308012928
16448,2.624716308012928
16449,2.624716308012928
16450,2.624716308012928
16451,2.624716308012928
16452,2.624716308012928
16453,2.624716308012928
16454,2.624716308012928
16455,2.624716308012928
16456,2.624716308012928
16457,2.624716308012928
16458,2.624716308012928
16459,2.624716308012928
16460,2.624716308012928
16461,2.624716308012928
16462,2.624716308012928
16463,2.624716308012928
16464,2.624716308012928
16465,2.624716308012928
16466,2.624716308012928
16467,2.624716308012928
16468,2.624716308012928
16469,2.624716308012928
16470,2.624716308012928
16471,2.624716308012928
16472,2.624716308012928
16473,2.624716308012928
16474,2.624716308012928
16475,2.624716308012928
16476,2.624716308012928
16477,2.624716308012928
16478,2.624716308012928
16479,2.624716308012928
16480,2.624716308012928
16481,2.624716308012928
16482,2.624716308012928
16483,2.624716308012928
16484,2.624716308012928
16485,2.624716308012928
16486,2.624716308012928
16487,2.624716308012928
16488,2.624716308012928
16489,2.624716308012928
16490,2.624716308012928
16491,2.624716308012928
16492,2.624716308012928
16493,2.624716308012928
16494,2.624716308012928
16495,2.624716308012928
16496,2.624716308012928
16497,2.624716308012928
16498,2.624716308012928
16499,2.624716308012928
16500,2.624716308012928
16501,2.624716308012928
16502,2.624716308012928
16503,2.624716308012928
16504,2.624716308012928
16505,2.624716308012928
16506,2.624716308012928
16507,2.624716308012928
16508,2.624716308012928
16509,2.624716308012928
16510,2.624716308012928
16511,2.624716308012928
16512,2.624716308012928
16513,2.624716308012928
16514,2.624716308012928
16515,2.624716308012928
16516,2.624716308012928
16517,2.624716308012928
16518,2.624716308012928
16519,2.624716308012928
16520,2.624716308012928
16521,2.624716308012928
16522,2.624716308012928
16523,2.624716308012928
16524,2.624716308012928
16525,2.624716308012928
16526,2.624716308012928
16527,2.624716308012928
16528,2.624716308012928
16529,2.624716308012928
16530,2.624716308012928
16531,2.624716308012928
16532,2.624716308012928
16533,2.624716308012928
16534,2.624716308012928
16535,2.624716308012928
16536,2.624716308012928
16537,2.624716308012928
16538,2.624716308012928
16539,2.624716308012928
16540,2.624716308012928
16541,2.624716308012928
16542,2.624716308012928
16543,2.624716308012928
16544,2.624716308012928
16545,2.624716308012928
16546,2.624716308012928
16547,2.624716308012928
16548,2.624716308012928
16549,2.624716308012928
16550,2.624716308012928
16551,2.624716308012928
16552,2.624716308012928
16553,2.624716308012928
16554,2.624716308012928
16555,2.624716308012928
16556,2.624716308012928
16557,2.624716308012928
16558,2.624716308012928
16559,2.624716308012928
16560,2.624716308012928
16561,2.624716308012928
16562,2.624716308012928
16563,2.624716308012928
16564,2.624716308012928
16565,2.624716308012928
16566,2.624716308012928
16567,2.624716308012928
16568,2.624716308012928
16569,2.624716308012928
16570,2.624716308012928
16571,2.624716308012928
16572,2.624716308012928
16573,2.624716308012928
16574,2.624716308012928
16575,2.624716308012928
16576,2.624716308012928
16577,2.624716308012928
16578,2.624716308012928
16579,2.624716308012928
16580,2.624716308012928
16581,2.624716308012928
16582,2.624716308012928
16583,2.624716308012928
16584,2.624716308012928
16585,2.624716308012928
16586,2.624716308012928
16587,2.624716308012928
16588,2.624716308012928
16589,2.624716308012928
16590,2.624716308012928
16591,2.624716308012928
16592,2.624716308012928
16593,2.624716308012928
16594,2.624716308012928
16595,2.624716308012928
16596,2.624716308012928
16597,2.624716308012928
16598,2.624716308012928
16599,2.624716308012928
16600,2.624716308012928
16601,2.624716308012928
16602,2.624716308012928
16603,2.624716308012928
16604,2.624716308012928
16605,2.624716308012928
16606,2.624716308012928
16607,2.624716308012928
16608,2.624716308012928
16609,2.624716308012928
16610,2.624716308012928
16611,2.624716308012928
16612,2.624716308012928
16613,2.624716308012928
16614,2.624716308012928
16615,2.624716308012928
16616,2.624716308012928
16617,2.624716308012928
16618,2.624716308012928
16619,2.624716308012928
16620,2.624716308012928
16621,2.624716308012928
16622,2.624716308012928
16623,2.624716308012928
16624,2.624716308012928
16625,2.624716308012928
16626,2.624716308012928
16627,2.624716308012928
16628,2.624716308012928
16629,2.624716308012928
16630,2.624716308012928
16631,2.624716308012928
16632,2.624716308012928
16633,2.624716308012928
16634,2.624716308012928
16635,2.624716308012928
16636,2.624716308012928
16637,2.624716308012928
16638,2.624716308012928
16639,2.624716308012928
16640,2.624716308012928
16641,2.624716308012928
16642,2.624716308012928
16643,2.624716308012928
16644,2.624716308012928
16645,2.624716308012928
16646,2.624716308012928
16647,2.624716308012928
16648,2.624716308012928
16649,2.624716308012928
16650,2.624716308012928
16651,2.624716308012928
16652,2.624716308012928
16653,2.624716308012928
16654,2.624716308012928
16655,2.624716308012928
16656,2.624716308012928
16657,2.624716308012928
16658,2.624716308012928
16659,2.624716308012928
16660,2.624716308012928
16661,2.624716308012928
16662,2.624716308012928
16663,2.624716308012928
16664,2.624716308012928
16665,2.624716308012928
16666,2.624716308012928
16667,2.624716308012928
16668,2.624716308012928
16669,2.624716308012928
16670,2.624716308012928
16671,2.624716308012928
16672,2.624716308012928
16673,2.624716308012928
16674,2.624716308012928
16675,2.624716308012928
16676,2.624716308012928
16677,2.624716308012928
16678,2.624716308012928
16679,2.624716308012928
16680,2.624716308012928
16681,2.624716308012928
16682,2.624716308012928
16683,2.624716308012928
16684,2.624716308012928
16685,2.624716308012928
16686,2.624716308012928
16687,2.624716308012928
16688,2.624716308012928
16689,2.624716308012928
16690,2.624716308012928
16691,2.624716308012928
16692,2.624716308012928
16693,2.624716308012928
16694,2.624716308012928
16695,2.624716308012928
16696,2.624716308012928
16697,2.624716308012928
16698,2.624716308012928
16699,2.624716308012928
16700,2.624716308012928
16701,2.624716308012928
16702,2.624716308012928
16703,2.624716308012928
16704,2.624716308012928
16705,2.624716308012928
16706,2.624716308012928
16707,2.624716308012928
16708,2.624716308012928
16709,2.624716308012928
16710,2.624716308012928
16711,2.624716308012928
16712,2.624716308012928
16713,2.624716308012928
16714,2.624716308012928
16715,2.624716308012928
16716,2.624716308012928
16717,2.624716308012928
16718,2.624716308012928
16719,2.624716308012928
16720,2.624716308012928
16721,2.624716308012928
16722,2.624716308012928
16723,2.624716308012928
16724,2.624716308012928
16725,2.624716308012928
16726,2.624716308012928
16727,2.624716308012928
16728,2.624716308012928
16729,2.624716308012928
16730,2.624716308012928
16731,2.624716308012928
16732,2.624716308012928
16733,2.624716308012928
16734,2.624716308012928
16735,2.624716308012928
16736,2.624716308012928
16737,2.624716308012928
16738,2.624716308012928
16739,2.624716308012928
16740,2.624716308012928
16741,2.624716308012928
16742,2.624716308012928
16743,2.624716308012928
16744,2.624716308012928
16745,2.624716308012928
16746,2.624716308012928
16747,2.624716308012928
16748,2.624716308012928
16749,2.624716308012928
16750,2.624716308012928
16751,2.624716308012928
16752,2.624716308012928
16753,2.624716308012928
16754,2.624716308012928
16755,2.624716308012928
16756,2.624716308012928
16757,2.624716308012928
16758,2.624716308012928
16759,2.624716308012928
16760,2.624716308012928
16761,2.624716308012928
16762,2.624716308012928
16763,2.624716308012928
16764,2.624716308012928
16765,2.624716308012928
16766,2.624716308012928
16767,2.624716308012928
16768,2.624716308012928
16769,2.624716308012928
16770,2.624716308012928
16771,2.624716308012928
16772,2.624716308012928
16773,2.624716308012928
16774,2.624716308012928
16775,2.624716308012928
16776,2.624716308012928
16777,2.624716308012928
16778,2.624716308012928
16779,2.624716308012928
16780,2.624716308012928
16781,2.624716308012928
16782,2.624716308012928
16783,2.624716308012928
16784,2.624716308012928
16785,2.624716308012928
16786,2.624716308012928
16787,2.624716308012928
16788,2.624716308012928
16789,2.624716308012928
16790,2.624716308012928
16791,2.624716308012928
16792,2.624716308012928
16793,2.624716308012928
16794,2.624716308012928
16795,2.624716308012928
16796,2.624716308012928
16797,2.624716308012928
16798,2.624716308012928
16799,2.624716308012928
16800,2.624716308012928
16801,2.624716308012928
16802,2.624716308012928
16803,2.624716308012928
16804,2.624716308012928
16805,2.624716308012928
16806,2.624716308012928
16807,2.624716308012928
16808,2.624716308012928
16809,2.624716308012928
16810,2.624716308012928
16811,2.624716308012928
16812,2.624716308012928
16813,2.624716308012928
16814,2.624716308012928
16815,2.624716308012928
16816,2.624716308012928
16817,2.624716308012928
16818,2.624716308012928
16819,2.624716308012928
16820,2.624716308012928
16821,2.624716308012928
16822,2.624716308012928
16823,2.624716308012928
16824,2.624716308012928
16825,2.624716308012928
16826,2.624716308012928
16827,2.624716308012928
16828,2.624716308012928
16829,2.624716308012928
16830,2.624716308012928
16831,2.624716308012928
16832,2.624716308012928
16833,2.624716308012928
16834,2.624716308012928
16835,2.624716308012928
16836,2.624716308012928
16837,2.624716308012928
16838,2.624716308012928
16839,2.624716308012928
16840,2.624716308012928
16841,2.624716308012928
16842,2.624716308012928
16843,2.624716308012928
16844,2.624716308012928
16845,2.624716308012928
16846,2.624716308012928
16847,2.624716308012928
16848,2.624716308012928
16849,2.624716308012928
16850,2.624716308012928
16851,2.624716308012928
16852,2.624716308012928
16853,2.624716308012928
16854,2.624716308012928
16855,2.624716308012928
16856,2.624716308012928
16857,2.624716308012928
16858,2.624716308012928
16859,2.624716308012928
16860,2.624716308012928
16861,2.624716308012928
16862,2.624716308012928
16863,2.624716308012928
16864,2.624716308012928
16865,2.624716308012928
16866,2.624716308012928
16867,2.624716308012928
16868,2.624716308012928
16869,2.624716308012928
16870,2.624716308012928
16871,2.624716308012928
16872,2.624716308012928
16873,2.624716308012928
16874,2.624716308012928
16875,2.624716308012928
16876,2.624716308012928
16877,2.624716308012928
16878,2.624716308012928
16879,2.624716308012928
16880,2.624716308012928
16881,2.624716308012928
16882,2.624716308012928
16883,2.624716308012928
16884,2.624716308012928
16885,2.624716308012928
16886,2.624716308012928
16887,2.624716308012928
16888,2.624716308012928
16889,2.624716308012928
16890,2.624716308012928
16891,2.624716308012928
16892,2.624716308012928
16893,2.624716308012928
16894,2.624716308012928
16895,2.624716308012928
16896,2.624716308012928
16897,2.624716308012928
16898,2.624716308012928
16899,2.624716308012928
16900,2.624716308012928
16901,2.624716308012928
16902,2.624716308012928
16903,2.624716308012928
16904,2.624716308012928
16905,2.624716308012928
16906,2.624716308012928
16907,2.624716308012928
16908,2.624716308012928
16909,2.624716308012928
16910,2.624716308012928
16911,2.624716308012928
16912,2.624716308012928
16913,2.624716308012928
16914,2.624716308012928
16915,2.624716308012928
16916,2.624716308012928
