frame,pupil_norm
1,2.262047055035203
2,2.262047055035203
3,2.262047055035203
4,2.262047055035203
5,2.262047055035203
6,2.262047055035203
7,2.262047055035203
8,2.262047055035203
9,2.262047055035203
10,2.262047055035203
11,2.262047055035203
12,2.262047055035203
13,2.262047055035203
14,2.262047055035203
15,2.262047055035203
16,2.262047055035203
17,2.262047055035203
18,2.262047055035203
19,2.262047055035203
20,2.262047055035203
21,2.262047055035203
22,2.262047055035203
23,2.262047055035203
24,2.262047055035203
25,2.262047055035203
26,2.262047055035203
27,2.262047055035203
28,2.262047055035203
29,2.262047055035203
30,2.262047055035203
31,2.262047055035203
32,2.262047055035203
33,2.262047055035203
34,2.262047055035203
35,2.262047055035203
36,2.262047055035203
37,2.262047055035203
38,2.262047055035203
39,2.262047055035203
40,2.262047055035203
41,2.262047055035203
42,2.262047055035203
43,2.262047055035203
44,2.262047055035203
45,2.262047055035203
46,2.262047055035203
47,2.262047055035203
48,2.262047055035203
49,2.262047055035203
50,2.262047055035203
51,2.262047055035203
52,2.262047055035203
53,2.262047055035203
54,2.262047055035203
55,2.262047055035203
56,2.262047055035203
57,2.262047055035203
58,2.262047055035203
59,2.262047055035203
60,2.262047055035203
61,2.262047055035203
62,2.262047055035203
63,2.262047055035203
64,2.262047055035203
65,2.262047055035203
66,2.262047055035203
67,2.262047055035203
68,2.262047055035203
69,2.262047055035203
70,2.262047055035203
71,2.262047055035203
72,2.262047055035203
73,2.262047055035203
74,2.262047055035203
75,2.262047055035203
76,2.262047055035203
77,2.262047055035203
78,2.262047055035203
79,2.262047055035203
80,2.262047055035203
81,2.262047055035203
82,2.262047055035203
83,2.262047055035203
84,2.262047055035203
85,2.262047055035203
86,2.262047055035203
87,2.262047055035203
88,2.262047055035203
89,2.262047055035203
90,2.262047055035203
91,2.262047055035203
92,2.262047055035203
93,2.262047055035203
94,2.262047055035203
95,2.262047055035203
96,2.262047055035203
97,2.262047055035203
98,2.262047055035203
99,2.262047055035203
100,2.262047055035203
101,2.262047055035203
102,2.262047055035203
103,2.262047055035203
104,2.262047055035203
105,2.262047055035203
106,2.262047055035203
107,2.262047055035203
108,2.262047055035203
109,2.262047055035203
110,2.262047055035203
111,2.262047055035203
112,2.262047055035203
113,2.262047055035203
114,2.262047055035203
115,2.262047055035203
116,2.262047055035203
117,2.262047055035203
118,2.262047055035203
119,2.262047055035203
120,2.262047055035203
121,2.262047055035203
122,2.262047055035203
123,2.262047055035203
124,2.262047055035203
125,2.262047055035203
126,2.262047055035203
127,2.262047055035203
128,2.262047055035203
129,2.262047055035203
130,2.262047055035203
131,2.262047055035203
132,2.262047055035203
133,2.262047055035203
134,2.262047055035203
135,2.262047055035203
136,2.262047055035203
137,2.262047055035203
138,2.262047055035203
139,2.262047055035203
140,2.262047055035203
141,2.262047055035203
142,2.262047055035203
143,2.262047055035203
144,2.262047055035203
145,2.262047055035203
146,2.262047055035203
147,2.262047055035203
148,2.262047055035203
149,2.262047055035203
150,2.262047055035203
151,2.262047055035203
152,2.262047055035203
153,2.262047055035203
154,2.262047055035203
155,2.262047055035203
156,2.262047055035203
157,2.262047055035203
158,2.262047055035203
159,2.262047055035203
160,2.262047055035203
161,2.262047055035203
162,2.262047055035203
163,2.262047055035203
164,2.262047055035203
165,2.262047055035203
166,2.262047055035203
167,2.262047055035203
168,2.262047055035203
169,2.262047055035203
170,2.262047055035203
171,2.262047055035203
172,2.262047055035203
173,2.262047055035203
174,2.262047055035203
175,2.262047055035203
176,2.262047055035203
177,2.262047055035203
178,2.262047055035203
179,2.262047055035203
180,2.262047055035203
181,2.262047055035203
182,2.262047055035203
183,2.262047055035203
184,2.262047055035203
185,2.262047055035203
186,2.262047055035203
187,2.262047055035203
188,2.262047055035203
189,2.262047055035203
190,2.262047055035203
191,2.262047055035203
192,2.262047055035203
193,2.262047055035203
194,2.262047055035203
195,2.262047055035203
196,2.262047055035203
197,2.262047055035203
198,2.262047055035203
199,2.262047055035203
200,2.262047055035203
201,2.262047055035203
202,2.262047055035203
203,2.262047055035203
204,2.262047055035203
205,2.262047055035203
206,2.262047055035203
207,2.262047055035203
208,2.262047055035203
209,2.262047055035203
210,2.262047055035203
211,2.262047055035203
212,2.262047055035203
213,2.262047055035203
214,2.262047055035203
215,2.262047055035203
216,2.262047055035203
217,2.262047055035203
218,2.262047055035203
219,2.262047055035203
220,2.262047055035203
221,2.262047055035203
222,2.262047055035203
223,2.262047055035203
224,2.262047055035203
225,2.262047055035203
226,2.262047055035203
227,2.262047055035203
228,2.262047055035203
229,2.262047055035203
230,2.262047055035203
231,2.262047055035203
232,2.262047055035203
233,2.262047055035203
234,2.262047055035203
235,2.262047055035203
236,2.262047055035203
237,2.262047055035203
238,2.262047055035203
239,2.262047055035203
240,2.262047055035203
241,2.262047055035203
242,2.262047055035203
243,2.262047055035203
244,2.262047055035203
245,2.262047055035203
246,2.262047055035203
247,2.262047055035203
248,2.262047055035203
249,2.262047055035203
250,2.262047055035203
251,2.262047055035203
252,2.262047055035203
253,2.262047055035203
254,2.262047055035203
255,2.262047055035203
256,2.262047055035203
257,2.262047055035203
258,2.262047055035203
259,2.262047055035203
260,2.262047055035203
261,2.262047055035203
262,2.262047055035203
263,2.262047055035203
264,2.262047055035203
265,2.262047055035203
266,2.262047055035203
267,2.262047055035203
268,2.262047055035203
269,2.262047055035203
270,2.262047055035203
271,2.262047055035203
272,2.262047055035203
273,2.262047055035203
274,2.262047055035203
275,2.262047055035203
276,2.262047055035203
277,2.262047055035203
278,2.262047055035203
279,2.262047055035203
280,2.262047055035203
281,2.262047055035203
282,2.262047055035203
283,2.262047055035203
284,2.262047055035203
285,2.262047055035203
286,2.262047055035203
287,2.262047055035203
288,2.262047055035203
289,2.262047055035203
290,2.262047055035203
291,2.262047055035203
292,2.262047055035203
293,2.262047055035203
294,2.262047055035203
295,2.262047055035203
296,2.262047055035203
297,2.262047055035203
298,2.262047055035203
299,2.262047055035203
300,2.262047055035203
301,2.262047055035203
302,2.262047055035203
303,2.262047055035203
304,2.262047055035203
305,2.262047055035203
306,2.262047055035203
307,2.262047055035203
308,2.262047055035203
309,2.262047055035203
310,2.262047055035203
311,2.262047055035203
312,2.262047055035203
313,2.262047055035203
314,2.262047055035203
315,2.262047055035203
316,2.262047055035203
317,2.262047055035203
318,2.262047055035203
319,2.262047055035203
320,2.262047055035203
321,2.262047055035203
322,2.262047055035203
323,2.262047055035203
324,2.262047055035203
325,2.262047055035203
326,2.262047055035203
327,2.262047055035203
328,2.262047055035203
329,2.262047055035203
330,2.262047055035203
331,2.262047055035203
332,2.262047055035203
333,2.262047055035203
334,2.262047055035203
335,2.262047055035203
336,2.262047055035203
337,2.262047055035203
338,2.262047055035203
339,2.262047055035203
340,2.262047055035203
341,2.262047055035203
342,2.262047055035203
343,2.262047055035203
344,2.262047055035203
345,2.262047055035203
346,2.262047055035203
347,2.262047055035203
348,2.262047055035203
349,2.262047055035203
350,2.262047055035203
351,2.262047055035203
352,2.262047055035203
353,2.262047055035203
354,2.262047055035203
355,2.262047055035203
356,2.262047055035203
357,2.262047055035203
358,2.262047055035203
359,2.262047055035203
360,2.262047055035203
361,2.262047055035203
362,2.262047055035203
363,2.262047055035203
364,2.262047055035203
365,2.262047055035203
366,2.262047055035203
367,2.262047055035203
368,2.262047055035203
369,2.262047055035203
370,2.262047055035203
371,2.262047055035203
372,2.262047055035203
373,2.262047055035203
374,2.262047055035203
375,2.262047055035203
376,2.262047055035203
377,2.262047055035203
378,2.262047055035203
379,2.262047055035203
380,2.262047055035203
381,2.262047055035203
382,2.262047055035203
383,2.262047055035203
384,2.262047055035203
385,2.262047055035203
386,2.262047055035203
387,2.262047055035203
388,2.262047055035203
389,2.262047055035203
390,2.262047055035203
391,2.262047055035203
392,2.262047055035203
393,2.262047055035203
394,2.262047055035203
395,2.262047055035203
396,2.262047055035203
397,2.262047055035203
398,2.262047055035203
399,2.262047055035203
400,2.262047055035203
401,2.262047055035203
402,2.262047055035203
403,2.262047055035203
404,2.262047055035203
405,2.262047055035203
406,2.262047055035203
407,2.262047055035203
408,2.262047055035203
409,2.262047055035203
410,2.262047055035203
411,2.262047055035203
412,2.262047055035203
413,2.262047055035203
414,2.262047055035203
415,2.262047055035203
416,2.262047055035203
417,2.262047055035203
418,2.262047055035203
419,2.262047055035203
420,2.262047055035203
421,2.262047055035203
422,2.262047055035203
423,2.262047055035203
424,2.262047055035203
425,2.262047055035203
426,2.262047055035203
427,2.262047055035203
428,2.262047055035203
429,2.262047055035203
430,2.262047055035203
431,2.262047055035203
432,2.262047055035203
433,2.262047055035203
434,2.262047055035203
435,2.262047055035203
436,2.262047055035203
437,2.262047055035203
438,2.262047055035203
439,2.262047055035203
440,2.262047055035203
441,2.262047055035203
442,2.262047055035203
443,2.262047055035203
444,2.262047055035203
445,2.262047055035203
446,2.262047055035203
447,2.262047055035203
448,2.262047055035203
449,2.262047055035203
450,2.262047055035203
451,2.262047055035203
452,2.262047055035203
453,2.262047055035203
454,2.262047055035203
455,2.262047055035203
456,2.262047055035203
457,2.262047055035203
458,2.262047055035203
459,2.262047055035203
460,2.262047055035203
461,2.262047055035203
462,2.262047055035203
463,2.262047055035203
464,2.262047055035203
465,2.262047055035203
466,2.262047055035203
467,2.262047055035203
468,2.262047055035203
469,2.262047055035203
470,2.262047055035203
471,2.262047055035203
472,2.262047055035203
473,2.262047055035203
474,2.262047055035203
475,2.262047055035203
476,2.262047055035203
477,2.262047055035203
478,2.262047055035203
479,2.262047055035203
480,2.262047055035203
481,2.262047055035203
482,2.262047055035203
483,2.262047055035203
484,2.262047055035203
485,2.262047055035203
486,2.262047055035203
487,2.262047055035203
488,2.262047055035203
489,-17.866455419598424
490,-17.866455419598424
491,-17.866455419598424
492,-17.866455419598424
493,-17.866455419598424
494,-17.866455419598424
495,-17.866455419598424
496,-17.866455419598424
497,-17.866455419598424
498,-17.866455419598424
499,-17.866455419598424
500,-17.866455419598424
501,-17.866455419598424
502,-17.866455419598424
503,-17.866455419598424
504,-17.866455419598424
505,-17.866455419598424
506,-17.866455419598424
507,-17.866455419598424
508,-17.866455419598424
509,-17.866455419598424
510,-17.866455419598424
511,-17.866455419598424
512,-17.866455419598424
513,-17.866455419598424
514,-17.866455419598424
515,-17.866455419598424
516,-17.866455419598424
517,-17.866455419598424
518,-17.866455419598424
519,-17.866455419598424
520,-17.866455419598424
521,-17.866455419598424
522,-17.866455419598424
523,-17.866455419598424
524,-17.866455419598424
525,-17.866455419598424
526,-17.866455419598424
527,-17.866455419598424
528,-17.866455419598424
529,-17.866455419598424
530,-17.866455419598424
531,-17.866455419598424
532,-17.866455419598424
533,-17.866455419598424
534,-17.866455419598424
535,-17.866455419598424
536,-17.866455419598424
537,-17.866455419598424
538,-17.866455419598424
539,-17.866455419598424
540,-17.866455419598424
541,-17.866455419598424
542,-17.866455419598424
543,-17.866455419598424
544,-17.866455419598424
545,-17.866455419598424
546,-17.866455419598424
547,-17.866455419598424
548,-17.866455419598424
549,-17.866455419598424
550,-17.866455419598424
551,-17.866455419598424
552,-17.866455419598424
553,-17.866455419598424
554,-17.866455419598424
555,-17.866455419598424
556,-17.866455419598424
557,-17.866455419598424
558,-17.866455419598424
559,-17.866455419598424
560,-17.866455419598424
561,-17.866455419598424
562,-17.866455419598424
563,-17.866455419598424
564,-17.866455419598424
565,-17.866455419598424
566,-17.866455419598424
567,-17.866455419598424
568,-17.866455419598424
569,-17.866455419598424
570,-17.866455419598424
571,-17.866455419598424
572,-17.866455419598424
573,-17.866455419598424
574,-17.866455419598424
575,-17.866455419598424
576,-17.866455419598424
577,-17.866455419598424
578,-17.866455419598424
579,-17.866455419598424
580,-17.866455419598424
581,-17.866455419598424
582,-17.866455419598424
583,-17.866455419598424
584,-17.866455419598424
585,-17.866455419598424
586,-17.866455419598424
587,-17.866455419598424
588,-17.866455419598424
589,-17.866455419598424
590,-17.866455419598424
591,-17.866455419598424
592,-17.866455419598424
593,-17.866455419598424
594,-17.866455419598424
595,-17.866455419598424
596,-17.866455419598424
597,-17.866455419598424
598,-17.866455419598424
599,-17.866455419598424
600,-17.866455419598424
601,-17.866455419598424
602,-17.866455419598424
603,-17.866455419598424
604,-17.866455419598424
605,-17.866455419598424
606,-17.866455419598424
607,-17.866455419598424
608,-17.866455419598424
609,-17.866455419598424
610,-17.866455419598424
611,-17.866455419598424
612,-17.866455419598424
613,-17.866455419598424
614,-17.866455419598424
615,-17.866455419598424
616,-17.866455419598424
617,-17.866455419598424
618,-17.866455419598424
619,-17.866455419598424
620,-17.866455419598424
621,-17.866455419598424
622,-17.866455419598424
623,-17.866455419598424
624,-17.866455419598424
625,-17.866455419598424
626,-17.866455419598424
627,-17.866455419598424
628,-17.866455419598424
629,-17.866455419598424
630,-17.866455419598424
631,-17.866455419598424
632,-17.866455419598424
633,-17.866455419598424
634,-17.866455419598424
635,-17.866455419598424
636,-17.866455419598424
637,-17.866455419598424
638,-17.866455419598424
639,-17.866455419598424
640,-17.866455419598424
641,-17.866455419598424
642,-17.866455419598424
643,-17.866455419598424
644,-17.866455419598424
645,-17.866455419598424
646,-17.866455419598424
647,-17.866455419598424
648,-17.866455419598424
649,-17.866455419598424
650,-17.866455419598424
651,-17.866455419598424
652,-17.866455419598424
653,-17.866455419598424
654,-17.866455419598424
655,-17.866455419598424
656,-17.866455419598424
657,-17.866455419598424
658,-17.866455419598424
659,-17.866455419598424
660,-17.866455419598424
661,-17.866455419598424
662,-17.866455419598424
663,-17.866455419598424
664,-17.866455419598424
665,-17.866455419598424
666,-17.866455419598424
667,-17.866455419598424
668,-17.866455419598424
669,-17.866455419598424
670,-17.866455419598424
671,-17.866455419598424
672,-17.866455419598424
673,-17.866455419598424
674,-17.866455419598424
675,-17.866455419598424
676,-17.866455419598424
677,-17.866455419598424
678,-17.866455419598424
679,-17.866455419598424
680,-17.866455419598424
681,-17.866455419598424
682,-17.866455419598424
683,-17.866455419598424
684,-17.866455419598424
685,-17.866455419598424
686,-17.866455419598424
687,-17.866455419598424
688,-17.866455419598424
689,-17.866455419598424
690,-17.866455419598424
691,-17.866455419598424
692,-17.866455419598424
693,-17.866455419598424
694,-17.866455419598424
695,-17.866455419598424
696,-17.866455419598424
697,-17.866455419598424
698,-17.866455419598424
699,-17.866455419598424
700,-17.866455419598424
701,-17.866455419598424
702,-17.866455419598424
703,-17.866455419598424
704,-17.866455419598424
705,-17.866455419598424
706,-17.866455419598424
707,-17.866455419598424
708,-17.866455419598424
709,-17.866455419598424
710,-17.866455419598424
711,-17.866455419598424
712,-17.866455419598424
713,-17.866455419598424
714,-17.866455419598424
715,-17.866455419598424
716,-17.866455419598424
717,-17.866455419598424
718,-17.866455419598424
719,-17.866455419598424
720,-17.866455419598424
721,-17.866455419598424
722,-17.866455419598424
723,-17.866455419598424
724,-17.866455419598424
725,-17.866455419598424
726,-17.866455419598424
727,-17.866455419598424
728,-17.866455419598424
729,-17.866455419598424
730,-17.866455419598424
731,-17.866455419598424
732,-17.866455419598424
733,-17.866455419598424
734,-17.866455419598424
735,-17.866455419598424
736,-17.866455419598424
737,-17.866455419598424
738,-17.866455419598424
739,-17.866455419598424
740,-17.866455419598424
741,-17.866455419598424
742,-17.866455419598424
743,-17.866455419598424
744,-17.866455419598424
745,-17.866455419598424
746,-17.866455419598424
747,-17.866455419598424
748,-17.866455419598424
749,-17.866455419598424
750,-17.866455419598424
751,-17.866455419598424
752,-17.866455419598424
753,-17.866455419598424
754,-17.866455419598424
755,-17.866455419598424
756,-17.866455419598424
757,-17.866455419598424
758,-17.866455419598424
759,-17.866455419598424
760,-17.866455419598424
761,-17.866455419598424
762,-17.866455419598424
763,-17.866455419598424
764,-17.866455419598424
765,-17.866455419598424
766,-17.866455419598424
767,-17.866455419598424
768,-17.866455419598424
769,-17.866455419598424
770,-17.866455419598424
771,-17.866455419598424
772,-17.866455419598424
773,-17.866455419598424
774,-17.866455419598424
775,-17.866455419598424
776,-17.866455419598424
777,-17.866455419598424
778,-17.866455419598424
779,-17.866455419598424
780,-17.866455419598424
781,-17.866455419598424
782,-17.866455419598424
783,-17.866455419598424
784,-17.866455419598424
785,-17.866455419598424
786,-17.866455419598424
787,-17.866455419598424
788,-17.866455419598424
789,-17.866455419598424
790,-17.866455419598424
791,-17.866455419598424
792,-17.866455419598424
793,-17.866455419598424
794,-17.866455419598424
795,-17.866455419598424
796,-17.866455419598424
797,-17.866455419598424
798,-17.866455419598424
799,-17.866455419598424
800,-17.866455419598424
801,-17.866455419598424
802,-17.866455419598424
803,-17.866455419598424
804,-17.866455419598424
805,-17.866455419598424
806,-17.866455419598424
807,-17.866455419598424
808,-17.866455419598424
809,-17.866455419598424
810,-17.866455419598424
811,-17.866455419598424
812,-17.866455419598424
813,-17.866455419598424
814,-17.866455419598424
815,-17.866455419598424
816,-17.866455419598424
817,-17.866455419598424
818,-17.866455419598424
819,-17.866455419598424
820,-17.866455419598424
821,-17.866455419598424
822,-17.866455419598424
823,-17.866455419598424
824,-17.866455419598424
825,-17.866455419598424
826,-17.866455419598424
827,-17.866455419598424
828,-17.866455419598424
829,-17.866455419598424
830,-17.866455419598424
831,-17.866455419598424
832,-17.866455419598424
833,-17.866455419598424
834,-17.866455419598424
835,-17.866455419598424
836,-17.866455419598424
837,-17.866455419598424
838,-17.866455419598424
839,-17.866455419598424
840,-17.866455419598424
841,-17.866455419598424
842,-17.866455419598424
843,-17.866455419598424
844,-17.866455419598424
845,-17.866455419598424
846,-17.866455419598424
847,-17.866455419598424
848,-17.866455419598424
849,-17.866455419598424
850,-17.866455419598424
851,-17.866455419598424
852,-17.866455419598424
853,-17.866455419598424
854,-17.866455419598424
855,-17.866455419598424
856,-17.866455419598424
857,-17.866455419598424
858,-17.866455419598424
859,-17.866455419598424
860,-17.866455419598424
861,-17.866455419598424
862,-17.866455419598424
863,-17.866455419598424
864,-17.866455419598424
865,-17.866455419598424
866,-17.866455419598424
867,-17.866455419598424
868,-17.866455419598424
869,-17.866455419598424
870,-17.866455419598424
871,-17.866455419598424
872,-17.866455419598424
873,-17.866455419598424
874,-17.866455419598424
875,-17.866455419598424
876,-17.866455419598424
877,-17.866455419598424
878,-17.866455419598424
879,-17.866455419598424
880,-17.866455419598424
881,-17.866455419598424
882,-17.866455419598424
883,-17.866455419598424
884,-17.866455419598424
885,-17.866455419598424
886,-17.866455419598424
887,-17.866455419598424
888,-17.866455419598424
889,-17.866455419598424
890,-17.866455419598424
891,-17.866455419598424
892,-17.866455419598424
893,-17.866455419598424
894,-17.866455419598424
895,-17.866455419598424
896,-17.866455419598424
897,-17.866455419598424
898,-17.866455419598424
899,-17.866455419598424
900,-17.866455419598424
901,-17.866455419598424
902,-17.866455419598424
903,-17.866455419598424
904,-17.866455419598424
905,-17.866455419598424
906,-17.866455419598424
907,-17.866455419598424
908,-17.866455419598424
909,-17.866455419598424
910,-17.866455419598424
911,-17.866455419598424
912,-17.866455419598424
913,-17.866455419598424
914,-17.866455419598424
915,-17.866455419598424
916,-17.866455419598424
917,-17.866455419598424
918,-17.866455419598424
919,-17.866455419598424
920,-17.866455419598424
921,-17.866455419598424
922,-17.866455419598424
923,-17.866455419598424
924,-17.866455419598424
925,-17.866455419598424
926,-17.866455419598424
927,-17.866455419598424
928,-17.866455419598424
929,-17.866455419598424
930,-17.866455419598424
931,-17.866455419598424
932,-17.866455419598424
933,-17.866455419598424
934,-17.866455419598424
935,-17.866455419598424
936,-17.866455419598424
937,-17.866455419598424
938,-17.866455419598424
939,-17.866455419598424
940,-17.866455419598424
941,-17.866455419598424
942,-17.866455419598424
943,-17.866455419598424
944,-17.866455419598424
945,-17.866455419598424
946,-17.866455419598424
947,-17.866455419598424
948,-17.866455419598424
949,-17.866455419598424
950,-17.866455419598424
951,-17.866455419598424
952,-17.866455419598424
953,-17.866455419598424
954,-17.866455419598424
955,-17.866455419598424
956,-17.866455419598424
957,-17.866455419598424
958,-17.866455419598424
959,-17.866455419598424
960,-17.866455419598424
961,-17.866455419598424
962,-17.866455419598424
963,-17.866455419598424
964,-17.866455419598424
965,-17.866455419598424
966,-17.866455419598424
967,-17.866455419598424
968,-17.866455419598424
969,-17.866455419598424
970,-17.866455419598424
971,-17.866455419598424
972,-17.866455419598424
973,-17.866455419598424
974,-17.866455419598424
975,-17.866455419598424
976,-17.866455419598424
977,-17.866455419598424
978,-17.866455419598424
979,-17.866455419598424
980,-17.866455419598424
981,-17.866455419598424
982,-17.866455419598424
983,-17.866455419598424
984,-20.642800588513406
985,-20.642800588513406
986,-20.642800588513406
987,-20.642800588513406
988,-20.642800588513406
989,-20.642800588513406
990,-20.642800588513406
991,-20.642800588513406
992,-20.642800588513406
993,-20.642800588513406
994,-20.642800588513406
995,-20.642800588513406
996,-20.642800588513406
997,-20.642800588513406
998,-20.642800588513406
999,-20.642800588513406
1000,-20.642800588513406
1001,-20.642800588513406
1002,-20.642800588513406
1003,-20.642800588513406
1004,-20.642800588513406
1005,-20.642800588513406
1006,-20.642800588513406
1007,-20.642800588513406
1008,-20.642800588513406
1009,-20.642800588513406
1010,-20.642800588513406
1011,-20.642800588513406
1012,-20.642800588513406
1013,-20.642800588513406
1014,-20.642800588513406
1015,-20.642800588513406
1016,-20.642800588513406
1017,-20.642800588513406
1018,-20.642800588513406
1019,-20.642800588513406
1020,-20.642800588513406
1021,-20.642800588513406
1022,-20.642800588513406
1023,-20.642800588513406
1024,-20.642800588513406
1025,-20.642800588513406
1026,-20.642800588513406
1027,-20.642800588513406
1028,-20.642800588513406
1029,-20.642800588513406
1030,-20.642800588513406
1031,-20.642800588513406
1032,-20.642800588513406
1033,-20.642800588513406
1034,-20.642800588513406
1035,-20.642800588513406
1036,-20.642800588513406
1037,-20.642800588513406
1038,-20.642800588513406
1039,-20.642800588513406
1040,-20.642800588513406
1041,-20.642800588513406
1042,-20.642800588513406
1043,-20.642800588513406
1044,-20.642800588513406
1045,-20.642800588513406
1046,-20.642800588513406
1047,-20.642800588513406
1048,-20.642800588513406
1049,-20.642800588513406
1050,-20.642800588513406
1051,-20.642800588513406
1052,-20.642800588513406
1053,-20.642800588513406
1054,-20.642800588513406
1055,-20.642800588513406
1056,-20.642800588513406
1057,-20.642800588513406
1058,-20.642800588513406
1059,-20.642800588513406
1060,-20.642800588513406
1061,-20.642800588513406
1062,-20.642800588513406
1063,-20.642800588513406
1064,-20.642800588513406
1065,-20.642800588513406
1066,-20.642800588513406
1067,-20.642800588513406
1068,-20.642800588513406
1069,-20.642800588513406
1070,-20.642800588513406
1071,-20.642800588513406
1072,-20.642800588513406
1073,-20.642800588513406
1074,-20.642800588513406
1075,-20.642800588513406
1076,-20.642800588513406
1077,-20.642800588513406
1078,-20.642800588513406
1079,-20.642800588513406
1080,-20.642800588513406
1081,-20.642800588513406
1082,-20.642800588513406
1083,-20.642800588513406
1084,-20.642800588513406
1085,-20.642800588513406
1086,-20.642800588513406
1087,-20.642800588513406
1088,-20.642800588513406
1089,-20.642800588513406
1090,-20.642800588513406
1091,-20.642800588513406
1092,-20.642800588513406
1093,-20.642800588513406
1094,-20.642800588513406
1095,-20.642800588513406
1096,-20.642800588513406
1097,-20.642800588513406
1098,-20.642800588513406
1099,-20.642800588513406
1100,-20.642800588513406
1101,-20.642800588513406
1102,-20.642800588513406
1103,-20.642800588513406
1104,-20.642800588513406
1105,-20.642800588513406
1106,-20.642800588513406
1107,-20.642800588513406
1108,-20.642800588513406
1109,-20.642800588513406
1110,-20.642800588513406
1111,-20.642800588513406
1112,-20.642800588513406
1113,-20.642800588513406
1114,-20.642800588513406
1115,-20.642800588513406
1116,-20.642800588513406
1117,-20.642800588513406
1118,-20.642800588513406
1119,-20.642800588513406
1120,-20.642800588513406
1121,-20.642800588513406
1122,-20.642800588513406
1123,-20.642800588513406
1124,-20.642800588513406
1125,-20.642800588513406
1126,-20.642800588513406
1127,-20.642800588513406
1128,-20.642800588513406
1129,-20.642800588513406
1130,-20.642800588513406
1131,-20.642800588513406
1132,-20.642800588513406
1133,-20.642800588513406
1134,-20.642800588513406
1135,-20.642800588513406
1136,-20.642800588513406
1137,-20.642800588513406
1138,-20.642800588513406
1139,-20.642800588513406
1140,-20.642800588513406
1141,-20.642800588513406
1142,-20.642800588513406
1143,-20.642800588513406
1144,-20.642800588513406
1145,-20.642800588513406
1146,-20.642800588513406
1147,-20.642800588513406
1148,-20.642800588513406
1149,-20.642800588513406
1150,-20.642800588513406
1151,-20.642800588513406
1152,-20.642800588513406
1153,-20.642800588513406
1154,-20.642800588513406
1155,-20.642800588513406
1156,-20.642800588513406
1157,-20.642800588513406
1158,-20.642800588513406
1159,-20.642800588513406
1160,-20.642800588513406
1161,-20.642800588513406
1162,-20.642800588513406
1163,-20.642800588513406
1164,-20.642800588513406
1165,-20.642800588513406
1166,-20.642800588513406
1167,-20.642800588513406
1168,-20.642800588513406
1169,-20.642800588513406
1170,-20.642800588513406
1171,-20.642800588513406
1172,-20.642800588513406
1173,-20.642800588513406
1174,-20.642800588513406
1175,-20.642800588513406
1176,-20.642800588513406
1177,-20.642800588513406
1178,-20.642800588513406
1179,-20.642800588513406
1180,-20.642800588513406
1181,-20.642800588513406
1182,-20.642800588513406
1183,-20.642800588513406
1184,-20.642800588513406
1185,-20.642800588513406
1186,-20.642800588513406
1187,-20.642800588513406
1188,-20.642800588513406
1189,-20.642800588513406
1190,-20.642800588513406
1191,-20.642800588513406
1192,-20.642800588513406
1193,-20.642800588513406
1194,-20.642800588513406
1195,-20.642800588513406
1196,-20.642800588513406
1197,-20.642800588513406
1198,-20.642800588513406
1199,-20.642800588513406
1200,-20.642800588513406
1201,-20.642800588513406
1202,-20.642800588513406
1203,-20.642800588513406
1204,-20.642800588513406
1205,-20.642800588513406
1206,-20.642800588513406
1207,-20.642800588513406
1208,-20.642800588513406
1209,-20.642800588513406
1210,-20.642800588513406
1211,-20.642800588513406
1212,-20.642800588513406
1213,-20.642800588513406
1214,-20.642800588513406
1215,-20.642800588513406
1216,-20.642800588513406
1217,-20.642800588513406
1218,-20.642800588513406
1219,-20.642800588513406
1220,-20.642800588513406
1221,-20.642800588513406
1222,-20.642800588513406
1223,-20.642800588513406
1224,-20.642800588513406
1225,-20.642800588513406
1226,-20.642800588513406
1227,-20.642800588513406
1228,-20.642800588513406
1229,-20.642800588513406
1230,-20.642800588513406
1231,-20.642800588513406
1232,-20.642800588513406
1233,-20.642800588513406
1234,-20.642800588513406
1235,-20.642800588513406
1236,-20.642800588513406
1237,-20.642800588513406
1238,-20.642800588513406
1239,-20.642800588513406
1240,-20.642800588513406
1241,-20.642800588513406
1242,-20.642800588513406
1243,-20.642800588513406
1244,-20.642800588513406
1245,-20.642800588513406
1246,-20.642800588513406
1247,-20.642800588513406
1248,-20.642800588513406
1249,-20.642800588513406
1250,-20.642800588513406
1251,-20.642800588513406
1252,-20.642800588513406
1253,-20.642800588513406
1254,-20.642800588513406
1255,-20.642800588513406
1256,-20.642800588513406
1257,-20.642800588513406
1258,-20.642800588513406
1259,-20.642800588513406
1260,-20.642800588513406
1261,-20.642800588513406
1262,-20.642800588513406
1263,-20.642800588513406
1264,-20.642800588513406
1265,-20.642800588513406
1266,-20.642800588513406
1267,-20.642800588513406
1268,-20.642800588513406
1269,-20.642800588513406
1270,-20.642800588513406
1271,-20.642800588513406
1272,-20.642800588513406
1273,-20.642800588513406
1274,-20.642800588513406
1275,-20.642800588513406
1276,-20.642800588513406
1277,-20.642800588513406
1278,-20.642800588513406
1279,-20.642800588513406
1280,-20.642800588513406
1281,-20.642800588513406
1282,-20.642800588513406
1283,-20.642800588513406
1284,-20.642800588513406
1285,-20.642800588513406
1286,-20.642800588513406
1287,-20.642800588513406
1288,-20.642800588513406
1289,-20.642800588513406
1290,-20.642800588513406
1291,-20.642800588513406
1292,-20.642800588513406
1293,-6.066988451709745
1294,-6.066988451709745
1295,-6.066988451709745
1296,-6.066988451709745
1297,-6.066988451709745
1298,-6.066988451709745
1299,-6.066988451709745
1300,-6.066988451709745
1301,-6.066988451709745
1302,-6.066988451709745
1303,-6.066988451709745
1304,-6.066988451709745
1305,-6.066988451709745
1306,-6.066988451709745
1307,-6.066988451709745
1308,-6.066988451709745
1309,-6.066988451709745
1310,-6.066988451709745
1311,-6.066988451709745
1312,-6.066988451709745
1313,-6.066988451709745
1314,-6.066988451709745
1315,-6.066988451709745
1316,-6.066988451709745
1317,-6.066988451709745
1318,-6.066988451709745
1319,-6.066988451709745
1320,-6.066988451709745
1321,-6.066988451709745
1322,-6.066988451709745
1323,-6.066988451709745
1324,-6.066988451709745
1325,-6.066988451709745
1326,-6.066988451709745
1327,-6.066988451709745
1328,-6.066988451709745
1329,-6.066988451709745
1330,-6.066988451709745
1331,-6.066988451709745
1332,-6.066988451709745
1333,-6.066988451709745
1334,-6.066988451709745
1335,-6.066988451709745
1336,-6.066988451709745
1337,-6.066988451709745
1338,-6.066988451709745
1339,-6.066988451709745
1340,-6.066988451709745
1341,-6.066988451709745
1342,-6.066988451709745
1343,-6.066988451709745
1344,-6.066988451709745
1345,-6.066988451709745
1346,-6.066988451709745
1347,-6.066988451709745
1348,-6.066988451709745
1349,-6.066988451709745
1350,-6.066988451709745
1351,-6.066988451709745
1352,-6.066988451709745
1353,-6.066988451709745
1354,-6.066988451709745
1355,-6.066988451709745
1356,-6.066988451709745
1357,-6.066988451709745
1358,-6.066988451709745
1359,-6.066988451709745
1360,-6.066988451709745
1361,-6.066988451709745
1362,-6.066988451709745
1363,-6.066988451709745
1364,-6.066988451709745
1365,-6.066988451709745
1366,-6.066988451709745
1367,-6.066988451709745
1368,-6.066988451709745
1369,-6.066988451709745
1370,-6.066988451709745
1371,-6.066988451709745
1372,-6.066988451709745
1373,-6.066988451709745
1374,-6.066988451709745
1375,-6.066988451709745
1376,-6.066988451709745
1377,-6.066988451709745
1378,-6.066988451709745
1379,-6.066988451709745
1380,-6.066988451709745
1381,-6.066988451709745
1382,-6.066988451709745
1383,-6.066988451709745
1384,-6.066988451709745
1385,-6.066988451709745
1386,-6.066988451709745
1387,-6.066988451709745
1388,-6.066988451709745
1389,-6.066988451709745
1390,-6.066988451709745
1391,-6.066988451709745
1392,-6.066988451709745
1393,-6.066988451709745
1394,-6.066988451709745
1395,-6.066988451709745
1396,-6.066988451709745
1397,-6.066988451709745
1398,-6.066988451709745
1399,-6.066988451709745
1400,-6.066988451709745
1401,-6.066988451709745
1402,-6.066988451709745
1403,-6.066988451709745
1404,-6.066988451709745
1405,-6.066988451709745
1406,-6.066988451709745
1407,-6.066988451709745
1408,-6.066988451709745
1409,-6.066988451709745
1410,-6.066988451709745
1411,-6.066988451709745
1412,-6.066988451709745
1413,-6.066988451709745
1414,-6.066988451709745
1415,-6.066988451709745
1416,-6.066988451709745
1417,-6.066988451709745
1418,-6.066988451709745
1419,-6.066988451709745
1420,-6.066988451709745
1421,-6.066988451709745
1422,-6.066988451709745
1423,-6.066988451709745
1424,-6.066988451709745
1425,-6.066988451709745
1426,-6.066988451709745
1427,-6.066988451709745
1428,-6.066988451709745
1429,-6.066988451709745
1430,-6.066988451709745
1431,-6.066988451709745
1432,-6.066988451709745
1433,-6.066988451709745
1434,-6.066988451709745
1435,-6.066988451709745
1436,-6.066988451709745
1437,-6.066988451709745
1438,-6.066988451709745
1439,-6.066988451709745
1440,-6.066988451709745
1441,-6.066988451709745
1442,-6.066988451709745
1443,-6.066988451709745
1444,-6.066988451709745
1445,-6.066988451709745
1446,-6.066988451709745
1447,-6.066988451709745
1448,-6.066988451709745
1449,-6.066988451709745
1450,-6.066988451709745
1451,-6.066988451709745
1452,-6.066988451709745
1453,-6.066988451709745
1454,-6.066988451709745
1455,-6.066988451709745
1456,-6.066988451709745
1457,-6.066988451709745
1458,-6.066988451709745
1459,-6.066988451709745
1460,-6.066988451709745
1461,-6.066988451709745
1462,-6.066988451709745
1463,-6.066988451709745
1464,-6.066988451709745
1465,-6.066988451709745
1466,-6.066988451709745
1467,-6.066988451709745
1468,-6.066988451709745
1469,-6.066988451709745
1470,-6.066988451709745
1471,-6.066988451709745
1472,-6.066988451709745
1473,-6.066988451709745
1474,-6.066988451709745
1475,-6.066988451709745
1476,-6.066988451709745
1477,-6.066988451709745
1478,-6.066988451709745
1479,-6.066988451709745
1480,-6.066988451709745
1481,-6.066988451709745
1482,-6.066988451709745
1483,-6.066988451709745
1484,-6.066988451709745
1485,-6.066988451709745
1486,-6.066988451709745
1487,-6.066988451709745
1488,-6.066988451709745
1489,-6.066988451709745
1490,-6.066988451709745
1491,-6.066988451709745
1492,-6.066988451709745
1493,-6.066988451709745
1494,-6.066988451709745
1495,-6.066988451709745
1496,-6.066988451709745
1497,-6.066988451709745
1498,-6.066988451709745
1499,-6.066988451709745
1500,-6.066988451709745
1501,-6.066988451709745
1502,-6.066988451709745
1503,-6.066988451709745
1504,-6.066988451709745
1505,-6.066988451709745
1506,-6.066988451709745
1507,-6.066988451709745
1508,-6.066988451709745
1509,-6.066988451709745
1510,-6.066988451709745
1511,-6.066988451709745
1512,-6.066988451709745
1513,-6.066988451709745
1514,-6.066988451709745
1515,-6.066988451709745
1516,-6.066988451709745
1517,-6.066988451709745
1518,-6.066988451709745
1519,-6.066988451709745
1520,-6.066988451709745
1521,-6.066988451709745
1522,-6.066988451709745
1523,-6.066988451709745
1524,-6.066988451709745
1525,-6.066988451709745
1526,-6.066988451709745
1527,-6.066988451709745
1528,-6.066988451709745
1529,-6.066988451709745
1530,-6.066988451709745
1531,-6.066988451709745
1532,-6.066988451709745
1533,-6.066988451709745
1534,-6.066988451709745
1535,-6.066988451709745
1536,-6.066988451709745
1537,-6.066988451709745
1538,-6.066988451709745
1539,-6.066988451709745
1540,-6.066988451709745
1541,-6.066988451709745
1542,-6.066988451709745
1543,-6.066988451709745
1544,-6.066988451709745
1545,-6.066988451709745
1546,-6.066988451709745
1547,-6.066988451709745
1548,-6.066988451709745
1549,-6.066988451709745
1550,-6.066988451709745
1551,-6.066988451709745
1552,-6.066988451709745
1553,-6.066988451709745
1554,-6.066988451709745
1555,-6.066988451709745
1556,-6.066988451709745
1557,-6.066988451709745
1558,-6.066988451709745
1559,-6.066988451709745
1560,-6.066988451709745
1561,-6.066988451709745
1562,-6.066988451709745
1563,-6.066988451709745
1564,-6.066988451709745
1565,-6.066988451709745
1566,-6.066988451709745
1567,-6.066988451709745
1568,-6.066988451709745
1569,-6.066988451709745
1570,-6.066988451709745
1571,-6.066988451709745
1572,-6.066988451709745
1573,-6.066988451709745
1574,-6.066988451709745
1575,-6.066988451709745
1576,-6.066988451709745
1577,-6.066988451709745
1578,-6.066988451709745
1579,-6.066988451709745
1580,-6.066988451709745
1581,-6.066988451709745
1582,-6.066988451709745
1583,-6.066988451709745
1584,-6.066988451709745
1585,-6.066988451709745
1586,-6.066988451709745
1587,-6.066988451709745
1588,-6.066988451709745
1589,-6.066988451709745
1590,-6.066988451709745
1591,-6.066988451709745
1592,-6.066988451709745
1593,-6.066988451709745
1594,-6.066988451709745
1595,-6.066988451709745
1596,-6.066988451709745
1597,-6.066988451709745
1598,-6.066988451709745
1599,-6.066988451709745
1600,-6.066988451709745
1601,-6.066988451709745
1602,-6.066988451709745
1603,-6.066988451709745
1604,-6.066988451709745
1605,-6.066988451709745
1606,-6.066988451709745
1607,-6.066988451709745
1608,-6.066988451709745
1609,-6.066988451709745
1610,-6.066988451709745
1611,-6.066988451709745
1612,-6.066988451709745
1613,-6.066988451709745
1614,-6.066988451709745
1615,-6.066988451709745
1616,-6.066988451709745
1617,-6.066988451709745
1618,-6.066988451709745
1619,-6.066988451709745
1620,-6.066988451709745
1621,-6.066988451709745
1622,-6.066988451709745
1623,-6.066988451709745
1624,-6.066988451709745
1625,-6.066988451709745
1626,-6.066988451709745
1627,-6.066988451709745
1628,-6.066988451709745
1629,-6.066988451709745
1630,-6.066988451709745
1631,-6.066988451709745
1632,-6.066988451709745
1633,-6.066988451709745
1634,-6.066988451709745
1635,-6.066988451709745
1636,-6.066988451709745
1637,-6.066988451709745
1638,-6.066988451709745
1639,-6.066988451709745
1640,-6.066988451709745
1641,-6.066988451709745
1642,-6.066988451709745
1643,-6.066988451709745
1644,-6.066988451709745
1645,-6.066988451709745
1646,-6.066988451709745
1647,-6.066988451709745
1648,-6.066988451709745
1649,-6.066988451709745
1650,-6.066988451709745
1651,-6.066988451709745
1652,-6.066988451709745
1653,-6.066988451709745
1654,-6.066988451709745
1655,-6.066988451709745
1656,-6.066988451709745
1657,-6.066988451709745
1658,-6.066988451709745
1659,-6.066988451709745
1660,-6.066988451709745
1661,-6.066988451709745
1662,-6.066988451709745
1663,-6.066988451709745
1664,-6.066988451709745
1665,-6.066988451709745
1666,-6.066988451709745
1667,-6.066988451709745
1668,-6.066988451709745
1669,-6.066988451709745
1670,-6.066988451709745
1671,-6.066988451709745
1672,-6.066988451709745
1673,-6.066988451709745
1674,-6.066988451709745
1675,-6.066988451709745
1676,-6.066988451709745
1677,-6.066988451709745
1678,-6.066988451709745
1679,-6.066988451709745
1680,-6.066988451709745
1681,-6.066988451709745
1682,-6.066988451709745
1683,-6.066988451709745
1684,-6.066988451709745
1685,-6.066988451709745
1686,-6.066988451709745
1687,-6.066988451709745
1688,-6.066988451709745
1689,-6.066988451709745
1690,-6.066988451709745
1691,-6.066988451709745
1692,-6.066988451709745
1693,-6.066988451709745
1694,-6.066988451709745
1695,-6.066988451709745
1696,-6.066988451709745
1697,-6.066988451709745
1698,-6.066988451709745
1699,-6.066988451709745
1700,-6.066988451709745
1701,-6.066988451709745
1702,-6.066988451709745
1703,-6.066988451709745
1704,-6.066988451709745
1705,-6.066988451709745
1706,-6.066988451709745
1707,-6.066988451709745
1708,-6.066988451709745
1709,-6.066988451709745
1710,-6.066988451709745
1711,-6.066988451709745
1712,-6.066988451709745
1713,-6.066988451709745
1714,-6.066988451709745
1715,-6.066988451709745
1716,-6.066988451709745
1717,-6.066988451709745
1718,-6.066988451709745
1719,-6.066988451709745
1720,-6.066988451709745
1721,-6.066988451709745
1722,-6.066988451709745
1723,-6.066988451709745
1724,-6.066988451709745
1725,-6.066988451709745
1726,-6.066988451709745
1727,-6.066988451709745
1728,-6.066988451709745
1729,-6.066988451709745
1730,-6.066988451709745
1731,-6.066988451709745
1732,-6.066988451709745
1733,-6.066988451709745
1734,-6.066988451709745
1735,-6.066988451709745
1736,-6.066988451709745
1737,-6.066988451709745
1738,-6.066988451709745
1739,-6.066988451709745
1740,-6.066988451709745
1741,-6.066988451709745
1742,-6.066988451709745
1743,-6.066988451709745
1744,-6.066988451709745
1745,-6.066988451709745
1746,-6.066988451709745
1747,-6.066988451709745
1748,-6.066988451709745
1749,-6.066988451709745
1750,-6.066988451709745
1751,-6.066988451709745
1752,-6.066988451709745
1753,-6.066988451709745
1754,-6.066988451709745
1755,-6.066988451709745
1756,-6.066988451709745
1757,-6.066988451709745
1758,-6.066988451709745
1759,-6.066988451709745
1760,-6.066988451709745
1761,-6.066988451709745
1762,-6.066988451709745
1763,-6.066988451709745
1764,-6.066988451709745
1765,-6.066988451709745
1766,-6.066988451709745
1767,-6.066988451709745
1768,-6.066988451709745
1769,-6.066988451709745
1770,-6.066988451709745
1771,-6.066988451709745
1772,-6.066988451709745
1773,-6.066988451709745
1774,-6.066988451709745
1775,-6.066988451709745
1776,-6.066988451709745
1777,-6.066988451709745
1778,-6.066988451709745
1779,-6.066988451709745
1780,-6.066988451709745
1781,-6.066988451709745
1782,-6.066988451709745
1783,-6.066988451709745
1784,-6.066988451709745
1785,-6.066988451709745
1786,-6.066988451709745
1787,-6.066988451709745
1788,-6.066988451709745
1789,-6.066988451709745
1790,-6.066988451709745
1791,-6.066988451709745
1792,-6.066988451709745
1793,-6.066988451709745
1794,-6.066988451709745
1795,-6.066988451709745
1796,-6.066988451709745
1797,-6.066988451709745
1798,-6.066988451709745
1799,-6.066988451709745
1800,-6.066988451709745
1801,-6.066988451709745
1802,-6.066988451709745
1803,-6.066988451709745
1804,-6.066988451709745
1805,-6.066988451709745
1806,-6.066988451709745
1807,-6.066988451709745
1808,-6.066988451709745
1809,-6.066988451709745
1810,-6.066988451709745
1811,-6.066988451709745
1812,-6.066988451709745
1813,-6.066988451709745
1814,-6.066988451709745
1815,-6.066988451709745
1816,-6.066988451709745
1817,-6.066988451709745
1818,-6.066988451709745
1819,-6.066988451709745
1820,-6.066988451709745
1821,-6.066988451709745
1822,-6.066988451709745
1823,-6.066988451709745
1824,-6.066988451709745
1825,-6.066988451709745
1826,-6.066988451709745
1827,-6.066988451709745
1828,-6.066988451709745
1829,-6.066988451709745
1830,-6.066988451709745
1831,-6.066988451709745
1832,-6.066988451709745
1833,-6.066988451709745
1834,-6.066988451709745
1835,-6.066988451709745
1836,-6.066988451709745
1837,-6.066988451709745
1838,-6.066988451709745
1839,-6.066988451709745
1840,-6.066988451709745
1841,-6.066988451709745
1842,-6.066988451709745
1843,-6.066988451709745
1844,-6.066988451709745
1845,-6.066988451709745
1846,-6.066988451709745
1847,-6.066988451709745
1848,-6.066988451709745
1849,-6.066988451709745
1850,-6.066988451709745
1851,-6.066988451709745
1852,-6.066988451709745
1853,-6.066988451709745
1854,-6.066988451709745
1855,-6.066988451709745
1856,-6.066988451709745
1857,-6.066988451709745
1858,-6.066988451709745
1859,-6.066988451709745
1860,-6.066988451709745
1861,-6.066988451709745
1862,-6.066988451709745
1863,-6.066988451709745
1864,-6.066988451709745
1865,-6.066988451709745
1866,-6.066988451709745
1867,-6.066988451709745
1868,-6.066988451709745
1869,-6.066988451709745
1870,-6.066988451709745
1871,-6.066988451709745
1872,-6.066988451709745
1873,-6.066988451709745
1874,-6.066988451709745
1875,-6.066988451709745
1876,-6.066988451709745
1877,-6.066988451709745
1878,-6.066988451709745
1879,-6.066988451709745
1880,-6.066988451709745
1881,-6.066988451709745
1882,-6.066988451709745
1883,-6.066988451709745
1884,-6.066988451709745
1885,-6.066988451709745
1886,-6.066988451709745
1887,-6.066988451709745
1888,-6.066988451709745
1889,-6.066988451709745
1890,-6.066988451709745
1891,-6.066988451709745
1892,-6.066988451709745
1893,-6.066988451709745
1894,-6.066988451709745
1895,-6.066988451709745
1896,-6.066988451709745
1897,-6.066988451709745
1898,-6.066988451709745
1899,-6.066988451709745
1900,-6.066988451709745
1901,-6.066988451709745
1902,-6.066988451709745
1903,-6.066988451709745
1904,-6.066988451709745
1905,-6.066988451709745
1906,-6.066988451709745
1907,-6.066988451709745
1908,-6.066988451709745
1909,-6.066988451709745
1910,-6.066988451709745
1911,-6.066988451709745
1912,-6.066988451709745
1913,-6.066988451709745
1914,-6.066988451709745
1915,-6.066988451709745
1916,-6.066988451709745
1917,-6.066988451709745
1918,-6.066988451709745
1919,-6.066988451709745
1920,-6.066988451709745
1921,-6.066988451709745
1922,-6.066988451709745
1923,-6.066988451709745
1924,-6.066988451709745
1925,-6.066988451709745
1926,-6.066988451709745
1927,-6.066988451709745
1928,-6.066988451709745
1929,-6.066988451709745
1930,-6.066988451709745
1931,-6.066988451709745
1932,-6.066988451709745
1933,-6.066988451709745
1934,-6.066988451709745
1935,-6.066988451709745
1936,-6.066988451709745
1937,-6.066988451709745
1938,-6.066988451709745
1939,-6.066988451709745
1940,-6.066988451709745
1941,-6.066988451709745
1942,-6.066988451709745
1943,-6.066988451709745
1944,-6.066988451709745
1945,-6.066988451709745
1946,-6.066988451709745
1947,-6.066988451709745
1948,-6.066988451709745
1949,-6.066988451709745
1950,-6.066988451709745
1951,-6.066988451709745
1952,-6.066988451709745
1953,-6.066988451709745
1954,-6.066988451709745
1955,-6.066988451709745
1956,-6.066988451709745
1957,-6.066988451709745
1958,-6.066988451709745
1959,-6.066988451709745
1960,-6.066988451709745
1961,-6.066988451709745
1962,-6.066988451709745
1963,-6.066988451709745
1964,-6.066988451709745
1965,-6.066988451709745
1966,-6.066988451709745
1967,-6.066988451709745
1968,-6.066988451709745
1969,-6.066988451709745
1970,-6.066988451709745
1971,-6.066988451709745
1972,-6.066988451709745
1973,-6.066988451709745
1974,-6.066988451709745
1975,-6.066988451709745
1976,-6.066988451709745
1977,-6.066988451709745
1978,-6.066988451709745
1979,-6.066988451709745
1980,-6.066988451709745
1981,-6.066988451709745
1982,-6.066988451709745
1983,-6.066988451709745
1984,-6.066988451709745
1985,-6.066988451709745
1986,-6.066988451709745
1987,-6.066988451709745
1988,-6.066988451709745
1989,-6.066988451709745
1990,-6.066988451709745
1991,-6.066988451709745
1992,-6.066988451709745
1993,-6.066988451709745
1994,-6.066988451709745
1995,-6.066988451709745
1996,-6.066988451709745
1997,-6.066988451709745
1998,-6.066988451709745
1999,-6.066988451709745
2000,-6.066988451709745
2001,-6.066988451709745
2002,-6.066988451709745
2003,-6.066988451709745
2004,-6.066988451709745
2005,-6.066988451709745
2006,-6.066988451709745
2007,-6.066988451709745
2008,-6.066988451709745
2009,-6.066988451709745
2010,-6.066988451709745
2011,-6.066988451709745
2012,-6.066988451709745
2013,-6.066988451709745
2014,-6.066988451709745
2015,-6.066988451709745
2016,-6.066988451709745
2017,-6.066988451709745
2018,-6.066988451709745
2019,-6.066988451709745
2020,-6.066988451709745
2021,-6.066988451709745
2022,-6.066988451709745
2023,-6.066988451709745
2024,-6.066988451709745
2025,-6.066988451709745
2026,-6.066988451709745
2027,-6.066988451709745
2028,-6.066988451709745
2029,-6.066988451709745
2030,-6.066988451709745
2031,-6.066988451709745
2032,-6.066988451709745
2033,-6.066988451709745
2034,-6.066988451709745
2035,-6.066988451709745
2036,-6.066988451709745
2037,-6.066988451709745
2038,-6.066988451709745
2039,-6.066988451709745
2040,-6.066988451709745
2041,-6.066988451709745
2042,-6.066988451709745
2043,-6.066988451709745
2044,-6.066988451709745
2045,-6.066988451709745
2046,-6.066988451709745
2047,-6.066988451709745
2048,-6.066988451709745
2049,-6.066988451709745
2050,-6.066988451709745
2051,-6.066988451709745
2052,-6.066988451709745
2053,-6.066988451709745
2054,-6.066988451709745
2055,-6.066988451709745
2056,-6.066988451709745
2057,-6.066988451709745
2058,-6.066988451709745
2059,-6.066988451709745
2060,-6.066988451709745
2061,-6.066988451709745
2062,-6.066988451709745
2063,-6.066988451709745
2064,-6.066988451709745
2065,-6.066988451709745
2066,-6.066988451709745
2067,-6.066988451709745
2068,-6.066988451709745
2069,-6.066988451709745
2070,-6.066988451709745
2071,-6.066988451709745
2072,-6.066988451709745
2073,-6.066988451709745
2074,-6.066988451709745
2075,-6.066988451709745
2076,-6.066988451709745
2077,-6.066988451709745
2078,-6.066988451709745
2079,-6.066988451709745
2080,-6.066988451709745
2081,-6.066988451709745
2082,-6.066988451709745
2083,-6.066988451709745
2084,-6.066988451709745
2085,-6.066988451709745
2086,-6.066988451709745
2087,-6.066988451709745
2088,-6.066988451709745
2089,-6.066988451709745
2090,-6.066988451709745
2091,-6.066988451709745
2092,-6.066988451709745
2093,-6.066988451709745
2094,-6.066988451709745
2095,-6.066988451709745
2096,-6.066988451709745
2097,-6.066988451709745
2098,-6.066988451709745
2099,10.706763610484943
2100,10.706763610484943
2101,10.706763610484943
2102,10.706763610484943
2103,10.706763610484943
2104,10.706763610484943
2105,10.706763610484943
2106,10.706763610484943
2107,10.706763610484943
2108,10.706763610484943
2109,10.706763610484943
2110,10.706763610484943
2111,10.706763610484943
2112,10.706763610484943
2113,10.706763610484943
2114,10.706763610484943
2115,10.706763610484943
2116,10.706763610484943
2117,10.706763610484943
2118,10.706763610484943
2119,10.706763610484943
2120,10.706763610484943
2121,10.706763610484943
2122,10.706763610484943
2123,10.706763610484943
2124,10.706763610484943
2125,10.706763610484943
2126,10.706763610484943
2127,10.706763610484943
2128,10.706763610484943
2129,10.706763610484943
2130,10.706763610484943
2131,10.706763610484943
2132,10.706763610484943
2133,10.706763610484943
2134,10.706763610484943
2135,10.706763610484943
2136,10.706763610484943
2137,10.706763610484943
2138,10.706763610484943
2139,10.706763610484943
2140,10.706763610484943
2141,10.706763610484943
2142,10.706763610484943
2143,10.706763610484943
2144,10.706763610484943
2145,10.706763610484943
2146,10.706763610484943
2147,10.706763610484943
2148,10.706763610484943
2149,10.706763610484943
2150,10.706763610484943
2151,10.706763610484943
2152,10.706763610484943
2153,10.706763610484943
2154,10.706763610484943
2155,10.706763610484943
2156,10.706763610484943
2157,10.706763610484943
2158,10.706763610484943
2159,10.706763610484943
2160,10.706763610484943
2161,10.706763610484943
2162,10.706763610484943
2163,10.706763610484943
2164,10.706763610484943
2165,10.706763610484943
2166,10.706763610484943
2167,10.706763610484943
2168,10.706763610484943
2169,10.706763610484943
2170,10.706763610484943
2171,10.706763610484943
2172,10.706763610484943
2173,10.706763610484943
2174,10.706763610484943
2175,10.706763610484943
2176,10.706763610484943
2177,10.706763610484943
2178,10.706763610484943
2179,10.706763610484943
2180,10.706763610484943
2181,10.706763610484943
2182,10.706763610484943
2183,10.706763610484943
2184,10.706763610484943
2185,10.706763610484943
2186,10.706763610484943
2187,10.706763610484943
2188,10.706763610484943
2189,10.706763610484943
2190,10.706763610484943
2191,10.706763610484943
2192,10.706763610484943
2193,10.706763610484943
2194,10.706763610484943
2195,10.706763610484943
2196,10.706763610484943
2197,10.706763610484943
2198,10.706763610484943
2199,10.706763610484943
2200,10.706763610484943
2201,10.706763610484943
2202,10.706763610484943
2203,10.706763610484943
2204,10.706763610484943
2205,10.706763610484943
2206,10.706763610484943
2207,10.706763610484943
2208,10.706763610484943
2209,10.706763610484943
2210,10.706763610484943
2211,10.706763610484943
2212,10.706763610484943
2213,10.706763610484943
2214,10.706763610484943
2215,10.706763610484943
2216,10.706763610484943
2217,10.706763610484943
2218,10.706763610484943
2219,10.706763610484943
2220,10.706763610484943
2221,10.706763610484943
2222,10.706763610484943
2223,10.706763610484943
2224,10.706763610484943
2225,10.706763610484943
2226,10.706763610484943
2227,10.706763610484943
2228,10.706763610484943
2229,10.706763610484943
2230,10.706763610484943
2231,10.706763610484943
2232,10.706763610484943
2233,10.706763610484943
2234,10.706763610484943
2235,10.706763610484943
2236,10.706763610484943
2237,10.706763610484943
2238,10.706763610484943
2239,10.706763610484943
2240,10.706763610484943
2241,10.706763610484943
2242,10.706763610484943
2243,10.706763610484943
2244,10.706763610484943
2245,10.706763610484943
2246,10.706763610484943
2247,10.706763610484943
2248,10.706763610484943
2249,10.706763610484943
2250,10.706763610484943
2251,10.706763610484943
2252,10.706763610484943
2253,10.706763610484943
2254,10.706763610484943
2255,10.706763610484943
2256,10.706763610484943
2257,10.706763610484943
2258,10.706763610484943
2259,10.706763610484943
2260,10.706763610484943
2261,10.706763610484943
2262,10.706763610484943
2263,10.706763610484943
2264,10.706763610484943
2265,10.706763610484943
2266,10.706763610484943
2267,10.706763610484943
2268,10.706763610484943
2269,10.706763610484943
2270,10.706763610484943
2271,10.706763610484943
2272,10.706763610484943
2273,10.706763610484943
2274,10.706763610484943
2275,10.706763610484943
2276,10.706763610484943
2277,10.706763610484943
2278,10.706763610484943
2279,10.706763610484943
2280,10.706763610484943
2281,10.706763610484943
2282,10.706763610484943
2283,10.706763610484943
2284,10.706763610484943
2285,10.706763610484943
2286,10.706763610484943
2287,10.706763610484943
2288,10.706763610484943
2289,10.706763610484943
2290,10.706763610484943
2291,10.706763610484943
2292,10.706763610484943
2293,10.706763610484943
2294,10.706763610484943
2295,10.706763610484943
2296,10.706763610484943
2297,10.706763610484943
2298,10.706763610484943
2299,10.706763610484943
2300,10.706763610484943
2301,10.706763610484943
2302,10.706763610484943
2303,10.706763610484943
2304,10.706763610484943
2305,10.706763610484943
2306,10.706763610484943
2307,10.706763610484943
2308,10.706763610484943
2309,10.706763610484943
2310,10.706763610484943
2311,10.706763610484943
2312,10.706763610484943
2313,10.706763610484943
2314,10.706763610484943
2315,10.706763610484943
2316,10.706763610484943
2317,10.706763610484943
2318,10.706763610484943
2319,10.706763610484943
2320,10.706763610484943
2321,10.706763610484943
2322,10.706763610484943
2323,10.706763610484943
2324,10.706763610484943
2325,10.706763610484943
2326,10.706763610484943
2327,10.706763610484943
2328,10.706763610484943
2329,10.706763610484943
2330,10.706763610484943
2331,10.706763610484943
2332,10.706763610484943
2333,10.706763610484943
2334,10.706763610484943
2335,10.706763610484943
2336,10.706763610484943
2337,10.706763610484943
2338,10.706763610484943
2339,10.706763610484943
2340,10.706763610484943
2341,10.706763610484943
2342,10.706763610484943
2343,10.706763610484943
2344,10.706763610484943
2345,10.706763610484943
2346,10.706763610484943
2347,10.706763610484943
2348,10.706763610484943
2349,10.706763610484943
2350,10.706763610484943
2351,10.706763610484943
2352,10.706763610484943
2353,10.706763610484943
2354,10.706763610484943
2355,10.706763610484943
2356,10.706763610484943
2357,10.706763610484943
2358,10.706763610484943
2359,10.706763610484943
2360,10.706763610484943
2361,10.706763610484943
2362,10.706763610484943
2363,10.706763610484943
2364,10.706763610484943
2365,10.706763610484943
2366,10.706763610484943
2367,10.706763610484943
2368,10.706763610484943
2369,10.706763610484943
2370,10.706763610484943
2371,10.706763610484943
2372,10.706763610484943
2373,10.706763610484943
2374,10.706763610484943
2375,10.706763610484943
2376,10.706763610484943
2377,10.706763610484943
2378,10.706763610484943
2379,10.706763610484943
2380,10.706763610484943
2381,10.706763610484943
2382,10.706763610484943
2383,10.706763610484943
2384,10.706763610484943
2385,10.706763610484943
2386,10.706763610484943
2387,10.706763610484943
2388,10.706763610484943
2389,10.706763610484943
2390,10.706763610484943
2391,10.706763610484943
2392,10.706763610484943
2393,10.706763610484943
2394,10.706763610484943
2395,10.706763610484943
2396,10.706763610484943
2397,10.706763610484943
2398,10.706763610484943
2399,10.706763610484943
2400,10.706763610484943
2401,10.706763610484943
2402,10.706763610484943
2403,10.706763610484943
2404,10.706763610484943
2405,10.706763610484943
2406,10.706763610484943
2407,10.706763610484943
2408,10.706763610484943
2409,10.706763610484943
2410,10.706763610484943
2411,10.706763610484943
2412,10.706763610484943
2413,10.706763610484943
2414,10.706763610484943
2415,10.706763610484943
2416,10.706763610484943
2417,10.706763610484943
2418,10.706763610484943
2419,10.706763610484943
2420,10.706763610484943
2421,10.706763610484943
2422,10.706763610484943
2423,10.706763610484943
2424,10.706763610484943
2425,10.706763610484943
2426,10.706763610484943
2427,10.706763610484943
2428,10.706763610484943
2429,10.706763610484943
2430,10.706763610484943
2431,10.706763610484943
2432,10.706763610484943
2433,10.706763610484943
2434,10.706763610484943
2435,10.706763610484943
2436,10.706763610484943
2437,10.706763610484943
2438,10.706763610484943
2439,10.706763610484943
2440,10.706763610484943
2441,10.706763610484943
2442,10.706763610484943
2443,10.706763610484943
2444,10.706763610484943
2445,10.706763610484943
2446,10.706763610484943
2447,10.706763610484943
2448,10.706763610484943
2449,10.706763610484943
2450,10.706763610484943
2451,10.706763610484943
2452,10.706763610484943
2453,10.706763610484943
2454,10.706763610484943
2455,10.706763610484943
2456,10.706763610484943
2457,10.706763610484943
2458,10.706763610484943
2459,10.706763610484943
2460,10.706763610484943
2461,10.706763610484943
2462,10.706763610484943
2463,10.706763610484943
2464,10.706763610484943
2465,10.706763610484943
2466,10.706763610484943
2467,10.706763610484943
2468,10.706763610484943
2469,10.706763610484943
2470,10.706763610484943
2471,10.706763610484943
2472,10.706763610484943
2473,10.706763610484943
2474,10.706763610484943
2475,10.706763610484943
2476,10.706763610484943
2477,10.706763610484943
2478,10.706763610484943
2479,10.706763610484943
2480,10.706763610484943
2481,10.706763610484943
2482,10.706763610484943
2483,10.706763610484943
2484,10.706763610484943
2485,10.706763610484943
2486,10.706763610484943
2487,10.706763610484943
2488,10.706763610484943
2489,10.706763610484943
2490,10.706763610484943
2491,10.706763610484943
2492,10.706763610484943
2493,10.706763610484943
2494,10.706763610484943
2495,10.706763610484943
2496,10.706763610484943
2497,10.706763610484943
2498,10.706763610484943
2499,10.706763610484943
2500,10.706763610484943
2501,10.706763610484943
2502,10.706763610484943
2503,10.706763610484943
2504,10.706763610484943
2505,10.706763610484943
2506,10.706763610484943
2507,10.706763610484943
2508,10.706763610484943
2509,10.706763610484943
2510,10.706763610484943
2511,10.706763610484943
2512,10.706763610484943
2513,10.706763610484943
2514,10.706763610484943
2515,10.706763610484943
2516,10.706763610484943
2517,10.706763610484943
2518,10.706763610484943
2519,10.706763610484943
2520,10.706763610484943
2521,10.706763610484943
2522,10.706763610484943
2523,10.706763610484943
2524,10.706763610484943
2525,10.706763610484943
2526,10.706763610484943
2527,10.706763610484943
2528,10.706763610484943
2529,10.706763610484943
2530,10.706763610484943
2531,10.706763610484943
2532,10.706763610484943
2533,10.706763610484943
2534,10.706763610484943
2535,10.706763610484943
2536,10.706763610484943
2537,10.706763610484943
2538,10.706763610484943
2539,10.706763610484943
2540,10.706763610484943
2541,10.706763610484943
2542,10.706763610484943
2543,10.706763610484943
2544,10.706763610484943
2545,10.706763610484943
2546,10.706763610484943
2547,10.706763610484943
2548,10.706763610484943
2549,10.706763610484943
2550,10.706763610484943
2551,10.706763610484943
2552,10.706763610484943
2553,10.706763610484943
2554,10.706763610484943
2555,10.706763610484943
2556,10.706763610484943
2557,10.706763610484943
2558,10.706763610484943
2559,10.706763610484943
2560,10.706763610484943
2561,10.706763610484943
2562,10.706763610484943
2563,10.706763610484943
2564,10.706763610484943
2565,10.706763610484943
2566,10.706763610484943
2567,10.706763610484943
2568,10.706763610484943
2569,10.706763610484943
2570,10.706763610484943
2571,10.706763610484943
2572,10.706763610484943
2573,10.706763610484943
2574,10.706763610484943
2575,10.706763610484943
2576,10.706763610484943
2577,10.706763610484943
2578,10.706763610484943
2579,10.706763610484943
2580,10.706763610484943
2581,10.706763610484943
2582,10.706763610484943
2583,10.706763610484943
2584,10.706763610484943
2585,10.706763610484943
2586,10.706763610484943
2587,10.706763610484943
2588,10.706763610484943
2589,10.706763610484943
2590,10.706763610484943
2591,10.706763610484943
2592,10.706763610484943
2593,10.706763610484943
2594,10.706763610484943
2595,10.706763610484943
2596,10.706763610484943
2597,10.706763610484943
2598,16.60649709442928
2599,16.60649709442928
2600,16.60649709442928
2601,16.60649709442928
2602,16.60649709442928
2603,16.60649709442928
2604,16.60649709442928
2605,16.60649709442928
2606,16.60649709442928
2607,16.60649709442928
2608,16.60649709442928
2609,16.60649709442928
2610,16.60649709442928
2611,16.60649709442928
2612,16.60649709442928
2613,16.60649709442928
2614,16.60649709442928
2615,16.60649709442928
2616,16.60649709442928
2617,16.60649709442928
2618,16.60649709442928
2619,16.60649709442928
2620,16.60649709442928
2621,16.60649709442928
2622,16.60649709442928
2623,16.60649709442928
2624,16.60649709442928
2625,16.60649709442928
2626,16.60649709442928
2627,16.60649709442928
2628,16.60649709442928
2629,16.60649709442928
2630,16.60649709442928
2631,16.60649709442928
2632,16.60649709442928
2633,16.60649709442928
2634,16.60649709442928
2635,16.60649709442928
2636,16.60649709442928
2637,16.60649709442928
2638,16.60649709442928
2639,16.60649709442928
2640,16.60649709442928
2641,16.60649709442928
2642,16.60649709442928
2643,16.60649709442928
2644,16.60649709442928
2645,16.60649709442928
2646,16.60649709442928
2647,16.60649709442928
2648,16.60649709442928
2649,16.60649709442928
2650,16.60649709442928
2651,16.60649709442928
2652,16.60649709442928
2653,16.60649709442928
2654,16.60649709442928
2655,16.60649709442928
2656,16.60649709442928
2657,16.60649709442928
2658,16.60649709442928
2659,16.60649709442928
2660,16.60649709442928
2661,16.60649709442928
2662,16.60649709442928
2663,16.60649709442928
2664,16.60649709442928
2665,16.60649709442928
2666,16.60649709442928
2667,16.60649709442928
2668,16.60649709442928
2669,16.60649709442928
2670,16.60649709442928
2671,16.60649709442928
2672,16.60649709442928
2673,16.60649709442928
2674,16.60649709442928
2675,16.60649709442928
2676,16.60649709442928
2677,16.60649709442928
2678,16.60649709442928
2679,16.60649709442928
2680,16.60649709442928
2681,16.60649709442928
2682,16.60649709442928
2683,16.60649709442928
2684,16.60649709442928
2685,16.60649709442928
2686,16.60649709442928
2687,16.60649709442928
2688,16.60649709442928
2689,16.60649709442928
2690,16.60649709442928
2691,16.60649709442928
2692,16.60649709442928
2693,16.60649709442928
2694,16.60649709442928
2695,16.60649709442928
2696,16.60649709442928
2697,16.60649709442928
2698,16.60649709442928
2699,16.60649709442928
2700,16.60649709442928
2701,16.60649709442928
2702,16.60649709442928
2703,16.60649709442928
2704,16.60649709442928
2705,16.60649709442928
2706,16.60649709442928
2707,16.60649709442928
2708,16.60649709442928
2709,16.60649709442928
2710,16.60649709442928
2711,16.60649709442928
2712,16.60649709442928
2713,16.60649709442928
2714,16.60649709442928
2715,16.60649709442928
2716,16.60649709442928
2717,16.60649709442928
2718,16.60649709442928
2719,16.60649709442928
2720,16.60649709442928
2721,16.60649709442928
2722,16.60649709442928
2723,16.60649709442928
2724,16.60649709442928
2725,16.60649709442928
2726,16.60649709442928
2727,16.60649709442928
2728,16.60649709442928
2729,16.60649709442928
2730,16.60649709442928
2731,16.60649709442928
2732,16.60649709442928
2733,16.60649709442928
2734,16.60649709442928
2735,16.60649709442928
2736,16.60649709442928
2737,16.60649709442928
2738,16.60649709442928
2739,16.60649709442928
2740,16.60649709442928
2741,16.60649709442928
2742,16.60649709442928
2743,16.60649709442928
2744,16.60649709442928
2745,16.60649709442928
2746,16.60649709442928
2747,16.60649709442928
2748,16.60649709442928
2749,16.60649709442928
2750,16.60649709442928
2751,16.60649709442928
2752,16.60649709442928
2753,16.60649709442928
2754,16.60649709442928
2755,16.60649709442928
2756,16.60649709442928
2757,16.60649709442928
2758,16.60649709442928
2759,16.60649709442928
2760,16.60649709442928
2761,16.60649709442928
2762,16.60649709442928
2763,16.60649709442928
2764,16.60649709442928
2765,16.60649709442928
2766,16.60649709442928
2767,16.60649709442928
2768,16.60649709442928
2769,16.60649709442928
2770,16.60649709442928
2771,16.60649709442928
2772,16.60649709442928
2773,16.60649709442928
2774,16.60649709442928
2775,16.60649709442928
2776,16.60649709442928
2777,16.60649709442928
2778,16.60649709442928
2779,16.60649709442928
2780,16.60649709442928
2781,16.60649709442928
2782,16.60649709442928
2783,16.60649709442928
2784,16.60649709442928
2785,16.60649709442928
2786,16.60649709442928
2787,16.60649709442928
2788,16.60649709442928
2789,16.60649709442928
2790,16.60649709442928
2791,16.60649709442928
2792,16.60649709442928
2793,16.60649709442928
2794,16.60649709442928
2795,16.60649709442928
2796,16.60649709442928
2797,16.60649709442928
2798,16.60649709442928
2799,16.60649709442928
2800,16.60649709442928
2801,16.60649709442928
2802,16.60649709442928
2803,16.60649709442928
2804,16.60649709442928
2805,16.60649709442928
2806,16.60649709442928
2807,16.60649709442928
2808,16.60649709442928
2809,16.60649709442928
2810,16.60649709442928
2811,16.60649709442928
2812,16.60649709442928
2813,16.60649709442928
2814,16.60649709442928
2815,16.60649709442928
2816,16.60649709442928
2817,16.60649709442928
2818,16.60649709442928
2819,16.60649709442928
2820,16.60649709442928
2821,16.60649709442928
2822,16.60649709442928
2823,16.60649709442928
2824,16.60649709442928
2825,16.60649709442928
2826,16.60649709442928
2827,16.60649709442928
2828,16.60649709442928
2829,16.60649709442928
2830,16.60649709442928
2831,16.60649709442928
2832,16.60649709442928
2833,16.60649709442928
2834,16.60649709442928
2835,16.60649709442928
2836,16.60649709442928
2837,16.60649709442928
2838,16.60649709442928
2839,16.60649709442928
2840,16.60649709442928
2841,16.60649709442928
2842,16.60649709442928
2843,16.60649709442928
2844,16.60649709442928
2845,16.60649709442928
2846,16.60649709442928
2847,16.60649709442928
2848,16.60649709442928
2849,16.60649709442928
2850,16.60649709442928
2851,16.60649709442928
2852,16.60649709442928
2853,16.60649709442928
2854,16.60649709442928
2855,16.60649709442928
2856,16.60649709442928
2857,16.60649709442928
2858,16.60649709442928
2859,16.60649709442928
2860,16.60649709442928
2861,16.60649709442928
2862,16.60649709442928
2863,16.60649709442928
2864,16.60649709442928
2865,16.60649709442928
2866,16.60649709442928
2867,16.60649709442928
2868,16.60649709442928
2869,16.60649709442928
2870,16.60649709442928
2871,16.60649709442928
2872,16.60649709442928
2873,16.60649709442928
2874,16.60649709442928
2875,16.60649709442928
2876,16.60649709442928
2877,16.60649709442928
2878,16.60649709442928
2879,16.60649709442928
2880,16.60649709442928
2881,16.60649709442928
2882,16.60649709442928
2883,16.60649709442928
2884,16.60649709442928
2885,16.60649709442928
2886,16.60649709442928
2887,16.60649709442928
2888,16.60649709442928
2889,16.60649709442928
2890,16.60649709442928
2891,16.60649709442928
2892,16.60649709442928
2893,16.60649709442928
2894,16.60649709442928
2895,16.60649709442928
2896,16.60649709442928
2897,16.60649709442928
2898,16.60649709442928
2899,16.60649709442928
2900,16.60649709442928
2901,16.60649709442928
2902,16.60649709442928
2903,16.60649709442928
2904,16.60649709442928
2905,16.60649709442928
2906,16.60649709442928
2907,16.60649709442928
2908,16.60649709442928
2909,16.60649709442928
2910,16.60649709442928
2911,16.60649709442928
2912,16.60649709442928
2913,16.60649709442928
2914,16.60649709442928
2915,16.60649709442928
2916,16.60649709442928
2917,16.60649709442928
2918,16.60649709442928
2919,16.60649709442928
2920,16.60649709442928
2921,16.60649709442928
2922,16.60649709442928
2923,16.60649709442928
2924,16.60649709442928
2925,16.60649709442928
2926,16.60649709442928
2927,16.60649709442928
2928,16.60649709442928
2929,16.60649709442928
2930,16.60649709442928
2931,16.60649709442928
2932,16.60649709442928
2933,16.60649709442928
2934,16.60649709442928
2935,16.60649709442928
2936,16.60649709442928
2937,16.60649709442928
2938,16.60649709442928
2939,16.60649709442928
2940,16.60649709442928
2941,16.60649709442928
2942,16.60649709442928
2943,16.60649709442928
2944,16.60649709442928
2945,16.60649709442928
2946,16.60649709442928
2947,16.60649709442928
2948,16.60649709442928
2949,16.60649709442928
2950,16.60649709442928
2951,16.60649709442928
2952,16.60649709442928
2953,16.60649709442928
2954,16.60649709442928
2955,16.60649709442928
2956,16.60649709442928
2957,16.60649709442928
2958,16.60649709442928
2959,16.60649709442928
2960,16.60649709442928
2961,16.60649709442928
2962,16.60649709442928
2963,16.60649709442928
2964,16.60649709442928
2965,16.60649709442928
2966,16.60649709442928
2967,16.60649709442928
2968,16.60649709442928
2969,16.60649709442928
2970,16.60649709442928
2971,16.60649709442928
2972,16.60649709442928
2973,16.60649709442928
2974,16.60649709442928
2975,16.60649709442928
2976,16.60649709442928
2977,16.60649709442928
2978,16.60649709442928
2979,16.60649709442928
2980,16.60649709442928
2981,16.60649709442928
2982,16.60649709442928
2983,16.60649709442928
2984,16.60649709442928
2985,16.60649709442928
2986,16.60649709442928
2987,16.60649709442928
2988,16.60649709442928
2989,16.60649709442928
2990,16.60649709442928
2991,16.60649709442928
2992,16.60649709442928
2993,16.60649709442928
2994,16.60649709442928
2995,16.60649709442928
2996,16.60649709442928
2997,16.60649709442928
2998,16.60649709442928
2999,16.60649709442928
3000,16.60649709442928
3001,16.60649709442928
3002,16.60649709442928
3003,16.60649709442928
3004,16.60649709442928
3005,16.60649709442928
3006,16.60649709442928
3007,16.60649709442928
3008,16.60649709442928
3009,16.60649709442928
3010,16.60649709442928
3011,16.60649709442928
3012,16.60649709442928
3013,16.60649709442928
3014,16.60649709442928
3015,16.60649709442928
3016,16.60649709442928
3017,16.60649709442928
3018,16.60649709442928
3019,16.60649709442928
3020,16.60649709442928
3021,16.60649709442928
3022,16.60649709442928
3023,16.60649709442928
3024,16.60649709442928
3025,16.60649709442928
3026,16.60649709442928
3027,16.60649709442928
3028,16.60649709442928
3029,16.60649709442928
3030,16.60649709442928
3031,16.60649709442928
3032,16.60649709442928
3033,16.60649709442928
3034,16.60649709442928
3035,16.60649709442928
3036,16.60649709442928
3037,16.60649709442928
3038,16.60649709442928
3039,16.60649709442928
3040,16.60649709442928
3041,16.60649709442928
3042,16.60649709442928
3043,16.60649709442928
3044,16.60649709442928
3045,16.60649709442928
3046,16.60649709442928
3047,16.60649709442928
3048,16.60649709442928
3049,16.60649709442928
3050,16.60649709442928
3051,16.60649709442928
3052,16.60649709442928
3053,16.60649709442928
3054,16.60649709442928
3055,16.60649709442928
3056,16.60649709442928
3057,16.60649709442928
3058,16.60649709442928
3059,16.60649709442928
3060,16.60649709442928
3061,16.60649709442928
3062,16.60649709442928
3063,16.60649709442928
3064,16.60649709442928
3065,16.60649709442928
3066,16.60649709442928
3067,16.60649709442928
3068,16.60649709442928
3069,16.60649709442928
3070,16.60649709442928
3071,16.60649709442928
3072,16.60649709442928
3073,16.60649709442928
3074,16.60649709442928
3075,16.60649709442928
3076,16.60649709442928
3077,16.60649709442928
3078,16.60649709442928
3079,16.60649709442928
3080,16.60649709442928
3081,16.60649709442928
3082,16.60649709442928
3083,16.60649709442928
3084,16.60649709442928
3085,16.60649709442928
3086,16.60649709442928
3087,16.60649709442928
3088,16.60649709442928
3089,16.60649709442928
3090,16.60649709442928
3091,16.60649709442928
3092,16.60649709442928
3093,16.60649709442928
3094,16.60649709442928
3095,16.60649709442928
3096,16.60649709442928
3097,16.60649709442928
3098,16.60649709442928
3099,16.60649709442928
3100,16.60649709442928
3101,16.60649709442928
3102,16.60649709442928
3103,16.60649709442928
3104,16.60649709442928
3105,16.60649709442928
3106,16.60649709442928
3107,16.60649709442928
3108,16.60649709442928
3109,16.60649709442928
3110,16.60649709442928
3111,16.60649709442928
3112,16.60649709442928
3113,16.60649709442928
3114,16.60649709442928
3115,16.60649709442928
3116,16.60649709442928
3117,16.60649709442928
3118,16.60649709442928
3119,16.60649709442928
3120,16.60649709442928
3121,16.60649709442928
3122,16.60649709442928
3123,16.60649709442928
3124,16.60649709442928
3125,16.60649709442928
3126,16.60649709442928
3127,16.60649709442928
3128,16.60649709442928
3129,16.60649709442928
3130,16.60649709442928
3131,16.60649709442928
3132,16.60649709442928
3133,16.60649709442928
3134,16.60649709442928
3135,16.60649709442928
3136,16.60649709442928
3137,16.60649709442928
3138,16.60649709442928
3139,16.60649709442928
3140,16.60649709442928
3141,16.60649709442928
3142,16.60649709442928
3143,16.60649709442928
3144,16.60649709442928
3145,16.60649709442928
3146,16.60649709442928
3147,16.60649709442928
3148,16.60649709442928
3149,16.60649709442928
3150,16.60649709442928
3151,16.60649709442928
3152,16.60649709442928
3153,16.60649709442928
3154,16.60649709442928
3155,16.60649709442928
3156,16.60649709442928
3157,16.60649709442928
3158,16.60649709442928
3159,16.60649709442928
3160,16.60649709442928
3161,16.60649709442928
3162,16.60649709442928
3163,16.60649709442928
3164,16.60649709442928
3165,16.60649709442928
3166,16.60649709442928
3167,16.60649709442928
3168,16.60649709442928
3169,16.60649709442928
3170,16.60649709442928
3171,16.60649709442928
3172,16.60649709442928
3173,16.60649709442928
3174,16.60649709442928
3175,16.60649709442928
3176,16.60649709442928
3177,16.60649709442928
3178,16.60649709442928
3179,16.60649709442928
3180,16.60649709442928
3181,16.60649709442928
3182,16.60649709442928
3183,16.60649709442928
3184,16.60649709442928
3185,16.60649709442928
3186,16.60649709442928
3187,16.60649709442928
3188,16.60649709442928
3189,16.60649709442928
3190,16.60649709442928
3191,16.60649709442928
3192,16.60649709442928
3193,16.60649709442928
3194,16.60649709442928
3195,16.60649709442928
3196,16.60649709442928
3197,16.60649709442928
3198,16.60649709442928
3199,16.60649709442928
3200,16.60649709442928
3201,16.60649709442928
3202,16.60649709442928
3203,16.60649709442928
3204,16.60649709442928
3205,16.60649709442928
3206,16.60649709442928
3207,16.60649709442928
3208,16.60649709442928
3209,16.60649709442928
3210,16.60649709442928
3211,16.60649709442928
3212,16.60649709442928
3213,16.60649709442928
3214,16.60649709442928
3215,16.60649709442928
3216,16.60649709442928
3217,16.60649709442928
3218,16.60649709442928
3219,16.60649709442928
3220,16.60649709442928
3221,16.60649709442928
3222,16.60649709442928
3223,16.60649709442928
3224,16.60649709442928
3225,16.60649709442928
3226,16.60649709442928
3227,16.60649709442928
3228,16.60649709442928
3229,16.60649709442928
3230,16.60649709442928
3231,16.60649709442928
3232,16.60649709442928
3233,16.60649709442928
3234,16.60649709442928
3235,16.60649709442928
3236,16.60649709442928
3237,16.60649709442928
3238,16.60649709442928
3239,16.60649709442928
3240,16.60649709442928
3241,16.60649709442928
3242,16.60649709442928
3243,16.60649709442928
3244,16.60649709442928
3245,16.60649709442928
3246,16.60649709442928
3247,16.60649709442928
3248,16.60649709442928
3249,16.60649709442928
3250,16.60649709442928
3251,16.60649709442928
3252,16.60649709442928
3253,16.60649709442928
3254,16.60649709442928
3255,16.60649709442928
3256,16.60649709442928
3257,16.60649709442928
3258,16.60649709442928
3259,16.60649709442928
3260,16.60649709442928
3261,16.60649709442928
3262,16.60649709442928
3263,16.60649709442928
3264,16.60649709442928
3265,16.60649709442928
3266,16.60649709442928
3267,16.60649709442928
3268,16.60649709442928
3269,16.60649709442928
3270,16.60649709442928
3271,16.60649709442928
3272,16.60649709442928
3273,16.60649709442928
3274,16.60649709442928
3275,16.60649709442928
3276,16.60649709442928
3277,16.60649709442928
3278,16.60649709442928
3279,16.60649709442928
3280,16.60649709442928
3281,16.60649709442928
3282,16.60649709442928
3283,16.60649709442928
3284,16.60649709442928
3285,16.60649709442928
3286,16.60649709442928
3287,16.60649709442928
3288,16.60649709442928
3289,16.60649709442928
3290,16.60649709442928
3291,16.60649709442928
3292,16.60649709442928
3293,16.60649709442928
3294,16.60649709442928
3295,16.60649709442928
3296,16.60649709442928
3297,16.60649709442928
3298,16.60649709442928
3299,16.60649709442928
3300,16.60649709442928
3301,16.60649709442928
3302,16.60649709442928
3303,16.60649709442928
3304,16.60649709442928
3305,16.60649709442928
3306,16.60649709442928
3307,16.60649709442928
3308,16.60649709442928
3309,16.60649709442928
3310,16.60649709442928
3311,16.60649709442928
3312,16.60649709442928
3313,16.60649709442928
3314,16.60649709442928
3315,16.60649709442928
3316,16.60649709442928
3317,16.60649709442928
3318,16.60649709442928
3319,16.60649709442928
3320,16.60649709442928
3321,16.60649709442928
3322,16.60649709442928
3323,16.60649709442928
3324,16.60649709442928
3325,16.60649709442928
3326,16.60649709442928
3327,16.60649709442928
3328,16.60649709442928
3329,16.60649709442928
3330,16.60649709442928
3331,16.60649709442928
3332,16.60649709442928
3333,16.60649709442928
3334,16.60649709442928
3335,16.60649709442928
3336,16.60649709442928
3337,16.60649709442928
3338,16.60649709442928
3339,16.60649709442928
3340,16.60649709442928
3341,16.60649709442928
3342,16.60649709442928
3343,16.60649709442928
3344,16.60649709442928
3345,16.60649709442928
3346,16.60649709442928
3347,16.60649709442928
3348,16.60649709442928
3349,16.60649709442928
3350,16.60649709442928
3351,16.60649709442928
3352,16.60649709442928
3353,16.60649709442928
3354,16.60649709442928
3355,16.60649709442928
3356,16.60649709442928
3357,16.60649709442928
3358,16.60649709442928
3359,16.60649709442928
3360,16.60649709442928
3361,16.60649709442928
3362,16.60649709442928
3363,16.60649709442928
3364,16.60649709442928
3365,16.60649709442928
3366,16.60649709442928
3367,16.60649709442928
3368,16.60649709442928
3369,16.60649709442928
3370,16.60649709442928
3371,16.60649709442928
3372,16.60649709442928
3373,16.60649709442928
3374,16.60649709442928
3375,16.60649709442928
3376,16.60649709442928
3377,16.60649709442928
3378,16.60649709442928
3379,16.60649709442928
3380,16.60649709442928
3381,16.60649709442928
3382,16.60649709442928
3383,16.60649709442928
3384,16.60649709442928
3385,16.60649709442928
3386,16.60649709442928
3387,16.60649709442928
3388,16.60649709442928
3389,16.60649709442928
3390,16.60649709442928
3391,16.60649709442928
3392,16.60649709442928
3393,16.60649709442928
3394,16.60649709442928
3395,16.60649709442928
3396,16.60649709442928
3397,16.60649709442928
3398,16.60649709442928
3399,16.60649709442928
3400,16.60649709442928
3401,16.60649709442928
3402,16.60649709442928
3403,16.60649709442928
3404,16.60649709442928
3405,16.60649709442928
3406,16.60649709442928
3407,16.60649709442928
3408,16.60649709442928
3409,16.60649709442928
3410,16.60649709442928
3411,16.60649709442928
3412,16.60649709442928
3413,16.60649709442928
3414,16.60649709442928
3415,16.60649709442928
3416,16.60649709442928
3417,16.60649709442928
3418,16.60649709442928
3419,16.60649709442928
3420,16.60649709442928
3421,16.60649709442928
3422,16.60649709442928
3423,16.60649709442928
3424,16.60649709442928
3425,16.60649709442928
3426,16.60649709442928
3427,16.60649709442928
3428,16.60649709442928
3429,16.60649709442928
3430,16.60649709442928
3431,16.60649709442928
3432,16.60649709442928
3433,16.60649709442928
3434,16.60649709442928
3435,16.60649709442928
3436,16.60649709442928
3437,16.60649709442928
3438,16.60649709442928
3439,16.60649709442928
3440,16.60649709442928
3441,16.60649709442928
3442,16.60649709442928
3443,16.60649709442928
3444,16.60649709442928
3445,16.60649709442928
3446,16.60649709442928
3447,16.60649709442928
3448,16.60649709442928
3449,16.60649709442928
3450,16.60649709442928
3451,16.60649709442928
3452,16.60649709442928
3453,16.60649709442928
3454,16.60649709442928
3455,16.60649709442928
3456,16.60649709442928
3457,16.60649709442928
3458,16.60649709442928
3459,16.60649709442928
3460,16.60649709442928
3461,16.60649709442928
3462,16.60649709442928
3463,16.60649709442928
3464,16.60649709442928
3465,16.60649709442928
3466,16.60649709442928
3467,16.60649709442928
3468,16.60649709442928
3469,16.60649709442928
3470,16.60649709442928
3471,16.60649709442928
3472,16.60649709442928
3473,16.60649709442928
3474,16.60649709442928
3475,16.60649709442928
3476,16.60649709442928
3477,16.60649709442928
3478,16.60649709442928
3479,16.60649709442928
3480,16.60649709442928
3481,16.60649709442928
3482,16.60649709442928
3483,16.60649709442928
3484,16.60649709442928
3485,16.60649709442928
3486,16.60649709442928
3487,16.60649709442928
3488,16.60649709442928
3489,16.60649709442928
3490,16.60649709442928
3491,16.60649709442928
3492,16.60649709442928
3493,16.60649709442928
3494,16.60649709442928
3495,16.60649709442928
3496,16.60649709442928
3497,16.60649709442928
3498,16.60649709442928
3499,16.60649709442928
3500,16.60649709442928
3501,16.60649709442928
3502,16.60649709442928
3503,16.60649709442928
3504,16.60649709442928
3505,16.60649709442928
3506,16.60649709442928
3507,16.60649709442928
3508,16.60649709442928
3509,16.60649709442928
3510,16.60649709442928
3511,16.60649709442928
3512,16.60649709442928
3513,16.60649709442928
3514,16.60649709442928
3515,16.60649709442928
3516,16.60649709442928
3517,16.60649709442928
3518,16.60649709442928
3519,16.60649709442928
3520,16.60649709442928
3521,16.60649709442928
3522,16.60649709442928
3523,16.60649709442928
3524,16.60649709442928
3525,16.60649709442928
3526,16.60649709442928
3527,16.60649709442928
3528,16.60649709442928
3529,16.60649709442928
3530,16.60649709442928
3531,16.60649709442928
3532,16.60649709442928
3533,16.60649709442928
3534,16.60649709442928
3535,16.60649709442928
3536,16.60649709442928
3537,16.60649709442928
3538,16.60649709442928
3539,16.60649709442928
3540,16.60649709442928
3541,16.60649709442928
3542,16.60649709442928
3543,16.60649709442928
3544,16.60649709442928
3545,16.60649709442928
3546,16.60649709442928
3547,16.60649709442928
3548,16.60649709442928
3549,16.60649709442928
3550,16.60649709442928
3551,16.60649709442928
3552,16.60649709442928
3553,16.60649709442928
3554,16.60649709442928
3555,16.60649709442928
3556,16.60649709442928
3557,16.60649709442928
3558,16.60649709442928
3559,16.60649709442928
3560,16.60649709442928
3561,16.60649709442928
3562,16.60649709442928
3563,16.60649709442928
3564,16.60649709442928
3565,16.60649709442928
3566,16.60649709442928
3567,16.60649709442928
3568,16.60649709442928
3569,16.60649709442928
3570,16.60649709442928
3571,16.60649709442928
3572,16.60649709442928
3573,16.60649709442928
3574,16.60649709442928
3575,16.60649709442928
3576,16.60649709442928
3577,16.60649709442928
3578,16.60649709442928
3579,16.60649709442928
3580,16.60649709442928
3581,16.60649709442928
3582,16.60649709442928
3583,16.60649709442928
3584,16.60649709442928
3585,16.60649709442928
3586,16.60649709442928
3587,16.60649709442928
3588,16.60649709442928
3589,16.60649709442928
3590,16.60649709442928
3591,16.60649709442928
3592,16.60649709442928
3593,16.60649709442928
3594,16.60649709442928
3595,16.60649709442928
3596,16.60649709442928
3597,16.60649709442928
3598,16.60649709442928
3599,16.60649709442928
3600,16.60649709442928
3601,16.60649709442928
3602,16.60649709442928
3603,16.60649709442928
3604,16.60649709442928
3605,16.60649709442928
3606,16.60649709442928
3607,16.60649709442928
3608,16.60649709442928
3609,16.60649709442928
3610,16.60649709442928
3611,16.60649709442928
3612,16.60649709442928
3613,16.60649709442928
3614,16.60649709442928
3615,16.60649709442928
3616,16.60649709442928
3617,16.60649709442928
3618,16.60649709442928
3619,16.60649709442928
3620,16.60649709442928
3621,16.60649709442928
3622,16.60649709442928
3623,16.60649709442928
3624,16.60649709442928
3625,16.60649709442928
3626,16.60649709442928
3627,16.60649709442928
3628,16.60649709442928
3629,16.60649709442928
3630,16.60649709442928
3631,16.60649709442928
3632,16.60649709442928
3633,16.60649709442928
3634,16.60649709442928
3635,16.60649709442928
3636,16.60649709442928
3637,16.60649709442928
3638,16.60649709442928
3639,16.60649709442928
3640,16.60649709442928
3641,16.60649709442928
3642,16.60649709442928
3643,16.60649709442928
3644,16.60649709442928
3645,16.60649709442928
3646,16.60649709442928
3647,16.60649709442928
3648,16.60649709442928
3649,16.60649709442928
3650,16.60649709442928
3651,16.60649709442928
3652,16.60649709442928
3653,16.60649709442928
3654,16.60649709442928
3655,16.60649709442928
3656,16.60649709442928
3657,16.60649709442928
3658,16.60649709442928
3659,16.60649709442928
3660,16.60649709442928
3661,16.60649709442928
3662,16.60649709442928
3663,16.60649709442928
3664,16.60649709442928
3665,16.60649709442928
3666,16.60649709442928
3667,16.60649709442928
3668,16.60649709442928
3669,16.60649709442928
3670,16.60649709442928
3671,16.60649709442928
3672,16.60649709442928
3673,16.60649709442928
3674,16.60649709442928
3675,16.60649709442928
3676,16.60649709442928
3677,16.60649709442928
3678,16.60649709442928
3679,16.60649709442928
3680,16.60649709442928
3681,16.60649709442928
3682,16.60649709442928
3683,16.60649709442928
3684,16.60649709442928
3685,16.60649709442928
3686,16.60649709442928
3687,16.60649709442928
3688,16.60649709442928
3689,16.60649709442928
3690,16.60649709442928
3691,16.60649709442928
3692,16.60649709442928
3693,16.60649709442928
3694,16.60649709442928
3695,16.60649709442928
3696,16.60649709442928
3697,16.60649709442928
3698,16.60649709442928
3699,16.60649709442928
3700,16.60649709442928
3701,16.60649709442928
3702,16.60649709442928
3703,16.60649709442928
3704,16.60649709442928
3705,16.60649709442928
3706,16.60649709442928
3707,16.60649709442928
3708,16.60649709442928
3709,16.60649709442928
3710,16.60649709442928
3711,16.60649709442928
3712,16.60649709442928
3713,16.60649709442928
3714,16.60649709442928
3715,16.60649709442928
3716,16.60649709442928
3717,16.60649709442928
3718,16.60649709442928
3719,16.60649709442928
3720,16.60649709442928
3721,16.60649709442928
3722,16.60649709442928
3723,16.60649709442928
3724,16.60649709442928
3725,16.60649709442928
3726,16.60649709442928
3727,16.60649709442928
3728,16.60649709442928
3729,16.60649709442928
3730,16.60649709442928
3731,16.60649709442928
3732,16.60649709442928
3733,16.60649709442928
3734,16.60649709442928
3735,16.60649709442928
3736,16.60649709442928
3737,16.60649709442928
3738,16.60649709442928
3739,16.60649709442928
3740,16.60649709442928
3741,16.60649709442928
3742,16.60649709442928
3743,16.60649709442928
3744,16.60649709442928
3745,16.60649709442928
3746,16.60649709442928
3747,16.60649709442928
3748,16.60649709442928
3749,16.60649709442928
3750,16.60649709442928
3751,16.60649709442928
3752,16.60649709442928
3753,16.60649709442928
3754,16.60649709442928
3755,16.60649709442928
3756,16.60649709442928
3757,16.60649709442928
3758,16.60649709442928
3759,16.60649709442928
3760,16.60649709442928
3761,16.60649709442928
3762,16.60649709442928
3763,16.60649709442928
3764,16.60649709442928
3765,16.60649709442928
3766,16.60649709442928
3767,16.60649709442928
3768,16.60649709442928
3769,16.60649709442928
3770,16.60649709442928
3771,16.60649709442928
3772,16.60649709442928
3773,16.60649709442928
3774,16.60649709442928
3775,16.60649709442928
3776,16.60649709442928
3777,16.60649709442928
3778,16.60649709442928
3779,16.60649709442928
3780,16.60649709442928
3781,16.60649709442928
3782,16.60649709442928
3783,16.60649709442928
3784,16.60649709442928
3785,16.60649709442928
3786,16.60649709442928
3787,16.60649709442928
3788,16.60649709442928
3789,16.60649709442928
3790,16.60649709442928
3791,16.60649709442928
3792,16.60649709442928
3793,16.60649709442928
3794,16.60649709442928
3795,16.60649709442928
3796,16.60649709442928
3797,16.60649709442928
3798,16.60649709442928
3799,16.60649709442928
3800,16.60649709442928
3801,16.60649709442928
3802,16.60649709442928
3803,16.60649709442928
3804,16.60649709442928
3805,16.60649709442928
3806,16.60649709442928
3807,16.60649709442928
3808,16.60649709442928
3809,16.60649709442928
3810,16.60649709442928
3811,16.60649709442928
3812,16.60649709442928
3813,16.60649709442928
3814,16.60649709442928
3815,16.60649709442928
3816,16.60649709442928
3817,16.60649709442928
3818,16.60649709442928
3819,16.60649709442928
3820,16.60649709442928
3821,16.60649709442928
3822,16.60649709442928
3823,16.60649709442928
3824,16.60649709442928
3825,16.60649709442928
3826,16.60649709442928
3827,16.60649709442928
3828,16.60649709442928
3829,16.60649709442928
3830,16.60649709442928
3831,16.60649709442928
3832,16.60649709442928
3833,16.60649709442928
3834,16.60649709442928
3835,16.60649709442928
3836,16.60649709442928
3837,16.60649709442928
3838,16.60649709442928
3839,16.60649709442928
3840,16.60649709442928
3841,16.60649709442928
3842,16.60649709442928
3843,16.60649709442928
3844,16.60649709442928
3845,16.60649709442928
3846,16.60649709442928
3847,16.60649709442928
3848,16.60649709442928
3849,16.60649709442928
3850,16.60649709442928
3851,16.60649709442928
3852,16.60649709442928
3853,16.60649709442928
3854,16.60649709442928
3855,16.60649709442928
3856,16.60649709442928
3857,16.60649709442928
3858,16.60649709442928
3859,16.60649709442928
3860,16.60649709442928
3861,16.60649709442928
3862,16.60649709442928
3863,16.60649709442928
3864,16.60649709442928
3865,16.60649709442928
3866,16.60649709442928
3867,16.60649709442928
3868,16.60649709442928
3869,16.60649709442928
3870,16.60649709442928
3871,16.60649709442928
3872,16.60649709442928
3873,16.60649709442928
3874,16.60649709442928
3875,16.60649709442928
3876,16.60649709442928
3877,16.60649709442928
3878,16.60649709442928
3879,16.60649709442928
3880,16.60649709442928
3881,16.60649709442928
3882,16.60649709442928
3883,16.60649709442928
3884,16.60649709442928
3885,16.60649709442928
3886,16.60649709442928
3887,16.60649709442928
3888,16.60649709442928
3889,16.60649709442928
3890,16.60649709442928
3891,16.60649709442928
3892,16.60649709442928
3893,16.60649709442928
3894,16.60649709442928
3895,16.60649709442928
3896,16.60649709442928
3897,16.60649709442928
3898,16.60649709442928
3899,16.60649709442928
3900,16.60649709442928
3901,16.60649709442928
3902,16.60649709442928
3903,16.60649709442928
3904,16.60649709442928
3905,16.60649709442928
3906,16.60649709442928
3907,16.60649709442928
3908,16.60649709442928
3909,16.60649709442928
3910,16.60649709442928
3911,16.60649709442928
3912,16.60649709442928
3913,16.60649709442928
3914,16.60649709442928
3915,16.60649709442928
3916,16.60649709442928
3917,16.60649709442928
3918,16.60649709442928
3919,16.60649709442928
3920,16.60649709442928
3921,16.60649709442928
3922,16.60649709442928
3923,16.60649709442928
3924,16.60649709442928
3925,16.60649709442928
3926,16.60649709442928
3927,16.60649709442928
3928,16.60649709442928
3929,16.60649709442928
3930,16.60649709442928
3931,16.60649709442928
3932,16.60649709442928
3933,16.60649709442928
3934,16.60649709442928
3935,16.60649709442928
3936,16.60649709442928
3937,16.60649709442928
3938,16.60649709442928
3939,16.60649709442928
3940,16.60649709442928
3941,16.60649709442928
3942,16.60649709442928
3943,16.60649709442928
3944,16.60649709442928
3945,16.60649709442928
3946,16.60649709442928
3947,16.60649709442928
3948,16.60649709442928
3949,16.60649709442928
3950,16.60649709442928
3951,16.60649709442928
3952,16.60649709442928
3953,16.60649709442928
3954,16.60649709442928
3955,16.60649709442928
3956,16.60649709442928
3957,16.60649709442928
3958,16.60649709442928
3959,16.60649709442928
3960,16.60649709442928
3961,16.60649709442928
3962,16.60649709442928
3963,16.60649709442928
3964,16.60649709442928
3965,16.60649709442928
3966,16.60649709442928
3967,16.60649709442928
3968,16.60649709442928
3969,16.60649709442928
3970,16.60649709442928
3971,16.60649709442928
3972,16.60649709442928
3973,16.60649709442928
3974,16.60649709442928
3975,16.60649709442928
3976,16.60649709442928
3977,16.60649709442928
3978,16.60649709442928
3979,16.60649709442928
3980,16.60649709442928
3981,16.60649709442928
3982,16.60649709442928
3983,16.60649709442928
3984,16.60649709442928
3985,16.60649709442928
3986,16.60649709442928
3987,16.60649709442928
3988,16.60649709442928
3989,16.60649709442928
3990,16.60649709442928
3991,16.60649709442928
3992,16.60649709442928
3993,16.60649709442928
3994,16.60649709442928
3995,16.60649709442928
3996,16.60649709442928
3997,16.60649709442928
3998,16.60649709442928
3999,16.60649709442928
4000,16.60649709442928
4001,16.60649709442928
4002,16.60649709442928
4003,16.60649709442928
4004,16.60649709442928
4005,16.60649709442928
4006,16.60649709442928
4007,16.60649709442928
4008,16.60649709442928
4009,16.60649709442928
4010,16.60649709442928
4011,16.60649709442928
4012,16.60649709442928
4013,16.60649709442928
4014,16.60649709442928
4015,16.60649709442928
4016,16.60649709442928
4017,16.60649709442928
4018,16.60649709442928
4019,16.60649709442928
4020,16.60649709442928
4021,16.60649709442928
4022,16.60649709442928
4023,16.60649709442928
4024,16.60649709442928
4025,16.60649709442928
4026,16.60649709442928
4027,16.60649709442928
4028,16.60649709442928
4029,16.60649709442928
4030,16.60649709442928
4031,16.60649709442928
4032,16.60649709442928
4033,16.60649709442928
4034,16.60649709442928
4035,16.60649709442928
4036,16.60649709442928
4037,16.60649709442928
4038,16.60649709442928
4039,16.60649709442928
4040,16.60649709442928
4041,16.60649709442928
4042,16.60649709442928
4043,16.60649709442928
4044,16.60649709442928
4045,16.60649709442928
4046,16.60649709442928
4047,16.60649709442928
4048,16.60649709442928
4049,16.60649709442928
4050,16.60649709442928
4051,16.60649709442928
4052,16.60649709442928
4053,16.60649709442928
4054,16.60649709442928
4055,16.60649709442928
4056,16.60649709442928
4057,16.60649709442928
4058,16.60649709442928
4059,16.60649709442928
4060,16.60649709442928
4061,16.60649709442928
4062,16.60649709442928
4063,16.60649709442928
4064,16.60649709442928
4065,16.60649709442928
4066,16.60649709442928
4067,16.60649709442928
4068,16.60649709442928
4069,16.60649709442928
4070,16.60649709442928
4071,16.60649709442928
4072,16.60649709442928
4073,16.60649709442928
4074,16.60649709442928
4075,16.60649709442928
4076,16.60649709442928
4077,16.60649709442928
4078,16.60649709442928
4079,16.60649709442928
4080,16.60649709442928
4081,16.60649709442928
4082,16.60649709442928
4083,16.60649709442928
4084,16.60649709442928
4085,16.60649709442928
4086,16.60649709442928
4087,16.60649709442928
4088,16.60649709442928
4089,16.60649709442928
4090,16.60649709442928
4091,16.60649709442928
4092,16.60649709442928
4093,16.60649709442928
4094,16.60649709442928
4095,16.60649709442928
4096,16.60649709442928
4097,16.60649709442928
4098,16.60649709442928
4099,16.60649709442928
4100,16.60649709442928
4101,16.60649709442928
4102,16.60649709442928
4103,16.60649709442928
4104,16.60649709442928
4105,16.60649709442928
4106,16.60649709442928
4107,16.60649709442928
4108,16.60649709442928
4109,16.60649709442928
4110,16.60649709442928
4111,16.60649709442928
4112,16.60649709442928
4113,16.60649709442928
4114,16.60649709442928
4115,16.60649709442928
4116,16.60649709442928
4117,16.60649709442928
4118,16.60649709442928
4119,16.60649709442928
4120,16.60649709442928
4121,16.60649709442928
4122,16.60649709442928
4123,16.60649709442928
4124,16.60649709442928
4125,16.60649709442928
4126,16.60649709442928
4127,16.60649709442928
4128,16.60649709442928
4129,16.60649709442928
4130,16.60649709442928
4131,16.60649709442928
4132,16.60649709442928
4133,16.60649709442928
4134,16.60649709442928
4135,16.60649709442928
4136,16.60649709442928
4137,16.60649709442928
4138,16.60649709442928
4139,16.60649709442928
4140,16.60649709442928
4141,16.60649709442928
4142,16.60649709442928
4143,16.60649709442928
4144,16.60649709442928
4145,16.60649709442928
4146,16.60649709442928
4147,16.60649709442928
4148,16.60649709442928
4149,16.60649709442928
4150,16.60649709442928
4151,16.60649709442928
4152,16.60649709442928
4153,16.60649709442928
4154,16.60649709442928
4155,16.60649709442928
4156,16.60649709442928
4157,16.60649709442928
4158,16.60649709442928
4159,16.60649709442928
4160,16.60649709442928
4161,16.60649709442928
4162,16.60649709442928
4163,16.60649709442928
4164,16.60649709442928
4165,16.60649709442928
4166,16.60649709442928
4167,16.60649709442928
4168,16.60649709442928
4169,16.60649709442928
4170,16.60649709442928
4171,16.60649709442928
4172,16.60649709442928
4173,16.60649709442928
4174,16.60649709442928
4175,16.60649709442928
4176,16.60649709442928
4177,16.60649709442928
4178,16.60649709442928
4179,16.60649709442928
4180,16.60649709442928
4181,16.60649709442928
4182,16.60649709442928
4183,16.60649709442928
4184,16.60649709442928
4185,16.60649709442928
4186,16.60649709442928
4187,16.60649709442928
4188,16.60649709442928
4189,16.60649709442928
4190,16.60649709442928
4191,16.60649709442928
4192,16.60649709442928
4193,16.60649709442928
4194,16.60649709442928
4195,16.60649709442928
4196,16.60649709442928
4197,16.60649709442928
4198,16.60649709442928
4199,16.60649709442928
4200,16.60649709442928
4201,16.60649709442928
4202,16.60649709442928
4203,16.60649709442928
4204,16.60649709442928
4205,16.60649709442928
4206,16.60649709442928
4207,16.60649709442928
4208,16.60649709442928
4209,16.60649709442928
4210,16.60649709442928
4211,16.60649709442928
4212,16.60649709442928
4213,16.60649709442928
4214,16.60649709442928
4215,16.60649709442928
4216,16.60649709442928
4217,16.60649709442928
4218,16.60649709442928
4219,16.60649709442928
4220,16.60649709442928
4221,16.60649709442928
4222,16.60649709442928
4223,16.60649709442928
4224,16.60649709442928
4225,16.60649709442928
4226,16.60649709442928
4227,16.60649709442928
4228,16.60649709442928
4229,16.60649709442928
4230,16.60649709442928
4231,16.60649709442928
4232,16.60649709442928
4233,16.60649709442928
4234,16.60649709442928
4235,16.60649709442928
4236,16.60649709442928
4237,16.60649709442928
4238,16.60649709442928
4239,16.60649709442928
4240,16.60649709442928
4241,16.60649709442928
4242,16.60649709442928
4243,16.60649709442928
4244,16.60649709442928
4245,16.60649709442928
4246,16.60649709442928
4247,16.60649709442928
4248,16.60649709442928
4249,16.60649709442928
4250,16.60649709442928
4251,16.60649709442928
4252,16.60649709442928
4253,16.60649709442928
4254,16.60649709442928
4255,16.60649709442928
4256,16.60649709442928
4257,16.60649709442928
4258,16.60649709442928
4259,16.60649709442928
4260,16.60649709442928
4261,16.60649709442928
4262,16.60649709442928
4263,16.60649709442928
4264,16.60649709442928
4265,16.60649709442928
4266,16.60649709442928
4267,16.60649709442928
4268,16.60649709442928
4269,16.60649709442928
4270,16.60649709442928
4271,16.60649709442928
4272,16.60649709442928
4273,16.60649709442928
4274,16.60649709442928
4275,16.60649709442928
4276,16.60649709442928
4277,16.60649709442928
4278,16.60649709442928
4279,16.60649709442928
4280,16.60649709442928
4281,16.60649709442928
4282,16.60649709442928
4283,16.60649709442928
4284,16.60649709442928
4285,16.60649709442928
4286,16.60649709442928
4287,16.60649709442928
4288,16.60649709442928
4289,16.60649709442928
4290,16.60649709442928
4291,16.60649709442928
4292,16.60649709442928
4293,16.60649709442928
4294,16.60649709442928
4295,16.60649709442928
4296,16.60649709442928
4297,16.60649709442928
4298,16.60649709442928
4299,16.60649709442928
4300,16.60649709442928
4301,16.60649709442928
4302,16.60649709442928
4303,16.60649709442928
4304,16.60649709442928
4305,16.60649709442928
4306,16.60649709442928
4307,16.60649709442928
4308,16.60649709442928
4309,16.60649709442928
4310,16.60649709442928
4311,16.60649709442928
4312,16.60649709442928
4313,16.60649709442928
4314,16.60649709442928
4315,16.60649709442928
4316,16.60649709442928
4317,16.60649709442928
4318,16.60649709442928
4319,16.60649709442928
4320,16.60649709442928
4321,9.781315220846615
4322,9.781315220846615
4323,9.781315220846615
4324,9.781315220846615
4325,9.781315220846615
4326,9.781315220846615
4327,9.781315220846615
4328,9.781315220846615
4329,9.781315220846615
4330,9.781315220846615
4331,9.781315220846615
4332,9.781315220846615
4333,9.781315220846615
4334,9.781315220846615
4335,9.781315220846615
4336,9.781315220846615
4337,9.781315220846615
4338,9.781315220846615
4339,9.781315220846615
4340,9.781315220846615
4341,9.781315220846615
4342,9.781315220846615
4343,9.781315220846615
4344,9.781315220846615
4345,9.781315220846615
4346,9.781315220846615
4347,9.781315220846615
4348,9.781315220846615
4349,9.781315220846615
4350,9.781315220846615
4351,9.781315220846615
4352,9.781315220846615
4353,9.781315220846615
4354,9.781315220846615
4355,9.781315220846615
4356,9.781315220846615
4357,9.781315220846615
4358,9.781315220846615
4359,9.781315220846615
4360,9.781315220846615
4361,9.781315220846615
4362,9.781315220846615
4363,9.781315220846615
4364,9.781315220846615
4365,9.781315220846615
4366,9.781315220846615
4367,9.781315220846615
4368,9.781315220846615
4369,9.781315220846615
4370,9.781315220846615
4371,9.781315220846615
4372,9.781315220846615
4373,9.781315220846615
4374,9.781315220846615
4375,9.781315220846615
4376,9.781315220846615
4377,9.781315220846615
4378,9.781315220846615
4379,9.781315220846615
4380,9.781315220846615
4381,9.781315220846615
4382,9.781315220846615
4383,9.781315220846615
4384,9.781315220846615
4385,9.781315220846615
4386,9.781315220846615
4387,9.781315220846615
4388,9.781315220846615
4389,9.781315220846615
4390,9.781315220846615
4391,9.781315220846615
4392,9.781315220846615
4393,9.781315220846615
4394,9.781315220846615
4395,9.781315220846615
4396,9.781315220846615
4397,9.781315220846615
4398,9.781315220846615
4399,9.781315220846615
4400,9.781315220846615
4401,9.781315220846615
4402,9.781315220846615
4403,9.781315220846615
4404,9.781315220846615
4405,9.781315220846615
4406,9.781315220846615
4407,9.781315220846615
4408,9.781315220846615
4409,9.781315220846615
4410,9.781315220846615
4411,9.781315220846615
4412,9.781315220846615
4413,9.781315220846615
4414,9.781315220846615
4415,9.781315220846615
4416,9.781315220846615
4417,9.781315220846615
4418,9.781315220846615
4419,9.781315220846615
4420,9.781315220846615
4421,9.781315220846615
4422,9.781315220846615
4423,9.781315220846615
4424,9.781315220846615
4425,9.781315220846615
4426,9.781315220846615
4427,9.781315220846615
4428,9.781315220846615
4429,9.781315220846615
4430,9.781315220846615
4431,9.781315220846615
4432,9.781315220846615
4433,9.781315220846615
4434,9.781315220846615
4435,9.781315220846615
4436,9.781315220846615
4437,9.781315220846615
4438,9.781315220846615
4439,9.781315220846615
4440,9.781315220846615
4441,9.781315220846615
4442,9.781315220846615
4443,9.781315220846615
4444,9.781315220846615
4445,9.781315220846615
4446,9.781315220846615
4447,9.781315220846615
4448,9.781315220846615
4449,9.781315220846615
4450,9.781315220846615
4451,9.781315220846615
4452,9.781315220846615
4453,9.781315220846615
4454,9.781315220846615
4455,9.781315220846615
4456,9.781315220846615
4457,9.781315220846615
4458,9.781315220846615
4459,9.781315220846615
4460,9.781315220846615
4461,9.781315220846615
4462,9.781315220846615
4463,9.781315220846615
4464,9.781315220846615
4465,9.781315220846615
4466,9.781315220846615
4467,9.781315220846615
4468,9.781315220846615
4469,9.781315220846615
4470,9.781315220846615
4471,9.781315220846615
4472,9.781315220846615
4473,9.781315220846615
4474,9.781315220846615
4475,9.781315220846615
4476,9.781315220846615
4477,9.781315220846615
4478,9.781315220846615
4479,9.781315220846615
4480,9.781315220846615
4481,9.781315220846615
4482,9.781315220846615
4483,9.781315220846615
4484,9.781315220846615
4485,9.781315220846615
4486,9.781315220846615
4487,9.781315220846615
4488,9.781315220846615
4489,9.781315220846615
4490,9.781315220846615
4491,9.781315220846615
4492,9.781315220846615
4493,9.781315220846615
4494,9.781315220846615
4495,9.781315220846615
4496,9.781315220846615
4497,9.781315220846615
4498,9.781315220846615
4499,9.781315220846615
4500,9.781315220846615
4501,9.781315220846615
4502,9.781315220846615
4503,9.781315220846615
4504,9.781315220846615
4505,9.781315220846615
4506,9.781315220846615
4507,9.781315220846615
4508,9.781315220846615
4509,9.781315220846615
4510,9.781315220846615
4511,9.781315220846615
4512,9.781315220846615
4513,9.781315220846615
4514,9.781315220846615
4515,9.781315220846615
4516,9.781315220846615
4517,9.781315220846615
4518,9.781315220846615
4519,9.781315220846615
4520,9.781315220846615
4521,9.781315220846615
4522,9.781315220846615
4523,9.781315220846615
4524,9.781315220846615
4525,9.781315220846615
4526,9.781315220846615
4527,9.781315220846615
4528,9.781315220846615
4529,9.781315220846615
4530,9.781315220846615
4531,9.781315220846615
4532,9.781315220846615
4533,9.781315220846615
4534,9.781315220846615
4535,9.781315220846615
4536,9.781315220846615
4537,9.781315220846615
4538,9.781315220846615
4539,9.781315220846615
4540,9.781315220846615
4541,9.781315220846615
4542,9.781315220846615
4543,9.781315220846615
4544,9.781315220846615
4545,9.781315220846615
4546,9.781315220846615
4547,9.781315220846615
4548,9.781315220846615
4549,9.781315220846615
4550,9.781315220846615
4551,9.781315220846615
4552,9.781315220846615
4553,9.781315220846615
4554,9.781315220846615
4555,9.781315220846615
4556,9.781315220846615
4557,9.781315220846615
4558,9.781315220846615
4559,9.781315220846615
4560,9.781315220846615
4561,9.781315220846615
4562,9.781315220846615
4563,9.781315220846615
4564,9.781315220846615
4565,9.781315220846615
4566,9.781315220846615
4567,9.781315220846615
4568,9.781315220846615
4569,9.781315220846615
4570,9.781315220846615
4571,9.781315220846615
4572,9.781315220846615
4573,9.781315220846615
4574,9.781315220846615
4575,9.781315220846615
4576,9.781315220846615
4577,9.781315220846615
4578,9.781315220846615
4579,9.781315220846615
4580,9.781315220846615
4581,9.781315220846615
4582,9.781315220846615
4583,9.781315220846615
4584,9.781315220846615
4585,9.781315220846615
4586,9.781315220846615
4587,9.781315220846615
4588,9.781315220846615
4589,9.781315220846615
4590,9.781315220846615
4591,9.781315220846615
4592,9.781315220846615
4593,9.781315220846615
4594,9.781315220846615
4595,9.781315220846615
4596,9.781315220846615
4597,9.781315220846615
4598,9.781315220846615
4599,9.781315220846615
4600,9.781315220846615
4601,9.781315220846615
4602,9.781315220846615
4603,9.781315220846615
4604,9.781315220846615
4605,9.781315220846615
4606,9.781315220846615
4607,9.781315220846615
4608,9.781315220846615
4609,9.781315220846615
4610,9.781315220846615
4611,9.781315220846615
4612,9.781315220846615
4613,9.781315220846615
4614,9.781315220846615
4615,9.781315220846615
4616,9.781315220846615
4617,9.781315220846615
4618,9.781315220846615
4619,9.781315220846615
4620,9.781315220846615
4621,9.781315220846615
4622,9.781315220846615
4623,9.781315220846615
4624,9.781315220846615
4625,9.781315220846615
4626,9.781315220846615
4627,9.781315220846615
4628,9.781315220846615
4629,9.781315220846615
4630,9.781315220846615
4631,9.781315220846615
4632,9.781315220846615
4633,9.781315220846615
4634,9.781315220846615
4635,9.781315220846615
4636,9.781315220846615
4637,9.781315220846615
4638,9.781315220846615
4639,9.781315220846615
4640,9.781315220846615
4641,9.781315220846615
4642,9.781315220846615
4643,9.781315220846615
4644,9.781315220846615
4645,9.781315220846615
4646,9.781315220846615
4647,9.781315220846615
4648,9.781315220846615
4649,9.781315220846615
4650,9.781315220846615
4651,9.781315220846615
4652,9.781315220846615
4653,9.781315220846615
4654,9.781315220846615
4655,9.781315220846615
4656,9.781315220846615
4657,9.781315220846615
4658,9.781315220846615
4659,9.781315220846615
4660,9.781315220846615
4661,9.781315220846615
4662,9.781315220846615
4663,9.781315220846615
4664,9.781315220846615
4665,9.781315220846615
4666,9.781315220846615
4667,9.781315220846615
4668,9.781315220846615
4669,9.781315220846615
4670,9.781315220846615
4671,9.781315220846615
4672,9.781315220846615
4673,9.781315220846615
4674,9.781315220846615
4675,9.781315220846615
4676,9.781315220846615
4677,9.781315220846615
4678,9.781315220846615
4679,9.781315220846615
4680,9.781315220846615
4681,9.781315220846615
4682,9.781315220846615
4683,9.781315220846615
4684,9.781315220846615
4685,9.781315220846615
4686,9.781315220846615
4687,9.781315220846615
4688,9.781315220846615
4689,9.781315220846615
4690,9.781315220846615
4691,9.781315220846615
4692,9.781315220846615
4693,9.781315220846615
4694,9.781315220846615
4695,9.781315220846615
4696,9.781315220846615
4697,9.781315220846615
4698,9.781315220846615
4699,9.781315220846615
4700,9.781315220846615
4701,9.781315220846615
4702,9.781315220846615
4703,9.781315220846615
4704,9.781315220846615
4705,9.781315220846615
4706,9.781315220846615
4707,9.781315220846615
4708,9.781315220846615
4709,9.781315220846615
4710,9.781315220846615
4711,9.781315220846615
4712,9.781315220846615
4713,9.781315220846615
4714,9.781315220846615
4715,9.781315220846615
4716,9.781315220846615
4717,9.781315220846615
4718,9.781315220846615
4719,9.781315220846615
4720,9.781315220846615
4721,9.781315220846615
4722,9.781315220846615
4723,9.781315220846615
4724,9.781315220846615
4725,9.781315220846615
4726,9.781315220846615
4727,9.781315220846615
4728,9.781315220846615
4729,9.781315220846615
4730,9.781315220846615
4731,9.781315220846615
4732,9.781315220846615
4733,9.781315220846615
4734,9.781315220846615
4735,9.781315220846615
4736,9.781315220846615
4737,9.781315220846615
4738,9.781315220846615
4739,9.781315220846615
4740,9.781315220846615
4741,9.781315220846615
4742,9.781315220846615
4743,9.781315220846615
4744,9.781315220846615
4745,9.781315220846615
4746,9.781315220846615
4747,9.781315220846615
4748,9.781315220846615
4749,9.781315220846615
4750,9.781315220846615
4751,9.781315220846615
4752,9.781315220846615
4753,9.781315220846615
4754,9.781315220846615
4755,9.781315220846615
4756,9.781315220846615
4757,9.781315220846615
4758,9.781315220846615
4759,9.781315220846615
4760,9.781315220846615
4761,9.781315220846615
4762,9.781315220846615
4763,9.781315220846615
4764,9.781315220846615
4765,9.781315220846615
4766,9.781315220846615
4767,9.781315220846615
4768,9.781315220846615
4769,9.781315220846615
4770,9.781315220846615
4771,9.781315220846615
4772,9.781315220846615
4773,9.781315220846615
4774,9.781315220846615
4775,9.781315220846615
4776,9.781315220846615
4777,9.781315220846615
4778,9.781315220846615
4779,9.781315220846615
4780,9.781315220846615
4781,9.781315220846615
4782,9.781315220846615
4783,9.781315220846615
4784,9.781315220846615
4785,9.781315220846615
4786,9.781315220846615
4787,9.781315220846615
4788,9.781315220846615
4789,9.781315220846615
4790,9.781315220846615
4791,9.781315220846615
4792,9.781315220846615
4793,9.781315220846615
4794,9.781315220846615
4795,9.781315220846615
4796,9.781315220846615
4797,9.781315220846615
4798,9.781315220846615
4799,9.781315220846615
4800,9.781315220846615
4801,9.781315220846615
4802,9.781315220846615
4803,9.781315220846615
4804,9.781315220846615
4805,9.781315220846615
4806,9.781315220846615
4807,9.781315220846615
4808,9.781315220846615
4809,9.781315220846615
4810,9.781315220846615
4811,9.781315220846615
4812,9.781315220846615
4813,9.781315220846615
4814,9.781315220846615
4815,9.781315220846615
4816,9.781315220846615
4817,9.781315220846615
4818,9.781315220846615
4819,9.781315220846615
4820,9.781315220846615
4821,9.781315220846615
4822,9.781315220846615
4823,9.781315220846615
4824,9.781315220846615
4825,9.781315220846615
4826,9.781315220846615
4827,9.781315220846615
4828,9.781315220846615
4829,9.781315220846615
4830,9.781315220846615
4831,9.781315220846615
4832,9.781315220846615
4833,9.781315220846615
4834,9.781315220846615
4835,9.781315220846615
4836,9.781315220846615
4837,9.781315220846615
4838,9.781315220846615
4839,9.781315220846615
4840,9.781315220846615
4841,9.781315220846615
4842,9.781315220846615
4843,9.781315220846615
4844,9.781315220846615
4845,9.781315220846615
4846,9.781315220846615
4847,9.781315220846615
4848,9.781315220846615
4849,9.781315220846615
4850,9.781315220846615
4851,9.781315220846615
4852,9.781315220846615
4853,9.781315220846615
4854,9.781315220846615
4855,9.781315220846615
4856,9.781315220846615
4857,9.781315220846615
4858,9.781315220846615
4859,9.781315220846615
4860,9.781315220846615
4861,9.781315220846615
4862,9.781315220846615
4863,9.781315220846615
4864,9.781315220846615
4865,9.781315220846615
4866,9.781315220846615
4867,9.781315220846615
4868,9.781315220846615
4869,9.781315220846615
4870,9.781315220846615
4871,9.781315220846615
4872,9.781315220846615
4873,9.781315220846615
4874,9.781315220846615
4875,9.781315220846615
4876,9.781315220846615
4877,9.781315220846615
4878,9.781315220846615
4879,9.781315220846615
4880,9.781315220846615
4881,9.781315220846615
4882,9.781315220846615
4883,9.781315220846615
4884,9.781315220846615
4885,9.781315220846615
4886,9.781315220846615
4887,9.781315220846615
4888,9.781315220846615
4889,9.781315220846615
4890,9.781315220846615
4891,9.781315220846615
4892,9.781315220846615
4893,9.781315220846615
4894,9.781315220846615
4895,9.781315220846615
4896,9.781315220846615
4897,9.781315220846615
4898,9.781315220846615
4899,9.781315220846615
4900,9.781315220846615
4901,9.781315220846615
4902,9.781315220846615
4903,9.781315220846615
4904,9.781315220846615
4905,9.781315220846615
4906,9.781315220846615
4907,9.781315220846615
4908,9.781315220846615
4909,9.781315220846615
4910,9.781315220846615
4911,9.781315220846615
4912,9.781315220846615
4913,9.781315220846615
4914,9.781315220846615
4915,9.781315220846615
4916,9.781315220846615
4917,9.781315220846615
4918,9.781315220846615
4919,9.781315220846615
4920,9.781315220846615
4921,9.781315220846615
4922,9.781315220846615
4923,9.781315220846615
4924,9.781315220846615
4925,9.781315220846615
4926,9.781315220846615
4927,9.781315220846615
4928,9.781315220846615
4929,9.781315220846615
4930,9.781315220846615
4931,9.781315220846615
4932,9.781315220846615
4933,9.781315220846615
4934,9.781315220846615
4935,9.781315220846615
4936,9.781315220846615
4937,9.781315220846615
4938,9.781315220846615
4939,9.781315220846615
4940,9.781315220846615
4941,9.781315220846615
4942,9.781315220846615
4943,9.781315220846615
4944,9.781315220846615
4945,9.781315220846615
4946,9.781315220846615
4947,9.781315220846615
4948,9.781315220846615
4949,9.781315220846615
4950,9.781315220846615
4951,9.781315220846615
4952,9.781315220846615
4953,9.781315220846615
4954,9.781315220846615
4955,9.781315220846615
4956,9.781315220846615
4957,9.781315220846615
4958,9.781315220846615
4959,9.781315220846615
4960,9.781315220846615
4961,9.781315220846615
4962,9.781315220846615
4963,9.781315220846615
4964,9.781315220846615
4965,9.781315220846615
4966,9.781315220846615
4967,9.781315220846615
4968,9.781315220846615
4969,9.781315220846615
4970,9.781315220846615
4971,9.781315220846615
4972,9.781315220846615
4973,9.781315220846615
4974,9.781315220846615
4975,9.781315220846615
4976,9.781315220846615
4977,9.781315220846615
4978,9.781315220846615
4979,9.781315220846615
4980,9.781315220846615
4981,9.781315220846615
4982,9.781315220846615
4983,9.781315220846615
4984,9.781315220846615
4985,9.781315220846615
4986,9.781315220846615
4987,9.781315220846615
4988,9.781315220846615
4989,9.781315220846615
4990,9.781315220846615
4991,9.781315220846615
4992,9.781315220846615
4993,9.781315220846615
4994,9.781315220846615
4995,9.781315220846615
4996,9.781315220846615
4997,9.781315220846615
4998,9.781315220846615
4999,9.781315220846615
5000,9.781315220846615
5001,9.781315220846615
5002,9.781315220846615
5003,9.781315220846615
5004,9.781315220846615
5005,9.781315220846615
5006,9.781315220846615
5007,9.781315220846615
5008,9.781315220846615
5009,9.781315220846615
5010,9.781315220846615
5011,9.781315220846615
5012,9.781315220846615
5013,9.781315220846615
5014,9.781315220846615
5015,9.781315220846615
5016,9.781315220846615
5017,9.781315220846615
5018,9.781315220846615
5019,9.781315220846615
5020,9.781315220846615
5021,9.781315220846615
5022,9.781315220846615
5023,9.781315220846615
5024,9.781315220846615
5025,9.781315220846615
5026,9.781315220846615
5027,9.781315220846615
5028,9.781315220846615
5029,9.781315220846615
5030,9.781315220846615
5031,9.781315220846615
5032,9.781315220846615
5033,9.781315220846615
5034,9.781315220846615
5035,9.781315220846615
5036,9.781315220846615
5037,9.781315220846615
5038,9.781315220846615
5039,9.781315220846615
5040,9.781315220846615
5041,9.781315220846615
5042,9.781315220846615
5043,9.781315220846615
5044,9.781315220846615
5045,9.781315220846615
5046,9.781315220846615
5047,9.781315220846615
5048,9.781315220846615
5049,9.781315220846615
5050,9.781315220846615
5051,9.781315220846615
5052,9.781315220846615
5053,9.781315220846615
5054,9.781315220846615
5055,9.781315220846615
5056,9.781315220846615
5057,9.781315220846615
5058,9.781315220846615
5059,9.781315220846615
5060,9.781315220846615
5061,9.781315220846615
5062,9.781315220846615
5063,9.781315220846615
5064,9.781315220846615
5065,9.781315220846615
5066,9.781315220846615
5067,9.781315220846615
5068,9.781315220846615
5069,9.781315220846615
5070,9.781315220846615
5071,9.781315220846615
5072,9.781315220846615
5073,9.781315220846615
5074,9.781315220846615
5075,9.781315220846615
5076,9.781315220846615
5077,9.781315220846615
5078,9.781315220846615
5079,9.781315220846615
5080,9.781315220846615
5081,9.781315220846615
5082,9.781315220846615
5083,9.781315220846615
5084,9.781315220846615
5085,9.781315220846615
5086,9.781315220846615
5087,9.781315220846615
5088,9.781315220846615
5089,9.781315220846615
5090,9.781315220846615
5091,9.781315220846615
5092,9.781315220846615
5093,9.781315220846615
5094,9.781315220846615
5095,9.781315220846615
5096,9.781315220846615
5097,9.781315220846615
5098,9.781315220846615
5099,9.781315220846615
5100,9.781315220846615
5101,9.781315220846615
5102,9.781315220846615
5103,9.781315220846615
5104,9.781315220846615
5105,9.781315220846615
5106,9.781315220846615
5107,9.781315220846615
5108,9.781315220846615
5109,9.781315220846615
5110,9.781315220846615
5111,9.781315220846615
5112,9.781315220846615
5113,9.781315220846615
5114,9.781315220846615
5115,9.781315220846615
5116,9.781315220846615
5117,9.781315220846615
5118,9.781315220846615
5119,9.781315220846615
5120,9.781315220846615
5121,9.781315220846615
5122,9.781315220846615
5123,9.781315220846615
5124,9.781315220846615
5125,9.781315220846615
5126,9.781315220846615
5127,9.781315220846615
5128,9.781315220846615
5129,9.781315220846615
5130,9.781315220846615
5131,9.781315220846615
5132,9.781315220846615
5133,9.781315220846615
5134,9.781315220846615
5135,9.781315220846615
5136,9.781315220846615
5137,9.781315220846615
5138,9.781315220846615
5139,9.781315220846615
5140,9.781315220846615
5141,9.781315220846615
5142,9.781315220846615
5143,9.781315220846615
5144,9.781315220846615
5145,9.781315220846615
5146,9.781315220846615
5147,9.781315220846615
5148,9.781315220846615
5149,9.781315220846615
5150,9.781315220846615
5151,9.781315220846615
5152,9.781315220846615
5153,9.781315220846615
5154,9.781315220846615
5155,9.781315220846615
5156,9.781315220846615
5157,9.781315220846615
5158,9.781315220846615
5159,9.781315220846615
5160,9.781315220846615
5161,9.781315220846615
5162,9.781315220846615
5163,9.781315220846615
5164,9.781315220846615
5165,9.781315220846615
5166,9.781315220846615
5167,9.781315220846615
5168,9.781315220846615
5169,9.781315220846615
5170,9.781315220846615
5171,9.781315220846615
5172,9.781315220846615
5173,9.781315220846615
5174,9.781315220846615
5175,9.781315220846615
5176,9.781315220846615
5177,9.781315220846615
5178,9.781315220846615
5179,9.781315220846615
5180,9.781315220846615
5181,9.781315220846615
5182,9.781315220846615
5183,9.781315220846615
5184,9.781315220846615
5185,9.781315220846615
5186,9.781315220846615
5187,9.781315220846615
5188,9.781315220846615
5189,9.781315220846615
5190,9.781315220846615
5191,9.781315220846615
5192,9.781315220846615
5193,9.781315220846615
5194,9.781315220846615
5195,9.781315220846615
5196,9.781315220846615
5197,9.781315220846615
5198,9.781315220846615
5199,9.781315220846615
5200,9.781315220846615
5201,9.781315220846615
5202,9.781315220846615
5203,9.781315220846615
5204,9.781315220846615
5205,9.781315220846615
5206,9.781315220846615
5207,9.781315220846615
5208,9.781315220846615
5209,9.781315220846615
5210,9.781315220846615
5211,9.781315220846615
5212,9.781315220846615
5213,9.781315220846615
5214,9.781315220846615
5215,9.781315220846615
5216,9.781315220846615
5217,9.781315220846615
5218,9.781315220846615
5219,9.781315220846615
5220,9.781315220846615
5221,9.781315220846615
5222,9.781315220846615
5223,9.781315220846615
5224,9.781315220846615
5225,9.781315220846615
5226,9.781315220846615
5227,9.781315220846615
5228,9.781315220846615
5229,9.781315220846615
5230,9.781315220846615
5231,9.781315220846615
5232,9.781315220846615
5233,9.781315220846615
5234,9.781315220846615
5235,9.781315220846615
5236,9.781315220846615
5237,9.781315220846615
5238,9.781315220846615
5239,9.781315220846615
5240,9.781315220846615
5241,9.781315220846615
5242,9.781315220846615
5243,9.781315220846615
5244,9.781315220846615
5245,9.781315220846615
5246,9.781315220846615
5247,9.781315220846615
5248,9.781315220846615
5249,9.781315220846615
5250,9.781315220846615
5251,9.781315220846615
5252,9.781315220846615
5253,9.781315220846615
5254,9.781315220846615
5255,9.781315220846615
5256,9.781315220846615
5257,9.781315220846615
5258,9.781315220846615
5259,9.781315220846615
5260,9.781315220846615
5261,9.781315220846615
5262,9.781315220846615
5263,9.781315220846615
5264,9.781315220846615
5265,9.781315220846615
5266,9.781315220846615
5267,9.781315220846615
5268,9.781315220846615
5269,9.781315220846615
5270,9.781315220846615
5271,9.781315220846615
5272,9.781315220846615
5273,9.781315220846615
5274,9.781315220846615
5275,9.781315220846615
5276,9.781315220846615
5277,9.781315220846615
5278,9.781315220846615
5279,9.781315220846615
5280,9.781315220846615
5281,9.781315220846615
5282,9.781315220846615
5283,9.781315220846615
5284,9.781315220846615
5285,9.781315220846615
5286,9.781315220846615
5287,9.781315220846615
5288,9.781315220846615
5289,9.781315220846615
5290,9.781315220846615
5291,9.781315220846615
5292,9.781315220846615
5293,9.781315220846615
5294,9.781315220846615
5295,9.781315220846615
5296,9.781315220846615
5297,9.781315220846615
5298,9.781315220846615
5299,9.781315220846615
5300,9.781315220846615
5301,9.781315220846615
5302,9.781315220846615
5303,9.781315220846615
5304,9.781315220846615
5305,9.781315220846615
5306,9.781315220846615
5307,9.781315220846615
5308,9.781315220846615
5309,9.781315220846615
5310,9.781315220846615
5311,9.781315220846615
5312,9.781315220846615
5313,9.781315220846615
5314,9.781315220846615
5315,9.781315220846615
5316,9.781315220846615
5317,9.781315220846615
5318,9.781315220846615
5319,9.781315220846615
5320,9.781315220846615
5321,9.781315220846615
5322,9.781315220846615
5323,9.781315220846615
5324,9.781315220846615
5325,9.781315220846615
5326,9.781315220846615
5327,9.781315220846615
5328,9.781315220846615
5329,9.781315220846615
5330,9.781315220846615
5331,9.781315220846615
5332,9.781315220846615
5333,9.781315220846615
5334,9.781315220846615
5335,9.781315220846615
5336,9.781315220846615
5337,9.781315220846615
5338,9.781315220846615
5339,9.781315220846615
5340,9.781315220846615
5341,9.781315220846615
5342,9.781315220846615
5343,9.781315220846615
5344,9.781315220846615
5345,9.781315220846615
5346,9.781315220846615
5347,9.781315220846615
5348,9.781315220846615
5349,9.781315220846615
5350,9.781315220846615
5351,9.781315220846615
5352,9.781315220846615
5353,9.781315220846615
5354,9.781315220846615
5355,9.781315220846615
5356,9.781315220846615
5357,9.781315220846615
5358,9.781315220846615
5359,9.781315220846615
5360,9.781315220846615
5361,9.781315220846615
5362,9.781315220846615
5363,9.781315220846615
5364,9.781315220846615
5365,9.781315220846615
5366,9.781315220846615
5367,9.781315220846615
5368,9.781315220846615
5369,9.781315220846615
5370,9.781315220846615
5371,9.781315220846615
5372,9.781315220846615
5373,9.781315220846615
5374,9.781315220846615
5375,9.781315220846615
5376,9.781315220846615
5377,9.781315220846615
5378,9.781315220846615
5379,9.781315220846615
5380,9.781315220846615
5381,9.781315220846615
5382,9.781315220846615
5383,9.781315220846615
5384,9.781315220846615
5385,9.781315220846615
5386,9.781315220846615
5387,9.781315220846615
5388,9.781315220846615
5389,9.781315220846615
5390,9.781315220846615
5391,9.781315220846615
5392,9.781315220846615
5393,9.781315220846615
5394,9.781315220846615
5395,9.781315220846615
5396,9.781315220846615
5397,9.781315220846615
5398,9.781315220846615
5399,9.781315220846615
5400,9.781315220846615
5401,9.781315220846615
5402,9.781315220846615
5403,9.781315220846615
5404,9.781315220846615
5405,9.781315220846615
5406,9.781315220846615
5407,9.781315220846615
5408,9.781315220846615
5409,9.781315220846615
5410,9.781315220846615
5411,9.781315220846615
5412,9.781315220846615
5413,9.781315220846615
5414,9.781315220846615
5415,9.781315220846615
5416,9.781315220846615
5417,9.781315220846615
5418,9.781315220846615
5419,9.781315220846615
5420,9.781315220846615
5421,9.781315220846615
5422,9.781315220846615
5423,9.781315220846615
5424,9.781315220846615
5425,9.781315220846615
5426,9.781315220846615
5427,9.781315220846615
5428,9.781315220846615
5429,9.781315220846615
5430,9.781315220846615
5431,9.781315220846615
5432,9.781315220846615
5433,9.781315220846615
5434,9.781315220846615
5435,9.781315220846615
5436,9.781315220846615
5437,9.781315220846615
5438,9.781315220846615
5439,9.781315220846615
5440,9.781315220846615
5441,9.781315220846615
5442,9.781315220846615
5443,9.781315220846615
5444,9.781315220846615
5445,9.781315220846615
5446,9.781315220846615
5447,9.781315220846615
5448,9.781315220846615
5449,9.781315220846615
5450,9.781315220846615
5451,9.781315220846615
5452,9.781315220846615
5453,9.781315220846615
5454,9.781315220846615
5455,9.781315220846615
5456,9.781315220846615
5457,9.781315220846615
5458,9.781315220846615
5459,9.781315220846615
5460,9.781315220846615
5461,9.781315220846615
5462,9.781315220846615
5463,9.781315220846615
5464,9.781315220846615
5465,9.781315220846615
5466,9.781315220846615
5467,9.781315220846615
5468,9.781315220846615
5469,9.781315220846615
5470,9.781315220846615
5471,9.781315220846615
5472,9.781315220846615
5473,9.781315220846615
5474,9.781315220846615
5475,9.781315220846615
5476,9.781315220846615
5477,9.781315220846615
5478,9.781315220846615
5479,9.781315220846615
5480,9.781315220846615
5481,9.781315220846615
5482,9.781315220846615
5483,9.781315220846615
5484,9.781315220846615
5485,9.781315220846615
5486,9.781315220846615
5487,9.781315220846615
5488,9.781315220846615
5489,9.781315220846615
5490,9.781315220846615
5491,9.781315220846615
5492,9.781315220846615
5493,9.781315220846615
5494,9.781315220846615
5495,9.781315220846615
5496,9.781315220846615
5497,9.781315220846615
5498,9.781315220846615
5499,9.781315220846615
5500,9.781315220846615
5501,9.781315220846615
5502,9.781315220846615
5503,9.781315220846615
5504,9.781315220846615
5505,9.781315220846615
5506,9.781315220846615
5507,9.781315220846615
5508,9.781315220846615
5509,9.781315220846615
5510,9.781315220846615
5511,9.781315220846615
5512,9.781315220846615
5513,9.781315220846615
5514,9.781315220846615
5515,9.781315220846615
5516,9.781315220846615
5517,9.781315220846615
5518,9.781315220846615
5519,9.781315220846615
5520,9.781315220846615
5521,9.781315220846615
5522,9.781315220846615
5523,9.781315220846615
5524,9.781315220846615
5525,9.781315220846615
5526,9.781315220846615
5527,9.781315220846615
5528,9.781315220846615
5529,9.781315220846615
5530,9.781315220846615
5531,9.781315220846615
5532,9.781315220846615
5533,9.781315220846615
5534,9.781315220846615
5535,9.781315220846615
5536,9.781315220846615
5537,9.781315220846615
5538,9.781315220846615
5539,9.781315220846615
5540,9.781315220846615
5541,9.781315220846615
5542,9.781315220846615
5543,9.781315220846615
5544,9.781315220846615
5545,9.781315220846615
5546,9.781315220846615
5547,9.781315220846615
5548,9.781315220846615
5549,9.781315220846615
5550,9.781315220846615
5551,9.781315220846615
5552,9.781315220846615
5553,9.781315220846615
5554,9.781315220846615
5555,9.781315220846615
5556,9.781315220846615
5557,9.781315220846615
5558,9.781315220846615
5559,9.781315220846615
5560,9.781315220846615
5561,9.781315220846615
5562,9.781315220846615
5563,9.781315220846615
5564,9.781315220846615
5565,9.781315220846615
5566,9.781315220846615
5567,9.781315220846615
5568,9.781315220846615
5569,9.781315220846615
5570,9.781315220846615
5571,9.781315220846615
5572,9.781315220846615
5573,9.781315220846615
5574,9.781315220846615
5575,9.781315220846615
5576,9.781315220846615
5577,9.781315220846615
5578,9.781315220846615
5579,9.781315220846615
5580,9.781315220846615
5581,9.781315220846615
5582,9.781315220846615
5583,9.781315220846615
5584,9.781315220846615
5585,9.781315220846615
5586,9.781315220846615
5587,9.781315220846615
5588,9.781315220846615
5589,9.781315220846615
5590,9.781315220846615
5591,9.781315220846615
5592,9.781315220846615
5593,9.781315220846615
5594,9.781315220846615
5595,9.781315220846615
5596,9.781315220846615
5597,9.781315220846615
5598,9.781315220846615
5599,9.781315220846615
5600,9.781315220846615
5601,9.781315220846615
5602,9.781315220846615
5603,9.781315220846615
5604,9.781315220846615
5605,9.781315220846615
5606,9.781315220846615
5607,9.781315220846615
5608,9.781315220846615
5609,9.781315220846615
5610,9.781315220846615
5611,9.781315220846615
5612,9.781315220846615
5613,9.781315220846615
5614,9.781315220846615
5615,9.781315220846615
5616,9.781315220846615
5617,9.781315220846615
5618,9.781315220846615
5619,9.781315220846615
5620,9.781315220846615
5621,9.781315220846615
5622,9.781315220846615
5623,9.781315220846615
5624,9.781315220846615
5625,9.781315220846615
5626,9.781315220846615
5627,9.781315220846615
5628,9.781315220846615
5629,9.781315220846615
5630,9.781315220846615
5631,9.781315220846615
5632,9.781315220846615
5633,9.781315220846615
5634,9.781315220846615
5635,9.781315220846615
5636,9.781315220846615
5637,9.781315220846615
5638,9.781315220846615
5639,9.781315220846615
5640,9.781315220846615
5641,9.781315220846615
5642,9.781315220846615
5643,9.781315220846615
5644,9.781315220846615
5645,9.781315220846615
5646,9.781315220846615
5647,9.781315220846615
5648,9.781315220846615
5649,9.781315220846615
5650,9.781315220846615
5651,9.781315220846615
5652,9.781315220846615
5653,9.781315220846615
5654,9.781315220846615
5655,9.781315220846615
5656,9.781315220846615
5657,9.781315220846615
5658,9.781315220846615
5659,9.781315220846615
5660,9.781315220846615
5661,9.781315220846615
5662,9.781315220846615
5663,9.781315220846615
5664,9.781315220846615
5665,9.781315220846615
5666,9.781315220846615
5667,9.781315220846615
5668,9.781315220846615
5669,9.781315220846615
5670,9.781315220846615
5671,9.781315220846615
5672,9.781315220846615
5673,9.781315220846615
5674,9.781315220846615
5675,9.781315220846615
5676,9.781315220846615
5677,9.781315220846615
5678,9.781315220846615
5679,9.781315220846615
5680,9.781315220846615
5681,9.781315220846615
5682,9.781315220846615
5683,9.781315220846615
5684,9.781315220846615
5685,9.781315220846615
5686,9.781315220846615
5687,9.781315220846615
5688,9.781315220846615
5689,9.781315220846615
5690,9.781315220846615
5691,9.781315220846615
5692,9.781315220846615
5693,9.781315220846615
5694,9.781315220846615
5695,9.781315220846615
5696,9.781315220846615
5697,9.781315220846615
5698,9.781315220846615
5699,9.781315220846615
5700,9.781315220846615
5701,9.781315220846615
5702,9.781315220846615
5703,9.781315220846615
5704,9.781315220846615
5705,9.781315220846615
5706,9.781315220846615
5707,9.781315220846615
5708,9.781315220846615
5709,9.781315220846615
5710,9.781315220846615
5711,9.781315220846615
5712,9.781315220846615
5713,9.781315220846615
5714,9.781315220846615
5715,9.781315220846615
5716,9.781315220846615
5717,9.781315220846615
5718,9.781315220846615
5719,9.781315220846615
5720,9.781315220846615
5721,9.781315220846615
5722,9.781315220846615
5723,9.781315220846615
5724,9.781315220846615
5725,9.781315220846615
5726,9.781315220846615
5727,9.781315220846615
5728,9.781315220846615
5729,9.781315220846615
5730,9.781315220846615
5731,9.781315220846615
5732,9.781315220846615
5733,9.781315220846615
5734,9.781315220846615
5735,9.781315220846615
5736,9.781315220846615
5737,9.781315220846615
5738,9.781315220846615
5739,9.781315220846615
5740,9.781315220846615
5741,9.781315220846615
5742,9.781315220846615
5743,9.781315220846615
5744,9.781315220846615
5745,9.781315220846615
5746,9.781315220846615
5747,9.781315220846615
5748,9.781315220846615
5749,9.781315220846615
5750,9.781315220846615
5751,9.781315220846615
5752,9.781315220846615
5753,9.781315220846615
5754,9.781315220846615
5755,9.781315220846615
5756,9.781315220846615
5757,9.781315220846615
5758,9.781315220846615
5759,9.781315220846615
5760,9.781315220846615
5761,9.781315220846615
5762,9.781315220846615
5763,9.781315220846615
5764,9.781315220846615
5765,9.781315220846615
5766,9.781315220846615
5767,9.781315220846615
5768,9.781315220846615
5769,9.781315220846615
5770,9.781315220846615
5771,9.781315220846615
5772,9.781315220846615
5773,9.781315220846615
5774,9.781315220846615
5775,9.781315220846615
5776,9.781315220846615
5777,9.781315220846615
5778,9.781315220846615
5779,9.781315220846615
5780,9.781315220846615
5781,9.781315220846615
5782,9.781315220846615
5783,9.781315220846615
5784,9.781315220846615
5785,9.781315220846615
5786,9.781315220846615
5787,9.781315220846615
5788,9.781315220846615
5789,9.781315220846615
5790,9.781315220846615
5791,9.781315220846615
5792,9.781315220846615
5793,9.781315220846615
5794,9.781315220846615
5795,9.781315220846615
5796,9.781315220846615
5797,9.781315220846615
5798,9.781315220846615
5799,9.781315220846615
5800,9.781315220846615
5801,9.781315220846615
5802,9.781315220846615
5803,9.781315220846615
5804,9.781315220846615
5805,9.781315220846615
5806,9.781315220846615
5807,9.781315220846615
5808,9.781315220846615
5809,9.781315220846615
5810,9.781315220846615
5811,9.781315220846615
5812,9.781315220846615
5813,9.781315220846615
5814,9.781315220846615
5815,9.781315220846615
5816,9.781315220846615
5817,9.781315220846615
5818,9.781315220846615
5819,9.781315220846615
5820,9.781315220846615
5821,9.781315220846615
5822,9.781315220846615
5823,9.781315220846615
5824,9.781315220846615
5825,9.781315220846615
5826,9.781315220846615
5827,9.781315220846615
5828,9.781315220846615
5829,9.781315220846615
5830,14.755600315152625
5831,14.755600315152625
5832,14.755600315152625
5833,14.755600315152625
5834,14.755600315152625
5835,14.755600315152625
5836,14.755600315152625
5837,14.755600315152625
5838,14.755600315152625
5839,14.755600315152625
5840,14.755600315152625
5841,14.755600315152625
5842,14.755600315152625
5843,14.755600315152625
5844,14.755600315152625
5845,14.755600315152625
5846,14.755600315152625
5847,14.755600315152625
5848,14.755600315152625
5849,14.755600315152625
5850,14.755600315152625
5851,14.755600315152625
5852,14.755600315152625
5853,14.755600315152625
5854,14.755600315152625
5855,14.755600315152625
5856,14.755600315152625
5857,14.755600315152625
5858,14.755600315152625
5859,14.755600315152625
5860,14.755600315152625
5861,14.755600315152625
5862,14.755600315152625
5863,14.755600315152625
5864,14.755600315152625
5865,14.755600315152625
5866,14.755600315152625
5867,14.755600315152625
5868,14.755600315152625
5869,14.755600315152625
5870,14.755600315152625
5871,14.755600315152625
5872,14.755600315152625
5873,14.755600315152625
5874,14.755600315152625
5875,14.755600315152625
5876,14.755600315152625
5877,14.755600315152625
5878,14.755600315152625
5879,14.755600315152625
5880,14.755600315152625
5881,14.755600315152625
5882,14.755600315152625
5883,14.755600315152625
5884,14.755600315152625
5885,14.755600315152625
5886,14.755600315152625
5887,14.755600315152625
5888,14.755600315152625
5889,14.755600315152625
5890,14.755600315152625
5891,14.755600315152625
5892,14.755600315152625
5893,14.755600315152625
5894,14.755600315152625
5895,14.755600315152625
5896,14.755600315152625
5897,14.755600315152625
5898,14.755600315152625
5899,14.755600315152625
5900,14.755600315152625
5901,14.755600315152625
5902,14.755600315152625
5903,14.755600315152625
5904,14.755600315152625
5905,14.755600315152625
5906,14.755600315152625
5907,14.755600315152625
5908,14.755600315152625
5909,14.755600315152625
5910,14.755600315152625
5911,14.755600315152625
5912,14.755600315152625
5913,14.755600315152625
5914,14.755600315152625
5915,14.755600315152625
5916,14.755600315152625
5917,14.755600315152625
5918,14.755600315152625
5919,14.755600315152625
5920,14.755600315152625
5921,14.755600315152625
5922,14.755600315152625
5923,14.755600315152625
5924,14.755600315152625
5925,14.755600315152625
5926,14.755600315152625
5927,14.755600315152625
5928,14.755600315152625
5929,14.755600315152625
5930,14.755600315152625
5931,14.755600315152625
5932,14.755600315152625
5933,14.755600315152625
5934,14.755600315152625
5935,14.755600315152625
5936,14.755600315152625
5937,14.755600315152625
5938,14.755600315152625
5939,14.755600315152625
5940,14.755600315152625
5941,14.755600315152625
5942,14.755600315152625
5943,14.755600315152625
5944,14.755600315152625
5945,14.755600315152625
5946,14.755600315152625
5947,14.755600315152625
5948,14.755600315152625
5949,14.755600315152625
5950,14.755600315152625
5951,14.755600315152625
5952,14.755600315152625
5953,14.755600315152625
5954,14.755600315152625
5955,14.755600315152625
5956,14.755600315152625
5957,14.755600315152625
5958,14.755600315152625
5959,14.755600315152625
5960,14.755600315152625
5961,14.755600315152625
5962,14.755600315152625
5963,14.755600315152625
5964,14.755600315152625
5965,14.755600315152625
5966,14.755600315152625
5967,14.755600315152625
5968,14.755600315152625
5969,14.755600315152625
5970,14.755600315152625
5971,14.755600315152625
5972,14.755600315152625
5973,14.755600315152625
5974,14.755600315152625
5975,14.755600315152625
5976,14.755600315152625
5977,14.755600315152625
5978,14.755600315152625
5979,14.755600315152625
5980,14.755600315152625
5981,14.755600315152625
5982,14.755600315152625
5983,14.755600315152625
5984,14.755600315152625
5985,14.755600315152625
5986,14.755600315152625
5987,14.755600315152625
5988,14.755600315152625
5989,14.755600315152625
5990,14.755600315152625
5991,14.755600315152625
5992,14.755600315152625
5993,14.755600315152625
5994,14.755600315152625
5995,14.755600315152625
5996,14.755600315152625
5997,14.755600315152625
5998,14.755600315152625
5999,14.755600315152625
6000,14.755600315152625
6001,14.755600315152625
6002,14.755600315152625
6003,14.755600315152625
6004,14.755600315152625
6005,14.755600315152625
6006,14.755600315152625
6007,14.755600315152625
6008,14.755600315152625
6009,14.755600315152625
6010,14.755600315152625
6011,14.755600315152625
6012,14.755600315152625
6013,14.755600315152625
6014,14.755600315152625
6015,14.755600315152625
6016,14.755600315152625
6017,14.755600315152625
6018,14.755600315152625
6019,14.755600315152625
6020,14.755600315152625
6021,14.755600315152625
6022,14.755600315152625
6023,14.755600315152625
6024,14.755600315152625
6025,14.755600315152625
6026,14.755600315152625
6027,14.755600315152625
6028,14.755600315152625
6029,14.755600315152625
6030,14.755600315152625
6031,14.755600315152625
6032,14.755600315152625
6033,14.755600315152625
6034,14.755600315152625
6035,14.755600315152625
6036,14.755600315152625
6037,14.755600315152625
6038,14.755600315152625
6039,14.755600315152625
6040,14.755600315152625
6041,14.755600315152625
6042,14.755600315152625
6043,14.755600315152625
6044,14.755600315152625
6045,14.755600315152625
6046,14.755600315152625
6047,14.755600315152625
6048,14.755600315152625
6049,14.755600315152625
6050,14.755600315152625
6051,14.755600315152625
6052,14.755600315152625
6053,14.755600315152625
6054,14.755600315152625
6055,14.755600315152625
6056,14.755600315152625
6057,14.755600315152625
6058,14.755600315152625
6059,14.755600315152625
6060,14.755600315152625
6061,14.755600315152625
6062,14.755600315152625
6063,14.755600315152625
6064,14.755600315152625
6065,14.755600315152625
6066,14.755600315152625
6067,14.755600315152625
6068,14.755600315152625
6069,14.755600315152625
6070,14.755600315152625
6071,14.755600315152625
6072,14.755600315152625
6073,14.755600315152625
6074,14.755600315152625
6075,14.755600315152625
6076,14.755600315152625
6077,14.755600315152625
6078,14.755600315152625
6079,14.755600315152625
6080,14.755600315152625
6081,14.755600315152625
6082,14.755600315152625
6083,14.755600315152625
6084,14.755600315152625
6085,14.755600315152625
6086,14.755600315152625
6087,14.755600315152625
6088,14.755600315152625
6089,14.755600315152625
6090,14.755600315152625
6091,14.755600315152625
6092,14.755600315152625
6093,14.755600315152625
6094,14.755600315152625
6095,14.755600315152625
6096,14.755600315152625
6097,14.755600315152625
6098,14.755600315152625
6099,14.755600315152625
6100,14.755600315152625
6101,14.755600315152625
6102,14.755600315152625
6103,14.755600315152625
6104,14.755600315152625
6105,14.755600315152625
6106,14.755600315152625
6107,14.755600315152625
6108,14.755600315152625
6109,14.755600315152625
6110,14.755600315152625
6111,14.755600315152625
6112,14.755600315152625
6113,14.755600315152625
6114,14.755600315152625
6115,14.755600315152625
6116,14.755600315152625
6117,14.755600315152625
6118,14.755600315152625
6119,14.755600315152625
6120,14.755600315152625
6121,14.755600315152625
6122,14.755600315152625
6123,14.755600315152625
6124,14.755600315152625
6125,14.755600315152625
6126,14.755600315152625
6127,14.755600315152625
6128,14.755600315152625
6129,14.755600315152625
6130,14.755600315152625
6131,14.755600315152625
6132,14.755600315152625
6133,14.755600315152625
6134,14.755600315152625
6135,14.755600315152625
6136,14.755600315152625
6137,14.755600315152625
6138,14.755600315152625
6139,14.755600315152625
6140,14.755600315152625
6141,14.755600315152625
6142,14.755600315152625
6143,14.755600315152625
6144,14.755600315152625
6145,14.755600315152625
6146,14.755600315152625
6147,14.755600315152625
6148,14.755600315152625
6149,14.755600315152625
6150,14.755600315152625
6151,14.755600315152625
6152,14.755600315152625
6153,14.755600315152625
6154,14.755600315152625
6155,14.755600315152625
6156,14.755600315152625
6157,14.755600315152625
6158,14.755600315152625
6159,14.755600315152625
6160,14.755600315152625
6161,14.755600315152625
6162,14.755600315152625
6163,14.755600315152625
6164,14.755600315152625
6165,14.755600315152625
6166,14.755600315152625
6167,14.755600315152625
6168,14.755600315152625
6169,14.755600315152625
6170,14.755600315152625
6171,14.755600315152625
6172,14.755600315152625
6173,14.755600315152625
6174,14.755600315152625
6175,14.755600315152625
6176,14.755600315152625
6177,14.755600315152625
6178,14.755600315152625
6179,14.755600315152625
6180,14.755600315152625
6181,14.755600315152625
6182,14.755600315152625
6183,14.755600315152625
6184,14.755600315152625
6185,14.755600315152625
6186,14.755600315152625
6187,14.755600315152625
6188,14.755600315152625
6189,14.755600315152625
6190,14.755600315152625
6191,14.755600315152625
6192,14.755600315152625
6193,14.755600315152625
6194,14.755600315152625
6195,14.755600315152625
6196,14.755600315152625
6197,14.755600315152625
6198,14.755600315152625
6199,14.755600315152625
6200,14.755600315152625
6201,14.755600315152625
6202,14.755600315152625
6203,14.755600315152625
6204,14.755600315152625
6205,14.755600315152625
6206,14.755600315152625
6207,14.755600315152625
6208,14.755600315152625
6209,14.755600315152625
6210,14.755600315152625
6211,14.755600315152625
6212,14.755600315152625
6213,14.755600315152625
6214,14.755600315152625
6215,14.755600315152625
6216,14.755600315152625
6217,14.755600315152625
6218,14.755600315152625
6219,14.755600315152625
6220,14.755600315152625
6221,14.755600315152625
6222,14.755600315152625
6223,14.755600315152625
6224,14.755600315152625
6225,14.755600315152625
6226,14.755600315152625
6227,14.755600315152625
6228,14.755600315152625
6229,14.755600315152625
6230,14.755600315152625
6231,14.755600315152625
6232,14.755600315152625
6233,14.755600315152625
6234,14.755600315152625
6235,14.755600315152625
6236,14.755600315152625
6237,14.755600315152625
6238,14.755600315152625
6239,14.755600315152625
6240,14.755600315152625
6241,14.755600315152625
6242,14.755600315152625
6243,14.755600315152625
6244,14.755600315152625
6245,14.755600315152625
6246,14.755600315152625
6247,14.755600315152625
6248,14.755600315152625
6249,14.755600315152625
6250,14.755600315152625
6251,14.755600315152625
6252,14.755600315152625
6253,14.755600315152625
6254,14.755600315152625
6255,14.755600315152625
6256,14.755600315152625
6257,14.755600315152625
6258,14.755600315152625
6259,14.755600315152625
6260,14.755600315152625
6261,14.755600315152625
6262,14.755600315152625
6263,14.755600315152625
6264,14.755600315152625
6265,14.755600315152625
6266,14.755600315152625
6267,14.755600315152625
6268,14.755600315152625
6269,14.755600315152625
6270,14.755600315152625
6271,14.755600315152625
6272,14.755600315152625
6273,14.755600315152625
6274,14.755600315152625
6275,14.755600315152625
6276,14.755600315152625
6277,14.755600315152625
6278,14.755600315152625
6279,14.755600315152625
6280,14.755600315152625
6281,14.755600315152625
6282,14.755600315152625
6283,14.755600315152625
6284,14.755600315152625
6285,14.755600315152625
6286,14.755600315152625
6287,14.755600315152625
6288,14.755600315152625
6289,14.755600315152625
6290,14.755600315152625
6291,14.755600315152625
6292,14.755600315152625
6293,14.755600315152625
6294,14.755600315152625
6295,14.755600315152625
6296,14.755600315152625
6297,14.755600315152625
6298,14.755600315152625
6299,14.755600315152625
6300,14.755600315152625
6301,14.755600315152625
6302,14.755600315152625
6303,14.755600315152625
6304,14.755600315152625
6305,14.755600315152625
6306,14.755600315152625
6307,14.755600315152625
6308,-9.537419912853474
6309,-9.537419912853474
6310,-9.537419912853474
6311,-9.537419912853474
6312,-9.537419912853474
6313,-9.537419912853474
6314,-9.537419912853474
6315,-9.537419912853474
6316,-9.537419912853474
6317,-9.537419912853474
6318,-9.537419912853474
6319,-9.537419912853474
6320,-9.537419912853474
6321,-9.537419912853474
6322,-9.537419912853474
6323,-9.537419912853474
6324,-9.537419912853474
6325,-9.537419912853474
6326,-9.537419912853474
6327,-9.537419912853474
6328,-9.537419912853474
6329,-9.537419912853474
6330,-9.537419912853474
6331,-9.537419912853474
6332,-9.537419912853474
6333,-9.537419912853474
6334,-9.537419912853474
6335,-9.537419912853474
6336,-9.537419912853474
6337,-9.537419912853474
6338,-9.537419912853474
6339,-9.537419912853474
6340,-9.537419912853474
6341,-9.537419912853474
6342,-9.537419912853474
6343,-9.537419912853474
6344,-9.537419912853474
6345,-9.537419912853474
6346,-9.537419912853474
6347,-9.537419912853474
6348,-9.537419912853474
6349,-9.537419912853474
6350,-9.537419912853474
6351,-9.537419912853474
6352,-9.537419912853474
6353,-9.537419912853474
6354,-9.537419912853474
6355,-9.537419912853474
6356,-9.537419912853474
6357,-9.537419912853474
6358,-9.537419912853474
6359,-9.537419912853474
6360,-9.537419912853474
6361,-9.537419912853474
6362,-9.537419912853474
6363,-9.537419912853474
6364,-9.537419912853474
6365,-9.537419912853474
6366,-9.537419912853474
6367,-9.537419912853474
6368,-9.537419912853474
6369,-9.537419912853474
6370,-9.537419912853474
6371,-9.537419912853474
6372,-9.537419912853474
6373,-9.537419912853474
6374,-9.537419912853474
6375,-9.537419912853474
6376,-9.537419912853474
6377,-9.537419912853474
6378,-9.537419912853474
6379,-9.537419912853474
6380,-9.537419912853474
6381,-9.537419912853474
6382,-9.537419912853474
6383,-9.537419912853474
6384,-9.537419912853474
6385,-9.537419912853474
6386,-9.537419912853474
6387,-9.537419912853474
6388,-9.537419912853474
6389,-9.537419912853474
6390,-9.537419912853474
6391,-9.537419912853474
6392,-9.537419912853474
6393,-9.537419912853474
6394,-9.537419912853474
6395,-9.537419912853474
6396,-9.537419912853474
6397,-9.537419912853474
6398,-9.537419912853474
6399,-9.537419912853474
6400,-9.537419912853474
6401,-9.537419912853474
6402,-9.537419912853474
6403,-9.537419912853474
6404,-9.537419912853474
6405,-9.537419912853474
6406,-9.537419912853474
6407,-9.537419912853474
6408,-9.537419912853474
6409,-9.537419912853474
6410,-9.537419912853474
6411,-9.537419912853474
6412,-9.537419912853474
6413,-9.537419912853474
6414,-9.537419912853474
6415,-9.537419912853474
6416,-9.537419912853474
6417,-9.537419912853474
6418,-9.537419912853474
6419,-9.537419912853474
6420,-9.537419912853474
6421,-9.537419912853474
6422,-9.537419912853474
6423,-9.537419912853474
6424,-9.537419912853474
6425,-9.537419912853474
6426,-9.537419912853474
6427,-9.537419912853474
6428,-9.537419912853474
6429,-9.537419912853474
6430,-9.537419912853474
6431,-9.537419912853474
6432,-9.537419912853474
6433,-9.537419912853474
6434,-9.537419912853474
6435,-9.537419912853474
6436,-9.537419912853474
6437,-9.537419912853474
6438,-9.537419912853474
6439,-9.537419912853474
6440,-9.537419912853474
6441,-9.537419912853474
6442,-9.537419912853474
6443,-9.537419912853474
6444,-9.537419912853474
6445,-9.537419912853474
6446,-9.537419912853474
6447,-9.537419912853474
6448,-9.537419912853474
6449,-9.537419912853474
6450,-9.537419912853474
6451,-9.537419912853474
6452,-9.537419912853474
6453,-9.537419912853474
6454,-9.537419912853474
6455,-9.537419912853474
6456,-9.537419912853474
6457,-9.537419912853474
6458,-9.537419912853474
6459,-9.537419912853474
6460,-9.537419912853474
6461,-9.537419912853474
6462,-9.537419912853474
6463,-9.537419912853474
6464,-9.537419912853474
6465,-9.537419912853474
6466,-9.537419912853474
6467,-9.537419912853474
6468,-9.537419912853474
6469,-9.537419912853474
6470,-9.537419912853474
6471,-9.537419912853474
6472,-9.537419912853474
6473,-9.537419912853474
6474,-9.537419912853474
6475,-9.537419912853474
6476,-9.537419912853474
6477,-9.537419912853474
6478,-9.537419912853474
6479,-9.537419912853474
6480,-9.537419912853474
6481,-9.537419912853474
6482,-9.537419912853474
6483,-9.537419912853474
6484,-9.537419912853474
6485,-9.537419912853474
6486,-9.537419912853474
6487,-9.537419912853474
6488,-9.537419912853474
6489,-9.537419912853474
6490,-9.537419912853474
6491,-9.537419912853474
6492,-9.537419912853474
6493,-9.537419912853474
6494,-9.537419912853474
6495,-9.537419912853474
6496,-9.537419912853474
6497,-9.537419912853474
6498,-9.537419912853474
6499,-9.537419912853474
6500,-9.537419912853474
6501,-9.537419912853474
6502,-9.537419912853474
6503,-9.537419912853474
6504,-9.537419912853474
6505,-9.537419912853474
6506,-9.537419912853474
6507,-9.537419912853474
6508,-9.537419912853474
6509,-9.537419912853474
6510,-9.537419912853474
6511,-9.537419912853474
6512,-9.537419912853474
6513,-9.537419912853474
6514,-9.537419912853474
6515,-9.537419912853474
6516,-9.537419912853474
6517,-9.537419912853474
6518,-9.537419912853474
6519,-9.537419912853474
6520,-9.537419912853474
6521,-9.537419912853474
6522,-9.537419912853474
6523,-9.537419912853474
6524,-9.537419912853474
6525,-9.537419912853474
6526,-9.537419912853474
6527,-9.537419912853474
6528,-9.537419912853474
6529,-9.537419912853474
6530,-9.537419912853474
6531,-9.537419912853474
6532,-9.537419912853474
6533,-9.537419912853474
6534,-9.537419912853474
6535,-9.537419912853474
6536,-9.537419912853474
6537,-9.537419912853474
6538,-9.537419912853474
6539,-9.537419912853474
6540,-9.537419912853474
6541,-9.537419912853474
6542,-9.537419912853474
6543,-9.537419912853474
6544,-9.537419912853474
6545,-9.537419912853474
6546,-9.537419912853474
6547,-9.537419912853474
6548,-9.537419912853474
6549,-9.537419912853474
6550,-9.537419912853474
6551,-9.537419912853474
6552,-9.537419912853474
6553,-9.537419912853474
6554,-9.537419912853474
6555,-9.537419912853474
6556,-9.537419912853474
6557,-9.537419912853474
6558,-9.537419912853474
6559,-9.537419912853474
6560,-9.537419912853474
6561,-9.537419912853474
6562,-9.537419912853474
6563,-9.537419912853474
6564,-9.537419912853474
6565,-9.537419912853474
6566,-9.537419912853474
6567,-9.537419912853474
6568,-9.537419912853474
6569,-9.537419912853474
6570,-9.537419912853474
6571,-9.537419912853474
6572,-9.537419912853474
6573,-9.537419912853474
6574,-9.537419912853474
6575,-9.537419912853474
6576,-9.537419912853474
6577,-9.537419912853474
6578,-9.537419912853474
6579,-9.537419912853474
6580,-9.537419912853474
6581,-9.537419912853474
6582,-9.537419912853474
6583,-9.537419912853474
6584,-9.537419912853474
6585,-9.537419912853474
6586,-9.537419912853474
6587,-9.537419912853474
6588,-9.537419912853474
6589,-9.537419912853474
6590,-9.537419912853474
6591,-9.537419912853474
6592,-9.537419912853474
6593,-9.537419912853474
6594,-9.537419912853474
6595,-9.537419912853474
6596,-9.537419912853474
6597,-9.537419912853474
6598,-9.537419912853474
6599,-9.537419912853474
6600,-9.537419912853474
6601,-9.537419912853474
6602,-9.537419912853474
6603,-9.537419912853474
6604,-9.537419912853474
6605,-9.537419912853474
6606,-9.537419912853474
6607,-9.537419912853474
6608,-9.537419912853474
6609,-9.537419912853474
6610,-9.537419912853474
6611,-9.537419912853474
6612,-9.537419912853474
6613,-9.537419912853474
6614,-9.537419912853474
6615,-9.537419912853474
6616,-9.537419912853474
6617,-9.537419912853474
6618,-9.537419912853474
6619,-9.537419912853474
6620,-9.537419912853474
6621,-9.537419912853474
6622,-9.537419912853474
6623,-9.537419912853474
6624,-9.537419912853474
6625,-9.537419912853474
6626,-9.537419912853474
6627,-9.537419912853474
6628,-9.537419912853474
6629,-9.537419912853474
6630,-9.537419912853474
6631,-9.537419912853474
6632,-9.537419912853474
6633,-9.537419912853474
6634,-9.537419912853474
6635,-9.537419912853474
6636,-9.537419912853474
6637,-9.537419912853474
6638,-9.537419912853474
6639,-9.537419912853474
6640,-9.537419912853474
6641,-9.537419912853474
6642,-9.537419912853474
6643,-9.537419912853474
6644,-9.537419912853474
6645,-9.537419912853474
6646,-9.537419912853474
6647,-9.537419912853474
6648,-9.537419912853474
6649,-9.537419912853474
6650,-9.537419912853474
6651,-9.537419912853474
6652,-9.537419912853474
6653,-9.537419912853474
6654,-9.537419912853474
6655,-9.537419912853474
6656,-9.537419912853474
6657,-9.537419912853474
6658,-9.537419912853474
6659,-9.537419912853474
6660,-9.537419912853474
6661,-9.537419912853474
6662,-9.537419912853474
6663,-9.537419912853474
6664,-9.537419912853474
6665,-9.537419912853474
6666,-9.537419912853474
6667,-9.537419912853474
6668,-9.537419912853474
6669,-9.537419912853474
6670,-9.537419912853474
6671,-9.537419912853474
6672,-9.537419912853474
6673,-9.537419912853474
6674,-9.537419912853474
6675,-9.537419912853474
6676,-9.537419912853474
6677,-9.537419912853474
6678,-9.537419912853474
6679,-9.537419912853474
6680,-9.537419912853474
6681,-9.537419912853474
6682,-9.537419912853474
6683,-9.537419912853474
6684,-9.537419912853474
6685,-9.537419912853474
6686,-9.537419912853474
6687,-9.537419912853474
6688,-9.537419912853474
6689,-9.537419912853474
6690,-9.537419912853474
6691,-9.537419912853474
6692,-9.537419912853474
6693,-9.537419912853474
6694,-9.537419912853474
6695,-9.537419912853474
6696,-9.537419912853474
6697,-9.537419912853474
6698,-9.537419912853474
6699,-9.537419912853474
6700,-9.537419912853474
6701,-9.537419912853474
6702,-9.537419912853474
6703,-9.537419912853474
6704,-9.537419912853474
6705,-9.537419912853474
6706,-9.537419912853474
6707,-9.537419912853474
6708,-9.537419912853474
6709,-9.537419912853474
6710,-9.537419912853474
6711,-9.537419912853474
6712,-9.537419912853474
6713,-9.537419912853474
6714,-9.537419912853474
6715,-9.537419912853474
6716,-9.537419912853474
6717,-9.537419912853474
6718,-9.537419912853474
6719,-9.537419912853474
6720,-9.537419912853474
6721,-9.537419912853474
6722,-9.537419912853474
6723,-9.537419912853474
6724,-9.537419912853474
6725,-9.537419912853474
6726,-9.537419912853474
6727,-9.537419912853474
6728,-9.537419912853474
6729,-9.537419912853474
6730,-9.537419912853474
6731,-9.537419912853474
6732,-9.537419912853474
6733,-9.537419912853474
6734,-9.537419912853474
6735,-9.537419912853474
6736,-9.537419912853474
6737,-9.537419912853474
6738,-9.537419912853474
6739,-9.537419912853474
6740,-9.537419912853474
6741,-9.537419912853474
6742,-9.537419912853474
6743,-9.537419912853474
6744,-9.537419912853474
6745,-9.537419912853474
6746,-9.537419912853474
6747,-9.537419912853474
6748,-9.537419912853474
6749,-9.537419912853474
6750,-9.537419912853474
6751,-9.537419912853474
6752,-9.537419912853474
6753,-9.537419912853474
6754,-9.537419912853474
6755,-9.537419912853474
6756,-9.537419912853474
6757,-9.537419912853474
6758,-9.537419912853474
6759,-9.537419912853474
6760,-9.537419912853474
6761,-9.537419912853474
6762,-9.537419912853474
6763,-9.537419912853474
6764,-9.537419912853474
6765,-9.537419912853474
6766,-9.537419912853474
6767,-9.537419912853474
6768,-9.537419912853474
6769,-9.537419912853474
6770,-9.537419912853474
6771,-9.537419912853474
6772,-9.537419912853474
6773,-9.537419912853474
6774,-9.537419912853474
6775,-9.537419912853474
6776,-9.537419912853474
6777,-9.537419912853474
6778,-9.537419912853474
6779,-9.537419912853474
6780,-9.537419912853474
6781,-9.537419912853474
6782,-9.537419912853474
6783,-9.537419912853474
6784,-9.537419912853474
6785,-9.537419912853474
6786,-9.537419912853474
6787,-9.537419912853474
6788,-9.537419912853474
6789,-9.537419912853474
6790,-9.537419912853474
6791,-9.537419912853474
6792,-9.537419912853474
6793,-9.537419912853474
6794,-9.537419912853474
6795,-9.537419912853474
6796,-9.537419912853474
6797,-9.537419912853474
6798,-9.537419912853474
6799,-9.537419912853474
6800,-9.537419912853474
6801,-9.537419912853474
6802,-9.537419912853474
6803,-9.537419912853474
6804,-9.537419912853474
6805,-9.537419912853474
6806,-9.537419912853474
6807,-9.537419912853474
6808,-9.537419912853474
6809,-9.537419912853474
6810,-9.537419912853474
6811,-9.537419912853474
6812,-9.537419912853474
6813,-9.537419912853474
6814,-9.537419912853474
6815,-9.537419912853474
6816,-9.537419912853474
6817,-9.537419912853474
6818,-9.537419912853474
6819,-9.537419912853474
6820,-9.537419912853474
6821,-9.537419912853474
6822,-9.537419912853474
6823,-9.537419912853474
6824,-9.537419912853474
6825,-9.537419912853474
6826,-9.537419912853474
6827,-9.537419912853474
6828,-9.537419912853474
6829,-9.537419912853474
6830,-9.537419912853474
6831,-9.537419912853474
6832,-9.537419912853474
6833,-9.537419912853474
6834,-9.537419912853474
6835,-9.537419912853474
6836,-9.537419912853474
6837,-9.537419912853474
6838,-9.537419912853474
6839,-9.537419912853474
6840,-9.537419912853474
6841,-9.537419912853474
6842,-9.537419912853474
6843,-9.537419912853474
6844,-9.537419912853474
6845,-9.537419912853474
6846,-9.537419912853474
6847,-9.537419912853474
6848,-9.537419912853474
6849,-9.537419912853474
6850,-9.537419912853474
6851,-9.537419912853474
6852,-9.537419912853474
6853,-9.537419912853474
6854,-9.537419912853474
6855,-9.537419912853474
6856,-9.537419912853474
6857,-9.537419912853474
6858,-9.537419912853474
6859,-9.537419912853474
6860,-9.537419912853474
6861,-9.537419912853474
6862,-9.537419912853474
6863,-9.537419912853474
6864,-9.537419912853474
6865,-9.537419912853474
6866,-9.537419912853474
6867,-9.537419912853474
6868,-9.537419912853474
6869,-9.537419912853474
6870,-9.537419912853474
6871,-9.537419912853474
6872,-9.537419912853474
6873,-9.537419912853474
6874,-9.537419912853474
6875,-9.537419912853474
6876,-9.537419912853474
6877,-9.537419912853474
6878,-9.537419912853474
6879,-9.537419912853474
6880,-9.537419912853474
6881,-9.537419912853474
6882,-9.537419912853474
6883,-9.537419912853474
6884,-9.537419912853474
6885,-9.537419912853474
6886,-9.537419912853474
6887,-9.537419912853474
6888,-9.537419912853474
6889,-9.537419912853474
6890,-9.537419912853474
6891,-9.537419912853474
6892,-9.537419912853474
6893,-9.537419912853474
6894,-9.537419912853474
6895,-9.537419912853474
6896,-9.537419912853474
6897,-9.537419912853474
6898,-9.537419912853474
6899,-9.537419912853474
6900,-9.537419912853474
6901,-9.537419912853474
6902,-9.537419912853474
6903,-9.537419912853474
6904,-9.537419912853474
6905,-9.537419912853474
6906,-9.537419912853474
6907,-9.537419912853474
6908,-9.537419912853474
6909,-9.537419912853474
6910,-9.537419912853474
6911,-9.537419912853474
6912,-9.537419912853474
6913,-9.537419912853474
6914,-9.537419912853474
6915,-9.537419912853474
6916,-9.537419912853474
6917,-9.537419912853474
6918,-9.537419912853474
6919,-9.537419912853474
6920,-9.537419912853474
6921,-9.537419912853474
6922,-9.537419912853474
6923,-9.537419912853474
6924,-9.537419912853474
6925,-9.537419912853474
6926,-9.537419912853474
6927,-9.537419912853474
6928,-9.537419912853474
6929,-9.537419912853474
6930,-9.537419912853474
6931,-9.537419912853474
6932,-9.537419912853474
6933,-9.537419912853474
6934,-9.537419912853474
6935,-9.537419912853474
6936,-9.537419912853474
6937,-9.537419912853474
6938,-9.537419912853474
6939,-9.537419912853474
6940,-9.537419912853474
6941,-9.537419912853474
6942,-9.537419912853474
6943,-9.537419912853474
6944,-9.537419912853474
6945,-9.537419912853474
6946,-9.537419912853474
6947,-9.537419912853474
6948,-9.537419912853474
6949,-9.537419912853474
6950,-9.537419912853474
6951,-9.537419912853474
6952,-9.537419912853474
6953,-9.537419912853474
6954,-9.537419912853474
6955,-9.537419912853474
6956,-9.537419912853474
6957,-9.537419912853474
6958,-9.537419912853474
6959,-9.537419912853474
6960,-9.537419912853474
6961,-9.537419912853474
6962,-9.537419912853474
6963,-9.537419912853474
6964,-9.537419912853474
6965,-9.537419912853474
6966,-9.537419912853474
6967,-9.537419912853474
6968,-9.537419912853474
6969,-9.537419912853474
6970,-9.537419912853474
6971,-9.537419912853474
6972,-9.537419912853474
6973,-9.537419912853474
6974,-9.537419912853474
6975,-9.537419912853474
6976,-9.537419912853474
6977,-9.537419912853474
6978,-9.537419912853474
6979,-9.537419912853474
6980,-9.537419912853474
6981,-9.537419912853474
6982,-9.537419912853474
6983,-9.537419912853474
6984,-9.537419912853474
6985,-9.537419912853474
6986,-9.537419912853474
6987,-9.537419912853474
6988,-9.537419912853474
6989,-9.537419912853474
6990,-9.537419912853474
6991,-9.537419912853474
6992,-9.537419912853474
6993,-9.537419912853474
6994,-9.537419912853474
6995,-9.537419912853474
6996,-9.537419912853474
6997,-9.537419912853474
6998,-9.537419912853474
6999,-9.537419912853474
7000,-9.537419912853474
7001,-9.537419912853474
7002,-9.537419912853474
7003,-9.537419912853474
7004,-9.537419912853474
7005,-9.537419912853474
7006,-9.537419912853474
7007,-9.537419912853474
7008,-9.537419912853474
7009,-9.537419912853474
7010,-9.537419912853474
7011,-9.537419912853474
7012,-9.537419912853474
7013,-9.537419912853474
7014,-9.537419912853474
7015,-9.537419912853474
7016,-9.537419912853474
7017,-9.537419912853474
7018,-9.537419912853474
7019,-9.537419912853474
7020,-9.537419912853474
7021,-9.537419912853474
7022,-9.537419912853474
7023,-9.537419912853474
7024,-9.537419912853474
7025,-9.537419912853474
7026,-9.537419912853474
7027,-9.537419912853474
7028,-9.537419912853474
7029,-9.537419912853474
7030,-9.537419912853474
7031,-9.537419912853474
7032,-9.537419912853474
7033,-9.537419912853474
7034,-9.537419912853474
7035,-9.537419912853474
7036,-9.537419912853474
7037,-9.537419912853474
7038,-9.537419912853474
7039,-9.537419912853474
7040,-9.537419912853474
7041,-9.537419912853474
7042,-9.537419912853474
7043,-9.537419912853474
7044,-9.537419912853474
7045,-9.537419912853474
7046,-9.537419912853474
7047,-9.537419912853474
7048,-9.537419912853474
7049,-9.537419912853474
7050,-9.537419912853474
7051,-9.537419912853474
7052,-9.537419912853474
7053,-9.537419912853474
7054,-9.537419912853474
7055,-9.537419912853474
7056,-9.537419912853474
7057,-9.537419912853474
7058,-9.537419912853474
7059,-9.537419912853474
7060,-9.537419912853474
7061,-9.537419912853474
7062,-9.537419912853474
7063,-9.537419912853474
7064,-9.537419912853474
7065,-9.537419912853474
7066,-9.537419912853474
7067,-9.537419912853474
7068,-9.537419912853474
7069,-9.537419912853474
7070,-9.537419912853474
7071,-9.537419912853474
7072,-9.537419912853474
7073,-9.537419912853474
7074,-9.537419912853474
7075,-9.537419912853474
7076,-9.537419912853474
7077,-9.537419912853474
7078,-9.537419912853474
7079,-9.537419912853474
7080,-9.537419912853474
7081,-9.537419912853474
7082,-9.537419912853474
7083,-9.537419912853474
7084,-9.537419912853474
7085,-9.537419912853474
7086,-9.537419912853474
7087,-9.537419912853474
7088,-9.537419912853474
7089,-9.537419912853474
7090,-9.537419912853474
7091,-9.537419912853474
7092,-9.537419912853474
7093,-9.537419912853474
7094,-9.537419912853474
7095,-9.537419912853474
7096,-9.537419912853474
7097,-9.537419912853474
7098,-9.537419912853474
7099,-9.537419912853474
7100,-9.537419912853474
7101,-9.537419912853474
7102,-9.537419912853474
7103,-9.537419912853474
7104,-9.537419912853474
7105,-9.537419912853474
7106,-9.537419912853474
7107,-9.537419912853474
7108,-9.537419912853474
7109,-9.537419912853474
7110,-9.537419912853474
7111,-9.537419912853474
7112,-9.537419912853474
7113,-9.537419912853474
7114,-9.537419912853474
7115,-9.537419912853474
7116,-9.537419912853474
7117,-9.537419912853474
7118,-9.537419912853474
7119,-9.537419912853474
7120,-9.537419912853474
7121,-9.537419912853474
7122,-9.537419912853474
7123,-9.537419912853474
7124,-9.537419912853474
7125,-9.537419912853474
7126,-9.537419912853474
7127,-9.537419912853474
7128,-9.537419912853474
7129,-9.537419912853474
7130,-9.537419912853474
7131,-9.537419912853474
7132,-9.537419912853474
7133,-9.537419912853474
7134,-9.537419912853474
7135,-9.537419912853474
7136,-9.537419912853474
7137,-9.537419912853474
7138,-9.537419912853474
7139,-9.537419912853474
7140,-9.537419912853474
7141,-9.537419912853474
7142,-9.537419912853474
7143,-9.537419912853474
7144,-9.537419912853474
7145,-9.537419912853474
7146,-9.537419912853474
7147,-9.537419912853474
7148,-9.537419912853474
7149,-9.537419912853474
7150,-9.537419912853474
7151,-9.537419912853474
7152,-9.537419912853474
7153,-9.537419912853474
7154,-9.537419912853474
7155,-9.537419912853474
7156,-9.537419912853474
7157,-9.537419912853474
7158,-9.537419912853474
7159,-9.537419912853474
7160,-9.537419912853474
7161,-9.537419912853474
7162,-9.537419912853474
7163,-9.537419912853474
7164,-9.537419912853474
7165,-9.537419912853474
7166,-9.537419912853474
7167,-9.537419912853474
7168,-9.537419912853474
7169,-9.537419912853474
7170,-9.537419912853474
7171,-9.537419912853474
7172,-9.537419912853474
7173,-9.537419912853474
7174,-9.537419912853474
7175,-9.537419912853474
7176,-9.537419912853474
7177,-9.537419912853474
7178,-9.537419912853474
7179,-9.537419912853474
7180,-9.537419912853474
7181,-9.537419912853474
7182,-9.537419912853474
7183,-9.537419912853474
7184,-9.537419912853474
7185,-9.537419912853474
7186,-9.537419912853474
7187,-9.537419912853474
7188,-9.537419912853474
7189,-9.537419912853474
7190,-9.537419912853474
7191,-9.537419912853474
7192,-9.537419912853474
7193,-9.537419912853474
7194,-9.537419912853474
7195,-9.537419912853474
7196,-9.537419912853474
7197,-9.537419912853474
7198,-9.537419912853474
7199,-9.537419912853474
7200,-9.537419912853474
7201,-9.537419912853474
7202,-9.537419912853474
7203,-9.537419912853474
7204,-9.537419912853474
7205,-9.537419912853474
7206,-9.537419912853474
7207,-9.537419912853474
7208,-9.537419912853474
7209,-9.537419912853474
7210,-9.537419912853474
7211,-9.537419912853474
7212,-9.537419912853474
7213,-9.537419912853474
7214,-9.537419912853474
7215,-9.537419912853474
7216,-9.537419912853474
7217,-9.537419912853474
7218,-9.537419912853474
7219,-9.537419912853474
7220,-9.537419912853474
7221,-9.537419912853474
7222,-9.537419912853474
7223,-9.537419912853474
7224,-9.537419912853474
7225,-9.537419912853474
7226,-9.537419912853474
7227,-9.537419912853474
7228,-9.537419912853474
7229,-9.537419912853474
7230,-9.537419912853474
7231,-9.537419912853474
7232,-9.537419912853474
7233,-9.537419912853474
7234,-9.537419912853474
7235,-9.537419912853474
7236,-9.537419912853474
7237,-9.537419912853474
7238,-9.537419912853474
7239,-9.537419912853474
7240,-9.537419912853474
7241,-9.537419912853474
7242,-9.537419912853474
7243,-9.537419912853474
7244,-9.537419912853474
7245,-9.537419912853474
7246,-9.537419912853474
7247,-9.537419912853474
7248,-9.537419912853474
7249,-9.537419912853474
7250,-9.537419912853474
7251,-9.537419912853474
7252,-9.537419912853474
7253,-9.537419912853474
7254,-9.537419912853474
7255,-9.537419912853474
7256,-9.537419912853474
7257,-9.537419912853474
7258,-9.537419912853474
7259,-9.537419912853474
7260,-9.537419912853474
7261,-9.537419912853474
7262,-9.537419912853474
7263,-9.537419912853474
7264,-9.537419912853474
7265,-9.537419912853474
7266,-9.537419912853474
7267,-9.537419912853474
7268,-9.537419912853474
7269,-9.537419912853474
7270,-9.537419912853474
7271,-9.537419912853474
7272,-9.537419912853474
7273,-9.537419912853474
7274,-9.537419912853474
7275,-9.537419912853474
7276,-9.537419912853474
7277,-9.537419912853474
7278,-9.537419912853474
7279,-9.537419912853474
7280,-9.537419912853474
7281,-9.537419912853474
7282,-9.537419912853474
7283,-9.537419912853474
7284,-9.537419912853474
7285,-9.537419912853474
7286,-9.537419912853474
7287,-9.537419912853474
7288,-9.537419912853474
7289,-9.537419912853474
7290,-9.537419912853474
7291,-9.537419912853474
7292,-9.537419912853474
7293,-9.537419912853474
7294,-9.537419912853474
7295,-9.537419912853474
7296,-9.537419912853474
7297,-9.537419912853474
7298,-9.537419912853474
7299,-9.537419912853474
7300,-9.537419912853474
7301,-9.537419912853474
7302,-9.537419912853474
7303,-9.537419912853474
7304,-9.537419912853474
7305,-9.537419912853474
7306,-9.537419912853474
7307,-9.537419912853474
7308,-9.537419912853474
7309,-9.537419912853474
7310,-9.537419912853474
7311,-9.537419912853474
7312,-9.537419912853474
7313,-9.537419912853474
7314,-9.537419912853474
7315,-9.537419912853474
7316,-9.537419912853474
7317,-9.537419912853474
7318,-9.537419912853474
7319,-9.537419912853474
7320,-9.537419912853474
7321,-9.537419912853474
7322,-9.537419912853474
7323,-9.537419912853474
7324,-9.537419912853474
7325,-9.537419912853474
7326,-9.537419912853474
7327,-9.537419912853474
7328,-9.537419912853474
7329,-9.537419912853474
7330,-9.537419912853474
7331,-9.537419912853474
7332,-9.537419912853474
7333,-9.537419912853474
7334,-9.537419912853474
7335,-9.537419912853474
7336,-9.537419912853474
7337,-9.537419912853474
7338,-9.537419912853474
7339,-9.537419912853474
7340,-9.537419912853474
7341,-9.537419912853474
7342,-9.537419912853474
7343,-9.537419912853474
7344,-9.537419912853474
7345,-9.537419912853474
7346,-9.537419912853474
7347,-9.537419912853474
7348,-9.537419912853474
7349,-9.537419912853474
7350,-9.537419912853474
7351,-9.537419912853474
7352,-9.537419912853474
7353,-9.537419912853474
7354,-9.537419912853474
7355,-9.537419912853474
7356,-9.537419912853474
7357,-9.537419912853474
7358,-9.537419912853474
7359,-9.537419912853474
7360,-9.537419912853474
7361,-9.537419912853474
7362,-9.537419912853474
7363,-9.537419912853474
7364,-9.537419912853474
7365,-9.537419912853474
7366,-9.537419912853474
7367,-9.537419912853474
7368,-9.537419912853474
7369,-9.537419912853474
7370,-9.537419912853474
7371,-9.537419912853474
7372,-9.537419912853474
7373,-9.537419912853474
7374,-9.537419912853474
7375,-9.537419912853474
7376,-9.537419912853474
7377,-12.082402984358875
7378,-12.082402984358875
7379,-12.082402984358875
7380,-12.082402984358875
7381,-12.082402984358875
7382,-12.082402984358875
7383,-12.082402984358875
7384,-12.082402984358875
7385,-12.082402984358875
7386,-12.082402984358875
7387,-12.082402984358875
7388,-12.082402984358875
7389,-12.082402984358875
7390,-12.082402984358875
7391,-12.082402984358875
7392,-12.082402984358875
7393,-12.082402984358875
7394,-12.082402984358875
7395,-12.082402984358875
7396,-12.082402984358875
7397,-12.082402984358875
7398,-12.082402984358875
7399,-12.082402984358875
7400,-12.082402984358875
7401,-12.082402984358875
7402,-12.082402984358875
7403,-12.082402984358875
7404,-12.082402984358875
7405,-12.082402984358875
7406,-12.082402984358875
7407,-12.082402984358875
7408,-12.082402984358875
7409,-12.082402984358875
7410,-12.082402984358875
7411,-12.082402984358875
7412,-12.082402984358875
7413,-12.082402984358875
7414,-12.082402984358875
7415,-12.082402984358875
7416,-12.082402984358875
7417,-12.082402984358875
7418,-12.082402984358875
7419,-12.082402984358875
7420,-12.082402984358875
7421,-12.082402984358875
7422,-12.082402984358875
7423,-12.082402984358875
7424,-12.082402984358875
7425,-12.082402984358875
7426,-12.082402984358875
7427,-12.082402984358875
7428,-12.082402984358875
7429,-12.082402984358875
7430,-12.082402984358875
7431,-12.082402984358875
7432,-12.082402984358875
7433,-12.082402984358875
7434,-12.082402984358875
7435,-12.082402984358875
7436,-12.082402984358875
7437,-12.082402984358875
7438,-12.082402984358875
7439,-12.082402984358875
7440,-12.082402984358875
7441,-12.082402984358875
7442,-12.082402984358875
7443,-12.082402984358875
7444,-12.082402984358875
7445,-12.082402984358875
7446,-12.082402984358875
7447,-12.082402984358875
7448,-12.082402984358875
7449,-12.082402984358875
7450,-12.082402984358875
7451,-12.082402984358875
7452,-12.082402984358875
7453,-12.082402984358875
7454,-12.082402984358875
7455,-12.082402984358875
7456,-12.082402984358875
7457,-12.082402984358875
7458,-12.082402984358875
7459,-12.082402984358875
7460,-12.082402984358875
7461,-12.082402984358875
7462,-12.082402984358875
7463,-12.082402984358875
7464,-12.082402984358875
7465,-12.082402984358875
7466,-12.082402984358875
7467,-12.082402984358875
7468,-12.082402984358875
7469,-12.082402984358875
7470,-12.082402984358875
7471,-12.082402984358875
7472,-12.082402984358875
7473,-12.082402984358875
7474,-12.082402984358875
7475,-12.082402984358875
7476,-12.082402984358875
7477,-12.082402984358875
7478,-12.082402984358875
7479,-12.082402984358875
7480,-12.082402984358875
7481,-12.082402984358875
7482,-12.082402984358875
7483,-12.082402984358875
7484,-12.082402984358875
7485,-12.082402984358875
7486,-12.082402984358875
7487,-12.082402984358875
7488,-12.082402984358875
7489,-12.082402984358875
7490,-12.082402984358875
7491,-12.082402984358875
7492,-12.082402984358875
7493,-12.082402984358875
7494,-12.082402984358875
7495,-12.082402984358875
7496,-12.082402984358875
7497,-12.082402984358875
7498,-12.082402984358875
7499,-12.082402984358875
7500,-12.082402984358875
7501,-12.082402984358875
7502,-12.082402984358875
7503,-12.082402984358875
7504,-12.082402984358875
7505,-12.082402984358875
7506,-12.082402984358875
7507,-12.082402984358875
7508,-12.082402984358875
7509,-12.082402984358875
7510,-12.082402984358875
7511,-12.082402984358875
7512,-12.082402984358875
7513,-12.082402984358875
7514,-12.082402984358875
7515,-12.082402984358875
7516,-12.082402984358875
7517,-12.082402984358875
7518,-12.082402984358875
7519,-12.082402984358875
7520,-12.082402984358875
7521,-12.082402984358875
7522,-12.082402984358875
7523,-12.082402984358875
7524,-12.082402984358875
7525,-12.082402984358875
7526,-12.082402984358875
7527,-12.082402984358875
7528,-12.082402984358875
7529,-12.082402984358875
7530,-12.082402984358875
7531,-12.082402984358875
7532,-12.082402984358875
7533,-12.082402984358875
7534,-12.082402984358875
7535,-12.082402984358875
7536,-12.082402984358875
7537,-12.082402984358875
7538,-12.082402984358875
7539,-12.082402984358875
7540,-12.082402984358875
7541,-12.082402984358875
7542,-12.082402984358875
7543,-12.082402984358875
7544,-12.082402984358875
7545,-12.082402984358875
7546,-12.082402984358875
7547,-12.082402984358875
7548,-12.082402984358875
7549,-12.082402984358875
7550,-12.082402984358875
7551,-12.082402984358875
7552,-12.082402984358875
7553,-12.082402984358875
7554,-12.082402984358875
7555,-12.082402984358875
7556,-12.082402984358875
7557,-12.082402984358875
7558,-12.082402984358875
7559,-12.082402984358875
7560,-12.082402984358875
7561,-12.082402984358875
7562,-12.082402984358875
7563,-12.082402984358875
7564,-12.082402984358875
7565,-12.082402984358875
7566,-12.082402984358875
7567,-12.082402984358875
7568,-12.082402984358875
7569,-12.082402984358875
7570,-12.082402984358875
7571,-12.082402984358875
7572,-12.082402984358875
7573,-12.082402984358875
7574,-12.082402984358875
7575,-12.082402984358875
7576,-12.082402984358875
7577,-12.082402984358875
7578,-12.082402984358875
7579,-12.082402984358875
7580,-12.082402984358875
7581,-12.082402984358875
7582,-12.082402984358875
7583,-12.082402984358875
7584,-12.082402984358875
7585,-12.082402984358875
7586,-12.082402984358875
7587,-12.082402984358875
7588,-12.082402984358875
7589,-12.082402984358875
7590,-12.082402984358875
7591,-12.082402984358875
7592,-12.082402984358875
7593,-12.082402984358875
7594,-12.082402984358875
7595,-12.082402984358875
7596,-12.082402984358875
7597,-12.082402984358875
7598,-12.082402984358875
7599,-12.082402984358875
7600,-12.082402984358875
7601,-12.082402984358875
7602,-12.082402984358875
7603,-12.082402984358875
7604,-12.082402984358875
7605,-12.082402984358875
7606,-12.082402984358875
7607,-12.082402984358875
7608,-12.082402984358875
7609,-12.082402984358875
7610,-12.082402984358875
7611,-12.082402984358875
7612,-12.082402984358875
7613,-12.082402984358875
7614,-12.082402984358875
7615,-12.082402984358875
7616,-12.082402984358875
7617,-12.082402984358875
7618,-12.082402984358875
7619,-12.082402984358875
7620,-12.082402984358875
7621,-12.082402984358875
7622,-12.082402984358875
7623,-12.082402984358875
7624,-12.082402984358875
7625,-12.082402984358875
7626,-12.082402984358875
7627,-12.082402984358875
7628,-12.082402984358875
7629,-12.082402984358875
7630,-12.082402984358875
7631,-12.082402984358875
7632,-12.082402984358875
7633,-12.082402984358875
7634,-12.082402984358875
7635,-12.082402984358875
7636,-12.082402984358875
7637,-12.082402984358875
7638,-12.082402984358875
7639,-12.082402984358875
7640,-12.082402984358875
7641,-12.082402984358875
7642,-12.082402984358875
7643,-12.082402984358875
7644,-12.082402984358875
7645,-12.082402984358875
7646,-6.5297126465289095
7647,-6.5297126465289095
7648,-6.5297126465289095
7649,-6.5297126465289095
7650,-6.5297126465289095
7651,-6.5297126465289095
7652,-6.5297126465289095
7653,-6.5297126465289095
7654,-6.5297126465289095
7655,-6.5297126465289095
7656,-6.5297126465289095
7657,-6.5297126465289095
7658,-6.5297126465289095
7659,-6.5297126465289095
7660,-6.5297126465289095
7661,-6.5297126465289095
7662,-6.5297126465289095
7663,-6.5297126465289095
7664,-6.5297126465289095
7665,-6.5297126465289095
7666,-6.5297126465289095
7667,-6.5297126465289095
7668,-6.5297126465289095
7669,-6.5297126465289095
7670,-6.5297126465289095
7671,-6.5297126465289095
7672,-6.5297126465289095
7673,-6.5297126465289095
7674,-6.5297126465289095
7675,-6.5297126465289095
7676,-6.5297126465289095
7677,-6.5297126465289095
7678,-6.5297126465289095
7679,-6.5297126465289095
7680,-6.5297126465289095
7681,-6.5297126465289095
7682,-6.5297126465289095
7683,-6.5297126465289095
7684,-6.5297126465289095
7685,-6.5297126465289095
7686,-6.5297126465289095
7687,-6.5297126465289095
7688,-6.5297126465289095
7689,-6.5297126465289095
7690,-6.5297126465289095
7691,-6.5297126465289095
7692,-6.5297126465289095
7693,-6.5297126465289095
7694,-6.5297126465289095
7695,-6.5297126465289095
7696,-6.5297126465289095
7697,-6.5297126465289095
7698,-6.5297126465289095
7699,-6.5297126465289095
7700,-6.5297126465289095
7701,-6.5297126465289095
7702,-6.5297126465289095
7703,-6.5297126465289095
7704,-6.5297126465289095
7705,-6.5297126465289095
7706,-6.5297126465289095
7707,-6.5297126465289095
7708,-6.5297126465289095
7709,-6.5297126465289095
7710,-6.5297126465289095
7711,-6.5297126465289095
7712,-6.5297126465289095
7713,-6.5297126465289095
7714,-6.5297126465289095
7715,-6.5297126465289095
7716,-6.5297126465289095
7717,-6.5297126465289095
7718,-6.5297126465289095
7719,-6.5297126465289095
7720,-6.5297126465289095
7721,-6.5297126465289095
7722,-6.5297126465289095
7723,-6.5297126465289095
7724,-6.5297126465289095
7725,-6.5297126465289095
7726,-6.5297126465289095
7727,-6.5297126465289095
7728,-6.5297126465289095
7729,-6.5297126465289095
7730,-6.5297126465289095
7731,-6.5297126465289095
7732,-6.5297126465289095
7733,-6.5297126465289095
7734,-6.5297126465289095
7735,-6.5297126465289095
7736,-6.5297126465289095
7737,-6.5297126465289095
7738,-6.5297126465289095
7739,-6.5297126465289095
7740,-6.5297126465289095
7741,-6.5297126465289095
7742,-6.5297126465289095
7743,-6.5297126465289095
7744,-6.5297126465289095
7745,-6.5297126465289095
7746,-6.5297126465289095
7747,-6.5297126465289095
7748,-6.5297126465289095
7749,-6.5297126465289095
7750,-6.5297126465289095
7751,-6.5297126465289095
7752,-6.5297126465289095
7753,-6.5297126465289095
7754,-6.5297126465289095
7755,-6.5297126465289095
7756,-6.5297126465289095
7757,-6.5297126465289095
7758,-6.5297126465289095
7759,-6.5297126465289095
7760,-6.5297126465289095
7761,-6.5297126465289095
7762,-6.5297126465289095
7763,-6.5297126465289095
7764,-6.5297126465289095
7765,-6.5297126465289095
7766,-6.5297126465289095
7767,-6.5297126465289095
7768,-6.5297126465289095
7769,-6.5297126465289095
7770,-6.5297126465289095
7771,-6.5297126465289095
7772,-6.5297126465289095
7773,-6.5297126465289095
7774,-6.5297126465289095
7775,-6.5297126465289095
7776,-6.5297126465289095
7777,-6.5297126465289095
7778,-6.5297126465289095
7779,-6.5297126465289095
7780,-6.5297126465289095
7781,-6.5297126465289095
7782,-6.5297126465289095
7783,-6.5297126465289095
7784,-6.5297126465289095
7785,-6.5297126465289095
7786,-6.5297126465289095
7787,-6.5297126465289095
7788,-6.5297126465289095
7789,-6.5297126465289095
7790,-6.5297126465289095
7791,-6.5297126465289095
7792,-6.5297126465289095
7793,-6.5297126465289095
7794,-6.5297126465289095
7795,-6.5297126465289095
7796,-6.5297126465289095
7797,-6.5297126465289095
7798,-6.5297126465289095
7799,-6.5297126465289095
7800,-6.5297126465289095
7801,-6.5297126465289095
7802,-6.5297126465289095
7803,-6.5297126465289095
7804,-6.5297126465289095
7805,-6.5297126465289095
7806,-6.5297126465289095
7807,-6.5297126465289095
7808,-6.5297126465289095
7809,-6.5297126465289095
7810,-6.5297126465289095
7811,-6.5297126465289095
7812,-6.5297126465289095
7813,-6.5297126465289095
7814,-6.5297126465289095
7815,-6.5297126465289095
7816,-6.5297126465289095
7817,-6.5297126465289095
7818,-6.5297126465289095
7819,-6.5297126465289095
7820,-6.5297126465289095
7821,-6.5297126465289095
7822,-6.5297126465289095
7823,-6.5297126465289095
7824,-6.5297126465289095
7825,-6.5297126465289095
7826,-6.5297126465289095
7827,-6.5297126465289095
7828,-6.5297126465289095
7829,-6.5297126465289095
7830,-6.5297126465289095
7831,-6.5297126465289095
7832,-6.5297126465289095
7833,-6.5297126465289095
7834,-6.5297126465289095
7835,-6.5297126465289095
7836,-6.5297126465289095
7837,-6.5297126465289095
7838,-6.5297126465289095
7839,-6.5297126465289095
7840,-6.5297126465289095
7841,-6.5297126465289095
7842,-6.5297126465289095
7843,-6.5297126465289095
7844,-6.5297126465289095
7845,-6.5297126465289095
7846,-6.5297126465289095
7847,-6.5297126465289095
7848,-6.5297126465289095
7849,-6.5297126465289095
7850,-6.5297126465289095
7851,-6.5297126465289095
7852,-6.5297126465289095
7853,-6.5297126465289095
7854,-6.5297126465289095
7855,-6.5297126465289095
7856,-6.5297126465289095
7857,-6.5297126465289095
7858,-6.5297126465289095
7859,-6.5297126465289095
7860,-6.5297126465289095
7861,-6.5297126465289095
7862,-6.5297126465289095
7863,-6.5297126465289095
7864,-6.5297126465289095
7865,-6.5297126465289095
7866,-6.5297126465289095
7867,-6.5297126465289095
7868,-6.5297126465289095
7869,-6.5297126465289095
7870,-6.5297126465289095
7871,-6.5297126465289095
7872,-6.5297126465289095
7873,-6.5297126465289095
7874,-6.5297126465289095
7875,-6.5297126465289095
7876,-6.5297126465289095
7877,-6.5297126465289095
7878,-6.5297126465289095
7879,-6.5297126465289095
7880,-6.5297126465289095
7881,-6.5297126465289095
7882,-6.5297126465289095
7883,-6.5297126465289095
7884,-6.5297126465289095
7885,-6.5297126465289095
7886,-6.5297126465289095
7887,-6.5297126465289095
7888,-6.5297126465289095
7889,-6.5297126465289095
7890,-6.5297126465289095
7891,-6.5297126465289095
7892,-6.5297126465289095
7893,-6.5297126465289095
7894,-6.5297126465289095
7895,-6.5297126465289095
7896,-6.5297126465289095
7897,-6.5297126465289095
7898,-6.5297126465289095
7899,-6.5297126465289095
7900,-6.5297126465289095
7901,-6.5297126465289095
7902,-6.5297126465289095
7903,-6.5297126465289095
7904,-6.5297126465289095
7905,-6.5297126465289095
7906,-6.5297126465289095
7907,-6.5297126465289095
7908,-6.5297126465289095
7909,-6.5297126465289095
7910,-6.5297126465289095
7911,-6.5297126465289095
7912,-6.5297126465289095
7913,-6.5297126465289095
7914,-6.5297126465289095
7915,-6.5297126465289095
7916,-6.5297126465289095
7917,-6.5297126465289095
7918,-6.5297126465289095
7919,-6.5297126465289095
7920,-6.5297126465289095
7921,-6.5297126465289095
7922,-6.5297126465289095
7923,-6.5297126465289095
7924,-6.5297126465289095
7925,-6.5297126465289095
7926,-6.5297126465289095
7927,-6.5297126465289095
7928,-6.5297126465289095
7929,-6.5297126465289095
7930,-6.5297126465289095
7931,-6.5297126465289095
7932,-6.5297126465289095
7933,-6.5297126465289095
7934,-6.5297126465289095
7935,-6.5297126465289095
7936,-6.5297126465289095
7937,-6.5297126465289095
7938,-6.5297126465289095
7939,-6.5297126465289095
7940,-6.5297126465289095
7941,-6.5297126465289095
7942,-6.5297126465289095
7943,-6.5297126465289095
7944,-6.5297126465289095
7945,-6.5297126465289095
7946,-6.5297126465289095
7947,-6.5297126465289095
7948,-6.5297126465289095
7949,-6.5297126465289095
7950,-6.5297126465289095
7951,-6.5297126465289095
7952,-6.5297126465289095
7953,-6.5297126465289095
7954,-6.5297126465289095
7955,-6.5297126465289095
7956,-6.5297126465289095
7957,-6.5297126465289095
7958,-6.5297126465289095
7959,-6.5297126465289095
7960,-6.5297126465289095
7961,-6.5297126465289095
7962,-6.5297126465289095
7963,-6.5297126465289095
7964,-6.5297126465289095
7965,-6.5297126465289095
7966,-6.5297126465289095
7967,-6.5297126465289095
7968,-6.5297126465289095
7969,-6.5297126465289095
7970,-6.5297126465289095
7971,-6.5297126465289095
7972,-6.5297126465289095
7973,-6.5297126465289095
7974,-6.5297126465289095
7975,-6.5297126465289095
7976,-6.5297126465289095
7977,-6.5297126465289095
7978,-6.5297126465289095
7979,-6.5297126465289095
7980,-6.5297126465289095
7981,-6.5297126465289095
7982,-6.5297126465289095
7983,-6.5297126465289095
7984,-6.5297126465289095
7985,-6.5297126465289095
7986,-6.5297126465289095
7987,-6.5297126465289095
7988,-6.5297126465289095
7989,-6.5297126465289095
7990,-6.5297126465289095
7991,-6.5297126465289095
7992,-6.5297126465289095
7993,-6.5297126465289095
7994,-6.5297126465289095
7995,-6.5297126465289095
7996,-6.5297126465289095
7997,-6.5297126465289095
7998,-6.5297126465289095
7999,-6.5297126465289095
8000,-6.5297126465289095
8001,-6.5297126465289095
8002,-6.5297126465289095
8003,-6.5297126465289095
8004,-6.5297126465289095
8005,-6.5297126465289095
8006,-6.5297126465289095
8007,-6.5297126465289095
8008,-6.5297126465289095
8009,-6.5297126465289095
8010,-6.5297126465289095
8011,-6.5297126465289095
8012,-6.5297126465289095
8013,-6.5297126465289095
8014,-6.5297126465289095
8015,-6.5297126465289095
8016,-6.5297126465289095
8017,-6.5297126465289095
8018,-6.5297126465289095
8019,-6.5297126465289095
8020,-6.5297126465289095
8021,-6.5297126465289095
8022,-6.5297126465289095
8023,-6.5297126465289095
8024,-6.5297126465289095
8025,-6.5297126465289095
8026,-6.5297126465289095
8027,-6.5297126465289095
8028,-6.5297126465289095
8029,-6.5297126465289095
8030,-6.5297126465289095
8031,-6.5297126465289095
8032,-6.5297126465289095
8033,-6.5297126465289095
8034,-6.5297126465289095
8035,-6.5297126465289095
8036,-6.5297126465289095
8037,-6.5297126465289095
8038,-6.5297126465289095
8039,-6.5297126465289095
8040,-6.5297126465289095
8041,-6.5297126465289095
8042,-6.5297126465289095
8043,-6.5297126465289095
8044,-6.5297126465289095
8045,-6.5297126465289095
8046,-6.5297126465289095
8047,-6.5297126465289095
8048,-6.5297126465289095
8049,-6.5297126465289095
8050,-6.5297126465289095
8051,-6.5297126465289095
8052,-6.5297126465289095
8053,-6.5297126465289095
8054,-6.5297126465289095
8055,-6.5297126465289095
8056,-6.5297126465289095
8057,-6.5297126465289095
8058,-6.5297126465289095
8059,-6.5297126465289095
8060,-6.5297126465289095
8061,-6.5297126465289095
8062,-6.5297126465289095
8063,-6.5297126465289095
8064,-6.5297126465289095
8065,-6.5297126465289095
8066,-6.5297126465289095
8067,-6.5297126465289095
8068,-6.5297126465289095
8069,-6.5297126465289095
8070,-6.5297126465289095
8071,-6.5297126465289095
8072,-6.5297126465289095
8073,-6.5297126465289095
8074,-6.5297126465289095
8075,-6.5297126465289095
8076,-6.5297126465289095
8077,-6.5297126465289095
8078,-6.5297126465289095
8079,-6.5297126465289095
8080,-6.5297126465289095
8081,-6.5297126465289095
8082,-6.5297126465289095
8083,-6.5297126465289095
8084,-6.5297126465289095
8085,-6.5297126465289095
8086,-6.5297126465289095
8087,-6.5297126465289095
8088,-6.5297126465289095
8089,-6.5297126465289095
8090,-6.5297126465289095
8091,-6.5297126465289095
8092,-6.5297126465289095
8093,-6.5297126465289095
8094,-6.5297126465289095
8095,-6.5297126465289095
8096,-6.5297126465289095
8097,-6.5297126465289095
8098,-6.5297126465289095
8099,-6.5297126465289095
8100,-6.5297126465289095
8101,-6.5297126465289095
8102,-6.5297126465289095
8103,-6.5297126465289095
8104,-6.5297126465289095
8105,-6.5297126465289095
8106,-6.5297126465289095
8107,-6.5297126465289095
8108,-6.5297126465289095
8109,-6.5297126465289095
8110,-6.5297126465289095
8111,-6.5297126465289095
8112,-6.5297126465289095
8113,-6.5297126465289095
8114,-6.5297126465289095
8115,-6.5297126465289095
8116,-6.5297126465289095
8117,-6.5297126465289095
8118,-6.5297126465289095
8119,-6.5297126465289095
8120,-6.5297126465289095
8121,-6.5297126465289095
8122,-6.5297126465289095
8123,-6.5297126465289095
8124,-6.5297126465289095
8125,-6.5297126465289095
8126,-6.5297126465289095
8127,-6.5297126465289095
8128,-6.5297126465289095
8129,-6.5297126465289095
8130,-6.5297126465289095
8131,-6.5297126465289095
8132,-6.5297126465289095
8133,-6.5297126465289095
8134,-6.5297126465289095
8135,-6.5297126465289095
8136,-6.5297126465289095
8137,-6.5297126465289095
8138,-6.5297126465289095
8139,-6.5297126465289095
8140,-6.5297126465289095
8141,-6.5297126465289095
8142,-6.5297126465289095
8143,-6.5297126465289095
8144,-6.5297126465289095
8145,-6.5297126465289095
8146,-6.5297126465289095
8147,-6.5297126465289095
8148,-6.5297126465289095
8149,-6.5297126465289095
8150,-6.5297126465289095
8151,-6.5297126465289095
8152,-6.5297126465289095
8153,-6.5297126465289095
8154,-6.5297126465289095
8155,-6.5297126465289095
8156,-6.5297126465289095
8157,-6.5297126465289095
8158,-6.5297126465289095
8159,-6.5297126465289095
8160,-6.5297126465289095
8161,-6.5297126465289095
8162,-6.5297126465289095
8163,-6.5297126465289095
8164,-6.5297126465289095
8165,-6.5297126465289095
8166,-6.5297126465289095
8167,-6.5297126465289095
8168,-6.5297126465289095
8169,-6.5297126465289095
8170,-6.5297126465289095
8171,-6.5297126465289095
8172,-6.5297126465289095
8173,-6.5297126465289095
8174,-6.5297126465289095
8175,-6.5297126465289095
8176,-6.5297126465289095
8177,-6.5297126465289095
8178,-6.5297126465289095
8179,-6.5297126465289095
8180,-6.5297126465289095
8181,-6.5297126465289095
8182,-6.5297126465289095
8183,-6.5297126465289095
8184,-6.5297126465289095
8185,-6.5297126465289095
8186,-6.5297126465289095
8187,-6.5297126465289095
8188,-6.5297126465289095
8189,-6.5297126465289095
8190,-6.5297126465289095
8191,-6.5297126465289095
8192,-6.5297126465289095
8193,-6.5297126465289095
8194,-6.5297126465289095
8195,-6.5297126465289095
8196,-6.5297126465289095
8197,-6.5297126465289095
8198,-6.5297126465289095
8199,-6.5297126465289095
8200,-6.5297126465289095
8201,-6.5297126465289095
8202,-6.5297126465289095
8203,-6.5297126465289095
8204,-6.5297126465289095
8205,-6.5297126465289095
8206,-6.5297126465289095
8207,-6.5297126465289095
8208,-6.5297126465289095
8209,-6.5297126465289095
8210,-6.5297126465289095
8211,-6.5297126465289095
8212,-6.5297126465289095
8213,-6.5297126465289095
8214,-6.5297126465289095
8215,-6.5297126465289095
8216,-6.5297126465289095
8217,-6.5297126465289095
8218,-6.5297126465289095
8219,-6.5297126465289095
8220,-6.5297126465289095
8221,-6.5297126465289095
8222,-6.5297126465289095
8223,-6.5297126465289095
8224,-6.5297126465289095
8225,-6.5297126465289095
8226,-6.5297126465289095
8227,-6.5297126465289095
8228,-6.5297126465289095
8229,-6.5297126465289095
8230,-6.5297126465289095
8231,-6.5297126465289095
8232,-6.5297126465289095
8233,-6.5297126465289095
8234,-6.5297126465289095
8235,-6.5297126465289095
8236,-6.5297126465289095
8237,-6.5297126465289095
8238,-6.5297126465289095
8239,-6.5297126465289095
8240,-6.5297126465289095
8241,-6.5297126465289095
8242,-6.5297126465289095
8243,-6.5297126465289095
8244,-6.5297126465289095
8245,-6.5297126465289095
8246,-6.5297126465289095
8247,-6.5297126465289095
8248,-6.5297126465289095
8249,-6.5297126465289095
8250,-6.5297126465289095
8251,-6.5297126465289095
8252,-6.5297126465289095
8253,-6.5297126465289095
8254,-6.5297126465289095
8255,-6.5297126465289095
8256,-6.5297126465289095
8257,-6.5297126465289095
8258,-6.5297126465289095
8259,-6.5297126465289095
8260,-6.5297126465289095
8261,-6.5297126465289095
8262,-6.5297126465289095
8263,-6.5297126465289095
8264,-6.5297126465289095
8265,-6.5297126465289095
8266,-6.5297126465289095
8267,-6.5297126465289095
8268,-6.5297126465289095
8269,-6.5297126465289095
8270,-6.5297126465289095
8271,-6.5297126465289095
8272,-6.5297126465289095
8273,-6.5297126465289095
8274,-6.5297126465289095
8275,-6.5297126465289095
8276,-6.5297126465289095
8277,-6.5297126465289095
8278,-6.5297126465289095
8279,-6.5297126465289095
8280,-6.5297126465289095
8281,-6.5297126465289095
8282,-6.5297126465289095
8283,-6.5297126465289095
8284,-6.5297126465289095
8285,-6.5297126465289095
8286,-6.5297126465289095
8287,-6.5297126465289095
8288,-6.5297126465289095
8289,-6.5297126465289095
8290,-6.5297126465289095
8291,-6.5297126465289095
8292,-6.5297126465289095
8293,-6.5297126465289095
8294,-6.5297126465289095
8295,-6.5297126465289095
8296,-6.5297126465289095
8297,-6.5297126465289095
8298,-6.5297126465289095
8299,-6.5297126465289095
8300,-6.5297126465289095
8301,-6.5297126465289095
8302,-6.5297126465289095
8303,-6.5297126465289095
8304,-6.5297126465289095
8305,-6.5297126465289095
8306,-6.5297126465289095
8307,-6.5297126465289095
8308,-6.5297126465289095
8309,-6.5297126465289095
8310,-6.5297126465289095
8311,-6.5297126465289095
8312,-6.5297126465289095
8313,-6.5297126465289095
8314,-6.5297126465289095
8315,-6.5297126465289095
8316,-6.5297126465289095
8317,-6.5297126465289095
8318,-6.5297126465289095
8319,-6.5297126465289095
8320,-6.5297126465289095
8321,-6.5297126465289095
8322,-6.5297126465289095
8323,-6.5297126465289095
8324,-6.5297126465289095
8325,-6.5297126465289095
8326,-6.5297126465289095
8327,-6.5297126465289095
8328,-6.5297126465289095
8329,-6.5297126465289095
8330,-6.5297126465289095
8331,-6.5297126465289095
8332,-6.5297126465289095
8333,-6.5297126465289095
8334,-6.5297126465289095
8335,-6.5297126465289095
8336,-6.5297126465289095
8337,-6.5297126465289095
8338,-6.5297126465289095
8339,-6.5297126465289095
8340,10.475401513075361
8341,10.475401513075361
8342,10.475401513075361
8343,10.475401513075361
8344,10.475401513075361
8345,10.475401513075361
8346,10.475401513075361
8347,10.475401513075361
8348,10.475401513075361
8349,10.475401513075361
8350,10.475401513075361
8351,10.475401513075361
8352,10.475401513075361
8353,10.475401513075361
8354,10.475401513075361
8355,10.475401513075361
8356,10.475401513075361
8357,10.475401513075361
8358,10.475401513075361
8359,10.475401513075361
8360,10.475401513075361
8361,10.475401513075361
8362,10.475401513075361
8363,10.475401513075361
8364,10.475401513075361
8365,10.475401513075361
8366,10.475401513075361
8367,10.475401513075361
8368,10.475401513075361
8369,10.475401513075361
8370,10.475401513075361
8371,10.475401513075361
8372,10.475401513075361
8373,10.475401513075361
8374,10.475401513075361
8375,10.475401513075361
8376,10.475401513075361
8377,10.475401513075361
8378,10.475401513075361
8379,10.475401513075361
8380,10.475401513075361
8381,10.475401513075361
8382,10.475401513075361
8383,10.475401513075361
8384,10.475401513075361
8385,10.475401513075361
8386,10.475401513075361
8387,10.475401513075361
8388,10.475401513075361
8389,10.475401513075361
8390,10.475401513075361
8391,10.475401513075361
8392,10.475401513075361
8393,10.475401513075361
8394,10.475401513075361
8395,10.475401513075361
8396,10.475401513075361
8397,10.475401513075361
8398,10.475401513075361
8399,10.475401513075361
8400,10.475401513075361
8401,10.475401513075361
8402,10.475401513075361
8403,10.475401513075361
8404,10.475401513075361
8405,10.475401513075361
8406,10.475401513075361
8407,10.475401513075361
8408,10.475401513075361
8409,10.475401513075361
8410,10.475401513075361
8411,10.475401513075361
8412,10.475401513075361
8413,10.475401513075361
8414,10.475401513075361
8415,10.475401513075361
8416,10.475401513075361
8417,10.475401513075361
8418,10.475401513075361
8419,10.475401513075361
8420,10.475401513075361
8421,10.475401513075361
8422,10.475401513075361
8423,10.475401513075361
8424,10.475401513075361
8425,10.475401513075361
8426,10.475401513075361
8427,10.475401513075361
8428,10.475401513075361
8429,10.475401513075361
8430,10.475401513075361
8431,10.475401513075361
8432,10.475401513075361
8433,10.475401513075361
8434,10.475401513075361
8435,10.475401513075361
8436,10.475401513075361
8437,10.475401513075361
8438,10.475401513075361
8439,10.475401513075361
8440,10.475401513075361
8441,10.475401513075361
8442,10.475401513075361
8443,10.475401513075361
8444,10.475401513075361
8445,10.475401513075361
8446,10.475401513075361
8447,10.475401513075361
8448,10.475401513075361
8449,10.475401513075361
8450,10.475401513075361
8451,10.475401513075361
8452,10.475401513075361
8453,10.475401513075361
8454,10.475401513075361
8455,10.475401513075361
8456,10.475401513075361
8457,10.475401513075361
8458,10.475401513075361
8459,10.475401513075361
8460,10.475401513075361
8461,10.475401513075361
8462,10.475401513075361
8463,10.475401513075361
8464,10.475401513075361
8465,10.475401513075361
8466,10.475401513075361
8467,10.475401513075361
8468,10.475401513075361
8469,10.475401513075361
8470,10.475401513075361
8471,10.475401513075361
8472,10.475401513075361
8473,10.475401513075361
8474,10.475401513075361
8475,10.475401513075361
8476,10.475401513075361
8477,10.475401513075361
8478,10.475401513075361
8479,10.475401513075361
8480,10.475401513075361
8481,10.475401513075361
8482,10.475401513075361
8483,10.475401513075361
8484,10.475401513075361
8485,10.475401513075361
8486,10.475401513075361
8487,10.475401513075361
8488,10.475401513075361
8489,10.475401513075361
8490,10.475401513075361
8491,10.475401513075361
8492,10.475401513075361
8493,10.475401513075361
8494,10.475401513075361
8495,10.475401513075361
8496,10.475401513075361
8497,10.475401513075361
8498,10.475401513075361
8499,10.475401513075361
8500,10.475401513075361
8501,10.475401513075361
8502,10.475401513075361
8503,10.475401513075361
8504,10.475401513075361
8505,10.475401513075361
8506,10.475401513075361
8507,10.475401513075361
8508,10.475401513075361
8509,10.475401513075361
8510,10.475401513075361
8511,10.475401513075361
8512,10.475401513075361
8513,10.475401513075361
8514,10.475401513075361
8515,10.475401513075361
8516,10.475401513075361
8517,10.475401513075361
8518,10.475401513075361
8519,10.475401513075361
8520,10.475401513075361
8521,10.475401513075361
8522,10.475401513075361
8523,10.475401513075361
8524,10.475401513075361
8525,10.475401513075361
8526,10.475401513075361
8527,10.475401513075361
8528,10.475401513075361
8529,10.475401513075361
8530,10.475401513075361
8531,10.475401513075361
8532,10.475401513075361
8533,10.475401513075361
8534,10.475401513075361
8535,10.475401513075361
8536,10.475401513075361
8537,10.475401513075361
8538,10.475401513075361
8539,10.475401513075361
8540,10.475401513075361
8541,10.475401513075361
8542,10.475401513075361
8543,10.475401513075361
8544,10.475401513075361
8545,10.475401513075361
8546,10.475401513075361
8547,10.475401513075361
8548,10.475401513075361
8549,10.475401513075361
8550,10.475401513075361
8551,10.475401513075361
8552,10.475401513075361
8553,10.475401513075361
8554,10.475401513075361
8555,10.475401513075361
8556,10.475401513075361
8557,10.475401513075361
8558,10.475401513075361
8559,10.475401513075361
8560,10.475401513075361
8561,10.475401513075361
8562,10.475401513075361
8563,10.475401513075361
8564,10.475401513075361
8565,10.475401513075361
8566,10.475401513075361
8567,10.475401513075361
8568,10.475401513075361
8569,10.475401513075361
8570,10.475401513075361
8571,10.475401513075361
8572,10.475401513075361
8573,10.475401513075361
8574,10.475401513075361
8575,10.475401513075361
8576,10.475401513075361
8577,10.475401513075361
8578,10.475401513075361
8579,10.475401513075361
8580,10.475401513075361
8581,10.475401513075361
8582,10.475401513075361
8583,10.475401513075361
8584,10.475401513075361
8585,10.475401513075361
8586,10.475401513075361
8587,10.475401513075361
8588,10.475401513075361
8589,10.475401513075361
8590,10.475401513075361
8591,10.475401513075361
8592,10.475401513075361
8593,10.475401513075361
8594,10.475401513075361
8595,10.475401513075361
8596,10.475401513075361
8597,10.475401513075361
8598,10.475401513075361
8599,10.475401513075361
8600,10.475401513075361
8601,10.475401513075361
8602,10.475401513075361
8603,10.475401513075361
8604,10.475401513075361
8605,10.475401513075361
8606,10.475401513075361
8607,10.475401513075361
8608,10.475401513075361
8609,10.475401513075361
8610,10.475401513075361
8611,10.475401513075361
8612,10.475401513075361
8613,10.475401513075361
8614,10.475401513075361
8615,10.475401513075361
8616,10.475401513075361
8617,10.475401513075361
8618,10.475401513075361
8619,10.475401513075361
8620,10.475401513075361
8621,10.475401513075361
8622,10.475401513075361
8623,10.475401513075361
8624,10.475401513075361
8625,10.475401513075361
8626,10.475401513075361
8627,10.475401513075361
8628,10.475401513075361
8629,10.475401513075361
8630,10.475401513075361
8631,10.475401513075361
8632,10.475401513075361
8633,10.475401513075361
8634,10.475401513075361
8635,10.475401513075361
8636,10.475401513075361
8637,10.475401513075361
8638,10.475401513075361
8639,10.475401513075361
8640,10.475401513075361
8641,10.475401513075361
8642,10.475401513075361
8643,10.475401513075361
8644,10.475401513075361
8645,10.475401513075361
8646,10.475401513075361
8647,10.475401513075361
8648,10.475401513075361
8649,10.475401513075361
8650,10.475401513075361
8651,10.475401513075361
8652,10.475401513075361
8653,10.475401513075361
8654,10.475401513075361
8655,10.475401513075361
8656,10.475401513075361
8657,10.475401513075361
8658,10.475401513075361
8659,10.475401513075361
8660,10.475401513075361
8661,10.475401513075361
8662,10.475401513075361
8663,10.475401513075361
8664,10.475401513075361
8665,10.475401513075361
8666,10.475401513075361
8667,10.475401513075361
8668,10.475401513075361
8669,10.475401513075361
8670,10.475401513075361
8671,10.475401513075361
8672,10.475401513075361
8673,10.475401513075361
8674,10.475401513075361
8675,10.475401513075361
8676,10.475401513075361
8677,10.475401513075361
8678,10.475401513075361
8679,10.475401513075361
8680,10.475401513075361
8681,10.475401513075361
8682,10.475401513075361
8683,10.475401513075361
8684,10.475401513075361
8685,10.475401513075361
8686,10.475401513075361
8687,10.475401513075361
8688,10.475401513075361
8689,10.475401513075361
8690,10.475401513075361
8691,10.475401513075361
8692,10.475401513075361
8693,10.475401513075361
8694,10.475401513075361
8695,10.475401513075361
8696,10.475401513075361
8697,10.475401513075361
8698,10.475401513075361
8699,10.475401513075361
8700,10.475401513075361
8701,10.475401513075361
8702,10.475401513075361
8703,10.475401513075361
8704,10.475401513075361
8705,10.475401513075361
8706,10.475401513075361
8707,10.475401513075361
8708,10.475401513075361
8709,10.475401513075361
8710,10.475401513075361
8711,10.475401513075361
8712,10.475401513075361
8713,10.475401513075361
8714,10.475401513075361
8715,10.475401513075361
8716,10.475401513075361
8717,10.475401513075361
8718,10.475401513075361
8719,10.475401513075361
8720,10.475401513075361
8721,10.475401513075361
8722,10.475401513075361
8723,10.475401513075361
8724,10.475401513075361
8725,10.475401513075361
8726,10.475401513075361
8727,10.475401513075361
8728,10.475401513075361
8729,10.475401513075361
8730,10.475401513075361
8731,10.475401513075361
8732,10.475401513075361
8733,10.475401513075361
8734,10.475401513075361
8735,10.475401513075361
8736,10.475401513075361
8737,10.475401513075361
8738,10.475401513075361
8739,10.475401513075361
8740,10.475401513075361
8741,10.475401513075361
8742,10.475401513075361
8743,10.475401513075361
8744,10.475401513075361
8745,10.475401513075361
8746,10.475401513075361
8747,10.475401513075361
8748,10.475401513075361
8749,10.475401513075361
8750,10.475401513075361
8751,10.475401513075361
8752,10.475401513075361
8753,10.475401513075361
8754,10.475401513075361
8755,10.475401513075361
8756,10.475401513075361
8757,10.475401513075361
8758,10.475401513075361
8759,10.475401513075361
8760,10.475401513075361
8761,10.475401513075361
8762,10.475401513075361
8763,10.475401513075361
8764,10.475401513075361
8765,10.475401513075361
8766,10.475401513075361
8767,10.475401513075361
8768,10.475401513075361
8769,10.475401513075361
8770,10.475401513075361
8771,10.475401513075361
8772,10.475401513075361
8773,10.475401513075361
8774,10.475401513075361
8775,10.475401513075361
8776,10.475401513075361
8777,10.475401513075361
8778,10.475401513075361
8779,10.475401513075361
8780,10.475401513075361
8781,10.475401513075361
8782,10.475401513075361
8783,10.475401513075361
8784,10.475401513075361
8785,10.475401513075361
8786,10.475401513075361
8787,10.475401513075361
8788,10.475401513075361
8789,10.475401513075361
8790,10.475401513075361
8791,10.475401513075361
8792,10.475401513075361
8793,10.475401513075361
8794,10.475401513075361
8795,10.475401513075361
8796,10.475401513075361
8797,10.475401513075361
8798,10.475401513075361
8799,10.475401513075361
8800,10.475401513075361
8801,10.475401513075361
8802,10.475401513075361
8803,10.475401513075361
8804,10.475401513075361
8805,10.475401513075361
8806,10.475401513075361
8807,10.475401513075361
8808,10.475401513075361
8809,10.475401513075361
8810,10.475401513075361
8811,10.475401513075361
8812,10.475401513075361
8813,10.475401513075361
8814,10.475401513075361
8815,10.475401513075361
8816,10.475401513075361
8817,10.475401513075361
8818,10.475401513075361
8819,10.475401513075361
8820,10.475401513075361
8821,10.475401513075361
8822,10.475401513075361
8823,10.475401513075361
8824,10.475401513075361
8825,10.475401513075361
8826,10.475401513075361
8827,10.475401513075361
8828,10.475401513075361
8829,10.475401513075361
8830,10.475401513075361
8831,10.475401513075361
8832,10.475401513075361
8833,10.475401513075361
8834,10.475401513075361
8835,10.475401513075361
8836,10.475401513075361
8837,10.475401513075361
8838,10.475401513075361
8839,10.475401513075361
8840,10.475401513075361
8841,10.475401513075361
8842,10.475401513075361
8843,10.475401513075361
8844,10.475401513075361
8845,10.475401513075361
8846,10.475401513075361
8847,10.475401513075361
8848,10.475401513075361
8849,10.475401513075361
8850,10.475401513075361
8851,10.475401513075361
8852,10.475401513075361
8853,10.475401513075361
8854,10.475401513075361
8855,10.475401513075361
8856,10.475401513075361
8857,10.475401513075361
8858,10.475401513075361
8859,10.475401513075361
8860,10.475401513075361
8861,10.475401513075361
8862,10.475401513075361
8863,10.475401513075361
8864,10.475401513075361
8865,10.475401513075361
8866,10.475401513075361
8867,10.475401513075361
8868,10.475401513075361
8869,10.475401513075361
8870,10.475401513075361
8871,10.475401513075361
8872,10.475401513075361
8873,10.475401513075361
8874,10.475401513075361
8875,10.475401513075361
8876,10.475401513075361
8877,10.475401513075361
8878,10.475401513075361
8879,10.475401513075361
8880,10.475401513075361
8881,10.475401513075361
8882,10.475401513075361
8883,10.475401513075361
8884,10.475401513075361
8885,10.475401513075361
8886,10.475401513075361
8887,10.475401513075361
8888,10.475401513075361
8889,10.475401513075361
8890,10.475401513075361
8891,10.475401513075361
8892,10.475401513075361
8893,10.475401513075361
8894,10.475401513075361
8895,10.475401513075361
8896,10.475401513075361
8897,10.475401513075361
8898,10.475401513075361
8899,10.475401513075361
8900,10.475401513075361
8901,10.475401513075361
8902,10.475401513075361
8903,10.475401513075361
8904,10.475401513075361
8905,10.475401513075361
8906,10.475401513075361
8907,10.475401513075361
8908,10.475401513075361
8909,10.475401513075361
8910,10.475401513075361
8911,10.475401513075361
8912,10.475401513075361
8913,10.475401513075361
8914,10.475401513075361
8915,10.475401513075361
8916,10.475401513075361
8917,10.475401513075361
8918,10.475401513075361
8919,10.475401513075361
8920,10.475401513075361
8921,10.475401513075361
8922,10.475401513075361
8923,10.475401513075361
8924,10.475401513075361
8925,10.475401513075361
8926,10.475401513075361
8927,10.475401513075361
8928,10.475401513075361
8929,10.475401513075361
8930,10.475401513075361
8931,10.475401513075361
8932,10.475401513075361
8933,10.475401513075361
8934,10.475401513075361
8935,10.475401513075361
8936,10.475401513075361
8937,10.475401513075361
8938,10.475401513075361
8939,10.475401513075361
8940,10.475401513075361
8941,10.475401513075361
8942,10.475401513075361
8943,10.475401513075361
8944,10.475401513075361
8945,10.475401513075361
8946,10.475401513075361
8947,10.475401513075361
8948,10.475401513075361
8949,10.475401513075361
8950,10.475401513075361
8951,10.475401513075361
8952,10.475401513075361
8953,10.475401513075361
8954,10.475401513075361
8955,10.475401513075361
8956,10.475401513075361
8957,10.475401513075361
8958,10.475401513075361
8959,10.475401513075361
8960,10.475401513075361
8961,10.475401513075361
8962,10.475401513075361
8963,10.475401513075361
8964,10.475401513075361
8965,10.475401513075361
8966,10.475401513075361
8967,10.475401513075361
8968,10.475401513075361
8969,10.475401513075361
8970,10.475401513075361
8971,10.475401513075361
8972,10.475401513075361
8973,10.475401513075361
8974,10.475401513075361
8975,10.475401513075361
8976,10.475401513075361
8977,10.475401513075361
8978,10.475401513075361
8979,10.475401513075361
8980,10.475401513075361
8981,10.475401513075361
8982,10.475401513075361
8983,10.475401513075361
8984,10.475401513075361
8985,10.475401513075361
8986,10.475401513075361
8987,10.475401513075361
8988,10.475401513075361
8989,10.475401513075361
8990,10.475401513075361
8991,10.475401513075361
8992,10.475401513075361
8993,10.475401513075361
8994,10.475401513075361
8995,10.475401513075361
8996,10.475401513075361
8997,10.475401513075361
8998,10.475401513075361
8999,10.475401513075361
9000,10.475401513075361
9001,10.475401513075361
9002,10.475401513075361
9003,10.475401513075361
9004,10.475401513075361
9005,10.475401513075361
9006,10.475401513075361
9007,10.475401513075361
9008,10.475401513075361
9009,10.475401513075361
9010,10.475401513075361
9011,10.475401513075361
9012,10.475401513075361
9013,10.475401513075361
9014,10.475401513075361
9015,10.475401513075361
9016,10.475401513075361
9017,10.475401513075361
9018,10.475401513075361
9019,10.475401513075361
9020,10.475401513075361
9021,10.475401513075361
9022,10.475401513075361
9023,10.475401513075361
9024,10.475401513075361
9025,10.475401513075361
9026,10.475401513075361
9027,10.475401513075361
9028,10.475401513075361
9029,10.475401513075361
9030,10.475401513075361
9031,10.475401513075361
9032,10.475401513075361
9033,10.475401513075361
9034,10.475401513075361
9035,10.475401513075361
9036,10.475401513075361
9037,10.475401513075361
9038,10.475401513075361
9039,10.475401513075361
9040,10.475401513075361
9041,10.475401513075361
9042,10.475401513075361
9043,10.475401513075361
9044,10.475401513075361
9045,10.475401513075361
9046,10.475401513075361
9047,10.475401513075361
9048,10.475401513075361
9049,10.475401513075361
9050,10.475401513075361
9051,10.475401513075361
9052,10.475401513075361
9053,10.475401513075361
9054,10.475401513075361
9055,10.475401513075361
9056,10.475401513075361
9057,10.475401513075361
9058,10.475401513075361
9059,10.475401513075361
9060,10.475401513075361
9061,10.475401513075361
9062,10.475401513075361
9063,10.475401513075361
9064,10.475401513075361
9065,10.475401513075361
9066,10.475401513075361
9067,10.475401513075361
9068,10.475401513075361
9069,10.475401513075361
9070,10.475401513075361
9071,10.475401513075361
9072,10.475401513075361
9073,10.475401513075361
9074,10.475401513075361
9075,10.475401513075361
9076,10.475401513075361
9077,10.475401513075361
9078,10.475401513075361
9079,10.475401513075361
9080,10.475401513075361
9081,10.475401513075361
9082,10.475401513075361
9083,10.475401513075361
9084,10.475401513075361
9085,10.475401513075361
9086,10.475401513075361
9087,10.475401513075361
9088,10.475401513075361
9089,10.475401513075361
9090,10.475401513075361
9091,10.475401513075361
9092,10.475401513075361
9093,10.475401513075361
9094,10.475401513075361
9095,10.475401513075361
9096,10.475401513075361
9097,10.475401513075361
9098,10.475401513075361
9099,10.475401513075361
9100,10.475401513075361
9101,10.475401513075361
9102,10.475401513075361
9103,10.475401513075361
9104,10.475401513075361
9105,10.475401513075361
9106,10.475401513075361
9107,10.475401513075361
9108,10.475401513075361
9109,10.475401513075361
9110,10.475401513075361
9111,10.475401513075361
9112,10.475401513075361
9113,10.475401513075361
9114,10.475401513075361
9115,10.475401513075361
9116,10.475401513075361
9117,10.475401513075361
9118,10.475401513075361
9119,10.475401513075361
9120,10.475401513075361
9121,10.475401513075361
9122,10.475401513075361
9123,10.475401513075361
9124,10.475401513075361
9125,10.475401513075361
9126,10.475401513075361
9127,10.475401513075361
9128,10.475401513075361
9129,10.475401513075361
9130,10.475401513075361
9131,10.475401513075361
9132,10.475401513075361
9133,10.475401513075361
9134,10.475401513075361
9135,10.475401513075361
9136,10.475401513075361
9137,10.475401513075361
9138,10.475401513075361
9139,10.475401513075361
9140,10.475401513075361
9141,10.475401513075361
9142,10.475401513075361
9143,10.475401513075361
9144,10.475401513075361
9145,10.475401513075361
9146,10.475401513075361
9147,10.475401513075361
9148,10.475401513075361
9149,10.475401513075361
9150,10.475401513075361
9151,10.475401513075361
9152,10.475401513075361
9153,10.475401513075361
9154,10.475401513075361
9155,10.475401513075361
9156,10.475401513075361
9157,10.475401513075361
9158,10.475401513075361
9159,10.475401513075361
9160,10.475401513075361
9161,10.475401513075361
9162,10.475401513075361
9163,10.475401513075361
9164,10.475401513075361
9165,10.475401513075361
9166,10.475401513075361
9167,10.475401513075361
9168,10.475401513075361
9169,10.475401513075361
9170,10.475401513075361
9171,10.475401513075361
9172,10.475401513075361
9173,10.475401513075361
9174,10.475401513075361
9175,10.475401513075361
9176,10.475401513075361
9177,10.475401513075361
9178,10.475401513075361
9179,10.475401513075361
9180,10.475401513075361
9181,10.475401513075361
9182,10.475401513075361
9183,10.475401513075361
9184,10.475401513075361
9185,10.475401513075361
9186,10.475401513075361
9187,10.475401513075361
9188,10.475401513075361
9189,10.475401513075361
9190,10.475401513075361
9191,10.475401513075361
9192,10.475401513075361
9193,10.475401513075361
9194,10.475401513075361
9195,10.475401513075361
9196,10.475401513075361
9197,10.475401513075361
9198,10.475401513075361
9199,10.475401513075361
9200,10.475401513075361
9201,10.475401513075361
9202,10.475401513075361
9203,10.475401513075361
9204,10.475401513075361
9205,10.475401513075361
9206,10.475401513075361
9207,10.475401513075361
9208,10.475401513075361
9209,10.475401513075361
9210,10.475401513075361
9211,10.475401513075361
9212,10.475401513075361
9213,10.475401513075361
9214,10.475401513075361
9215,10.475401513075361
9216,10.475401513075361
9217,10.475401513075361
9218,10.475401513075361
9219,10.475401513075361
9220,10.475401513075361
9221,10.475401513075361
9222,10.475401513075361
9223,10.475401513075361
9224,10.475401513075361
9225,10.475401513075361
9226,10.475401513075361
9227,10.475401513075361
9228,10.475401513075361
9229,10.475401513075361
9230,10.475401513075361
9231,10.475401513075361
9232,10.475401513075361
9233,10.475401513075361
9234,10.475401513075361
9235,10.475401513075361
9236,10.475401513075361
9237,10.475401513075361
9238,10.475401513075361
9239,10.475401513075361
9240,10.475401513075361
9241,10.475401513075361
9242,10.475401513075361
9243,10.475401513075361
9244,10.475401513075361
9245,10.475401513075361
9246,10.475401513075361
9247,10.475401513075361
9248,10.475401513075361
9249,10.475401513075361
9250,10.475401513075361
9251,10.475401513075361
9252,10.475401513075361
9253,10.475401513075361
9254,10.475401513075361
9255,10.475401513075361
9256,10.475401513075361
9257,10.475401513075361
9258,10.475401513075361
9259,10.475401513075361
9260,10.475401513075361
9261,10.475401513075361
9262,10.475401513075361
9263,10.475401513075361
9264,10.475401513075361
9265,10.475401513075361
9266,10.475401513075361
9267,10.475401513075361
9268,10.475401513075361
9269,10.475401513075361
9270,10.475401513075361
9271,10.475401513075361
9272,10.475401513075361
9273,10.475401513075361
9274,10.475401513075361
9275,10.475401513075361
9276,10.475401513075361
9277,10.475401513075361
9278,10.475401513075361
9279,10.475401513075361
9280,10.475401513075361
9281,10.475401513075361
9282,10.475401513075361
9283,10.475401513075361
9284,10.475401513075361
9285,10.475401513075361
9286,10.475401513075361
9287,10.475401513075361
9288,-19.254628004055913
9289,-19.254628004055913
9290,-19.254628004055913
9291,-19.254628004055913
9292,-19.254628004055913
9293,-19.254628004055913
9294,-19.254628004055913
9295,-19.254628004055913
9296,-19.254628004055913
9297,-19.254628004055913
9298,-19.254628004055913
9299,-19.254628004055913
9300,-19.254628004055913
9301,-19.254628004055913
9302,-19.254628004055913
9303,-19.254628004055913
9304,-19.254628004055913
9305,-19.254628004055913
9306,-19.254628004055913
9307,-19.254628004055913
9308,-19.254628004055913
9309,-19.254628004055913
9310,-19.254628004055913
9311,-19.254628004055913
9312,-19.254628004055913
9313,-19.254628004055913
9314,-19.254628004055913
9315,-19.254628004055913
9316,-19.254628004055913
9317,-19.254628004055913
9318,-19.254628004055913
9319,-19.254628004055913
9320,-19.254628004055913
9321,-19.254628004055913
9322,-19.254628004055913
9323,-19.254628004055913
9324,-19.254628004055913
9325,-19.254628004055913
9326,-19.254628004055913
9327,-19.254628004055913
9328,-19.254628004055913
9329,-19.254628004055913
9330,-19.254628004055913
9331,-19.254628004055913
9332,-19.254628004055913
9333,-19.254628004055913
9334,-19.254628004055913
9335,-19.254628004055913
9336,-19.254628004055913
9337,-19.254628004055913
9338,-19.254628004055913
9339,-19.254628004055913
9340,-19.254628004055913
9341,-19.254628004055913
9342,-19.254628004055913
9343,-19.254628004055913
9344,-19.254628004055913
9345,-19.254628004055913
9346,-19.254628004055913
9347,-19.254628004055913
9348,-19.254628004055913
9349,-19.254628004055913
9350,-19.254628004055913
9351,-19.254628004055913
9352,-19.254628004055913
9353,-19.254628004055913
9354,-19.254628004055913
9355,-19.254628004055913
9356,-19.254628004055913
9357,-19.254628004055913
9358,-19.254628004055913
9359,-19.254628004055913
9360,-19.254628004055913
9361,-19.254628004055913
9362,-19.254628004055913
9363,-19.254628004055913
9364,-19.254628004055913
9365,-19.254628004055913
9366,-19.254628004055913
9367,-19.254628004055913
9368,-19.254628004055913
9369,-19.254628004055913
9370,-19.254628004055913
9371,-19.254628004055913
9372,-19.254628004055913
9373,-19.254628004055913
9374,-19.254628004055913
9375,-19.254628004055913
9376,-19.254628004055913
9377,-19.254628004055913
9378,-19.254628004055913
9379,-19.254628004055913
9380,-19.254628004055913
9381,-19.254628004055913
9382,-19.254628004055913
9383,-19.254628004055913
9384,-19.254628004055913
9385,-19.254628004055913
9386,-19.254628004055913
9387,-19.254628004055913
9388,-19.254628004055913
9389,-19.254628004055913
9390,-19.254628004055913
9391,-19.254628004055913
9392,-19.254628004055913
9393,-19.254628004055913
9394,-19.254628004055913
9395,-19.254628004055913
9396,-19.254628004055913
9397,-19.254628004055913
9398,-19.254628004055913
9399,-19.254628004055913
9400,-19.254628004055913
9401,-19.254628004055913
9402,-19.254628004055913
9403,-19.254628004055913
9404,-19.254628004055913
9405,-19.254628004055913
9406,-19.254628004055913
9407,-19.254628004055913
9408,-19.254628004055913
9409,-19.254628004055913
9410,-19.254628004055913
9411,-19.254628004055913
9412,-19.254628004055913
9413,-19.254628004055913
9414,-19.254628004055913
9415,-19.254628004055913
9416,-19.254628004055913
9417,-19.254628004055913
9418,-19.254628004055913
9419,-19.254628004055913
9420,-19.254628004055913
9421,-19.254628004055913
9422,-19.254628004055913
9423,-19.254628004055913
9424,-19.254628004055913
9425,-19.254628004055913
9426,-19.254628004055913
9427,-19.254628004055913
9428,-19.254628004055913
9429,-19.254628004055913
9430,-19.254628004055913
9431,-19.254628004055913
9432,-19.254628004055913
9433,-19.254628004055913
9434,-19.254628004055913
9435,-19.254628004055913
9436,-19.254628004055913
9437,-19.254628004055913
9438,-19.254628004055913
9439,-19.254628004055913
9440,-19.254628004055913
9441,-19.254628004055913
9442,-19.254628004055913
9443,-19.254628004055913
9444,-19.254628004055913
9445,-19.254628004055913
9446,-19.254628004055913
9447,-19.254628004055913
9448,-19.254628004055913
9449,-19.254628004055913
9450,-19.254628004055913
9451,-19.254628004055913
9452,-19.254628004055913
9453,-19.254628004055913
9454,-19.254628004055913
9455,-19.254628004055913
9456,-19.254628004055913
9457,-19.254628004055913
9458,-19.254628004055913
9459,-19.254628004055913
9460,-19.254628004055913
9461,-19.254628004055913
9462,-19.254628004055913
9463,-19.254628004055913
9464,-19.254628004055913
9465,-19.254628004055913
9466,-19.254628004055913
9467,-19.254628004055913
9468,-19.254628004055913
9469,-19.254628004055913
9470,-19.254628004055913
9471,-19.254628004055913
9472,-19.254628004055913
9473,-19.254628004055913
9474,-19.254628004055913
9475,-19.254628004055913
9476,-19.254628004055913
9477,-19.254628004055913
9478,-19.254628004055913
9479,-19.254628004055913
9480,-19.254628004055913
9481,-19.254628004055913
9482,-19.254628004055913
9483,-19.254628004055913
9484,-19.254628004055913
9485,-19.254628004055913
9486,-19.254628004055913
9487,-19.254628004055913
9488,-19.254628004055913
9489,-19.254628004055913
9490,-19.254628004055913
9491,-19.254628004055913
9492,-19.254628004055913
9493,-19.254628004055913
9494,-19.254628004055913
9495,-19.254628004055913
9496,-19.254628004055913
9497,-19.254628004055913
9498,-19.254628004055913
9499,-19.254628004055913
9500,-19.254628004055913
9501,-19.254628004055913
9502,-19.254628004055913
9503,-19.254628004055913
9504,-19.254628004055913
9505,-19.254628004055913
9506,-19.254628004055913
9507,-19.254628004055913
9508,-19.254628004055913
9509,-19.254628004055913
9510,-19.254628004055913
9511,-19.254628004055913
9512,-19.254628004055913
9513,-19.254628004055913
9514,-19.254628004055913
9515,-19.254628004055913
9516,-19.254628004055913
9517,-19.254628004055913
9518,-19.254628004055913
9519,-19.254628004055913
9520,-19.254628004055913
9521,-19.254628004055913
9522,-19.254628004055913
9523,-19.254628004055913
9524,-19.254628004055913
9525,-19.254628004055913
9526,-19.254628004055913
9527,-19.254628004055913
9528,-19.254628004055913
9529,-19.254628004055913
9530,-19.254628004055913
9531,-19.254628004055913
9532,-19.254628004055913
9533,-19.254628004055913
9534,-19.254628004055913
9535,-19.254628004055913
9536,-19.254628004055913
9537,-19.254628004055913
9538,-19.254628004055913
9539,-19.254628004055913
9540,-19.254628004055913
9541,-19.254628004055913
9542,-19.254628004055913
9543,-19.254628004055913
9544,-19.254628004055913
9545,-19.254628004055913
9546,-19.254628004055913
9547,-19.254628004055913
9548,-19.254628004055913
9549,-19.254628004055913
9550,-19.254628004055913
9551,-19.254628004055913
9552,-19.254628004055913
9553,-19.254628004055913
9554,-19.254628004055913
9555,-19.254628004055913
9556,-19.254628004055913
9557,-19.254628004055913
9558,-19.254628004055913
9559,-19.254628004055913
9560,-19.254628004055913
9561,-19.254628004055913
9562,-19.254628004055913
9563,-19.254628004055913
9564,-19.254628004055913
9565,-19.254628004055913
9566,-19.254628004055913
9567,-19.254628004055913
9568,-19.254628004055913
9569,-19.254628004055913
9570,-19.254628004055913
9571,-19.254628004055913
9572,-19.254628004055913
9573,-19.254628004055913
9574,-19.254628004055913
9575,-19.254628004055913
9576,-19.254628004055913
9577,-19.254628004055913
9578,-19.254628004055913
9579,-19.254628004055913
9580,-19.254628004055913
9581,-19.254628004055913
9582,-19.254628004055913
9583,-19.254628004055913
9584,-19.254628004055913
9585,-19.254628004055913
9586,-19.254628004055913
9587,-19.254628004055913
9588,-19.254628004055913
9589,-19.254628004055913
9590,-19.254628004055913
9591,-19.254628004055913
9592,-19.254628004055913
9593,-19.254628004055913
9594,-19.254628004055913
9595,-19.254628004055913
9596,-19.254628004055913
9597,-19.254628004055913
9598,-19.254628004055913
9599,-19.254628004055913
9600,-19.254628004055913
9601,-19.254628004055913
9602,-19.254628004055913
9603,-19.254628004055913
9604,-19.254628004055913
9605,-19.254628004055913
9606,-19.254628004055913
9607,-19.254628004055913
9608,-19.254628004055913
9609,-19.254628004055913
9610,-19.254628004055913
9611,-19.254628004055913
9612,-19.254628004055913
9613,-19.254628004055913
9614,-19.254628004055913
9615,-19.254628004055913
9616,-19.254628004055913
9617,-19.254628004055913
9618,-19.254628004055913
9619,-19.254628004055913
9620,-19.254628004055913
9621,-19.254628004055913
9622,-19.254628004055913
9623,-19.254628004055913
9624,-19.254628004055913
9625,-19.254628004055913
9626,-19.254628004055913
9627,-19.254628004055913
9628,-19.254628004055913
9629,-19.254628004055913
9630,-19.254628004055913
9631,-19.254628004055913
9632,-19.254628004055913
9633,-19.254628004055913
9634,-19.254628004055913
9635,-19.254628004055913
9636,-19.254628004055913
9637,-19.254628004055913
9638,-19.254628004055913
9639,-19.254628004055913
9640,-19.254628004055913
9641,-19.254628004055913
9642,-19.254628004055913
9643,-19.254628004055913
9644,-19.254628004055913
9645,-19.254628004055913
9646,-19.254628004055913
9647,-19.254628004055913
9648,-19.254628004055913
9649,-19.254628004055913
9650,-19.254628004055913
9651,-19.254628004055913
9652,-19.254628004055913
9653,-19.254628004055913
9654,-19.254628004055913
9655,-19.254628004055913
9656,-19.254628004055913
9657,-19.254628004055913
9658,-19.254628004055913
9659,-19.254628004055913
9660,-19.254628004055913
9661,-19.254628004055913
9662,-19.254628004055913
9663,-19.254628004055913
9664,-19.254628004055913
9665,-19.254628004055913
9666,-19.254628004055913
9667,-19.254628004055913
9668,-19.254628004055913
9669,-19.254628004055913
9670,-19.254628004055913
9671,-19.254628004055913
9672,-19.254628004055913
9673,-19.254628004055913
9674,-19.254628004055913
9675,-19.254628004055913
9676,-19.254628004055913
9677,-19.254628004055913
9678,-19.254628004055913
9679,-19.254628004055913
9680,-19.254628004055913
9681,-19.254628004055913
9682,-19.254628004055913
9683,-19.254628004055913
9684,-19.254628004055913
9685,-19.254628004055913
9686,-19.254628004055913
9687,-19.254628004055913
9688,-19.254628004055913
9689,-19.254628004055913
9690,-19.254628004055913
9691,-19.254628004055913
9692,-19.254628004055913
9693,-19.254628004055913
9694,-19.254628004055913
9695,-19.254628004055913
9696,-19.254628004055913
9697,-19.254628004055913
9698,-19.254628004055913
9699,-19.254628004055913
9700,-19.254628004055913
9701,-19.254628004055913
9702,-19.254628004055913
9703,-19.254628004055913
9704,-19.254628004055913
9705,-19.254628004055913
9706,-19.254628004055913
9707,-19.254628004055913
9708,-19.254628004055913
9709,-19.254628004055913
9710,-19.254628004055913
9711,-19.254628004055913
9712,-19.254628004055913
9713,-19.254628004055913
9714,-19.254628004055913
9715,-19.254628004055913
9716,-19.254628004055913
9717,-19.254628004055913
9718,-19.254628004055913
9719,-19.254628004055913
9720,-19.254628004055913
9721,-19.254628004055913
9722,-19.254628004055913
9723,-19.254628004055913
9724,-19.254628004055913
9725,-19.254628004055913
9726,-19.254628004055913
9727,-19.254628004055913
9728,-19.254628004055913
9729,-19.254628004055913
9730,-19.254628004055913
9731,-19.254628004055913
9732,-19.254628004055913
9733,-19.254628004055913
9734,-19.254628004055913
9735,-19.254628004055913
9736,-19.254628004055913
9737,-19.254628004055913
9738,-19.254628004055913
9739,-19.254628004055913
9740,-19.254628004055913
9741,-19.254628004055913
9742,-19.254628004055913
9743,-19.254628004055913
9744,-19.254628004055913
9745,-19.254628004055913
9746,-19.254628004055913
9747,-19.254628004055913
9748,-19.254628004055913
9749,-19.254628004055913
9750,-19.254628004055913
9751,-19.254628004055913
9752,-19.254628004055913
9753,-19.254628004055913
9754,-19.254628004055913
9755,-19.254628004055913
9756,-19.254628004055913
9757,-19.254628004055913
9758,-19.254628004055913
9759,-19.254628004055913
9760,-19.254628004055913
9761,-19.254628004055913
9762,-19.254628004055913
9763,-19.254628004055913
9764,-19.254628004055913
9765,-19.254628004055913
9766,-19.254628004055913
9767,-19.254628004055913
9768,-19.254628004055913
9769,-19.254628004055913
9770,-19.254628004055913
9771,-19.254628004055913
9772,-19.254628004055913
9773,-19.254628004055913
9774,-19.254628004055913
9775,-19.254628004055913
9776,-19.254628004055913
9777,-19.254628004055913
9778,-19.254628004055913
9779,-19.254628004055913
9780,-19.254628004055913
9781,-19.254628004055913
9782,-19.254628004055913
9783,-19.254628004055913
9784,-19.254628004055913
9785,-19.254628004055913
9786,-19.254628004055913
9787,-19.254628004055913
9788,-19.254628004055913
9789,-19.254628004055913
9790,-19.254628004055913
9791,-19.254628004055913
9792,-19.254628004055913
9793,-19.254628004055913
9794,-19.254628004055913
9795,-19.254628004055913
9796,-19.254628004055913
9797,-19.254628004055913
9798,-19.254628004055913
9799,-19.254628004055913
9800,-19.254628004055913
9801,-19.254628004055913
9802,-19.254628004055913
9803,-19.254628004055913
9804,-19.254628004055913
9805,-19.254628004055913
9806,-19.254628004055913
9807,-19.254628004055913
9808,-19.254628004055913
9809,-19.254628004055913
9810,-19.254628004055913
9811,-19.254628004055913
9812,-19.254628004055913
9813,-19.254628004055913
9814,-19.254628004055913
9815,-19.254628004055913
9816,-19.254628004055913
9817,-19.254628004055913
9818,-19.254628004055913
9819,-19.254628004055913
9820,-19.254628004055913
9821,-19.254628004055913
9822,-19.254628004055913
9823,-19.254628004055913
9824,-19.254628004055913
9825,-19.254628004055913
9826,-19.254628004055913
9827,-19.254628004055913
9828,-19.254628004055913
9829,-19.254628004055913
9830,-19.254628004055913
9831,-19.254628004055913
9832,-19.254628004055913
9833,-16.24692073773135
9834,-16.24692073773135
9835,-16.24692073773135
9836,-16.24692073773135
9837,-16.24692073773135
9838,-16.24692073773135
9839,-16.24692073773135
9840,-16.24692073773135
9841,-16.24692073773135
9842,-16.24692073773135
9843,-16.24692073773135
9844,-16.24692073773135
9845,-16.24692073773135
9846,-16.24692073773135
9847,-16.24692073773135
9848,-16.24692073773135
9849,-16.24692073773135
9850,-16.24692073773135
9851,-16.24692073773135
9852,-16.24692073773135
9853,-16.24692073773135
9854,-16.24692073773135
9855,-16.24692073773135
9856,-16.24692073773135
9857,-16.24692073773135
9858,-16.24692073773135
9859,-16.24692073773135
9860,-16.24692073773135
9861,-16.24692073773135
9862,-16.24692073773135
9863,-16.24692073773135
9864,-16.24692073773135
9865,-16.24692073773135
9866,-16.24692073773135
9867,-16.24692073773135
9868,-16.24692073773135
9869,-16.24692073773135
9870,-16.24692073773135
9871,-16.24692073773135
9872,-16.24692073773135
9873,-16.24692073773135
9874,-16.24692073773135
9875,-16.24692073773135
9876,-16.24692073773135
9877,-16.24692073773135
9878,-16.24692073773135
9879,-16.24692073773135
9880,-16.24692073773135
9881,-16.24692073773135
9882,-16.24692073773135
9883,-16.24692073773135
9884,-16.24692073773135
9885,-16.24692073773135
9886,-16.24692073773135
9887,-16.24692073773135
9888,-16.24692073773135
9889,-16.24692073773135
9890,-16.24692073773135
9891,-16.24692073773135
9892,-16.24692073773135
9893,-16.24692073773135
9894,-16.24692073773135
9895,-16.24692073773135
9896,-16.24692073773135
9897,-16.24692073773135
9898,-16.24692073773135
9899,-16.24692073773135
9900,-16.24692073773135
9901,-16.24692073773135
9902,-16.24692073773135
9903,-16.24692073773135
9904,-16.24692073773135
9905,-16.24692073773135
9906,-16.24692073773135
9907,-16.24692073773135
9908,-16.24692073773135
9909,-16.24692073773135
9910,-16.24692073773135
9911,-16.24692073773135
9912,-16.24692073773135
9913,-16.24692073773135
9914,-16.24692073773135
9915,-16.24692073773135
9916,-16.24692073773135
9917,-16.24692073773135
9918,-16.24692073773135
9919,-16.24692073773135
9920,-16.24692073773135
9921,-16.24692073773135
9922,-16.24692073773135
9923,-16.24692073773135
9924,-16.24692073773135
9925,-16.24692073773135
9926,-16.24692073773135
9927,-16.24692073773135
9928,-16.24692073773135
9929,-16.24692073773135
9930,-16.24692073773135
9931,-16.24692073773135
9932,-16.24692073773135
9933,-16.24692073773135
9934,-16.24692073773135
9935,-16.24692073773135
9936,-16.24692073773135
9937,-16.24692073773135
9938,-16.24692073773135
9939,-16.24692073773135
9940,-16.24692073773135
9941,-16.24692073773135
9942,-16.24692073773135
9943,-16.24692073773135
9944,-16.24692073773135
9945,-16.24692073773135
9946,-16.24692073773135
9947,-16.24692073773135
9948,-16.24692073773135
9949,-16.24692073773135
9950,-16.24692073773135
9951,-16.24692073773135
9952,-16.24692073773135
9953,-16.24692073773135
9954,-16.24692073773135
9955,-16.24692073773135
9956,-16.24692073773135
9957,-16.24692073773135
9958,-16.24692073773135
9959,-16.24692073773135
9960,-16.24692073773135
9961,-16.24692073773135
9962,-16.24692073773135
9963,-16.24692073773135
9964,-16.24692073773135
9965,-16.24692073773135
9966,-16.24692073773135
9967,-16.24692073773135
9968,-16.24692073773135
9969,-16.24692073773135
9970,-16.24692073773135
9971,-16.24692073773135
9972,-16.24692073773135
9973,-16.24692073773135
9974,-16.24692073773135
9975,-16.24692073773135
9976,-16.24692073773135
9977,-16.24692073773135
9978,-16.24692073773135
9979,-16.24692073773135
9980,-16.24692073773135
9981,-16.24692073773135
9982,-16.24692073773135
9983,-16.24692073773135
9984,-16.24692073773135
9985,-16.24692073773135
9986,-16.24692073773135
9987,-16.24692073773135
9988,-16.24692073773135
9989,-16.24692073773135
9990,-16.24692073773135
9991,-16.24692073773135
9992,-16.24692073773135
9993,-16.24692073773135
9994,-16.24692073773135
9995,-16.24692073773135
9996,-16.24692073773135
9997,-16.24692073773135
9998,-16.24692073773135
9999,-16.24692073773135
10000,-16.24692073773135
10001,-16.24692073773135
10002,-16.24692073773135
10003,-16.24692073773135
10004,-16.24692073773135
10005,-16.24692073773135
10006,-16.24692073773135
10007,-16.24692073773135
10008,-16.24692073773135
10009,-16.24692073773135
10010,-16.24692073773135
10011,-16.24692073773135
10012,-16.24692073773135
10013,-16.24692073773135
10014,-16.24692073773135
10015,-16.24692073773135
10016,-16.24692073773135
10017,-16.24692073773135
10018,-16.24692073773135
10019,-16.24692073773135
10020,-16.24692073773135
10021,-16.24692073773135
10022,-16.24692073773135
10023,-16.24692073773135
10024,-16.24692073773135
10025,-16.24692073773135
10026,-16.24692073773135
10027,-16.24692073773135
10028,-16.24692073773135
10029,-16.24692073773135
10030,-16.24692073773135
10031,-16.24692073773135
10032,-16.24692073773135
10033,-16.24692073773135
10034,-16.24692073773135
10035,-16.24692073773135
10036,-16.24692073773135
10037,-16.24692073773135
10038,-16.24692073773135
10039,-16.24692073773135
10040,-16.24692073773135
10041,-16.24692073773135
10042,-16.24692073773135
10043,-16.24692073773135
10044,-16.24692073773135
10045,-16.24692073773135
10046,-16.24692073773135
10047,-16.24692073773135
10048,-16.24692073773135
10049,-16.24692073773135
10050,-16.24692073773135
10051,-16.24692073773135
10052,-16.24692073773135
10053,-16.24692073773135
10054,-16.24692073773135
10055,-16.24692073773135
10056,-16.24692073773135
10057,-16.24692073773135
10058,-16.24692073773135
10059,-16.24692073773135
10060,-16.24692073773135
10061,-16.24692073773135
10062,-16.24692073773135
10063,-16.24692073773135
10064,-16.24692073773135
10065,-16.24692073773135
10066,-16.24692073773135
10067,-16.24692073773135
10068,-16.24692073773135
10069,-16.24692073773135
10070,-16.24692073773135
10071,-16.24692073773135
10072,-16.24692073773135
10073,-16.24692073773135
10074,-16.24692073773135
10075,-16.24692073773135
10076,-16.24692073773135
10077,-16.24692073773135
10078,-16.24692073773135
10079,-16.24692073773135
10080,-16.24692073773135
10081,-16.24692073773135
10082,-16.24692073773135
10083,-16.24692073773135
10084,-16.24692073773135
10085,-16.24692073773135
10086,-16.24692073773135
10087,-16.24692073773135
10088,-16.24692073773135
10089,-16.24692073773135
10090,-16.24692073773135
10091,-16.24692073773135
10092,-16.24692073773135
10093,-16.24692073773135
10094,-16.24692073773135
10095,-16.24692073773135
10096,-16.24692073773135
10097,-16.24692073773135
10098,-16.24692073773135
10099,-16.24692073773135
10100,-16.24692073773135
10101,-16.24692073773135
10102,-16.24692073773135
10103,-16.24692073773135
10104,-16.24692073773135
10105,-16.24692073773135
10106,-16.24692073773135
10107,-16.24692073773135
10108,-16.24692073773135
10109,-16.24692073773135
10110,-16.24692073773135
10111,-16.24692073773135
10112,-16.24692073773135
10113,-16.24692073773135
10114,-16.24692073773135
10115,-16.24692073773135
10116,-16.24692073773135
10117,-16.24692073773135
10118,-16.24692073773135
10119,-16.24692073773135
10120,-16.24692073773135
10121,-16.24692073773135
10122,-16.24692073773135
10123,-16.24692073773135
10124,-16.24692073773135
10125,-16.24692073773135
10126,-16.24692073773135
10127,-16.24692073773135
10128,-16.24692073773135
10129,-16.24692073773135
10130,-16.24692073773135
10131,-16.24692073773135
10132,-16.24692073773135
10133,-16.24692073773135
10134,-16.24692073773135
10135,-16.24692073773135
10136,-16.24692073773135
10137,-16.24692073773135
10138,-16.24692073773135
10139,-16.24692073773135
10140,-16.24692073773135
10141,-16.24692073773135
10142,-16.24692073773135
10143,-16.24692073773135
10144,-16.24692073773135
10145,-16.24692073773135
10146,-16.24692073773135
10147,-16.24692073773135
10148,-16.24692073773135
10149,-16.24692073773135
10150,-16.24692073773135
10151,-16.24692073773135
10152,-16.24692073773135
10153,-16.24692073773135
10154,-16.24692073773135
10155,-16.24692073773135
10156,-16.24692073773135
10157,-16.24692073773135
10158,-16.24692073773135
10159,-16.24692073773135
10160,-16.24692073773135
10161,-16.24692073773135
10162,-16.24692073773135
10163,-16.24692073773135
10164,-16.24692073773135
10165,-16.24692073773135
10166,-16.24692073773135
10167,-16.24692073773135
10168,-16.24692073773135
10169,-16.24692073773135
10170,-16.24692073773135
10171,-16.24692073773135
10172,-16.24692073773135
10173,-16.24692073773135
10174,-16.24692073773135
10175,-16.24692073773135
10176,-16.24692073773135
10177,-16.24692073773135
10178,-16.24692073773135
10179,-16.24692073773135
10180,-16.24692073773135
10181,-16.24692073773135
10182,-16.24692073773135
10183,-16.24692073773135
10184,-16.24692073773135
10185,-16.24692073773135
10186,-16.24692073773135
10187,-16.24692073773135
10188,-16.24692073773135
10189,-16.24692073773135
10190,-16.24692073773135
10191,-16.24692073773135
10192,-16.24692073773135
10193,-16.24692073773135
10194,-16.24692073773135
10195,-16.24692073773135
10196,-16.24692073773135
10197,-16.24692073773135
10198,-16.24692073773135
10199,-16.24692073773135
10200,-16.24692073773135
10201,-16.24692073773135
10202,-16.24692073773135
10203,-16.24692073773135
10204,-16.24692073773135
10205,-16.24692073773135
10206,-16.24692073773135
10207,-16.24692073773135
10208,-16.24692073773135
10209,-16.24692073773135
10210,-16.24692073773135
10211,-16.24692073773135
10212,-16.24692073773135
10213,-16.24692073773135
10214,-16.24692073773135
10215,-16.24692073773135
10216,-16.24692073773135
10217,-16.24692073773135
10218,-16.24692073773135
10219,-16.24692073773135
10220,-16.24692073773135
10221,-16.24692073773135
10222,-16.24692073773135
10223,-16.24692073773135
10224,-16.24692073773135
10225,-16.24692073773135
10226,-16.24692073773135
10227,-16.24692073773135
10228,-16.24692073773135
10229,-16.24692073773135
10230,-16.24692073773135
10231,-16.24692073773135
10232,-16.24692073773135
10233,-16.24692073773135
10234,-16.24692073773135
10235,-16.24692073773135
10236,-16.24692073773135
10237,-16.24692073773135
10238,-16.24692073773135
10239,-16.24692073773135
10240,-16.24692073773135
10241,-16.24692073773135
10242,-16.24692073773135
10243,-16.24692073773135
10244,-16.24692073773135
10245,-16.24692073773135
10246,-16.24692073773135
10247,-16.24692073773135
10248,-16.24692073773135
10249,-16.24692073773135
10250,-4.678815867252254
10251,-4.678815867252254
10252,-4.678815867252254
10253,-4.678815867252254
10254,-4.678815867252254
10255,-4.678815867252254
10256,-4.678815867252254
10257,-4.678815867252254
10258,-4.678815867252254
10259,-4.678815867252254
10260,-4.678815867252254
10261,-4.678815867252254
10262,-4.678815867252254
10263,-4.678815867252254
10264,-4.678815867252254
10265,-4.678815867252254
10266,-4.678815867252254
10267,-4.678815867252254
10268,-4.678815867252254
10269,-4.678815867252254
10270,-4.678815867252254
10271,-4.678815867252254
10272,-4.678815867252254
10273,-4.678815867252254
10274,-4.678815867252254
10275,-4.678815867252254
10276,-4.678815867252254
10277,-4.678815867252254
10278,-4.678815867252254
10279,-4.678815867252254
10280,-4.678815867252254
10281,-4.678815867252254
10282,-4.678815867252254
10283,-4.678815867252254
10284,-4.678815867252254
10285,-4.678815867252254
10286,-4.678815867252254
10287,-4.678815867252254
10288,-4.678815867252254
10289,-4.678815867252254
10290,-4.678815867252254
10291,-4.678815867252254
10292,-4.678815867252254
10293,-4.678815867252254
10294,-4.678815867252254
10295,-4.678815867252254
10296,-4.678815867252254
10297,-4.678815867252254
10298,-4.678815867252254
10299,-4.678815867252254
10300,-4.678815867252254
10301,-4.678815867252254
10302,-4.678815867252254
10303,-4.678815867252254
10304,-4.678815867252254
10305,-4.678815867252254
10306,-4.678815867252254
10307,-4.678815867252254
10308,-4.678815867252254
10309,-4.678815867252254
10310,-4.678815867252254
10311,-4.678815867252254
10312,-4.678815867252254
10313,-4.678815867252254
10314,-4.678815867252254
10315,-4.678815867252254
10316,-4.678815867252254
10317,-4.678815867252254
10318,-4.678815867252254
10319,-4.678815867252254
10320,-4.678815867252254
10321,-4.678815867252254
10322,-4.678815867252254
10323,-4.678815867252254
10324,-4.678815867252254
10325,-4.678815867252254
10326,-4.678815867252254
10327,-4.678815867252254
10328,-4.678815867252254
10329,-4.678815867252254
10330,-4.678815867252254
10331,-4.678815867252254
10332,-4.678815867252254
10333,-4.678815867252254
10334,-4.678815867252254
10335,-4.678815867252254
10336,-4.678815867252254
10337,-4.678815867252254
10338,-4.678815867252254
10339,-4.678815867252254
10340,-4.678815867252254
10341,-4.678815867252254
10342,-4.678815867252254
10343,-4.678815867252254
10344,-4.678815867252254
10345,-4.678815867252254
10346,-4.678815867252254
10347,-4.678815867252254
10348,-4.678815867252254
10349,-4.678815867252254
10350,-4.678815867252254
10351,-4.678815867252254
10352,-4.678815867252254
10353,-4.678815867252254
10354,-4.678815867252254
10355,-4.678815867252254
10356,-4.678815867252254
10357,-4.678815867252254
10358,-4.678815867252254
10359,-4.678815867252254
10360,-4.678815867252254
10361,-4.678815867252254
10362,-4.678815867252254
10363,-4.678815867252254
10364,-4.678815867252254
10365,-4.678815867252254
10366,-4.678815867252254
10367,-4.678815867252254
10368,-4.678815867252254
10369,-4.678815867252254
10370,-4.678815867252254
10371,-4.678815867252254
10372,-4.678815867252254
10373,-4.678815867252254
10374,-4.678815867252254
10375,-4.678815867252254
10376,-4.678815867252254
10377,-4.678815867252254
10378,-4.678815867252254
10379,-4.678815867252254
10380,-4.678815867252254
10381,-4.678815867252254
10382,-4.678815867252254
10383,-4.678815867252254
10384,-4.678815867252254
10385,-4.678815867252254
10386,-4.678815867252254
10387,-4.678815867252254
10388,-4.678815867252254
10389,-4.678815867252254
10390,-4.678815867252254
10391,-4.678815867252254
10392,-4.678815867252254
10393,-4.678815867252254
10394,-4.678815867252254
10395,-4.678815867252254
10396,-4.678815867252254
10397,-4.678815867252254
10398,-4.678815867252254
10399,-4.678815867252254
10400,-4.678815867252254
10401,-4.678815867252254
10402,-4.678815867252254
10403,-4.678815867252254
10404,-4.678815867252254
10405,-4.678815867252254
10406,-4.678815867252254
10407,-4.678815867252254
10408,-4.678815867252254
10409,-4.678815867252254
10410,-4.678815867252254
10411,-4.678815867252254
10412,-4.678815867252254
10413,-4.678815867252254
10414,-4.678815867252254
10415,-4.678815867252254
10416,-4.678815867252254
10417,-4.678815867252254
10418,-4.678815867252254
10419,-4.678815867252254
10420,-4.678815867252254
10421,-4.678815867252254
10422,-4.678815867252254
10423,-4.678815867252254
10424,-4.678815867252254
10425,-4.678815867252254
10426,-4.678815867252254
10427,-4.678815867252254
10428,-4.678815867252254
10429,-4.678815867252254
10430,-4.678815867252254
10431,-4.678815867252254
10432,-4.678815867252254
10433,-4.678815867252254
10434,-4.678815867252254
10435,-4.678815867252254
10436,-4.678815867252254
10437,-7.455161036167237
10438,-7.455161036167237
10439,-7.455161036167237
10440,-7.455161036167237
10441,-7.455161036167237
10442,-7.455161036167237
10443,-7.455161036167237
10444,-7.455161036167237
10445,-7.455161036167237
10446,-7.455161036167237
10447,-7.455161036167237
10448,-7.455161036167237
10449,-7.455161036167237
10450,-7.455161036167237
10451,-7.455161036167237
10452,-7.455161036167237
10453,-7.455161036167237
10454,-7.455161036167237
10455,-7.455161036167237
10456,-7.455161036167237
10457,-7.455161036167237
10458,-7.455161036167237
10459,-7.455161036167237
10460,-7.455161036167237
10461,-7.455161036167237
10462,-7.455161036167237
10463,-7.455161036167237
10464,-7.455161036167237
10465,-7.455161036167237
10466,-7.455161036167237
10467,-7.455161036167237
10468,-7.455161036167237
10469,-7.455161036167237
10470,-7.455161036167237
10471,-7.455161036167237
10472,-7.455161036167237
10473,-7.455161036167237
10474,-7.455161036167237
10475,-7.455161036167237
10476,-7.455161036167237
10477,-7.455161036167237
10478,-7.455161036167237
10479,-7.455161036167237
10480,-7.455161036167237
10481,-7.455161036167237
10482,-7.455161036167237
10483,-7.455161036167237
10484,-7.455161036167237
10485,-7.455161036167237
10486,-7.455161036167237
10487,-7.455161036167237
10488,-7.455161036167237
10489,-7.455161036167237
10490,-7.455161036167237
10491,-7.455161036167237
10492,-7.455161036167237
10493,-7.455161036167237
10494,-7.455161036167237
10495,-7.455161036167237
10496,-7.455161036167237
10497,-7.455161036167237
10498,-7.455161036167237
10499,-7.455161036167237
10500,-7.455161036167237
10501,-7.455161036167237
10502,-7.455161036167237
10503,-7.455161036167237
10504,-7.455161036167237
10505,-7.455161036167237
10506,-7.455161036167237
10507,-7.455161036167237
10508,-7.455161036167237
10509,-7.455161036167237
10510,-7.455161036167237
10511,-7.455161036167237
10512,-7.455161036167237
10513,-7.455161036167237
10514,-7.455161036167237
10515,-7.455161036167237
10516,-7.455161036167237
10517,-7.455161036167237
10518,-7.455161036167237
10519,-7.455161036167237
10520,-7.455161036167237
10521,-7.455161036167237
10522,-7.455161036167237
10523,-7.455161036167237
10524,-7.455161036167237
10525,-7.455161036167237
10526,-7.455161036167237
10527,-7.455161036167237
10528,-7.455161036167237
10529,-7.455161036167237
10530,-7.455161036167237
10531,-7.455161036167237
10532,-7.455161036167237
10533,-7.455161036167237
10534,-7.455161036167237
10535,-7.455161036167237
10536,-7.455161036167237
10537,-7.455161036167237
10538,-7.455161036167237
10539,-7.455161036167237
10540,-7.455161036167237
10541,-7.455161036167237
10542,-7.455161036167237
10543,-7.455161036167237
10544,-7.455161036167237
10545,-7.455161036167237
10546,-7.455161036167237
10547,-7.455161036167237
10548,-7.455161036167237
10549,-7.455161036167237
10550,-7.455161036167237
10551,-7.455161036167237
10552,-7.455161036167237
10553,-7.455161036167237
10554,-7.455161036167237
10555,-7.455161036167237
10556,-7.455161036167237
10557,-7.455161036167237
10558,-7.455161036167237
10559,-7.455161036167237
10560,-7.455161036167237
10561,-7.455161036167237
10562,-7.455161036167237
10563,-7.455161036167237
10564,-7.455161036167237
10565,-7.455161036167237
10566,-7.455161036167237
10567,-7.455161036167237
10568,-7.455161036167237
10569,-7.455161036167237
10570,-7.455161036167237
10571,-7.455161036167237
10572,-7.455161036167237
10573,-7.455161036167237
10574,-7.455161036167237
10575,-7.455161036167237
10576,-7.455161036167237
10577,-7.455161036167237
10578,-7.455161036167237
10579,-7.455161036167237
10580,-7.455161036167237
10581,-7.455161036167237
10582,-7.455161036167237
10583,-7.455161036167237
10584,-7.455161036167237
10585,-7.455161036167237
10586,-7.455161036167237
10587,-7.455161036167237
10588,-7.455161036167237
10589,-7.455161036167237
10590,-7.455161036167237
10591,-7.455161036167237
10592,-7.455161036167237
10593,-7.455161036167237
10594,-7.455161036167237
10595,-7.455161036167237
10596,-7.455161036167237
10597,-7.455161036167237
10598,-7.455161036167237
10599,-7.455161036167237
10600,-7.455161036167237
10601,-7.455161036167237
10602,-7.455161036167237
10603,-7.455161036167237
10604,-7.455161036167237
10605,-7.455161036167237
10606,-7.455161036167237
10607,-7.455161036167237
10608,-7.455161036167237
10609,-7.455161036167237
10610,-7.455161036167237
10611,-7.455161036167237
10612,-7.455161036167237
10613,-7.455161036167237
10614,-7.455161036167237
10615,-7.455161036167237
10616,-7.455161036167237
10617,-7.455161036167237
10618,-7.455161036167237
10619,-7.455161036167237
10620,-7.455161036167237
10621,-7.455161036167237
10622,-7.455161036167237
10623,-7.455161036167237
10624,-7.455161036167237
10625,-7.455161036167237
10626,-7.455161036167237
10627,-7.455161036167237
10628,-7.455161036167237
10629,-7.455161036167237
10630,-7.455161036167237
10631,-7.455161036167237
10632,-7.455161036167237
10633,-7.455161036167237
10634,-7.455161036167237
10635,-7.455161036167237
10636,-7.455161036167237
10637,-7.455161036167237
10638,-7.455161036167237
10639,-7.455161036167237
10640,-7.455161036167237
10641,-7.455161036167237
10642,-7.455161036167237
10643,-7.455161036167237
10644,-7.455161036167237
10645,-7.455161036167237
10646,-7.455161036167237
10647,-7.455161036167237
10648,-7.455161036167237
10649,-7.455161036167237
10650,-7.455161036167237
10651,-7.455161036167237
10652,-7.455161036167237
10653,-7.455161036167237
10654,-7.455161036167237
10655,-7.455161036167237
10656,-7.455161036167237
10657,-7.455161036167237
10658,-7.455161036167237
10659,-7.455161036167237
10660,-7.455161036167237
10661,-7.455161036167237
10662,-7.455161036167237
10663,-7.455161036167237
10664,-7.455161036167237
10665,-7.455161036167237
10666,-7.455161036167237
10667,-7.455161036167237
10668,-7.455161036167237
10669,-7.455161036167237
10670,-7.455161036167237
10671,-7.455161036167237
10672,-7.455161036167237
10673,-7.455161036167237
10674,-7.455161036167237
10675,-7.455161036167237
10676,-7.455161036167237
10677,-7.455161036167237
10678,-7.455161036167237
10679,-7.455161036167237
10680,-7.455161036167237
10681,-7.455161036167237
10682,-7.455161036167237
10683,-7.455161036167237
10684,-7.455161036167237
10685,-7.455161036167237
10686,-7.455161036167237
10687,-7.455161036167237
10688,-7.455161036167237
10689,-7.455161036167237
10690,-7.455161036167237
10691,-7.455161036167237
10692,-7.455161036167237
10693,-7.455161036167237
10694,-7.455161036167237
10695,-7.455161036167237
10696,-7.455161036167237
10697,-7.455161036167237
10698,-7.455161036167237
10699,-7.455161036167237
10700,-7.455161036167237
10701,-7.455161036167237
10702,-7.455161036167237
10703,-7.455161036167237
10704,-7.455161036167237
10705,-7.455161036167237
10706,-7.455161036167237
10707,-7.455161036167237
10708,-7.455161036167237
10709,-7.455161036167237
10710,-7.455161036167237
10711,-7.455161036167237
10712,-7.455161036167237
10713,-7.455161036167237
10714,-7.455161036167237
10715,-7.455161036167237
10716,-7.455161036167237
10717,-7.455161036167237
10718,-7.455161036167237
10719,-7.455161036167237
10720,-7.455161036167237
10721,-7.455161036167237
10722,-7.455161036167237
10723,-7.455161036167237
10724,-7.455161036167237
10725,-7.455161036167237
10726,-7.455161036167237
10727,-7.455161036167237
10728,-7.455161036167237
10729,-7.455161036167237
10730,-7.455161036167237
10731,-7.455161036167237
10732,-7.455161036167237
10733,-7.455161036167237
10734,-7.455161036167237
10735,-7.455161036167237
10736,-7.455161036167237
10737,-7.455161036167237
10738,-7.455161036167237
10739,-7.455161036167237
10740,-7.455161036167237
10741,-7.455161036167237
10742,-7.455161036167237
10743,-7.455161036167237
10744,-7.455161036167237
10745,-7.455161036167237
10746,-7.455161036167237
10747,-7.455161036167237
10748,-7.455161036167237
10749,-7.455161036167237
10750,-7.455161036167237
10751,-7.455161036167237
10752,-7.455161036167237
10753,-7.455161036167237
10754,-7.455161036167237
10755,-7.455161036167237
10756,-7.455161036167237
10757,-7.455161036167237
10758,-7.455161036167237
10759,-7.455161036167237
10760,-7.455161036167237
10761,-7.455161036167237
10762,-7.455161036167237
10763,-7.455161036167237
10764,-7.455161036167237
10765,-7.455161036167237
10766,-7.455161036167237
10767,-7.455161036167237
10768,-7.455161036167237
10769,-7.455161036167237
10770,-7.455161036167237
10771,-7.455161036167237
10772,-7.455161036167237
10773,-7.455161036167237
10774,-7.455161036167237
10775,-7.455161036167237
10776,-7.455161036167237
10777,-7.455161036167237
10778,-7.455161036167237
10779,-7.455161036167237
10780,-7.455161036167237
10781,-7.455161036167237
10782,-7.455161036167237
10783,-7.455161036167237
10784,-7.455161036167237
10785,-7.455161036167237
10786,-7.455161036167237
10787,-7.455161036167237
10788,-7.455161036167237
10789,-7.455161036167237
10790,-7.455161036167237
10791,-7.455161036167237
10792,-7.455161036167237
10793,-7.455161036167237
10794,-7.455161036167237
10795,-7.455161036167237
10796,-7.455161036167237
10797,-7.455161036167237
10798,-7.455161036167237
10799,-7.455161036167237
10800,-7.455161036167237
10801,-7.455161036167237
10802,-7.455161036167237
10803,-7.455161036167237
10804,-7.455161036167237
10805,-7.455161036167237
10806,-7.455161036167237
10807,-7.455161036167237
10808,-7.455161036167237
10809,-7.455161036167237
10810,-7.455161036167237
10811,-7.455161036167237
10812,-7.455161036167237
10813,-7.455161036167237
10814,-7.455161036167237
10815,-7.455161036167237
10816,-7.455161036167237
10817,-7.455161036167237
10818,-7.455161036167237
10819,-7.455161036167237
10820,-7.455161036167237
10821,-7.455161036167237
10822,-7.455161036167237
10823,-7.455161036167237
10824,-7.455161036167237
10825,-7.455161036167237
10826,-7.455161036167237
10827,-7.455161036167237
10828,-7.455161036167237
10829,-7.455161036167237
10830,-7.455161036167237
10831,-7.455161036167237
10832,-7.455161036167237
10833,-7.455161036167237
10834,-7.455161036167237
10835,-7.455161036167237
10836,-7.455161036167237
10837,-7.455161036167237
10838,-7.455161036167237
10839,-7.455161036167237
10840,-7.455161036167237
10841,-7.455161036167237
10842,-7.455161036167237
10843,-7.455161036167237
10844,-7.455161036167237
10845,-7.455161036167237
10846,-7.455161036167237
10847,-7.455161036167237
10848,-7.455161036167237
10849,-7.455161036167237
10850,-7.455161036167237
10851,-7.455161036167237
10852,-7.455161036167237
10853,-7.455161036167237
10854,-7.455161036167237
10855,-7.455161036167237
10856,-7.455161036167237
10857,-7.455161036167237
10858,-7.455161036167237
10859,-7.455161036167237
10860,-7.455161036167237
10861,-7.455161036167237
10862,-7.455161036167237
10863,-7.455161036167237
10864,-7.455161036167237
10865,-7.455161036167237
10866,-7.455161036167237
10867,-7.455161036167237
10868,-7.455161036167237
10869,-7.455161036167237
10870,-7.455161036167237
10871,-7.455161036167237
10872,-7.455161036167237
10873,-7.455161036167237
10874,-7.455161036167237
10875,-7.455161036167237
10876,-7.455161036167237
10877,-7.455161036167237
10878,-7.455161036167237
10879,-7.455161036167237
10880,-7.455161036167237
10881,-7.455161036167237
10882,-7.455161036167237
10883,-7.455161036167237
10884,-7.455161036167237
10885,-7.455161036167237
10886,-7.455161036167237
10887,-7.455161036167237
10888,-7.455161036167237
10889,-7.455161036167237
10890,-7.455161036167237
10891,-7.455161036167237
10892,-7.455161036167237
10893,-7.455161036167237
10894,-7.455161036167237
10895,-7.455161036167237
10896,-7.455161036167237
10897,-7.455161036167237
10898,-7.455161036167237
10899,-7.455161036167237
10900,-7.455161036167237
10901,-7.455161036167237
10902,-7.455161036167237
10903,-7.455161036167237
10904,-7.455161036167237
10905,-7.455161036167237
10906,-7.455161036167237
10907,-7.455161036167237
10908,-7.455161036167237
10909,-7.455161036167237
10910,-7.455161036167237
10911,-7.455161036167237
10912,-7.455161036167237
10913,-7.455161036167237
10914,-7.455161036167237
10915,-7.455161036167237
10916,-7.455161036167237
10917,-7.455161036167237
10918,-7.455161036167237
10919,-7.455161036167237
10920,-7.455161036167237
10921,-7.455161036167237
10922,-7.455161036167237
10923,-7.455161036167237
10924,-7.455161036167237
10925,-7.455161036167237
10926,-7.455161036167237
10927,-7.455161036167237
10928,-7.455161036167237
10929,-7.455161036167237
10930,-7.455161036167237
10931,-7.455161036167237
10932,-7.455161036167237
10933,-7.455161036167237
10934,-7.455161036167237
10935,-7.455161036167237
10936,-7.455161036167237
10937,-7.455161036167237
10938,-7.455161036167237
10939,-7.455161036167237
10940,-7.455161036167237
10941,-7.455161036167237
10942,-7.455161036167237
10943,-7.455161036167237
10944,-7.455161036167237
10945,-7.455161036167237
10946,-7.455161036167237
10947,-7.455161036167237
10948,-7.455161036167237
10949,-7.455161036167237
10950,-7.455161036167237
10951,-7.455161036167237
10952,-7.455161036167237
10953,-7.455161036167237
10954,-7.455161036167237
10955,-7.455161036167237
10956,-7.455161036167237
10957,-7.455161036167237
10958,-7.455161036167237
10959,-7.455161036167237
10960,-7.455161036167237
10961,-7.455161036167237
10962,-7.455161036167237
10963,-7.455161036167237
10964,-7.455161036167237
10965,-7.455161036167237
10966,-7.455161036167237
10967,-7.455161036167237
10968,-7.455161036167237
10969,-7.455161036167237
10970,-7.455161036167237
10971,-7.455161036167237
10972,-7.455161036167237
10973,-7.455161036167237
10974,-7.455161036167237
10975,-7.455161036167237
10976,-7.455161036167237
10977,-7.455161036167237
10978,-7.455161036167237
10979,-7.455161036167237
10980,-7.455161036167237
10981,-7.455161036167237
10982,-7.455161036167237
10983,-7.455161036167237
10984,-7.455161036167237
10985,-7.455161036167237
10986,-7.455161036167237
10987,-7.455161036167237
10988,-7.455161036167237
10989,-7.455161036167237
10990,-7.455161036167237
10991,-7.455161036167237
10992,-7.455161036167237
10993,-7.455161036167237
10994,-7.455161036167237
10995,-7.455161036167237
10996,-7.455161036167237
10997,-7.455161036167237
10998,-7.455161036167237
10999,-7.455161036167237
11000,-7.455161036167237
11001,-7.455161036167237
11002,-7.455161036167237
11003,-7.455161036167237
11004,-7.455161036167237
11005,-7.455161036167237
11006,-7.455161036167237
11007,-7.455161036167237
11008,-7.455161036167237
11009,-7.455161036167237
11010,-7.455161036167237
11011,-7.455161036167237
11012,-7.455161036167237
11013,-7.455161036167237
11014,-7.455161036167237
11015,-7.455161036167237
11016,-7.455161036167237
11017,-7.455161036167237
11018,-7.455161036167237
11019,-7.455161036167237
11020,-7.455161036167237
11021,-7.455161036167237
11022,-7.455161036167237
11023,-7.455161036167237
11024,-7.455161036167237
11025,-7.455161036167237
11026,-7.455161036167237
11027,-7.455161036167237
11028,-7.455161036167237
11029,-7.455161036167237
11030,-7.455161036167237
11031,-7.455161036167237
11032,-7.455161036167237
11033,-7.455161036167237
11034,-7.455161036167237
11035,-7.455161036167237
11036,-7.455161036167237
11037,-7.455161036167237
11038,-7.455161036167237
11039,-7.455161036167237
11040,-7.455161036167237
11041,-7.455161036167237
11042,-7.455161036167237
11043,-7.455161036167237
11044,-7.455161036167237
11045,-7.455161036167237
11046,-7.455161036167237
11047,-7.455161036167237
11048,-7.455161036167237
11049,-7.455161036167237
11050,-7.455161036167237
11051,-7.455161036167237
11052,-7.455161036167237
11053,-7.455161036167237
11054,-7.455161036167237
11055,-7.455161036167237
11056,-7.455161036167237
11057,-7.455161036167237
11058,-7.455161036167237
11059,-7.455161036167237
11060,-7.455161036167237
11061,-7.455161036167237
11062,-7.455161036167237
11063,-7.455161036167237
11064,-7.455161036167237
11065,-7.455161036167237
11066,-7.455161036167237
11067,-7.455161036167237
11068,-7.455161036167237
11069,-7.455161036167237
11070,-7.455161036167237
11071,-7.455161036167237
11072,-7.455161036167237
11073,-7.455161036167237
11074,-7.455161036167237
11075,-7.455161036167237
11076,-7.455161036167237
11077,-7.455161036167237
11078,-7.455161036167237
11079,-7.455161036167237
11080,-7.455161036167237
11081,-7.455161036167237
11082,-7.455161036167237
11083,-7.455161036167237
11084,-7.455161036167237
11085,-7.455161036167237
11086,-7.455161036167237
11087,-7.455161036167237
11088,-7.455161036167237
11089,-7.455161036167237
11090,-7.455161036167237
11091,-7.455161036167237
11092,-7.455161036167237
11093,-7.455161036167237
11094,-7.455161036167237
11095,-7.455161036167237
11096,-7.455161036167237
11097,-7.455161036167237
11098,-7.455161036167237
11099,-7.455161036167237
11100,-7.455161036167237
11101,-7.455161036167237
11102,-7.455161036167237
11103,-7.455161036167237
11104,-7.455161036167237
11105,-7.455161036167237
11106,-7.455161036167237
11107,-7.455161036167237
11108,-7.455161036167237
11109,-7.455161036167237
11110,-7.455161036167237
11111,-7.455161036167237
11112,-7.455161036167237
11113,-7.455161036167237
11114,-7.455161036167237
11115,-7.455161036167237
11116,-7.455161036167237
11117,-7.455161036167237
11118,-7.455161036167237
11119,-7.455161036167237
11120,-7.455161036167237
11121,-7.455161036167237
11122,-7.455161036167237
11123,-7.455161036167237
11124,-7.455161036167237
11125,-7.455161036167237
11126,-7.455161036167237
11127,-7.455161036167237
11128,-7.455161036167237
11129,-7.455161036167237
11130,-7.455161036167237
11131,-7.455161036167237
11132,-7.455161036167237
11133,-7.455161036167237
11134,-7.455161036167237
11135,-7.455161036167237
11136,-7.455161036167237
11137,-7.455161036167237
11138,-7.455161036167237
11139,-7.455161036167237
11140,-7.455161036167237
11141,-7.455161036167237
11142,-7.455161036167237
11143,-7.455161036167237
11144,-7.455161036167237
11145,-7.455161036167237
11146,-7.455161036167237
11147,-7.455161036167237
11148,-7.455161036167237
11149,-7.455161036167237
11150,-7.455161036167237
11151,-7.455161036167237
11152,-7.455161036167237
11153,-7.455161036167237
11154,-7.455161036167237
11155,-7.455161036167237
11156,-7.455161036167237
11157,-7.455161036167237
11158,-7.455161036167237
11159,-7.455161036167237
11160,-7.455161036167237
11161,-7.455161036167237
11162,-7.455161036167237
11163,-7.455161036167237
11164,-7.455161036167237
11165,-7.455161036167237
11166,-7.455161036167237
11167,-7.455161036167237
11168,-7.455161036167237
11169,-7.455161036167237
11170,-7.455161036167237
11171,-7.455161036167237
11172,-7.455161036167237
11173,-7.455161036167237
11174,-7.455161036167237
11175,-7.455161036167237
11176,-7.455161036167237
11177,-7.455161036167237
11178,-7.455161036167237
11179,-7.455161036167237
11180,-7.455161036167237
11181,-7.455161036167237
11182,-7.455161036167237
11183,-7.455161036167237
11184,-7.455161036167237
11185,-7.455161036167237
11186,-7.455161036167237
11187,-7.455161036167237
11188,-7.455161036167237
11189,-7.455161036167237
11190,-7.455161036167237
11191,-7.455161036167237
11192,-7.455161036167237
11193,-7.455161036167237
11194,-7.455161036167237
11195,-7.455161036167237
11196,-7.455161036167237
11197,-7.455161036167237
11198,-7.455161036167237
11199,-7.455161036167237
11200,-7.455161036167237
11201,-7.455161036167237
11202,-7.455161036167237
11203,-7.455161036167237
11204,-7.455161036167237
11205,-7.455161036167237
11206,-7.455161036167237
11207,-7.455161036167237
11208,-7.455161036167237
11209,-7.455161036167237
11210,-7.455161036167237
11211,-7.455161036167237
11212,-7.455161036167237
11213,-7.455161036167237
11214,-7.455161036167237
11215,-7.455161036167237
11216,-7.455161036167237
11217,-7.455161036167237
11218,-7.455161036167237
11219,-7.455161036167237
11220,-7.455161036167237
11221,-7.455161036167237
11222,-7.455161036167237
11223,-7.455161036167237
11224,-7.455161036167237
11225,-7.455161036167237
11226,-7.455161036167237
11227,-7.455161036167237
11228,-7.455161036167237
11229,-7.455161036167237
11230,-7.455161036167237
11231,-7.455161036167237
11232,-7.455161036167237
11233,-7.455161036167237
11234,-7.455161036167237
11235,-7.455161036167237
11236,-7.455161036167237
11237,-7.455161036167237
11238,-7.455161036167237
11239,-7.455161036167237
11240,-7.455161036167237
11241,-7.455161036167237
11242,-7.455161036167237
11243,-7.455161036167237
11244,-7.455161036167237
11245,-7.455161036167237
11246,-7.455161036167237
11247,-7.455161036167237
11248,-7.455161036167237
11249,-7.455161036167237
11250,-7.455161036167237
11251,-7.455161036167237
11252,-7.455161036167237
11253,-7.455161036167237
11254,-7.455161036167237
11255,-7.455161036167237
11256,-7.455161036167237
11257,-7.455161036167237
11258,-7.455161036167237
11259,-7.455161036167237
11260,-7.455161036167237
11261,-7.455161036167237
11262,-7.455161036167237
11263,-7.455161036167237
11264,-7.455161036167237
11265,-7.455161036167237
11266,-7.455161036167237
11267,-7.455161036167237
11268,-7.455161036167237
11269,-7.455161036167237
11270,-7.455161036167237
11271,-7.455161036167237
11272,-7.455161036167237
11273,-7.455161036167237
11274,-7.455161036167237
11275,-7.455161036167237
11276,-7.455161036167237
11277,-7.455161036167237
11278,-7.455161036167237
11279,-7.455161036167237
11280,-7.455161036167237
11281,-7.455161036167237
11282,-7.455161036167237
11283,-7.455161036167237
11284,-7.455161036167237
11285,-7.455161036167237
11286,-7.455161036167237
11287,-7.455161036167237
11288,-7.455161036167237
11289,-7.455161036167237
11290,-7.455161036167237
11291,-7.455161036167237
11292,-7.455161036167237
11293,-7.455161036167237
11294,-7.455161036167237
11295,-7.455161036167237
11296,-7.455161036167237
11297,-7.455161036167237
11298,-7.455161036167237
11299,-7.455161036167237
11300,-7.455161036167237
11301,-7.455161036167237
11302,-7.455161036167237
11303,-7.455161036167237
11304,-7.455161036167237
11305,-7.455161036167237
11306,-7.455161036167237
11307,-7.455161036167237
11308,-7.455161036167237
11309,-7.455161036167237
11310,-7.455161036167237
11311,-7.455161036167237
11312,-7.455161036167237
11313,-7.455161036167237
11314,-7.455161036167237
11315,-7.455161036167237
11316,-7.455161036167237
11317,-7.455161036167237
11318,-7.455161036167237
11319,-7.455161036167237
11320,-7.455161036167237
11321,-7.455161036167237
11322,-7.455161036167237
11323,-7.455161036167237
11324,-7.455161036167237
11325,-7.455161036167237
11326,-7.455161036167237
11327,-7.455161036167237
11328,-7.455161036167237
11329,-7.455161036167237
11330,-7.455161036167237
11331,-7.455161036167237
11332,-7.455161036167237
11333,-7.455161036167237
11334,-7.455161036167237
11335,-7.455161036167237
11336,-7.455161036167237
11337,-7.455161036167237
11338,-7.455161036167237
11339,-7.455161036167237
11340,-7.455161036167237
11341,-7.455161036167237
11342,-7.455161036167237
11343,-7.455161036167237
11344,-7.455161036167237
11345,-7.455161036167237
11346,-7.455161036167237
11347,-7.455161036167237
11348,-7.455161036167237
11349,-7.455161036167237
11350,-7.455161036167237
11351,-7.455161036167237
11352,-7.455161036167237
11353,-7.455161036167237
11354,-7.455161036167237
11355,-7.455161036167237
11356,-7.455161036167237
11357,-7.455161036167237
11358,-7.455161036167237
11359,-7.455161036167237
11360,-7.455161036167237
11361,-7.455161036167237
11362,-7.455161036167237
11363,-7.455161036167237
11364,-7.455161036167237
11365,-7.455161036167237
11366,-7.455161036167237
11367,-7.455161036167237
11368,-7.455161036167237
11369,-7.455161036167237
11370,-7.455161036167237
11371,-7.455161036167237
11372,-7.455161036167237
11373,-7.455161036167237
11374,-7.455161036167237
11375,-7.455161036167237
11376,-7.455161036167237
11377,-7.455161036167237
11378,-7.455161036167237
11379,-7.455161036167237
11380,-7.455161036167237
11381,-7.455161036167237
11382,-7.455161036167237
11383,-7.455161036167237
11384,-7.455161036167237
11385,-7.455161036167237
11386,-7.455161036167237
11387,-7.455161036167237
11388,-7.455161036167237
11389,-7.455161036167237
11390,-7.455161036167237
11391,-7.455161036167237
11392,-7.455161036167237
11393,-7.455161036167237
11394,-7.455161036167237
11395,-7.455161036167237
11396,-7.455161036167237
11397,-7.455161036167237
11398,-7.455161036167237
11399,-7.455161036167237
11400,-7.455161036167237
11401,-7.455161036167237
11402,-7.455161036167237
11403,-7.455161036167237
11404,-7.455161036167237
11405,-7.455161036167237
11406,-7.455161036167237
11407,-7.455161036167237
11408,-7.455161036167237
11409,-7.455161036167237
11410,-7.455161036167237
11411,-7.455161036167237
11412,-7.455161036167237
11413,-7.455161036167237
11414,-7.455161036167237
11415,-7.455161036167237
11416,-7.455161036167237
11417,-7.455161036167237
11418,-7.455161036167237
11419,-7.455161036167237
11420,-7.455161036167237
11421,-7.455161036167237
11422,-7.455161036167237
11423,-7.455161036167237
11424,-7.455161036167237
11425,-7.455161036167237
11426,-7.455161036167237
11427,-7.455161036167237
11428,-7.455161036167237
11429,-7.455161036167237
11430,-7.455161036167237
11431,-7.455161036167237
11432,-7.455161036167237
11433,-7.455161036167237
11434,-7.455161036167237
11435,-7.455161036167237
11436,-7.455161036167237
11437,-7.455161036167237
11438,-7.455161036167237
11439,-7.455161036167237
11440,-7.455161036167237
11441,-7.455161036167237
11442,-7.455161036167237
11443,-7.455161036167237
11444,-7.455161036167237
11445,-7.455161036167237
11446,-7.455161036167237
11447,-7.455161036167237
11448,-7.455161036167237
11449,-7.455161036167237
11450,-7.455161036167237
11451,-7.455161036167237
11452,-7.455161036167237
11453,-7.455161036167237
11454,-7.455161036167237
11455,-7.455161036167237
11456,-7.455161036167237
11457,-7.455161036167237
11458,-7.455161036167237
11459,-7.455161036167237
11460,-7.455161036167237
11461,-7.455161036167237
11462,-7.455161036167237
11463,-7.455161036167237
11464,-7.455161036167237
11465,-7.455161036167237
11466,-7.455161036167237
11467,-7.455161036167237
11468,-7.455161036167237
11469,-7.455161036167237
11470,-7.455161036167237
11471,-7.455161036167237
11472,-7.455161036167237
11473,-7.455161036167237
11474,-7.455161036167237
11475,-7.455161036167237
11476,-7.455161036167237
11477,-7.455161036167237
11478,-7.455161036167237
11479,-7.455161036167237
11480,-7.455161036167237
11481,-7.455161036167237
11482,-7.455161036167237
11483,-7.455161036167237
11484,-7.455161036167237
11485,-7.455161036167237
11486,-7.455161036167237
11487,-7.455161036167237
11488,-7.455161036167237
11489,-7.455161036167237
11490,-7.455161036167237
11491,-7.455161036167237
11492,-7.455161036167237
11493,-7.455161036167237
11494,-7.455161036167237
11495,-7.455161036167237
11496,-7.455161036167237
11497,-7.455161036167237
11498,-7.455161036167237
11499,-7.455161036167237
11500,-7.455161036167237
11501,-7.455161036167237
11502,-7.455161036167237
11503,-7.455161036167237
11504,-7.455161036167237
11505,-7.455161036167237
11506,-7.455161036167237
11507,-7.455161036167237
11508,-7.455161036167237
11509,-7.455161036167237
11510,-7.455161036167237
11511,-7.455161036167237
11512,-7.455161036167237
11513,-7.455161036167237
11514,-7.455161036167237
11515,-7.455161036167237
11516,-7.455161036167237
11517,-7.455161036167237
11518,-7.455161036167237
11519,-7.455161036167237
11520,-7.455161036167237
11521,-7.455161036167237
11522,-7.455161036167237
11523,-7.455161036167237
11524,-7.455161036167237
11525,-7.455161036167237
11526,-7.455161036167237
11527,-7.455161036167237
11528,-7.455161036167237
11529,-7.455161036167237
11530,-7.455161036167237
11531,-7.455161036167237
11532,-7.455161036167237
11533,-7.455161036167237
11534,-7.455161036167237
11535,-7.455161036167237
11536,-7.455161036167237
11537,-7.455161036167237
11538,-7.455161036167237
11539,-7.455161036167237
11540,-7.455161036167237
11541,-7.455161036167237
11542,-7.455161036167237
11543,-7.455161036167237
11544,-7.455161036167237
11545,-7.455161036167237
11546,-7.455161036167237
11547,-7.455161036167237
11548,-7.455161036167237
11549,-7.455161036167237
11550,-7.455161036167237
11551,-7.455161036167237
11552,-7.455161036167237
11553,-7.455161036167237
11554,-7.455161036167237
11555,-7.455161036167237
11556,-7.455161036167237
11557,-7.455161036167237
11558,-7.455161036167237
11559,-7.455161036167237
11560,-7.455161036167237
11561,-7.455161036167237
11562,-7.455161036167237
11563,-7.455161036167237
11564,-7.455161036167237
11565,-7.455161036167237
11566,-7.455161036167237
11567,-7.455161036167237
11568,-7.455161036167237
11569,-7.455161036167237
11570,-7.455161036167237
11571,-7.455161036167237
11572,-7.455161036167237
11573,-7.455161036167237
11574,-7.455161036167237
11575,-7.455161036167237
11576,-7.455161036167237
11577,-7.455161036167237
11578,-7.455161036167237
11579,-7.455161036167237
11580,-7.455161036167237
11581,-7.455161036167237
11582,-7.455161036167237
11583,-7.455161036167237
11584,-7.455161036167237
11585,-7.455161036167237
11586,-7.455161036167237
11587,-7.455161036167237
11588,-7.455161036167237
11589,-7.455161036167237
11590,-7.455161036167237
11591,-7.455161036167237
11592,-7.455161036167237
11593,-7.455161036167237
11594,-7.455161036167237
11595,-7.455161036167237
11596,-7.455161036167237
11597,-7.455161036167237
11598,-7.455161036167237
11599,-7.455161036167237
11600,-7.455161036167237
11601,-7.455161036167237
11602,-7.455161036167237
11603,-7.455161036167237
11604,-7.455161036167237
11605,-7.455161036167237
11606,-7.455161036167237
11607,-7.455161036167237
11608,-7.455161036167237
11609,-7.455161036167237
11610,-7.455161036167237
11611,-7.455161036167237
11612,-7.455161036167237
11613,-7.455161036167237
11614,-7.455161036167237
11615,-7.455161036167237
11616,-7.455161036167237
11617,-7.455161036167237
11618,-7.455161036167237
11619,-7.455161036167237
11620,-7.455161036167237
11621,-7.455161036167237
11622,-7.455161036167237
11623,-7.455161036167237
11624,-7.455161036167237
11625,-7.455161036167237
11626,-7.455161036167237
11627,-7.455161036167237
11628,-7.455161036167237
11629,-7.455161036167237
11630,-7.455161036167237
11631,-7.455161036167237
11632,-7.455161036167237
11633,-7.455161036167237
11634,-7.455161036167237
11635,-7.455161036167237
11636,-7.455161036167237
11637,-7.455161036167237
11638,-7.455161036167237
11639,-7.455161036167237
11640,-7.455161036167237
11641,-7.455161036167237
11642,-7.455161036167237
11643,-7.455161036167237
11644,-7.455161036167237
11645,-7.455161036167237
11646,-7.455161036167237
11647,-7.455161036167237
11648,-7.455161036167237
11649,-7.455161036167237
11650,-7.455161036167237
11651,-7.455161036167237
11652,-7.455161036167237
11653,-7.455161036167237
11654,-7.455161036167237
11655,-7.455161036167237
11656,-7.455161036167237
11657,-7.455161036167237
11658,-7.455161036167237
11659,-7.455161036167237
11660,-7.455161036167237
11661,-7.455161036167237
11662,-7.455161036167237
11663,-7.455161036167237
11664,-7.455161036167237
11665,-7.455161036167237
11666,-7.455161036167237
11667,-7.455161036167237
11668,-7.455161036167237
11669,-7.455161036167237
11670,-7.455161036167237
11671,-7.455161036167237
11672,-7.455161036167237
11673,-7.455161036167237
11674,-7.455161036167237
11675,-7.455161036167237
11676,-7.455161036167237
11677,-7.455161036167237
11678,-7.455161036167237
11679,-7.455161036167237
11680,-7.455161036167237
11681,-7.455161036167237
11682,-7.455161036167237
11683,-7.455161036167237
11684,-7.455161036167237
11685,-7.455161036167237
11686,-7.455161036167237
11687,-7.455161036167237
11688,-7.455161036167237
11689,-7.455161036167237
11690,-7.455161036167237
11691,-7.455161036167237
11692,-7.455161036167237
11693,-7.455161036167237
11694,-7.455161036167237
11695,-7.455161036167237
11696,-7.455161036167237
11697,-7.455161036167237
11698,-7.455161036167237
11699,-7.455161036167237
11700,-7.455161036167237
11701,-7.455161036167237
11702,-7.455161036167237
11703,-7.455161036167237
11704,-7.455161036167237
11705,-7.455161036167237
11706,-7.455161036167237
11707,-7.455161036167237
11708,-7.455161036167237
11709,-7.455161036167237
11710,-7.455161036167237
11711,-7.455161036167237
11712,-7.455161036167237
11713,-7.455161036167237
11714,-7.455161036167237
11715,-7.455161036167237
11716,-7.455161036167237
11717,-7.455161036167237
11718,-7.455161036167237
11719,-7.455161036167237
11720,-7.455161036167237
11721,-7.455161036167237
11722,-7.455161036167237
11723,-7.455161036167237
11724,-7.455161036167237
11725,-7.455161036167237
11726,-7.455161036167237
11727,-7.455161036167237
11728,-7.455161036167237
11729,-7.455161036167237
11730,-7.455161036167237
11731,-7.455161036167237
11732,-7.455161036167237
11733,-7.455161036167237
11734,-7.455161036167237
11735,-7.455161036167237
11736,-7.455161036167237
11737,-7.455161036167237
11738,-7.455161036167237
11739,-7.455161036167237
11740,-7.455161036167237
11741,-7.455161036167237
11742,-7.455161036167237
11743,-7.455161036167237
11744,-7.455161036167237
11745,-7.455161036167237
11746,-7.455161036167237
11747,-7.455161036167237
11748,-7.455161036167237
11749,-7.455161036167237
11750,-7.455161036167237
11751,-7.455161036167237
11752,-7.455161036167237
11753,-7.455161036167237
11754,-7.455161036167237
11755,-7.455161036167237
11756,-7.455161036167237
11757,-7.455161036167237
11758,-7.455161036167237
11759,-7.455161036167237
11760,-7.455161036167237
11761,-7.455161036167237
11762,-7.455161036167237
11763,-7.455161036167237
11764,-7.455161036167237
11765,-7.455161036167237
11766,-7.455161036167237
11767,-7.455161036167237
11768,-7.455161036167237
11769,-7.455161036167237
11770,-7.455161036167237
11771,-7.455161036167237
11772,-7.455161036167237
11773,-7.455161036167237
11774,-7.455161036167237
11775,-7.455161036167237
11776,-7.455161036167237
11777,-7.455161036167237
11778,-7.455161036167237
11779,-7.455161036167237
11780,-7.455161036167237
11781,-7.455161036167237
11782,-7.455161036167237
11783,-7.455161036167237
11784,-7.455161036167237
11785,-7.455161036167237
11786,-7.455161036167237
11787,-7.455161036167237
11788,-7.455161036167237
11789,-7.455161036167237
11790,-7.455161036167237
11791,-7.455161036167237
11792,-7.455161036167237
11793,-7.455161036167237
11794,-7.455161036167237
11795,-7.455161036167237
11796,-7.455161036167237
11797,-7.455161036167237
11798,-7.455161036167237
11799,-7.455161036167237
11800,-7.455161036167237
11801,-7.455161036167237
11802,-7.455161036167237
11803,-7.455161036167237
11804,-7.455161036167237
11805,-7.455161036167237
11806,-7.455161036167237
11807,-7.455161036167237
11808,-7.455161036167237
11809,-7.455161036167237
11810,-7.455161036167237
11811,-7.455161036167237
11812,-7.455161036167237
11813,-7.455161036167237
11814,-7.455161036167237
11815,-7.455161036167237
11816,-7.455161036167237
11817,-7.455161036167237
11818,-7.455161036167237
11819,-7.455161036167237
11820,-7.455161036167237
11821,-7.455161036167237
11822,-7.455161036167237
11823,-7.455161036167237
11824,-7.455161036167237
11825,-7.455161036167237
11826,-7.455161036167237
11827,-7.455161036167237
11828,-7.455161036167237
11829,-7.455161036167237
11830,-7.455161036167237
11831,-7.455161036167237
11832,-7.455161036167237
11833,-7.455161036167237
11834,-7.455161036167237
11835,-7.455161036167237
11836,-7.455161036167237
11837,-7.455161036167237
11838,-7.455161036167237
11839,-7.455161036167237
11840,-7.455161036167237
11841,-7.455161036167237
11842,-7.455161036167237
11843,-7.455161036167237
11844,-7.455161036167237
11845,-7.455161036167237
11846,-7.455161036167237
11847,-7.455161036167237
11848,-7.455161036167237
11849,-7.455161036167237
11850,-7.455161036167237
11851,-7.455161036167237
11852,-7.455161036167237
11853,-7.455161036167237
11854,-7.455161036167237
11855,-7.455161036167237
11856,-7.455161036167237
11857,-7.455161036167237
11858,-7.455161036167237
11859,-7.455161036167237
11860,-7.455161036167237
11861,-7.455161036167237
11862,-7.455161036167237
11863,-7.455161036167237
11864,-7.455161036167237
11865,-7.455161036167237
11866,-7.455161036167237
11867,-7.455161036167237
11868,-7.455161036167237
11869,-7.455161036167237
11870,-7.455161036167237
11871,-7.455161036167237
11872,-7.455161036167237
11873,-7.455161036167237
11874,-7.455161036167237
11875,-7.455161036167237
11876,-7.455161036167237
11877,-7.455161036167237
11878,-7.455161036167237
11879,-7.455161036167237
11880,-7.455161036167237
11881,-7.455161036167237
11882,-7.455161036167237
11883,-7.455161036167237
11884,-7.455161036167237
11885,-7.455161036167237
11886,-7.455161036167237
11887,-7.455161036167237
11888,-7.455161036167237
11889,-7.455161036167237
11890,-7.455161036167237
11891,-7.455161036167237
11892,-7.455161036167237
11893,-7.455161036167237
11894,-7.455161036167237
11895,-7.455161036167237
11896,-7.455161036167237
11897,-7.455161036167237
11898,-7.455161036167237
11899,-7.455161036167237
11900,-7.455161036167237
11901,-7.455161036167237
11902,-7.455161036167237
11903,-7.455161036167237
11904,-7.455161036167237
11905,-7.455161036167237
11906,-7.455161036167237
11907,-7.455161036167237
11908,-7.455161036167237
11909,-7.455161036167237
11910,-7.455161036167237
11911,-7.455161036167237
11912,-7.455161036167237
11913,-7.455161036167237
11914,-7.455161036167237
11915,-7.455161036167237
11916,-7.455161036167237
11917,-7.455161036167237
11918,-7.455161036167237
11919,-7.455161036167237
11920,-7.455161036167237
11921,-7.455161036167237
11922,-7.455161036167237
11923,-7.455161036167237
11924,-7.455161036167237
11925,-7.455161036167237
11926,-7.455161036167237
11927,-7.455161036167237
11928,-7.455161036167237
11929,-7.455161036167237
11930,-7.455161036167237
11931,-7.455161036167237
11932,-7.455161036167237
11933,-7.455161036167237
11934,-7.455161036167237
11935,-7.455161036167237
11936,-7.455161036167237
11937,-7.455161036167237
11938,-7.455161036167237
11939,-7.455161036167237
11940,-7.455161036167237
11941,-7.455161036167237
11942,-7.455161036167237
11943,-7.455161036167237
11944,-7.455161036167237
11945,-7.455161036167237
11946,-7.455161036167237
11947,-7.455161036167237
11948,-7.455161036167237
11949,-7.455161036167237
11950,-7.455161036167237
11951,-7.455161036167237
11952,-7.455161036167237
11953,-7.455161036167237
11954,-7.455161036167237
11955,-7.455161036167237
11956,-7.455161036167237
11957,-7.455161036167237
11958,-7.455161036167237
11959,-7.455161036167237
11960,-7.455161036167237
11961,-7.455161036167237
11962,-7.455161036167237
11963,-7.455161036167237
11964,-7.455161036167237
11965,-7.455161036167237
11966,-7.455161036167237
11967,-7.455161036167237
11968,-7.455161036167237
11969,-7.455161036167237
11970,-7.455161036167237
11971,-7.455161036167237
11972,-7.455161036167237
11973,-7.455161036167237
11974,-7.455161036167237
11975,-7.455161036167237
11976,-7.455161036167237
11977,-7.455161036167237
11978,-7.455161036167237
11979,-7.455161036167237
11980,-7.455161036167237
11981,-7.455161036167237
11982,-7.455161036167237
11983,-7.455161036167237
11984,-7.455161036167237
11985,-7.455161036167237
11986,-7.455161036167237
11987,-7.455161036167237
11988,-7.455161036167237
11989,-7.455161036167237
11990,-7.455161036167237
11991,-7.455161036167237
11992,-7.455161036167237
11993,-7.455161036167237
11994,-7.455161036167237
11995,-7.455161036167237
11996,-7.455161036167237
11997,-7.455161036167237
11998,-7.455161036167237
11999,-7.455161036167237
12000,-7.455161036167237
12001,-7.455161036167237
12002,-7.455161036167237
12003,-7.455161036167237
12004,-7.455161036167237
12005,-7.455161036167237
12006,-7.455161036167237
12007,-7.455161036167237
12008,-7.455161036167237
12009,-7.455161036167237
12010,-7.455161036167237
12011,-7.455161036167237
12012,-7.455161036167237
12013,-7.455161036167237
12014,-7.455161036167237
12015,-7.455161036167237
12016,-7.455161036167237
12017,-7.455161036167237
12018,-7.455161036167237
12019,-7.455161036167237
12020,-7.455161036167237
12021,-7.455161036167237
12022,-7.455161036167237
12023,-7.455161036167237
12024,-7.455161036167237
12025,-7.455161036167237
12026,-7.455161036167237
12027,-7.455161036167237
12028,-7.455161036167237
12029,-7.455161036167237
12030,-7.455161036167237
12031,-7.455161036167237
12032,-7.455161036167237
12033,-7.455161036167237
12034,-7.455161036167237
12035,-7.455161036167237
12036,-7.455161036167237
12037,-7.455161036167237
12038,-7.455161036167237
12039,-7.455161036167237
12040,-7.455161036167237
12041,-7.455161036167237
12042,-7.455161036167237
12043,-7.455161036167237
12044,-7.455161036167237
12045,-7.455161036167237
12046,-7.455161036167237
12047,-7.455161036167237
12048,-7.455161036167237
12049,-7.455161036167237
12050,-7.455161036167237
12051,-7.455161036167237
12052,-7.455161036167237
12053,-7.455161036167237
12054,-7.455161036167237
12055,-7.455161036167237
12056,-7.455161036167237
12057,-7.455161036167237
12058,-7.455161036167237
12059,-7.455161036167237
12060,-7.455161036167237
12061,-7.455161036167237
12062,-7.455161036167237
12063,-7.455161036167237
12064,-7.455161036167237
12065,-7.455161036167237
12066,-7.455161036167237
12067,-7.455161036167237
12068,-7.455161036167237
12069,-7.455161036167237
12070,-7.455161036167237
12071,-7.455161036167237
12072,-7.455161036167237
12073,-7.455161036167237
12074,-7.455161036167237
12075,-7.455161036167237
12076,-7.455161036167237
12077,-7.455161036167237
12078,-7.455161036167237
12079,-7.455161036167237
12080,-7.455161036167237
12081,-7.455161036167237
12082,-7.455161036167237
12083,-7.455161036167237
12084,-7.455161036167237
12085,-7.455161036167237
12086,-7.455161036167237
12087,-7.455161036167237
12088,-7.455161036167237
12089,-7.455161036167237
12090,-7.455161036167237
12091,-7.455161036167237
12092,-7.455161036167237
12093,-7.455161036167237
12094,-7.455161036167237
12095,-7.455161036167237
12096,-7.455161036167237
12097,-7.455161036167237
12098,-7.455161036167237
12099,-7.455161036167237
12100,-7.455161036167237
12101,-7.455161036167237
12102,-7.455161036167237
12103,-7.455161036167237
12104,-7.455161036167237
12105,-7.455161036167237
12106,-7.455161036167237
12107,-7.455161036167237
12108,-7.455161036167237
12109,-7.455161036167237
12110,-7.455161036167237
12111,-7.455161036167237
12112,-7.455161036167237
12113,-7.455161036167237
12114,-7.455161036167237
12115,-7.455161036167237
12116,-7.455161036167237
12117,-7.455161036167237
12118,-7.455161036167237
12119,-7.455161036167237
12120,-7.455161036167237
12121,-7.455161036167237
12122,-7.455161036167237
12123,-7.455161036167237
12124,-7.455161036167237
12125,-7.455161036167237
12126,-7.455161036167237
12127,-7.455161036167237
12128,-7.455161036167237
12129,-7.455161036167237
12130,-7.455161036167237
12131,-7.455161036167237
12132,-7.455161036167237
12133,-7.455161036167237
12134,-7.455161036167237
12135,-7.455161036167237
12136,-7.455161036167237
12137,-7.455161036167237
12138,-7.455161036167237
12139,-7.455161036167237
12140,-7.455161036167237
12141,-7.455161036167237
12142,-7.455161036167237
12143,-7.455161036167237
12144,-7.455161036167237
12145,-7.455161036167237
12146,-7.455161036167237
12147,-7.455161036167237
12148,-7.455161036167237
12149,-7.455161036167237
12150,-7.455161036167237
12151,-7.455161036167237
12152,-7.455161036167237
12153,-7.455161036167237
12154,-7.455161036167237
12155,-7.455161036167237
12156,-7.455161036167237
12157,-7.455161036167237
12158,-7.455161036167237
12159,-7.455161036167237
12160,-7.455161036167237
12161,-7.455161036167237
12162,-7.455161036167237
12163,-7.455161036167237
12164,-7.455161036167237
12165,-7.455161036167237
12166,-7.455161036167237
12167,-7.455161036167237
12168,-7.455161036167237
12169,-7.455161036167237
12170,-7.455161036167237
12171,-7.455161036167237
12172,-7.455161036167237
12173,-7.455161036167237
12174,-7.455161036167237
12175,-7.455161036167237
12176,-7.455161036167237
12177,-7.455161036167237
12178,-7.455161036167237
12179,-7.455161036167237
12180,-7.455161036167237
12181,-7.455161036167237
12182,-7.455161036167237
12183,-7.455161036167237
12184,-7.455161036167237
12185,-7.455161036167237
12186,-7.455161036167237
12187,-7.455161036167237
12188,-7.455161036167237
12189,-7.455161036167237
12190,-7.455161036167237
12191,-7.455161036167237
12192,-7.455161036167237
12193,-7.455161036167237
12194,-7.455161036167237
12195,-7.455161036167237
12196,-7.455161036167237
12197,-7.455161036167237
12198,-7.455161036167237
12199,-7.455161036167237
12200,-7.455161036167237
12201,-7.455161036167237
12202,-7.455161036167237
12203,-7.455161036167237
12204,-7.455161036167237
12205,-7.455161036167237
12206,-7.455161036167237
12207,-7.455161036167237
12208,-7.455161036167237
12209,-7.455161036167237
12210,-7.455161036167237
12211,-7.455161036167237
12212,-7.455161036167237
12213,-7.455161036167237
12214,-7.455161036167237
12215,-7.455161036167237
12216,-7.455161036167237
12217,-7.455161036167237
12218,-7.455161036167237
12219,-7.455161036167237
12220,-7.455161036167237
12221,-7.455161036167237
12222,-7.455161036167237
12223,-7.455161036167237
12224,-7.455161036167237
12225,-7.455161036167237
12226,-7.455161036167237
12227,-7.455161036167237
12228,-7.455161036167237
12229,-7.455161036167237
12230,-7.455161036167237
12231,-7.455161036167237
12232,-7.455161036167237
12233,-7.455161036167237
12234,-7.455161036167237
12235,-7.455161036167237
12236,-7.455161036167237
12237,-7.455161036167237
12238,-7.455161036167237
12239,-7.455161036167237
12240,-7.455161036167237
12241,-7.455161036167237
12242,-7.455161036167237
12243,-7.455161036167237
12244,-7.455161036167237
12245,-7.455161036167237
12246,-7.455161036167237
12247,-7.455161036167237
12248,-7.455161036167237
12249,-7.455161036167237
12250,-7.455161036167237
12251,-7.455161036167237
12252,-7.455161036167237
12253,-7.455161036167237
12254,-7.455161036167237
12255,-7.455161036167237
12256,-7.455161036167237
12257,-7.455161036167237
12258,-7.455161036167237
12259,-7.455161036167237
12260,-7.455161036167237
12261,-7.455161036167237
12262,-7.455161036167237
12263,-7.455161036167237
12264,-7.455161036167237
12265,-7.455161036167237
12266,-7.455161036167237
12267,-7.455161036167237
12268,-7.455161036167237
12269,-7.455161036167237
12270,-7.455161036167237
12271,-7.455161036167237
12272,-7.455161036167237
12273,-7.455161036167237
12274,-7.455161036167237
12275,-7.455161036167237
12276,-7.455161036167237
12277,-7.455161036167237
12278,-7.455161036167237
12279,-7.455161036167237
12280,-7.455161036167237
12281,-7.455161036167237
12282,-7.455161036167237
12283,-7.455161036167237
12284,-7.455161036167237
12285,-7.455161036167237
12286,-7.455161036167237
12287,-7.455161036167237
12288,-7.455161036167237
12289,-7.455161036167237
12290,-7.455161036167237
12291,-7.455161036167237
12292,-7.455161036167237
12293,-7.455161036167237
12294,-7.455161036167237
12295,-7.455161036167237
12296,-7.455161036167237
12297,-7.455161036167237
12298,-7.455161036167237
12299,-7.455161036167237
12300,-7.455161036167237
12301,-7.455161036167237
12302,-7.455161036167237
12303,-7.455161036167237
12304,-7.455161036167237
12305,-7.455161036167237
12306,-7.455161036167237
12307,-7.455161036167237
12308,-7.455161036167237
12309,-7.455161036167237
12310,-7.455161036167237
12311,-7.455161036167237
12312,-7.455161036167237
12313,-7.455161036167237
12314,-7.455161036167237
12315,-7.455161036167237
12316,-7.455161036167237
12317,-7.455161036167237
12318,-7.455161036167237
12319,-7.455161036167237
12320,-7.455161036167237
12321,-7.455161036167237
12322,-7.455161036167237
12323,-7.455161036167237
12324,-7.455161036167237
12325,-7.455161036167237
12326,-7.455161036167237
12327,-7.455161036167237
12328,-7.455161036167237
12329,-7.455161036167237
12330,-7.455161036167237
12331,-7.455161036167237
12332,-7.455161036167237
12333,-7.455161036167237
12334,-7.455161036167237
12335,-7.455161036167237
12336,-7.455161036167237
12337,-7.455161036167237
12338,-7.455161036167237
12339,-7.455161036167237
12340,-7.455161036167237
12341,-7.455161036167237
12342,-7.455161036167237
12343,-7.455161036167237
12344,-7.455161036167237
12345,-7.455161036167237
12346,-7.455161036167237
12347,-7.455161036167237
12348,-7.455161036167237
12349,-7.455161036167237
12350,-7.455161036167237
12351,-7.455161036167237
12352,-7.455161036167237
12353,-7.455161036167237
12354,-7.455161036167237
12355,-7.455161036167237
12356,-7.455161036167237
12357,-7.455161036167237
12358,-7.455161036167237
12359,-7.455161036167237
12360,-7.455161036167237
12361,-7.455161036167237
12362,-7.455161036167237
12363,-7.455161036167237
12364,-7.455161036167237
12365,-7.455161036167237
12366,-7.455161036167237
12367,-7.455161036167237
12368,-7.455161036167237
12369,-7.455161036167237
12370,-7.455161036167237
12371,-7.455161036167237
12372,-7.455161036167237
12373,-7.455161036167237
12374,-7.455161036167237
12375,-7.455161036167237
12376,-7.455161036167237
12377,-7.455161036167237
12378,-7.455161036167237
12379,-7.455161036167237
12380,-7.455161036167237
12381,-7.455161036167237
12382,-7.455161036167237
12383,-7.455161036167237
12384,-7.455161036167237
12385,-7.455161036167237
12386,-7.455161036167237
12387,-7.455161036167237
12388,-7.455161036167237
12389,-7.455161036167237
12390,-7.455161036167237
12391,-25.03868043929546
12392,-25.03868043929546
12393,-25.03868043929546
12394,-25.03868043929546
12395,-25.03868043929546
12396,-25.03868043929546
12397,-25.03868043929546
12398,-25.03868043929546
12399,-25.03868043929546
12400,-25.03868043929546
12401,-25.03868043929546
12402,-25.03868043929546
12403,-25.03868043929546
12404,-25.03868043929546
12405,-25.03868043929546
12406,-25.03868043929546
12407,-25.03868043929546
12408,-25.03868043929546
12409,-25.03868043929546
12410,-25.03868043929546
12411,-25.03868043929546
12412,-25.03868043929546
12413,-25.03868043929546
12414,-25.03868043929546
12415,-25.03868043929546
12416,-25.03868043929546
12417,-25.03868043929546
12418,-25.03868043929546
12419,-25.03868043929546
12420,-25.03868043929546
12421,-25.03868043929546
12422,-25.03868043929546
12423,-25.03868043929546
12424,-25.03868043929546
12425,-25.03868043929546
12426,-25.03868043929546
12427,-25.03868043929546
12428,-25.03868043929546
12429,-25.03868043929546
12430,-25.03868043929546
12431,-25.03868043929546
12432,-25.03868043929546
12433,-25.03868043929546
12434,-25.03868043929546
12435,-25.03868043929546
12436,-25.03868043929546
12437,-25.03868043929546
12438,-25.03868043929546
12439,-25.03868043929546
12440,-25.03868043929546
12441,-25.03868043929546
12442,-25.03868043929546
12443,-25.03868043929546
12444,-25.03868043929546
12445,-25.03868043929546
12446,-25.03868043929546
12447,-25.03868043929546
12448,-25.03868043929546
12449,-25.03868043929546
12450,-25.03868043929546
12451,-25.03868043929546
12452,-25.03868043929546
12453,-25.03868043929546
12454,-25.03868043929546
12455,-25.03868043929546
12456,-25.03868043929546
12457,-25.03868043929546
12458,-25.03868043929546
12459,-25.03868043929546
12460,-25.03868043929546
12461,-25.03868043929546
12462,-25.03868043929546
12463,-25.03868043929546
12464,-25.03868043929546
12465,-25.03868043929546
12466,-25.03868043929546
12467,-25.03868043929546
12468,-25.03868043929546
12469,-25.03868043929546
12470,-25.03868043929546
12471,-25.03868043929546
12472,-25.03868043929546
12473,-25.03868043929546
12474,-25.03868043929546
12475,-25.03868043929546
12476,-25.03868043929546
12477,-25.03868043929546
12478,-25.03868043929546
12479,-25.03868043929546
12480,-25.03868043929546
12481,-25.03868043929546
12482,-25.03868043929546
12483,-25.03868043929546
12484,-25.03868043929546
12485,-25.03868043929546
12486,-25.03868043929546
12487,-25.03868043929546
12488,-25.03868043929546
12489,-25.03868043929546
12490,-25.03868043929546
12491,-25.03868043929546
12492,-25.03868043929546
12493,-25.03868043929546
12494,-25.03868043929546
12495,-25.03868043929546
12496,-25.03868043929546
12497,-25.03868043929546
12498,-25.03868043929546
12499,-25.03868043929546
12500,-25.03868043929546
12501,-25.03868043929546
12502,-25.03868043929546
12503,-25.03868043929546
12504,-25.03868043929546
12505,-25.03868043929546
12506,-25.03868043929546
12507,-25.03868043929546
12508,-25.03868043929546
12509,-25.03868043929546
12510,-25.03868043929546
12511,-25.03868043929546
12512,-25.03868043929546
12513,-25.03868043929546
12514,-25.03868043929546
12515,-25.03868043929546
12516,-25.03868043929546
12517,-25.03868043929546
12518,-25.03868043929546
12519,-25.03868043929546
12520,-25.03868043929546
12521,-25.03868043929546
12522,-25.03868043929546
12523,-25.03868043929546
12524,-25.03868043929546
12525,-25.03868043929546
12526,-25.03868043929546
12527,-25.03868043929546
12528,-25.03868043929546
12529,-25.03868043929546
12530,-25.03868043929546
12531,-25.03868043929546
12532,-25.03868043929546
12533,-25.03868043929546
12534,-25.03868043929546
12535,-25.03868043929546
12536,-25.03868043929546
12537,-25.03868043929546
12538,-25.03868043929546
12539,-25.03868043929546
12540,-25.03868043929546
12541,-25.03868043929546
12542,-25.03868043929546
12543,-25.03868043929546
12544,-25.03868043929546
12545,-25.03868043929546
12546,-25.03868043929546
12547,-25.03868043929546
12548,-25.03868043929546
12549,-25.03868043929546
12550,-25.03868043929546
12551,-25.03868043929546
12552,-25.03868043929546
12553,-25.03868043929546
12554,-25.03868043929546
12555,-25.03868043929546
12556,-25.03868043929546
12557,-25.03868043929546
12558,-25.03868043929546
12559,-25.03868043929546
12560,-25.03868043929546
12561,-25.03868043929546
12562,-25.03868043929546
12563,-25.03868043929546
12564,-25.03868043929546
12565,-25.03868043929546
12566,-25.03868043929546
12567,-25.03868043929546
12568,-25.03868043929546
12569,-25.03868043929546
12570,-25.03868043929546
12571,-25.03868043929546
12572,-25.03868043929546
12573,-25.03868043929546
12574,-25.03868043929546
12575,-25.03868043929546
12576,-25.03868043929546
12577,-25.03868043929546
12578,-25.03868043929546
12579,-25.03868043929546
12580,-25.03868043929546
12581,-25.03868043929546
12582,-25.03868043929546
12583,-25.03868043929546
12584,-25.03868043929546
12585,-25.03868043929546
12586,-25.03868043929546
12587,-25.03868043929546
12588,-25.03868043929546
12589,-25.03868043929546
12590,-25.03868043929546
12591,-25.03868043929546
12592,-25.03868043929546
12593,-25.03868043929546
12594,-25.03868043929546
12595,-25.03868043929546
12596,-25.03868043929546
12597,-25.03868043929546
12598,-25.03868043929546
12599,-25.03868043929546
12600,-25.03868043929546
12601,-25.03868043929546
12602,-25.03868043929546
12603,-25.03868043929546
12604,-25.03868043929546
12605,-25.03868043929546
12606,-25.03868043929546
12607,-25.03868043929546
12608,-25.03868043929546
12609,-25.03868043929546
12610,-25.03868043929546
12611,-25.03868043929546
12612,-25.03868043929546
12613,-25.03868043929546
12614,-25.03868043929546
12615,-25.03868043929546
12616,-25.03868043929546
12617,-25.03868043929546
12618,-25.03868043929546
12619,-25.03868043929546
12620,-25.03868043929546
12621,-25.03868043929546
12622,-25.03868043929546
12623,-25.03868043929546
12624,-25.03868043929546
12625,-25.03868043929546
12626,-25.03868043929546
12627,-25.03868043929546
12628,-25.03868043929546
12629,-25.03868043929546
12630,-25.03868043929546
12631,-25.03868043929546
12632,-25.03868043929546
12633,-25.03868043929546
12634,-25.03868043929546
12635,-25.03868043929546
12636,-25.03868043929546
12637,-25.03868043929546
12638,-25.03868043929546
12639,-25.03868043929546
12640,-25.03868043929546
12641,-25.03868043929546
12642,-25.03868043929546
12643,-25.03868043929546
12644,-25.03868043929546
12645,-25.03868043929546
12646,-25.03868043929546
12647,-25.03868043929546
12648,-25.03868043929546
12649,-25.03868043929546
12650,-25.03868043929546
12651,-25.03868043929546
12652,-25.03868043929546
12653,-25.03868043929546
12654,-25.03868043929546
12655,-25.03868043929546
12656,-25.03868043929546
12657,-25.03868043929546
12658,-25.03868043929546
12659,-25.03868043929546
12660,-25.03868043929546
12661,-25.03868043929546
12662,-25.03868043929546
12663,-25.03868043929546
12664,-25.03868043929546
12665,-25.03868043929546
12666,-25.03868043929546
12667,-25.03868043929546
12668,-25.03868043929546
12669,-25.03868043929546
12670,-25.03868043929546
12671,-25.03868043929546
12672,-25.03868043929546
12673,-25.03868043929546
12674,-25.03868043929546
12675,-25.03868043929546
12676,-25.03868043929546
12677,-25.03868043929546
12678,-25.03868043929546
12679,-25.03868043929546
12680,-25.03868043929546
12681,-25.03868043929546
12682,-25.03868043929546
12683,-25.03868043929546
12684,-25.03868043929546
12685,-25.03868043929546
12686,-25.03868043929546
12687,-25.03868043929546
12688,-25.03868043929546
12689,-25.03868043929546
12690,-25.03868043929546
12691,-25.03868043929546
12692,-25.03868043929546
12693,-25.03868043929546
12694,-25.03868043929546
12695,-25.03868043929546
12696,-25.03868043929546
12697,-25.03868043929546
12698,-25.03868043929546
12699,-25.03868043929546
12700,-25.03868043929546
12701,-25.03868043929546
12702,-25.03868043929546
12703,-25.03868043929546
12704,-25.03868043929546
12705,-25.03868043929546
12706,-25.03868043929546
12707,-25.03868043929546
12708,-25.03868043929546
12709,-25.03868043929546
12710,-25.03868043929546
12711,-25.03868043929546
12712,-25.03868043929546
12713,-25.03868043929546
12714,-25.03868043929546
12715,-25.03868043929546
12716,-25.03868043929546
12717,-25.03868043929546
12718,-25.03868043929546
12719,-25.03868043929546
12720,-25.03868043929546
12721,-25.03868043929546
12722,-25.03868043929546
12723,-25.03868043929546
12724,-25.03868043929546
12725,-25.03868043929546
12726,-25.03868043929546
12727,-25.03868043929546
12728,-25.03868043929546
12729,-25.03868043929546
12730,-25.03868043929546
12731,-25.03868043929546
12732,-25.03868043929546
12733,-25.03868043929546
12734,-25.03868043929546
12735,-25.03868043929546
12736,-25.03868043929546
12737,-25.03868043929546
12738,-25.03868043929546
12739,-25.03868043929546
12740,-25.03868043929546
12741,-25.03868043929546
12742,-25.03868043929546
12743,-25.03868043929546
12744,-25.03868043929546
12745,-25.03868043929546
12746,-25.03868043929546
12747,-25.03868043929546
12748,-25.03868043929546
12749,-25.03868043929546
12750,-25.03868043929546
12751,-25.03868043929546
12752,-25.03868043929546
12753,-25.03868043929546
12754,-25.03868043929546
12755,-25.03868043929546
12756,-25.03868043929546
12757,-25.03868043929546
12758,-25.03868043929546
12759,-25.03868043929546
12760,-25.03868043929546
12761,-25.03868043929546
12762,-25.03868043929546
12763,-25.03868043929546
12764,-25.03868043929546
12765,-25.03868043929546
12766,-25.03868043929546
12767,-25.03868043929546
12768,-25.03868043929546
12769,-25.03868043929546
12770,-25.03868043929546
12771,-25.03868043929546
12772,-25.03868043929546
12773,-25.03868043929546
12774,-25.03868043929546
12775,-25.03868043929546
12776,-25.03868043929546
12777,-25.03868043929546
12778,-25.03868043929546
12779,-25.03868043929546
12780,-25.03868043929546
12781,-25.03868043929546
12782,-25.03868043929546
12783,-25.03868043929546
12784,-25.03868043929546
12785,-25.03868043929546
12786,-25.03868043929546
12787,-25.03868043929546
12788,-25.03868043929546
12789,-25.03868043929546
12790,-25.03868043929546
12791,-25.03868043929546
12792,-25.03868043929546
12793,-25.03868043929546
12794,-25.03868043929546
12795,-25.03868043929546
12796,-25.03868043929546
12797,-25.03868043929546
12798,-25.03868043929546
12799,-25.03868043929546
12800,-25.03868043929546
12801,-6.6453936952337
12802,-6.6453936952337
12803,-6.6453936952337
12804,-6.6453936952337
12805,-6.6453936952337
12806,-6.6453936952337
12807,-6.6453936952337
12808,-6.6453936952337
12809,-6.6453936952337
12810,-6.6453936952337
12811,-6.6453936952337
12812,-6.6453936952337
12813,-6.6453936952337
12814,-6.6453936952337
12815,-6.6453936952337
12816,-6.6453936952337
12817,-6.6453936952337
12818,-6.6453936952337
12819,-6.6453936952337
12820,-6.6453936952337
12821,-6.6453936952337
12822,-6.6453936952337
12823,-6.6453936952337
12824,-6.6453936952337
12825,-6.6453936952337
12826,-6.6453936952337
12827,-6.6453936952337
12828,-6.6453936952337
12829,-6.6453936952337
12830,-6.6453936952337
12831,-6.6453936952337
12832,-6.6453936952337
12833,-6.6453936952337
12834,-6.6453936952337
12835,-6.6453936952337
12836,-6.6453936952337
12837,-6.6453936952337
12838,-6.6453936952337
12839,-6.6453936952337
12840,-6.6453936952337
12841,-6.6453936952337
12842,-6.6453936952337
12843,-6.6453936952337
12844,-6.6453936952337
12845,-6.6453936952337
12846,-6.6453936952337
12847,-6.6453936952337
12848,-6.6453936952337
12849,-6.6453936952337
12850,-6.6453936952337
12851,-6.6453936952337
12852,-6.6453936952337
12853,-6.6453936952337
12854,-6.6453936952337
12855,-6.6453936952337
12856,-6.6453936952337
12857,-6.6453936952337
12858,-6.6453936952337
12859,-6.6453936952337
12860,-6.6453936952337
12861,-6.6453936952337
12862,-6.6453936952337
12863,-6.6453936952337
12864,-6.6453936952337
12865,-6.6453936952337
12866,-6.6453936952337
12867,-6.6453936952337
12868,-6.6453936952337
12869,-6.6453936952337
12870,-6.6453936952337
12871,-6.6453936952337
12872,-6.6453936952337
12873,-6.6453936952337
12874,-6.6453936952337
12875,-6.6453936952337
12876,-6.6453936952337
12877,-6.6453936952337
12878,-6.6453936952337
12879,-6.6453936952337
12880,-6.6453936952337
12881,-6.6453936952337
12882,-6.6453936952337
12883,-6.6453936952337
12884,-6.6453936952337
12885,-6.6453936952337
12886,-6.6453936952337
12887,-6.6453936952337
12888,-6.6453936952337
12889,-6.6453936952337
12890,-6.6453936952337
12891,-6.6453936952337
12892,-6.6453936952337
12893,-6.6453936952337
12894,-6.6453936952337
12895,-6.6453936952337
12896,-6.6453936952337
12897,-6.6453936952337
12898,-6.6453936952337
12899,-6.6453936952337
12900,-6.6453936952337
12901,-6.6453936952337
12902,-6.6453936952337
12903,-6.6453936952337
12904,-6.6453936952337
12905,-6.6453936952337
12906,-6.6453936952337
12907,-6.6453936952337
12908,-6.6453936952337
12909,-6.6453936952337
12910,-6.6453936952337
12911,-6.6453936952337
12912,-6.6453936952337
12913,-6.6453936952337
12914,-6.6453936952337
12915,-6.6453936952337
12916,-6.6453936952337
12917,-6.6453936952337
12918,-6.6453936952337
12919,-6.6453936952337
12920,-6.6453936952337
12921,-6.6453936952337
12922,-6.6453936952337
12923,-6.6453936952337
12924,-6.6453936952337
12925,-6.6453936952337
12926,-6.6453936952337
12927,-6.6453936952337
12928,-6.6453936952337
12929,-6.6453936952337
12930,-6.6453936952337
12931,-6.6453936952337
12932,-6.6453936952337
12933,-6.6453936952337
12934,-6.6453936952337
12935,-6.6453936952337
12936,-6.6453936952337
12937,-6.6453936952337
12938,-6.6453936952337
12939,-6.6453936952337
12940,-6.6453936952337
12941,-6.6453936952337
12942,-6.6453936952337
12943,-6.6453936952337
12944,-6.6453936952337
12945,-6.6453936952337
12946,-6.6453936952337
12947,-6.6453936952337
12948,-6.6453936952337
12949,-6.6453936952337
12950,-6.6453936952337
12951,-6.6453936952337
12952,-6.6453936952337
12953,-6.6453936952337
12954,-6.6453936952337
12955,-6.6453936952337
12956,-6.6453936952337
12957,-6.6453936952337
12958,-6.6453936952337
12959,-6.6453936952337
12960,-6.6453936952337
12961,-6.6453936952337
12962,-6.6453936952337
12963,-6.6453936952337
12964,-6.6453936952337
12965,-6.6453936952337
12966,-6.6453936952337
12967,-6.6453936952337
12968,-6.6453936952337
12969,-6.6453936952337
12970,-6.6453936952337
12971,-6.6453936952337
12972,-6.6453936952337
12973,-6.6453936952337
12974,-6.6453936952337
12975,-6.6453936952337
12976,-6.6453936952337
12977,-6.6453936952337
12978,-6.6453936952337
12979,-6.6453936952337
12980,-6.6453936952337
12981,-6.6453936952337
12982,-6.6453936952337
12983,-6.6453936952337
12984,-6.6453936952337
12985,-6.6453936952337
12986,-6.6453936952337
12987,-6.6453936952337
12988,-6.6453936952337
12989,-6.6453936952337
12990,-6.6453936952337
12991,-6.6453936952337
12992,-6.6453936952337
12993,-6.6453936952337
12994,-6.6453936952337
12995,-6.6453936952337
12996,-6.6453936952337
12997,-6.6453936952337
12998,-6.6453936952337
12999,-6.6453936952337
13000,-6.6453936952337
13001,-6.6453936952337
13002,-6.6453936952337
13003,-6.6453936952337
13004,-6.6453936952337
13005,-6.6453936952337
13006,-6.6453936952337
13007,-6.6453936952337
13008,-6.6453936952337
13009,-6.6453936952337
13010,-6.6453936952337
13011,-6.6453936952337
13012,-6.6453936952337
13013,-6.6453936952337
13014,-6.6453936952337
13015,-6.6453936952337
13016,-6.6453936952337
13017,-6.6453936952337
13018,-6.6453936952337
13019,-6.6453936952337
13020,-6.6453936952337
13021,-6.6453936952337
13022,-6.6453936952337
13023,-6.6453936952337
13024,-6.6453936952337
13025,-6.6453936952337
13026,-6.6453936952337
13027,-6.6453936952337
13028,-6.6453936952337
13029,-6.6453936952337
13030,-6.6453936952337
13031,-6.6453936952337
13032,-6.6453936952337
13033,-6.6453936952337
13034,-6.6453936952337
13035,-6.6453936952337
13036,-6.6453936952337
13037,-6.6453936952337
13038,-6.6453936952337
13039,-6.6453936952337
13040,-6.6453936952337
13041,-6.6453936952337
13042,-6.6453936952337
13043,-6.6453936952337
13044,-6.6453936952337
13045,-6.6453936952337
13046,-6.6453936952337
13047,-6.6453936952337
13048,-6.6453936952337
13049,-6.6453936952337
13050,-6.6453936952337
13051,-6.6453936952337
13052,-6.6453936952337
13053,-6.6453936952337
13054,-6.6453936952337
13055,-6.6453936952337
13056,-6.6453936952337
13057,-6.6453936952337
13058,-6.6453936952337
13059,-6.6453936952337
13060,-6.6453936952337
13061,-6.6453936952337
13062,-6.6453936952337
13063,-6.6453936952337
13064,-6.6453936952337
13065,-6.6453936952337
13066,-6.6453936952337
13067,-6.6453936952337
13068,-6.6453936952337
13069,-6.6453936952337
13070,-6.6453936952337
13071,-6.6453936952337
13072,-6.6453936952337
13073,-6.6453936952337
13074,-6.6453936952337
13075,-6.6453936952337
13076,-6.6453936952337
13077,-6.6453936952337
13078,-6.6453936952337
13079,-6.6453936952337
13080,-6.6453936952337
13081,-6.6453936952337
13082,-6.6453936952337
13083,-6.6453936952337
13084,-6.6453936952337
13085,-6.6453936952337
13086,-6.6453936952337
13087,-6.6453936952337
13088,-6.6453936952337
13089,-6.6453936952337
13090,-6.6453936952337
13091,-6.6453936952337
13092,-6.6453936952337
13093,-6.6453936952337
13094,-6.6453936952337
13095,-6.6453936952337
13096,-6.6453936952337
13097,-6.6453936952337
13098,-6.6453936952337
13099,-6.6453936952337
13100,-6.6453936952337
13101,-6.6453936952337
13102,-6.6453936952337
13103,-6.6453936952337
13104,-6.6453936952337
13105,-6.6453936952337
13106,-6.6453936952337
13107,-6.6453936952337
13108,-6.6453936952337
13109,-6.6453936952337
13110,-6.6453936952337
13111,-6.6453936952337
13112,-6.6453936952337
13113,-6.6453936952337
13114,-6.6453936952337
13115,-6.6453936952337
13116,-6.6453936952337
13117,-6.6453936952337
13118,-6.6453936952337
13119,-6.6453936952337
13120,-6.6453936952337
13121,-6.6453936952337
13122,-6.6453936952337
13123,-6.6453936952337
13124,-6.6453936952337
13125,-6.6453936952337
13126,-6.6453936952337
13127,-6.6453936952337
13128,-6.6453936952337
13129,-6.6453936952337
13130,-6.6453936952337
13131,-6.6453936952337
13132,-6.6453936952337
13133,-6.6453936952337
13134,-6.6453936952337
13135,-6.6453936952337
13136,-6.6453936952337
13137,-6.6453936952337
13138,-6.6453936952337
13139,-6.6453936952337
13140,-6.6453936952337
13141,-6.6453936952337
13142,-6.6453936952337
13143,-6.6453936952337
13144,-6.6453936952337
13145,-6.6453936952337
13146,-6.6453936952337
13147,-6.6453936952337
13148,-6.6453936952337
13149,-6.6453936952337
13150,-6.6453936952337
13151,-6.6453936952337
13152,-6.6453936952337
13153,-6.6453936952337
13154,-6.6453936952337
13155,-6.6453936952337
13156,-6.6453936952337
13157,-6.6453936952337
13158,-6.6453936952337
13159,-6.6453936952337
13160,-6.6453936952337
13161,-6.6453936952337
13162,-6.6453936952337
13163,-6.6453936952337
13164,-6.6453936952337
13165,-6.6453936952337
13166,-6.6453936952337
13167,-6.6453936952337
13168,-6.6453936952337
13169,-6.6453936952337
13170,-6.6453936952337
13171,-6.6453936952337
13172,-6.6453936952337
13173,-6.6453936952337
13174,-6.6453936952337
13175,-6.6453936952337
13176,-6.6453936952337
13177,-6.6453936952337
13178,-6.6453936952337
13179,-6.6453936952337
13180,-6.6453936952337
13181,-6.6453936952337
13182,-6.6453936952337
13183,-6.6453936952337
13184,-6.6453936952337
13185,-6.6453936952337
13186,-6.6453936952337
13187,-6.6453936952337
13188,-6.6453936952337
13189,-6.6453936952337
13190,-6.6453936952337
13191,-6.6453936952337
13192,-6.6453936952337
13193,-6.6453936952337
13194,-6.6453936952337
13195,-6.6453936952337
13196,-6.6453936952337
13197,-6.6453936952337
13198,-6.6453936952337
13199,-6.6453936952337
13200,-6.6453936952337
13201,-6.6453936952337
13202,-6.6453936952337
13203,-6.6453936952337
13204,-6.6453936952337
13205,-6.6453936952337
13206,-6.6453936952337
13207,-6.6453936952337
13208,-6.6453936952337
13209,-6.6453936952337
13210,-6.6453936952337
13211,-6.6453936952337
13212,-6.6453936952337
13213,-6.6453936952337
13214,-6.6453936952337
13215,-6.6453936952337
13216,-6.6453936952337
13217,-6.6453936952337
13218,-6.6453936952337
13219,-6.6453936952337
13220,-6.6453936952337
13221,-6.6453936952337
13222,-6.6453936952337
13223,-6.6453936952337
13224,-6.6453936952337
13225,-6.6453936952337
13226,-6.6453936952337
13227,-6.6453936952337
13228,-6.6453936952337
13229,-6.6453936952337
13230,-6.6453936952337
13231,-6.6453936952337
13232,-6.6453936952337
13233,-6.6453936952337
13234,-6.6453936952337
13235,-6.6453936952337
13236,-6.6453936952337
13237,-6.6453936952337
13238,-6.6453936952337
13239,-6.6453936952337
13240,-6.6453936952337
13241,-6.6453936952337
13242,-6.6453936952337
13243,-6.6453936952337
13244,-6.6453936952337
13245,-6.6453936952337
13246,-6.6453936952337
13247,-6.6453936952337
13248,-6.6453936952337
13249,-6.6453936952337
13250,-6.6453936952337
13251,-6.6453936952337
13252,-6.6453936952337
13253,-6.6453936952337
13254,-6.6453936952337
13255,-6.6453936952337
13256,-6.6453936952337
13257,-6.6453936952337
13258,-6.6453936952337
13259,-6.6453936952337
13260,-6.6453936952337
13261,-6.6453936952337
13262,-6.6453936952337
13263,-6.6453936952337
13264,-6.6453936952337
13265,-6.6453936952337
13266,-6.6453936952337
13267,-6.6453936952337
13268,-6.6453936952337
13269,-6.6453936952337
13270,-6.6453936952337
13271,-6.6453936952337
13272,-6.6453936952337
13273,-6.6453936952337
13274,-6.6453936952337
13275,-6.6453936952337
13276,-6.6453936952337
13277,-6.6453936952337
13278,-6.6453936952337
13279,-6.6453936952337
13280,-6.6453936952337
13281,-6.6453936952337
13282,-6.6453936952337
13283,-6.6453936952337
13284,-6.6453936952337
13285,-6.6453936952337
13286,-6.6453936952337
13287,-6.6453936952337
13288,-6.6453936952337
13289,-6.6453936952337
13290,-6.6453936952337
13291,-6.6453936952337
13292,-6.6453936952337
13293,-6.6453936952337
13294,-6.6453936952337
13295,-6.6453936952337
13296,-6.6453936952337
13297,-6.6453936952337
13298,-6.6453936952337
13299,-6.6453936952337
13300,-6.6453936952337
13301,-6.6453936952337
13302,-6.6453936952337
13303,-6.6453936952337
13304,-6.6453936952337
13305,-6.6453936952337
13306,-6.6453936952337
13307,-6.6453936952337
13308,-6.6453936952337
13309,-6.6453936952337
13310,-6.6453936952337
13311,-6.6453936952337
13312,-6.6453936952337
13313,-6.6453936952337
13314,-6.6453936952337
13315,-6.6453936952337
13316,-6.6453936952337
13317,-6.6453936952337
13318,-6.6453936952337
13319,-6.6453936952337
13320,-6.6453936952337
13321,-6.6453936952337
13322,-6.6453936952337
13323,-6.6453936952337
13324,-6.6453936952337
13325,-6.6453936952337
13326,-6.6453936952337
13327,-6.6453936952337
13328,-6.6453936952337
13329,-6.6453936952337
13330,-6.6453936952337
13331,-6.6453936952337
13332,-6.6453936952337
13333,-6.6453936952337
13334,-6.6453936952337
13335,-6.6453936952337
13336,-6.6453936952337
13337,-6.6453936952337
13338,-6.6453936952337
13339,-6.6453936952337
13340,-6.6453936952337
13341,-6.6453936952337
13342,-6.6453936952337
13343,-6.6453936952337
13344,-6.6453936952337
13345,-6.6453936952337
13346,-6.6453936952337
13347,-6.6453936952337
13348,-6.6453936952337
13349,-6.6453936952337
13350,-6.6453936952337
13351,-6.6453936952337
13352,-6.6453936952337
13353,-6.6453936952337
13354,-6.6453936952337
13355,-6.6453936952337
13356,-6.6453936952337
13357,-6.6453936952337
13358,-6.6453936952337
13359,-6.6453936952337
13360,-6.6453936952337
13361,-6.6453936952337
13362,-6.6453936952337
13363,-6.6453936952337
13364,-6.6453936952337
13365,-6.6453936952337
13366,-6.6453936952337
13367,-6.6453936952337
13368,-6.6453936952337
13369,-6.6453936952337
13370,-6.6453936952337
13371,-6.6453936952337
13372,-6.6453936952337
13373,-6.6453936952337
13374,-6.6453936952337
13375,-6.6453936952337
13376,-6.6453936952337
13377,-6.6453936952337
13378,-6.6453936952337
13379,-6.6453936952337
13380,-6.6453936952337
13381,-6.6453936952337
13382,-6.6453936952337
13383,-6.6453936952337
13384,-6.6453936952337
13385,-6.6453936952337
13386,-6.6453936952337
13387,-6.6453936952337
13388,-6.6453936952337
13389,-6.6453936952337
13390,-6.6453936952337
13391,-6.6453936952337
13392,-6.6453936952337
13393,-6.6453936952337
13394,-6.6453936952337
13395,-6.6453936952337
13396,-6.6453936952337
13397,-6.6453936952337
13398,-6.6453936952337
13399,-6.6453936952337
13400,-6.6453936952337
13401,-6.6453936952337
13402,-6.6453936952337
13403,-6.6453936952337
13404,-6.6453936952337
13405,-6.6453936952337
13406,-6.6453936952337
13407,-6.6453936952337
13408,-6.6453936952337
13409,-6.6453936952337
13410,-6.6453936952337
13411,-6.6453936952337
13412,-6.6453936952337
13413,-6.6453936952337
13414,-6.6453936952337
13415,-6.6453936952337
13416,-6.6453936952337
13417,-6.6453936952337
13418,-6.6453936952337
13419,-6.6453936952337
13420,-6.6453936952337
13421,-6.6453936952337
13422,-6.6453936952337
13423,-6.6453936952337
13424,-6.6453936952337
13425,-6.6453936952337
13426,-6.6453936952337
13427,-6.6453936952337
13428,-6.6453936952337
13429,-6.6453936952337
13430,-6.6453936952337
13431,-6.6453936952337
13432,-6.6453936952337
13433,-6.6453936952337
13434,-6.6453936952337
13435,-6.6453936952337
13436,-6.6453936952337
13437,-6.6453936952337
13438,-6.6453936952337
13439,-6.6453936952337
13440,-6.6453936952337
13441,-6.6453936952337
13442,-6.6453936952337
13443,-6.6453936952337
13444,-6.6453936952337
13445,-6.6453936952337
13446,-6.6453936952337
13447,-6.6453936952337
13448,-6.6453936952337
13449,-6.6453936952337
13450,-6.6453936952337
13451,-6.6453936952337
13452,-6.6453936952337
13453,-6.6453936952337
13454,-6.6453936952337
13455,-6.6453936952337
13456,-6.6453936952337
13457,-6.6453936952337
13458,-6.6453936952337
13459,-6.6453936952337
13460,-6.6453936952337
13461,-6.6453936952337
13462,-6.6453936952337
13463,-6.6453936952337
13464,-6.6453936952337
13465,-6.6453936952337
13466,-6.6453936952337
13467,-6.6453936952337
13468,-6.6453936952337
13469,-6.6453936952337
13470,-6.6453936952337
13471,-6.6453936952337
13472,-6.6453936952337
13473,-6.6453936952337
13474,-6.6453936952337
13475,-6.6453936952337
13476,-6.6453936952337
13477,-6.6453936952337
13478,-6.6453936952337
13479,-6.6453936952337
13480,-6.6453936952337
13481,-6.6453936952337
13482,-6.6453936952337
13483,-6.6453936952337
13484,-6.6453936952337
13485,-6.6453936952337
13486,-6.6453936952337
13487,-6.6453936952337
13488,-6.6453936952337
13489,-6.6453936952337
13490,-6.6453936952337
13491,-6.6453936952337
13492,-6.6453936952337
13493,-6.6453936952337
13494,-6.6453936952337
13495,-6.6453936952337
13496,-6.6453936952337
13497,-6.6453936952337
13498,-6.6453936952337
13499,-6.6453936952337
13500,-6.6453936952337
13501,-6.6453936952337
13502,-6.6453936952337
13503,-6.6453936952337
13504,-6.6453936952337
13505,-6.6453936952337
13506,-6.6453936952337
13507,-6.6453936952337
13508,-6.6453936952337
13509,-6.6453936952337
13510,-6.6453936952337
13511,-6.6453936952337
13512,-6.6453936952337
13513,-6.6453936952337
13514,-6.6453936952337
13515,-6.6453936952337
13516,-6.6453936952337
13517,-6.6453936952337
13518,-6.6453936952337
13519,-6.6453936952337
13520,-6.6453936952337
13521,-6.6453936952337
13522,-6.6453936952337
13523,-6.6453936952337
13524,-6.6453936952337
13525,-6.6453936952337
13526,-6.6453936952337
13527,-6.6453936952337
13528,-6.6453936952337
13529,-6.6453936952337
13530,-6.6453936952337
13531,-6.6453936952337
13532,-6.6453936952337
13533,-6.6453936952337
13534,-6.6453936952337
13535,-6.6453936952337
13536,-6.6453936952337
13537,-6.6453936952337
13538,-6.6453936952337
13539,-6.6453936952337
13540,-6.6453936952337
13541,-6.6453936952337
13542,-6.6453936952337
13543,-6.6453936952337
13544,-6.6453936952337
13545,-6.6453936952337
13546,-6.6453936952337
13547,-6.6453936952337
13548,-6.6453936952337
13549,-6.6453936952337
13550,-6.6453936952337
13551,-6.6453936952337
13552,-6.6453936952337
13553,-6.6453936952337
13554,-6.6453936952337
13555,-6.6453936952337
13556,-6.6453936952337
13557,-6.6453936952337
13558,-6.6453936952337
13559,-6.6453936952337
13560,-6.6453936952337
13561,-6.6453936952337
13562,-6.6453936952337
13563,-6.6453936952337
13564,-6.6453936952337
13565,-6.6453936952337
13566,-6.6453936952337
13567,-6.6453936952337
13568,-6.6453936952337
13569,-6.6453936952337
13570,-6.6453936952337
13571,-6.6453936952337
13572,-6.6453936952337
13573,-6.6453936952337
13574,-6.6453936952337
13575,-6.6453936952337
13576,-6.6453936952337
13577,-6.6453936952337
13578,-6.6453936952337
13579,-6.6453936952337
13580,-6.6453936952337
13581,-6.6453936952337
13582,-6.6453936952337
13583,-6.6453936952337
13584,-6.6453936952337
13585,-6.6453936952337
13586,-6.6453936952337
13587,-6.6453936952337
13588,-6.6453936952337
13589,-6.6453936952337
13590,-6.6453936952337
13591,-6.6453936952337
13592,-6.6453936952337
13593,-6.6453936952337
13594,-6.6453936952337
13595,-6.6453936952337
13596,-6.6453936952337
13597,-6.6453936952337
13598,-6.6453936952337
13599,-6.6453936952337
13600,-6.6453936952337
13601,-6.6453936952337
13602,-6.6453936952337
13603,-6.6453936952337
13604,-6.6453936952337
13605,-6.6453936952337
13606,-6.6453936952337
13607,-6.6453936952337
13608,-6.6453936952337
13609,-6.6453936952337
13610,-6.6453936952337
13611,-6.6453936952337
13612,-6.6453936952337
13613,-6.6453936952337
13614,-6.6453936952337
13615,-6.6453936952337
13616,-6.6453936952337
13617,-6.6453936952337
13618,-6.6453936952337
13619,-6.6453936952337
13620,-6.6453936952337
13621,-6.6453936952337
13622,-6.6453936952337
13623,-6.6453936952337
13624,-6.6453936952337
13625,-6.6453936952337
13626,-6.6453936952337
13627,-6.6453936952337
13628,-6.6453936952337
13629,-6.6453936952337
13630,-6.6453936952337
13631,-6.6453936952337
13632,-6.6453936952337
13633,-6.6453936952337
13634,-6.6453936952337
13635,-6.6453936952337
13636,-6.6453936952337
13637,-6.6453936952337
13638,-6.6453936952337
13639,-6.6453936952337
13640,-6.6453936952337
13641,-6.6453936952337
13642,-6.6453936952337
13643,-6.6453936952337
13644,-6.6453936952337
13645,-6.6453936952337
13646,-6.6453936952337
13647,-6.6453936952337
13648,-6.6453936952337
13649,-6.6453936952337
13650,-6.6453936952337
13651,-6.6453936952337
13652,-6.6453936952337
13653,-6.6453936952337
13654,-6.6453936952337
13655,-6.6453936952337
13656,-6.6453936952337
13657,-6.6453936952337
13658,-6.6453936952337
13659,-6.6453936952337
13660,-6.6453936952337
13661,-6.6453936952337
13662,-6.6453936952337
13663,-6.6453936952337
13664,-6.6453936952337
13665,-6.6453936952337
13666,-6.6453936952337
13667,-6.6453936952337
13668,-6.6453936952337
13669,-6.6453936952337
13670,-6.6453936952337
13671,-6.6453936952337
13672,-6.6453936952337
13673,9.318591026027452
13674,9.318591026027452
13675,9.318591026027452
13676,9.318591026027452
13677,9.318591026027452
13678,9.318591026027452
13679,9.318591026027452
13680,9.318591026027452
13681,9.318591026027452
13682,9.318591026027452
13683,9.318591026027452
13684,9.318591026027452
13685,9.318591026027452
13686,9.318591026027452
13687,9.318591026027452
13688,9.318591026027452
13689,9.318591026027452
13690,9.318591026027452
13691,9.318591026027452
13692,9.318591026027452
13693,9.318591026027452
13694,9.318591026027452
13695,9.318591026027452
13696,9.318591026027452
13697,9.318591026027452
13698,9.318591026027452
13699,9.318591026027452
13700,9.318591026027452
13701,9.318591026027452
13702,9.318591026027452
13703,9.318591026027452
13704,9.318591026027452
13705,9.318591026027452
13706,9.318591026027452
13707,9.318591026027452
13708,9.318591026027452
13709,9.318591026027452
13710,9.318591026027452
13711,9.318591026027452
13712,9.318591026027452
13713,9.318591026027452
13714,9.318591026027452
13715,9.318591026027452
13716,9.318591026027452
13717,9.318591026027452
13718,9.318591026027452
13719,9.318591026027452
13720,9.318591026027452
13721,9.318591026027452
13722,9.318591026027452
13723,9.318591026027452
13724,9.318591026027452
13725,9.318591026027452
13726,9.318591026027452
13727,9.318591026027452
13728,9.318591026027452
13729,9.318591026027452
13730,9.318591026027452
13731,9.318591026027452
13732,9.318591026027452
13733,9.318591026027452
13734,9.318591026027452
13735,9.318591026027452
13736,9.318591026027452
13737,9.318591026027452
13738,9.318591026027452
13739,9.318591026027452
13740,9.318591026027452
13741,9.318591026027452
13742,9.318591026027452
13743,9.318591026027452
13744,9.318591026027452
13745,9.318591026027452
13746,9.318591026027452
13747,9.318591026027452
13748,9.318591026027452
13749,9.318591026027452
13750,9.318591026027452
13751,9.318591026027452
13752,9.318591026027452
13753,9.318591026027452
13754,9.318591026027452
13755,9.318591026027452
13756,9.318591026027452
13757,9.318591026027452
13758,9.318591026027452
13759,9.318591026027452
13760,9.318591026027452
13761,9.318591026027452
13762,9.318591026027452
13763,9.318591026027452
13764,9.318591026027452
13765,9.318591026027452
13766,9.318591026027452
13767,9.318591026027452
13768,9.318591026027452
13769,9.318591026027452
13770,9.318591026027452
13771,9.318591026027452
13772,9.318591026027452
13773,9.318591026027452
13774,9.318591026027452
13775,9.318591026027452
13776,9.318591026027452
13777,9.318591026027452
13778,9.318591026027452
13779,9.318591026027452
13780,9.318591026027452
13781,9.318591026027452
13782,9.318591026027452
13783,9.318591026027452
13784,9.318591026027452
13785,9.318591026027452
13786,9.318591026027452
13787,9.318591026027452
13788,9.318591026027452
13789,9.318591026027452
13790,9.318591026027452
13791,9.318591026027452
13792,9.318591026027452
13793,9.318591026027452
13794,9.318591026027452
13795,9.318591026027452
13796,9.318591026027452
13797,9.318591026027452
13798,9.318591026027452
13799,9.318591026027452
13800,9.318591026027452
13801,9.318591026027452
13802,9.318591026027452
13803,9.318591026027452
13804,9.318591026027452
13805,9.318591026027452
13806,9.318591026027452
13807,9.318591026027452
13808,9.318591026027452
13809,9.318591026027452
13810,9.318591026027452
13811,9.318591026027452
13812,9.318591026027452
13813,9.318591026027452
13814,9.318591026027452
13815,9.318591026027452
13816,9.318591026027452
13817,9.318591026027452
13818,9.318591026027452
13819,9.318591026027452
13820,9.318591026027452
13821,9.318591026027452
13822,9.318591026027452
13823,9.318591026027452
13824,9.318591026027452
13825,9.318591026027452
13826,9.318591026027452
13827,9.318591026027452
13828,9.318591026027452
13829,9.318591026027452
13830,9.318591026027452
13831,9.318591026027452
13832,9.318591026027452
13833,9.318591026027452
13834,9.318591026027452
13835,9.318591026027452
13836,9.318591026027452
13837,9.318591026027452
13838,9.318591026027452
13839,9.318591026027452
13840,9.318591026027452
13841,9.318591026027452
13842,9.318591026027452
13843,9.318591026027452
13844,9.318591026027452
13845,9.318591026027452
13846,9.318591026027452
13847,9.318591026027452
13848,9.318591026027452
13849,9.318591026027452
13850,9.318591026027452
13851,9.318591026027452
13852,9.318591026027452
13853,9.318591026027452
13854,9.318591026027452
13855,9.318591026027452
13856,9.318591026027452
13857,9.318591026027452
13858,9.318591026027452
13859,9.318591026027452
13860,9.318591026027452
13861,9.318591026027452
13862,9.318591026027452
13863,9.318591026027452
13864,9.318591026027452
13865,9.318591026027452
13866,9.318591026027452
13867,9.318591026027452
13868,9.318591026027452
13869,9.318591026027452
13870,9.318591026027452
13871,9.318591026027452
13872,9.318591026027452
13873,9.318591026027452
13874,9.318591026027452
13875,9.318591026027452
13876,9.318591026027452
13877,9.318591026027452
13878,9.318591026027452
13879,9.318591026027452
13880,9.318591026027452
13881,9.318591026027452
13882,9.318591026027452
13883,9.318591026027452
13884,9.318591026027452
13885,9.318591026027452
13886,9.318591026027452
13887,9.318591026027452
13888,9.318591026027452
13889,9.318591026027452
13890,9.318591026027452
13891,9.318591026027452
13892,9.318591026027452
13893,9.318591026027452
13894,9.318591026027452
13895,9.318591026027452
13896,9.318591026027452
13897,9.318591026027452
13898,9.318591026027452
13899,9.318591026027452
13900,9.318591026027452
13901,9.318591026027452
13902,9.318591026027452
13903,9.318591026027452
13904,9.318591026027452
13905,9.318591026027452
13906,9.318591026027452
13907,9.318591026027452
13908,9.318591026027452
13909,9.318591026027452
13910,9.318591026027452
13911,9.318591026027452
13912,9.318591026027452
13913,9.318591026027452
13914,9.318591026027452
13915,9.318591026027452
13916,9.318591026027452
13917,9.318591026027452
13918,9.318591026027452
13919,9.318591026027452
13920,9.318591026027452
13921,9.318591026027452
13922,9.318591026027452
13923,9.318591026027452
13924,9.318591026027452
13925,9.318591026027452
13926,9.318591026027452
13927,9.318591026027452
13928,9.318591026027452
13929,9.318591026027452
13930,9.318591026027452
13931,9.318591026027452
13932,9.318591026027452
13933,9.318591026027452
13934,9.318591026027452
13935,9.318591026027452
13936,9.318591026027452
13937,9.318591026027452
13938,9.318591026027452
13939,9.318591026027452
13940,9.318591026027452
13941,9.318591026027452
13942,9.318591026027452
13943,9.318591026027452
13944,9.318591026027452
13945,9.318591026027452
13946,9.318591026027452
13947,9.318591026027452
13948,9.318591026027452
13949,9.318591026027452
13950,9.318591026027452
13951,9.318591026027452
13952,9.318591026027452
13953,9.318591026027452
13954,9.318591026027452
13955,9.318591026027452
13956,9.318591026027452
13957,9.318591026027452
13958,9.318591026027452
13959,9.318591026027452
13960,9.318591026027452
13961,9.318591026027452
13962,9.318591026027452
13963,9.318591026027452
13964,9.318591026027452
13965,9.318591026027452
13966,9.318591026027452
13967,9.318591026027452
13968,9.318591026027452
13969,9.318591026027452
13970,9.318591026027452
13971,9.318591026027452
13972,9.318591026027452
13973,9.318591026027452
13974,9.318591026027452
13975,9.318591026027452
13976,9.318591026027452
13977,9.318591026027452
13978,9.318591026027452
13979,9.318591026027452
13980,9.318591026027452
13981,9.318591026027452
13982,9.318591026027452
13983,9.318591026027452
13984,9.318591026027452
13985,9.318591026027452
13986,9.318591026027452
13987,9.318591026027452
13988,9.318591026027452
13989,9.318591026027452
13990,9.318591026027452
13991,9.318591026027452
13992,9.318591026027452
13993,9.318591026027452
13994,9.318591026027452
13995,9.318591026027452
13996,9.318591026027452
13997,9.318591026027452
13998,9.318591026027452
13999,9.318591026027452
14000,9.318591026027452
14001,9.318591026027452
14002,9.318591026027452
14003,9.318591026027452
14004,9.318591026027452
14005,9.318591026027452
14006,9.318591026027452
14007,9.318591026027452
14008,9.318591026027452
14009,9.318591026027452
14010,9.318591026027452
14011,9.318591026027452
14012,9.318591026027452
14013,9.318591026027452
14014,9.318591026027452
14015,9.318591026027452
14016,9.318591026027452
14017,9.318591026027452
14018,9.318591026027452
14019,9.318591026027452
14020,9.318591026027452
14021,9.318591026027452
14022,9.318591026027452
14023,9.318591026027452
14024,9.318591026027452
14025,9.318591026027452
14026,9.318591026027452
14027,9.318591026027452
14028,9.318591026027452
14029,9.318591026027452
14030,9.318591026027452
14031,9.318591026027452
14032,9.318591026027452
14033,9.318591026027452
14034,9.318591026027452
14035,9.318591026027452
14036,9.318591026027452
14037,9.318591026027452
14038,9.318591026027452
14039,9.318591026027452
14040,9.318591026027452
14041,9.318591026027452
14042,9.318591026027452
14043,9.318591026027452
14044,9.318591026027452
14045,9.318591026027452
14046,9.318591026027452
14047,9.318591026027452
14048,9.318591026027452
14049,9.318591026027452
14050,9.318591026027452
14051,9.318591026027452
14052,9.318591026027452
14053,9.318591026027452
14054,9.318591026027452
14055,9.318591026027452
14056,9.318591026027452
14057,9.318591026027452
14058,9.318591026027452
14059,9.318591026027452
14060,9.318591026027452
14061,9.318591026027452
14062,9.318591026027452
14063,9.318591026027452
14064,9.318591026027452
14065,9.318591026027452
14066,9.318591026027452
14067,9.318591026027452
14068,9.318591026027452
14069,9.318591026027452
14070,9.318591026027452
14071,9.318591026027452
14072,9.318591026027452
14073,9.318591026027452
14074,9.318591026027452
14075,9.318591026027452
14076,9.318591026027452
14077,9.318591026027452
14078,9.318591026027452
14079,9.318591026027452
14080,9.318591026027452
14081,9.318591026027452
14082,9.318591026027452
14083,9.318591026027452
14084,9.318591026027452
14085,9.318591026027452
14086,9.318591026027452
14087,9.318591026027452
14088,9.318591026027452
14089,9.318591026027452
14090,9.318591026027452
14091,9.318591026027452
14092,9.318591026027452
14093,9.318591026027452
14094,9.318591026027452
14095,9.318591026027452
14096,9.318591026027452
14097,9.318591026027452
14098,9.318591026027452
14099,9.318591026027452
14100,9.318591026027452
14101,9.318591026027452
14102,9.318591026027452
14103,9.318591026027452
14104,9.318591026027452
14105,9.318591026027452
14106,9.318591026027452
14107,9.318591026027452
14108,9.318591026027452
14109,9.318591026027452
14110,9.318591026027452
14111,9.318591026027452
14112,9.318591026027452
14113,9.318591026027452
14114,9.318591026027452
14115,9.318591026027452
14116,9.318591026027452
14117,9.318591026027452
14118,9.318591026027452
14119,9.318591026027452
14120,9.318591026027452
14121,9.318591026027452
14122,9.318591026027452
14123,9.318591026027452
14124,9.318591026027452
14125,9.318591026027452
14126,9.318591026027452
14127,9.318591026027452
14128,9.318591026027452
14129,9.318591026027452
14130,9.318591026027452
14131,9.318591026027452
14132,9.318591026027452
14133,9.318591026027452
14134,9.318591026027452
14135,9.318591026027452
14136,9.318591026027452
14137,9.318591026027452
14138,9.318591026027452
14139,9.318591026027452
14140,9.318591026027452
14141,9.318591026027452
14142,9.318591026027452
14143,9.318591026027452
14144,9.318591026027452
14145,9.318591026027452
14146,9.318591026027452
14147,9.318591026027452
14148,9.318591026027452
14149,9.318591026027452
14150,9.318591026027452
14151,9.318591026027452
14152,9.318591026027452
14153,9.318591026027452
14154,9.318591026027452
14155,9.318591026027452
14156,9.318591026027452
14157,9.318591026027452
14158,9.318591026027452
14159,9.318591026027452
14160,9.318591026027452
14161,9.318591026027452
14162,9.318591026027452
14163,9.318591026027452
14164,9.318591026027452
14165,9.318591026027452
14166,9.318591026027452
14167,9.318591026027452
14168,9.318591026027452
14169,9.318591026027452
14170,9.318591026027452
14171,9.318591026027452
14172,9.318591026027452
14173,9.318591026027452
14174,9.318591026027452
14175,9.318591026027452
14176,9.318591026027452
14177,9.318591026027452
14178,9.318591026027452
14179,9.318591026027452
14180,9.318591026027452
14181,9.318591026027452
14182,9.318591026027452
14183,9.318591026027452
14184,9.318591026027452
14185,9.318591026027452
14186,9.318591026027452
14187,9.318591026027452
14188,9.318591026027452
14189,9.318591026027452
14190,9.318591026027452
14191,9.318591026027452
14192,9.318591026027452
14193,9.318591026027452
14194,9.318591026027452
14195,9.318591026027452
14196,9.318591026027452
14197,9.318591026027452
14198,9.318591026027452
14199,9.318591026027452
14200,9.318591026027452
14201,9.318591026027452
14202,9.318591026027452
14203,9.318591026027452
14204,9.318591026027452
14205,9.318591026027452
14206,9.318591026027452
14207,9.318591026027452
14208,9.318591026027452
14209,9.318591026027452
14210,9.318591026027452
14211,9.318591026027452
14212,9.318591026027452
14213,9.318591026027452
14214,9.318591026027452
14215,9.318591026027452
14216,9.318591026027452
14217,9.318591026027452
14218,9.318591026027452
14219,9.318591026027452
14220,9.318591026027452
14221,9.318591026027452
14222,9.318591026027452
14223,9.318591026027452
14224,9.318591026027452
14225,9.318591026027452
14226,9.318591026027452
14227,9.318591026027452
14228,9.318591026027452
14229,9.318591026027452
14230,9.318591026027452
14231,9.318591026027452
14232,9.318591026027452
14233,9.318591026027452
14234,9.318591026027452
14235,9.318591026027452
14236,9.318591026027452
14237,9.318591026027452
14238,9.318591026027452
14239,9.318591026027452
14240,9.318591026027452
14241,9.318591026027452
14242,9.318591026027452
14243,9.318591026027452
14244,9.318591026027452
14245,9.318591026027452
14246,9.318591026027452
14247,9.318591026027452
14248,9.318591026027452
14249,9.318591026027452
14250,9.318591026027452
14251,9.318591026027452
14252,9.318591026027452
14253,9.318591026027452
14254,9.318591026027452
14255,9.318591026027452
14256,9.318591026027452
14257,9.318591026027452
14258,9.318591026027452
14259,9.318591026027452
14260,9.318591026027452
14261,9.318591026027452
14262,9.318591026027452
14263,9.318591026027452
14264,9.318591026027452
14265,9.318591026027452
14266,9.318591026027452
14267,9.318591026027452
14268,9.318591026027452
14269,9.318591026027452
14270,9.318591026027452
14271,9.318591026027452
14272,9.318591026027452
14273,9.318591026027452
14274,9.318591026027452
14275,9.318591026027452
14276,9.318591026027452
14277,9.318591026027452
14278,9.318591026027452
14279,9.318591026027452
14280,9.318591026027452
14281,9.318591026027452
14282,9.318591026027452
14283,9.318591026027452
14284,9.318591026027452
14285,9.318591026027452
14286,9.318591026027452
14287,9.318591026027452
14288,9.318591026027452
14289,9.318591026027452
14290,9.318591026027452
14291,9.318591026027452
14292,9.318591026027452
14293,9.318591026027452
14294,9.318591026027452
14295,9.318591026027452
14296,9.318591026027452
14297,9.318591026027452
14298,9.318591026027452
14299,9.318591026027452
14300,9.318591026027452
14301,9.318591026027452
14302,9.318591026027452
14303,9.318591026027452
14304,9.318591026027452
14305,9.318591026027452
14306,9.318591026027452
14307,9.318591026027452
14308,9.318591026027452
14309,9.318591026027452
14310,9.318591026027452
14311,9.318591026027452
14312,9.318591026027452
14313,9.318591026027452
14314,9.318591026027452
14315,9.318591026027452
14316,9.318591026027452
14317,9.318591026027452
14318,9.318591026027452
14319,9.318591026027452
14320,9.318591026027452
14321,9.318591026027452
14322,9.318591026027452
14323,9.318591026027452
14324,9.318591026027452
14325,9.318591026027452
14326,9.318591026027452
14327,9.318591026027452
14328,9.318591026027452
14329,9.318591026027452
14330,9.318591026027452
14331,9.318591026027452
14332,9.318591026027452
14333,9.318591026027452
14334,9.318591026027452
14335,9.318591026027452
14336,9.318591026027452
14337,9.318591026027452
14338,9.318591026027452
14339,9.318591026027452
14340,9.318591026027452
14341,9.318591026027452
14342,9.318591026027452
14343,9.318591026027452
14344,9.318591026027452
14345,9.318591026027452
14346,9.318591026027452
14347,9.318591026027452
14348,9.318591026027452
14349,9.318591026027452
14350,9.318591026027452
14351,9.318591026027452
14352,9.318591026027452
14353,9.318591026027452
14354,9.318591026027452
14355,9.318591026027452
14356,9.318591026027452
14357,9.318591026027452
14358,9.318591026027452
14359,9.318591026027452
14360,9.318591026027452
14361,9.318591026027452
14362,9.318591026027452
14363,9.318591026027452
14364,9.318591026027452
14365,9.318591026027452
14366,9.318591026027452
14367,9.318591026027452
14368,9.318591026027452
14369,9.318591026027452
14370,9.318591026027452
14371,9.318591026027452
14372,9.318591026027452
14373,9.318591026027452
14374,9.318591026027452
14375,9.318591026027452
14376,9.318591026027452
14377,9.318591026027452
14378,9.318591026027452
14379,9.318591026027452
14380,9.318591026027452
14381,9.318591026027452
14382,9.318591026027452
14383,9.318591026027452
14384,9.318591026027452
14385,9.318591026027452
14386,9.318591026027452
14387,9.318591026027452
14388,9.318591026027452
14389,9.318591026027452
14390,9.318591026027452
14391,9.318591026027452
14392,9.318591026027452
14393,9.318591026027452
14394,9.318591026027452
14395,9.318591026027452
14396,9.318591026027452
14397,9.318591026027452
14398,9.318591026027452
14399,9.318591026027452
14400,9.318591026027452
14401,9.318591026027452
14402,9.318591026027452
14403,9.318591026027452
14404,9.318591026027452
14405,9.318591026027452
14406,9.318591026027452
14407,9.318591026027452
14408,9.318591026027452
14409,9.318591026027452
14410,9.318591026027452
14411,9.318591026027452
14412,9.318591026027452
14413,9.318591026027452
14414,9.318591026027452
14415,9.318591026027452
14416,9.318591026027452
14417,9.318591026027452
14418,9.318591026027452
14419,9.318591026027452
14420,9.318591026027452
14421,9.318591026027452
14422,9.318591026027452
14423,9.318591026027452
14424,9.318591026027452
14425,9.318591026027452
14426,9.318591026027452
14427,9.318591026027452
14428,9.318591026027452
14429,9.318591026027452
14430,9.318591026027452
14431,9.318591026027452
14432,9.318591026027452
14433,9.318591026027452
14434,9.318591026027452
14435,9.318591026027452
14436,9.318591026027452
14437,9.318591026027452
14438,9.318591026027452
14439,9.318591026027452
14440,9.318591026027452
14441,9.318591026027452
14442,9.318591026027452
14443,9.318591026027452
14444,9.318591026027452
14445,9.318591026027452
14446,9.318591026027452
14447,9.318591026027452
14448,9.318591026027452
14449,9.318591026027452
14450,9.318591026027452
14451,9.318591026027452
14452,9.318591026027452
14453,9.318591026027452
14454,9.318591026027452
14455,9.318591026027452
14456,9.318591026027452
14457,9.318591026027452
14458,9.318591026027452
14459,9.318591026027452
14460,9.318591026027452
14461,9.318591026027452
14462,9.318591026027452
14463,9.318591026027452
14464,9.318591026027452
14465,9.318591026027452
14466,9.318591026027452
14467,9.318591026027452
14468,9.318591026027452
14469,9.318591026027452
14470,9.318591026027452
14471,9.318591026027452
14472,9.318591026027452
14473,9.318591026027452
14474,9.318591026027452
14475,9.318591026027452
14476,9.318591026027452
14477,9.318591026027452
14478,9.318591026027452
14479,9.318591026027452
14480,9.318591026027452
14481,9.318591026027452
14482,9.318591026027452
14483,9.318591026027452
14484,9.318591026027452
14485,9.318591026027452
14486,9.318591026027452
14487,9.318591026027452
14488,9.318591026027452
14489,9.318591026027452
14490,9.318591026027452
14491,9.318591026027452
14492,9.318591026027452
14493,9.318591026027452
14494,9.318591026027452
14495,9.318591026027452
14496,9.318591026027452
14497,9.318591026027452
14498,9.318591026027452
14499,9.318591026027452
14500,9.318591026027452
14501,9.318591026027452
14502,9.318591026027452
14503,9.318591026027452
14504,9.318591026027452
14505,9.318591026027452
14506,9.318591026027452
14507,9.318591026027452
14508,9.318591026027452
14509,9.318591026027452
14510,9.318591026027452
14511,9.318591026027452
14512,9.318591026027452
14513,9.318591026027452
14514,9.318591026027452
14515,9.318591026027452
14516,9.318591026027452
14517,9.318591026027452
14518,9.318591026027452
14519,9.318591026027452
14520,9.318591026027452
14521,9.318591026027452
14522,9.318591026027452
14523,9.318591026027452
14524,9.318591026027452
14525,9.318591026027452
14526,9.318591026027452
14527,9.318591026027452
14528,9.318591026027452
14529,9.318591026027452
14530,9.318591026027452
14531,9.318591026027452
14532,9.318591026027452
14533,9.318591026027452
14534,8.161780538979542
14535,8.161780538979542
14536,8.161780538979542
14537,8.161780538979542
14538,8.161780538979542
14539,8.161780538979542
14540,8.161780538979542
14541,8.161780538979542
14542,8.161780538979542
14543,8.161780538979542
14544,8.161780538979542
14545,8.161780538979542
14546,8.161780538979542
14547,8.161780538979542
14548,8.161780538979542
14549,8.161780538979542
14550,8.161780538979542
14551,8.161780538979542
14552,8.161780538979542
14553,8.161780538979542
14554,8.161780538979542
14555,8.161780538979542
14556,8.161780538979542
14557,8.161780538979542
14558,8.161780538979542
14559,8.161780538979542
14560,8.161780538979542
14561,8.161780538979542
14562,8.161780538979542
14563,8.161780538979542
14564,8.161780538979542
14565,8.161780538979542
14566,8.161780538979542
14567,8.161780538979542
14568,8.161780538979542
14569,8.161780538979542
14570,8.161780538979542
14571,8.161780538979542
14572,8.161780538979542
14573,8.161780538979542
14574,8.161780538979542
14575,8.161780538979542
14576,8.161780538979542
14577,8.161780538979542
14578,8.161780538979542
14579,8.161780538979542
14580,8.161780538979542
14581,8.161780538979542
14582,8.161780538979542
14583,8.161780538979542
14584,8.161780538979542
14585,8.161780538979542
14586,8.161780538979542
14587,8.161780538979542
14588,8.161780538979542
14589,8.161780538979542
14590,8.161780538979542
14591,8.161780538979542
14592,8.161780538979542
14593,8.161780538979542
14594,8.161780538979542
14595,8.161780538979542
14596,8.161780538979542
14597,8.161780538979542
14598,8.161780538979542
14599,8.161780538979542
14600,8.161780538979542
14601,8.161780538979542
14602,8.161780538979542
14603,8.161780538979542
14604,8.161780538979542
14605,8.161780538979542
14606,8.161780538979542
14607,8.161780538979542
14608,8.161780538979542
14609,8.161780538979542
14610,8.161780538979542
14611,8.161780538979542
14612,8.161780538979542
14613,8.161780538979542
14614,8.161780538979542
14615,8.161780538979542
14616,8.161780538979542
14617,8.161780538979542
14618,8.161780538979542
14619,8.161780538979542
14620,8.161780538979542
14621,8.161780538979542
14622,8.161780538979542
14623,8.161780538979542
14624,8.161780538979542
14625,8.161780538979542
14626,8.161780538979542
14627,8.161780538979542
14628,8.161780538979542
14629,8.161780538979542
14630,8.161780538979542
14631,8.161780538979542
14632,8.161780538979542
14633,8.161780538979542
14634,8.161780538979542
14635,8.161780538979542
14636,8.161780538979542
14637,8.161780538979542
14638,8.161780538979542
14639,8.161780538979542
14640,8.161780538979542
14641,8.161780538979542
14642,8.161780538979542
14643,8.161780538979542
14644,8.161780538979542
14645,8.161780538979542
14646,8.161780538979542
14647,8.161780538979542
14648,8.161780538979542
14649,8.161780538979542
14650,8.161780538979542
14651,8.161780538979542
14652,8.161780538979542
14653,8.161780538979542
14654,8.161780538979542
14655,8.161780538979542
14656,8.161780538979542
14657,8.161780538979542
14658,8.161780538979542
14659,8.161780538979542
14660,8.161780538979542
14661,8.161780538979542
14662,8.161780538979542
14663,8.161780538979542
14664,8.161780538979542
14665,8.161780538979542
14666,8.161780538979542
14667,8.161780538979542
14668,8.161780538979542
14669,8.161780538979542
14670,8.161780538979542
14671,8.161780538979542
14672,8.161780538979542
14673,8.161780538979542
14674,8.161780538979542
14675,8.161780538979542
14676,8.161780538979542
14677,8.161780538979542
14678,8.161780538979542
14679,8.161780538979542
14680,8.161780538979542
14681,8.161780538979542
14682,8.161780538979542
14683,8.161780538979542
14684,8.161780538979542
14685,8.161780538979542
14686,8.161780538979542
14687,8.161780538979542
14688,8.161780538979542
14689,8.161780538979542
14690,8.161780538979542
14691,8.161780538979542
14692,8.161780538979542
14693,8.161780538979542
14694,8.161780538979542
14695,8.161780538979542
14696,8.161780538979542
14697,8.161780538979542
14698,8.161780538979542
14699,8.161780538979542
14700,8.161780538979542
14701,8.161780538979542
14702,8.161780538979542
14703,8.161780538979542
14704,8.161780538979542
14705,8.161780538979542
14706,8.161780538979542
14707,8.161780538979542
14708,8.161780538979542
14709,8.161780538979542
14710,8.161780538979542
14711,8.161780538979542
14712,8.161780538979542
14713,8.161780538979542
14714,8.161780538979542
14715,8.161780538979542
14716,8.161780538979542
14717,8.161780538979542
14718,8.161780538979542
14719,8.161780538979542
14720,8.161780538979542
14721,8.161780538979542
14722,8.161780538979542
14723,8.161780538979542
14724,8.161780538979542
14725,8.161780538979542
14726,8.161780538979542
14727,8.161780538979542
14728,8.161780538979542
14729,8.161780538979542
14730,8.161780538979542
14731,8.161780538979542
14732,8.161780538979542
14733,8.161780538979542
14734,8.161780538979542
14735,8.161780538979542
14736,8.161780538979542
14737,8.161780538979542
14738,8.161780538979542
14739,8.161780538979542
14740,8.161780538979542
14741,8.161780538979542
14742,8.161780538979542
14743,8.161780538979542
14744,8.161780538979542
14745,8.161780538979542
14746,8.161780538979542
14747,8.161780538979542
14748,8.161780538979542
14749,8.161780538979542
14750,8.161780538979542
14751,8.161780538979542
14752,8.161780538979542
14753,8.161780538979542
14754,8.161780538979542
14755,8.161780538979542
14756,8.161780538979542
14757,8.161780538979542
14758,8.161780538979542
14759,8.161780538979542
14760,8.161780538979542
14761,8.161780538979542
14762,8.161780538979542
14763,8.161780538979542
14764,8.161780538979542
14765,8.161780538979542
14766,8.161780538979542
14767,8.161780538979542
14768,8.161780538979542
14769,8.161780538979542
14770,8.161780538979542
14771,8.161780538979542
14772,8.161780538979542
14773,8.161780538979542
14774,8.161780538979542
14775,8.161780538979542
14776,8.161780538979542
14777,8.161780538979542
14778,8.161780538979542
14779,8.161780538979542
14780,8.161780538979542
14781,8.161780538979542
14782,8.161780538979542
14783,8.161780538979542
14784,8.161780538979542
14785,8.161780538979542
14786,8.161780538979542
14787,8.161780538979542
14788,8.161780538979542
14789,8.161780538979542
14790,8.161780538979542
14791,8.161780538979542
14792,8.161780538979542
14793,8.161780538979542
14794,8.161780538979542
14795,8.161780538979542
14796,8.161780538979542
14797,8.161780538979542
14798,8.161780538979542
14799,8.161780538979542
14800,8.161780538979542
14801,8.161780538979542
14802,8.161780538979542
14803,8.161780538979542
14804,8.161780538979542
14805,8.161780538979542
14806,8.161780538979542
14807,8.161780538979542
14808,8.161780538979542
14809,8.161780538979542
14810,8.161780538979542
14811,8.161780538979542
14812,8.161780538979542
14813,8.161780538979542
14814,8.161780538979542
14815,8.161780538979542
14816,8.161780538979542
14817,8.161780538979542
14818,8.161780538979542
14819,8.161780538979542
14820,8.161780538979542
14821,8.161780538979542
14822,8.161780538979542
14823,8.161780538979542
14824,8.161780538979542
14825,8.161780538979542
14826,8.161780538979542
14827,8.161780538979542
14828,8.161780538979542
14829,8.161780538979542
14830,8.161780538979542
14831,8.161780538979542
14832,8.161780538979542
14833,8.161780538979542
14834,8.161780538979542
14835,8.161780538979542
14836,8.161780538979542
14837,8.161780538979542
14838,8.161780538979542
14839,8.161780538979542
14840,8.161780538979542
14841,8.161780538979542
14842,8.161780538979542
14843,8.161780538979542
14844,8.161780538979542
14845,8.161780538979542
14846,8.161780538979542
14847,8.161780538979542
14848,8.161780538979542
14849,8.161780538979542
14850,8.161780538979542
14851,8.161780538979542
14852,8.161780538979542
14853,8.161780538979542
14854,8.161780538979542
14855,8.161780538979542
14856,8.161780538979542
14857,8.161780538979542
14858,8.161780538979542
14859,8.161780538979542
14860,8.161780538979542
14861,8.161780538979542
14862,8.161780538979542
14863,8.161780538979542
14864,8.161780538979542
14865,8.161780538979542
14866,8.161780538979542
14867,8.161780538979542
14868,8.161780538979542
14869,8.161780538979542
14870,8.161780538979542
14871,8.161780538979542
14872,8.161780538979542
14873,8.161780538979542
14874,8.161780538979542
14875,8.161780538979542
14876,8.161780538979542
14877,8.161780538979542
14878,8.161780538979542
14879,8.161780538979542
14880,8.161780538979542
14881,8.161780538979542
14882,8.161780538979542
14883,8.161780538979542
14884,8.161780538979542
14885,8.161780538979542
14886,8.161780538979542
14887,8.161780538979542
14888,8.161780538979542
14889,8.161780538979542
14890,8.161780538979542
14891,8.161780538979542
14892,8.161780538979542
14893,8.161780538979542
14894,8.161780538979542
14895,8.161780538979542
14896,8.161780538979542
14897,8.161780538979542
14898,8.161780538979542
14899,8.161780538979542
14900,8.161780538979542
14901,8.161780538979542
14902,8.161780538979542
14903,8.161780538979542
14904,8.161780538979542
14905,8.161780538979542
14906,8.161780538979542
14907,8.161780538979542
14908,8.161780538979542
14909,8.161780538979542
14910,8.161780538979542
14911,8.161780538979542
14912,8.161780538979542
14913,8.161780538979542
14914,8.161780538979542
14915,8.161780538979542
14916,8.161780538979542
14917,8.161780538979542
14918,8.161780538979542
14919,8.161780538979542
14920,8.161780538979542
14921,8.161780538979542
14922,8.161780538979542
14923,8.161780538979542
14924,8.161780538979542
14925,8.161780538979542
14926,8.161780538979542
14927,8.161780538979542
14928,8.161780538979542
14929,8.161780538979542
14930,8.161780538979542
14931,8.161780538979542
14932,8.161780538979542
14933,8.161780538979542
14934,8.161780538979542
14935,8.161780538979542
14936,8.161780538979542
14937,8.161780538979542
14938,8.161780538979542
14939,8.161780538979542
14940,8.161780538979542
14941,8.161780538979542
14942,8.161780538979542
14943,8.161780538979542
14944,8.161780538979542
14945,8.161780538979542
14946,8.161780538979542
14947,8.161780538979542
14948,8.161780538979542
14949,8.161780538979542
14950,8.161780538979542
14951,8.161780538979542
14952,8.161780538979542
14953,8.161780538979542
14954,8.161780538979542
14955,8.161780538979542
14956,8.161780538979542
14957,8.161780538979542
14958,8.161780538979542
14959,8.161780538979542
14960,8.161780538979542
14961,8.161780538979542
14962,8.161780538979542
14963,8.161780538979542
14964,8.161780538979542
14965,8.161780538979542
14966,8.161780538979542
14967,8.161780538979542
14968,8.161780538979542
14969,8.161780538979542
14970,8.161780538979542
14971,8.161780538979542
14972,8.161780538979542
14973,8.161780538979542
14974,8.161780538979542
14975,8.161780538979542
14976,8.161780538979542
14977,8.161780538979542
14978,8.161780538979542
14979,8.161780538979542
14980,8.161780538979542
14981,8.161780538979542
14982,8.161780538979542
14983,8.161780538979542
14984,8.161780538979542
14985,8.161780538979542
14986,8.161780538979542
14987,8.161780538979542
14988,8.161780538979542
14989,8.161780538979542
14990,8.161780538979542
14991,8.161780538979542
14992,8.161780538979542
14993,8.161780538979542
14994,8.161780538979542
14995,8.161780538979542
14996,8.161780538979542
14997,8.161780538979542
14998,8.161780538979542
14999,8.161780538979542
15000,8.161780538979542
15001,8.161780538979542
15002,8.161780538979542
15003,8.161780538979542
15004,8.161780538979542
15005,8.161780538979542
15006,8.161780538979542
15007,8.161780538979542
15008,8.161780538979542
15009,8.161780538979542
15010,8.161780538979542
15011,8.161780538979542
15012,8.161780538979542
15013,8.161780538979542
15014,8.161780538979542
15015,8.161780538979542
15016,8.161780538979542
15017,8.161780538979542
15018,8.161780538979542
15019,8.161780538979542
15020,8.161780538979542
15021,8.161780538979542
15022,8.161780538979542
15023,8.161780538979542
15024,8.161780538979542
15025,8.161780538979542
15026,8.161780538979542
15027,8.161780538979542
15028,8.161780538979542
15029,8.161780538979542
15030,8.161780538979542
15031,8.161780538979542
15032,8.161780538979542
15033,8.161780538979542
15034,8.161780538979542
15035,8.161780538979542
15036,8.161780538979542
15037,8.161780538979542
15038,8.161780538979542
15039,8.161780538979542
15040,8.161780538979542
15041,8.161780538979542
15042,8.161780538979542
15043,8.161780538979542
15044,8.161780538979542
15045,8.161780538979542
15046,8.161780538979542
15047,8.161780538979542
15048,8.161780538979542
15049,8.161780538979542
15050,8.161780538979542
15051,8.161780538979542
15052,8.161780538979542
15053,8.161780538979542
15054,8.161780538979542
15055,8.161780538979542
15056,8.161780538979542
15057,8.161780538979542
15058,8.161780538979542
15059,8.161780538979542
15060,8.161780538979542
15061,8.161780538979542
15062,8.161780538979542
15063,8.161780538979542
15064,8.161780538979542
15065,8.161780538979542
15066,8.161780538979542
15067,8.161780538979542
15068,8.161780538979542
15069,8.161780538979542
15070,8.161780538979542
15071,8.161780538979542
15072,8.161780538979542
15073,8.161780538979542
15074,8.161780538979542
15075,8.161780538979542
15076,8.161780538979542
15077,8.161780538979542
15078,8.161780538979542
15079,8.161780538979542
15080,8.161780538979542
15081,8.161780538979542
15082,8.161780538979542
15083,8.161780538979542
15084,8.161780538979542
15085,8.161780538979542
15086,8.161780538979542
15087,8.161780538979542
15088,8.161780538979542
15089,8.161780538979542
15090,8.161780538979542
15091,8.161780538979542
15092,8.161780538979542
15093,8.161780538979542
15094,8.161780538979542
15095,8.161780538979542
15096,8.161780538979542
15097,8.161780538979542
15098,8.161780538979542
15099,8.161780538979542
15100,8.161780538979542
15101,8.161780538979542
15102,8.161780538979542
15103,8.161780538979542
15104,8.161780538979542
15105,8.161780538979542
15106,8.161780538979542
15107,8.161780538979542
15108,8.161780538979542
15109,8.161780538979542
15110,8.161780538979542
15111,8.161780538979542
15112,8.161780538979542
15113,8.161780538979542
15114,8.161780538979542
15115,8.161780538979542
15116,8.161780538979542
15117,8.161780538979542
15118,8.161780538979542
15119,8.161780538979542
15120,8.161780538979542
15121,8.161780538979542
15122,8.161780538979542
15123,8.161780538979542
15124,8.161780538979542
15125,8.161780538979542
15126,8.161780538979542
15127,8.161780538979542
15128,8.161780538979542
15129,8.161780538979542
15130,8.161780538979542
15131,8.161780538979542
15132,8.161780538979542
15133,8.161780538979542
15134,8.161780538979542
15135,8.161780538979542
15136,8.161780538979542
15137,8.161780538979542
15138,8.161780538979542
15139,8.161780538979542
15140,8.161780538979542
15141,8.161780538979542
15142,8.161780538979542
15143,8.161780538979542
15144,8.161780538979542
15145,8.161780538979542
15146,8.161780538979542
15147,8.161780538979542
15148,8.161780538979542
15149,8.161780538979542
15150,8.161780538979542
15151,8.161780538979542
15152,8.161780538979542
15153,8.161780538979542
15154,8.161780538979542
15155,8.161780538979542
15156,8.161780538979542
15157,8.161780538979542
15158,8.161780538979542
15159,8.161780538979542
15160,8.161780538979542
15161,8.161780538979542
15162,8.161780538979542
15163,8.161780538979542
15164,8.161780538979542
15165,8.161780538979542
15166,8.161780538979542
15167,8.161780538979542
15168,8.161780538979542
15169,8.161780538979542
15170,8.161780538979542
15171,8.161780538979542
15172,8.161780538979542
15173,8.161780538979542
15174,8.161780538979542
15175,8.161780538979542
15176,8.161780538979542
15177,8.161780538979542
15178,8.161780538979542
15179,8.161780538979542
15180,8.161780538979542
15181,8.161780538979542
15182,8.161780538979542
15183,8.161780538979542
15184,8.161780538979542
15185,8.161780538979542
15186,8.161780538979542
15187,8.161780538979542
15188,8.161780538979542
15189,8.161780538979542
15190,8.161780538979542
15191,8.161780538979542
15192,8.161780538979542
15193,8.161780538979542
15194,8.161780538979542
15195,8.161780538979542
15196,8.161780538979542
15197,8.161780538979542
15198,8.161780538979542
15199,8.161780538979542
15200,8.161780538979542
15201,8.161780538979542
15202,8.161780538979542
15203,8.161780538979542
15204,8.161780538979542
15205,8.161780538979542
15206,8.161780538979542
15207,8.161780538979542
15208,8.161780538979542
15209,8.161780538979542
15210,8.161780538979542
15211,8.161780538979542
15212,8.161780538979542
15213,8.161780538979542
15214,8.161780538979542
15215,8.161780538979542
15216,8.161780538979542
15217,8.161780538979542
15218,8.161780538979542
15219,8.161780538979542
15220,8.161780538979542
15221,8.161780538979542
15222,8.161780538979542
15223,8.161780538979542
15224,8.161780538979542
15225,8.161780538979542
15226,8.161780538979542
15227,8.161780538979542
15228,8.161780538979542
15229,8.161780538979542
15230,8.161780538979542
15231,8.161780538979542
15232,8.161780538979542
15233,8.161780538979542
15234,8.161780538979542
15235,8.161780538979542
15236,8.161780538979542
15237,8.161780538979542
15238,8.161780538979542
15239,8.161780538979542
15240,8.161780538979542
15241,8.161780538979542
15242,8.161780538979542
15243,8.161780538979542
15244,8.161780538979542
15245,8.161780538979542
15246,8.161780538979542
15247,8.161780538979542
15248,8.161780538979542
15249,8.161780538979542
15250,8.161780538979542
15251,8.161780538979542
15252,8.161780538979542
15253,8.161780538979542
15254,8.161780538979542
15255,8.161780538979542
15256,8.161780538979542
15257,8.161780538979542
15258,8.161780538979542
15259,8.161780538979542
15260,8.161780538979542
15261,8.161780538979542
15262,8.161780538979542
15263,8.161780538979542
15264,8.161780538979542
15265,8.161780538979542
15266,8.161780538979542
15267,8.161780538979542
15268,8.161780538979542
15269,8.161780538979542
15270,8.161780538979542
15271,8.161780538979542
15272,8.161780538979542
15273,8.161780538979542
15274,8.161780538979542
15275,8.161780538979542
15276,8.161780538979542
15277,8.161780538979542
15278,8.161780538979542
15279,8.161780538979542
15280,8.161780538979542
15281,8.161780538979542
15282,8.161780538979542
15283,8.161780538979542
15284,8.161780538979542
15285,8.161780538979542
15286,8.161780538979542
15287,8.161780538979542
15288,8.161780538979542
15289,8.161780538979542
15290,8.161780538979542
15291,8.161780538979542
15292,8.161780538979542
15293,8.161780538979542
15294,8.161780538979542
15295,8.161780538979542
15296,8.161780538979542
15297,8.161780538979542
15298,8.161780538979542
15299,8.161780538979542
15300,8.161780538979542
15301,8.161780538979542
15302,8.161780538979542
15303,8.161780538979542
15304,8.161780538979542
15305,8.161780538979542
15306,8.161780538979542
15307,8.161780538979542
15308,8.161780538979542
15309,8.161780538979542
15310,8.161780538979542
15311,8.161780538979542
15312,8.161780538979542
15313,8.161780538979542
15314,8.161780538979542
15315,8.161780538979542
15316,8.161780538979542
15317,8.161780538979542
15318,8.161780538979542
15319,8.161780538979542
15320,8.161780538979542
15321,8.161780538979542
15322,8.161780538979542
15323,8.161780538979542
15324,8.161780538979542
15325,8.161780538979542
15326,8.161780538979542
15327,8.161780538979542
15328,8.161780538979542
15329,8.161780538979542
15330,8.161780538979542
15331,8.161780538979542
15332,8.161780538979542
15333,8.161780538979542
15334,8.161780538979542
15335,8.161780538979542
15336,8.161780538979542
15337,8.161780538979542
15338,8.161780538979542
15339,8.161780538979542
15340,8.161780538979542
15341,8.161780538979542
15342,8.161780538979542
15343,8.161780538979542
15344,8.161780538979542
15345,8.161780538979542
15346,8.161780538979542
15347,8.161780538979542
15348,8.161780538979542
15349,8.161780538979542
15350,8.161780538979542
15351,8.161780538979542
15352,8.161780538979542
15353,8.161780538979542
15354,8.161780538979542
15355,8.161780538979542
15356,8.161780538979542
15357,8.161780538979542
15358,8.161780538979542
15359,8.161780538979542
15360,8.161780538979542
15361,8.161780538979542
15362,8.161780538979542
15363,8.161780538979542
15364,8.161780538979542
15365,8.161780538979542
15366,8.161780538979542
15367,8.161780538979542
15368,8.161780538979542
15369,8.161780538979542
15370,8.161780538979542
15371,8.161780538979542
15372,8.161780538979542
15373,8.161780538979542
15374,8.161780538979542
15375,8.161780538979542
15376,8.161780538979542
15377,8.161780538979542
15378,8.161780538979542
15379,8.161780538979542
15380,8.161780538979542
15381,8.161780538979542
15382,8.161780538979542
15383,8.161780538979542
15384,8.161780538979542
15385,8.161780538979542
15386,8.161780538979542
15387,8.161780538979542
15388,8.161780538979542
15389,8.161780538979542
15390,8.161780538979542
15391,8.161780538979542
15392,8.161780538979542
15393,8.161780538979542
15394,8.161780538979542
15395,8.161780538979542
15396,8.161780538979542
15397,8.161780538979542
15398,8.161780538979542
15399,8.161780538979542
15400,8.161780538979542
15401,8.161780538979542
15402,8.161780538979542
15403,8.161780538979542
15404,8.161780538979542
15405,8.161780538979542
15406,8.161780538979542
15407,8.161780538979542
15408,8.161780538979542
15409,8.161780538979542
15410,8.161780538979542
15411,8.161780538979542
15412,8.161780538979542
15413,8.161780538979542
15414,8.161780538979542
15415,8.161780538979542
15416,8.161780538979542
15417,8.161780538979542
15418,8.161780538979542
15419,8.161780538979542
15420,8.161780538979542
15421,8.161780538979542
15422,8.161780538979542
15423,8.161780538979542
15424,8.161780538979542
15425,8.161780538979542
15426,8.161780538979542
15427,8.161780538979542
15428,8.161780538979542
15429,8.161780538979542
15430,8.161780538979542
15431,8.161780538979542
15432,8.161780538979542
15433,8.161780538979542
15434,8.161780538979542
15435,8.161780538979542
15436,8.161780538979542
15437,8.161780538979542
15438,8.161780538979542
15439,8.161780538979542
15440,8.161780538979542
15441,8.161780538979542
15442,8.161780538979542
15443,8.161780538979542
15444,8.161780538979542
15445,8.161780538979542
15446,8.161780538979542
15447,8.161780538979542
15448,8.161780538979542
15449,8.161780538979542
15450,8.161780538979542
15451,8.161780538979542
15452,8.161780538979542
15453,8.161780538979542
15454,8.161780538979542
15455,8.161780538979542
15456,8.161780538979542
15457,8.161780538979542
15458,8.161780538979542
15459,8.161780538979542
15460,8.161780538979542
15461,8.161780538979542
15462,8.161780538979542
15463,8.161780538979542
15464,8.161780538979542
15465,8.161780538979542
15466,8.161780538979542
15467,8.161780538979542
15468,8.161780538979542
15469,8.161780538979542
15470,8.161780538979542
15471,8.161780538979542
15472,8.161780538979542
15473,8.161780538979542
15474,8.161780538979542
15475,8.161780538979542
15476,8.161780538979542
15477,8.161780538979542
15478,8.161780538979542
15479,8.161780538979542
15480,8.161780538979542
15481,8.161780538979542
15482,8.161780538979542
15483,8.161780538979542
15484,8.161780538979542
15485,8.161780538979542
15486,8.161780538979542
15487,8.161780538979542
15488,8.161780538979542
15489,8.161780538979542
15490,8.161780538979542
15491,8.161780538979542
15492,8.161780538979542
15493,8.161780538979542
15494,8.161780538979542
15495,8.161780538979542
15496,8.161780538979542
15497,8.161780538979542
15498,8.161780538979542
15499,8.161780538979542
15500,8.161780538979542
15501,8.161780538979542
15502,8.161780538979542
15503,8.161780538979542
15504,8.161780538979542
15505,8.161780538979542
15506,8.161780538979542
15507,8.161780538979542
15508,8.161780538979542
15509,8.161780538979542
15510,8.161780538979542
15511,8.161780538979542
15512,8.161780538979542
15513,8.161780538979542
15514,8.161780538979542
15515,8.161780538979542
15516,8.161780538979542
15517,8.161780538979542
15518,8.161780538979542
15519,8.161780538979542
15520,8.161780538979542
15521,8.161780538979542
15522,8.161780538979542
15523,8.161780538979542
15524,8.161780538979542
15525,8.161780538979542
15526,8.161780538979542
15527,8.161780538979542
15528,8.161780538979542
15529,8.161780538979542
15530,8.161780538979542
15531,8.161780538979542
15532,8.161780538979542
15533,8.161780538979542
15534,8.161780538979542
15535,8.161780538979542
15536,8.161780538979542
15537,8.161780538979542
15538,8.161780538979542
15539,8.161780538979542
15540,8.161780538979542
15541,8.161780538979542
15542,8.161780538979542
15543,8.161780538979542
15544,8.161780538979542
15545,8.161780538979542
15546,8.161780538979542
15547,8.161780538979542
15548,8.161780538979542
15549,8.161780538979542
15550,8.161780538979542
15551,8.161780538979542
15552,8.161780538979542
15553,8.161780538979542
15554,8.161780538979542
15555,8.161780538979542
15556,8.161780538979542
15557,8.161780538979542
15558,8.161780538979542
15559,8.161780538979542
15560,8.161780538979542
15561,8.161780538979542
15562,8.161780538979542
15563,8.161780538979542
15564,8.161780538979542
15565,8.161780538979542
15566,8.161780538979542
15567,8.161780538979542
15568,8.161780538979542
15569,8.161780538979542
15570,8.161780538979542
15571,8.161780538979542
15572,8.161780538979542
15573,8.161780538979542
15574,8.161780538979542
15575,8.161780538979542
15576,8.161780538979542
15577,8.161780538979542
15578,8.161780538979542
15579,8.161780538979542
15580,8.161780538979542
15581,8.161780538979542
15582,8.161780538979542
15583,8.161780538979542
15584,8.161780538979542
15585,8.161780538979542
15586,8.161780538979542
15587,8.161780538979542
15588,8.161780538979542
15589,8.161780538979542
15590,8.161780538979542
15591,8.161780538979542
15592,8.161780538979542
15593,8.161780538979542
15594,8.161780538979542
15595,8.161780538979542
15596,8.161780538979542
15597,8.161780538979542
15598,8.161780538979542
15599,8.161780538979542
15600,8.161780538979542
15601,8.161780538979542
15602,8.161780538979542
15603,8.161780538979542
15604,8.161780538979542
15605,8.161780538979542
15606,8.161780538979542
15607,8.161780538979542
15608,8.161780538979542
15609,8.161780538979542
15610,8.161780538979542
15611,8.161780538979542
15612,8.161780538979542
15613,8.161780538979542
15614,8.161780538979542
15615,8.161780538979542
15616,8.161780538979542
15617,8.161780538979542
15618,8.161780538979542
15619,8.161780538979542
15620,8.161780538979542
15621,8.161780538979542
15622,8.161780538979542
15623,8.161780538979542
15624,8.161780538979542
15625,8.161780538979542
15626,8.161780538979542
15627,8.161780538979542
15628,8.161780538979542
15629,8.161780538979542
15630,8.161780538979542
15631,8.161780538979542
15632,8.161780538979542
15633,8.161780538979542
15634,8.161780538979542
15635,8.161780538979542
15636,8.161780538979542
15637,8.161780538979542
15638,8.161780538979542
15639,8.161780538979542
15640,8.161780538979542
15641,8.161780538979542
15642,8.161780538979542
15643,8.161780538979542
15644,8.161780538979542
15645,8.161780538979542
15646,8.161780538979542
15647,8.161780538979542
15648,8.161780538979542
15649,8.161780538979542
15650,8.161780538979542
15651,8.161780538979542
15652,8.161780538979542
15653,8.161780538979542
15654,8.161780538979542
15655,8.161780538979542
15656,8.161780538979542
15657,8.161780538979542
15658,8.161780538979542
15659,8.161780538979542
15660,8.161780538979542
15661,8.161780538979542
15662,8.161780538979542
15663,8.161780538979542
15664,8.161780538979542
15665,8.161780538979542
15666,8.161780538979542
15667,8.161780538979542
15668,8.161780538979542
15669,8.161780538979542
15670,8.161780538979542
15671,8.161780538979542
15672,8.161780538979542
15673,8.161780538979542
15674,8.161780538979542
15675,8.161780538979542
15676,8.161780538979542
15677,8.161780538979542
15678,8.161780538979542
15679,8.161780538979542
15680,8.161780538979542
15681,8.161780538979542
15682,8.161780538979542
15683,8.161780538979542
15684,8.161780538979542
15685,8.161780538979542
15686,8.161780538979542
15687,8.161780538979542
15688,8.161780538979542
15689,8.161780538979542
15690,8.161780538979542
15691,8.161780538979542
15692,8.161780538979542
15693,8.161780538979542
15694,8.161780538979542
15695,8.161780538979542
15696,8.161780538979542
15697,8.161780538979542
15698,8.161780538979542
15699,8.161780538979542
15700,8.161780538979542
15701,8.161780538979542
15702,8.161780538979542
15703,8.161780538979542
15704,8.161780538979542
15705,8.161780538979542
15706,8.161780538979542
15707,8.161780538979542
15708,8.161780538979542
15709,8.161780538979542
15710,8.161780538979542
15711,8.161780538979542
15712,8.161780538979542
15713,8.161780538979542
15714,8.161780538979542
15715,8.161780538979542
15716,8.161780538979542
15717,8.161780538979542
15718,8.161780538979542
15719,8.161780538979542
15720,8.161780538979542
15721,8.161780538979542
15722,8.161780538979542
15723,8.161780538979542
15724,8.161780538979542
15725,8.161780538979542
15726,8.161780538979542
15727,8.161780538979542
15728,8.161780538979542
15729,8.161780538979542
15730,8.161780538979542
15731,8.161780538979542
15732,8.161780538979542
15733,8.161780538979542
15734,8.161780538979542
15735,8.161780538979542
15736,8.161780538979542
15737,8.161780538979542
15738,8.161780538979542
15739,8.161780538979542
15740,8.161780538979542
15741,8.161780538979542
15742,8.161780538979542
15743,8.161780538979542
15744,8.161780538979542
15745,8.161780538979542
15746,8.161780538979542
15747,8.161780538979542
15748,8.161780538979542
15749,8.161780538979542
15750,8.161780538979542
15751,8.161780538979542
15752,8.161780538979542
15753,8.161780538979542
15754,8.161780538979542
15755,8.161780538979542
15756,8.161780538979542
15757,8.161780538979542
15758,8.161780538979542
15759,8.161780538979542
15760,8.161780538979542
15761,8.161780538979542
15762,8.161780538979542
15763,8.161780538979542
15764,8.161780538979542
15765,8.161780538979542
15766,8.161780538979542
15767,8.161780538979542
15768,8.161780538979542
15769,8.161780538979542
15770,8.161780538979542
15771,8.161780538979542
15772,8.161780538979542
15773,8.161780538979542
15774,8.161780538979542
15775,8.161780538979542
15776,8.161780538979542
15777,8.161780538979542
15778,8.161780538979542
15779,8.161780538979542
15780,8.161780538979542
15781,8.161780538979542
15782,8.161780538979542
15783,8.161780538979542
15784,8.161780538979542
15785,8.161780538979542
15786,8.161780538979542
15787,8.161780538979542
15788,8.161780538979542
15789,8.161780538979542
15790,8.161780538979542
15791,8.161780538979542
15792,8.161780538979542
15793,8.161780538979542
15794,8.161780538979542
15795,8.161780538979542
15796,8.161780538979542
15797,8.161780538979542
15798,8.161780538979542
15799,8.161780538979542
15800,8.161780538979542
15801,8.161780538979542
15802,8.161780538979542
15803,8.161780538979542
15804,8.161780538979542
15805,8.161780538979542
15806,8.161780538979542
15807,8.161780538979542
15808,8.161780538979542
15809,8.161780538979542
15810,8.161780538979542
15811,8.161780538979542
15812,8.161780538979542
15813,8.161780538979542
15814,8.161780538979542
15815,8.161780538979542
15816,8.161780538979542
15817,8.161780538979542
15818,8.161780538979542
15819,8.161780538979542
15820,8.161780538979542
15821,8.161780538979542
15822,8.161780538979542
15823,8.161780538979542
15824,8.161780538979542
15825,8.161780538979542
15826,8.161780538979542
15827,8.161780538979542
15828,8.161780538979542
15829,8.161780538979542
15830,8.161780538979542
15831,8.161780538979542
15832,8.161780538979542
15833,8.161780538979542
15834,8.161780538979542
15835,8.161780538979542
15836,8.161780538979542
15837,8.161780538979542
15838,8.161780538979542
15839,8.161780538979542
15840,8.161780538979542
15841,8.161780538979542
15842,8.161780538979542
15843,8.161780538979542
15844,8.161780538979542
15845,8.161780538979542
15846,8.161780538979542
15847,8.161780538979542
15848,8.161780538979542
15849,8.161780538979542
15850,8.161780538979542
15851,8.161780538979542
15852,8.161780538979542
15853,8.161780538979542
15854,8.161780538979542
15855,8.161780538979542
15856,8.161780538979542
15857,8.161780538979542
15858,8.161780538979542
15859,8.161780538979542
15860,8.161780538979542
15861,8.161780538979542
15862,8.161780538979542
15863,8.161780538979542
15864,8.161780538979542
15865,8.161780538979542
15866,8.161780538979542
15867,8.161780538979542
15868,8.161780538979542
15869,8.161780538979542
15870,8.161780538979542
15871,8.161780538979542
15872,8.161780538979542
15873,8.161780538979542
15874,8.161780538979542
15875,8.161780538979542
15876,8.161780538979542
15877,8.161780538979542
15878,8.161780538979542
15879,8.161780538979542
15880,8.161780538979542
15881,8.161780538979542
15882,8.161780538979542
15883,8.161780538979542
15884,8.161780538979542
15885,8.161780538979542
15886,8.161780538979542
15887,8.161780538979542
15888,8.161780538979542
15889,8.161780538979542
15890,8.161780538979542
15891,8.161780538979542
15892,8.161780538979542
15893,8.161780538979542
15894,8.161780538979542
15895,8.161780538979542
15896,8.161780538979542
15897,8.161780538979542
15898,8.161780538979542
15899,8.161780538979542
15900,8.161780538979542
15901,8.161780538979542
15902,8.161780538979542
15903,8.161780538979542
15904,8.161780538979542
15905,8.161780538979542
15906,8.161780538979542
15907,8.161780538979542
15908,8.161780538979542
15909,8.161780538979542
15910,8.161780538979542
15911,8.161780538979542
15912,8.161780538979542
15913,8.161780538979542
15914,8.161780538979542
15915,8.161780538979542
15916,8.161780538979542
15917,8.161780538979542
15918,8.161780538979542
15919,8.161780538979542
15920,8.161780538979542
15921,8.161780538979542
15922,8.161780538979542
15923,8.161780538979542
15924,8.161780538979542
15925,8.161780538979542
15926,8.161780538979542
15927,8.161780538979542
15928,8.161780538979542
15929,8.161780538979542
15930,8.161780538979542
15931,8.161780538979542
15932,8.161780538979542
15933,8.161780538979542
15934,8.161780538979542
15935,8.161780538979542
15936,8.161780538979542
15937,8.161780538979542
15938,8.161780538979542
15939,8.161780538979542
15940,8.161780538979542
15941,8.161780538979542
15942,8.161780538979542
15943,8.161780538979542
15944,8.161780538979542
15945,8.161780538979542
15946,8.161780538979542
15947,8.161780538979542
15948,8.161780538979542
15949,8.161780538979542
15950,8.161780538979542
15951,8.161780538979542
15952,8.161780538979542
15953,8.161780538979542
15954,8.161780538979542
15955,8.161780538979542
15956,8.161780538979542
15957,8.161780538979542
15958,8.161780538979542
15959,8.161780538979542
15960,8.161780538979542
15961,8.161780538979542
15962,8.161780538979542
15963,8.161780538979542
15964,8.161780538979542
15965,8.161780538979542
15966,8.161780538979542
15967,8.161780538979542
15968,8.161780538979542
15969,8.161780538979542
15970,8.161780538979542
15971,8.161780538979542
15972,8.161780538979542
15973,8.161780538979542
15974,8.161780538979542
15975,8.161780538979542
15976,8.161780538979542
15977,8.161780538979542
15978,8.161780538979542
15979,8.161780538979542
15980,8.161780538979542
15981,8.161780538979542
15982,8.161780538979542
15983,8.161780538979542
15984,8.161780538979542
15985,8.161780538979542
15986,8.161780538979542
15987,8.161780538979542
15988,8.161780538979542
15989,8.161780538979542
15990,8.161780538979542
15991,8.161780538979542
15992,8.161780538979542
15993,8.161780538979542
15994,8.161780538979542
15995,8.161780538979542
15996,8.161780538979542
15997,8.161780538979542
15998,8.161780538979542
15999,8.161780538979542
16000,8.161780538979542
16001,8.161780538979542
16002,8.161780538979542
16003,8.161780538979542
16004,8.161780538979542
16005,8.161780538979542
16006,8.161780538979542
16007,8.161780538979542
16008,8.161780538979542
16009,8.161780538979542
16010,8.161780538979542
16011,8.161780538979542
16012,8.161780538979542
16013,8.161780538979542
16014,8.161780538979542
16015,8.161780538979542
16016,8.161780538979542
16017,8.161780538979542
16018,8.161780538979542
16019,8.161780538979542
16020,8.161780538979542
16021,8.161780538979542
16022,8.161780538979542
16023,8.161780538979542
16024,8.161780538979542
16025,8.161780538979542
16026,8.161780538979542
16027,8.161780538979542
16028,8.161780538979542
16029,8.161780538979542
16030,8.161780538979542
16031,8.161780538979542
16032,8.161780538979542
16033,8.161780538979542
16034,8.161780538979542
16035,8.161780538979542
16036,8.161780538979542
16037,8.161780538979542
16038,8.161780538979542
16039,8.161780538979542
16040,8.161780538979542
16041,8.161780538979542
16042,8.161780538979542
16043,8.161780538979542
16044,8.161780538979542
16045,8.161780538979542
16046,8.161780538979542
16047,8.161780538979542
16048,8.161780538979542
16049,8.161780538979542
16050,8.161780538979542
16051,8.161780538979542
16052,8.161780538979542
16053,8.161780538979542
16054,8.161780538979542
16055,8.161780538979542
16056,8.161780538979542
16057,8.161780538979542
16058,8.161780538979542
16059,8.161780538979542
16060,8.161780538979542
16061,8.161780538979542
16062,8.161780538979542
16063,5.732478516178932
16064,5.732478516178932
16065,5.732478516178932
16066,5.732478516178932
16067,5.732478516178932
16068,5.732478516178932
16069,5.732478516178932
16070,5.732478516178932
16071,5.732478516178932
16072,5.732478516178932
16073,5.732478516178932
16074,5.732478516178932
16075,5.732478516178932
16076,5.732478516178932
16077,5.732478516178932
16078,5.732478516178932
16079,5.732478516178932
16080,5.732478516178932
16081,5.732478516178932
16082,5.732478516178932
16083,5.732478516178932
16084,5.732478516178932
16085,5.732478516178932
16086,5.732478516178932
16087,5.732478516178932
16088,5.732478516178932
16089,5.732478516178932
16090,5.732478516178932
16091,5.732478516178932
16092,5.732478516178932
16093,5.732478516178932
16094,5.732478516178932
16095,5.732478516178932
16096,5.732478516178932
16097,5.732478516178932
16098,5.732478516178932
16099,5.732478516178932
16100,5.732478516178932
16101,5.732478516178932
16102,5.732478516178932
16103,5.732478516178932
16104,5.732478516178932
16105,5.732478516178932
16106,5.732478516178932
16107,5.732478516178932
16108,5.732478516178932
16109,5.732478516178932
16110,5.732478516178932
16111,5.732478516178932
16112,5.732478516178932
16113,5.732478516178932
16114,5.732478516178932
16115,5.732478516178932
16116,5.732478516178932
16117,5.732478516178932
16118,5.732478516178932
16119,5.732478516178932
16120,5.732478516178932
16121,5.732478516178932
16122,5.732478516178932
16123,5.732478516178932
16124,5.732478516178932
16125,5.732478516178932
16126,5.732478516178932
16127,5.732478516178932
16128,5.732478516178932
16129,5.732478516178932
16130,5.732478516178932
16131,5.732478516178932
16132,5.732478516178932
16133,5.732478516178932
16134,5.732478516178932
16135,5.732478516178932
16136,5.732478516178932
16137,5.732478516178932
16138,5.732478516178932
16139,5.732478516178932
16140,5.732478516178932
16141,5.732478516178932
16142,5.732478516178932
16143,5.732478516178932
16144,5.732478516178932
16145,5.732478516178932
16146,5.732478516178932
16147,5.732478516178932
16148,5.732478516178932
16149,5.732478516178932
16150,5.732478516178932
16151,5.732478516178932
16152,5.732478516178932
16153,5.732478516178932
16154,5.732478516178932
16155,5.732478516178932
16156,5.732478516178932
16157,5.732478516178932
16158,5.732478516178932
16159,5.732478516178932
16160,5.732478516178932
16161,5.732478516178932
16162,5.732478516178932
16163,5.732478516178932
16164,5.732478516178932
16165,5.732478516178932
16166,5.732478516178932
16167,5.732478516178932
16168,5.732478516178932
16169,5.732478516178932
16170,5.732478516178932
16171,5.732478516178932
16172,5.732478516178932
16173,5.732478516178932
16174,5.732478516178932
16175,5.732478516178932
16176,5.732478516178932
16177,5.732478516178932
16178,5.732478516178932
16179,5.732478516178932
16180,5.732478516178932
16181,5.732478516178932
16182,5.732478516178932
16183,5.732478516178932
16184,5.732478516178932
16185,5.732478516178932
16186,5.732478516178932
16187,5.732478516178932
16188,5.732478516178932
16189,5.732478516178932
16190,5.732478516178932
16191,5.732478516178932
16192,5.732478516178932
16193,5.732478516178932
16194,5.732478516178932
16195,5.732478516178932
16196,5.732478516178932
16197,5.732478516178932
16198,5.732478516178932
16199,5.732478516178932
16200,5.732478516178932
16201,5.732478516178932
16202,5.732478516178932
16203,5.732478516178932
16204,5.732478516178932
16205,5.732478516178932
16206,5.732478516178932
16207,5.732478516178932
16208,5.732478516178932
16209,5.732478516178932
16210,5.732478516178932
16211,5.732478516178932
16212,5.732478516178932
16213,5.732478516178932
16214,5.732478516178932
16215,5.732478516178932
16216,5.732478516178932
16217,5.732478516178932
16218,5.732478516178932
16219,5.732478516178932
16220,5.732478516178932
16221,5.732478516178932
16222,5.732478516178932
16223,5.732478516178932
16224,5.732478516178932
16225,5.732478516178932
16226,5.732478516178932
16227,5.732478516178932
16228,5.732478516178932
16229,5.732478516178932
16230,5.732478516178932
16231,5.732478516178932
16232,5.732478516178932
16233,5.732478516178932
16234,5.732478516178932
16235,5.732478516178932
16236,5.732478516178932
16237,5.732478516178932
16238,5.732478516178932
16239,5.732478516178932
16240,5.732478516178932
16241,5.732478516178932
16242,5.732478516178932
16243,5.732478516178932
16244,5.732478516178932
16245,5.732478516178932
16246,5.732478516178932
16247,5.732478516178932
16248,5.732478516178932
16249,5.732478516178932
16250,5.732478516178932
16251,5.732478516178932
16252,5.732478516178932
16253,5.732478516178932
16254,5.732478516178932
16255,5.732478516178932
16256,5.732478516178932
