frame,pupil_norm
1,-1.3514070438643853
2,-1.3514070438643853
3,-1.3514070438643853
4,-1.3514070438643853
5,-1.3514070438643853
6,-1.3514070438643853
7,-1.3514070438643853
8,-1.3514070438643853
9,-1.3514070438643853
10,-1.3514070438643853
11,-1.3514070438643853
12,-1.3514070438643853
13,-1.3514070438643853
14,-1.3514070438643853
15,-1.3514070438643853
16,-1.3514070438643853
17,-1.3514070438643853
18,-1.3514070438643853
19,-1.3514070438643853
20,-1.3514070438643853
21,-1.3514070438643853
22,-1.3514070438643853
23,-1.3514070438643853
24,-1.3514070438643853
25,-1.3514070438643853
26,-1.3514070438643853
27,-1.3514070438643853
28,-1.3514070438643853
29,-1.3514070438643853
30,-1.3514070438643853
31,-1.3514070438643853
32,-1.3514070438643853
33,-1.3514070438643853
34,-1.3514070438643853
35,-1.3514070438643853
36,-1.3514070438643853
37,-1.3514070438643853
38,-1.3514070438643853
39,-1.3514070438643853
40,-1.3514070438643853
41,-1.3514070438643853
42,-1.3514070438643853
43,-1.3514070438643853
44,-1.3514070438643853
45,-1.3514070438643853
46,-1.3514070438643853
47,-1.3514070438643853
48,-1.3514070438643853
49,-1.3514070438643853
50,-1.3514070438643853
51,-1.3514070438643853
52,-1.3514070438643853
53,-1.3514070438643853
54,-1.3514070438643853
55,-1.3514070438643853
56,-1.3514070438643853
57,-1.3514070438643853
58,-1.3514070438643853
59,-1.3514070438643853
60,-1.3514070438643853
61,-1.3514070438643853
62,-1.3514070438643853
63,-1.3514070438643853
64,-1.3514070438643853
65,-1.3514070438643853
66,-1.3514070438643853
67,-1.3514070438643853
68,-1.3514070438643853
69,-1.3514070438643853
70,-1.3514070438643853
71,-1.3514070438643853
72,-1.3514070438643853
73,-1.3514070438643853
74,-1.3514070438643853
75,-1.3514070438643853
76,-1.3514070438643853
77,-1.3514070438643853
78,-1.3514070438643853
79,-1.3514070438643853
80,-1.3514070438643853
81,-1.3514070438643853
82,-1.3514070438643853
83,-1.3514070438643853
84,-1.3514070438643853
85,-1.3514070438643853
86,-1.3514070438643853
87,-1.3514070438643853
88,-1.3514070438643853
89,-1.3514070438643853
90,-1.3514070438643853
91,-1.3514070438643853
92,-1.3514070438643853
93,-1.3514070438643853
94,-1.3514070438643853
95,-1.3514070438643853
96,-1.3514070438643853
97,-1.3514070438643853
98,-1.3514070438643853
99,-1.3514070438643853
100,-1.3514070438643853
101,-1.3514070438643853
102,-1.3514070438643853
103,-1.3514070438643853
104,-1.3514070438643853
105,-1.3514070438643853
106,-1.3514070438643853
107,-1.3514070438643853
108,-1.3514070438643853
109,-1.3514070438643853
110,-1.3514070438643853
111,-1.3514070438643853
112,-1.3514070438643853
113,-1.3514070438643853
114,-1.3514070438643853
115,-1.3514070438643853
116,-1.3514070438643853
117,-1.3514070438643853
118,-1.3514070438643853
119,-1.3514070438643853
120,-1.3514070438643853
121,-1.3514070438643853
122,-1.3514070438643853
123,-1.3514070438643853
124,-1.3514070438643853
125,-1.3514070438643853
126,-1.3514070438643853
127,-1.3514070438643853
128,-1.3514070438643853
129,-1.3514070438643853
130,-1.3514070438643853
131,-1.3514070438643853
132,-1.3514070438643853
133,-1.3514070438643853
134,-1.3514070438643853
135,-1.3514070438643853
136,-1.3514070438643853
137,-1.3514070438643853
138,-1.3514070438643853
139,-1.3514070438643853
140,-1.3514070438643853
141,-1.3514070438643853
142,-1.3514070438643853
143,-1.3514070438643853
144,-1.3514070438643853
145,-1.3514070438643853
146,-1.3514070438643853
147,-1.3514070438643853
148,-1.3514070438643853
149,-1.3514070438643853
150,-1.3514070438643853
151,-1.3514070438643853
152,-1.3514070438643853
153,-1.3514070438643853
154,-1.3514070438643853
155,-1.3514070438643853
156,-1.3514070438643853
157,-1.3514070438643853
158,-1.3514070438643853
159,-1.3514070438643853
160,-1.3514070438643853
161,-1.3514070438643853
162,-1.3514070438643853
163,-1.3514070438643853
164,-1.3514070438643853
165,-1.3514070438643853
166,-1.3514070438643853
167,-1.3514070438643853
168,-1.3514070438643853
169,-1.3514070438643853
170,-1.3514070438643853
171,-1.3514070438643853
172,-1.3514070438643853
173,-1.3514070438643853
174,-1.3514070438643853
175,-1.3514070438643853
176,-1.3514070438643853
177,-1.3514070438643853
178,-1.3514070438643853
179,-1.3514070438643853
180,-1.3514070438643853
181,-1.3514070438643853
182,-1.3514070438643853
183,-1.3514070438643853
184,-1.3514070438643853
185,-1.3514070438643853
186,-1.3514070438643853
187,-1.3514070438643853
188,-1.3514070438643853
189,-1.3514070438643853
190,-1.3514070438643853
191,-1.3514070438643853
192,-1.3514070438643853
193,-1.3514070438643853
194,-1.3514070438643853
195,-1.3514070438643853
196,-1.3514070438643853
197,-1.3514070438643853
198,-1.3514070438643853
199,-1.3514070438643853
200,-1.3514070438643853
201,-1.3514070438643853
202,-1.3514070438643853
203,-1.3514070438643853
204,-1.3514070438643853
205,-1.3514070438643853
206,-1.3514070438643853
207,-1.3514070438643853
208,-1.3514070438643853
209,-1.3514070438643853
210,-1.3514070438643853
211,-1.3514070438643853
212,-1.3514070438643853
213,-1.3514070438643853
214,-1.3514070438643853
215,-1.3514070438643853
216,-1.3514070438643853
217,-1.3514070438643853
218,-1.3514070438643853
219,-1.3514070438643853
220,-1.3514070438643853
221,-1.3514070438643853
222,-1.3514070438643853
223,-1.3514070438643853
224,-1.3514070438643853
225,-1.3514070438643853
226,-1.3514070438643853
227,-1.3514070438643853
228,-1.3514070438643853
229,-1.3514070438643853
230,-1.3514070438643853
231,-1.3514070438643853
232,-1.3514070438643853
233,-1.3514070438643853
234,-1.3514070438643853
235,-1.3514070438643853
236,-1.3514070438643853
237,-1.3514070438643853
238,-1.3514070438643853
239,-1.3514070438643853
240,-1.3514070438643853
241,-1.3514070438643853
242,-1.3514070438643853
243,-1.3514070438643853
244,-1.3514070438643853
245,-1.3514070438643853
246,-1.3514070438643853
247,-1.3514070438643853
248,-1.3514070438643853
249,-1.3514070438643853
250,-1.3514070438643853
251,-1.3514070438643853
252,-1.3514070438643853
253,-1.3514070438643853
254,-1.3514070438643853
255,-1.3514070438643853
256,-1.3514070438643853
257,-1.3514070438643853
258,-1.3514070438643853
259,-1.3514070438643853
260,-1.3514070438643853
261,-1.3514070438643853
262,-1.3514070438643853
263,-1.3514070438643853
264,-1.3514070438643853
265,-1.3514070438643853
266,-1.3514070438643853
267,-1.3514070438643853
268,-1.3514070438643853
269,-1.3514070438643853
270,-1.3514070438643853
271,-1.3514070438643853
272,-1.3514070438643853
273,-1.3514070438643853
274,-1.3514070438643853
275,-1.3514070438643853
276,-1.3514070438643853
277,-1.3514070438643853
278,-1.3514070438643853
279,-1.3514070438643853
280,-1.3514070438643853
281,-1.3514070438643853
282,-1.3514070438643853
283,-1.3514070438643853
284,-1.3514070438643853
285,-1.3514070438643853
286,-1.3514070438643853
287,-1.3514070438643853
288,-1.3514070438643853
289,-1.3514070438643853
290,-1.3514070438643853
291,-1.3514070438643853
292,-1.3514070438643853
293,-1.3514070438643853
294,-1.3514070438643853
295,-1.3514070438643853
296,-1.3514070438643853
297,-1.3514070438643853
298,-1.3514070438643853
299,-1.3514070438643853
300,-1.3514070438643853
301,-1.3514070438643853
302,-1.3514070438643853
303,-1.3514070438643853
304,-1.3514070438643853
305,-1.3514070438643853
306,-1.3514070438643853
307,-1.3514070438643853
308,-1.3514070438643853
309,-1.3514070438643853
310,-1.3514070438643853
311,-1.3514070438643853
312,-1.3514070438643853
313,-1.3514070438643853
314,-1.3514070438643853
315,-1.3514070438643853
316,-1.3514070438643853
317,-1.3514070438643853
318,-1.3514070438643853
319,-1.3514070438643853
320,-1.3514070438643853
321,-1.3514070438643853
322,-1.3514070438643853
323,-1.3514070438643853
324,-1.3514070438643853
325,-1.3514070438643853
326,-1.3514070438643853
327,-1.3514070438643853
328,-1.3514070438643853
329,-1.3514070438643853
330,-1.3514070438643853
331,-1.3514070438643853
332,-1.3514070438643853
333,-1.3514070438643853
334,-1.3514070438643853
335,-1.3514070438643853
336,-1.3514070438643853
337,-1.3514070438643853
338,-1.3514070438643853
339,-1.3514070438643853
340,-1.3514070438643853
341,-1.3514070438643853
342,-1.3514070438643853
343,-1.3514070438643853
344,-1.3514070438643853
345,-1.3514070438643853
346,-1.3514070438643853
347,-1.3514070438643853
348,-1.3514070438643853
349,-1.3514070438643853
350,-1.3514070438643853
351,-1.3514070438643853
352,-1.3514070438643853
353,-1.3514070438643853
354,-1.3514070438643853
355,-1.3514070438643853
356,-1.3514070438643853
357,-1.3514070438643853
358,-1.3514070438643853
359,-1.3514070438643853
360,-1.3514070438643853
361,-1.3514070438643853
362,-1.3514070438643853
363,-1.3514070438643853
364,-1.3514070438643853
365,-1.3514070438643853
366,-1.3514070438643853
367,-1.3514070438643853
368,-1.3514070438643853
369,-1.3514070438643853
370,-1.3514070438643853
371,-1.3514070438643853
372,-1.3514070438643853
373,-1.3514070438643853
374,-1.3514070438643853
375,-1.3514070438643853
376,-1.3514070438643853
377,-1.3514070438643853
378,-1.3514070438643853
379,-1.3514070438643853
380,-1.3514070438643853
381,-1.3514070438643853
382,-1.3514070438643853
383,-1.3514070438643853
384,-1.3514070438643853
385,-1.3514070438643853
386,-1.3514070438643853
387,-1.3514070438643853
388,-1.3514070438643853
389,-1.3514070438643853
390,-1.3514070438643853
391,-1.3514070438643853
392,-1.3514070438643853
393,-1.3514070438643853
394,-1.3514070438643853
395,-1.3514070438643853
396,-1.3514070438643853
397,-1.3514070438643853
398,-1.3514070438643853
399,-1.3514070438643853
400,-1.3514070438643853
401,-1.3514070438643853
402,-1.3514070438643853
403,-1.3514070438643853
404,-1.3514070438643853
405,-1.3514070438643853
406,-1.3514070438643853
407,-1.3514070438643853
408,-1.3514070438643853
409,-1.3514070438643853
410,-1.3514070438643853
411,-1.3514070438643853
412,-1.3514070438643853
413,-1.3514070438643853
414,-1.3514070438643853
415,-1.3514070438643853
416,-1.3514070438643853
417,-1.3514070438643853
418,-1.3514070438643853
419,-1.3514070438643853
420,-1.3514070438643853
421,-1.3514070438643853
422,-1.3514070438643853
423,-1.3514070438643853
424,-1.3514070438643853
425,-1.3514070438643853
426,-1.3514070438643853
427,-1.3514070438643853
428,-1.3514070438643853
429,-1.3514070438643853
430,-1.3514070438643853
431,-1.3514070438643853
432,-1.3514070438643853
433,-1.3514070438643853
434,-1.3514070438643853
435,-1.3514070438643853
436,-1.3514070438643853
437,-1.3514070438643853
438,-1.3514070438643853
439,-1.3514070438643853
440,-1.3514070438643853
441,-1.3514070438643853
442,-1.3514070438643853
443,-1.3514070438643853
444,-1.3514070438643853
445,-1.3514070438643853
446,-1.3514070438643853
447,-1.3514070438643853
448,-1.3514070438643853
449,-1.3514070438643853
450,-1.3514070438643853
451,-1.3514070438643853
452,-1.3514070438643853
453,-1.3514070438643853
454,-1.3514070438643853
455,-1.3514070438643853
456,-1.3514070438643853
457,-1.3514070438643853
458,-1.3514070438643853
459,-1.3514070438643853
460,-1.3514070438643853
461,-1.3514070438643853
462,-1.3514070438643853
463,-1.3514070438643853
464,-1.3514070438643853
465,-1.3514070438643853
466,-1.3514070438643853
467,-1.3514070438643853
468,-1.3514070438643853
469,-1.3514070438643853
470,-1.3514070438643853
471,-1.3514070438643853
472,-1.3514070438643853
473,-1.3514070438643853
474,-1.3514070438643853
475,-1.3514070438643853
476,-1.3514070438643853
477,-1.3514070438643853
478,-1.3514070438643853
479,-1.3514070438643853
480,-1.3514070438643853
481,-1.3514070438643853
482,-1.3514070438643853
483,-1.3514070438643853
484,-1.3514070438643853
485,-1.3514070438643853
486,-1.3514070438643853
487,-1.3514070438643853
488,-1.3514070438643853
489,-1.3514070438643853
490,-1.3514070438643853
491,-1.3514070438643853
492,-1.3514070438643853
493,-1.3514070438643853
494,-1.3514070438643853
495,-1.3514070438643853
496,-1.3514070438643853
497,-1.3514070438643853
498,-1.3514070438643853
499,-1.3514070438643853
500,-1.3514070438643853
501,-1.3514070438643853
502,-1.3514070438643853
503,-1.3514070438643853
504,-1.3514070438643853
505,-1.3514070438643853
506,-1.3514070438643853
507,-1.3514070438643853
508,-1.3514070438643853
509,-1.3514070438643853
510,-1.3514070438643853
511,-1.3514070438643853
512,-1.3514070438643853
513,-1.3514070438643853
514,-1.3514070438643853
515,-1.3514070438643853
516,-1.3514070438643853
517,-1.3514070438643853
518,-1.3514070438643853
519,-1.3514070438643853
520,-1.3514070438643853
521,-1.3514070438643853
522,-1.3514070438643853
523,-1.3514070438643853
524,-1.3514070438643853
525,-1.3514070438643853
526,-1.3514070438643853
527,-1.3514070438643853
528,-1.3514070438643853
529,-1.3514070438643853
530,-1.3514070438643853
531,-1.3514070438643853
532,-1.3514070438643853
533,-1.3514070438643853
534,-1.3514070438643853
535,-1.3514070438643853
536,-1.3514070438643853
537,-1.3514070438643853
538,-1.3514070438643853
539,-1.3514070438643853
540,-1.3514070438643853
541,-1.3514070438643853
542,-1.3514070438643853
543,-1.3514070438643853
544,-1.3514070438643853
545,-1.3514070438643853
546,-1.3514070438643853
547,-1.3514070438643853
548,-1.3514070438643853
549,-1.3514070438643853
550,-1.3514070438643853
551,-1.3514070438643853
552,-1.3514070438643853
553,-1.3514070438643853
554,-1.3514070438643853
555,-1.3514070438643853
556,-1.3514070438643853
557,-1.3514070438643853
558,-1.3514070438643853
559,-1.3514070438643853
560,-1.3514070438643853
561,-1.3514070438643853
562,-1.3514070438643853
563,-1.3514070438643853
564,-1.3514070438643853
565,-1.3514070438643853
566,-1.3514070438643853
567,-1.3514070438643853
568,-1.3514070438643853
569,-1.3514070438643853
570,-1.3514070438643853
571,-1.3514070438643853
572,-1.3514070438643853
573,-1.3514070438643853
574,-1.3514070438643853
575,-1.3514070438643853
576,-1.3514070438643853
577,-1.3514070438643853
578,-1.3514070438643853
579,-1.3514070438643853
580,-1.3514070438643853
581,-1.3514070438643853
582,-1.3514070438643853
583,-1.3514070438643853
584,-1.3514070438643853
585,-1.3514070438643853
586,-1.3514070438643853
587,-1.3514070438643853
588,-1.3514070438643853
589,-1.3514070438643853
590,-1.3514070438643853
591,-1.3514070438643853
592,-1.3514070438643853
593,-1.3514070438643853
594,-1.3514070438643853
595,-1.3514070438643853
596,-1.3514070438643853
597,-1.3514070438643853
598,-1.3514070438643853
599,-1.3514070438643853
600,-1.3514070438643853
601,-1.3514070438643853
602,-1.3514070438643853
603,-1.3514070438643853
604,-1.3514070438643853
605,-1.3514070438643853
606,-1.3514070438643853
607,-1.3514070438643853
608,-1.3514070438643853
609,-1.3514070438643853
610,-1.3514070438643853
611,-1.3514070438643853
612,-1.3514070438643853
613,-1.3514070438643853
614,-1.3514070438643853
615,-1.3514070438643853
616,-1.3514070438643853
617,-1.3514070438643853
618,-1.3514070438643853
619,-1.3514070438643853
620,-1.3514070438643853
621,-1.3514070438643853
622,-1.3514070438643853
623,-1.3514070438643853
624,-1.3514070438643853
625,-1.3514070438643853
626,-1.3514070438643853
627,-1.3514070438643853
628,-1.3514070438643853
629,-1.3514070438643853
630,-1.3514070438643853
631,-1.3514070438643853
632,-1.3514070438643853
633,-1.3514070438643853
634,-1.3514070438643853
635,-1.3514070438643853
636,-1.3514070438643853
637,-1.3514070438643853
638,-1.3514070438643853
639,-1.3514070438643853
640,-1.3514070438643853
641,-1.3514070438643853
642,-1.3514070438643853
643,-1.3514070438643853
644,-1.3514070438643853
645,-1.3514070438643853
646,-1.3514070438643853
647,-1.3514070438643853
648,-1.3514070438643853
649,-1.3514070438643853
650,-1.3514070438643853
651,-1.3514070438643853
652,-1.3514070438643853
653,-1.3514070438643853
654,-1.3514070438643853
655,-1.3514070438643853
656,-1.3514070438643853
657,-1.3514070438643853
658,-1.3514070438643853
659,-1.3514070438643853
660,-1.3514070438643853
661,-1.3514070438643853
662,-1.3514070438643853
663,-1.3514070438643853
664,-1.3514070438643853
665,-1.3514070438643853
666,-1.3514070438643853
667,-1.3514070438643853
668,-1.3514070438643853
669,-1.3514070438643853
670,-1.3514070438643853
671,-1.3514070438643853
672,-1.3514070438643853
673,-1.3514070438643853
674,-1.3514070438643853
675,-1.3514070438643853
676,-1.3514070438643853
677,-1.3514070438643853
678,-1.3514070438643853
679,-1.3514070438643853
680,-1.3514070438643853
681,-1.3514070438643853
682,-1.3514070438643853
683,-1.3514070438643853
684,-1.3514070438643853
685,-1.3514070438643853
686,-1.3514070438643853
687,-1.3514070438643853
688,-1.3514070438643853
689,-1.3514070438643853
690,-1.3514070438643853
691,-1.3514070438643853
692,-1.3514070438643853
693,-1.3514070438643853
694,-1.3514070438643853
695,-1.3514070438643853
696,-1.3514070438643853
697,-1.3514070438643853
698,-1.3514070438643853
699,-1.3514070438643853
700,-1.3514070438643853
701,-1.3514070438643853
702,-1.3514070438643853
703,-1.3514070438643853
704,-1.3514070438643853
705,-1.3514070438643853
706,-1.3514070438643853
707,-1.3514070438643853
708,-1.3514070438643853
709,-1.3514070438643853
710,-1.3514070438643853
711,-1.3514070438643853
712,-1.3514070438643853
713,-1.3514070438643853
714,-1.3514070438643853
715,-1.3514070438643853
716,-1.3514070438643853
717,-1.3514070438643853
718,-1.3514070438643853
719,-1.3514070438643853
720,-1.3514070438643853
721,-1.3514070438643853
722,-1.3514070438643853
723,-1.3514070438643853
724,-1.3514070438643853
725,-1.3514070438643853
726,-1.3514070438643853
727,-1.3514070438643853
728,-1.3514070438643853
729,-1.3514070438643853
730,-1.3514070438643853
731,-1.3514070438643853
732,-1.3514070438643853
733,-1.3514070438643853
734,-1.3514070438643853
735,-1.3514070438643853
736,-1.3514070438643853
737,-1.3514070438643853
738,-1.3514070438643853
739,-1.3514070438643853
740,-1.3514070438643853
741,-1.3514070438643853
742,-1.3514070438643853
743,-1.3514070438643853
744,-1.3514070438643853
745,-1.3514070438643853
746,-1.3514070438643853
747,-1.3514070438643853
748,-1.3514070438643853
749,-1.3514070438643853
750,-1.3514070438643853
751,-1.3514070438643853
752,-1.3514070438643853
753,-1.3514070438643853
754,-1.3514070438643853
755,-1.3514070438643853
756,-1.3514070438643853
757,-1.3514070438643853
758,-1.3514070438643853
759,-1.3514070438643853
760,-1.3514070438643853
761,-1.3514070438643853
762,-1.3514070438643853
763,-1.3514070438643853
764,-1.3514070438643853
765,-1.3514070438643853
766,-1.3514070438643853
767,-1.3514070438643853
768,-1.3514070438643853
769,-1.3514070438643853
770,-1.3514070438643853
771,-1.3514070438643853
772,-1.3514070438643853
773,-1.3514070438643853
774,-1.3514070438643853
775,-1.3514070438643853
776,-1.3514070438643853
777,-1.3514070438643853
778,-1.3514070438643853
779,-1.3514070438643853
780,-1.3514070438643853
781,-1.3514070438643853
782,-1.3514070438643853
783,-1.3514070438643853
784,-1.3514070438643853
785,-1.3514070438643853
786,-1.3514070438643853
787,-1.3514070438643853
788,-1.3514070438643853
789,-1.3514070438643853
790,-1.3514070438643853
791,-1.3514070438643853
792,-1.3514070438643853
793,-1.3514070438643853
794,-1.3514070438643853
795,-1.3514070438643853
796,-1.3514070438643853
797,-1.3514070438643853
798,-1.3514070438643853
799,-1.3514070438643853
800,-1.3514070438643853
801,-1.3514070438643853
802,-1.3514070438643853
803,-1.3514070438643853
804,-1.3514070438643853
805,-1.3514070438643853
806,-1.3514070438643853
807,-1.3514070438643853
808,-1.3514070438643853
809,-1.3514070438643853
810,-1.3514070438643853
811,-1.3514070438643853
812,-1.3514070438643853
813,-1.3514070438643853
814,-1.3514070438643853
815,-1.3514070438643853
816,-1.3514070438643853
817,-1.3514070438643853
818,-1.3514070438643853
819,-1.3514070438643853
820,-1.3514070438643853
821,-1.3514070438643853
822,-1.3514070438643853
823,-1.3514070438643853
824,-1.3514070438643853
825,-1.3514070438643853
826,-1.3514070438643853
827,-1.3514070438643853
828,-1.3514070438643853
829,-1.3514070438643853
830,-1.3514070438643853
831,-1.3514070438643853
832,-1.3514070438643853
833,-1.3514070438643853
834,-1.3514070438643853
835,-1.3514070438643853
836,-1.3514070438643853
837,-1.3514070438643853
838,-1.3514070438643853
839,-1.3514070438643853
840,-1.3514070438643853
841,-1.3514070438643853
842,-1.3514070438643853
843,-1.3514070438643853
844,-1.3514070438643853
845,-1.3514070438643853
846,-1.3514070438643853
847,-1.3514070438643853
848,-1.3514070438643853
849,-1.3514070438643853
850,-1.3514070438643853
851,-1.3514070438643853
852,-1.3514070438643853
853,-1.3514070438643853
854,-1.3514070438643853
855,-1.3514070438643853
856,-1.3514070438643853
857,-1.3514070438643853
858,-1.3514070438643853
859,-1.3514070438643853
860,-1.3514070438643853
861,-1.3514070438643853
862,-1.3514070438643853
863,-1.3514070438643853
864,-1.3514070438643853
865,-1.3514070438643853
866,-1.3514070438643853
867,-1.3514070438643853
868,-1.3514070438643853
869,-1.3514070438643853
870,-1.3514070438643853
871,-1.3514070438643853
872,-1.3514070438643853
873,-1.3514070438643853
874,-1.3514070438643853
875,-1.3514070438643853
876,-1.3514070438643853
877,-1.3514070438643853
878,-1.3514070438643853
879,-1.3514070438643853
880,-1.3514070438643853
881,-1.3514070438643853
882,-1.3514070438643853
883,-1.3514070438643853
884,-1.3514070438643853
885,-1.3514070438643853
886,-1.3514070438643853
887,-1.3514070438643853
888,-1.3514070438643853
889,-1.3514070438643853
890,-1.3514070438643853
891,-1.3514070438643853
892,-1.3514070438643853
893,-1.3514070438643853
894,-1.3514070438643853
895,-1.3514070438643853
896,-1.3514070438643853
897,-1.3514070438643853
898,-1.3514070438643853
899,-1.3514070438643853
900,-1.3514070438643853
901,-1.3514070438643853
902,-1.3514070438643853
903,-1.3514070438643853
904,-1.3514070438643853
905,-1.3514070438643853
906,-1.3514070438643853
907,-1.3514070438643853
908,-1.3514070438643853
909,-1.3514070438643853
910,-1.3514070438643853
911,-1.3514070438643853
912,-1.3514070438643853
913,-1.3514070438643853
914,-1.3514070438643853
915,-1.3514070438643853
916,-1.3514070438643853
917,-1.3514070438643853
918,-1.3514070438643853
919,-1.3514070438643853
920,-1.3514070438643853
921,-1.3514070438643853
922,-1.3514070438643853
923,-1.3514070438643853
924,-1.3514070438643853
925,-1.3514070438643853
926,-1.3514070438643853
927,-1.3514070438643853
928,-1.3514070438643853
929,-1.3514070438643853
930,-1.3514070438643853
931,-1.3514070438643853
932,-1.3514070438643853
933,-1.3514070438643853
934,-1.3514070438643853
935,-1.3514070438643853
936,-1.3514070438643853
937,-1.3514070438643853
938,-1.3514070438643853
939,-1.3514070438643853
940,-1.3514070438643853
941,-1.3514070438643853
942,-1.3514070438643853
943,-1.3514070438643853
944,-1.3514070438643853
945,-1.3514070438643853
946,-1.3514070438643853
947,-1.3514070438643853
948,-1.3514070438643853
949,-1.3514070438643853
950,-1.3514070438643853
951,-1.3514070438643853
952,-1.3514070438643853
953,-1.3514070438643853
954,-1.3514070438643853
955,-1.3514070438643853
956,-1.3514070438643853
957,-1.3514070438643853
958,-1.3514070438643853
959,-1.3514070438643853
960,-1.3514070438643853
961,-1.3514070438643853
962,-1.3514070438643853
963,-1.3514070438643853
964,-1.3514070438643853
965,-1.3514070438643853
966,-1.3514070438643853
967,-1.3514070438643853
968,-1.3514070438643853
969,-1.3514070438643853
970,-1.3514070438643853
971,-1.3514070438643853
972,-1.3514070438643853
973,-1.3514070438643853
974,-1.3514070438643853
975,-1.3514070438643853
976,-1.3514070438643853
977,-1.3514070438643853
978,-1.3514070438643853
979,-1.3514070438643853
980,-1.3514070438643853
981,-1.3514070438643853
982,-1.3514070438643853
983,-1.3514070438643853
984,-1.3514070438643853
985,-1.3514070438643853
986,-1.3514070438643853
987,-1.3514070438643853
988,-1.3514070438643853
989,-1.3514070438643853
990,-1.3514070438643853
991,-1.3514070438643853
992,-1.3514070438643853
993,-1.3514070438643853
994,-1.3514070438643853
995,-1.3514070438643853
996,-1.3514070438643853
997,-1.3514070438643853
998,-1.3514070438643853
999,-1.3514070438643853
1000,-1.3514070438643853
1001,-1.3514070438643853
1002,-1.3514070438643853
1003,-1.3514070438643853
1004,-1.3514070438643853
1005,-1.3514070438643853
1006,-1.3514070438643853
1007,-1.3514070438643853
1008,-1.3514070438643853
1009,-1.3514070438643853
1010,-1.3514070438643853
1011,-1.3514070438643853
1012,-1.3514070438643853
1013,-1.3514070438643853
1014,-1.3514070438643853
1015,-1.3514070438643853
1016,-1.3514070438643853
1017,-1.3514070438643853
1018,-1.3514070438643853
1019,-1.3514070438643853
1020,-1.3514070438643853
1021,-1.3514070438643853
1022,-1.3514070438643853
1023,-1.3514070438643853
1024,-1.3514070438643853
1025,-1.3514070438643853
1026,-1.3514070438643853
1027,-1.3514070438643853
1028,-1.3514070438643853
1029,-1.3514070438643853
1030,-1.3514070438643853
1031,-1.3514070438643853
1032,-1.3514070438643853
1033,-1.3514070438643853
1034,-1.3514070438643853
1035,-1.3514070438643853
1036,-1.3514070438643853
1037,-1.3514070438643853
1038,-1.3514070438643853
1039,-1.3514070438643853
1040,-1.3514070438643853
1041,-1.3514070438643853
1042,-1.3514070438643853
1043,-1.3514070438643853
1044,-1.3514070438643853
1045,-1.3514070438643853
1046,-1.3514070438643853
1047,-1.3514070438643853
1048,-1.3514070438643853
1049,-1.3514070438643853
1050,-1.3514070438643853
1051,-1.3514070438643853
1052,-1.3514070438643853
1053,-1.3514070438643853
1054,-1.3514070438643853
1055,-1.3514070438643853
1056,-1.3514070438643853
1057,-1.3514070438643853
1058,-1.3514070438643853
1059,-1.3514070438643853
1060,-1.3514070438643853
1061,-1.3514070438643853
1062,-1.3514070438643853
1063,-1.3514070438643853
1064,-1.3514070438643853
1065,-1.3514070438643853
1066,-1.3514070438643853
1067,-1.3514070438643853
1068,-1.3514070438643853
1069,-1.3514070438643853
1070,-1.3514070438643853
1071,-1.3514070438643853
1072,-1.3514070438643853
1073,-1.3514070438643853
1074,-1.3514070438643853
1075,-1.3514070438643853
1076,-1.3514070438643853
1077,-1.3514070438643853
1078,-1.3514070438643853
1079,-1.3514070438643853
1080,-1.3514070438643853
1081,-1.3514070438643853
1082,-1.3514070438643853
1083,-1.3514070438643853
1084,-1.3514070438643853
1085,-1.3514070438643853
1086,-1.3514070438643853
1087,-1.3514070438643853
1088,-1.3514070438643853
1089,-1.3514070438643853
1090,-1.3514070438643853
1091,-1.3514070438643853
1092,-1.3514070438643853
1093,-1.3514070438643853
1094,-1.3514070438643853
1095,-1.3514070438643853
1096,-1.3514070438643853
1097,-1.3514070438643853
1098,-1.3514070438643853
1099,-1.3514070438643853
1100,-1.3514070438643853
1101,-1.3514070438643853
1102,-1.3514070438643853
1103,-1.3514070438643853
1104,-1.3514070438643853
1105,-1.3514070438643853
1106,-1.3514070438643853
1107,-1.3514070438643853
1108,-1.3514070438643853
1109,-1.3514070438643853
1110,-1.3514070438643853
1111,-1.3514070438643853
1112,-1.3514070438643853
1113,-1.3514070438643853
1114,-1.3514070438643853
1115,-1.3514070438643853
1116,-1.3514070438643853
1117,-1.3514070438643853
1118,-1.3514070438643853
1119,-1.3514070438643853
1120,-1.3514070438643853
1121,-1.3514070438643853
1122,-1.3514070438643853
1123,-1.3514070438643853
1124,-1.3514070438643853
1125,-1.3514070438643853
1126,-1.3514070438643853
1127,-1.3514070438643853
1128,-1.3514070438643853
1129,-1.3514070438643853
1130,-1.3514070438643853
1131,-1.3514070438643853
1132,-1.3514070438643853
1133,-1.3514070438643853
1134,-1.3514070438643853
1135,-1.3514070438643853
1136,-1.3514070438643853
1137,-1.3514070438643853
1138,-1.3514070438643853
1139,-1.3514070438643853
1140,-1.3514070438643853
1141,-1.3514070438643853
1142,-1.3514070438643853
1143,-1.3514070438643853
1144,-1.3514070438643853
1145,-1.3514070438643853
1146,-1.3514070438643853
1147,-1.3514070438643853
1148,-1.3514070438643853
1149,-1.3514070438643853
1150,-1.3514070438643853
1151,-1.3514070438643853
1152,-1.3514070438643853
1153,-1.3514070438643853
1154,-1.3514070438643853
1155,-1.3514070438643853
1156,-1.3514070438643853
1157,-1.3514070438643853
1158,-1.3514070438643853
1159,-1.3514070438643853
1160,-1.3514070438643853
1161,-1.3514070438643853
1162,-1.3514070438643853
1163,-1.3514070438643853
1164,-1.3514070438643853
1165,-1.3514070438643853
1166,-1.3514070438643853
1167,-1.3514070438643853
1168,-1.3514070438643853
1169,-1.3514070438643853
1170,-1.3514070438643853
1171,-1.3514070438643853
1172,-1.3514070438643853
1173,-1.3514070438643853
1174,-1.3514070438643853
1175,-1.3514070438643853
1176,-1.3514070438643853
1177,-1.3514070438643853
1178,-1.3514070438643853
1179,-1.3514070438643853
1180,-1.3514070438643853
1181,-1.3514070438643853
1182,-1.3514070438643853
1183,-1.3514070438643853
1184,-1.3514070438643853
1185,-1.3514070438643853
1186,-1.3514070438643853
1187,-1.3514070438643853
1188,-1.3514070438643853
1189,-1.3514070438643853
1190,-1.3514070438643853
1191,-1.3514070438643853
1192,-1.3514070438643853
1193,-1.3514070438643853
1194,-1.3514070438643853
1195,-1.3514070438643853
1196,-1.3514070438643853
1197,-1.3514070438643853
1198,-1.3514070438643853
1199,-1.3514070438643853
1200,-1.3514070438643853
1201,-1.3514070438643853
1202,-1.3514070438643853
1203,-1.3514070438643853
1204,-1.3514070438643853
1205,-1.3514070438643853
1206,-1.3514070438643853
1207,-1.3514070438643853
1208,-1.3514070438643853
1209,-1.3514070438643853
1210,-1.3514070438643853
1211,-1.3514070438643853
1212,-1.3514070438643853
1213,-1.3514070438643853
1214,-1.3514070438643853
1215,-1.3514070438643853
1216,-1.3514070438643853
1217,-1.3514070438643853
1218,-1.3514070438643853
1219,-1.3514070438643853
1220,-1.3514070438643853
1221,-1.3514070438643853
1222,-1.3514070438643853
1223,-1.3514070438643853
1224,-1.3514070438643853
1225,-1.3514070438643853
1226,-1.3514070438643853
1227,-1.3514070438643853
1228,-1.3514070438643853
1229,-1.3514070438643853
1230,-1.3514070438643853
1231,-1.3514070438643853
1232,-1.3514070438643853
1233,-1.3514070438643853
1234,-1.3514070438643853
1235,-1.3514070438643853
1236,-1.3514070438643853
1237,-1.3514070438643853
1238,-1.3514070438643853
1239,-1.3514070438643853
1240,-1.3514070438643853
1241,-1.3514070438643853
1242,-1.3514070438643853
1243,-1.3514070438643853
1244,-1.3514070438643853
1245,-1.3514070438643853
1246,-1.3514070438643853
1247,-1.3514070438643853
1248,-1.3514070438643853
1249,-1.3514070438643853
1250,-1.3514070438643853
1251,-1.3514070438643853
1252,-1.3514070438643853
1253,-1.3514070438643853
1254,-1.3514070438643853
1255,-1.3514070438643853
1256,-1.3514070438643853
1257,-1.3514070438643853
1258,-1.3514070438643853
1259,-1.3514070438643853
1260,-1.3514070438643853
1261,-1.3514070438643853
1262,-1.3514070438643853
1263,-1.3514070438643853
1264,-1.3514070438643853
1265,-1.3514070438643853
1266,-1.3514070438643853
1267,-1.3514070438643853
1268,-1.3514070438643853
1269,-1.3514070438643853
1270,-1.3514070438643853
1271,-1.3514070438643853
1272,-1.3514070438643853
1273,-1.3514070438643853
1274,-1.3514070438643853
1275,-1.3514070438643853
1276,-1.3514070438643853
1277,-1.3514070438643853
1278,-1.3514070438643853
1279,-1.3514070438643853
1280,-1.3514070438643853
1281,-1.3514070438643853
1282,-1.3514070438643853
1283,-1.3514070438643853
1284,-1.3514070438643853
1285,-1.3514070438643853
1286,-1.3514070438643853
1287,-1.3514070438643853
1288,-10.621997707212069
1289,-10.621997707212069
1290,-10.621997707212069
1291,-10.621997707212069
1292,-10.621997707212069
1293,-10.621997707212069
1294,-10.621997707212069
1295,-10.621997707212069
1296,-10.621997707212069
1297,-10.621997707212069
1298,-10.621997707212069
1299,-10.621997707212069
1300,-10.621997707212069
1301,-10.621997707212069
1302,-10.621997707212069
1303,-10.621997707212069
1304,-10.621997707212069
1305,-10.621997707212069
1306,-10.621997707212069
1307,-10.621997707212069
1308,-10.621997707212069
1309,-10.621997707212069
1310,-10.621997707212069
1311,-10.621997707212069
1312,-10.621997707212069
1313,-10.621997707212069
1314,-10.621997707212069
1315,-10.621997707212069
1316,-10.621997707212069
1317,-10.621997707212069
1318,-10.621997707212069
1319,-10.621997707212069
1320,-10.621997707212069
1321,-10.621997707212069
1322,-10.621997707212069
1323,-10.621997707212069
1324,-10.621997707212069
1325,-10.621997707212069
1326,-10.621997707212069
1327,-10.621997707212069
1328,-10.621997707212069
1329,-10.621997707212069
1330,-10.621997707212069
1331,-10.621997707212069
1332,-10.621997707212069
1333,-10.621997707212069
1334,-10.621997707212069
1335,-10.621997707212069
1336,-10.621997707212069
1337,-10.621997707212069
1338,-10.621997707212069
1339,-10.621997707212069
1340,-10.621997707212069
1341,-10.621997707212069
1342,-10.621997707212069
1343,-10.621997707212069
1344,-10.621997707212069
1345,-10.621997707212069
1346,-10.621997707212069
1347,-10.621997707212069
1348,-10.621997707212069
1349,-10.621997707212069
1350,-10.621997707212069
1351,-10.621997707212069
1352,-10.621997707212069
1353,-10.621997707212069
1354,-10.621997707212069
1355,-10.621997707212069
1356,-10.621997707212069
1357,-10.621997707212069
1358,-10.621997707212069
1359,-10.621997707212069
1360,-10.621997707212069
1361,-10.621997707212069
1362,-10.621997707212069
1363,-10.621997707212069
1364,-10.621997707212069
1365,-10.621997707212069
1366,-10.621997707212069
1367,-10.621997707212069
1368,-10.621997707212069
1369,-10.621997707212069
1370,-10.621997707212069
1371,-10.621997707212069
1372,-10.621997707212069
1373,-10.621997707212069
1374,-10.621997707212069
1375,-10.621997707212069
1376,-10.621997707212069
1377,-10.621997707212069
1378,-10.621997707212069
1379,-10.621997707212069
1380,-10.621997707212069
1381,-10.621997707212069
1382,-10.621997707212069
1383,-10.621997707212069
1384,-10.621997707212069
1385,-10.621997707212069
1386,-10.621997707212069
1387,-10.621997707212069
1388,-10.621997707212069
1389,-10.621997707212069
1390,-10.621997707212069
1391,-10.621997707212069
1392,-10.621997707212069
1393,-10.621997707212069
1394,-10.621997707212069
1395,-10.621997707212069
1396,-10.621997707212069
1397,-10.621997707212069
1398,-10.621997707212069
1399,-10.621997707212069
1400,-10.621997707212069
1401,-10.621997707212069
1402,-10.621997707212069
1403,-10.621997707212069
1404,-10.621997707212069
1405,-10.621997707212069
1406,-10.621997707212069
1407,-10.621997707212069
1408,-10.621997707212069
1409,-10.621997707212069
1410,-10.621997707212069
1411,-10.621997707212069
1412,-10.621997707212069
1413,-10.621997707212069
1414,-10.621997707212069
1415,-10.621997707212069
1416,-10.621997707212069
1417,-10.621997707212069
1418,-10.621997707212069
1419,-10.621997707212069
1420,-10.621997707212069
1421,-10.621997707212069
1422,-10.621997707212069
1423,-10.621997707212069
1424,-10.621997707212069
1425,-10.621997707212069
1426,-10.621997707212069
1427,-10.621997707212069
1428,-10.621997707212069
1429,-10.621997707212069
1430,-10.621997707212069
1431,-10.621997707212069
1432,-10.621997707212069
1433,-10.621997707212069
1434,-10.621997707212069
1435,-10.621997707212069
1436,-10.621997707212069
1437,-10.621997707212069
1438,-10.621997707212069
1439,-10.621997707212069
1440,-10.621997707212069
1441,-10.621997707212069
1442,-10.621997707212069
1443,-10.621997707212069
1444,-10.621997707212069
1445,-10.621997707212069
1446,-10.621997707212069
1447,-10.621997707212069
1448,-10.621997707212069
1449,-10.621997707212069
1450,-10.621997707212069
1451,-10.621997707212069
1452,-10.621997707212069
1453,-10.621997707212069
1454,-10.621997707212069
1455,-10.621997707212069
1456,-10.621997707212069
1457,-10.621997707212069
1458,-10.621997707212069
1459,-10.621997707212069
1460,-10.621997707212069
1461,-10.621997707212069
1462,-10.621997707212069
1463,-10.621997707212069
1464,-10.621997707212069
1465,-10.621997707212069
1466,-10.621997707212069
1467,-10.621997707212069
1468,-10.621997707212069
1469,-10.621997707212069
1470,-10.621997707212069
1471,-10.621997707212069
1472,-10.621997707212069
1473,-10.621997707212069
1474,-10.621997707212069
1475,-10.621997707212069
1476,-10.621997707212069
1477,-10.621997707212069
1478,-10.621997707212069
1479,-10.621997707212069
1480,-10.621997707212069
1481,-10.621997707212069
1482,-10.621997707212069
1483,-10.621997707212069
1484,-10.621997707212069
1485,-10.621997707212069
1486,-10.621997707212069
1487,-10.621997707212069
1488,-10.621997707212069
1489,-10.621997707212069
1490,-10.621997707212069
1491,-10.621997707212069
1492,-10.621997707212069
1493,-10.621997707212069
1494,-10.621997707212069
1495,-10.621997707212069
1496,-10.621997707212069
1497,-10.621997707212069
1498,-10.621997707212069
1499,-10.621997707212069
1500,-10.621997707212069
1501,-10.621997707212069
1502,-10.621997707212069
1503,-10.621997707212069
1504,-10.621997707212069
1505,-10.621997707212069
1506,-10.621997707212069
1507,-10.621997707212069
1508,-10.621997707212069
1509,-10.621997707212069
1510,-10.621997707212069
1511,-10.621997707212069
1512,-10.621997707212069
1513,-10.621997707212069
1514,-10.621997707212069
1515,-10.621997707212069
1516,-10.621997707212069
1517,-10.621997707212069
1518,-10.621997707212069
1519,-10.621997707212069
1520,-10.621997707212069
1521,-10.621997707212069
1522,-10.621997707212069
1523,-10.621997707212069
1524,-10.621997707212069
1525,-10.621997707212069
1526,-10.621997707212069
1527,-10.621997707212069
1528,-10.621997707212069
1529,-10.621997707212069
1530,-10.621997707212069
1531,-10.621997707212069
1532,-10.621997707212069
1533,-10.621997707212069
1534,-10.621997707212069
1535,-10.621997707212069
1536,-10.621997707212069
1537,-10.621997707212069
1538,-10.621997707212069
1539,-10.621997707212069
1540,-10.621997707212069
1541,-10.621997707212069
1542,-10.621997707212069
1543,-10.621997707212069
1544,-10.621997707212069
1545,-10.621997707212069
1546,-10.621997707212069
1547,-10.621997707212069
1548,-10.621997707212069
1549,-10.621997707212069
1550,-10.621997707212069
1551,-10.621997707212069
1552,-10.621997707212069
1553,-10.621997707212069
1554,-10.621997707212069
1555,-10.621997707212069
1556,-10.621997707212069
1557,-10.621997707212069
1558,-10.621997707212069
1559,-10.621997707212069
1560,-10.621997707212069
1561,-10.621997707212069
1562,-10.621997707212069
1563,-10.621997707212069
1564,-10.621997707212069
1565,-10.621997707212069
1566,-10.621997707212069
1567,-10.621997707212069
1568,-10.621997707212069
1569,-10.621997707212069
1570,-10.621997707212069
1571,-10.621997707212069
1572,-10.621997707212069
1573,-10.621997707212069
1574,-10.621997707212069
1575,-10.621997707212069
1576,-10.621997707212069
1577,-10.621997707212069
1578,-10.621997707212069
1579,-10.621997707212069
1580,-10.621997707212069
1581,-10.621997707212069
1582,-10.621997707212069
1583,-10.621997707212069
1584,-10.621997707212069
1585,-10.621997707212069
1586,-10.621997707212069
1587,-10.621997707212069
1588,-10.621997707212069
1589,-10.621997707212069
1590,-10.621997707212069
1591,-10.621997707212069
1592,-10.621997707212069
1593,-10.621997707212069
1594,-10.621997707212069
1595,-10.621997707212069
1596,-10.621997707212069
1597,-10.621997707212069
1598,-10.621997707212069
1599,-10.621997707212069
1600,-10.621997707212069
1601,-10.621997707212069
1602,-10.621997707212069
1603,-10.621997707212069
1604,-10.621997707212069
1605,-10.621997707212069
1606,-10.621997707212069
1607,-10.621997707212069
1608,-10.621997707212069
1609,-10.621997707212069
1610,-10.621997707212069
1611,-10.621997707212069
1612,-10.621997707212069
1613,-10.621997707212069
1614,-10.621997707212069
1615,-10.621997707212069
1616,-10.621997707212069
1617,-10.621997707212069
1618,-10.621997707212069
1619,-10.621997707212069
1620,-10.621997707212069
1621,-10.621997707212069
1622,-10.621997707212069
1623,-10.621997707212069
1624,-10.621997707212069
1625,-10.621997707212069
1626,-10.621997707212069
1627,-10.621997707212069
1628,-10.621997707212069
1629,-10.621997707212069
1630,-10.621997707212069
1631,-10.621997707212069
1632,-10.621997707212069
1633,-10.621997707212069
1634,-10.621997707212069
1635,-10.621997707212069
1636,-10.621997707212069
1637,-10.621997707212069
1638,-10.621997707212069
1639,-10.621997707212069
1640,-10.621997707212069
1641,-10.621997707212069
1642,-10.621997707212069
1643,-10.621997707212069
1644,-10.621997707212069
1645,-10.621997707212069
1646,-10.621997707212069
1647,-10.621997707212069
1648,-10.621997707212069
1649,-10.621997707212069
1650,-10.621997707212069
1651,-10.621997707212069
1652,-10.621997707212069
1653,-10.621997707212069
1654,-10.621997707212069
1655,-10.621997707212069
1656,-10.621997707212069
1657,-10.621997707212069
1658,-10.621997707212069
1659,-10.621997707212069
1660,-10.621997707212069
1661,-10.621997707212069
1662,-10.621997707212069
1663,-10.621997707212069
1664,-10.621997707212069
1665,-10.621997707212069
1666,-10.621997707212069
1667,-10.621997707212069
1668,-10.621997707212069
1669,-10.621997707212069
1670,-10.621997707212069
1671,-10.621997707212069
1672,-10.621997707212069
1673,-10.621997707212069
1674,-10.621997707212069
1675,-10.621997707212069
1676,-10.621997707212069
1677,-10.621997707212069
1678,-10.621997707212069
1679,-10.621997707212069
1680,-10.621997707212069
1681,-10.621997707212069
1682,-10.621997707212069
1683,-10.621997707212069
1684,-10.621997707212069
1685,-10.621997707212069
1686,-10.621997707212069
1687,-10.621997707212069
1688,-10.621997707212069
1689,-10.621997707212069
1690,-10.621997707212069
1691,-10.621997707212069
1692,-10.621997707212069
1693,-10.621997707212069
1694,-10.621997707212069
1695,-10.621997707212069
1696,-10.621997707212069
1697,-10.621997707212069
1698,-10.621997707212069
1699,-10.621997707212069
1700,-10.621997707212069
1701,-10.621997707212069
1702,-10.621997707212069
1703,-10.621997707212069
1704,-10.621997707212069
1705,-10.621997707212069
1706,-10.621997707212069
1707,-10.621997707212069
1708,-10.621997707212069
1709,-10.621997707212069
1710,-10.621997707212069
1711,-10.621997707212069
1712,-10.621997707212069
1713,-10.621997707212069
1714,-10.621997707212069
1715,-10.621997707212069
1716,-10.621997707212069
1717,-10.621997707212069
1718,-10.621997707212069
1719,-10.621997707212069
1720,-10.621997707212069
1721,-10.621997707212069
1722,-10.621997707212069
1723,-10.621997707212069
1724,-10.621997707212069
1725,-10.621997707212069
1726,-10.621997707212069
1727,-10.621997707212069
1728,-10.621997707212069
1729,-8.363776904601735
1730,-8.363776904601735
1731,-8.363776904601735
1732,-8.363776904601735
1733,-8.363776904601735
1734,-8.363776904601735
1735,-8.363776904601735
1736,-8.363776904601735
1737,-8.363776904601735
1738,-8.363776904601735
1739,-8.363776904601735
1740,-8.363776904601735
1741,-8.363776904601735
1742,-8.363776904601735
1743,-8.363776904601735
1744,-8.363776904601735
1745,-8.363776904601735
1746,-8.363776904601735
1747,-8.363776904601735
1748,-8.363776904601735
1749,-8.363776904601735
1750,-8.363776904601735
1751,-8.363776904601735
1752,-8.363776904601735
1753,-8.363776904601735
1754,-8.363776904601735
1755,-8.363776904601735
1756,-8.363776904601735
1757,-8.363776904601735
1758,-8.363776904601735
1759,-8.363776904601735
1760,-8.363776904601735
1761,-8.363776904601735
1762,-8.363776904601735
1763,-8.363776904601735
1764,-8.363776904601735
1765,-8.363776904601735
1766,-8.363776904601735
1767,-8.363776904601735
1768,-8.363776904601735
1769,-8.363776904601735
1770,-8.363776904601735
1771,-8.363776904601735
1772,-8.363776904601735
1773,-8.363776904601735
1774,-8.363776904601735
1775,-8.363776904601735
1776,-8.363776904601735
1777,-8.363776904601735
1778,-8.363776904601735
1779,-8.363776904601735
1780,-8.363776904601735
1781,-8.363776904601735
1782,-8.363776904601735
1783,-8.363776904601735
1784,-8.363776904601735
1785,-8.363776904601735
1786,-8.363776904601735
1787,-8.363776904601735
1788,-8.363776904601735
1789,-8.363776904601735
1790,-8.363776904601735
1791,-8.363776904601735
1792,-8.363776904601735
1793,-8.363776904601735
1794,-8.363776904601735
1795,-8.363776904601735
1796,-8.363776904601735
1797,-8.363776904601735
1798,-8.363776904601735
1799,-8.363776904601735
1800,-8.363776904601735
1801,-8.363776904601735
1802,-8.363776904601735
1803,-8.363776904601735
1804,-8.363776904601735
1805,-8.363776904601735
1806,-8.363776904601735
1807,-8.363776904601735
1808,-8.363776904601735
1809,-8.363776904601735
1810,-8.363776904601735
1811,-8.363776904601735
1812,-8.363776904601735
1813,-8.363776904601735
1814,-8.363776904601735
1815,-8.363776904601735
1816,-8.363776904601735
1817,-8.363776904601735
1818,-8.363776904601735
1819,-8.363776904601735
1820,-8.363776904601735
1821,-8.363776904601735
1822,-8.363776904601735
1823,-8.363776904601735
1824,-8.363776904601735
1825,-8.363776904601735
1826,-8.363776904601735
1827,-8.363776904601735
1828,-8.363776904601735
1829,-8.363776904601735
1830,-8.363776904601735
1831,-8.363776904601735
1832,-8.363776904601735
1833,-8.363776904601735
1834,-8.363776904601735
1835,-8.363776904601735
1836,-8.363776904601735
1837,-8.363776904601735
1838,-8.363776904601735
1839,-8.363776904601735
1840,-8.363776904601735
1841,-8.363776904601735
1842,-8.363776904601735
1843,-8.363776904601735
1844,-8.363776904601735
1845,-8.363776904601735
1846,-8.363776904601735
1847,-8.363776904601735
1848,-8.363776904601735
1849,-8.363776904601735
1850,-8.363776904601735
1851,-8.363776904601735
1852,-8.363776904601735
1853,-8.363776904601735
1854,-8.363776904601735
1855,-8.363776904601735
1856,-8.363776904601735
1857,-8.363776904601735
1858,-8.363776904601735
1859,-8.363776904601735
1860,-8.363776904601735
1861,-8.363776904601735
1862,-8.363776904601735
1863,-8.363776904601735
1864,-8.363776904601735
1865,-8.363776904601735
1866,-8.363776904601735
1867,-8.363776904601735
1868,-8.363776904601735
1869,-8.363776904601735
1870,-8.363776904601735
1871,-8.363776904601735
1872,-8.363776904601735
1873,-8.363776904601735
1874,-8.363776904601735
1875,-8.363776904601735
1876,-8.363776904601735
1877,-8.363776904601735
1878,-8.363776904601735
1879,-8.363776904601735
1880,-8.363776904601735
1881,-8.363776904601735
1882,-8.363776904601735
1883,-8.363776904601735
1884,-8.363776904601735
1885,-8.363776904601735
1886,-8.363776904601735
1887,-8.363776904601735
1888,-8.363776904601735
1889,-8.363776904601735
1890,-8.363776904601735
1891,-8.363776904601735
1892,-8.363776904601735
1893,-8.363776904601735
1894,-8.363776904601735
1895,-8.363776904601735
1896,-8.363776904601735
1897,-8.363776904601735
1898,-8.363776904601735
1899,-8.363776904601735
1900,-8.363776904601735
1901,-8.363776904601735
1902,-8.363776904601735
1903,-8.363776904601735
1904,-8.363776904601735
1905,-8.363776904601735
1906,-8.363776904601735
1907,-8.363776904601735
1908,-8.363776904601735
1909,-8.363776904601735
1910,-8.363776904601735
1911,-8.363776904601735
1912,-8.363776904601735
1913,-8.363776904601735
1914,-8.363776904601735
1915,-8.363776904601735
1916,-8.363776904601735
1917,-8.363776904601735
1918,-8.363776904601735
1919,-8.363776904601735
1920,-8.363776904601735
1921,-8.363776904601735
1922,-8.363776904601735
1923,-8.363776904601735
1924,-8.363776904601735
1925,-8.363776904601735
1926,-8.363776904601735
1927,-8.363776904601735
1928,-8.363776904601735
1929,-8.363776904601735
1930,-8.363776904601735
1931,-8.363776904601735
1932,-8.363776904601735
1933,-8.363776904601735
1934,-8.363776904601735
1935,-8.363776904601735
1936,-8.363776904601735
1937,-8.363776904601735
1938,-8.363776904601735
1939,-8.363776904601735
1940,-8.363776904601735
1941,-8.363776904601735
1942,-8.363776904601735
1943,-8.363776904601735
1944,-8.363776904601735
1945,-8.363776904601735
1946,-8.363776904601735
1947,-8.363776904601735
1948,-8.363776904601735
1949,-8.363776904601735
1950,-8.363776904601735
1951,-8.363776904601735
1952,-8.363776904601735
1953,-8.363776904601735
1954,-8.363776904601735
1955,-8.363776904601735
1956,-8.363776904601735
1957,-8.363776904601735
1958,-8.363776904601735
1959,-8.363776904601735
1960,-8.363776904601735
1961,-8.363776904601735
1962,-8.363776904601735
1963,-8.363776904601735
1964,-8.363776904601735
1965,-8.363776904601735
1966,-8.363776904601735
1967,-8.363776904601735
1968,-8.363776904601735
1969,-8.363776904601735
1970,-8.363776904601735
1971,-8.363776904601735
1972,-8.363776904601735
1973,-8.363776904601735
1974,-8.363776904601735
1975,-8.363776904601735
1976,-8.363776904601735
1977,-8.363776904601735
1978,-8.363776904601735
1979,-8.363776904601735
1980,-8.363776904601735
1981,-8.363776904601735
1982,-8.363776904601735
1983,-8.363776904601735
1984,-8.363776904601735
1985,-8.363776904601735
1986,-8.363776904601735
1987,-8.363776904601735
1988,-8.363776904601735
1989,-8.363776904601735
1990,-8.363776904601735
1991,-8.363776904601735
1992,-8.363776904601735
1993,-8.363776904601735
1994,-8.363776904601735
1995,-8.363776904601735
1996,-8.363776904601735
1997,-8.363776904601735
1998,-8.363776904601735
1999,-8.363776904601735
2000,-8.363776904601735
2001,-8.363776904601735
2002,-8.363776904601735
2003,-8.363776904601735
2004,-8.363776904601735
2005,-8.363776904601735
2006,-8.363776904601735
2007,-8.363776904601735
2008,-8.363776904601735
2009,-8.363776904601735
2010,-8.363776904601735
2011,-8.363776904601735
2012,-8.363776904601735
2013,-8.363776904601735
2014,-8.363776904601735
2015,-8.363776904601735
2016,-8.363776904601735
2017,-8.363776904601735
2018,-8.363776904601735
2019,-8.363776904601735
2020,-8.363776904601735
2021,-8.363776904601735
2022,-8.363776904601735
2023,-8.363776904601735
2024,-8.363776904601735
2025,-8.363776904601735
2026,-8.363776904601735
2027,-8.363776904601735
2028,-8.363776904601735
2029,-8.363776904601735
2030,-8.363776904601735
2031,-8.363776904601735
2032,-8.363776904601735
2033,-8.363776904601735
2034,-8.363776904601735
2035,-8.363776904601735
2036,-8.363776904601735
2037,-8.363776904601735
2038,-8.363776904601735
2039,-8.363776904601735
2040,-8.363776904601735
2041,-8.363776904601735
2042,-8.363776904601735
2043,-8.363776904601735
2044,-8.363776904601735
2045,-8.363776904601735
2046,-8.363776904601735
2047,-8.363776904601735
2048,-8.363776904601735
2049,-8.363776904601735
2050,-8.363776904601735
2051,-8.363776904601735
2052,-8.363776904601735
2053,-8.363776904601735
2054,-8.363776904601735
2055,-8.363776904601735
2056,-8.363776904601735
2057,-8.363776904601735
2058,-8.363776904601735
2059,-8.363776904601735
2060,-8.363776904601735
2061,-8.363776904601735
2062,-8.363776904601735
2063,-8.363776904601735
2064,-8.363776904601735
2065,-8.363776904601735
2066,-8.363776904601735
2067,-8.363776904601735
2068,-8.363776904601735
2069,-8.363776904601735
2070,-8.363776904601735
2071,-8.363776904601735
2072,-8.363776904601735
2073,-8.363776904601735
2074,-8.363776904601735
2075,-8.363776904601735
2076,-8.363776904601735
2077,-8.363776904601735
2078,-8.363776904601735
2079,-8.363776904601735
2080,-8.363776904601735
2081,-8.363776904601735
2082,-8.363776904601735
2083,-8.363776904601735
2084,-8.363776904601735
2085,-8.363776904601735
2086,-8.363776904601735
2087,-8.363776904601735
2088,-8.363776904601735
2089,-8.363776904601735
2090,-8.363776904601735
2091,-8.363776904601735
2092,-8.363776904601735
2093,-8.363776904601735
2094,-8.363776904601735
2095,-8.363776904601735
2096,-8.363776904601735
2097,-8.363776904601735
2098,-8.363776904601735
2099,-8.363776904601735
2100,-8.363776904601735
2101,-8.363776904601735
2102,-8.363776904601735
2103,-8.363776904601735
2104,-8.363776904601735
2105,-8.363776904601735
2106,-8.363776904601735
2107,-8.363776904601735
2108,-8.363776904601735
2109,-8.363776904601735
2110,-8.363776904601735
2111,-8.363776904601735
2112,-8.363776904601735
2113,-8.363776904601735
2114,-8.363776904601735
2115,-8.363776904601735
2116,-8.363776904601735
2117,-8.363776904601735
2118,-8.363776904601735
2119,-8.363776904601735
2120,-8.363776904601735
2121,-8.363776904601735
2122,-8.363776904601735
2123,-8.363776904601735
2124,-8.363776904601735
2125,-8.363776904601735
2126,-8.363776904601735
2127,-8.363776904601735
2128,-8.363776904601735
2129,-8.363776904601735
2130,-8.363776904601735
2131,-8.363776904601735
2132,-8.363776904601735
2133,-8.363776904601735
2134,-8.363776904601735
2135,-8.363776904601735
2136,-8.363776904601735
2137,-8.363776904601735
2138,-8.363776904601735
2139,-8.363776904601735
2140,-8.363776904601735
2141,-8.363776904601735
2142,-8.363776904601735
2143,-8.363776904601735
2144,-8.363776904601735
2145,-8.363776904601735
2146,-8.363776904601735
2147,-8.363776904601735
2148,-8.363776904601735
2149,-8.363776904601735
2150,-8.363776904601735
2151,-8.363776904601735
2152,-8.363776904601735
2153,-8.363776904601735
2154,-8.363776904601735
2155,-8.363776904601735
2156,-8.363776904601735
2157,-8.363776904601735
2158,-8.363776904601735
2159,-8.363776904601735
2160,-8.363776904601735
2161,-8.363776904601735
2162,-8.363776904601735
2163,-8.363776904601735
2164,-8.363776904601735
2165,-8.363776904601735
2166,-8.363776904601735
2167,-8.363776904601735
2168,-8.363776904601735
2169,-8.363776904601735
2170,-8.363776904601735
2171,-8.363776904601735
2172,-8.363776904601735
2173,-8.363776904601735
2174,-8.363776904601735
2175,-8.363776904601735
2176,-8.363776904601735
2177,-8.363776904601735
2178,-8.363776904601735
2179,-8.363776904601735
2180,-8.363776904601735
2181,-8.363776904601735
2182,-8.363776904601735
2183,-8.363776904601735
2184,-8.363776904601735
2185,-8.363776904601735
2186,-8.363776904601735
2187,-8.363776904601735
2188,-8.363776904601735
2189,-8.363776904601735
2190,-8.363776904601735
2191,-8.363776904601735
2192,-8.363776904601735
2193,-8.363776904601735
2194,-8.363776904601735
2195,-8.363776904601735
2196,-8.363776904601735
2197,-8.363776904601735
2198,-8.363776904601735
2199,-8.363776904601735
2200,-8.363776904601735
2201,-8.363776904601735
2202,-8.363776904601735
2203,-8.363776904601735
2204,-8.363776904601735
2205,-8.363776904601735
2206,-8.363776904601735
2207,-8.363776904601735
2208,-8.363776904601735
2209,-8.363776904601735
2210,-8.363776904601735
2211,-8.363776904601735
2212,-8.363776904601735
2213,-8.363776904601735
2214,-8.363776904601735
2215,-8.363776904601735
2216,-8.363776904601735
2217,-8.363776904601735
2218,-8.363776904601735
2219,-8.363776904601735
2220,-8.363776904601735
2221,-8.363776904601735
2222,-8.363776904601735
2223,-8.363776904601735
2224,-8.363776904601735
2225,-8.363776904601735
2226,-8.363776904601735
2227,-8.363776904601735
2228,-8.363776904601735
2229,-8.363776904601735
2230,-8.363776904601735
2231,-8.363776904601735
2232,-8.363776904601735
2233,-8.363776904601735
2234,-8.363776904601735
2235,-8.363776904601735
2236,-8.363776904601735
2237,-8.363776904601735
2238,-8.363776904601735
2239,-8.363776904601735
2240,-8.363776904601735
2241,-8.363776904601735
2242,-8.363776904601735
2243,-8.363776904601735
2244,-8.363776904601735
2245,-8.363776904601735
2246,-8.363776904601735
2247,-8.363776904601735
2248,-8.363776904601735
2249,-8.363776904601735
2250,-8.363776904601735
2251,-8.363776904601735
2252,-8.363776904601735
2253,-8.363776904601735
2254,-8.363776904601735
2255,-8.363776904601735
2256,-8.363776904601735
2257,-8.363776904601735
2258,-8.363776904601735
2259,-8.363776904601735
2260,-8.363776904601735
2261,-8.363776904601735
2262,-8.363776904601735
2263,-8.363776904601735
2264,-8.363776904601735
2265,-8.363776904601735
2266,-8.363776904601735
2267,-8.363776904601735
2268,-8.363776904601735
2269,-8.363776904601735
2270,-8.363776904601735
2271,-8.363776904601735
2272,-8.363776904601735
2273,-8.363776904601735
2274,-8.363776904601735
2275,-8.363776904601735
2276,-8.363776904601735
2277,-8.363776904601735
2278,-8.363776904601735
2279,-8.363776904601735
2280,-8.363776904601735
2281,-8.363776904601735
2282,-8.363776904601735
2283,-8.363776904601735
2284,-8.363776904601735
2285,-8.363776904601735
2286,-8.363776904601735
2287,-8.363776904601735
2288,-8.363776904601735
2289,-8.363776904601735
2290,-8.363776904601735
2291,-8.363776904601735
2292,-8.363776904601735
2293,-8.363776904601735
2294,-8.363776904601735
2295,-8.363776904601735
2296,-8.363776904601735
2297,-8.363776904601735
2298,-8.363776904601735
2299,-8.363776904601735
2300,-8.363776904601735
2301,-8.363776904601735
2302,-8.363776904601735
2303,-8.363776904601735
2304,-8.363776904601735
2305,-8.363776904601735
2306,-8.363776904601735
2307,-8.363776904601735
2308,-8.363776904601735
2309,-8.363776904601735
2310,-8.363776904601735
2311,-8.363776904601735
2312,-8.363776904601735
2313,-8.363776904601735
2314,-8.363776904601735
2315,-8.363776904601735
2316,-8.363776904601735
2317,-8.363776904601735
2318,-8.363776904601735
2319,-8.363776904601735
2320,-8.363776904601735
2321,-8.363776904601735
2322,-8.363776904601735
2323,-8.363776904601735
2324,-8.363776904601735
2325,-8.363776904601735
2326,-8.363776904601735
2327,-8.363776904601735
2328,-8.363776904601735
2329,-8.363776904601735
2330,-8.363776904601735
2331,-8.363776904601735
2332,-8.363776904601735
2333,-8.363776904601735
2334,-8.363776904601735
2335,-8.363776904601735
2336,-8.363776904601735
2337,-8.363776904601735
2338,-8.363776904601735
2339,-8.363776904601735
2340,-8.363776904601735
2341,-8.363776904601735
2342,-8.363776904601735
2343,-8.363776904601735
2344,-8.363776904601735
2345,-8.363776904601735
2346,-8.363776904601735
2347,-8.363776904601735
2348,-8.363776904601735
2349,-8.363776904601735
2350,-8.363776904601735
2351,-8.363776904601735
2352,-8.363776904601735
2353,-8.363776904601735
2354,-8.363776904601735
2355,-8.363776904601735
2356,-8.363776904601735
2357,-8.363776904601735
2358,-8.363776904601735
2359,-8.363776904601735
2360,-8.363776904601735
2361,-8.363776904601735
2362,-8.363776904601735
2363,-8.363776904601735
2364,-8.363776904601735
2365,-8.363776904601735
2366,-8.363776904601735
2367,-8.363776904601735
2368,-8.363776904601735
2369,-8.363776904601735
2370,-8.363776904601735
2371,-8.363776904601735
2372,-8.363776904601735
2373,-8.363776904601735
2374,-8.363776904601735
2375,-8.363776904601735
2376,-8.363776904601735
2377,-8.363776904601735
2378,-8.363776904601735
2379,-8.363776904601735
2380,-8.363776904601735
2381,-8.363776904601735
2382,-8.363776904601735
2383,-8.363776904601735
2384,-8.363776904601735
2385,-8.363776904601735
2386,-8.363776904601735
2387,-8.363776904601735
2388,-8.363776904601735
2389,-8.363776904601735
2390,-8.363776904601735
2391,-8.363776904601735
2392,-8.363776904601735
2393,-8.363776904601735
2394,-8.363776904601735
2395,-8.363776904601735
2396,-8.363776904601735
2397,-8.363776904601735
2398,-8.363776904601735
2399,-8.363776904601735
2400,-8.363776904601735
2401,-8.363776904601735
2402,-8.363776904601735
2403,-8.363776904601735
2404,-8.363776904601735
2405,-8.363776904601735
2406,-8.363776904601735
2407,-8.363776904601735
2408,-8.363776904601735
2409,-8.363776904601735
2410,-8.363776904601735
2411,-8.363776904601735
2412,-8.363776904601735
2413,-8.363776904601735
2414,-8.363776904601735
2415,-8.363776904601735
2416,-8.363776904601735
2417,-8.363776904601735
2418,-8.363776904601735
2419,-8.363776904601735
2420,-8.363776904601735
2421,-8.363776904601735
2422,-8.363776904601735
2423,-8.363776904601735
2424,-8.363776904601735
2425,-8.363776904601735
2426,-8.363776904601735
2427,-8.363776904601735
2428,-8.363776904601735
2429,-8.363776904601735
2430,-8.363776904601735
2431,-8.363776904601735
2432,-8.363776904601735
2433,-8.363776904601735
2434,-8.363776904601735
2435,-8.363776904601735
2436,-8.363776904601735
2437,-8.363776904601735
2438,-8.363776904601735
2439,-8.363776904601735
2440,-8.363776904601735
2441,-8.363776904601735
2442,-8.363776904601735
2443,-8.363776904601735
2444,-8.363776904601735
2445,-8.363776904601735
2446,-8.363776904601735
2447,-8.363776904601735
2448,-8.363776904601735
2449,-8.363776904601735
2450,-8.363776904601735
2451,-8.363776904601735
2452,-8.363776904601735
2453,-8.363776904601735
2454,-8.363776904601735
2455,-8.363776904601735
2456,-8.363776904601735
2457,-8.363776904601735
2458,-8.363776904601735
2459,-8.363776904601735
2460,-8.363776904601735
2461,-8.363776904601735
2462,-8.363776904601735
2463,-8.363776904601735
2464,-8.363776904601735
2465,-8.363776904601735
2466,-8.363776904601735
2467,-8.363776904601735
2468,-8.363776904601735
2469,-8.363776904601735
2470,-8.363776904601735
2471,-8.363776904601735
2472,-8.363776904601735
2473,-8.363776904601735
2474,-8.363776904601735
2475,-8.363776904601735
2476,-8.363776904601735
2477,-8.363776904601735
2478,-8.363776904601735
2479,-8.363776904601735
2480,-8.363776904601735
2481,-8.363776904601735
2482,-8.363776904601735
2483,-8.363776904601735
2484,-8.363776904601735
2485,-8.363776904601735
2486,-8.363776904601735
2487,-8.363776904601735
2488,-8.363776904601735
2489,-8.363776904601735
2490,-8.363776904601735
2491,-8.363776904601735
2492,-8.363776904601735
2493,-8.363776904601735
2494,-8.363776904601735
2495,-8.363776904601735
2496,-8.363776904601735
2497,-8.363776904601735
2498,-8.363776904601735
2499,-8.363776904601735
2500,-8.363776904601735
2501,-8.363776904601735
2502,-8.363776904601735
2503,-8.363776904601735
2504,-8.363776904601735
2505,-8.363776904601735
2506,-8.363776904601735
2507,-8.363776904601735
2508,-8.363776904601735
2509,-8.363776904601735
2510,-8.363776904601735
2511,-8.363776904601735
2512,-8.363776904601735
2513,-8.363776904601735
2514,-8.363776904601735
2515,-8.363776904601735
2516,-8.363776904601735
2517,-8.363776904601735
2518,-8.363776904601735
2519,-8.363776904601735
2520,-8.363776904601735
2521,-8.363776904601735
2522,-8.363776904601735
2523,-8.363776904601735
2524,-8.363776904601735
2525,-8.363776904601735
2526,-8.363776904601735
2527,-8.363776904601735
2528,-8.363776904601735
2529,-8.363776904601735
2530,-8.363776904601735
2531,-8.363776904601735
2532,-8.363776904601735
2533,-8.363776904601735
2534,-8.363776904601735
2535,-8.363776904601735
2536,-8.363776904601735
2537,-8.363776904601735
2538,-8.363776904601735
2539,-8.363776904601735
2540,-8.363776904601735
2541,-8.363776904601735
2542,-8.363776904601735
2543,-8.363776904601735
2544,-8.363776904601735
2545,-8.363776904601735
2546,-8.363776904601735
2547,-8.363776904601735
2548,-8.363776904601735
2549,-8.363776904601735
2550,-8.363776904601735
2551,-8.363776904601735
2552,-8.363776904601735
2553,-8.363776904601735
2554,-8.363776904601735
2555,-8.363776904601735
2556,-8.363776904601735
2557,-8.363776904601735
2558,-8.363776904601735
2559,-8.363776904601735
2560,-8.363776904601735
2561,-8.363776904601735
2562,-8.363776904601735
2563,-8.363776904601735
2564,-8.363776904601735
2565,-8.363776904601735
2566,-8.363776904601735
2567,-8.363776904601735
2568,-8.363776904601735
2569,-8.363776904601735
2570,-8.363776904601735
2571,-8.363776904601735
2572,-8.363776904601735
2573,-8.363776904601735
2574,-8.363776904601735
2575,-8.363776904601735
2576,-8.363776904601735
2577,-8.363776904601735
2578,-8.363776904601735
2579,-8.363776904601735
2580,-8.363776904601735
2581,-8.363776904601735
2582,-8.363776904601735
2583,-8.363776904601735
2584,-8.363776904601735
2585,-8.363776904601735
2586,-8.363776904601735
2587,-8.363776904601735
2588,-8.363776904601735
2589,-8.363776904601735
2590,-8.363776904601735
2591,-8.363776904601735
2592,-8.363776904601735
2593,-8.363776904601735
2594,-8.363776904601735
2595,-8.363776904601735
2596,-8.363776904601735
2597,-8.363776904601735
2598,-8.363776904601735
2599,-8.363776904601735
2600,-8.363776904601735
2601,-8.363776904601735
2602,-8.363776904601735
2603,-8.363776904601735
2604,-8.363776904601735
2605,-8.363776904601735
2606,-8.363776904601735
2607,-8.363776904601735
2608,-8.363776904601735
2609,-8.363776904601735
2610,-8.363776904601735
2611,-8.363776904601735
2612,-8.363776904601735
2613,-8.363776904601735
2614,-8.363776904601735
2615,-8.363776904601735
2616,-8.363776904601735
2617,-8.363776904601735
2618,-8.363776904601735
2619,-8.363776904601735
2620,-8.363776904601735
2621,-8.363776904601735
2622,-8.363776904601735
2623,-8.363776904601735
2624,-8.363776904601735
2625,-8.363776904601735
2626,-8.363776904601735
2627,-8.363776904601735
2628,-8.363776904601735
2629,-8.363776904601735
2630,-8.363776904601735
2631,-8.363776904601735
2632,-8.363776904601735
2633,-8.363776904601735
2634,-8.363776904601735
2635,-8.363776904601735
2636,-8.363776904601735
2637,-8.363776904601735
2638,-8.363776904601735
2639,-8.363776904601735
2640,-8.363776904601735
2641,-8.363776904601735
2642,-8.363776904601735
2643,-8.363776904601735
2644,-8.363776904601735
2645,-8.363776904601735
2646,-8.363776904601735
2647,-8.363776904601735
2648,-8.363776904601735
2649,-8.363776904601735
2650,-8.363776904601735
2651,-8.363776904601735
2652,-8.363776904601735
2653,-8.363776904601735
2654,-8.363776904601735
2655,-8.363776904601735
2656,-8.363776904601735
2657,-8.363776904601735
2658,-8.363776904601735
2659,-8.363776904601735
2660,-8.363776904601735
2661,-8.363776904601735
2662,-8.363776904601735
2663,-8.363776904601735
2664,-8.363776904601735
2665,-8.363776904601735
2666,-8.363776904601735
2667,-8.363776904601735
2668,-8.363776904601735
2669,-8.363776904601735
2670,-8.363776904601735
2671,-8.363776904601735
2672,-8.363776904601735
2673,-8.363776904601735
2674,-8.363776904601735
2675,-8.363776904601735
2676,-8.363776904601735
2677,-8.363776904601735
2678,-8.363776904601735
2679,-8.363776904601735
2680,-8.363776904601735
2681,-8.363776904601735
2682,-8.363776904601735
2683,-8.363776904601735
2684,-8.363776904601735
2685,-8.363776904601735
2686,-8.363776904601735
2687,-8.363776904601735
2688,-8.363776904601735
2689,-8.363776904601735
2690,-8.363776904601735
2691,-8.363776904601735
2692,-8.363776904601735
2693,-8.363776904601735
2694,-8.363776904601735
2695,-8.363776904601735
2696,-8.363776904601735
2697,-8.363776904601735
2698,-8.363776904601735
2699,-8.363776904601735
2700,-8.363776904601735
2701,-8.363776904601735
2702,-8.363776904601735
2703,-8.363776904601735
2704,-8.363776904601735
2705,-8.363776904601735
2706,-8.363776904601735
2707,-8.363776904601735
2708,-8.363776904601735
2709,-8.363776904601735
2710,-8.363776904601735
2711,-8.363776904601735
2712,-8.363776904601735
2713,-8.363776904601735
2714,-8.363776904601735
2715,-8.363776904601735
2716,-8.363776904601735
2717,-8.363776904601735
2718,-8.363776904601735
2719,-8.363776904601735
2720,-8.363776904601735
2721,-8.363776904601735
2722,-8.363776904601735
2723,-8.363776904601735
2724,-8.363776904601735
2725,-8.363776904601735
2726,-8.363776904601735
2727,-8.363776904601735
2728,-8.363776904601735
2729,-8.363776904601735
2730,-8.363776904601735
2731,-8.363776904601735
2732,-8.363776904601735
2733,-8.363776904601735
2734,-8.363776904601735
2735,-8.363776904601735
2736,-8.363776904601735
2737,-8.363776904601735
2738,-8.363776904601735
2739,-8.363776904601735
2740,-8.363776904601735
2741,-8.363776904601735
2742,-8.363776904601735
2743,-8.363776904601735
2744,-8.363776904601735
2745,-8.363776904601735
2746,-8.363776904601735
2747,-8.363776904601735
2748,-8.363776904601735
2749,-8.363776904601735
2750,-8.363776904601735
2751,-8.363776904601735
2752,-8.363776904601735
2753,-8.363776904601735
2754,-8.363776904601735
2755,-8.363776904601735
2756,0.4908257161598341
2757,0.4908257161598341
2758,0.4908257161598341
2759,0.4908257161598341
2760,0.4908257161598341
2761,0.4908257161598341
2762,0.4908257161598341
2763,0.4908257161598341
2764,0.4908257161598341
2765,0.4908257161598341
2766,0.4908257161598341
2767,0.4908257161598341
2768,0.4908257161598341
2769,0.4908257161598341
2770,0.4908257161598341
2771,0.4908257161598341
2772,0.4908257161598341
2773,0.4908257161598341
2774,0.4908257161598341
2775,0.4908257161598341
2776,0.4908257161598341
2777,0.4908257161598341
2778,0.4908257161598341
2779,0.4908257161598341
2780,0.4908257161598341
2781,0.4908257161598341
2782,0.4908257161598341
2783,0.4908257161598341
2784,0.4908257161598341
2785,0.4908257161598341
2786,0.4908257161598341
2787,0.4908257161598341
2788,0.4908257161598341
2789,0.4908257161598341
2790,0.4908257161598341
2791,0.4908257161598341
2792,0.4908257161598341
2793,0.4908257161598341
2794,0.4908257161598341
2795,0.4908257161598341
2796,0.4908257161598341
2797,0.4908257161598341
2798,0.4908257161598341
2799,0.4908257161598341
2800,0.4908257161598341
2801,0.4908257161598341
2802,0.4908257161598341
2803,0.4908257161598341
2804,0.4908257161598341
2805,0.4908257161598341
2806,0.4908257161598341
2807,0.4908257161598341
2808,0.4908257161598341
2809,0.4908257161598341
2810,0.4908257161598341
2811,0.4908257161598341
2812,0.4908257161598341
2813,0.4908257161598341
2814,0.4908257161598341
2815,0.4908257161598341
2816,0.4908257161598341
2817,0.4908257161598341
2818,0.4908257161598341
2819,0.4908257161598341
2820,0.4908257161598341
2821,0.4908257161598341
2822,0.4908257161598341
2823,0.4908257161598341
2824,0.4908257161598341
2825,0.4908257161598341
2826,0.4908257161598341
2827,0.4908257161598341
2828,0.4908257161598341
2829,0.4908257161598341
2830,0.4908257161598341
2831,0.4908257161598341
2832,0.4908257161598341
2833,0.4908257161598341
2834,0.4908257161598341
2835,0.4908257161598341
2836,0.4908257161598341
2837,0.4908257161598341
2838,0.4908257161598341
2839,0.4908257161598341
2840,0.4908257161598341
2841,0.4908257161598341
2842,0.4908257161598341
2843,0.4908257161598341
2844,0.4908257161598341
2845,0.4908257161598341
2846,0.4908257161598341
2847,0.4908257161598341
2848,0.4908257161598341
2849,0.4908257161598341
2850,0.4908257161598341
2851,0.4908257161598341
2852,0.4908257161598341
2853,0.4908257161598341
2854,0.4908257161598341
2855,0.4908257161598341
2856,0.4908257161598341
2857,0.4908257161598341
2858,0.4908257161598341
2859,0.4908257161598341
2860,0.4908257161598341
2861,0.4908257161598341
2862,0.4908257161598341
2863,0.4908257161598341
2864,0.4908257161598341
2865,0.4908257161598341
2866,0.4908257161598341
2867,0.4908257161598341
2868,0.4908257161598341
2869,0.4908257161598341
2870,0.4908257161598341
2871,0.4908257161598341
2872,0.4908257161598341
2873,0.4908257161598341
2874,0.4908257161598341
2875,0.4908257161598341
2876,0.4908257161598341
2877,0.4908257161598341
2878,0.4908257161598341
2879,0.4908257161598341
2880,0.4908257161598341
2881,0.4908257161598341
2882,0.4908257161598341
2883,0.4908257161598341
2884,0.4908257161598341
2885,0.4908257161598341
2886,0.4908257161598341
2887,0.4908257161598341
2888,0.4908257161598341
2889,0.4908257161598341
2890,0.4908257161598341
2891,0.4908257161598341
2892,0.4908257161598341
2893,0.4908257161598341
2894,0.4908257161598341
2895,0.4908257161598341
2896,0.4908257161598341
2897,0.4908257161598341
2898,0.4908257161598341
2899,0.4908257161598341
2900,0.4908257161598341
2901,0.4908257161598341
2902,0.4908257161598341
2903,0.4908257161598341
2904,0.4908257161598341
2905,0.4908257161598341
2906,0.4908257161598341
2907,0.4908257161598341
2908,0.4908257161598341
2909,0.4908257161598341
2910,0.4908257161598341
2911,0.4908257161598341
2912,0.4908257161598341
2913,0.4908257161598341
2914,0.4908257161598341
2915,0.4908257161598341
2916,0.4908257161598341
2917,0.4908257161598341
2918,0.4908257161598341
2919,0.4908257161598341
2920,0.4908257161598341
2921,0.4908257161598341
2922,0.4908257161598341
2923,0.4908257161598341
2924,0.4908257161598341
2925,0.4908257161598341
2926,0.4908257161598341
2927,0.4908257161598341
2928,0.4908257161598341
2929,0.4908257161598341
2930,0.4908257161598341
2931,0.4908257161598341
2932,0.4908257161598341
2933,0.4908257161598341
2934,0.4908257161598341
2935,0.4908257161598341
2936,0.4908257161598341
2937,0.4908257161598341
2938,0.4908257161598341
2939,0.4908257161598341
2940,0.4908257161598341
2941,0.4908257161598341
2942,0.4908257161598341
2943,0.4908257161598341
2944,0.4908257161598341
2945,0.4908257161598341
2946,0.4908257161598341
2947,0.4908257161598341
2948,0.4908257161598341
2949,0.4908257161598341
2950,0.4908257161598341
2951,0.4908257161598341
2952,0.4908257161598341
2953,0.4908257161598341
2954,0.4908257161598341
2955,0.4908257161598341
2956,0.4908257161598341
2957,0.4908257161598341
2958,0.4908257161598341
2959,0.4908257161598341
2960,0.4908257161598341
2961,0.1936914000268955
2962,0.1936914000268955
2963,0.1936914000268955
2964,0.1936914000268955
2965,0.1936914000268955
2966,0.1936914000268955
2967,0.1936914000268955
2968,0.1936914000268955
2969,0.1936914000268955
2970,0.1936914000268955
2971,0.1936914000268955
2972,0.1936914000268955
2973,0.1936914000268955
2974,0.1936914000268955
2975,0.1936914000268955
2976,0.1936914000268955
2977,0.1936914000268955
2978,0.1936914000268955
2979,0.1936914000268955
2980,0.1936914000268955
2981,0.1936914000268955
2982,0.1936914000268955
2983,0.1936914000268955
2984,0.1936914000268955
2985,0.1936914000268955
2986,0.1936914000268955
2987,0.1936914000268955
2988,0.1936914000268955
2989,0.1936914000268955
2990,0.1936914000268955
2991,0.1936914000268955
2992,0.1936914000268955
2993,0.1936914000268955
2994,0.1936914000268955
2995,0.1936914000268955
2996,0.1936914000268955
2997,0.1936914000268955
2998,0.1936914000268955
2999,0.1936914000268955
3000,0.1936914000268955
3001,0.1936914000268955
3002,0.1936914000268955
3003,0.1936914000268955
3004,0.1936914000268955
3005,0.1936914000268955
3006,0.1936914000268955
3007,0.1936914000268955
3008,0.1936914000268955
3009,0.1936914000268955
3010,0.1936914000268955
3011,0.1936914000268955
3012,0.1936914000268955
3013,0.1936914000268955
3014,0.1936914000268955
3015,0.1936914000268955
3016,0.1936914000268955
3017,0.1936914000268955
3018,0.1936914000268955
3019,0.1936914000268955
3020,0.1936914000268955
3021,0.1936914000268955
3022,0.1936914000268955
3023,0.1936914000268955
3024,0.1936914000268955
3025,0.1936914000268955
3026,0.1936914000268955
3027,0.1936914000268955
3028,0.1936914000268955
3029,0.1936914000268955
3030,0.1936914000268955
3031,0.1936914000268955
3032,0.1936914000268955
3033,0.1936914000268955
3034,0.1936914000268955
3035,0.1936914000268955
3036,0.1936914000268955
3037,0.1936914000268955
3038,0.1936914000268955
3039,0.1936914000268955
3040,0.1936914000268955
3041,0.1936914000268955
3042,0.1936914000268955
3043,0.1936914000268955
3044,0.1936914000268955
3045,0.1936914000268955
3046,0.1936914000268955
3047,0.1936914000268955
3048,0.1936914000268955
3049,0.1936914000268955
3050,0.1936914000268955
3051,0.1936914000268955
3052,0.1936914000268955
3053,0.1936914000268955
3054,0.1936914000268955
3055,0.1936914000268955
3056,0.1936914000268955
3057,0.1936914000268955
3058,0.1936914000268955
3059,0.1936914000268955
3060,0.1936914000268955
3061,0.1936914000268955
3062,0.1936914000268955
3063,0.1936914000268955
3064,0.1936914000268955
3065,0.1936914000268955
3066,0.1936914000268955
3067,0.1936914000268955
3068,0.1936914000268955
3069,0.1936914000268955
3070,0.1936914000268955
3071,0.1936914000268955
3072,0.1936914000268955
3073,0.1936914000268955
3074,0.1936914000268955
3075,0.1936914000268955
3076,0.1936914000268955
3077,0.1936914000268955
3078,0.1936914000268955
3079,0.1936914000268955
3080,0.1936914000268955
3081,0.1936914000268955
3082,0.1936914000268955
3083,0.1936914000268955
3084,0.1936914000268955
3085,0.1936914000268955
3086,0.1936914000268955
3087,0.1936914000268955
3088,0.1936914000268955
3089,0.1936914000268955
3090,0.1936914000268955
3091,0.1936914000268955
3092,0.1936914000268955
3093,0.1936914000268955
3094,0.1936914000268955
3095,0.1936914000268955
3096,0.1936914000268955
3097,0.1936914000268955
3098,0.1936914000268955
3099,0.1936914000268955
3100,0.1936914000268955
3101,0.1936914000268955
3102,0.1936914000268955
3103,0.1936914000268955
3104,0.1936914000268955
3105,0.1936914000268955
3106,0.1936914000268955
3107,0.1936914000268955
3108,0.1936914000268955
3109,0.1936914000268955
3110,0.1936914000268955
3111,0.1936914000268955
3112,0.1936914000268955
3113,0.1936914000268955
3114,0.1936914000268955
3115,0.1936914000268955
3116,0.1936914000268955
3117,0.1936914000268955
3118,0.1936914000268955
3119,0.1936914000268955
3120,0.1936914000268955
3121,0.1936914000268955
3122,0.1936914000268955
3123,0.1936914000268955
3124,0.1936914000268955
3125,0.1936914000268955
3126,0.1936914000268955
3127,0.1936914000268955
3128,0.1936914000268955
3129,0.1936914000268955
3130,0.1936914000268955
3131,0.1936914000268955
3132,0.1936914000268955
3133,0.1936914000268955
3134,0.1936914000268955
3135,0.1936914000268955
3136,0.1936914000268955
3137,0.1936914000268955
3138,0.1936914000268955
3139,0.1936914000268955
3140,0.1936914000268955
3141,0.1936914000268955
3142,0.1936914000268955
3143,0.1936914000268955
3144,0.1936914000268955
3145,0.1936914000268955
3146,0.1936914000268955
3147,0.1936914000268955
3148,0.1936914000268955
3149,0.1936914000268955
3150,0.1936914000268955
3151,0.1936914000268955
3152,0.1936914000268955
3153,0.1936914000268955
3154,0.1936914000268955
3155,0.1936914000268955
3156,0.1936914000268955
3157,0.1936914000268955
3158,0.1936914000268955
3159,0.1936914000268955
3160,0.1936914000268955
3161,0.1936914000268955
3162,0.1936914000268955
3163,0.1936914000268955
3164,0.1936914000268955
3165,0.1936914000268955
3166,0.1936914000268955
3167,0.1936914000268955
3168,0.1936914000268955
3169,0.1936914000268955
3170,0.1936914000268955
3171,0.1936914000268955
3172,0.1936914000268955
3173,0.1936914000268955
3174,0.1936914000268955
3175,0.1936914000268955
3176,0.1936914000268955
3177,0.1936914000268955
3178,0.1936914000268955
3179,0.1936914000268955
3180,0.1936914000268955
3181,0.1936914000268955
3182,0.1936914000268955
3183,0.1936914000268955
3184,0.1936914000268955
3185,0.1936914000268955
3186,0.1936914000268955
3187,0.1936914000268955
3188,0.1936914000268955
3189,0.1936914000268955
3190,0.1936914000268955
3191,0.1936914000268955
3192,0.1936914000268955
3193,0.1936914000268955
3194,0.1936914000268955
3195,0.1936914000268955
3196,0.1936914000268955
3197,0.1936914000268955
3198,0.1936914000268955
3199,0.1936914000268955
3200,0.1936914000268955
3201,0.1936914000268955
3202,0.1936914000268955
3203,0.1936914000268955
3204,0.1936914000268955
3205,0.1936914000268955
3206,0.1936914000268955
3207,0.1936914000268955
3208,0.1936914000268955
3209,0.1936914000268955
3210,0.1936914000268955
3211,0.1936914000268955
3212,0.1936914000268955
3213,0.1936914000268955
3214,0.1936914000268955
3215,0.1936914000268955
3216,0.1936914000268955
3217,0.1936914000268955
3218,0.1936914000268955
3219,0.1936914000268955
3220,0.1936914000268955
3221,0.1936914000268955
3222,0.1936914000268955
3223,0.1936914000268955
3224,0.1936914000268955
3225,0.1936914000268955
3226,0.1936914000268955
3227,0.1936914000268955
3228,0.1936914000268955
3229,0.1936914000268955
3230,0.1936914000268955
3231,0.1936914000268955
3232,0.1936914000268955
3233,0.1936914000268955
3234,0.1936914000268955
3235,0.1936914000268955
3236,0.1936914000268955
3237,0.1936914000268955
3238,0.1936914000268955
3239,0.1936914000268955
3240,0.1936914000268955
3241,0.1936914000268955
3242,0.1936914000268955
3243,0.1936914000268955
3244,0.1936914000268955
3245,0.1936914000268955
3246,0.1936914000268955
3247,0.1936914000268955
3248,0.1936914000268955
3249,0.1936914000268955
3250,0.1936914000268955
3251,0.1936914000268955
3252,0.1936914000268955
3253,0.1936914000268955
3254,0.1936914000268955
3255,0.1936914000268955
3256,0.1936914000268955
3257,0.1936914000268955
3258,0.1936914000268955
3259,0.1936914000268955
3260,0.1936914000268955
3261,0.1936914000268955
3262,0.1936914000268955
3263,0.1936914000268955
3264,0.1936914000268955
3265,0.1936914000268955
3266,0.1936914000268955
3267,0.1936914000268955
3268,0.1936914000268955
3269,0.1936914000268955
3270,0.1936914000268955
3271,0.1936914000268955
3272,0.1936914000268955
3273,0.1936914000268955
3274,0.1936914000268955
3275,0.1936914000268955
3276,0.1936914000268955
3277,0.1936914000268955
3278,0.1936914000268955
3279,0.1936914000268955
3280,0.1936914000268955
3281,0.1936914000268955
3282,0.1936914000268955
3283,0.1936914000268955
3284,0.1936914000268955
3285,0.1936914000268955
3286,0.1936914000268955
3287,0.1936914000268955
3288,0.1936914000268955
3289,0.1936914000268955
3290,0.1936914000268955
3291,0.1936914000268955
3292,0.1936914000268955
3293,0.1936914000268955
3294,0.1936914000268955
3295,0.1936914000268955
3296,0.1936914000268955
3297,0.1936914000268955
3298,0.1936914000268955
3299,0.1936914000268955
3300,0.1936914000268955
3301,0.1936914000268955
3302,0.1936914000268955
3303,0.1936914000268955
3304,0.1936914000268955
3305,0.1936914000268955
3306,0.1936914000268955
3307,0.1936914000268955
3308,0.1936914000268955
3309,0.1936914000268955
3310,0.1936914000268955
3311,0.1936914000268955
3312,0.1936914000268955
3313,0.1936914000268955
3314,0.1936914000268955
3315,0.1936914000268955
3316,0.1936914000268955
3317,0.1936914000268955
3318,0.1936914000268955
3319,0.1936914000268955
3320,0.1936914000268955
3321,0.1936914000268955
3322,0.1936914000268955
3323,0.1936914000268955
3324,0.1936914000268955
3325,0.1936914000268955
3326,0.1936914000268955
3327,0.1936914000268955
3328,0.1936914000268955
3329,0.1936914000268955
3330,0.1936914000268955
3331,0.1936914000268955
3332,0.1936914000268955
3333,0.1936914000268955
3334,0.1936914000268955
3335,0.1936914000268955
3336,0.1936914000268955
3337,0.1936914000268955
3338,0.1936914000268955
3339,0.1936914000268955
3340,0.1936914000268955
3341,0.1936914000268955
3342,0.1936914000268955
3343,0.1936914000268955
3344,0.1936914000268955
3345,0.1936914000268955
3346,0.1936914000268955
3347,0.1936914000268955
3348,0.1936914000268955
3349,0.1936914000268955
3350,0.1936914000268955
3351,0.1936914000268955
3352,0.1936914000268955
3353,0.1936914000268955
3354,0.1936914000268955
3355,0.1936914000268955
3356,0.1936914000268955
3357,0.1936914000268955
3358,0.1936914000268955
3359,0.1936914000268955
3360,0.1936914000268955
3361,0.1936914000268955
3362,0.1936914000268955
3363,0.1936914000268955
3364,0.1936914000268955
3365,0.1936914000268955
3366,0.1936914000268955
3367,0.1936914000268955
3368,0.1936914000268955
3369,0.1936914000268955
3370,0.1936914000268955
3371,0.1936914000268955
3372,0.1936914000268955
3373,0.1936914000268955
3374,0.1936914000268955
3375,0.1936914000268955
3376,0.1936914000268955
3377,0.1936914000268955
3378,0.1936914000268955
3379,0.1936914000268955
3380,0.1936914000268955
3381,0.1936914000268955
3382,0.1936914000268955
3383,0.1936914000268955
3384,0.1936914000268955
3385,0.1936914000268955
3386,0.1936914000268955
3387,0.1936914000268955
3388,0.1936914000268955
3389,0.1936914000268955
3390,0.1936914000268955
3391,0.1936914000268955
3392,6.07695085945908
3393,6.07695085945908
3394,6.07695085945908
3395,6.07695085945908
3396,6.07695085945908
3397,6.07695085945908
3398,6.07695085945908
3399,6.07695085945908
3400,6.07695085945908
3401,6.07695085945908
3402,6.07695085945908
3403,6.07695085945908
3404,6.07695085945908
3405,6.07695085945908
3406,6.07695085945908
3407,6.07695085945908
3408,6.07695085945908
3409,6.07695085945908
3410,6.07695085945908
3411,6.07695085945908
3412,6.07695085945908
3413,6.07695085945908
3414,6.07695085945908
3415,6.07695085945908
3416,6.07695085945908
3417,6.07695085945908
3418,6.07695085945908
3419,6.07695085945908
3420,6.07695085945908
3421,6.07695085945908
3422,6.07695085945908
3423,6.07695085945908
3424,6.07695085945908
3425,6.07695085945908
3426,6.07695085945908
3427,6.07695085945908
3428,6.07695085945908
3429,6.07695085945908
3430,6.07695085945908
3431,6.07695085945908
3432,6.07695085945908
3433,6.07695085945908
3434,6.07695085945908
3435,6.07695085945908
3436,6.07695085945908
3437,6.07695085945908
3438,6.07695085945908
3439,6.07695085945908
3440,6.07695085945908
3441,6.07695085945908
3442,6.07695085945908
3443,6.07695085945908
3444,6.07695085945908
3445,6.07695085945908
3446,6.07695085945908
3447,6.07695085945908
3448,6.07695085945908
3449,6.07695085945908
3450,6.07695085945908
3451,6.07695085945908
3452,6.07695085945908
3453,6.07695085945908
3454,6.07695085945908
3455,6.07695085945908
3456,6.07695085945908
3457,6.07695085945908
3458,6.07695085945908
3459,6.07695085945908
3460,6.07695085945908
3461,6.07695085945908
3462,6.07695085945908
3463,6.07695085945908
3464,6.07695085945908
3465,6.07695085945908
3466,6.07695085945908
3467,6.07695085945908
3468,6.07695085945908
3469,6.07695085945908
3470,6.07695085945908
3471,6.07695085945908
3472,6.07695085945908
3473,6.07695085945908
3474,6.07695085945908
3475,6.07695085945908
3476,6.07695085945908
3477,6.07695085945908
3478,6.07695085945908
3479,6.07695085945908
3480,6.07695085945908
3481,6.07695085945908
3482,6.07695085945908
3483,6.07695085945908
3484,6.07695085945908
3485,6.07695085945908
3486,6.07695085945908
3487,6.07695085945908
3488,6.07695085945908
3489,6.07695085945908
3490,6.07695085945908
3491,6.07695085945908
3492,6.07695085945908
3493,6.07695085945908
3494,6.07695085945908
3495,6.07695085945908
3496,6.07695085945908
3497,6.07695085945908
3498,6.07695085945908
3499,6.07695085945908
3500,6.07695085945908
3501,6.07695085945908
3502,6.07695085945908
3503,6.07695085945908
3504,6.07695085945908
3505,6.07695085945908
3506,6.07695085945908
3507,6.07695085945908
3508,6.07695085945908
3509,6.07695085945908
3510,6.07695085945908
3511,6.07695085945908
3512,6.07695085945908
3513,6.07695085945908
3514,6.07695085945908
3515,6.07695085945908
3516,6.07695085945908
3517,6.07695085945908
3518,6.07695085945908
3519,6.07695085945908
3520,6.07695085945908
3521,6.07695085945908
3522,6.07695085945908
3523,6.07695085945908
3524,6.07695085945908
3525,6.07695085945908
3526,6.07695085945908
3527,6.07695085945908
3528,6.07695085945908
3529,6.07695085945908
3530,6.07695085945908
3531,6.07695085945908
3532,6.07695085945908
3533,6.07695085945908
3534,6.07695085945908
3535,6.07695085945908
3536,6.07695085945908
3537,6.07695085945908
3538,6.07695085945908
3539,6.07695085945908
3540,6.07695085945908
3541,6.07695085945908
3542,6.07695085945908
3543,6.07695085945908
3544,6.07695085945908
3545,6.07695085945908
3546,6.07695085945908
3547,6.07695085945908
3548,6.07695085945908
3549,6.07695085945908
3550,6.07695085945908
3551,6.07695085945908
3552,6.07695085945908
3553,6.07695085945908
3554,6.07695085945908
3555,6.07695085945908
3556,6.07695085945908
3557,6.07695085945908
3558,6.07695085945908
3559,6.07695085945908
3560,6.07695085945908
3561,6.07695085945908
3562,6.07695085945908
3563,6.07695085945908
3564,6.07695085945908
3565,6.07695085945908
3566,6.07695085945908
3567,6.07695085945908
3568,6.07695085945908
3569,6.07695085945908
3570,6.07695085945908
3571,6.07695085945908
3572,6.07695085945908
3573,6.07695085945908
3574,6.07695085945908
3575,6.07695085945908
3576,6.07695085945908
3577,6.07695085945908
3578,6.07695085945908
3579,6.07695085945908
3580,6.07695085945908
3581,6.07695085945908
3582,6.07695085945908
3583,6.07695085945908
3584,6.07695085945908
3585,6.07695085945908
3586,6.07695085945908
3587,6.07695085945908
3588,6.07695085945908
3589,6.07695085945908
3590,6.07695085945908
3591,6.07695085945908
3592,6.07695085945908
3593,6.07695085945908
3594,6.07695085945908
3595,6.07695085945908
3596,6.07695085945908
3597,6.07695085945908
3598,6.07695085945908
3599,6.07695085945908
3600,6.07695085945908
3601,6.07695085945908
3602,6.07695085945908
3603,6.07695085945908
3604,6.07695085945908
3605,6.07695085945908
3606,6.07695085945908
3607,6.07695085945908
3608,6.07695085945908
3609,6.07695085945908
3610,6.07695085945908
3611,6.07695085945908
3612,6.07695085945908
3613,6.07695085945908
3614,6.07695085945908
3615,6.07695085945908
3616,6.07695085945908
3617,6.07695085945908
3618,6.07695085945908
3619,6.07695085945908
3620,6.07695085945908
3621,6.07695085945908
3622,6.07695085945908
3623,6.07695085945908
3624,6.07695085945908
3625,6.07695085945908
3626,6.07695085945908
3627,6.07695085945908
3628,6.07695085945908
3629,6.07695085945908
3630,6.07695085945908
3631,6.07695085945908
3632,6.07695085945908
3633,6.07695085945908
3634,6.07695085945908
3635,6.07695085945908
3636,6.07695085945908
3637,6.07695085945908
3638,6.07695085945908
3639,6.07695085945908
3640,6.07695085945908
3641,6.07695085945908
3642,6.07695085945908
3643,6.07695085945908
3644,6.07695085945908
3645,6.07695085945908
3646,6.07695085945908
3647,6.07695085945908
3648,6.07695085945908
3649,6.07695085945908
3650,6.07695085945908
3651,6.07695085945908
3652,6.07695085945908
3653,6.07695085945908
3654,6.07695085945908
3655,6.07695085945908
3656,6.07695085945908
3657,6.07695085945908
3658,6.07695085945908
3659,6.07695085945908
3660,6.07695085945908
3661,6.07695085945908
3662,6.07695085945908
3663,6.07695085945908
3664,6.07695085945908
3665,3.699876330395571
3666,3.699876330395571
3667,3.699876330395571
3668,3.699876330395571
3669,3.699876330395571
3670,3.699876330395571
3671,3.699876330395571
3672,3.699876330395571
3673,3.699876330395571
3674,3.699876330395571
3675,3.699876330395571
3676,3.699876330395571
3677,3.699876330395571
3678,3.699876330395571
3679,3.699876330395571
3680,3.699876330395571
3681,3.699876330395571
3682,3.699876330395571
3683,3.699876330395571
3684,3.699876330395571
3685,3.699876330395571
3686,3.699876330395571
3687,3.699876330395571
3688,3.699876330395571
3689,3.699876330395571
3690,3.699876330395571
3691,3.699876330395571
3692,3.699876330395571
3693,3.699876330395571
3694,3.699876330395571
3695,3.699876330395571
3696,3.699876330395571
3697,3.699876330395571
3698,3.699876330395571
3699,3.699876330395571
3700,3.699876330395571
3701,3.699876330395571
3702,3.699876330395571
3703,3.699876330395571
3704,3.699876330395571
3705,3.699876330395571
3706,3.699876330395571
3707,3.699876330395571
3708,3.699876330395571
3709,3.699876330395571
3710,3.699876330395571
3711,3.699876330395571
3712,3.699876330395571
3713,3.699876330395571
3714,3.699876330395571
3715,3.699876330395571
3716,3.699876330395571
3717,3.699876330395571
3718,3.699876330395571
3719,3.699876330395571
3720,3.699876330395571
3721,3.699876330395571
3722,3.699876330395571
3723,3.699876330395571
3724,3.699876330395571
3725,3.699876330395571
3726,3.699876330395571
3727,3.699876330395571
3728,3.699876330395571
3729,3.699876330395571
3730,3.699876330395571
3731,3.699876330395571
3732,3.699876330395571
3733,3.699876330395571
3734,3.699876330395571
3735,3.699876330395571
3736,3.699876330395571
3737,3.699876330395571
3738,3.699876330395571
3739,3.699876330395571
3740,3.699876330395571
3741,3.699876330395571
3742,3.699876330395571
3743,3.699876330395571
3744,3.699876330395571
3745,3.699876330395571
3746,3.699876330395571
3747,3.699876330395571
3748,3.699876330395571
3749,3.699876330395571
3750,3.699876330395571
3751,3.699876330395571
3752,3.699876330395571
3753,3.699876330395571
3754,3.699876330395571
3755,3.699876330395571
3756,3.699876330395571
3757,3.699876330395571
3758,3.699876330395571
3759,3.699876330395571
3760,3.699876330395571
3761,3.699876330395571
3762,3.699876330395571
3763,3.699876330395571
3764,3.699876330395571
3765,3.699876330395571
3766,3.699876330395571
3767,3.699876330395571
3768,3.699876330395571
3769,3.699876330395571
3770,3.699876330395571
3771,3.699876330395571
3772,3.699876330395571
3773,3.699876330395571
3774,3.699876330395571
3775,3.699876330395571
3776,3.699876330395571
3777,3.699876330395571
3778,3.699876330395571
3779,3.699876330395571
3780,3.699876330395571
3781,3.699876330395571
3782,3.699876330395571
3783,3.699876330395571
3784,3.699876330395571
3785,3.699876330395571
3786,3.699876330395571
3787,3.699876330395571
3788,3.699876330395571
3789,3.699876330395571
3790,3.699876330395571
3791,3.699876330395571
3792,3.699876330395571
3793,3.699876330395571
3794,3.699876330395571
3795,3.699876330395571
3796,3.699876330395571
3797,3.699876330395571
3798,3.699876330395571
3799,3.699876330395571
3800,3.699876330395571
3801,3.699876330395571
3802,3.699876330395571
3803,3.699876330395571
3804,3.699876330395571
3805,3.699876330395571
3806,3.699876330395571
3807,3.699876330395571
3808,3.699876330395571
3809,3.699876330395571
3810,3.699876330395571
3811,3.699876330395571
3812,3.699876330395571
3813,3.699876330395571
3814,3.699876330395571
3815,3.699876330395571
3816,3.699876330395571
3817,3.699876330395571
3818,3.699876330395571
3819,3.699876330395571
3820,3.699876330395571
3821,3.699876330395571
3822,3.699876330395571
3823,3.699876330395571
3824,3.699876330395571
3825,3.699876330395571
3826,3.699876330395571
3827,3.699876330395571
3828,3.699876330395571
3829,3.699876330395571
3830,3.699876330395571
3831,3.699876330395571
3832,3.699876330395571
3833,3.699876330395571
3834,3.699876330395571
3835,3.699876330395571
3836,3.699876330395571
3837,3.699876330395571
3838,3.699876330395571
3839,3.699876330395571
3840,3.699876330395571
3841,3.699876330395571
3842,3.699876330395571
3843,3.699876330395571
3844,3.699876330395571
3845,3.699876330395571
3846,3.699876330395571
3847,3.699876330395571
3848,3.699876330395571
3849,3.699876330395571
3850,3.699876330395571
3851,3.699876330395571
3852,3.699876330395571
3853,3.699876330395571
3854,3.699876330395571
3855,3.699876330395571
3856,3.699876330395571
3857,3.699876330395571
3858,3.699876330395571
3859,3.699876330395571
3860,3.699876330395571
3861,3.699876330395571
3862,3.699876330395571
3863,3.699876330395571
3864,3.699876330395571
3865,3.699876330395571
3866,3.699876330395571
3867,3.699876330395571
3868,3.699876330395571
3869,3.699876330395571
3870,3.699876330395571
3871,3.699876330395571
3872,3.699876330395571
3873,3.699876330395571
3874,3.699876330395571
3875,3.699876330395571
3876,3.699876330395571
3877,3.699876330395571
3878,3.699876330395571
3879,3.699876330395571
3880,3.699876330395571
3881,3.699876330395571
3882,3.699876330395571
3883,3.699876330395571
3884,3.699876330395571
3885,3.699876330395571
3886,3.699876330395571
3887,3.699876330395571
3888,3.699876330395571
3889,3.699876330395571
3890,3.699876330395571
3891,3.699876330395571
3892,3.699876330395571
3893,3.699876330395571
3894,3.699876330395571
3895,3.699876330395571
3896,3.699876330395571
3897,3.699876330395571
3898,3.699876330395571
3899,3.699876330395571
3900,3.699876330395571
3901,3.699876330395571
3902,5.30440163751344
3903,5.30440163751344
3904,5.30440163751344
3905,5.30440163751344
3906,5.30440163751344
3907,5.30440163751344
3908,5.30440163751344
3909,5.30440163751344
3910,5.30440163751344
3911,5.30440163751344
3912,5.30440163751344
3913,5.30440163751344
3914,5.30440163751344
3915,5.30440163751344
3916,5.30440163751344
3917,5.30440163751344
3918,5.30440163751344
3919,5.30440163751344
3920,5.30440163751344
3921,5.30440163751344
3922,5.30440163751344
3923,5.30440163751344
3924,5.30440163751344
3925,5.30440163751344
3926,5.30440163751344
3927,5.30440163751344
3928,5.30440163751344
3929,5.30440163751344
3930,5.30440163751344
3931,5.30440163751344
3932,5.30440163751344
3933,5.30440163751344
3934,5.30440163751344
3935,5.30440163751344
3936,5.30440163751344
3937,5.30440163751344
3938,5.30440163751344
3939,5.30440163751344
3940,5.30440163751344
3941,5.30440163751344
3942,5.30440163751344
3943,5.30440163751344
3944,5.30440163751344
3945,5.30440163751344
3946,5.30440163751344
3947,5.30440163751344
3948,5.30440163751344
3949,5.30440163751344
3950,5.30440163751344
3951,5.30440163751344
3952,5.30440163751344
3953,5.30440163751344
3954,5.30440163751344
3955,5.30440163751344
3956,5.30440163751344
3957,5.30440163751344
3958,5.30440163751344
3959,5.30440163751344
3960,5.30440163751344
3961,5.30440163751344
3962,5.30440163751344
3963,5.30440163751344
3964,5.30440163751344
3965,5.30440163751344
3966,5.30440163751344
3967,5.30440163751344
3968,5.30440163751344
3969,5.30440163751344
3970,5.30440163751344
3971,5.30440163751344
3972,5.30440163751344
3973,5.30440163751344
3974,5.30440163751344
3975,5.30440163751344
3976,5.30440163751344
3977,5.30440163751344
3978,5.30440163751344
3979,5.30440163751344
3980,5.30440163751344
3981,5.30440163751344
3982,5.30440163751344
3983,5.30440163751344
3984,5.30440163751344
3985,5.30440163751344
3986,5.30440163751344
3987,5.30440163751344
3988,5.30440163751344
3989,5.30440163751344
3990,5.30440163751344
3991,5.30440163751344
3992,5.30440163751344
3993,5.30440163751344
3994,5.30440163751344
3995,5.30440163751344
3996,5.30440163751344
3997,5.30440163751344
3998,5.30440163751344
3999,5.30440163751344
4000,5.30440163751344
4001,5.30440163751344
4002,5.30440163751344
4003,5.30440163751344
4004,5.30440163751344
4005,5.30440163751344
4006,5.30440163751344
4007,5.30440163751344
4008,5.30440163751344
4009,5.30440163751344
4010,5.30440163751344
4011,5.30440163751344
4012,5.30440163751344
4013,5.30440163751344
4014,5.30440163751344
4015,5.30440163751344
4016,5.30440163751344
4017,5.30440163751344
4018,5.30440163751344
4019,5.30440163751344
4020,5.30440163751344
4021,5.30440163751344
4022,5.30440163751344
4023,5.30440163751344
4024,5.30440163751344
4025,5.30440163751344
4026,5.30440163751344
4027,5.30440163751344
4028,5.30440163751344
4029,5.30440163751344
4030,5.30440163751344
4031,5.30440163751344
4032,5.30440163751344
4033,5.30440163751344
4034,5.30440163751344
4035,5.30440163751344
4036,5.30440163751344
4037,5.30440163751344
4038,5.30440163751344
4039,5.30440163751344
4040,5.30440163751344
4041,5.30440163751344
4042,5.30440163751344
4043,5.30440163751344
4044,5.30440163751344
4045,5.30440163751344
4046,5.30440163751344
4047,5.30440163751344
4048,5.30440163751344
4049,5.30440163751344
4050,5.30440163751344
4051,5.30440163751344
4052,5.30440163751344
4053,5.30440163751344
4054,5.30440163751344
4055,5.30440163751344
4056,5.30440163751344
4057,5.30440163751344
4058,5.30440163751344
4059,5.30440163751344
4060,5.30440163751344
4061,5.30440163751344
4062,5.30440163751344
4063,5.30440163751344
4064,5.30440163751344
4065,5.30440163751344
4066,5.30440163751344
4067,5.30440163751344
4068,5.30440163751344
4069,5.30440163751344
4070,5.30440163751344
4071,5.30440163751344
4072,5.30440163751344
4073,5.30440163751344
4074,5.30440163751344
4075,5.30440163751344
4076,5.30440163751344
4077,5.30440163751344
4078,5.30440163751344
4079,5.30440163751344
4080,5.30440163751344
4081,5.30440163751344
4082,5.30440163751344
4083,5.30440163751344
4084,5.30440163751344
4085,5.30440163751344
4086,5.30440163751344
4087,5.30440163751344
4088,5.30440163751344
4089,5.30440163751344
4090,5.30440163751344
4091,5.30440163751344
4092,5.30440163751344
4093,5.30440163751344
4094,5.30440163751344
4095,5.30440163751344
4096,5.30440163751344
4097,5.30440163751344
4098,5.30440163751344
4099,5.30440163751344
4100,5.30440163751344
4101,5.30440163751344
4102,5.30440163751344
4103,5.30440163751344
4104,5.30440163751344
4105,5.30440163751344
4106,5.30440163751344
4107,5.30440163751344
4108,5.30440163751344
4109,5.30440163751344
4110,5.30440163751344
4111,5.30440163751344
4112,5.30440163751344
4113,5.30440163751344
4114,5.30440163751344
4115,5.30440163751344
4116,5.30440163751344
4117,5.30440163751344
4118,5.30440163751344
4119,5.30440163751344
4120,5.30440163751344
4121,5.30440163751344
4122,5.30440163751344
4123,5.30440163751344
4124,5.30440163751344
4125,5.30440163751344
4126,5.30440163751344
4127,5.30440163751344
4128,5.30440163751344
4129,5.30440163751344
4130,5.30440163751344
4131,5.30440163751344
4132,5.30440163751344
4133,5.30440163751344
4134,5.30440163751344
4135,5.30440163751344
4136,5.30440163751344
4137,5.30440163751344
4138,5.30440163751344
4139,5.30440163751344
4140,5.30440163751344
4141,5.30440163751344
4142,5.30440163751344
4143,5.30440163751344
4144,5.30440163751344
4145,5.30440163751344
4146,5.30440163751344
4147,5.30440163751344
4148,5.30440163751344
4149,5.30440163751344
4150,5.30440163751344
4151,5.30440163751344
4152,5.30440163751344
4153,5.30440163751344
4154,5.30440163751344
4155,5.30440163751344
4156,5.30440163751344
4157,5.30440163751344
4158,5.30440163751344
4159,5.30440163751344
4160,5.30440163751344
4161,5.30440163751344
4162,5.30440163751344
4163,5.30440163751344
4164,5.30440163751344
4165,5.30440163751344
4166,5.30440163751344
4167,5.30440163751344
4168,5.30440163751344
4169,5.30440163751344
4170,5.30440163751344
4171,5.30440163751344
4172,5.30440163751344
4173,5.30440163751344
4174,5.30440163751344
4175,5.30440163751344
4176,5.30440163751344
4177,5.30440163751344
4178,5.30440163751344
4179,5.30440163751344
4180,5.30440163751344
4181,5.30440163751344
4182,5.30440163751344
4183,5.30440163751344
4184,5.30440163751344
4185,5.30440163751344
4186,5.30440163751344
4187,5.30440163751344
4188,5.30440163751344
4189,5.30440163751344
4190,5.30440163751344
4191,5.30440163751344
4192,5.30440163751344
4193,5.30440163751344
4194,5.30440163751344
4195,5.30440163751344
4196,5.30440163751344
4197,5.30440163751344
4198,5.30440163751344
4199,5.30440163751344
4200,5.30440163751344
4201,5.30440163751344
4202,5.30440163751344
4203,5.30440163751344
4204,5.30440163751344
4205,5.30440163751344
4206,5.30440163751344
4207,5.30440163751344
4208,5.30440163751344
4209,5.30440163751344
4210,5.30440163751344
4211,5.30440163751344
4212,5.30440163751344
4213,5.30440163751344
4214,5.30440163751344
4215,5.30440163751344
4216,5.30440163751344
4217,5.30440163751344
4218,5.30440163751344
4219,5.30440163751344
4220,5.30440163751344
4221,5.30440163751344
4222,5.30440163751344
4223,5.30440163751344
4224,5.30440163751344
4225,5.30440163751344
4226,5.30440163751344
4227,5.30440163751344
4228,5.30440163751344
4229,5.30440163751344
4230,5.30440163751344
4231,5.30440163751344
4232,5.30440163751344
4233,5.30440163751344
4234,5.30440163751344
4235,5.30440163751344
4236,5.30440163751344
4237,5.30440163751344
4238,5.30440163751344
4239,5.30440163751344
4240,5.30440163751344
4241,5.30440163751344
4242,5.30440163751344
4243,5.30440163751344
4244,5.30440163751344
4245,5.30440163751344
4246,5.30440163751344
4247,5.30440163751344
4248,5.30440163751344
4249,5.30440163751344
4250,5.30440163751344
4251,5.30440163751344
4252,5.30440163751344
4253,5.30440163751344
4254,5.30440163751344
4255,5.30440163751344
4256,5.30440163751344
4257,5.30440163751344
4258,5.30440163751344
4259,5.30440163751344
4260,5.30440163751344
4261,5.30440163751344
4262,5.30440163751344
4263,5.30440163751344
4264,5.30440163751344
4265,5.30440163751344
4266,5.30440163751344
4267,5.30440163751344
4268,5.30440163751344
4269,5.30440163751344
4270,5.30440163751344
4271,5.30440163751344
4272,5.30440163751344
4273,5.30440163751344
4274,5.30440163751344
4275,5.30440163751344
4276,5.30440163751344
4277,5.30440163751344
4278,5.30440163751344
4279,5.30440163751344
4280,5.30440163751344
4281,5.30440163751344
4282,5.30440163751344
4283,5.30440163751344
4284,5.30440163751344
4285,5.30440163751344
4286,5.30440163751344
4287,5.30440163751344
4288,5.30440163751344
4289,5.30440163751344
4290,5.30440163751344
4291,5.30440163751344
4292,5.30440163751344
4293,5.30440163751344
4294,5.30440163751344
4295,5.30440163751344
4296,5.30440163751344
4297,5.30440163751344
4298,5.30440163751344
4299,5.30440163751344
4300,5.30440163751344
4301,5.30440163751344
4302,5.30440163751344
4303,5.30440163751344
4304,5.30440163751344
4305,5.30440163751344
4306,5.30440163751344
4307,5.30440163751344
4308,5.30440163751344
4309,5.30440163751344
4310,5.30440163751344
4311,5.30440163751344
4312,5.30440163751344
4313,5.30440163751344
4314,5.30440163751344
4315,5.30440163751344
4316,5.30440163751344
4317,5.30440163751344
4318,5.30440163751344
4319,5.30440163751344
4320,5.30440163751344
4321,5.30440163751344
4322,5.30440163751344
4323,5.30440163751344
4324,5.30440163751344
4325,5.30440163751344
4326,5.30440163751344
4327,5.30440163751344
4328,5.30440163751344
4329,5.30440163751344
4330,5.30440163751344
4331,5.30440163751344
4332,5.30440163751344
4333,5.30440163751344
4334,5.30440163751344
4335,5.30440163751344
4336,5.30440163751344
4337,5.30440163751344
4338,5.30440163751344
4339,5.30440163751344
4340,5.30440163751344
4341,5.30440163751344
4342,5.30440163751344
4343,5.30440163751344
4344,5.30440163751344
4345,5.30440163751344
4346,5.30440163751344
4347,5.30440163751344
4348,5.30440163751344
4349,5.30440163751344
4350,5.30440163751344
4351,5.30440163751344
4352,5.30440163751344
4353,5.30440163751344
4354,5.30440163751344
4355,5.30440163751344
4356,5.30440163751344
4357,5.30440163751344
4358,5.30440163751344
4359,5.30440163751344
4360,5.30440163751344
4361,5.30440163751344
4362,5.30440163751344
4363,5.30440163751344
4364,5.30440163751344
4365,5.30440163751344
4366,5.30440163751344
4367,5.30440163751344
4368,5.30440163751344
4369,5.30440163751344
4370,5.30440163751344
4371,5.30440163751344
4372,5.30440163751344
4373,5.30440163751344
4374,5.30440163751344
4375,5.30440163751344
4376,5.30440163751344
4377,5.30440163751344
4378,5.30440163751344
4379,5.30440163751344
4380,5.30440163751344
4381,5.30440163751344
4382,5.30440163751344
4383,5.30440163751344
4384,5.30440163751344
4385,5.30440163751344
4386,5.30440163751344
4387,5.30440163751344
4388,5.30440163751344
4389,5.30440163751344
4390,5.30440163751344
4391,5.30440163751344
4392,5.30440163751344
4393,5.30440163751344
4394,5.30440163751344
4395,5.30440163751344
4396,5.30440163751344
4397,5.30440163751344
4398,5.30440163751344
4399,5.30440163751344
4400,5.30440163751344
4401,5.30440163751344
4402,5.30440163751344
4403,5.30440163751344
4404,5.30440163751344
4405,5.30440163751344
4406,5.30440163751344
4407,5.30440163751344
4408,5.30440163751344
4409,5.30440163751344
4410,5.30440163751344
4411,5.30440163751344
4412,5.30440163751344
4413,5.30440163751344
4414,5.30440163751344
4415,5.30440163751344
4416,5.30440163751344
4417,5.30440163751344
4418,5.30440163751344
4419,5.30440163751344
4420,5.30440163751344
4421,5.30440163751344
4422,5.30440163751344
4423,5.30440163751344
4424,5.30440163751344
4425,5.30440163751344
4426,5.30440163751344
4427,5.30440163751344
4428,5.30440163751344
4429,5.30440163751344
4430,5.30440163751344
4431,5.30440163751344
4432,5.30440163751344
4433,5.30440163751344
4434,5.30440163751344
4435,5.30440163751344
4436,5.30440163751344
4437,5.30440163751344
4438,5.30440163751344
4439,5.30440163751344
4440,5.30440163751344
4441,5.30440163751344
4442,5.30440163751344
4443,5.30440163751344
4444,5.30440163751344
4445,5.30440163751344
4446,5.30440163751344
4447,5.30440163751344
4448,5.30440163751344
4449,5.30440163751344
4450,5.30440163751344
4451,5.30440163751344
4452,5.30440163751344
4453,5.30440163751344
4454,5.30440163751344
4455,5.30440163751344
4456,5.30440163751344
4457,5.30440163751344
4458,5.30440163751344
4459,5.30440163751344
4460,5.30440163751344
4461,5.30440163751344
4462,5.30440163751344
4463,5.30440163751344
4464,5.30440163751344
4465,5.30440163751344
4466,5.30440163751344
4467,5.30440163751344
4468,5.30440163751344
4469,5.30440163751344
4470,5.30440163751344
4471,5.30440163751344
4472,5.30440163751344
4473,5.30440163751344
4474,5.30440163751344
4475,5.30440163751344
4476,5.30440163751344
4477,5.30440163751344
4478,5.30440163751344
4479,5.30440163751344
4480,5.30440163751344
4481,5.30440163751344
4482,5.30440163751344
4483,5.30440163751344
4484,5.30440163751344
4485,5.30440163751344
4486,5.30440163751344
4487,5.30440163751344
4488,5.30440163751344
4489,5.30440163751344
4490,5.30440163751344
4491,5.30440163751344
4492,5.30440163751344
4493,5.30440163751344
4494,5.30440163751344
4495,5.30440163751344
4496,5.30440163751344
4497,5.30440163751344
4498,5.30440163751344
4499,5.30440163751344
4500,5.30440163751344
4501,5.30440163751344
4502,5.30440163751344
4503,5.30440163751344
4504,5.30440163751344
4505,5.30440163751344
4506,5.30440163751344
4507,5.30440163751344
4508,5.30440163751344
4509,5.30440163751344
4510,5.30440163751344
4511,5.30440163751344
4512,5.30440163751344
4513,5.30440163751344
4514,5.30440163751344
4515,5.30440163751344
4516,5.30440163751344
4517,5.30440163751344
4518,5.30440163751344
4519,5.30440163751344
4520,5.30440163751344
4521,5.30440163751344
4522,5.30440163751344
4523,5.30440163751344
4524,5.30440163751344
4525,5.30440163751344
4526,5.30440163751344
4527,5.30440163751344
4528,5.30440163751344
4529,5.30440163751344
4530,5.30440163751344
4531,5.30440163751344
4532,5.30440163751344
4533,5.30440163751344
4534,5.30440163751344
4535,5.30440163751344
4536,5.30440163751344
4537,5.30440163751344
4538,5.30440163751344
4539,5.30440163751344
4540,5.30440163751344
4541,5.30440163751344
4542,5.30440163751344
4543,5.30440163751344
4544,5.30440163751344
4545,5.30440163751344
4546,5.30440163751344
4547,5.30440163751344
4548,5.30440163751344
4549,5.30440163751344
4550,5.30440163751344
4551,5.30440163751344
4552,5.30440163751344
4553,5.30440163751344
4554,5.30440163751344
4555,5.30440163751344
4556,5.30440163751344
4557,5.30440163751344
4558,5.30440163751344
4559,5.30440163751344
4560,5.30440163751344
4561,5.30440163751344
4562,5.30440163751344
4563,5.30440163751344
4564,5.30440163751344
4565,5.30440163751344
4566,5.30440163751344
4567,5.30440163751344
4568,5.30440163751344
4569,5.30440163751344
4570,5.30440163751344
4571,5.30440163751344
4572,5.30440163751344
4573,5.30440163751344
4574,5.30440163751344
4575,5.30440163751344
4576,5.30440163751344
4577,5.30440163751344
4578,5.30440163751344
4579,5.30440163751344
4580,5.30440163751344
4581,5.30440163751344
4582,5.30440163751344
4583,5.30440163751344
4584,5.30440163751344
4585,5.30440163751344
4586,5.30440163751344
4587,5.30440163751344
4588,5.30440163751344
4589,5.30440163751344
4590,5.30440163751344
4591,5.30440163751344
4592,5.30440163751344
4593,5.30440163751344
4594,5.30440163751344
4595,5.30440163751344
4596,5.30440163751344
4597,5.30440163751344
4598,5.30440163751344
4599,5.30440163751344
4600,5.30440163751344
4601,5.30440163751344
4602,5.30440163751344
4603,5.30440163751344
4604,5.30440163751344
4605,5.30440163751344
4606,5.30440163751344
4607,5.30440163751344
4608,5.30440163751344
4609,5.30440163751344
4610,5.30440163751344
4611,5.30440163751344
4612,5.30440163751344
4613,5.30440163751344
4614,5.30440163751344
4615,5.30440163751344
4616,5.30440163751344
4617,5.30440163751344
4618,5.30440163751344
4619,5.30440163751344
4620,5.30440163751344
4621,5.30440163751344
4622,5.30440163751344
4623,5.30440163751344
4624,5.30440163751344
4625,5.30440163751344
4626,5.30440163751344
4627,5.30440163751344
4628,5.30440163751344
4629,5.30440163751344
4630,5.30440163751344
4631,5.30440163751344
4632,5.30440163751344
4633,5.30440163751344
4634,5.30440163751344
4635,5.30440163751344
4636,5.30440163751344
4637,5.30440163751344
4638,5.30440163751344
4639,5.30440163751344
4640,5.30440163751344
4641,5.30440163751344
4642,5.30440163751344
4643,5.30440163751344
4644,5.30440163751344
4645,5.30440163751344
4646,5.30440163751344
4647,5.30440163751344
4648,5.30440163751344
4649,5.30440163751344
4650,5.30440163751344
4651,5.30440163751344
4652,5.30440163751344
4653,5.30440163751344
4654,5.30440163751344
4655,5.30440163751344
4656,5.30440163751344
4657,5.30440163751344
4658,5.30440163751344
4659,5.30440163751344
4660,5.30440163751344
4661,5.30440163751344
4662,5.30440163751344
4663,5.30440163751344
4664,5.30440163751344
4665,5.30440163751344
4666,5.30440163751344
4667,5.30440163751344
4668,5.30440163751344
4669,5.30440163751344
4670,5.30440163751344
4671,5.30440163751344
4672,5.30440163751344
4673,5.30440163751344
4674,5.30440163751344
4675,5.30440163751344
4676,5.30440163751344
4677,5.30440163751344
4678,5.30440163751344
4679,5.30440163751344
4680,5.30440163751344
4681,5.30440163751344
4682,5.30440163751344
4683,5.30440163751344
4684,5.30440163751344
4685,5.30440163751344
4686,5.30440163751344
4687,5.30440163751344
4688,5.30440163751344
4689,5.30440163751344
4690,5.30440163751344
4691,5.30440163751344
4692,5.30440163751344
4693,5.30440163751344
4694,5.30440163751344
4695,5.30440163751344
4696,5.30440163751344
4697,5.30440163751344
4698,5.30440163751344
4699,5.30440163751344
4700,5.30440163751344
4701,5.30440163751344
4702,5.30440163751344
4703,5.30440163751344
4704,5.30440163751344
4705,5.30440163751344
4706,5.30440163751344
4707,5.30440163751344
4708,5.30440163751344
4709,5.30440163751344
4710,5.30440163751344
4711,5.30440163751344
4712,5.30440163751344
4713,5.30440163751344
4714,5.30440163751344
4715,5.30440163751344
4716,5.30440163751344
4717,5.30440163751344
4718,5.30440163751344
4719,5.30440163751344
4720,5.30440163751344
4721,5.30440163751344
4722,5.30440163751344
4723,5.30440163751344
4724,5.30440163751344
4725,5.30440163751344
4726,5.30440163751344
4727,5.30440163751344
4728,5.30440163751344
4729,5.30440163751344
4730,5.30440163751344
4731,5.30440163751344
4732,5.30440163751344
4733,5.30440163751344
4734,5.30440163751344
4735,5.30440163751344
4736,5.30440163751344
4737,5.30440163751344
4738,5.30440163751344
4739,5.30440163751344
4740,5.30440163751344
4741,5.30440163751344
4742,5.30440163751344
4743,5.30440163751344
4744,5.30440163751344
4745,5.30440163751344
4746,5.30440163751344
4747,5.30440163751344
4748,5.30440163751344
4749,5.30440163751344
4750,5.30440163751344
4751,5.30440163751344
4752,5.30440163751344
4753,5.30440163751344
4754,5.30440163751344
4755,5.30440163751344
4756,5.30440163751344
4757,5.30440163751344
4758,5.30440163751344
4759,5.30440163751344
4760,5.30440163751344
4761,5.30440163751344
4762,5.30440163751344
4763,5.30440163751344
4764,5.30440163751344
4765,5.30440163751344
4766,5.30440163751344
4767,5.30440163751344
4768,5.30440163751344
4769,5.30440163751344
4770,5.30440163751344
4771,5.30440163751344
4772,5.30440163751344
4773,5.30440163751344
4774,-11.929388698197
4775,-11.929388698197
4776,-11.929388698197
4777,-11.929388698197
4778,-11.929388698197
4779,-11.929388698197
4780,-11.929388698197
4781,-11.929388698197
4782,-11.929388698197
4783,-11.929388698197
4784,-11.929388698197
4785,-11.929388698197
4786,-11.929388698197
4787,-11.929388698197
4788,-11.929388698197
4789,-11.929388698197
4790,-11.929388698197
4791,-11.929388698197
4792,-11.929388698197
4793,-11.929388698197
4794,-11.929388698197
4795,-11.929388698197
4796,-11.929388698197
4797,-11.929388698197
4798,-11.929388698197
4799,-11.929388698197
4800,-11.929388698197
4801,-11.929388698197
4802,-11.929388698197
4803,-11.929388698197
4804,-11.929388698197
4805,-11.929388698197
4806,-11.929388698197
4807,-11.929388698197
4808,-11.929388698197
4809,-11.929388698197
4810,-11.929388698197
4811,-11.929388698197
4812,-11.929388698197
4813,-11.929388698197
4814,-11.929388698197
4815,-11.929388698197
4816,-11.929388698197
4817,-11.929388698197
4818,-11.929388698197
4819,-11.929388698197
4820,-11.929388698197
4821,-11.929388698197
4822,-11.929388698197
4823,-11.929388698197
4824,-11.929388698197
4825,-11.929388698197
4826,-11.929388698197
4827,-11.929388698197
4828,-11.929388698197
4829,-11.929388698197
4830,-11.929388698197
4831,-11.929388698197
4832,-11.929388698197
4833,-11.929388698197
4834,-11.929388698197
4835,-11.929388698197
4836,-11.929388698197
4837,-11.929388698197
4838,-11.929388698197
4839,-11.929388698197
4840,-11.929388698197
4841,-11.929388698197
4842,-11.929388698197
4843,-11.929388698197
4844,-11.929388698197
4845,-11.929388698197
4846,-11.929388698197
4847,-11.929388698197
4848,-11.929388698197
4849,-11.929388698197
4850,-11.929388698197
4851,-11.929388698197
4852,-11.929388698197
4853,-11.929388698197
4854,-11.929388698197
4855,-11.929388698197
4856,-11.929388698197
4857,-11.929388698197
4858,-11.929388698197
4859,-11.929388698197
4860,-11.929388698197
4861,-11.929388698197
4862,-11.929388698197
4863,-11.929388698197
4864,-11.929388698197
4865,-11.929388698197
4866,-11.929388698197
4867,-11.929388698197
4868,-11.929388698197
4869,-11.929388698197
4870,-11.929388698197
4871,-11.929388698197
4872,-11.929388698197
4873,-11.929388698197
4874,-11.929388698197
4875,-11.929388698197
4876,-11.929388698197
4877,-11.929388698197
4878,-11.929388698197
4879,-11.929388698197
4880,-11.929388698197
4881,-11.929388698197
4882,-11.929388698197
4883,-11.929388698197
4884,-11.929388698197
4885,-11.929388698197
4886,-11.929388698197
4887,-11.929388698197
4888,-11.929388698197
4889,-11.929388698197
4890,-11.929388698197
4891,-11.929388698197
4892,-11.929388698197
4893,-11.929388698197
4894,-11.929388698197
4895,-11.929388698197
4896,-11.929388698197
4897,-11.929388698197
4898,-11.929388698197
4899,-11.929388698197
4900,-11.929388698197
4901,-11.929388698197
4902,-11.929388698197
4903,-11.929388698197
4904,-11.929388698197
4905,-11.929388698197
4906,-11.929388698197
4907,-11.929388698197
4908,-11.929388698197
4909,-11.929388698197
4910,-11.929388698197
4911,-11.929388698197
4912,-11.929388698197
4913,-11.929388698197
4914,-11.929388698197
4915,-11.929388698197
4916,-11.929388698197
4917,-11.929388698197
4918,-11.929388698197
4919,-11.929388698197
4920,-11.929388698197
4921,-11.929388698197
4922,-11.929388698197
4923,-11.929388698197
4924,-11.929388698197
4925,-11.929388698197
4926,-11.929388698197
4927,-11.929388698197
4928,-11.929388698197
4929,-11.929388698197
4930,-11.929388698197
4931,-11.929388698197
4932,-11.929388698197
4933,-11.929388698197
4934,-11.929388698197
4935,-11.929388698197
4936,-11.929388698197
4937,-11.929388698197
4938,-11.929388698197
4939,-11.929388698197
4940,-11.929388698197
4941,-11.929388698197
4942,-11.929388698197
4943,-11.929388698197
4944,-11.929388698197
4945,-11.929388698197
4946,-11.929388698197
4947,-11.929388698197
4948,-11.929388698197
4949,-11.929388698197
4950,-11.929388698197
4951,-11.929388698197
4952,-11.929388698197
4953,-11.929388698197
4954,-11.929388698197
4955,-11.929388698197
4956,-11.929388698197
4957,-11.929388698197
4958,-11.929388698197
4959,-11.929388698197
4960,-11.929388698197
4961,-11.929388698197
4962,-11.929388698197
4963,-11.929388698197
4964,-11.929388698197
4965,-11.929388698197
4966,-11.929388698197
4967,-11.929388698197
4968,-11.929388698197
4969,-11.929388698197
4970,-11.929388698197
4971,-11.929388698197
4972,-11.929388698197
4973,-11.929388698197
4974,-11.929388698197
4975,-11.929388698197
4976,-11.929388698197
4977,-11.929388698197
4978,-11.929388698197
4979,-11.929388698197
4980,-11.929388698197
4981,-11.929388698197
4982,-11.929388698197
4983,-11.929388698197
4984,-11.929388698197
4985,-11.929388698197
4986,-11.929388698197
4987,-11.929388698197
4988,-11.929388698197
4989,-11.929388698197
4990,-11.929388698197
4991,-11.929388698197
4992,-11.929388698197
4993,-11.929388698197
4994,-11.929388698197
4995,-11.929388698197
4996,-11.929388698197
4997,-11.929388698197
4998,-11.929388698197
4999,-11.929388698197
5000,-11.929388698197
5001,-11.929388698197
5002,-11.929388698197
5003,-11.929388698197
5004,-11.929388698197
5005,-11.929388698197
5006,-11.929388698197
5007,-11.929388698197
5008,-11.929388698197
5009,-11.929388698197
5010,-11.929388698197
5011,-11.929388698197
5012,-11.929388698197
5013,-11.929388698197
5014,-11.929388698197
5015,-11.929388698197
5016,-11.929388698197
5017,-11.929388698197
5018,-11.929388698197
5019,-11.929388698197
5020,-11.929388698197
5021,-11.929388698197
5022,-11.929388698197
5023,-11.929388698197
5024,-11.929388698197
5025,-11.929388698197
5026,-11.929388698197
5027,-11.929388698197
5028,-11.929388698197
5029,-11.929388698197
5030,-11.929388698197
5031,-11.929388698197
5032,-11.929388698197
5033,-11.929388698197
5034,-11.929388698197
5035,-11.929388698197
5036,-11.929388698197
5037,-11.929388698197
5038,-11.929388698197
5039,-11.929388698197
5040,-11.929388698197
5041,-11.929388698197
5042,-11.929388698197
5043,-11.929388698197
5044,-11.929388698197
5045,-11.929388698197
5046,-11.929388698197
5047,-11.929388698197
5048,-11.929388698197
5049,-11.929388698197
5050,-11.929388698197
5051,-11.929388698197
5052,-11.929388698197
5053,-11.929388698197
5054,-11.929388698197
5055,-11.929388698197
5056,-11.929388698197
5057,-11.929388698197
5058,-11.929388698197
5059,-11.929388698197
5060,-11.929388698197
5061,-11.929388698197
5062,-11.929388698197
5063,-11.929388698197
5064,-11.929388698197
5065,-11.929388698197
5066,-11.929388698197
5067,-11.929388698197
5068,-11.929388698197
5069,-11.929388698197
5070,-11.929388698197
5071,-11.929388698197
5072,-11.929388698197
5073,-11.929388698197
5074,-11.929388698197
5075,-11.929388698197
5076,-11.929388698197
5077,-11.929388698197
5078,-11.929388698197
5079,-11.929388698197
5080,-11.929388698197
5081,-11.929388698197
5082,-11.929388698197
5083,-11.929388698197
5084,-11.929388698197
5085,-11.929388698197
5086,-11.929388698197
5087,-11.929388698197
5088,-11.929388698197
5089,-11.929388698197
5090,-11.929388698197
5091,-11.929388698197
5092,-11.929388698197
5093,-11.929388698197
5094,-11.929388698197
5095,-11.929388698197
5096,-11.929388698197
5097,-11.929388698197
5098,-11.929388698197
5099,-11.929388698197
5100,-11.929388698197
5101,-11.929388698197
5102,-11.929388698197
5103,-11.929388698197
5104,-11.929388698197
5105,-11.929388698197
5106,-11.929388698197
5107,-11.929388698197
5108,-11.929388698197
5109,-11.929388698197
5110,-11.929388698197
5111,-11.929388698197
5112,-11.929388698197
5113,-11.929388698197
5114,-11.929388698197
5115,-11.929388698197
5116,-11.929388698197
5117,-11.929388698197
5118,-11.929388698197
5119,-11.929388698197
5120,-11.929388698197
5121,-11.929388698197
5122,-11.929388698197
5123,-11.929388698197
5124,-11.929388698197
5125,-11.929388698197
5126,-11.929388698197
5127,-11.929388698197
5128,-11.929388698197
5129,-11.929388698197
5130,-11.929388698197
5131,-11.929388698197
5132,-11.929388698197
5133,-11.929388698197
5134,-11.929388698197
5135,-11.929388698197
5136,-11.929388698197
5137,-11.929388698197
5138,-11.929388698197
5139,-11.929388698197
5140,-11.929388698197
5141,-11.929388698197
5142,-11.929388698197
5143,-11.929388698197
5144,-11.929388698197
5145,-11.929388698197
5146,-11.929388698197
5147,-11.929388698197
5148,-11.929388698197
5149,-11.929388698197
5150,-11.929388698197
5151,-11.929388698197
5152,-11.929388698197
5153,-11.929388698197
5154,-11.929388698197
5155,-11.929388698197
5156,-11.929388698197
5157,-11.929388698197
5158,-11.929388698197
5159,-11.929388698197
5160,-11.929388698197
5161,-11.929388698197
5162,-11.929388698197
5163,-11.929388698197
5164,-11.929388698197
5165,-11.929388698197
5166,-11.929388698197
5167,-11.929388698197
5168,-11.929388698197
5169,-11.929388698197
5170,-11.929388698197
5171,-11.929388698197
5172,-11.929388698197
5173,-11.929388698197
5174,-11.929388698197
5175,-11.929388698197
5176,-11.929388698197
5177,-11.929388698197
5178,-11.929388698197
5179,-11.929388698197
5180,-11.929388698197
5181,-11.929388698197
5182,-11.929388698197
5183,-11.929388698197
5184,-11.929388698197
5185,-11.929388698197
5186,-11.929388698197
5187,-11.929388698197
5188,-11.929388698197
5189,-11.929388698197
5190,-11.929388698197
5191,-11.929388698197
5192,-11.929388698197
5193,-11.929388698197
5194,-11.929388698197
5195,-11.929388698197
5196,-11.929388698197
5197,-11.929388698197
5198,-11.929388698197
5199,-11.929388698197
5200,-11.929388698197
5201,-11.929388698197
5202,-11.929388698197
5203,-11.929388698197
5204,-11.929388698197
5205,-11.929388698197
5206,-11.929388698197
5207,-11.929388698197
5208,-11.929388698197
5209,-11.929388698197
5210,-11.929388698197
5211,-11.929388698197
5212,-11.929388698197
5213,-11.929388698197
5214,-11.929388698197
5215,-11.929388698197
5216,-11.929388698197
5217,-11.929388698197
5218,-11.929388698197
5219,-11.929388698197
5220,-11.929388698197
5221,-11.929388698197
5222,-11.929388698197
5223,-11.929388698197
5224,-11.929388698197
5225,-11.929388698197
5226,-11.929388698197
5227,-11.929388698197
5228,-11.929388698197
5229,-11.929388698197
5230,-11.929388698197
5231,-11.929388698197
5232,-11.929388698197
5233,-11.929388698197
5234,-11.929388698197
5235,-11.929388698197
5236,-11.929388698197
5237,-11.929388698197
5238,-11.929388698197
5239,-11.929388698197
5240,-11.929388698197
5241,-11.929388698197
5242,-11.929388698197
5243,-11.929388698197
5244,-11.929388698197
5245,-11.929388698197
5246,-11.929388698197
5247,-11.929388698197
5248,-11.929388698197
5249,-11.929388698197
5250,-11.929388698197
5251,-11.929388698197
5252,-11.929388698197
5253,-11.929388698197
5254,-11.929388698197
5255,-11.929388698197
5256,-11.929388698197
5257,-11.929388698197
5258,-11.929388698197
5259,-11.929388698197
5260,-11.929388698197
5261,-11.929388698197
5262,-11.929388698197
5263,-11.929388698197
5264,-11.929388698197
5265,-11.929388698197
5266,-11.929388698197
5267,-11.929388698197
5268,-11.929388698197
5269,-11.929388698197
5270,-11.929388698197
5271,-11.929388698197
5272,-11.929388698197
5273,-11.929388698197
5274,-11.929388698197
5275,-11.929388698197
5276,-11.929388698197
5277,-11.929388698197
5278,-11.929388698197
5279,-11.929388698197
5280,-11.929388698197
5281,-11.929388698197
5282,-11.929388698197
5283,-11.929388698197
5284,-11.929388698197
5285,-11.929388698197
5286,-11.929388698197
5287,-11.929388698197
5288,-11.929388698197
5289,-11.929388698197
5290,-11.929388698197
5291,-11.929388698197
5292,-11.929388698197
5293,-11.929388698197
5294,-11.929388698197
5295,-11.929388698197
5296,-11.929388698197
5297,-11.929388698197
5298,-11.929388698197
5299,-11.929388698197
5300,-11.929388698197
5301,-11.929388698197
5302,-11.929388698197
5303,-11.929388698197
5304,-11.929388698197
5305,-11.929388698197
5306,-11.929388698197
5307,-11.929388698197
5308,-11.929388698197
5309,-11.929388698197
5310,-11.929388698197
5311,-11.929388698197
5312,-11.929388698197
5313,-11.929388698197
5314,-11.929388698197
5315,-11.929388698197
5316,-11.929388698197
5317,-11.929388698197
5318,-11.929388698197
5319,-11.929388698197
5320,-11.929388698197
5321,-11.929388698197
5322,-11.929388698197
5323,-11.929388698197
5324,-11.929388698197
5325,-11.929388698197
5326,-11.929388698197
5327,-11.929388698197
5328,-11.929388698197
5329,-11.929388698197
5330,-11.929388698197
5331,-11.929388698197
5332,-11.929388698197
5333,-11.929388698197
5334,-11.929388698197
5335,-11.929388698197
5336,-11.929388698197
5337,-11.929388698197
5338,-11.929388698197
5339,-11.929388698197
5340,-11.929388698197
5341,-11.929388698197
5342,-11.929388698197
5343,-11.929388698197
5344,-11.929388698197
5345,-11.929388698197
5346,-11.929388698197
5347,-11.929388698197
5348,-11.929388698197
5349,-11.929388698197
5350,-11.929388698197
5351,-13.296206552408517
5352,-13.296206552408517
5353,-13.296206552408517
5354,-13.296206552408517
5355,-13.296206552408517
5356,-13.296206552408517
5357,-13.296206552408517
5358,-13.296206552408517
5359,-13.296206552408517
5360,-13.296206552408517
5361,-13.296206552408517
5362,-13.296206552408517
5363,-13.296206552408517
5364,-13.296206552408517
5365,-13.296206552408517
5366,-13.296206552408517
5367,-13.296206552408517
5368,-13.296206552408517
5369,-13.296206552408517
5370,-13.296206552408517
5371,-13.296206552408517
5372,-13.296206552408517
5373,-13.296206552408517
5374,-13.296206552408517
5375,-13.296206552408517
5376,-13.296206552408517
5377,-13.296206552408517
5378,-13.296206552408517
5379,-13.296206552408517
5380,-13.296206552408517
5381,-13.296206552408517
5382,-13.296206552408517
5383,-13.296206552408517
5384,-13.296206552408517
5385,-13.296206552408517
5386,-13.296206552408517
5387,-13.296206552408517
5388,-13.296206552408517
5389,-13.296206552408517
5390,-13.296206552408517
5391,-13.296206552408517
5392,-13.296206552408517
5393,-13.296206552408517
5394,-13.296206552408517
5395,-13.296206552408517
5396,-13.296206552408517
5397,-13.296206552408517
5398,-13.296206552408517
5399,-13.296206552408517
5400,-13.296206552408517
5401,-13.296206552408517
5402,-13.296206552408517
5403,-13.296206552408517
5404,-13.296206552408517
5405,-13.296206552408517
5406,-13.296206552408517
5407,-13.296206552408517
5408,-13.296206552408517
5409,-13.296206552408517
5410,-13.296206552408517
5411,-13.296206552408517
5412,-13.296206552408517
5413,-13.296206552408517
5414,-13.296206552408517
5415,-13.296206552408517
5416,-13.296206552408517
5417,-13.296206552408517
5418,-13.296206552408517
5419,-13.296206552408517
5420,-13.296206552408517
5421,-13.296206552408517
5422,-13.296206552408517
5423,-13.296206552408517
5424,-13.296206552408517
5425,-13.296206552408517
5426,-13.296206552408517
5427,-13.296206552408517
5428,-13.296206552408517
5429,-13.296206552408517
5430,-13.296206552408517
5431,-13.296206552408517
5432,-13.296206552408517
5433,-13.296206552408517
5434,-13.296206552408517
5435,-13.296206552408517
5436,-13.296206552408517
5437,-13.296206552408517
5438,-13.296206552408517
5439,-13.296206552408517
5440,-13.296206552408517
5441,-13.296206552408517
5442,-13.296206552408517
5443,-13.296206552408517
5444,-13.296206552408517
5445,-13.296206552408517
5446,-13.296206552408517
5447,-13.296206552408517
5448,-13.296206552408517
5449,-13.296206552408517
5450,-13.296206552408517
5451,-13.296206552408517
5452,-13.296206552408517
5453,-13.296206552408517
5454,-13.296206552408517
5455,-13.296206552408517
5456,-13.296206552408517
5457,-13.296206552408517
5458,-13.296206552408517
5459,-13.296206552408517
5460,-13.296206552408517
5461,-13.296206552408517
5462,-13.296206552408517
5463,-13.296206552408517
5464,-13.296206552408517
5465,-13.296206552408517
5466,-13.296206552408517
5467,-13.296206552408517
5468,-13.296206552408517
5469,-13.296206552408517
5470,-13.296206552408517
5471,-13.296206552408517
5472,-13.296206552408517
5473,-13.296206552408517
5474,-13.296206552408517
5475,-13.296206552408517
5476,-13.296206552408517
5477,-13.296206552408517
5478,-13.296206552408517
5479,-13.296206552408517
5480,-13.296206552408517
5481,-13.296206552408517
5482,-13.296206552408517
5483,-13.296206552408517
5484,-13.296206552408517
5485,-13.296206552408517
5486,-13.296206552408517
5487,-13.296206552408517
5488,-13.296206552408517
5489,-13.296206552408517
5490,-13.296206552408517
5491,-13.296206552408517
5492,-13.296206552408517
5493,-13.296206552408517
5494,-13.296206552408517
5495,-13.296206552408517
5496,-13.296206552408517
5497,-13.296206552408517
5498,-13.296206552408517
5499,-13.296206552408517
5500,-13.296206552408517
5501,-13.296206552408517
5502,-13.296206552408517
5503,-13.296206552408517
5504,-13.296206552408517
5505,-13.296206552408517
5506,-13.296206552408517
5507,-13.296206552408517
5508,-13.296206552408517
5509,-13.296206552408517
5510,-13.296206552408517
5511,-13.296206552408517
5512,-13.296206552408517
5513,-13.296206552408517
5514,-13.296206552408517
5515,-13.296206552408517
5516,-13.296206552408517
5517,-13.296206552408517
5518,-13.296206552408517
5519,-13.296206552408517
5520,-13.296206552408517
5521,-13.296206552408517
5522,-13.296206552408517
5523,-13.296206552408517
5524,-13.296206552408517
5525,-13.296206552408517
5526,-13.296206552408517
5527,-13.296206552408517
5528,-13.296206552408517
5529,-13.296206552408517
5530,-13.296206552408517
5531,-13.296206552408517
5532,-13.296206552408517
5533,-13.296206552408517
5534,-13.296206552408517
5535,-13.296206552408517
5536,-13.296206552408517
5537,-13.296206552408517
5538,-13.296206552408517
5539,-13.296206552408517
5540,-13.296206552408517
5541,-13.296206552408517
5542,-13.296206552408517
5543,-13.296206552408517
5544,-13.296206552408517
5545,-13.296206552408517
5546,-13.296206552408517
5547,-13.296206552408517
5548,-13.296206552408517
5549,-13.296206552408517
5550,-13.296206552408517
5551,-13.296206552408517
5552,-13.296206552408517
5553,-13.296206552408517
5554,-13.296206552408517
5555,-13.296206552408517
5556,-13.296206552408517
5557,-13.296206552408517
5558,-13.296206552408517
5559,-13.296206552408517
5560,-13.296206552408517
5561,-13.296206552408517
5562,-13.296206552408517
5563,-13.296206552408517
5564,-13.296206552408517
5565,-13.296206552408517
5566,-13.296206552408517
5567,-13.296206552408517
5568,-13.296206552408517
5569,-13.296206552408517
5570,-13.296206552408517
5571,-13.296206552408517
5572,-13.296206552408517
5573,-13.296206552408517
5574,-13.296206552408517
5575,-13.296206552408517
5576,-13.296206552408517
5577,-13.296206552408517
5578,-13.296206552408517
5579,-13.296206552408517
5580,-13.296206552408517
5581,-13.296206552408517
5582,-13.296206552408517
5583,-13.296206552408517
5584,-13.296206552408517
5585,-13.296206552408517
5586,-13.296206552408517
5587,-13.296206552408517
5588,-13.296206552408517
5589,-13.296206552408517
5590,-13.296206552408517
5591,-13.296206552408517
5592,-13.296206552408517
5593,-13.296206552408517
5594,-13.296206552408517
5595,-13.296206552408517
5596,-13.296206552408517
5597,-13.296206552408517
5598,-13.296206552408517
5599,-13.296206552408517
5600,-13.296206552408517
5601,-13.296206552408517
5602,-13.296206552408517
5603,-13.296206552408517
5604,-13.296206552408517
5605,-13.296206552408517
5606,-13.296206552408517
5607,-13.296206552408517
5608,-13.296206552408517
5609,-13.296206552408517
5610,-13.296206552408517
5611,-13.296206552408517
5612,-13.296206552408517
5613,-13.296206552408517
5614,-13.296206552408517
5615,-13.296206552408517
5616,-13.296206552408517
5617,-13.296206552408517
5618,-13.296206552408517
5619,-13.296206552408517
5620,-13.296206552408517
5621,-13.296206552408517
5622,-13.296206552408517
5623,-13.296206552408517
5624,-13.296206552408517
5625,-13.296206552408517
5626,-13.296206552408517
5627,-13.296206552408517
5628,-13.296206552408517
5629,-13.296206552408517
5630,-13.296206552408517
5631,-13.296206552408517
5632,-13.296206552408517
5633,-13.296206552408517
5634,-13.296206552408517
5635,-13.296206552408517
5636,-13.296206552408517
5637,-13.296206552408517
5638,-13.296206552408517
5639,-13.296206552408517
5640,-13.296206552408517
5641,-13.296206552408517
5642,-13.296206552408517
5643,-13.296206552408517
5644,-13.296206552408517
5645,-13.296206552408517
5646,-13.296206552408517
5647,-13.296206552408517
5648,-13.296206552408517
5649,-13.296206552408517
5650,-13.296206552408517
5651,-13.296206552408517
5652,-13.296206552408517
5653,-13.296206552408517
5654,-13.296206552408517
5655,-13.296206552408517
5656,-13.296206552408517
5657,-13.296206552408517
5658,-13.296206552408517
5659,-13.296206552408517
5660,-13.296206552408517
5661,-13.296206552408517
5662,-13.296206552408517
5663,-13.296206552408517
5664,-13.296206552408517
5665,-13.296206552408517
5666,-13.296206552408517
5667,-13.296206552408517
5668,-13.296206552408517
5669,-13.296206552408517
5670,-13.296206552408517
5671,-13.296206552408517
5672,-13.296206552408517
5673,-13.296206552408517
5674,-13.296206552408517
5675,-13.296206552408517
5676,-13.296206552408517
5677,-13.296206552408517
5678,-13.296206552408517
5679,-13.296206552408517
5680,-13.296206552408517
5681,-13.296206552408517
5682,-13.296206552408517
5683,-13.296206552408517
5684,-13.296206552408517
5685,-13.296206552408517
5686,-13.296206552408517
5687,-13.296206552408517
5688,-13.296206552408517
5689,-13.296206552408517
5690,-13.296206552408517
5691,-13.296206552408517
5692,-13.296206552408517
5693,-13.296206552408517
5694,-13.296206552408517
5695,-13.296206552408517
5696,-13.296206552408517
5697,-13.296206552408517
5698,-13.296206552408517
5699,-13.296206552408517
5700,-13.296206552408517
5701,-13.296206552408517
5702,-13.296206552408517
5703,-13.296206552408517
5704,-13.296206552408517
5705,-13.296206552408517
5706,-13.296206552408517
5707,-13.296206552408517
5708,-13.296206552408517
5709,-13.296206552408517
5710,-13.296206552408517
5711,-13.296206552408517
5712,-13.296206552408517
5713,-13.296206552408517
5714,-13.296206552408517
5715,-13.296206552408517
5716,-13.296206552408517
5717,-13.296206552408517
5718,-13.296206552408517
5719,-13.296206552408517
5720,-13.296206552408517
5721,-13.296206552408517
5722,-13.296206552408517
5723,-13.296206552408517
5724,-13.296206552408517
5725,-13.296206552408517
5726,-13.296206552408517
5727,-13.296206552408517
5728,-13.296206552408517
5729,-13.296206552408517
5730,-13.296206552408517
5731,-13.296206552408517
5732,-13.296206552408517
5733,-13.296206552408517
5734,-13.296206552408517
5735,-13.296206552408517
5736,-13.296206552408517
5737,-13.296206552408517
5738,-13.296206552408517
5739,-13.296206552408517
5740,-13.296206552408517
5741,-13.296206552408517
5742,-13.296206552408517
5743,-13.296206552408517
5744,-13.296206552408517
5745,-13.296206552408517
5746,-13.296206552408517
5747,-13.296206552408517
5748,-13.296206552408517
5749,-13.296206552408517
5750,-13.296206552408517
5751,-13.296206552408517
5752,-13.296206552408517
5753,-13.296206552408517
5754,-13.296206552408517
5755,-13.296206552408517
5756,-13.296206552408517
5757,-13.296206552408517
5758,-13.296206552408517
5759,-13.296206552408517
5760,-13.296206552408517
5761,-13.296206552408517
5762,-13.296206552408517
5763,-13.296206552408517
5764,-13.296206552408517
5765,-13.296206552408517
5766,-13.296206552408517
5767,-13.296206552408517
5768,-13.296206552408517
5769,-13.296206552408517
5770,-13.296206552408517
5771,-13.296206552408517
5772,-13.296206552408517
5773,-13.296206552408517
5774,-13.296206552408517
5775,-13.296206552408517
5776,-13.296206552408517
5777,-13.296206552408517
5778,-13.296206552408517
5779,-13.296206552408517
5780,-13.296206552408517
5781,-13.296206552408517
5782,-13.296206552408517
5783,-13.296206552408517
5784,-13.296206552408517
5785,-13.296206552408517
5786,-13.296206552408517
5787,-13.296206552408517
5788,-13.296206552408517
5789,-13.296206552408517
5790,-13.296206552408517
5791,-13.296206552408517
5792,-13.296206552408517
5793,-13.296206552408517
5794,-13.296206552408517
5795,-13.296206552408517
5796,-13.296206552408517
5797,-13.296206552408517
5798,-13.296206552408517
5799,-13.296206552408517
5800,-13.296206552408517
5801,-13.296206552408517
5802,-13.296206552408517
5803,-13.296206552408517
5804,-13.296206552408517
5805,-13.296206552408517
5806,-13.296206552408517
5807,-13.296206552408517
5808,-13.296206552408517
5809,-13.296206552408517
5810,-13.296206552408517
5811,-13.296206552408517
5812,-13.296206552408517
5813,-13.296206552408517
5814,-13.296206552408517
5815,-13.296206552408517
5816,-13.296206552408517
5817,-13.296206552408517
5818,-13.296206552408517
5819,-13.296206552408517
5820,-13.296206552408517
5821,-13.296206552408517
5822,-13.296206552408517
5823,-13.296206552408517
5824,-13.296206552408517
5825,-13.296206552408517
5826,-13.296206552408517
5827,-13.296206552408517
5828,-13.296206552408517
5829,-13.296206552408517
5830,-13.296206552408517
5831,-13.296206552408517
5832,-13.296206552408517
5833,-13.296206552408517
5834,-13.296206552408517
5835,-13.296206552408517
5836,-13.296206552408517
5837,-13.296206552408517
5838,-13.296206552408517
5839,-13.296206552408517
5840,-13.296206552408517
5841,-13.296206552408517
5842,-13.296206552408517
5843,-13.296206552408517
5844,-13.296206552408517
5845,-13.296206552408517
5846,-13.296206552408517
5847,-13.296206552408517
5848,-13.296206552408517
5849,-13.296206552408517
5850,-13.296206552408517
5851,-13.296206552408517
5852,-13.296206552408517
5853,-13.296206552408517
5854,-13.296206552408517
5855,-13.296206552408517
5856,-13.296206552408517
5857,-13.296206552408517
5858,-13.296206552408517
5859,-13.296206552408517
5860,-13.296206552408517
5861,-13.296206552408517
5862,-13.296206552408517
5863,-13.296206552408517
5864,-13.296206552408517
5865,-13.296206552408517
5866,-13.296206552408517
5867,-13.296206552408517
5868,-13.296206552408517
5869,-13.296206552408517
5870,-13.296206552408517
5871,-13.296206552408517
5872,-13.296206552408517
5873,-13.296206552408517
5874,-13.296206552408517
5875,-13.296206552408517
5876,-13.296206552408517
5877,-13.296206552408517
5878,-13.296206552408517
5879,-13.296206552408517
5880,-13.296206552408517
5881,-13.296206552408517
5882,-13.296206552408517
5883,-13.296206552408517
5884,-13.296206552408517
5885,-13.296206552408517
5886,-13.296206552408517
5887,-13.296206552408517
5888,-13.296206552408517
5889,-13.296206552408517
5890,-13.296206552408517
5891,-13.296206552408517
5892,-13.296206552408517
5893,-13.296206552408517
5894,-13.296206552408517
5895,-13.296206552408517
5896,-13.296206552408517
5897,-13.296206552408517
5898,-13.296206552408517
5899,-13.296206552408517
5900,-13.296206552408517
5901,-13.296206552408517
5902,-13.296206552408517
5903,-13.296206552408517
5904,-13.296206552408517
5905,-13.296206552408517
5906,-13.296206552408517
5907,-13.296206552408517
5908,-13.296206552408517
5909,-13.296206552408517
5910,-13.296206552408517
5911,-13.296206552408517
5912,-13.296206552408517
5913,-13.296206552408517
5914,-13.296206552408517
5915,-13.296206552408517
5916,-13.296206552408517
5917,-13.296206552408517
5918,-13.296206552408517
5919,-13.296206552408517
5920,-5.154726290365999
5921,-5.154726290365999
5922,-5.154726290365999
5923,-5.154726290365999
5924,-5.154726290365999
5925,-5.154726290365999
5926,-5.154726290365999
5927,-5.154726290365999
5928,-5.154726290365999
5929,-5.154726290365999
5930,-5.154726290365999
5931,-5.154726290365999
5932,-5.154726290365999
5933,-5.154726290365999
5934,-5.154726290365999
5935,-5.154726290365999
5936,-5.154726290365999
5937,-5.154726290365999
5938,-5.154726290365999
5939,-5.154726290365999
5940,-5.154726290365999
5941,-5.154726290365999
5942,-5.154726290365999
5943,-5.154726290365999
5944,-5.154726290365999
5945,-5.154726290365999
5946,-5.154726290365999
5947,-5.154726290365999
5948,-5.154726290365999
5949,-5.154726290365999
5950,-5.154726290365999
5951,-5.154726290365999
5952,-5.154726290365999
5953,-5.154726290365999
5954,-5.154726290365999
5955,-5.154726290365999
5956,-5.154726290365999
5957,-5.154726290365999
5958,-5.154726290365999
5959,-5.154726290365999
5960,-5.154726290365999
5961,-5.154726290365999
5962,-5.154726290365999
5963,-5.154726290365999
5964,-5.154726290365999
5965,-5.154726290365999
5966,-5.154726290365999
5967,-5.154726290365999
5968,-5.154726290365999
5969,-5.154726290365999
5970,-5.154726290365999
5971,-5.154726290365999
5972,-5.154726290365999
5973,-5.154726290365999
5974,-5.154726290365999
5975,-5.154726290365999
5976,-5.154726290365999
5977,-5.154726290365999
5978,-5.154726290365999
5979,-5.154726290365999
5980,-5.154726290365999
5981,-5.154726290365999
5982,-5.154726290365999
5983,-5.154726290365999
5984,-5.154726290365999
5985,-5.154726290365999
5986,-5.154726290365999
5987,-5.154726290365999
5988,-5.154726290365999
5989,-5.154726290365999
5990,-5.154726290365999
5991,-5.154726290365999
5992,-5.154726290365999
5993,-5.154726290365999
5994,-5.154726290365999
5995,-5.154726290365999
5996,-5.154726290365999
5997,-5.154726290365999
5998,-5.154726290365999
5999,-5.154726290365999
6000,-5.154726290365999
6001,-5.154726290365999
6002,-5.154726290365999
6003,-5.154726290365999
6004,-5.154726290365999
6005,-5.154726290365999
6006,-5.154726290365999
6007,-5.154726290365999
6008,-5.154726290365999
6009,-5.154726290365999
6010,-5.154726290365999
6011,-5.154726290365999
6012,-5.154726290365999
6013,-5.154726290365999
6014,-5.154726290365999
6015,-5.154726290365999
6016,-5.154726290365999
6017,-5.154726290365999
6018,-5.154726290365999
6019,-5.154726290365999
6020,-5.154726290365999
6021,-5.154726290365999
6022,-5.154726290365999
6023,-5.154726290365999
6024,-5.154726290365999
6025,-5.154726290365999
6026,-5.154726290365999
6027,-5.154726290365999
6028,-5.154726290365999
6029,-5.154726290365999
6030,-5.154726290365999
6031,-5.154726290365999
6032,-5.154726290365999
6033,-5.154726290365999
6034,-5.154726290365999
6035,-5.154726290365999
6036,-5.154726290365999
6037,-5.154726290365999
6038,-5.154726290365999
6039,-5.154726290365999
6040,-5.154726290365999
6041,-5.154726290365999
6042,-5.154726290365999
6043,-5.154726290365999
6044,-5.154726290365999
6045,-5.154726290365999
6046,-5.154726290365999
6047,-5.154726290365999
6048,-5.154726290365999
6049,-5.154726290365999
6050,-5.154726290365999
6051,-5.154726290365999
6052,-5.154726290365999
6053,-5.154726290365999
6054,-5.154726290365999
6055,-5.154726290365999
6056,-5.154726290365999
6057,-5.154726290365999
6058,-5.154726290365999
6059,-5.154726290365999
6060,-5.154726290365999
6061,-5.154726290365999
6062,-5.154726290365999
6063,-5.154726290365999
6064,-5.154726290365999
6065,-5.154726290365999
6066,-5.154726290365999
6067,-5.154726290365999
6068,-5.154726290365999
6069,-5.154726290365999
6070,-5.154726290365999
6071,-5.154726290365999
6072,-5.154726290365999
6073,-5.154726290365999
6074,-5.154726290365999
6075,-5.154726290365999
6076,-5.154726290365999
6077,-5.154726290365999
6078,-5.154726290365999
6079,-5.154726290365999
6080,-5.154726290365999
6081,-5.154726290365999
6082,-5.154726290365999
6083,-5.154726290365999
6084,-5.154726290365999
6085,-5.154726290365999
6086,-5.154726290365999
6087,-5.154726290365999
6088,-5.154726290365999
6089,-5.154726290365999
6090,-5.154726290365999
6091,-5.154726290365999
6092,-5.154726290365999
6093,-5.154726290365999
6094,-5.154726290365999
6095,-5.154726290365999
6096,-5.154726290365999
6097,-5.154726290365999
6098,-5.154726290365999
6099,-5.154726290365999
6100,-5.154726290365999
6101,-5.154726290365999
6102,-5.154726290365999
6103,-5.154726290365999
6104,-5.154726290365999
6105,-5.154726290365999
6106,-5.154726290365999
6107,-5.154726290365999
6108,-5.154726290365999
6109,-5.154726290365999
6110,-5.154726290365999
6111,-5.154726290365999
6112,-5.154726290365999
6113,-5.154726290365999
6114,-5.154726290365999
6115,-5.154726290365999
6116,-5.154726290365999
6117,-5.154726290365999
6118,-5.154726290365999
6119,-5.154726290365999
6120,-5.154726290365999
6121,-5.154726290365999
6122,-5.154726290365999
6123,-5.154726290365999
6124,-5.154726290365999
6125,-5.154726290365999
6126,-5.154726290365999
6127,-5.154726290365999
6128,-5.154726290365999
6129,-5.154726290365999
6130,-5.154726290365999
6131,-5.154726290365999
6132,-5.154726290365999
6133,-5.154726290365999
6134,-5.154726290365999
6135,-5.154726290365999
6136,-5.154726290365999
6137,-5.154726290365999
6138,-5.154726290365999
6139,-5.154726290365999
6140,-5.154726290365999
6141,-5.154726290365999
6142,-5.154726290365999
6143,-5.154726290365999
6144,-5.154726290365999
6145,-5.154726290365999
6146,-5.154726290365999
6147,-5.154726290365999
6148,-5.154726290365999
6149,-5.154726290365999
6150,-5.154726290365999
6151,-5.154726290365999
6152,-5.154726290365999
6153,-5.154726290365999
6154,-5.154726290365999
6155,-5.154726290365999
6156,-5.154726290365999
6157,-5.154726290365999
6158,-5.154726290365999
6159,-5.154726290365999
6160,-5.154726290365999
6161,-5.154726290365999
6162,-5.154726290365999
6163,-5.154726290365999
6164,-5.154726290365999
6165,-5.154726290365999
6166,-5.154726290365999
6167,-5.154726290365999
6168,-5.154726290365999
6169,-5.154726290365999
6170,-5.154726290365999
6171,-5.154726290365999
6172,-5.154726290365999
6173,-5.154726290365999
6174,-5.154726290365999
6175,-5.154726290365999
6176,-5.154726290365999
6177,-5.154726290365999
6178,-5.154726290365999
6179,-5.154726290365999
6180,-5.154726290365999
6181,-5.154726290365999
6182,-5.154726290365999
6183,-5.154726290365999
6184,-5.154726290365999
6185,-5.154726290365999
6186,-5.154726290365999
6187,-5.154726290365999
6188,-5.154726290365999
6189,-5.154726290365999
6190,-5.154726290365999
6191,-5.154726290365999
6192,-5.154726290365999
6193,-5.154726290365999
6194,-5.154726290365999
6195,-5.154726290365999
6196,-5.154726290365999
6197,-5.154726290365999
6198,-5.154726290365999
6199,-5.154726290365999
6200,-5.154726290365999
6201,-5.154726290365999
6202,-5.154726290365999
6203,-5.154726290365999
6204,-5.154726290365999
6205,-5.154726290365999
6206,-5.154726290365999
6207,-5.154726290365999
6208,-5.154726290365999
6209,-5.154726290365999
6210,-5.154726290365999
6211,-5.154726290365999
6212,-5.154726290365999
6213,-5.154726290365999
6214,-5.154726290365999
6215,-5.154726290365999
6216,-5.154726290365999
6217,-5.154726290365999
6218,-5.154726290365999
6219,-5.154726290365999
6220,-5.154726290365999
6221,-5.154726290365999
6222,-5.154726290365999
6223,-5.154726290365999
6224,-5.154726290365999
6225,-5.154726290365999
6226,-5.154726290365999
6227,-5.154726290365999
6228,-5.154726290365999
6229,-5.154726290365999
6230,-5.154726290365999
6231,-5.154726290365999
6232,-5.154726290365999
6233,-5.154726290365999
6234,-5.154726290365999
6235,-5.154726290365999
6236,-5.154726290365999
6237,-5.154726290365999
6238,-5.154726290365999
6239,-5.154726290365999
6240,-5.154726290365999
6241,-5.154726290365999
6242,-5.154726290365999
6243,-5.154726290365999
6244,-5.154726290365999
6245,-5.154726290365999
6246,-5.154726290365999
6247,-5.154726290365999
6248,-5.154726290365999
6249,-5.154726290365999
6250,-5.154726290365999
6251,-5.154726290365999
6252,-5.154726290365999
6253,-5.154726290365999
6254,-5.154726290365999
6255,-5.154726290365999
6256,-5.154726290365999
6257,-5.154726290365999
6258,-5.154726290365999
6259,-5.154726290365999
6260,-5.154726290365999
6261,-5.154726290365999
6262,-5.154726290365999
6263,-5.154726290365999
6264,-5.154726290365999
6265,-5.154726290365999
6266,-5.154726290365999
6267,-5.154726290365999
6268,-5.154726290365999
6269,-5.154726290365999
6270,-5.154726290365999
6271,-5.154726290365999
6272,-5.154726290365999
6273,-5.154726290365999
6274,-5.154726290365999
6275,-5.154726290365999
6276,-5.154726290365999
6277,-5.154726290365999
6278,-5.154726290365999
6279,-5.154726290365999
6280,-5.154726290365999
6281,-5.154726290365999
6282,-5.154726290365999
6283,-5.154726290365999
6284,-5.154726290365999
6285,-5.154726290365999
6286,-5.154726290365999
6287,-5.154726290365999
6288,-5.154726290365999
6289,-5.154726290365999
6290,-5.154726290365999
6291,-5.154726290365999
6292,-5.154726290365999
6293,-5.154726290365999
6294,-5.154726290365999
6295,-5.154726290365999
6296,-5.154726290365999
6297,-5.154726290365999
6298,-5.154726290365999
6299,-5.154726290365999
6300,-5.154726290365999
6301,-5.154726290365999
6302,-5.154726290365999
6303,-5.154726290365999
6304,-5.154726290365999
6305,-5.154726290365999
6306,-5.154726290365999
6307,-5.154726290365999
6308,-5.154726290365999
6309,-5.154726290365999
6310,-5.154726290365999
6311,-5.154726290365999
6312,-5.154726290365999
6313,-5.154726290365999
6314,-5.154726290365999
6315,-5.154726290365999
6316,-5.154726290365999
6317,-5.154726290365999
6318,-5.154726290365999
6319,-5.154726290365999
6320,-5.154726290365999
6321,-5.154726290365999
6322,-5.154726290365999
6323,-5.154726290365999
6324,-5.154726290365999
6325,-5.154726290365999
6326,-5.154726290365999
6327,-5.154726290365999
6328,-5.154726290365999
6329,-5.154726290365999
6330,-5.154726290365999
6331,-5.154726290365999
6332,-5.154726290365999
6333,-5.154726290365999
6334,-5.154726290365999
6335,-5.154726290365999
6336,-5.154726290365999
6337,-5.154726290365999
6338,-5.154726290365999
6339,-5.154726290365999
6340,-5.154726290365999
6341,-5.154726290365999
6342,-5.154726290365999
6343,-5.154726290365999
6344,-5.154726290365999
6345,-5.154726290365999
6346,-5.154726290365999
6347,-5.154726290365999
6348,-5.154726290365999
6349,-5.154726290365999
6350,-5.154726290365999
6351,-5.154726290365999
6352,-5.154726290365999
6353,-5.154726290365999
6354,-5.154726290365999
6355,-5.154726290365999
6356,-5.154726290365999
6357,-5.154726290365999
6358,-5.154726290365999
6359,-5.154726290365999
6360,-5.154726290365999
6361,-5.154726290365999
6362,-5.154726290365999
6363,-5.154726290365999
6364,-5.154726290365999
6365,-5.154726290365999
6366,-5.154726290365999
6367,-5.154726290365999
6368,-5.154726290365999
6369,-5.154726290365999
6370,-5.154726290365999
6371,-5.154726290365999
6372,-5.154726290365999
6373,-5.154726290365999
6374,-5.154726290365999
6375,-5.154726290365999
6376,-5.154726290365999
6377,-5.154726290365999
6378,-5.154726290365999
6379,-5.154726290365999
6380,-5.154726290365999
6381,-5.154726290365999
6382,-5.154726290365999
6383,-5.154726290365999
6384,-5.154726290365999
6385,-5.154726290365999
6386,-5.154726290365999
6387,-5.154726290365999
6388,-5.154726290365999
6389,-5.154726290365999
6390,-5.154726290365999
6391,-5.154726290365999
6392,-5.154726290365999
6393,-5.154726290365999
6394,-5.154726290365999
6395,-5.154726290365999
6396,-5.154726290365999
6397,-5.154726290365999
6398,-5.154726290365999
6399,-5.154726290365999
6400,-5.154726290365999
6401,-5.154726290365999
6402,-5.154726290365999
6403,-5.154726290365999
6404,-5.154726290365999
6405,-5.154726290365999
6406,-5.154726290365999
6407,-5.154726290365999
6408,-5.154726290365999
6409,-5.154726290365999
6410,-5.154726290365999
6411,-5.154726290365999
6412,-5.154726290365999
6413,-5.154726290365999
6414,-5.154726290365999
6415,-5.154726290365999
6416,-5.154726290365999
6417,-5.154726290365999
6418,-5.154726290365999
6419,-5.154726290365999
6420,-5.154726290365999
6421,-5.154726290365999
6422,-5.154726290365999
6423,-5.154726290365999
6424,-5.154726290365999
6425,-5.154726290365999
6426,-5.154726290365999
6427,-5.154726290365999
6428,-5.154726290365999
6429,-5.154726290365999
6430,-5.154726290365999
6431,-5.154726290365999
6432,-5.154726290365999
6433,-5.154726290365999
6434,-5.154726290365999
6435,-5.154726290365999
6436,-5.154726290365999
6437,-5.154726290365999
6438,-5.154726290365999
6439,-5.154726290365999
6440,-5.154726290365999
6441,-5.154726290365999
6442,-5.154726290365999
6443,-5.154726290365999
6444,-5.154726290365999
6445,-5.154726290365999
6446,-5.154726290365999
6447,-5.154726290365999
6448,-5.154726290365999
6449,-5.154726290365999
6450,-5.154726290365999
6451,-5.154726290365999
6452,-5.154726290365999
6453,-5.154726290365999
6454,-5.154726290365999
6455,-5.154726290365999
6456,-5.154726290365999
6457,-5.154726290365999
6458,-5.154726290365999
6459,-5.154726290365999
6460,-5.154726290365999
6461,-5.154726290365999
6462,-5.154726290365999
6463,-5.154726290365999
6464,-5.154726290365999
6465,-5.154726290365999
6466,-5.154726290365999
6467,-5.154726290365999
6468,-5.154726290365999
6469,-5.154726290365999
6470,-5.154726290365999
6471,-5.154726290365999
6472,-5.154726290365999
6473,-5.154726290365999
6474,-5.154726290365999
6475,-5.154726290365999
6476,-5.154726290365999
6477,-5.154726290365999
6478,-5.154726290365999
6479,-5.154726290365999
6480,-5.154726290365999
6481,-5.154726290365999
6482,-5.154726290365999
6483,-5.154726290365999
6484,-5.154726290365999
6485,-5.154726290365999
6486,-5.154726290365999
6487,-5.154726290365999
6488,-5.154726290365999
6489,-5.154726290365999
6490,-5.154726290365999
6491,-5.154726290365999
6492,-5.154726290365999
6493,-5.154726290365999
6494,-5.154726290365999
6495,-5.154726290365999
6496,-5.154726290365999
6497,-5.154726290365999
6498,-5.154726290365999
6499,-5.154726290365999
6500,-5.154726290365999
6501,-5.154726290365999
6502,-5.154726290365999
6503,-5.154726290365999
6504,-5.154726290365999
6505,-5.154726290365999
6506,-5.154726290365999
6507,-5.154726290365999
6508,-5.154726290365999
6509,-5.154726290365999
6510,-5.154726290365999
6511,-5.154726290365999
6512,-5.154726290365999
6513,-5.154726290365999
6514,-5.154726290365999
6515,-5.154726290365999
6516,-5.154726290365999
6517,-5.154726290365999
6518,-5.154726290365999
6519,-5.154726290365999
6520,-5.154726290365999
6521,-5.154726290365999
6522,-5.154726290365999
6523,-5.154726290365999
6524,-5.154726290365999
6525,-5.154726290365999
6526,-5.154726290365999
6527,-5.154726290365999
6528,-5.154726290365999
6529,-5.154726290365999
6530,-5.154726290365999
6531,-5.154726290365999
6532,-5.154726290365999
6533,-5.154726290365999
6534,-5.154726290365999
6535,-5.154726290365999
6536,-5.154726290365999
6537,-5.154726290365999
6538,-5.154726290365999
6539,-5.154726290365999
6540,-5.154726290365999
6541,-5.154726290365999
6542,-5.154726290365999
6543,-5.154726290365999
6544,-5.154726290365999
6545,-5.154726290365999
6546,-5.154726290365999
6547,-5.154726290365999
6548,-5.154726290365999
6549,-5.154726290365999
6550,-5.154726290365999
6551,-5.154726290365999
6552,-5.154726290365999
6553,-5.154726290365999
6554,-5.154726290365999
6555,-5.154726290365999
6556,-5.154726290365999
6557,-5.154726290365999
6558,-5.154726290365999
6559,-5.154726290365999
6560,-5.154726290365999
6561,-5.154726290365999
6562,-5.154726290365999
6563,-5.154726290365999
6564,-5.154726290365999
6565,-5.154726290365999
6566,-5.154726290365999
6567,-5.154726290365999
6568,-5.154726290365999
6569,-5.154726290365999
6570,-5.154726290365999
6571,-5.154726290365999
6572,-5.154726290365999
6573,-5.154726290365999
6574,-5.154726290365999
6575,-5.154726290365999
6576,-5.154726290365999
6577,-5.154726290365999
6578,-5.154726290365999
6579,-5.154726290365999
6580,-5.154726290365999
6581,-5.154726290365999
6582,-5.154726290365999
6583,-5.154726290365999
6584,-5.154726290365999
6585,-5.154726290365999
6586,-5.154726290365999
6587,-5.154726290365999
6588,-5.154726290365999
6589,-5.154726290365999
6590,-5.154726290365999
6591,-5.154726290365999
6592,-5.154726290365999
6593,-5.154726290365999
6594,-5.154726290365999
6595,-5.154726290365999
6596,-5.154726290365999
6597,-5.154726290365999
6598,-5.154726290365999
6599,-5.154726290365999
6600,-5.154726290365999
6601,-5.154726290365999
6602,-5.154726290365999
6603,-5.154726290365999
6604,-5.154726290365999
6605,-5.154726290365999
6606,-5.154726290365999
6607,-5.154726290365999
6608,-5.154726290365999
6609,-5.154726290365999
6610,-5.154726290365999
6611,-5.154726290365999
6612,-5.154726290365999
6613,-5.154726290365999
6614,-5.154726290365999
6615,-5.154726290365999
6616,-5.154726290365999
6617,-5.154726290365999
6618,-5.154726290365999
6619,-5.154726290365999
6620,-5.154726290365999
6621,-5.154726290365999
6622,-5.154726290365999
6623,-5.154726290365999
6624,-5.154726290365999
6625,-5.154726290365999
6626,-5.154726290365999
6627,-5.154726290365999
6628,-5.154726290365999
6629,-5.154726290365999
6630,-5.154726290365999
6631,-5.154726290365999
6632,-5.154726290365999
6633,-5.154726290365999
6634,-5.154726290365999
6635,-5.154726290365999
6636,-5.154726290365999
6637,-5.154726290365999
6638,-5.154726290365999
6639,-5.154726290365999
6640,-5.154726290365999
6641,-5.154726290365999
6642,-5.154726290365999
6643,-5.154726290365999
6644,-5.154726290365999
6645,-5.154726290365999
6646,-5.154726290365999
6647,-5.154726290365999
6648,-5.154726290365999
6649,-5.154726290365999
6650,-5.154726290365999
6651,-5.154726290365999
6652,-5.154726290365999
6653,-5.154726290365999
6654,-5.154726290365999
6655,-5.154726290365999
6656,-5.154726290365999
6657,-5.154726290365999
6658,-5.154726290365999
6659,-5.154726290365999
6660,-5.154726290365999
6661,-5.154726290365999
6662,-5.154726290365999
6663,-5.154726290365999
6664,-5.154726290365999
6665,-5.154726290365999
6666,-5.154726290365999
6667,-5.154726290365999
6668,-5.154726290365999
6669,-5.154726290365999
6670,-5.154726290365999
6671,-5.154726290365999
6672,-5.154726290365999
6673,-5.154726290365999
6674,-5.154726290365999
6675,-5.154726290365999
6676,-5.154726290365999
6677,-5.154726290365999
6678,-5.154726290365999
6679,-5.154726290365999
6680,-5.154726290365999
6681,-5.154726290365999
6682,-5.154726290365999
6683,-5.154726290365999
6684,-5.154726290365999
6685,-5.154726290365999
6686,-5.154726290365999
6687,-5.154726290365999
6688,-5.154726290365999
6689,-5.154726290365999
6690,-5.154726290365999
6691,-5.154726290365999
6692,-5.154726290365999
6693,-5.154726290365999
6694,-5.154726290365999
6695,-5.154726290365999
6696,-5.154726290365999
6697,-5.154726290365999
6698,-5.154726290365999
6699,-5.154726290365999
6700,-5.154726290365999
6701,-5.154726290365999
6702,-5.154726290365999
6703,-5.154726290365999
6704,-5.154726290365999
6705,-5.154726290365999
6706,-5.154726290365999
6707,-5.154726290365999
6708,-5.154726290365999
6709,-5.154726290365999
6710,-5.154726290365999
6711,-5.154726290365999
6712,-5.154726290365999
6713,-5.154726290365999
6714,-5.154726290365999
6715,-5.154726290365999
6716,-5.154726290365999
6717,-5.154726290365999
6718,-5.154726290365999
6719,-5.154726290365999
6720,-5.154726290365999
6721,-5.154726290365999
6722,-5.154726290365999
6723,-5.154726290365999
6724,-5.154726290365999
6725,-5.154726290365999
6726,-5.154726290365999
6727,-5.154726290365999
6728,-5.154726290365999
6729,-5.154726290365999
6730,-5.154726290365999
6731,-5.154726290365999
6732,-5.154726290365999
6733,-5.154726290365999
6734,-5.154726290365999
6735,-5.154726290365999
6736,-5.154726290365999
6737,-5.154726290365999
6738,-5.154726290365999
6739,-5.154726290365999
6740,-5.154726290365999
6741,-5.154726290365999
6742,-5.154726290365999
6743,-5.154726290365999
6744,-5.154726290365999
6745,-5.154726290365999
6746,-5.154726290365999
6747,-5.154726290365999
6748,-5.154726290365999
6749,-5.154726290365999
6750,-5.154726290365999
6751,-5.154726290365999
6752,-5.154726290365999
6753,-5.154726290365999
6754,-5.154726290365999
6755,-5.154726290365999
6756,-5.154726290365999
6757,-5.154726290365999
6758,-5.154726290365999
6759,-5.154726290365999
6760,-5.154726290365999
6761,-5.154726290365999
6762,-5.154726290365999
6763,-5.154726290365999
6764,-5.154726290365999
6765,-5.154726290365999
6766,-5.154726290365999
6767,-5.154726290365999
6768,-5.154726290365999
6769,-5.154726290365999
6770,-5.154726290365999
6771,-5.154726290365999
6772,-5.154726290365999
6773,-5.154726290365999
6774,-5.154726290365999
6775,-5.154726290365999
6776,-5.154726290365999
6777,-5.154726290365999
6778,-5.154726290365999
6779,-5.154726290365999
6780,-5.154726290365999
6781,-5.154726290365999
6782,-5.154726290365999
6783,-5.154726290365999
6784,-5.154726290365999
6785,-5.154726290365999
6786,-5.154726290365999
6787,-5.154726290365999
6788,-5.154726290365999
6789,-5.154726290365999
6790,-5.154726290365999
6791,-5.154726290365999
6792,-5.154726290365999
6793,-5.154726290365999
6794,-5.154726290365999
6795,-5.154726290365999
6796,-5.154726290365999
6797,-5.154726290365999
6798,-5.154726290365999
6799,-5.154726290365999
6800,-5.154726290365999
6801,-5.154726290365999
6802,-5.154726290365999
6803,-5.154726290365999
6804,-5.154726290365999
6805,-5.154726290365999
6806,-5.154726290365999
6807,-5.154726290365999
6808,-5.154726290365999
6809,-5.154726290365999
6810,-5.154726290365999
6811,-5.154726290365999
6812,-5.154726290365999
6813,-5.154726290365999
6814,-5.154726290365999
6815,-5.154726290365999
6816,-5.154726290365999
6817,-5.154726290365999
6818,-5.154726290365999
6819,-5.154726290365999
6820,-5.154726290365999
6821,-5.154726290365999
6822,-5.154726290365999
6823,-5.154726290365999
6824,-5.154726290365999
6825,-5.154726290365999
6826,-5.154726290365999
6827,-5.154726290365999
6828,-5.154726290365999
6829,-5.154726290365999
6830,-5.154726290365999
6831,-5.154726290365999
6832,-5.154726290365999
6833,-5.154726290365999
6834,-5.154726290365999
6835,-5.154726290365999
6836,-5.154726290365999
6837,-5.154726290365999
6838,-5.154726290365999
6839,-5.154726290365999
6840,-5.154726290365999
6841,-5.154726290365999
6842,-5.154726290365999
6843,-5.154726290365999
6844,-5.154726290365999
6845,-5.154726290365999
6846,-5.154726290365999
6847,-5.154726290365999
6848,-5.154726290365999
6849,-5.154726290365999
6850,-5.154726290365999
6851,-5.154726290365999
6852,-5.154726290365999
6853,-5.154726290365999
6854,-5.154726290365999
6855,-5.154726290365999
6856,-5.154726290365999
6857,-5.154726290365999
6858,-5.154726290365999
6859,-5.154726290365999
6860,-5.154726290365999
6861,-5.154726290365999
6862,-5.154726290365999
6863,-5.154726290365999
6864,-5.154726290365999
6865,-5.154726290365999
6866,-5.154726290365999
6867,-5.154726290365999
6868,-5.154726290365999
6869,-5.154726290365999
6870,-5.154726290365999
6871,-5.154726290365999
6872,-5.154726290365999
6873,-5.154726290365999
6874,-5.154726290365999
6875,-5.154726290365999
6876,-5.154726290365999
6877,-5.154726290365999
6878,-5.154726290365999
6879,-5.154726290365999
6880,-5.154726290365999
6881,-5.154726290365999
6882,-5.154726290365999
6883,-5.154726290365999
6884,-5.154726290365999
6885,-5.154726290365999
6886,-5.154726290365999
6887,-5.154726290365999
6888,-5.154726290365999
6889,-5.154726290365999
6890,-5.154726290365999
6891,-5.154726290365999
6892,-5.154726290365999
6893,-5.154726290365999
6894,-5.154726290365999
6895,-5.154726290365999
6896,-5.154726290365999
6897,-5.154726290365999
6898,-5.154726290365999
6899,-5.154726290365999
6900,-5.154726290365999
6901,-5.154726290365999
6902,-5.154726290365999
6903,-5.154726290365999
6904,-5.154726290365999
6905,-5.154726290365999
6906,-5.154726290365999
6907,-5.154726290365999
6908,-5.154726290365999
6909,-5.154726290365999
6910,-5.154726290365999
6911,-5.154726290365999
6912,-5.154726290365999
6913,-5.154726290365999
6914,-5.154726290365999
6915,-5.154726290365999
6916,-5.154726290365999
6917,-5.154726290365999
6918,-5.154726290365999
6919,-5.154726290365999
6920,-5.154726290365999
6921,-5.154726290365999
6922,-5.154726290365999
6923,-5.154726290365999
6924,-5.154726290365999
6925,-5.154726290365999
6926,-5.154726290365999
6927,-5.154726290365999
6928,-5.154726290365999
6929,-5.154726290365999
6930,-5.154726290365999
6931,-5.154726290365999
6932,-5.154726290365999
6933,-5.154726290365999
6934,-5.154726290365999
6935,-5.154726290365999
6936,-5.154726290365999
6937,-5.154726290365999
6938,-5.154726290365999
6939,-5.154726290365999
6940,-5.154726290365999
6941,-5.154726290365999
6942,-5.154726290365999
6943,-5.154726290365999
6944,-5.154726290365999
6945,-5.154726290365999
6946,-5.154726290365999
6947,-5.154726290365999
6948,-5.154726290365999
6949,-5.154726290365999
6950,-5.154726290365999
6951,-5.154726290365999
6952,-5.154726290365999
6953,-5.154726290365999
6954,-5.154726290365999
6955,-5.154726290365999
6956,-5.154726290365999
6957,-5.154726290365999
6958,-5.154726290365999
6959,-5.154726290365999
6960,-5.154726290365999
6961,-5.154726290365999
6962,-5.154726290365999
6963,-5.154726290365999
6964,-5.154726290365999
6965,-5.154726290365999
6966,-5.154726290365999
6967,-5.154726290365999
6968,-5.154726290365999
6969,-5.154726290365999
6970,-5.154726290365999
6971,-5.154726290365999
6972,-5.154726290365999
6973,-5.154726290365999
6974,-5.154726290365999
6975,-5.154726290365999
6976,-5.154726290365999
6977,-5.154726290365999
6978,-5.154726290365999
6979,-5.154726290365999
6980,-5.154726290365999
6981,-5.154726290365999
6982,-5.154726290365999
6983,-5.154726290365999
6984,-5.154726290365999
6985,-5.154726290365999
6986,-5.154726290365999
6987,-5.154726290365999
6988,-5.154726290365999
6989,-5.154726290365999
6990,-5.154726290365999
6991,-5.154726290365999
6992,-5.154726290365999
6993,-5.154726290365999
6994,-5.154726290365999
6995,-5.154726290365999
6996,-5.154726290365999
6997,-5.154726290365999
6998,-5.154726290365999
6999,-5.154726290365999
7000,-5.154726290365999
7001,-5.154726290365999
7002,-5.154726290365999
7003,-5.154726290365999
7004,-5.154726290365999
7005,-5.154726290365999
7006,-5.154726290365999
7007,-5.154726290365999
7008,-5.154726290365999
7009,-5.154726290365999
7010,-5.154726290365999
7011,-5.154726290365999
7012,-5.154726290365999
7013,-5.154726290365999
7014,-5.154726290365999
7015,-5.154726290365999
7016,-5.154726290365999
7017,-5.154726290365999
7018,-5.154726290365999
7019,-5.154726290365999
7020,-5.154726290365999
7021,-5.154726290365999
7022,-5.154726290365999
7023,-5.154726290365999
7024,-5.154726290365999
7025,-5.154726290365999
7026,-5.154726290365999
7027,-5.154726290365999
7028,-5.154726290365999
7029,-5.154726290365999
7030,-5.154726290365999
7031,-5.154726290365999
7032,-5.154726290365999
7033,-5.154726290365999
7034,-5.154726290365999
7035,-5.154726290365999
7036,-5.154726290365999
7037,-5.154726290365999
7038,-5.154726290365999
7039,-5.154726290365999
7040,-5.154726290365999
7041,-5.154726290365999
7042,-5.154726290365999
7043,-5.154726290365999
7044,-5.154726290365999
7045,-5.154726290365999
7046,-5.154726290365999
7047,-5.154726290365999
7048,-5.154726290365999
7049,-5.154726290365999
7050,-5.154726290365999
7051,-5.154726290365999
7052,-5.154726290365999
7053,-5.154726290365999
7054,-5.154726290365999
7055,-5.154726290365999
7056,-5.154726290365999
7057,-5.154726290365999
7058,-5.154726290365999
7059,-5.154726290365999
7060,-5.154726290365999
7061,-5.154726290365999
7062,-5.154726290365999
7063,-5.154726290365999
7064,-5.154726290365999
7065,-5.154726290365999
7066,-5.154726290365999
7067,-5.154726290365999
7068,-5.154726290365999
7069,-5.154726290365999
7070,-5.154726290365999
7071,-5.154726290365999
7072,-5.154726290365999
7073,-5.154726290365999
7074,-5.154726290365999
7075,-5.154726290365999
7076,-5.154726290365999
7077,-5.154726290365999
7078,-5.154726290365999
7079,-5.154726290365999
7080,-5.154726290365999
7081,-5.154726290365999
7082,-5.154726290365999
7083,-5.154726290365999
7084,-5.154726290365999
7085,-5.154726290365999
7086,-5.154726290365999
7087,-5.154726290365999
7088,-5.154726290365999
7089,-5.154726290365999
7090,-5.154726290365999
7091,-5.154726290365999
7092,-5.154726290365999
7093,-5.154726290365999
7094,-5.154726290365999
7095,-5.154726290365999
7096,-5.154726290365999
7097,-5.154726290365999
7098,-5.154726290365999
7099,-5.154726290365999
7100,-5.154726290365999
7101,-5.154726290365999
7102,-5.154726290365999
7103,-5.154726290365999
7104,-5.154726290365999
7105,-5.154726290365999
7106,-5.154726290365999
7107,-5.154726290365999
7108,-5.154726290365999
7109,-5.154726290365999
7110,-5.154726290365999
7111,-5.154726290365999
7112,-5.154726290365999
7113,-5.154726290365999
7114,-5.154726290365999
7115,-5.154726290365999
7116,-5.154726290365999
7117,-5.154726290365999
7118,-5.154726290365999
7119,-5.154726290365999
7120,-5.154726290365999
7121,-5.154726290365999
7122,-5.154726290365999
7123,-5.154726290365999
7124,-5.154726290365999
7125,-5.154726290365999
7126,-5.154726290365999
7127,-5.154726290365999
7128,-5.154726290365999
7129,-5.154726290365999
7130,-5.154726290365999
7131,-5.154726290365999
7132,-5.154726290365999
7133,-5.154726290365999
7134,-5.154726290365999
7135,-5.154726290365999
7136,-5.154726290365999
7137,-5.154726290365999
7138,-5.154726290365999
7139,-5.154726290365999
7140,-5.154726290365999
7141,-5.154726290365999
7142,-5.154726290365999
7143,-5.154726290365999
7144,-5.154726290365999
7145,-5.154726290365999
7146,-5.154726290365999
7147,-5.154726290365999
7148,-5.154726290365999
7149,-5.154726290365999
7150,-5.154726290365999
7151,-5.154726290365999
7152,-5.154726290365999
7153,-5.154726290365999
7154,-5.154726290365999
7155,-5.154726290365999
7156,-5.154726290365999
7157,-5.154726290365999
7158,-5.154726290365999
7159,-5.154726290365999
7160,-5.154726290365999
7161,-5.154726290365999
7162,-5.154726290365999
7163,-5.154726290365999
7164,-5.154726290365999
7165,-5.154726290365999
7166,-5.154726290365999
7167,-5.154726290365999
7168,-5.154726290365999
7169,-5.154726290365999
7170,-5.154726290365999
7171,-5.154726290365999
7172,-5.154726290365999
7173,-5.154726290365999
7174,-5.154726290365999
7175,-5.154726290365999
7176,-5.154726290365999
7177,-5.154726290365999
7178,-5.154726290365999
7179,-5.154726290365999
7180,-5.154726290365999
7181,-5.154726290365999
7182,-5.154726290365999
7183,-5.154726290365999
7184,-5.154726290365999
7185,-5.154726290365999
7186,-5.154726290365999
7187,-5.154726290365999
7188,-5.154726290365999
7189,-5.154726290365999
7190,-5.154726290365999
7191,-5.154726290365999
7192,-5.154726290365999
7193,-5.154726290365999
7194,-5.154726290365999
7195,-5.154726290365999
7196,-5.154726290365999
7197,-5.154726290365999
7198,-5.154726290365999
7199,-5.154726290365999
7200,-5.154726290365999
7201,-5.154726290365999
7202,-5.154726290365999
7203,-5.154726290365999
7204,-5.154726290365999
7205,-5.154726290365999
7206,-5.154726290365999
7207,-5.154726290365999
7208,-5.154726290365999
7209,-5.154726290365999
7210,-5.154726290365999
7211,-5.154726290365999
7212,-5.154726290365999
7213,-5.154726290365999
7214,-5.154726290365999
7215,-5.154726290365999
7216,-5.154726290365999
7217,-5.154726290365999
7218,-5.154726290365999
7219,-5.154726290365999
7220,-5.154726290365999
7221,-5.154726290365999
7222,-5.154726290365999
7223,-5.154726290365999
7224,-5.154726290365999
7225,-5.154726290365999
7226,-5.154726290365999
7227,-5.154726290365999
7228,-5.154726290365999
7229,-5.154726290365999
7230,-5.154726290365999
7231,-5.154726290365999
7232,-5.154726290365999
7233,-5.154726290365999
7234,-5.154726290365999
7235,-5.154726290365999
7236,-5.154726290365999
7237,-5.154726290365999
7238,-5.154726290365999
7239,-5.154726290365999
7240,-5.154726290365999
7241,-5.154726290365999
7242,-5.154726290365999
7243,-5.154726290365999
7244,-5.154726290365999
7245,-5.154726290365999
7246,-5.154726290365999
7247,-5.154726290365999
7248,-5.154726290365999
7249,-5.154726290365999
7250,-5.154726290365999
7251,-5.154726290365999
7252,-5.154726290365999
7253,-5.154726290365999
7254,-5.154726290365999
7255,-5.154726290365999
7256,-5.154726290365999
7257,-5.154726290365999
7258,-5.154726290365999
7259,-5.154726290365999
7260,-5.154726290365999
7261,-5.154726290365999
7262,-5.154726290365999
7263,-5.154726290365999
7264,-5.154726290365999
7265,-5.154726290365999
7266,-5.154726290365999
7267,-5.154726290365999
7268,-5.154726290365999
7269,-5.154726290365999
7270,-5.154726290365999
7271,-5.154726290365999
7272,-5.154726290365999
7273,-5.154726290365999
7274,-5.154726290365999
7275,-5.154726290365999
7276,-5.154726290365999
7277,-5.154726290365999
7278,-5.154726290365999
7279,-5.154726290365999
7280,-5.154726290365999
7281,-5.154726290365999
7282,-5.154726290365999
7283,-5.154726290365999
7284,-5.154726290365999
7285,-5.154726290365999
7286,-5.154726290365999
7287,-5.154726290365999
7288,-5.154726290365999
7289,-5.154726290365999
7290,-5.154726290365999
7291,-5.154726290365999
7292,-5.154726290365999
7293,-5.154726290365999
7294,-5.154726290365999
7295,-5.154726290365999
7296,-5.154726290365999
7297,-5.154726290365999
7298,-5.154726290365999
7299,-5.154726290365999
7300,-5.154726290365999
7301,-5.154726290365999
7302,-5.154726290365999
7303,-5.154726290365999
7304,-5.154726290365999
7305,-5.154726290365999
7306,-5.154726290365999
7307,-5.154726290365999
7308,-5.154726290365999
7309,-5.154726290365999
7310,-5.154726290365999
7311,-5.154726290365999
7312,-5.154726290365999
7313,-5.154726290365999
7314,-5.154726290365999
7315,-5.154726290365999
7316,-5.154726290365999
7317,-5.154726290365999
7318,-5.154726290365999
7319,-5.154726290365999
7320,-5.154726290365999
7321,-5.154726290365999
7322,-5.154726290365999
7323,-5.154726290365999
7324,-5.154726290365999
7325,-5.154726290365999
7326,-5.154726290365999
7327,-5.154726290365999
7328,-5.154726290365999
7329,-5.154726290365999
7330,-5.154726290365999
7331,-5.154726290365999
7332,-5.154726290365999
7333,-5.154726290365999
7334,-5.154726290365999
7335,-5.154726290365999
7336,-5.154726290365999
7337,-5.154726290365999
7338,-5.154726290365999
7339,-5.154726290365999
7340,-5.154726290365999
7341,-5.154726290365999
7342,-5.154726290365999
7343,-5.154726290365999
7344,-5.154726290365999
7345,-5.154726290365999
7346,-5.154726290365999
7347,-5.154726290365999
7348,-5.154726290365999
7349,-5.154726290365999
7350,-5.154726290365999
7351,-5.154726290365999
7352,-5.154726290365999
7353,-5.154726290365999
7354,-5.154726290365999
7355,-5.154726290365999
7356,-5.154726290365999
7357,-5.154726290365999
7358,-5.154726290365999
7359,-5.154726290365999
7360,-5.154726290365999
7361,-5.154726290365999
7362,-5.154726290365999
7363,-5.154726290365999
7364,-5.154726290365999
7365,-5.154726290365999
7366,-5.154726290365999
7367,-5.154726290365999
7368,-5.154726290365999
7369,-5.154726290365999
7370,-5.154726290365999
7371,-5.154726290365999
7372,-5.154726290365999
7373,-5.154726290365999
7374,-5.154726290365999
7375,-5.154726290365999
7376,-5.154726290365999
7377,-5.154726290365999
7378,-5.154726290365999
7379,-5.154726290365999
7380,-5.154726290365999
7381,-5.154726290365999
7382,-5.154726290365999
7383,-5.154726290365999
7384,-5.154726290365999
7385,-5.154726290365999
7386,-5.154726290365999
7387,-5.154726290365999
7388,-5.154726290365999
7389,-5.154726290365999
7390,-5.154726290365999
7391,-5.154726290365999
7392,-5.154726290365999
7393,-5.154726290365999
7394,-5.154726290365999
7395,-5.154726290365999
7396,-5.154726290365999
7397,-5.154726290365999
7398,-5.154726290365999
7399,-5.154726290365999
7400,-5.154726290365999
7401,-5.154726290365999
7402,-5.154726290365999
7403,-5.154726290365999
7404,-5.154726290365999
7405,-5.154726290365999
7406,-5.154726290365999
7407,-5.154726290365999
7408,-5.154726290365999
7409,-5.154726290365999
7410,-5.154726290365999
7411,-5.154726290365999
7412,-5.154726290365999
7413,-5.154726290365999
7414,-5.154726290365999
7415,-5.154726290365999
7416,-5.154726290365999
7417,-5.154726290365999
7418,-5.154726290365999
7419,-5.154726290365999
7420,-5.154726290365999
7421,-5.154726290365999
7422,-5.154726290365999
7423,-5.154726290365999
7424,-5.154726290365999
7425,-5.154726290365999
7426,-5.154726290365999
7427,-5.154726290365999
7428,-5.154726290365999
7429,-5.154726290365999
7430,-5.154726290365999
7431,-5.154726290365999
7432,-5.154726290365999
7433,-5.154726290365999
7434,-5.154726290365999
7435,-5.154726290365999
7436,-5.154726290365999
7437,-5.154726290365999
7438,-5.154726290365999
7439,-5.154726290365999
7440,-5.154726290365999
7441,-5.154726290365999
7442,-5.154726290365999
7443,-5.154726290365999
7444,-5.154726290365999
7445,-5.154726290365999
7446,-5.154726290365999
7447,-5.154726290365999
7448,-5.154726290365999
7449,-5.154726290365999
7450,-5.154726290365999
7451,-5.154726290365999
7452,-5.154726290365999
7453,-5.154726290365999
7454,-5.154726290365999
7455,-5.154726290365999
7456,-5.154726290365999
7457,-5.154726290365999
7458,-5.154726290365999
7459,-5.154726290365999
7460,-5.154726290365999
7461,-5.154726290365999
7462,-5.154726290365999
7463,-5.154726290365999
7464,-5.154726290365999
7465,-5.154726290365999
7466,-5.154726290365999
7467,-5.154726290365999
7468,-5.154726290365999
7469,-5.154726290365999
7470,-5.154726290365999
7471,-5.154726290365999
7472,-5.154726290365999
7473,-5.154726290365999
7474,-5.154726290365999
7475,-5.154726290365999
7476,-5.154726290365999
7477,-5.154726290365999
7478,-5.154726290365999
7479,-5.154726290365999
7480,-5.154726290365999
7481,-5.154726290365999
7482,-5.154726290365999
7483,-5.154726290365999
7484,-5.154726290365999
7485,-5.154726290365999
7486,-5.154726290365999
7487,-5.154726290365999
7488,-5.154726290365999
7489,-5.154726290365999
7490,-5.154726290365999
7491,-5.154726290365999
7492,-5.154726290365999
7493,-5.154726290365999
7494,-5.154726290365999
7495,-5.154726290365999
7496,-5.154726290365999
7497,-5.154726290365999
7498,-5.154726290365999
7499,-5.154726290365999
7500,-5.154726290365999
7501,-5.154726290365999
7502,-5.154726290365999
7503,-5.154726290365999
7504,-5.154726290365999
7505,-5.154726290365999
7506,-5.154726290365999
7507,-5.154726290365999
7508,-5.154726290365999
7509,-5.154726290365999
7510,-5.154726290365999
7511,-5.154726290365999
7512,-5.154726290365999
7513,-5.154726290365999
7514,-5.154726290365999
7515,-5.154726290365999
7516,-5.154726290365999
7517,-5.154726290365999
7518,-5.154726290365999
7519,-5.154726290365999
7520,-5.154726290365999
7521,-5.154726290365999
7522,-5.154726290365999
7523,-5.154726290365999
7524,-5.154726290365999
7525,-5.154726290365999
7526,-5.154726290365999
7527,-5.154726290365999
7528,-5.154726290365999
7529,-5.154726290365999
7530,-5.154726290365999
7531,-5.154726290365999
7532,-5.154726290365999
7533,-5.154726290365999
7534,-5.154726290365999
7535,-5.154726290365999
7536,-5.154726290365999
7537,-5.154726290365999
7538,-5.154726290365999
7539,-5.154726290365999
7540,-5.154726290365999
7541,-5.154726290365999
7542,-5.154726290365999
7543,-5.154726290365999
7544,-5.154726290365999
7545,-5.154726290365999
7546,-5.154726290365999
7547,-5.154726290365999
7548,-5.154726290365999
7549,-5.154726290365999
7550,-5.154726290365999
7551,-5.154726290365999
7552,-5.154726290365999
7553,-5.154726290365999
7554,-5.154726290365999
7555,-5.154726290365999
7556,-5.154726290365999
7557,-5.154726290365999
7558,-5.154726290365999
7559,-5.154726290365999
7560,-5.154726290365999
7561,-5.154726290365999
7562,-5.154726290365999
7563,-5.154726290365999
7564,-5.154726290365999
7565,-5.154726290365999
7566,-5.154726290365999
7567,-5.154726290365999
7568,-5.154726290365999
7569,-5.154726290365999
7570,-5.154726290365999
7571,-5.154726290365999
7572,-5.154726290365999
7573,-5.154726290365999
7574,-5.154726290365999
7575,-5.154726290365999
7576,-5.154726290365999
7577,-5.154726290365999
7578,-5.154726290365999
7579,-5.154726290365999
7580,-5.154726290365999
7581,-5.154726290365999
7582,-5.154726290365999
7583,-5.154726290365999
7584,-5.154726290365999
7585,-5.154726290365999
7586,-5.154726290365999
7587,-5.154726290365999
7588,-5.154726290365999
7589,-5.154726290365999
7590,-5.154726290365999
7591,-5.154726290365999
7592,-5.154726290365999
7593,-5.154726290365999
7594,-5.154726290365999
7595,-5.154726290365999
7596,-5.154726290365999
7597,-5.154726290365999
7598,-5.154726290365999
7599,-5.154726290365999
7600,-5.154726290365999
7601,-5.154726290365999
7602,-5.154726290365999
7603,-5.154726290365999
7604,-5.154726290365999
7605,-5.154726290365999
7606,-5.154726290365999
7607,-5.154726290365999
7608,-5.154726290365999
7609,-5.154726290365999
7610,-5.154726290365999
7611,-5.154726290365999
7612,-5.154726290365999
7613,-5.154726290365999
7614,-5.154726290365999
7615,-5.154726290365999
7616,-5.154726290365999
7617,-5.154726290365999
7618,-5.154726290365999
7619,-5.154726290365999
7620,-5.154726290365999
7621,-5.154726290365999
7622,-5.154726290365999
7623,-5.154726290365999
7624,-5.154726290365999
7625,-5.154726290365999
7626,-5.154726290365999
7627,-5.154726290365999
7628,-5.154726290365999
7629,-5.154726290365999
7630,-5.154726290365999
7631,-5.154726290365999
7632,-5.154726290365999
7633,-5.154726290365999
7634,-5.154726290365999
7635,-5.154726290365999
7636,-5.154726290365999
7637,-5.154726290365999
7638,-5.154726290365999
7639,-5.154726290365999
7640,-5.154726290365999
7641,-5.154726290365999
7642,-5.154726290365999
7643,-5.154726290365999
7644,-5.154726290365999
7645,-5.154726290365999
7646,-5.154726290365999
7647,-5.154726290365999
7648,-5.154726290365999
7649,-5.154726290365999
7650,-5.154726290365999
7651,-5.154726290365999
7652,-5.154726290365999
7653,-5.154726290365999
7654,-5.154726290365999
7655,-5.154726290365999
7656,-5.154726290365999
7657,-5.154726290365999
7658,-5.154726290365999
7659,-5.154726290365999
7660,-5.154726290365999
7661,-5.154726290365999
7662,-5.154726290365999
7663,-5.154726290365999
7664,-5.154726290365999
7665,-5.154726290365999
7666,-5.154726290365999
7667,-5.154726290365999
7668,-5.154726290365999
7669,-5.154726290365999
7670,-5.154726290365999
7671,-5.154726290365999
7672,-5.154726290365999
7673,-5.154726290365999
7674,-5.154726290365999
7675,-5.154726290365999
7676,-5.154726290365999
7677,-5.154726290365999
7678,-5.154726290365999
7679,-5.154726290365999
7680,-5.154726290365999
7681,-5.154726290365999
7682,-5.154726290365999
7683,-5.154726290365999
7684,-5.154726290365999
7685,-5.154726290365999
7686,-5.154726290365999
7687,-5.154726290365999
7688,-5.154726290365999
7689,-5.154726290365999
7690,-5.154726290365999
7691,-5.154726290365999
7692,-5.154726290365999
7693,-5.154726290365999
7694,-5.154726290365999
7695,-5.154726290365999
7696,-5.154726290365999
7697,-5.154726290365999
7698,-5.154726290365999
7699,-5.154726290365999
7700,-5.154726290365999
7701,-5.154726290365999
7702,-5.154726290365999
7703,-5.154726290365999
7704,-5.154726290365999
7705,-5.154726290365999
7706,-5.154726290365999
7707,-5.154726290365999
7708,-5.154726290365999
7709,-5.154726290365999
7710,-5.154726290365999
7711,-5.154726290365999
7712,-5.154726290365999
7713,-6.996959050390219
7714,-6.996959050390219
7715,-6.996959050390219
7716,-6.996959050390219
7717,-6.996959050390219
7718,-6.996959050390219
7719,-6.996959050390219
7720,-6.996959050390219
7721,-6.996959050390219
7722,-6.996959050390219
7723,-6.996959050390219
7724,-6.996959050390219
7725,-6.996959050390219
7726,-6.996959050390219
7727,-6.996959050390219
7728,-6.996959050390219
7729,-6.996959050390219
7730,-6.996959050390219
7731,-6.996959050390219
7732,-6.996959050390219
7733,-6.996959050390219
7734,-6.996959050390219
7735,-6.996959050390219
7736,-6.996959050390219
7737,-6.996959050390219
7738,-6.996959050390219
7739,-6.996959050390219
7740,-6.996959050390219
7741,-6.996959050390219
7742,-6.996959050390219
7743,-6.996959050390219
7744,-6.996959050390219
7745,-6.996959050390219
7746,-6.996959050390219
7747,-6.996959050390219
7748,-6.996959050390219
7749,-6.996959050390219
7750,-6.996959050390219
7751,-6.996959050390219
7752,-6.996959050390219
7753,-6.996959050390219
7754,-6.996959050390219
7755,-6.996959050390219
7756,-6.996959050390219
7757,-6.996959050390219
7758,-6.996959050390219
7759,-6.996959050390219
7760,-6.996959050390219
7761,-6.996959050390219
7762,-6.996959050390219
7763,-6.996959050390219
7764,-6.996959050390219
7765,-6.996959050390219
7766,-6.996959050390219
7767,-6.996959050390219
7768,-6.996959050390219
7769,-6.996959050390219
7770,-6.996959050390219
7771,-6.996959050390219
7772,-6.996959050390219
7773,-6.996959050390219
7774,-6.996959050390219
7775,-6.996959050390219
7776,-6.996959050390219
7777,-6.996959050390219
7778,-6.996959050390219
7779,-6.996959050390219
7780,-6.996959050390219
7781,-6.996959050390219
7782,-6.996959050390219
7783,-6.996959050390219
7784,-6.996959050390219
7785,-6.996959050390219
7786,-6.996959050390219
7787,-6.996959050390219
7788,-6.996959050390219
7789,-6.996959050390219
7790,-6.996959050390219
7791,-6.996959050390219
7792,-6.996959050390219
7793,-6.996959050390219
7794,-6.996959050390219
7795,-6.996959050390219
7796,-6.996959050390219
7797,-6.996959050390219
7798,-6.996959050390219
7799,-6.996959050390219
7800,-6.996959050390219
7801,-6.996959050390219
7802,-6.996959050390219
7803,-6.996959050390219
7804,-6.996959050390219
7805,-6.996959050390219
7806,-6.996959050390219
7807,-6.996959050390219
7808,-6.996959050390219
7809,-6.996959050390219
7810,-6.996959050390219
7811,-6.996959050390219
7812,-6.996959050390219
7813,-6.996959050390219
7814,-6.996959050390219
7815,-6.996959050390219
7816,-6.996959050390219
7817,-6.996959050390219
7818,-6.996959050390219
7819,-6.996959050390219
7820,-6.996959050390219
7821,-6.996959050390219
7822,-6.996959050390219
7823,-6.996959050390219
7824,-6.996959050390219
7825,-6.996959050390219
7826,-6.996959050390219
7827,-6.996959050390219
7828,-6.996959050390219
7829,-6.996959050390219
7830,-6.996959050390219
7831,-6.996959050390219
7832,-6.996959050390219
7833,-6.996959050390219
7834,-6.996959050390219
7835,-6.996959050390219
7836,-6.996959050390219
7837,-6.996959050390219
7838,-6.996959050390219
7839,-6.996959050390219
7840,-6.996959050390219
7841,-6.996959050390219
7842,-6.996959050390219
7843,-6.996959050390219
7844,-6.996959050390219
7845,-6.996959050390219
7846,-6.996959050390219
7847,-6.996959050390219
7848,-6.996959050390219
7849,-6.996959050390219
7850,-6.996959050390219
7851,-6.996959050390219
7852,-6.996959050390219
7853,-6.996959050390219
7854,-6.996959050390219
7855,-6.996959050390219
7856,-6.996959050390219
7857,-6.996959050390219
7858,-6.996959050390219
7859,-6.996959050390219
7860,-6.996959050390219
7861,-6.996959050390219
7862,-6.996959050390219
7863,-6.996959050390219
7864,-6.996959050390219
7865,-6.996959050390219
7866,-6.996959050390219
7867,-6.996959050390219
7868,-6.996959050390219
7869,-6.996959050390219
7870,-6.996959050390219
7871,-6.996959050390219
7872,-6.996959050390219
7873,-6.996959050390219
7874,-6.996959050390219
7875,-6.996959050390219
7876,-6.996959050390219
7877,-6.996959050390219
7878,-6.996959050390219
7879,-6.996959050390219
7880,-6.996959050390219
7881,-6.996959050390219
7882,-6.996959050390219
7883,-6.996959050390219
7884,-6.996959050390219
7885,-6.996959050390219
7886,-6.996959050390219
7887,-6.996959050390219
7888,-6.996959050390219
7889,-6.996959050390219
7890,-6.996959050390219
7891,-6.996959050390219
7892,-6.996959050390219
7893,-6.996959050390219
7894,-6.996959050390219
7895,-6.996959050390219
7896,-6.996959050390219
7897,-6.996959050390219
7898,-6.996959050390219
7899,-6.996959050390219
7900,-6.996959050390219
7901,-6.996959050390219
7902,-6.996959050390219
7903,-6.996959050390219
7904,-6.996959050390219
7905,-6.996959050390219
7906,-6.996959050390219
7907,-6.996959050390219
7908,-6.996959050390219
7909,-6.996959050390219
7910,-6.996959050390219
7911,-6.996959050390219
7912,-6.996959050390219
7913,-6.996959050390219
7914,-6.996959050390219
7915,-6.996959050390219
7916,-6.996959050390219
7917,-6.996959050390219
7918,-6.996959050390219
7919,-6.996959050390219
7920,-6.996959050390219
7921,-6.996959050390219
7922,-6.996959050390219
7923,-6.996959050390219
7924,-6.996959050390219
7925,-6.996959050390219
7926,-6.996959050390219
7927,-6.996959050390219
7928,-6.996959050390219
7929,-6.996959050390219
7930,-6.996959050390219
7931,-6.996959050390219
7932,-6.996959050390219
7933,-6.996959050390219
7934,-6.996959050390219
7935,-6.996959050390219
7936,-6.996959050390219
7937,-6.996959050390219
7938,-6.996959050390219
7939,-6.996959050390219
7940,-6.996959050390219
7941,-6.996959050390219
7942,-6.996959050390219
7943,-6.996959050390219
7944,-6.996959050390219
7945,-6.996959050390219
7946,-6.996959050390219
7947,-6.996959050390219
7948,-6.996959050390219
7949,-6.996959050390219
7950,-6.996959050390219
7951,-6.996959050390219
7952,-6.996959050390219
7953,-6.996959050390219
7954,-6.996959050390219
7955,-6.996959050390219
7956,-6.996959050390219
7957,-6.996959050390219
7958,-6.996959050390219
7959,-6.996959050390219
7960,-6.996959050390219
7961,-6.996959050390219
7962,-6.996959050390219
7963,-6.996959050390219
7964,-6.996959050390219
7965,-6.996959050390219
7966,-6.996959050390219
7967,-6.996959050390219
7968,-6.996959050390219
7969,-6.996959050390219
7970,-6.996959050390219
7971,-6.996959050390219
7972,-6.996959050390219
7973,-6.996959050390219
7974,-6.996959050390219
7975,-6.996959050390219
7976,-6.996959050390219
7977,-6.996959050390219
7978,-6.996959050390219
7979,-6.996959050390219
7980,-6.996959050390219
7981,-6.996959050390219
7982,-6.996959050390219
7983,-6.996959050390219
7984,-6.996959050390219
7985,-6.996959050390219
7986,-6.996959050390219
7987,-6.996959050390219
7988,-6.996959050390219
7989,-6.996959050390219
7990,-6.996959050390219
7991,-6.996959050390219
7992,-6.996959050390219
7993,-6.996959050390219
7994,-6.996959050390219
7995,-6.996959050390219
7996,-6.996959050390219
7997,-6.996959050390219
7998,-6.996959050390219
7999,-6.996959050390219
8000,-6.996959050390219
8001,-6.996959050390219
8002,-6.996959050390219
8003,-6.996959050390219
8004,-6.996959050390219
8005,-6.996959050390219
8006,-6.996959050390219
8007,-6.996959050390219
8008,-6.996959050390219
8009,-6.996959050390219
8010,-6.996959050390219
8011,-6.996959050390219
8012,-6.996959050390219
8013,-6.996959050390219
8014,-6.996959050390219
8015,-6.996959050390219
8016,-6.996959050390219
8017,-6.996959050390219
8018,-6.996959050390219
8019,-6.996959050390219
8020,-6.996959050390219
8021,-6.996959050390219
8022,-6.996959050390219
8023,-6.996959050390219
8024,-6.996959050390219
8025,-6.996959050390219
8026,-6.996959050390219
8027,-6.996959050390219
8028,-6.996959050390219
8029,-6.996959050390219
8030,-6.996959050390219
8031,-6.996959050390219
8032,-6.996959050390219
8033,-6.996959050390219
8034,-6.996959050390219
8035,-6.996959050390219
8036,-6.996959050390219
8037,-6.996959050390219
8038,-6.996959050390219
8039,-6.996959050390219
8040,-6.996959050390219
8041,-6.996959050390219
8042,-6.996959050390219
8043,-6.996959050390219
8044,-6.996959050390219
8045,-6.996959050390219
8046,-6.996959050390219
8047,-6.996959050390219
8048,-6.996959050390219
8049,-6.996959050390219
8050,-6.996959050390219
8051,-6.996959050390219
8052,-6.996959050390219
8053,-6.996959050390219
8054,-6.996959050390219
8055,-6.996959050390219
8056,-6.996959050390219
8057,-6.996959050390219
8058,-6.996959050390219
8059,-6.996959050390219
8060,-6.996959050390219
8061,-6.996959050390219
8062,-6.996959050390219
8063,-6.996959050390219
8064,-6.996959050390219
8065,-6.996959050390219
8066,-6.996959050390219
8067,-6.996959050390219
8068,-6.996959050390219
8069,-6.996959050390219
8070,-6.996959050390219
8071,-6.996959050390219
8072,-6.996959050390219
8073,-6.996959050390219
8074,-6.996959050390219
8075,-6.996959050390219
8076,-6.996959050390219
8077,-6.996959050390219
8078,-6.996959050390219
8079,-6.996959050390219
8080,-6.996959050390219
8081,-6.996959050390219
8082,-6.996959050390219
8083,-6.996959050390219
8084,-6.996959050390219
8085,-6.996959050390219
8086,-6.996959050390219
8087,-6.996959050390219
8088,-6.996959050390219
8089,-6.996959050390219
8090,-6.996959050390219
8091,-6.996959050390219
8092,-6.996959050390219
8093,-6.996959050390219
8094,-6.996959050390219
8095,-6.996959050390219
8096,-6.996959050390219
8097,-6.996959050390219
8098,-6.996959050390219
8099,-6.996959050390219
8100,-6.996959050390219
8101,-6.996959050390219
8102,-6.996959050390219
8103,-6.996959050390219
8104,-6.996959050390219
8105,-6.996959050390219
8106,-6.996959050390219
8107,-6.996959050390219
8108,-6.996959050390219
8109,-6.996959050390219
8110,-6.996959050390219
8111,-6.996959050390219
8112,-6.996959050390219
8113,-6.996959050390219
8114,-6.996959050390219
8115,-6.996959050390219
8116,-6.996959050390219
8117,-6.996959050390219
8118,-6.996959050390219
8119,-6.996959050390219
8120,-6.996959050390219
8121,-6.996959050390219
8122,-6.996959050390219
8123,-6.996959050390219
8124,-6.996959050390219
8125,-6.996959050390219
8126,-6.996959050390219
8127,-6.996959050390219
8128,-6.996959050390219
8129,-6.996959050390219
8130,-6.996959050390219
8131,-6.996959050390219
8132,-6.996959050390219
8133,-6.996959050390219
8134,-6.996959050390219
8135,-6.996959050390219
8136,-6.996959050390219
8137,-6.996959050390219
8138,-6.996959050390219
8139,-6.996959050390219
8140,-6.996959050390219
8141,-6.996959050390219
8142,-6.996959050390219
8143,-6.996959050390219
8144,-6.996959050390219
8145,-6.996959050390219
8146,-6.996959050390219
8147,-6.996959050390219
8148,-6.996959050390219
8149,-6.996959050390219
8150,-6.996959050390219
8151,-6.996959050390219
8152,-6.996959050390219
8153,-6.996959050390219
8154,-6.996959050390219
8155,-6.996959050390219
8156,-6.996959050390219
8157,-6.996959050390219
8158,-6.996959050390219
8159,-6.996959050390219
8160,-6.996959050390219
8161,-6.996959050390219
8162,-6.996959050390219
8163,-6.996959050390219
8164,-6.996959050390219
8165,-6.996959050390219
8166,-6.996959050390219
8167,-6.996959050390219
8168,-6.996959050390219
8169,-6.996959050390219
8170,-6.996959050390219
8171,-6.996959050390219
8172,-6.996959050390219
8173,-6.996959050390219
8174,-6.996959050390219
8175,-6.996959050390219
8176,-6.996959050390219
8177,-6.996959050390219
8178,-6.996959050390219
8179,-6.996959050390219
8180,-6.996959050390219
8181,-6.996959050390219
8182,-6.996959050390219
8183,-6.996959050390219
8184,-6.996959050390219
8185,-6.996959050390219
8186,-6.996959050390219
8187,-6.996959050390219
8188,-6.996959050390219
8189,-6.996959050390219
8190,-6.996959050390219
8191,-6.996959050390219
8192,-6.996959050390219
8193,-6.996959050390219
8194,-6.996959050390219
8195,-6.996959050390219
8196,-6.996959050390219
8197,-6.996959050390219
8198,-6.996959050390219
8199,-6.996959050390219
8200,-6.996959050390219
8201,-6.996959050390219
8202,-6.996959050390219
8203,-6.996959050390219
8204,-6.996959050390219
8205,-6.996959050390219
8206,-6.996959050390219
8207,-6.996959050390219
8208,-6.996959050390219
8209,-6.996959050390219
8210,-6.996959050390219
8211,-6.996959050390219
8212,-6.996959050390219
8213,-6.996959050390219
8214,-6.996959050390219
8215,-6.996959050390219
8216,-6.996959050390219
8217,-6.996959050390219
8218,-6.996959050390219
8219,-6.996959050390219
8220,-6.996959050390219
8221,-6.996959050390219
8222,-6.996959050390219
8223,-6.996959050390219
8224,-6.996959050390219
8225,-6.996959050390219
8226,-6.996959050390219
8227,-6.996959050390219
8228,-6.996959050390219
8229,-6.996959050390219
8230,-6.996959050390219
8231,-6.996959050390219
8232,-6.996959050390219
8233,-6.996959050390219
8234,-6.996959050390219
8235,-6.996959050390219
8236,-6.996959050390219
8237,-6.996959050390219
8238,-6.996959050390219
8239,-6.996959050390219
8240,-6.996959050390219
8241,-6.996959050390219
8242,-6.996959050390219
8243,-6.996959050390219
8244,-6.996959050390219
8245,-6.996959050390219
8246,-6.996959050390219
8247,-6.996959050390219
8248,-6.996959050390219
8249,-6.996959050390219
8250,-6.996959050390219
8251,-6.996959050390219
8252,-6.996959050390219
8253,-6.996959050390219
8254,-6.996959050390219
8255,-6.996959050390219
8256,-6.996959050390219
8257,-6.996959050390219
8258,-6.996959050390219
8259,-6.996959050390219
8260,-6.996959050390219
8261,-6.996959050390219
8262,-6.996959050390219
8263,-6.996959050390219
8264,-6.996959050390219
8265,-6.996959050390219
8266,-6.996959050390219
8267,-6.996959050390219
8268,-6.996959050390219
8269,-6.996959050390219
8270,-6.996959050390219
8271,-6.996959050390219
8272,-6.996959050390219
8273,-6.996959050390219
8274,-6.996959050390219
8275,-6.996959050390219
8276,-6.996959050390219
8277,-6.996959050390219
8278,-6.996959050390219
8279,-6.996959050390219
8280,-6.996959050390219
8281,-6.996959050390219
8282,-6.996959050390219
8283,-6.996959050390219
8284,-6.996959050390219
8285,-6.996959050390219
8286,-6.996959050390219
8287,-6.996959050390219
8288,-6.996959050390219
8289,-6.996959050390219
8290,-6.996959050390219
8291,-6.996959050390219
8292,-6.996959050390219
8293,-6.996959050390219
8294,-6.996959050390219
8295,-6.996959050390219
8296,-6.996959050390219
8297,-6.996959050390219
8298,-6.996959050390219
8299,-6.996959050390219
8300,-6.996959050390219
8301,-6.996959050390219
8302,-6.996959050390219
8303,-6.996959050390219
8304,-6.996959050390219
8305,-6.996959050390219
8306,-6.996959050390219
8307,-6.996959050390219
8308,-6.996959050390219
8309,-6.996959050390219
8310,-6.996959050390219
8311,-6.996959050390219
8312,-6.996959050390219
8313,-6.996959050390219
8314,-6.996959050390219
8315,-6.996959050390219
8316,-6.996959050390219
8317,-6.996959050390219
8318,-6.996959050390219
8319,-6.996959050390219
8320,-6.996959050390219
8321,-6.996959050390219
8322,-6.996959050390219
8323,-6.996959050390219
8324,-6.996959050390219
8325,-6.996959050390219
8326,-6.996959050390219
8327,-6.996959050390219
8328,-6.996959050390219
8329,-6.996959050390219
8330,-6.996959050390219
8331,-6.996959050390219
8332,-6.996959050390219
8333,-6.996959050390219
8334,-6.996959050390219
8335,-6.996959050390219
8336,-6.996959050390219
8337,-6.996959050390219
8338,-6.996959050390219
8339,-6.996959050390219
8340,-6.996959050390219
8341,-6.996959050390219
8342,-6.996959050390219
8343,-6.996959050390219
8344,-2.1833831290366135
8345,-2.1833831290366135
8346,-2.1833831290366135
8347,-2.1833831290366135
8348,-2.1833831290366135
8349,-2.1833831290366135
8350,-2.1833831290366135
8351,-2.1833831290366135
8352,-2.1833831290366135
8353,-2.1833831290366135
8354,-2.1833831290366135
8355,-2.1833831290366135
8356,-2.1833831290366135
8357,-2.1833831290366135
8358,-2.1833831290366135
8359,-2.1833831290366135
8360,-2.1833831290366135
8361,-2.1833831290366135
8362,-2.1833831290366135
8363,-2.1833831290366135
8364,-2.1833831290366135
8365,-2.1833831290366135
8366,-2.1833831290366135
8367,-2.1833831290366135
8368,-2.1833831290366135
8369,-2.1833831290366135
8370,-2.1833831290366135
8371,-2.1833831290366135
8372,-2.1833831290366135
8373,-2.1833831290366135
8374,-2.1833831290366135
8375,-2.1833831290366135
8376,-2.1833831290366135
8377,-2.1833831290366135
8378,-2.1833831290366135
8379,-2.1833831290366135
8380,-2.1833831290366135
8381,-2.1833831290366135
8382,-2.1833831290366135
8383,-2.1833831290366135
8384,-2.1833831290366135
8385,-2.1833831290366135
8386,-2.1833831290366135
8387,-2.1833831290366135
8388,-2.1833831290366135
8389,-2.1833831290366135
8390,-2.1833831290366135
8391,-2.1833831290366135
8392,-2.1833831290366135
8393,-2.1833831290366135
8394,-2.1833831290366135
8395,-2.1833831290366135
8396,-2.1833831290366135
8397,-2.1833831290366135
8398,-2.1833831290366135
8399,-2.1833831290366135
8400,-2.1833831290366135
8401,-2.1833831290366135
8402,-2.1833831290366135
8403,-2.1833831290366135
8404,-2.1833831290366135
8405,-2.1833831290366135
8406,-2.1833831290366135
8407,-2.1833831290366135
8408,-2.1833831290366135
8409,-2.1833831290366135
8410,-2.1833831290366135
8411,-2.1833831290366135
8412,-2.1833831290366135
8413,-2.1833831290366135
8414,-2.1833831290366135
8415,-2.1833831290366135
8416,-2.1833831290366135
8417,-2.1833831290366135
8418,-2.1833831290366135
8419,-2.1833831290366135
8420,-2.1833831290366135
8421,-2.1833831290366135
8422,-2.1833831290366135
8423,-2.1833831290366135
8424,-2.1833831290366135
8425,-2.1833831290366135
8426,-2.1833831290366135
8427,-2.1833831290366135
8428,-2.1833831290366135
8429,-2.1833831290366135
8430,-2.1833831290366135
8431,-2.1833831290366135
8432,-2.1833831290366135
8433,-2.1833831290366135
8434,-2.1833831290366135
8435,-2.1833831290366135
8436,-2.1833831290366135
8437,-2.1833831290366135
8438,-2.1833831290366135
8439,-2.1833831290366135
8440,-2.1833831290366135
8441,-2.1833831290366135
8442,-2.1833831290366135
8443,-2.1833831290366135
8444,-2.1833831290366135
8445,-2.1833831290366135
8446,-2.1833831290366135
8447,-2.1833831290366135
8448,-2.1833831290366135
8449,-2.1833831290366135
8450,-2.1833831290366135
8451,-2.1833831290366135
8452,-2.1833831290366135
8453,-2.1833831290366135
8454,-2.1833831290366135
8455,-2.1833831290366135
8456,-2.1833831290366135
8457,-2.1833831290366135
8458,-2.1833831290366135
8459,-2.1833831290366135
8460,-2.1833831290366135
8461,-2.1833831290366135
8462,-2.1833831290366135
8463,-2.1833831290366135
8464,-2.1833831290366135
8465,-2.1833831290366135
8466,-2.1833831290366135
8467,-2.1833831290366135
8468,-2.1833831290366135
8469,-2.1833831290366135
8470,-2.1833831290366135
8471,-2.1833831290366135
8472,-2.1833831290366135
8473,-2.1833831290366135
8474,-2.1833831290366135
8475,-2.1833831290366135
8476,-2.1833831290366135
8477,-2.1833831290366135
8478,-2.1833831290366135
8479,-2.1833831290366135
8480,-2.1833831290366135
8481,-2.1833831290366135
8482,-2.1833831290366135
8483,-2.1833831290366135
8484,-2.1833831290366135
8485,-2.1833831290366135
8486,-2.1833831290366135
8487,-2.1833831290366135
8488,-2.1833831290366135
8489,-2.1833831290366135
8490,-2.1833831290366135
8491,-2.1833831290366135
8492,-2.1833831290366135
8493,-2.1833831290366135
8494,-2.1833831290366135
8495,-2.1833831290366135
8496,-2.1833831290366135
8497,-2.1833831290366135
8498,-2.1833831290366135
8499,-2.1833831290366135
8500,-2.1833831290366135
8501,-2.1833831290366135
8502,-2.1833831290366135
8503,-2.1833831290366135
8504,-2.1833831290366135
8505,-2.1833831290366135
8506,-2.1833831290366135
8507,-2.1833831290366135
8508,-2.1833831290366135
8509,-2.1833831290366135
8510,-2.1833831290366135
8511,-2.1833831290366135
8512,-2.1833831290366135
8513,-2.1833831290366135
8514,-2.1833831290366135
8515,-2.1833831290366135
8516,-2.1833831290366135
8517,-2.1833831290366135
8518,-2.1833831290366135
8519,-2.1833831290366135
8520,-2.1833831290366135
8521,-2.1833831290366135
8522,-2.1833831290366135
8523,-2.1833831290366135
8524,-2.1833831290366135
8525,-2.1833831290366135
8526,-2.1833831290366135
8527,-2.1833831290366135
8528,-2.1833831290366135
8529,-2.1833831290366135
8530,-2.1833831290366135
8531,-2.1833831290366135
8532,-2.1833831290366135
8533,-2.1833831290366135
8534,-2.1833831290366135
8535,-2.1833831290366135
8536,-2.1833831290366135
8537,-2.1833831290366135
8538,-2.1833831290366135
8539,-2.1833831290366135
8540,-2.1833831290366135
8541,-2.1833831290366135
8542,-2.1833831290366135
8543,-2.1833831290366135
8544,-2.1833831290366135
8545,-2.1833831290366135
8546,-2.1833831290366135
8547,-2.1833831290366135
8548,-2.1833831290366135
8549,-2.1833831290366135
8550,-2.1833831290366135
8551,-2.1833831290366135
8552,-2.1833831290366135
8553,-2.1833831290366135
8554,-2.1833831290366135
8555,-2.1833831290366135
8556,-2.1833831290366135
8557,-2.1833831290366135
8558,-2.1833831290366135
8559,-2.1833831290366135
8560,-2.1833831290366135
8561,-2.1833831290366135
8562,-2.1833831290366135
8563,-2.1833831290366135
8564,-2.1833831290366135
8565,-2.1833831290366135
8566,-2.1833831290366135
8567,-2.1833831290366135
8568,-2.1833831290366135
8569,-2.1833831290366135
8570,-2.1833831290366135
8571,-2.1833831290366135
8572,-2.1833831290366135
8573,-2.1833831290366135
8574,-2.1833831290366135
8575,-2.1833831290366135
8576,-2.1833831290366135
8577,-2.1833831290366135
8578,-2.1833831290366135
8579,-2.1833831290366135
8580,-2.1833831290366135
8581,-2.1833831290366135
8582,-2.1833831290366135
8583,-2.1833831290366135
8584,-2.1833831290366135
8585,-2.1833831290366135
8586,-2.1833831290366135
8587,-2.1833831290366135
8588,-2.1833831290366135
8589,-2.1833831290366135
8590,-2.1833831290366135
8591,-2.1833831290366135
8592,-2.1833831290366135
8593,-2.1833831290366135
8594,-2.1833831290366135
8595,-2.1833831290366135
8596,-2.1833831290366135
8597,-2.1833831290366135
8598,-2.1833831290366135
8599,-2.1833831290366135
8600,-2.1833831290366135
8601,-2.1833831290366135
8602,-2.1833831290366135
8603,-2.1833831290366135
8604,-2.1833831290366135
8605,-2.1833831290366135
8606,-2.1833831290366135
8607,-2.1833831290366135
8608,-2.1833831290366135
8609,-2.1833831290366135
8610,-2.1833831290366135
8611,-2.1833831290366135
8612,-2.1833831290366135
8613,-2.1833831290366135
8614,-2.1833831290366135
8615,-2.1833831290366135
8616,-2.1833831290366135
8617,-2.1833831290366135
8618,-2.1833831290366135
8619,-2.1833831290366135
8620,-2.1833831290366135
8621,-2.1833831290366135
8622,-2.1833831290366135
8623,-2.1833831290366135
8624,-2.1833831290366135
8625,-2.1833831290366135
8626,-2.1833831290366135
8627,-2.1833831290366135
8628,-2.1833831290366135
8629,-2.1833831290366135
8630,-2.1833831290366135
8631,-2.1833831290366135
8632,-2.1833831290366135
8633,-2.1833831290366135
8634,-2.1833831290366135
8635,-2.1833831290366135
8636,-2.1833831290366135
8637,-2.1833831290366135
8638,-2.1833831290366135
8639,-2.1833831290366135
8640,-2.1833831290366135
8641,-2.1833831290366135
8642,-2.1833831290366135
8643,-2.1833831290366135
8644,-2.1833831290366135
8645,-2.1833831290366135
8646,-2.1833831290366135
8647,-2.1833831290366135
8648,-2.1833831290366135
8649,-2.1833831290366135
8650,-2.1833831290366135
8651,-2.1833831290366135
8652,-2.1833831290366135
8653,-2.1833831290366135
8654,-2.1833831290366135
8655,-2.1833831290366135
8656,-2.1833831290366135
8657,-2.1833831290366135
8658,-2.1833831290366135
8659,-2.1833831290366135
8660,-2.1833831290366135
8661,-2.1833831290366135
8662,-2.1833831290366135
8663,-2.1833831290366135
8664,-2.1833831290366135
8665,-2.1833831290366135
8666,-2.1833831290366135
8667,-2.1833831290366135
8668,-2.1833831290366135
8669,-2.1833831290366135
8670,-2.1833831290366135
8671,-2.1833831290366135
8672,-2.1833831290366135
8673,-2.1833831290366135
8674,-2.1833831290366135
8675,-2.1833831290366135
8676,-2.1833831290366135
8677,-2.1833831290366135
8678,-2.1833831290366135
8679,-2.1833831290366135
8680,-2.1833831290366135
8681,-2.1833831290366135
8682,-2.1833831290366135
8683,-2.1833831290366135
8684,-2.1833831290366135
8685,-2.1833831290366135
8686,-2.1833831290366135
8687,-2.1833831290366135
8688,-2.1833831290366135
8689,-2.1833831290366135
8690,-2.1833831290366135
8691,-2.1833831290366135
8692,-2.1833831290366135
8693,-2.1833831290366135
8694,-2.1833831290366135
8695,-2.1833831290366135
8696,-2.1833831290366135
8697,-2.1833831290366135
8698,-2.1833831290366135
8699,-2.1833831290366135
8700,-2.1833831290366135
8701,-2.1833831290366135
8702,-2.1833831290366135
8703,-2.1833831290366135
8704,-2.1833831290366135
8705,-2.1833831290366135
8706,-2.1833831290366135
8707,-2.1833831290366135
8708,-2.1833831290366135
8709,-2.1833831290366135
8710,-2.1833831290366135
8711,-2.1833831290366135
8712,-2.1833831290366135
8713,-2.1833831290366135
8714,-2.1833831290366135
8715,-2.1833831290366135
8716,-2.1833831290366135
8717,-2.1833831290366135
8718,-2.1833831290366135
8719,-2.1833831290366135
8720,-2.1833831290366135
8721,-2.1833831290366135
8722,-2.1833831290366135
8723,-2.1833831290366135
8724,-2.1833831290366135
8725,-2.1833831290366135
8726,-2.1833831290366135
8727,-2.1833831290366135
8728,-2.1833831290366135
8729,-2.1833831290366135
8730,-2.1833831290366135
8731,-2.1833831290366135
8732,-2.1833831290366135
8733,-2.1833831290366135
8734,-2.1833831290366135
8735,-2.1833831290366135
8736,-2.1833831290366135
8737,-2.1833831290366135
8738,-2.1833831290366135
8739,-2.1833831290366135
8740,-2.1833831290366135
8741,-2.1833831290366135
8742,-2.1833831290366135
8743,-2.1833831290366135
8744,-2.1833831290366135
8745,-2.1833831290366135
8746,-2.1833831290366135
8747,-2.1833831290366135
8748,-2.1833831290366135
8749,-2.1833831290366135
8750,-2.1833831290366135
8751,-2.1833831290366135
8752,-2.1833831290366135
8753,-2.1833831290366135
8754,-2.1833831290366135
8755,-2.1833831290366135
8756,-2.1833831290366135
8757,-2.1833831290366135
8758,-2.1833831290366135
8759,-2.1833831290366135
8760,-2.1833831290366135
8761,-2.1833831290366135
8762,-2.1833831290366135
8763,-2.1833831290366135
8764,-2.1833831290366135
8765,-2.1833831290366135
8766,-2.1833831290366135
8767,-2.1833831290366135
8768,-2.1833831290366135
8769,-2.1833831290366135
8770,-2.1833831290366135
8771,-2.1833831290366135
8772,-2.1833831290366135
8773,-2.1833831290366135
8774,-2.1833831290366135
8775,-2.1833831290366135
8776,-2.1833831290366135
8777,-2.1833831290366135
8778,-2.1833831290366135
8779,-2.1833831290366135
8780,-2.1833831290366135
8781,-2.1833831290366135
8782,-2.1833831290366135
8783,-2.1833831290366135
8784,-2.1833831290366135
8785,-2.1833831290366135
8786,-2.1833831290366135
8787,-2.1833831290366135
8788,-2.1833831290366135
8789,-2.1833831290366135
8790,-2.1833831290366135
8791,-2.1833831290366135
8792,-2.1833831290366135
8793,-2.1833831290366135
8794,-2.1833831290366135
8795,-2.1833831290366135
8796,-2.1833831290366135
8797,-2.1833831290366135
8798,-2.1833831290366135
8799,-2.1833831290366135
8800,-2.1833831290366135
8801,-2.1833831290366135
8802,-2.1833831290366135
8803,-2.1833831290366135
8804,-2.1833831290366135
8805,-2.1833831290366135
8806,-2.1833831290366135
8807,-2.1833831290366135
8808,-2.1833831290366135
8809,-2.1833831290366135
8810,-2.1833831290366135
8811,-2.1833831290366135
8812,-2.1833831290366135
8813,-2.1833831290366135
8814,-2.1833831290366135
8815,-2.1833831290366135
8816,-2.1833831290366135
8817,-2.1833831290366135
8818,-2.1833831290366135
8819,-2.1833831290366135
8820,-2.1833831290366135
8821,-2.1833831290366135
8822,-2.1833831290366135
8823,-2.1833831290366135
8824,-2.1833831290366135
8825,-2.1833831290366135
8826,-2.1833831290366135
8827,-2.1833831290366135
8828,-2.1833831290366135
8829,-2.1833831290366135
8830,-2.1833831290366135
8831,-2.1833831290366135
8832,-2.1833831290366135
8833,-2.1833831290366135
8834,-2.1833831290366135
8835,-2.1833831290366135
8836,-2.1833831290366135
8837,-2.1833831290366135
8838,-2.1833831290366135
8839,-2.1833831290366135
8840,-2.1833831290366135
8841,-2.1833831290366135
8842,-2.1833831290366135
8843,-2.1833831290366135
8844,-2.1833831290366135
8845,-2.1833831290366135
8846,-2.1833831290366135
8847,-2.1833831290366135
8848,-2.1833831290366135
8849,-2.1833831290366135
8850,-2.1833831290366135
8851,-2.1833831290366135
8852,-2.1833831290366135
8853,-2.1833831290366135
8854,-2.1833831290366135
8855,-2.1833831290366135
8856,-2.1833831290366135
8857,-2.1833831290366135
8858,-2.1833831290366135
8859,-2.1833831290366135
8860,-2.1833831290366135
8861,-2.1833831290366135
8862,-2.1833831290366135
8863,-2.1833831290366135
8864,-2.1833831290366135
8865,-2.1833831290366135
8866,-2.1833831290366135
8867,-2.1833831290366135
8868,-2.1833831290366135
8869,-2.1833831290366135
8870,-2.1833831290366135
8871,3.4027420142626323
8872,3.4027420142626323
8873,3.4027420142626323
8874,3.4027420142626323
8875,3.4027420142626323
8876,3.4027420142626323
8877,3.4027420142626323
8878,3.4027420142626323
8879,3.4027420142626323
8880,3.4027420142626323
8881,3.4027420142626323
8882,3.4027420142626323
8883,3.4027420142626323
8884,3.4027420142626323
8885,3.4027420142626323
8886,3.4027420142626323
8887,3.4027420142626323
8888,3.4027420142626323
8889,3.4027420142626323
8890,3.4027420142626323
8891,3.4027420142626323
8892,3.4027420142626323
8893,3.4027420142626323
8894,3.4027420142626323
8895,3.4027420142626323
8896,3.4027420142626323
8897,3.4027420142626323
8898,3.4027420142626323
8899,3.4027420142626323
8900,3.4027420142626323
8901,3.4027420142626323
8902,3.4027420142626323
8903,3.4027420142626323
8904,3.4027420142626323
8905,3.4027420142626323
8906,3.4027420142626323
8907,3.4027420142626323
8908,3.4027420142626323
8909,3.4027420142626323
8910,3.4027420142626323
8911,3.4027420142626323
8912,3.4027420142626323
8913,3.4027420142626323
8914,3.4027420142626323
8915,3.4027420142626323
8916,3.4027420142626323
8917,3.4027420142626323
8918,3.4027420142626323
8919,3.4027420142626323
8920,3.4027420142626323
8921,3.4027420142626323
8922,3.4027420142626323
8923,3.4027420142626323
8924,3.4027420142626323
8925,3.4027420142626323
8926,3.4027420142626323
8927,3.4027420142626323
8928,3.4027420142626323
8929,3.4027420142626323
8930,3.4027420142626323
8931,3.4027420142626323
8932,3.4027420142626323
8933,3.4027420142626323
8934,3.4027420142626323
8935,3.4027420142626323
8936,3.4027420142626323
8937,3.4027420142626323
8938,3.4027420142626323
8939,3.4027420142626323
8940,3.4027420142626323
8941,3.4027420142626323
8942,3.4027420142626323
8943,3.4027420142626323
8944,3.4027420142626323
8945,3.4027420142626323
8946,3.4027420142626323
8947,3.4027420142626323
8948,3.4027420142626323
8949,3.4027420142626323
8950,3.4027420142626323
8951,3.4027420142626323
8952,3.4027420142626323
8953,3.4027420142626323
8954,3.4027420142626323
8955,3.4027420142626323
8956,3.4027420142626323
8957,3.4027420142626323
8958,3.4027420142626323
8959,3.4027420142626323
8960,3.4027420142626323
8961,3.4027420142626323
8962,3.4027420142626323
8963,3.4027420142626323
8964,3.4027420142626323
8965,3.4027420142626323
8966,3.4027420142626323
8967,3.4027420142626323
8968,3.4027420142626323
8969,3.4027420142626323
8970,3.4027420142626323
8971,3.4027420142626323
8972,3.4027420142626323
8973,3.4027420142626323
8974,3.4027420142626323
8975,3.4027420142626323
8976,3.4027420142626323
8977,3.4027420142626323
8978,3.4027420142626323
8979,3.4027420142626323
8980,3.4027420142626323
8981,3.4027420142626323
8982,3.4027420142626323
8983,3.4027420142626323
8984,3.4027420142626323
8985,3.4027420142626323
8986,3.4027420142626323
8987,3.4027420142626323
8988,3.4027420142626323
8989,3.4027420142626323
8990,3.4027420142626323
8991,3.4027420142626323
8992,3.4027420142626323
8993,3.4027420142626323
8994,3.4027420142626323
8995,3.4027420142626323
8996,3.4027420142626323
8997,3.4027420142626323
8998,3.4027420142626323
8999,3.4027420142626323
9000,3.4027420142626323
9001,3.4027420142626323
9002,3.4027420142626323
9003,3.4027420142626323
9004,3.4027420142626323
9005,3.4027420142626323
9006,3.4027420142626323
9007,3.4027420142626323
9008,3.4027420142626323
9009,3.4027420142626323
9010,3.4027420142626323
9011,3.4027420142626323
9012,3.4027420142626323
9013,3.4027420142626323
9014,3.4027420142626323
9015,3.4027420142626323
9016,3.4027420142626323
9017,3.4027420142626323
9018,3.4027420142626323
9019,3.4027420142626323
9020,3.4027420142626323
9021,3.4027420142626323
9022,3.4027420142626323
9023,3.4027420142626323
9024,3.4027420142626323
9025,3.4027420142626323
9026,3.4027420142626323
9027,3.4027420142626323
9028,3.4027420142626323
9029,3.4027420142626323
9030,3.4027420142626323
9031,3.4027420142626323
9032,3.4027420142626323
9033,3.4027420142626323
9034,3.4027420142626323
9035,3.4027420142626323
9036,3.4027420142626323
9037,3.4027420142626323
9038,3.4027420142626323
9039,3.4027420142626323
9040,3.4027420142626323
9041,3.4027420142626323
9042,3.4027420142626323
9043,3.4027420142626323
9044,3.4027420142626323
9045,3.4027420142626323
9046,3.4027420142626323
9047,3.4027420142626323
9048,3.4027420142626323
9049,3.4027420142626323
9050,3.4027420142626323
9051,3.4027420142626323
9052,3.4027420142626323
9053,3.4027420142626323
9054,3.4027420142626323
9055,3.4027420142626323
9056,3.4027420142626323
9057,3.4027420142626323
9058,5.363828500740027
9059,5.363828500740027
9060,5.363828500740027
9061,5.363828500740027
9062,5.363828500740027
9063,5.363828500740027
9064,5.363828500740027
9065,5.363828500740027
9066,5.363828500740027
9067,5.363828500740027
9068,5.363828500740027
9069,5.363828500740027
9070,5.363828500740027
9071,5.363828500740027
9072,5.363828500740027
9073,5.363828500740027
9074,5.363828500740027
9075,5.363828500740027
9076,5.363828500740027
9077,5.363828500740027
9078,5.363828500740027
9079,5.363828500740027
9080,5.363828500740027
9081,5.363828500740027
9082,5.363828500740027
9083,5.363828500740027
9084,5.363828500740027
9085,5.363828500740027
9086,5.363828500740027
9087,5.363828500740027
9088,5.363828500740027
9089,5.363828500740027
9090,5.363828500740027
9091,5.363828500740027
9092,5.363828500740027
9093,5.363828500740027
9094,5.363828500740027
9095,5.363828500740027
9096,5.363828500740027
9097,5.363828500740027
9098,5.363828500740027
9099,5.363828500740027
9100,5.363828500740027
9101,5.363828500740027
9102,5.363828500740027
9103,5.363828500740027
9104,5.363828500740027
9105,5.363828500740027
9106,5.363828500740027
9107,5.363828500740027
9108,5.363828500740027
9109,5.363828500740027
9110,5.363828500740027
9111,5.363828500740027
9112,5.363828500740027
9113,5.363828500740027
9114,5.363828500740027
9115,5.363828500740027
9116,5.363828500740027
9117,5.363828500740027
9118,5.363828500740027
9119,5.363828500740027
9120,5.363828500740027
9121,5.363828500740027
9122,5.363828500740027
9123,5.363828500740027
9124,5.363828500740027
9125,5.363828500740027
9126,5.363828500740027
9127,5.363828500740027
9128,5.363828500740027
9129,5.363828500740027
9130,5.363828500740027
9131,5.363828500740027
9132,5.363828500740027
9133,5.363828500740027
9134,5.363828500740027
9135,5.363828500740027
9136,5.363828500740027
9137,5.363828500740027
9138,5.363828500740027
9139,5.363828500740027
9140,5.363828500740027
9141,5.363828500740027
9142,5.363828500740027
9143,5.363828500740027
9144,5.363828500740027
9145,5.363828500740027
9146,5.363828500740027
9147,5.363828500740027
9148,5.363828500740027
9149,5.363828500740027
9150,5.363828500740027
9151,5.363828500740027
9152,5.363828500740027
9153,5.363828500740027
9154,5.363828500740027
9155,5.363828500740027
9156,5.363828500740027
9157,5.363828500740027
9158,5.363828500740027
9159,5.363828500740027
9160,5.363828500740027
9161,5.363828500740027
9162,5.363828500740027
9163,5.363828500740027
9164,5.363828500740027
9165,5.363828500740027
9166,5.363828500740027
9167,5.363828500740027
9168,5.363828500740027
9169,5.363828500740027
9170,5.363828500740027
9171,5.363828500740027
9172,5.363828500740027
9173,5.363828500740027
9174,5.363828500740027
9175,5.363828500740027
9176,5.363828500740027
9177,5.363828500740027
9178,5.363828500740027
9179,5.363828500740027
9180,5.363828500740027
9181,5.363828500740027
9182,5.363828500740027
9183,5.363828500740027
9184,5.363828500740027
9185,5.363828500740027
9186,5.363828500740027
9187,5.363828500740027
9188,5.363828500740027
9189,5.363828500740027
9190,5.363828500740027
9191,5.363828500740027
9192,5.363828500740027
9193,5.363828500740027
9194,5.363828500740027
9195,5.363828500740027
9196,5.363828500740027
9197,5.363828500740027
9198,5.363828500740027
9199,5.363828500740027
9200,5.363828500740027
9201,5.363828500740027
9202,5.363828500740027
9203,5.363828500740027
9204,5.363828500740027
9205,5.363828500740027
9206,5.363828500740027
9207,5.363828500740027
9208,5.363828500740027
9209,5.363828500740027
9210,5.363828500740027
9211,5.363828500740027
9212,5.363828500740027
9213,5.363828500740027
9214,5.363828500740027
9215,5.363828500740027
9216,5.363828500740027
9217,5.363828500740027
9218,5.363828500740027
9219,5.363828500740027
9220,5.363828500740027
9221,5.363828500740027
9222,5.363828500740027
9223,5.363828500740027
9224,5.363828500740027
9225,5.363828500740027
9226,5.363828500740027
9227,5.363828500740027
9228,5.363828500740027
9229,5.363828500740027
9230,5.363828500740027
9231,5.363828500740027
9232,5.363828500740027
9233,5.363828500740027
9234,5.363828500740027
9235,5.363828500740027
9236,5.363828500740027
9237,5.363828500740027
9238,5.363828500740027
9239,5.363828500740027
9240,5.363828500740027
9241,5.363828500740027
9242,5.363828500740027
9243,5.363828500740027
9244,5.363828500740027
9245,5.363828500740027
9246,5.363828500740027
9247,5.363828500740027
9248,5.363828500740027
9249,5.363828500740027
9250,5.363828500740027
9251,5.363828500740027
9252,5.363828500740027
9253,5.363828500740027
9254,5.363828500740027
9255,5.363828500740027
9256,5.363828500740027
9257,5.363828500740027
9258,5.363828500740027
9259,5.363828500740027
9260,5.363828500740027
9261,5.363828500740027
9262,5.363828500740027
9263,5.363828500740027
9264,5.363828500740027
9265,5.363828500740027
9266,5.363828500740027
9267,5.363828500740027
9268,5.363828500740027
9269,5.363828500740027
9270,5.363828500740027
9271,5.363828500740027
9272,5.363828500740027
9273,5.363828500740027
9274,5.363828500740027
9275,5.363828500740027
9276,5.363828500740027
9277,5.363828500740027
9278,5.363828500740027
9279,5.363828500740027
9280,5.363828500740027
9281,5.363828500740027
9282,5.363828500740027
9283,5.363828500740027
9284,5.363828500740027
9285,5.363828500740027
9286,5.363828500740027
9287,5.363828500740027
9288,5.363828500740027
9289,5.363828500740027
9290,5.363828500740027
9291,5.363828500740027
9292,5.363828500740027
9293,5.363828500740027
9294,5.363828500740027
9295,5.363828500740027
9296,5.363828500740027
9297,5.363828500740027
9298,5.363828500740027
9299,5.363828500740027
9300,5.363828500740027
9301,5.363828500740027
9302,5.363828500740027
9303,5.363828500740027
9304,5.363828500740027
9305,5.363828500740027
9306,5.363828500740027
9307,5.363828500740027
9308,5.363828500740027
9309,5.363828500740027
9310,5.363828500740027
9311,5.363828500740027
9312,5.363828500740027
9313,5.363828500740027
9314,5.363828500740027
9315,5.363828500740027
9316,5.363828500740027
9317,5.363828500740027
9318,5.363828500740027
9319,5.363828500740027
9320,5.363828500740027
9321,5.363828500740027
9322,5.363828500740027
9323,5.363828500740027
9324,5.363828500740027
9325,5.363828500740027
9326,5.363828500740027
9327,5.363828500740027
9328,5.363828500740027
9329,5.363828500740027
9330,5.363828500740027
9331,5.363828500740027
9332,5.363828500740027
9333,5.363828500740027
9334,5.363828500740027
9335,5.363828500740027
9336,5.363828500740027
9337,5.363828500740027
9338,5.363828500740027
9339,5.363828500740027
9340,5.363828500740027
9341,5.363828500740027
9342,5.363828500740027
9343,5.363828500740027
9344,5.363828500740027
9345,5.363828500740027
9346,5.363828500740027
9347,5.363828500740027
9348,5.363828500740027
9349,5.363828500740027
9350,5.363828500740027
9351,5.363828500740027
9352,5.363828500740027
9353,5.363828500740027
9354,5.363828500740027
9355,5.363828500740027
9356,5.363828500740027
9357,5.363828500740027
9358,5.363828500740027
9359,5.363828500740027
9360,5.363828500740027
9361,5.363828500740027
9362,5.363828500740027
9363,5.363828500740027
9364,5.363828500740027
9365,5.363828500740027
9366,5.363828500740027
9367,5.363828500740027
9368,5.363828500740027
9369,5.363828500740027
9370,5.363828500740027
9371,5.363828500740027
9372,5.363828500740027
9373,5.363828500740027
9374,5.363828500740027
9375,5.363828500740027
9376,5.363828500740027
9377,5.363828500740027
9378,5.363828500740027
9379,5.363828500740027
9380,5.363828500740027
9381,5.363828500740027
9382,5.363828500740027
9383,5.363828500740027
9384,5.363828500740027
9385,5.363828500740027
9386,5.363828500740027
9387,5.363828500740027
9388,5.363828500740027
9389,5.363828500740027
9390,5.363828500740027
9391,5.363828500740027
9392,5.363828500740027
9393,5.363828500740027
9394,5.363828500740027
9395,5.363828500740027
9396,5.363828500740027
9397,5.363828500740027
9398,5.363828500740027
9399,5.363828500740027
9400,5.363828500740027
9401,5.363828500740027
9402,5.363828500740027
9403,5.363828500740027
9404,5.363828500740027
9405,5.363828500740027
9406,5.363828500740027
9407,5.363828500740027
9408,5.363828500740027
9409,5.363828500740027
9410,5.363828500740027
9411,5.363828500740027
9412,5.363828500740027
9413,5.363828500740027
9414,5.363828500740027
9415,14.574992300861124
9416,14.574992300861124
9417,14.574992300861124
9418,14.574992300861124
9419,14.574992300861124
9420,14.574992300861124
9421,14.574992300861124
9422,14.574992300861124
9423,14.574992300861124
9424,14.574992300861124
9425,14.574992300861124
9426,14.574992300861124
9427,14.574992300861124
9428,14.574992300861124
9429,14.574992300861124
9430,14.574992300861124
9431,14.574992300861124
9432,14.574992300861124
9433,14.574992300861124
9434,14.574992300861124
9435,14.574992300861124
9436,14.574992300861124
9437,14.574992300861124
9438,14.574992300861124
9439,14.574992300861124
9440,14.574992300861124
9441,14.574992300861124
9442,14.574992300861124
9443,14.574992300861124
9444,14.574992300861124
9445,14.574992300861124
9446,14.574992300861124
9447,14.574992300861124
9448,14.574992300861124
9449,14.574992300861124
9450,14.574992300861124
9451,14.574992300861124
9452,14.574992300861124
9453,14.574992300861124
9454,14.574992300861124
9455,14.574992300861124
9456,14.574992300861124
9457,14.574992300861124
9458,14.574992300861124
9459,14.574992300861124
9460,14.574992300861124
9461,14.574992300861124
9462,14.574992300861124
9463,14.574992300861124
9464,14.574992300861124
9465,14.574992300861124
9466,14.574992300861124
9467,14.574992300861124
9468,14.574992300861124
9469,14.574992300861124
9470,14.574992300861124
9471,14.574992300861124
9472,14.574992300861124
9473,14.574992300861124
9474,14.574992300861124
9475,14.574992300861124
9476,14.574992300861124
9477,14.574992300861124
9478,14.574992300861124
9479,14.574992300861124
9480,14.574992300861124
9481,14.574992300861124
9482,14.574992300861124
9483,14.574992300861124
9484,14.574992300861124
9485,14.574992300861124
9486,14.574992300861124
9487,14.574992300861124
9488,14.574992300861124
9489,14.574992300861124
9490,14.574992300861124
9491,14.574992300861124
9492,14.574992300861124
9493,14.574992300861124
9494,14.574992300861124
9495,14.574992300861124
9496,14.574992300861124
9497,14.574992300861124
9498,14.574992300861124
9499,14.574992300861124
9500,14.574992300861124
9501,14.574992300861124
9502,14.574992300861124
9503,14.574992300861124
9504,14.574992300861124
9505,14.574992300861124
9506,14.574992300861124
9507,14.574992300861124
9508,14.574992300861124
9509,14.574992300861124
9510,14.574992300861124
9511,14.574992300861124
9512,14.574992300861124
9513,14.574992300861124
9514,14.574992300861124
9515,14.574992300861124
9516,14.574992300861124
9517,14.574992300861124
9518,14.574992300861124
9519,14.574992300861124
9520,14.574992300861124
9521,14.574992300861124
9522,14.574992300861124
9523,14.574992300861124
9524,14.574992300861124
9525,14.574992300861124
9526,14.574992300861124
9527,14.574992300861124
9528,14.574992300861124
9529,14.574992300861124
9530,14.574992300861124
9531,14.574992300861124
9532,14.574992300861124
9533,14.574992300861124
9534,14.574992300861124
9535,14.574992300861124
9536,14.574992300861124
9537,14.574992300861124
9538,14.574992300861124
9539,14.574992300861124
9540,14.574992300861124
9541,14.574992300861124
9542,14.574992300861124
9543,14.574992300861124
9544,14.574992300861124
9545,14.574992300861124
9546,14.574992300861124
9547,14.574992300861124
9548,14.574992300861124
9549,14.574992300861124
9550,14.574992300861124
9551,14.574992300861124
9552,14.574992300861124
9553,14.574992300861124
9554,14.574992300861124
9555,14.574992300861124
9556,14.574992300861124
9557,14.574992300861124
9558,14.574992300861124
9559,14.574992300861124
9560,14.574992300861124
9561,14.574992300861124
9562,14.574992300861124
9563,14.574992300861124
9564,14.574992300861124
9565,14.574992300861124
9566,14.574992300861124
9567,14.574992300861124
9568,14.574992300861124
9569,14.574992300861124
9570,14.574992300861124
9571,14.574992300861124
9572,14.574992300861124
9573,14.574992300861124
9574,14.574992300861124
9575,14.574992300861124
9576,14.574992300861124
9577,14.574992300861124
9578,14.574992300861124
9579,14.574992300861124
9580,14.574992300861124
9581,14.574992300861124
9582,14.574992300861124
9583,14.574992300861124
9584,14.574992300861124
9585,14.574992300861124
9586,14.574992300861124
9587,14.574992300861124
9588,14.574992300861124
9589,14.574992300861124
9590,14.574992300861124
9591,14.574992300861124
9592,14.574992300861124
9593,14.574992300861124
9594,14.574992300861124
9595,14.574992300861124
9596,14.574992300861124
9597,14.574992300861124
9598,14.574992300861124
9599,14.574992300861124
9600,14.574992300861124
9601,14.574992300861124
9602,14.574992300861124
9603,14.574992300861124
9604,14.574992300861124
9605,14.574992300861124
9606,14.574992300861124
9607,14.574992300861124
9608,14.574992300861124
9609,14.574992300861124
9610,14.574992300861124
9611,14.574992300861124
9612,14.574992300861124
9613,14.574992300861124
9614,14.574992300861124
9615,14.574992300861124
9616,14.574992300861124
9617,14.574992300861124
9618,14.574992300861124
9619,14.574992300861124
9620,14.574992300861124
9621,14.574992300861124
9622,14.574992300861124
9623,14.574992300861124
9624,14.574992300861124
9625,14.574992300861124
9626,14.574992300861124
9627,14.574992300861124
9628,14.574992300861124
9629,14.574992300861124
9630,14.574992300861124
9631,14.574992300861124
9632,14.574992300861124
9633,14.574992300861124
9634,14.574992300861124
9635,14.574992300861124
9636,14.574992300861124
9637,14.574992300861124
9638,14.574992300861124
9639,14.574992300861124
9640,14.574992300861124
9641,14.574992300861124
9642,14.574992300861124
9643,14.574992300861124
9644,14.574992300861124
9645,14.574992300861124
9646,14.574992300861124
9647,14.574992300861124
9648,14.574992300861124
9649,14.574992300861124
9650,14.574992300861124
9651,14.574992300861124
9652,14.574992300861124
9653,14.574992300861124
9654,14.574992300861124
9655,14.574992300861124
9656,14.574992300861124
9657,14.574992300861124
9658,14.574992300861124
9659,14.574992300861124
9660,14.574992300861124
9661,14.574992300861124
9662,14.574992300861124
9663,14.574992300861124
9664,14.574992300861124
9665,14.574992300861124
9666,14.574992300861124
9667,14.574992300861124
9668,14.574992300861124
9669,14.574992300861124
9670,14.574992300861124
9671,14.574992300861124
9672,14.574992300861124
9673,14.574992300861124
9674,14.574992300861124
9675,14.574992300861124
9676,14.574992300861124
9677,14.574992300861124
9678,14.574992300861124
9679,14.574992300861124
9680,14.574992300861124
9681,14.574992300861124
9682,14.574992300861124
9683,14.574992300861124
9684,14.574992300861124
9685,14.574992300861124
9686,14.574992300861124
9687,14.574992300861124
9688,14.574992300861124
9689,14.574992300861124
9690,14.574992300861124
9691,14.574992300861124
9692,14.574992300861124
9693,14.574992300861124
9694,14.574992300861124
9695,14.574992300861124
9696,14.574992300861124
9697,14.574992300861124
9698,14.574992300861124
9699,14.574992300861124
9700,14.574992300861124
9701,14.574992300861124
9702,14.574992300861124
9703,14.574992300861124
9704,14.574992300861124
9705,14.574992300861124
9706,14.574992300861124
9707,14.574992300861124
9708,14.574992300861124
9709,14.574992300861124
9710,14.574992300861124
9711,14.574992300861124
9712,14.574992300861124
9713,14.574992300861124
9714,14.574992300861124
9715,14.574992300861124
9716,14.574992300861124
9717,14.574992300861124
9718,14.574992300861124
9719,14.574992300861124
9720,14.574992300861124
9721,14.574992300861124
9722,14.574992300861124
9723,14.574992300861124
9724,14.574992300861124
9725,14.574992300861124
9726,14.574992300861124
9727,14.574992300861124
9728,14.574992300861124
9729,14.574992300861124
9730,14.574992300861124
9731,14.574992300861124
9732,14.574992300861124
9733,14.574992300861124
9734,14.574992300861124
9735,14.574992300861124
9736,14.574992300861124
9737,14.574992300861124
9738,14.574992300861124
9739,14.574992300861124
9740,14.574992300861124
9741,14.574992300861124
9742,14.574992300861124
9743,14.574992300861124
9744,14.574992300861124
9745,14.574992300861124
9746,14.574992300861124
9747,14.574992300861124
9748,14.574992300861124
9749,14.574992300861124
9750,14.574992300861124
9751,14.574992300861124
9752,14.574992300861124
9753,14.574992300861124
9754,14.574992300861124
9755,14.574992300861124
9756,14.574992300861124
9757,14.574992300861124
9758,14.574992300861124
9759,14.574992300861124
9760,14.574992300861124
9761,14.574992300861124
9762,14.574992300861124
9763,14.574992300861124
9764,14.574992300861124
9765,14.574992300861124
9766,14.574992300861124
9767,14.574992300861124
9768,14.574992300861124
9769,14.574992300861124
9770,14.574992300861124
9771,14.574992300861124
9772,14.574992300861124
9773,14.574992300861124
9774,14.574992300861124
9775,14.574992300861124
9776,14.574992300861124
9777,14.574992300861124
9778,14.574992300861124
9779,14.574992300861124
9780,14.574992300861124
9781,14.574992300861124
9782,14.574992300861124
9783,14.574992300861124
9784,14.574992300861124
9785,14.574992300861124
9786,14.574992300861124
9787,14.574992300861124
9788,14.574992300861124
9789,14.574992300861124
9790,14.574992300861124
9791,14.574992300861124
9792,14.574992300861124
9793,14.574992300861124
9794,14.574992300861124
9795,14.574992300861124
9796,14.574992300861124
9797,14.574992300861124
9798,14.574992300861124
9799,14.574992300861124
9800,14.574992300861124
9801,14.574992300861124
9802,14.574992300861124
9803,14.574992300861124
9804,14.574992300861124
9805,14.574992300861124
9806,14.574992300861124
9807,14.574992300861124
9808,14.574992300861124
9809,14.574992300861124
9810,14.574992300861124
9811,14.574992300861124
9812,14.574992300861124
9813,14.574992300861124
9814,14.574992300861124
9815,14.574992300861124
9816,14.574992300861124
9817,14.574992300861124
9818,14.574992300861124
9819,14.574992300861124
9820,14.574992300861124
9821,14.574992300861124
9822,14.574992300861124
9823,14.574992300861124
9824,14.574992300861124
9825,14.574992300861124
9826,14.574992300861124
9827,14.574992300861124
9828,14.574992300861124
9829,14.574992300861124
9830,14.574992300861124
9831,14.574992300861124
9832,14.574992300861124
9833,14.574992300861124
9834,14.574992300861124
9835,14.574992300861124
9836,14.574992300861124
9837,14.574992300861124
9838,14.574992300861124
9839,14.574992300861124
9840,14.574992300861124
9841,14.574992300861124
9842,14.574992300861124
9843,14.574992300861124
9844,14.574992300861124
9845,14.574992300861124
9846,14.574992300861124
9847,14.574992300861124
9848,14.574992300861124
9849,14.574992300861124
9850,14.574992300861124
9851,14.574992300861124
9852,14.574992300861124
9853,14.574992300861124
9854,14.574992300861124
9855,14.574992300861124
9856,14.574992300861124
9857,14.574992300861124
9858,14.574992300861124
9859,14.574992300861124
9860,14.574992300861124
9861,14.574992300861124
9862,14.574992300861124
9863,14.574992300861124
9864,14.574992300861124
9865,14.574992300861124
9866,14.574992300861124
9867,14.574992300861124
9868,14.574992300861124
9869,14.574992300861124
9870,14.574992300861124
9871,14.574992300861124
9872,14.574992300861124
9873,14.574992300861124
9874,14.574992300861124
9875,14.574992300861124
9876,14.574992300861124
9877,14.574992300861124
9878,14.574992300861124
9879,14.574992300861124
9880,14.574992300861124
9881,14.574992300861124
9882,14.574992300861124
9883,14.574992300861124
9884,14.574992300861124
9885,14.574992300861124
9886,14.574992300861124
9887,14.574992300861124
9888,14.574992300861124
9889,14.574992300861124
9890,14.574992300861124
9891,14.574992300861124
9892,14.574992300861124
9893,14.574992300861124
9894,14.574992300861124
9895,14.574992300861124
9896,14.574992300861124
9897,14.574992300861124
9898,14.574992300861124
9899,14.574992300861124
9900,14.574992300861124
9901,14.574992300861124
9902,14.574992300861124
9903,14.574992300861124
9904,14.574992300861124
9905,14.574992300861124
9906,14.574992300861124
9907,14.574992300861124
9908,14.574992300861124
9909,14.574992300861124
9910,14.574992300861124
9911,14.574992300861124
9912,14.574992300861124
9913,14.574992300861124
9914,14.574992300861124
9915,14.574992300861124
9916,14.574992300861124
9917,14.574992300861124
9918,14.574992300861124
9919,14.574992300861124
9920,14.574992300861124
9921,14.574992300861124
9922,14.574992300861124
9923,14.574992300861124
9924,14.574992300861124
9925,14.574992300861124
9926,14.574992300861124
9927,14.574992300861124
9928,14.574992300861124
9929,14.574992300861124
9930,14.574992300861124
9931,14.574992300861124
9932,14.574992300861124
9933,14.574992300861124
9934,14.574992300861124
9935,14.574992300861124
9936,14.574992300861124
9937,14.574992300861124
9938,14.574992300861124
9939,14.574992300861124
9940,14.574992300861124
9941,14.574992300861124
9942,14.574992300861124
9943,14.574992300861124
9944,14.574992300861124
9945,14.574992300861124
9946,14.574992300861124
9947,14.574992300861124
9948,14.574992300861124
9949,14.574992300861124
9950,14.574992300861124
9951,14.574992300861124
9952,14.574992300861124
9953,14.574992300861124
9954,14.574992300861124
9955,14.574992300861124
9956,14.574992300861124
9957,14.574992300861124
9958,14.574992300861124
9959,14.574992300861124
9960,14.574992300861124
9961,14.574992300861124
9962,14.574992300861124
9963,14.574992300861124
9964,14.574992300861124
9965,14.574992300861124
9966,14.574992300861124
9967,14.574992300861124
9968,14.574992300861124
9969,14.574992300861124
9970,14.574992300861124
9971,14.574992300861124
9972,14.574992300861124
9973,14.574992300861124
9974,14.574992300861124
9975,14.574992300861124
9976,14.574992300861124
9977,14.574992300861124
9978,14.574992300861124
9979,14.574992300861124
9980,14.574992300861124
9981,14.574992300861124
9982,14.574992300861124
9983,14.574992300861124
9984,14.574992300861124
9985,14.574992300861124
9986,14.574992300861124
9987,14.574992300861124
9988,14.574992300861124
9989,14.574992300861124
9990,14.574992300861124
9991,14.574992300861124
9992,14.574992300861124
9993,14.574992300861124
9994,14.574992300861124
9995,14.574992300861124
9996,14.574992300861124
9997,14.574992300861124
9998,14.574992300861124
9999,14.574992300861124
10000,14.574992300861124
10001,14.574992300861124
10002,14.574992300861124
10003,14.574992300861124
10004,14.574992300861124
10005,14.574992300861124
10006,14.574992300861124
10007,14.574992300861124
10008,14.574992300861124
10009,14.574992300861124
10010,14.574992300861124
10011,14.574992300861124
10012,14.574992300861124
10013,14.574992300861124
10014,14.574992300861124
10015,14.574992300861124
10016,14.574992300861124
10017,14.574992300861124
10018,14.574992300861124
10019,14.574992300861124
10020,14.574992300861124
10021,14.574992300861124
10022,14.574992300861124
10023,14.574992300861124
10024,14.574992300861124
10025,14.574992300861124
10026,14.574992300861124
10027,14.574992300861124
10028,14.574992300861124
10029,14.574992300861124
10030,14.574992300861124
10031,14.574992300861124
10032,14.574992300861124
10033,14.574992300861124
10034,14.574992300861124
10035,14.574992300861124
10036,14.574992300861124
10037,14.574992300861124
10038,14.574992300861124
10039,14.574992300861124
10040,14.574992300861124
10041,14.574992300861124
10042,14.574992300861124
10043,14.574992300861124
10044,14.574992300861124
10045,14.574992300861124
10046,14.574992300861124
10047,14.574992300861124
10048,14.574992300861124
10049,14.574992300861124
10050,14.574992300861124
10051,14.574992300861124
10052,14.574992300861124
10053,14.574992300861124
10054,14.574992300861124
10055,14.574992300861124
10056,14.574992300861124
10057,14.574992300861124
10058,14.574992300861124
10059,14.574992300861124
10060,14.574992300861124
10061,14.574992300861124
10062,14.574992300861124
10063,14.574992300861124
10064,14.574992300861124
10065,14.574992300861124
10066,14.574992300861124
10067,14.574992300861124
10068,14.574992300861124
10069,14.574992300861124
10070,14.574992300861124
10071,14.574992300861124
10072,14.574992300861124
10073,14.574992300861124
10074,14.574992300861124
10075,14.574992300861124
10076,14.574992300861124
10077,14.574992300861124
10078,14.574992300861124
10079,14.574992300861124
10080,14.574992300861124
10081,14.574992300861124
10082,14.574992300861124
10083,14.574992300861124
10084,14.574992300861124
10085,14.574992300861124
10086,14.574992300861124
10087,14.574992300861124
10088,14.574992300861124
10089,14.574992300861124
10090,14.574992300861124
10091,14.574992300861124
10092,14.574992300861124
10093,14.574992300861124
10094,14.574992300861124
10095,14.574992300861124
10096,14.574992300861124
10097,14.574992300861124
10098,14.574992300861124
10099,14.574992300861124
10100,14.574992300861124
10101,14.574992300861124
10102,14.574992300861124
10103,14.574992300861124
10104,14.574992300861124
10105,14.574992300861124
10106,14.574992300861124
10107,14.574992300861124
10108,14.574992300861124
10109,14.574992300861124
10110,14.574992300861124
10111,14.574992300861124
10112,14.574992300861124
10113,14.574992300861124
10114,14.574992300861124
10115,14.574992300861124
10116,14.574992300861124
10117,14.574992300861124
10118,14.574992300861124
10119,14.574992300861124
10120,14.574992300861124
10121,14.574992300861124
10122,14.574992300861124
10123,14.574992300861124
10124,14.574992300861124
10125,14.574992300861124
10126,14.574992300861124
10127,14.574992300861124
10128,14.574992300861124
10129,14.574992300861124
10130,14.574992300861124
10131,14.574992300861124
10132,14.574992300861124
10133,14.574992300861124
10134,14.574992300861124
10135,14.574992300861124
10136,14.574992300861124
10137,14.574992300861124
10138,14.574992300861124
10139,14.574992300861124
10140,14.574992300861124
10141,14.574992300861124
10142,14.574992300861124
10143,14.574992300861124
10144,14.574992300861124
10145,14.574992300861124
10146,14.574992300861124
10147,14.574992300861124
10148,14.574992300861124
10149,14.574992300861124
10150,14.574992300861124
10151,14.574992300861124
10152,14.574992300861124
10153,14.574992300861124
10154,14.574992300861124
10155,14.574992300861124
10156,14.574992300861124
10157,14.574992300861124
10158,14.574992300861124
10159,14.574992300861124
10160,14.574992300861124
10161,14.574992300861124
10162,14.574992300861124
10163,14.574992300861124
10164,14.574992300861124
10165,14.574992300861124
10166,14.574992300861124
10167,14.574992300861124
10168,14.574992300861124
10169,14.574992300861124
10170,14.574992300861124
10171,14.574992300861124
10172,14.574992300861124
10173,14.574992300861124
10174,14.574992300861124
10175,14.574992300861124
10176,14.574992300861124
10177,14.574992300861124
10178,14.574992300861124
10179,14.574992300861124
10180,14.574992300861124
10181,14.574992300861124
10182,14.574992300861124
10183,14.574992300861124
10184,14.574992300861124
10185,14.574992300861124
10186,14.574992300861124
10187,14.574992300861124
10188,14.574992300861124
10189,14.574992300861124
10190,14.574992300861124
10191,14.574992300861124
10192,14.574992300861124
10193,14.574992300861124
10194,14.574992300861124
10195,14.574992300861124
10196,14.574992300861124
10197,14.574992300861124
10198,14.574992300861124
10199,14.574992300861124
10200,14.574992300861124
10201,14.574992300861124
10202,14.574992300861124
10203,14.574992300861124
10204,14.574992300861124
10205,14.574992300861124
10206,14.574992300861124
10207,14.574992300861124
10208,14.574992300861124
10209,14.574992300861124
10210,14.574992300861124
10211,14.574992300861124
10212,14.574992300861124
10213,14.574992300861124
10214,14.574992300861124
10215,14.574992300861124
10216,14.574992300861124
10217,14.574992300861124
10218,14.574992300861124
10219,14.574992300861124
10220,14.574992300861124
10221,14.574992300861124
10222,14.574992300861124
10223,14.574992300861124
10224,14.574992300861124
10225,14.574992300861124
10226,14.574992300861124
10227,14.574992300861124
10228,14.574992300861124
10229,14.574992300861124
10230,14.574992300861124
10231,14.574992300861124
10232,14.574992300861124
10233,14.574992300861124
10234,14.574992300861124
10235,14.574992300861124
10236,14.574992300861124
10237,14.574992300861124
10238,14.574992300861124
10239,14.574992300861124
10240,3.759303193622159
10241,3.759303193622159
10242,3.759303193622159
10243,3.759303193622159
10244,3.759303193622159
10245,3.759303193622159
10246,3.759303193622159
10247,3.759303193622159
10248,3.759303193622159
10249,3.759303193622159
10250,3.759303193622159
10251,3.759303193622159
10252,3.759303193622159
10253,3.759303193622159
10254,3.759303193622159
10255,3.759303193622159
10256,3.759303193622159
10257,3.759303193622159
10258,3.759303193622159
10259,3.759303193622159
10260,3.759303193622159
10261,3.759303193622159
10262,3.759303193622159
10263,3.759303193622159
10264,3.759303193622159
10265,3.759303193622159
10266,3.759303193622159
10267,3.759303193622159
10268,3.759303193622159
10269,3.759303193622159
10270,3.759303193622159
10271,3.759303193622159
10272,3.759303193622159
10273,3.759303193622159
10274,3.759303193622159
10275,3.759303193622159
10276,3.759303193622159
10277,3.759303193622159
10278,3.759303193622159
10279,3.759303193622159
10280,3.759303193622159
10281,3.759303193622159
10282,3.759303193622159
10283,3.759303193622159
10284,3.759303193622159
10285,3.759303193622159
10286,3.759303193622159
10287,3.759303193622159
10288,3.759303193622159
10289,3.759303193622159
10290,3.759303193622159
10291,3.759303193622159
10292,3.759303193622159
10293,3.759303193622159
10294,3.759303193622159
10295,3.759303193622159
10296,3.759303193622159
10297,3.759303193622159
10298,3.759303193622159
10299,3.759303193622159
10300,3.759303193622159
10301,3.759303193622159
10302,3.759303193622159
10303,3.759303193622159
10304,3.759303193622159
10305,3.759303193622159
10306,3.759303193622159
10307,3.759303193622159
10308,3.759303193622159
10309,3.759303193622159
10310,3.759303193622159
10311,3.759303193622159
10312,3.759303193622159
10313,3.759303193622159
10314,3.759303193622159
10315,3.759303193622159
10316,3.759303193622159
10317,3.759303193622159
10318,3.759303193622159
10319,3.759303193622159
10320,3.759303193622159
10321,3.759303193622159
10322,3.759303193622159
10323,3.759303193622159
10324,3.759303193622159
10325,3.759303193622159
10326,3.759303193622159
10327,3.759303193622159
10328,3.759303193622159
10329,3.759303193622159
10330,3.759303193622159
10331,3.759303193622159
10332,3.759303193622159
10333,3.759303193622159
10334,3.759303193622159
10335,3.759303193622159
10336,3.759303193622159
10337,3.759303193622159
10338,3.759303193622159
10339,3.759303193622159
10340,3.759303193622159
10341,3.759303193622159
10342,3.759303193622159
10343,3.759303193622159
10344,3.759303193622159
10345,3.759303193622159
10346,3.759303193622159
10347,3.759303193622159
10348,3.759303193622159
10349,3.759303193622159
10350,3.759303193622159
10351,3.759303193622159
10352,3.759303193622159
10353,3.759303193622159
10354,3.759303193622159
10355,3.759303193622159
10356,3.759303193622159
10357,3.759303193622159
10358,3.759303193622159
10359,3.759303193622159
10360,3.759303193622159
10361,3.759303193622159
10362,3.759303193622159
10363,3.759303193622159
10364,3.759303193622159
10365,3.759303193622159
10366,3.759303193622159
10367,3.759303193622159
10368,3.759303193622159
10369,3.759303193622159
10370,3.759303193622159
10371,3.759303193622159
10372,3.759303193622159
10373,3.759303193622159
10374,3.759303193622159
10375,3.759303193622159
10376,3.759303193622159
10377,3.759303193622159
10378,3.759303193622159
10379,3.759303193622159
10380,3.759303193622159
10381,3.759303193622159
10382,3.759303193622159
10383,3.759303193622159
10384,3.759303193622159
10385,3.759303193622159
10386,3.759303193622159
10387,3.759303193622159
10388,3.759303193622159
10389,3.759303193622159
10390,3.759303193622159
10391,3.759303193622159
10392,3.759303193622159
10393,3.759303193622159
10394,3.759303193622159
10395,3.759303193622159
10396,3.759303193622159
10397,3.759303193622159
10398,3.759303193622159
10399,3.759303193622159
10400,3.759303193622159
10401,3.759303193622159
10402,3.759303193622159
10403,3.759303193622159
10404,3.759303193622159
10405,3.759303193622159
10406,3.759303193622159
10407,3.759303193622159
10408,3.759303193622159
10409,3.759303193622159
10410,3.759303193622159
10411,3.759303193622159
10412,3.759303193622159
10413,3.759303193622159
10414,3.759303193622159
10415,3.759303193622159
10416,3.759303193622159
10417,3.759303193622159
10418,3.759303193622159
10419,3.759303193622159
10420,3.759303193622159
10421,3.759303193622159
10422,3.759303193622159
10423,3.759303193622159
10424,3.759303193622159
10425,3.759303193622159
10426,3.759303193622159
10427,3.759303193622159
10428,3.759303193622159
10429,3.759303193622159
10430,3.759303193622159
10431,3.759303193622159
10432,3.759303193622159
10433,3.759303193622159
10434,3.759303193622159
10435,3.759303193622159
10436,3.759303193622159
10437,3.759303193622159
10438,3.759303193622159
10439,3.759303193622159
10440,3.759303193622159
10441,3.759303193622159
10442,3.759303193622159
10443,3.759303193622159
10444,3.759303193622159
10445,3.759303193622159
10446,3.759303193622159
10447,3.759303193622159
10448,3.759303193622159
10449,3.759303193622159
10450,3.759303193622159
10451,3.759303193622159
10452,3.759303193622159
10453,3.759303193622159
10454,3.759303193622159
10455,3.759303193622159
10456,3.759303193622159
10457,3.759303193622159
10458,3.759303193622159
10459,3.759303193622159
10460,3.759303193622159
10461,3.759303193622159
10462,3.759303193622159
10463,3.759303193622159
10464,3.759303193622159
10465,3.759303193622159
10466,3.759303193622159
10467,3.759303193622159
10468,3.759303193622159
10469,3.759303193622159
10470,3.759303193622159
10471,3.759303193622159
10472,3.759303193622159
10473,3.759303193622159
10474,3.759303193622159
10475,3.759303193622159
10476,3.759303193622159
10477,3.759303193622159
10478,3.759303193622159
10479,3.759303193622159
10480,3.759303193622159
10481,3.759303193622159
10482,3.759303193622159
10483,3.759303193622159
10484,3.759303193622159
10485,3.759303193622159
10486,3.759303193622159
10487,3.759303193622159
10488,3.759303193622159
10489,3.759303193622159
10490,3.759303193622159
10491,3.759303193622159
10492,3.759303193622159
10493,3.759303193622159
10494,3.759303193622159
10495,3.759303193622159
10496,3.759303193622159
10497,3.759303193622159
10498,3.759303193622159
10499,3.759303193622159
10500,3.759303193622159
10501,3.759303193622159
10502,3.759303193622159
10503,3.759303193622159
10504,3.759303193622159
10505,3.759303193622159
10506,3.759303193622159
10507,3.759303193622159
10508,3.759303193622159
10509,3.759303193622159
10510,3.759303193622159
10511,3.759303193622159
10512,3.759303193622159
10513,3.759303193622159
10514,3.759303193622159
10515,3.759303193622159
10516,3.759303193622159
10517,3.759303193622159
10518,3.759303193622159
10519,3.759303193622159
10520,3.759303193622159
10521,3.759303193622159
10522,3.759303193622159
10523,3.759303193622159
10524,3.759303193622159
10525,3.759303193622159
10526,3.759303193622159
10527,3.759303193622159
10528,3.759303193622159
10529,3.759303193622159
10530,3.759303193622159
10531,3.759303193622159
10532,3.759303193622159
10533,3.759303193622159
10534,3.759303193622159
10535,3.759303193622159
10536,3.759303193622159
10537,3.759303193622159
10538,3.759303193622159
10539,3.759303193622159
10540,3.759303193622159
10541,3.759303193622159
10542,3.759303193622159
10543,3.759303193622159
10544,3.759303193622159
10545,3.759303193622159
10546,3.759303193622159
10547,3.759303193622159
10548,3.759303193622159
10549,3.759303193622159
10550,3.759303193622159
10551,3.759303193622159
10552,3.759303193622159
10553,3.759303193622159
10554,3.759303193622159
10555,3.759303193622159
10556,3.759303193622159
10557,3.759303193622159
10558,3.759303193622159
10559,3.759303193622159
10560,3.759303193622159
10561,3.759303193622159
10562,3.759303193622159
10563,3.759303193622159
10564,3.759303193622159
10565,3.759303193622159
10566,3.759303193622159
10567,3.759303193622159
10568,3.759303193622159
10569,3.759303193622159
10570,3.759303193622159
10571,3.759303193622159
10572,3.759303193622159
10573,3.759303193622159
10574,3.759303193622159
10575,3.759303193622159
10576,3.759303193622159
10577,3.759303193622159
10578,3.759303193622159
10579,3.759303193622159
10580,3.759303193622159
10581,3.759303193622159
10582,3.759303193622159
10583,3.759303193622159
10584,3.759303193622159
10585,3.759303193622159
10586,3.759303193622159
10587,3.759303193622159
10588,3.759303193622159
10589,3.759303193622159
10590,3.759303193622159
10591,3.759303193622159
10592,3.759303193622159
10593,3.759303193622159
10594,3.759303193622159
10595,3.759303193622159
10596,3.759303193622159
10597,3.759303193622159
10598,3.759303193622159
10599,3.759303193622159
10600,3.759303193622159
10601,3.759303193622159
10602,3.759303193622159
10603,3.759303193622159
10604,3.759303193622159
10605,3.759303193622159
10606,3.759303193622159
10607,3.759303193622159
10608,3.759303193622159
10609,3.759303193622159
10610,3.759303193622159
10611,3.759303193622159
10612,3.759303193622159
10613,3.759303193622159
10614,3.759303193622159
10615,3.759303193622159
10616,3.759303193622159
10617,3.759303193622159
10618,3.759303193622159
10619,3.759303193622159
10620,3.759303193622159
10621,3.759303193622159
10622,3.759303193622159
10623,3.759303193622159
10624,3.759303193622159
10625,3.759303193622159
10626,3.759303193622159
10627,3.759303193622159
10628,3.759303193622159
10629,3.759303193622159
10630,3.759303193622159
10631,3.759303193622159
10632,3.759303193622159
10633,3.759303193622159
10634,3.759303193622159
10635,3.759303193622159
10636,3.759303193622159
10637,3.759303193622159
10638,3.759303193622159
10639,3.759303193622159
10640,3.759303193622159
10641,3.759303193622159
10642,3.759303193622159
10643,3.759303193622159
10644,3.759303193622159
10645,3.759303193622159
10646,3.759303193622159
10647,3.759303193622159
10648,3.759303193622159
10649,3.759303193622159
10650,3.759303193622159
10651,3.759303193622159
10652,3.759303193622159
10653,3.759303193622159
10654,3.759303193622159
10655,3.759303193622159
10656,3.759303193622159
10657,3.759303193622159
10658,3.759303193622159
10659,3.759303193622159
10660,3.759303193622159
10661,3.759303193622159
10662,3.759303193622159
10663,3.759303193622159
10664,3.759303193622159
10665,3.759303193622159
10666,3.759303193622159
10667,3.759303193622159
10668,3.759303193622159
10669,3.759303193622159
10670,3.759303193622159
10671,3.759303193622159
10672,3.759303193622159
10673,3.759303193622159
10674,3.759303193622159
10675,3.759303193622159
10676,3.759303193622159
10677,3.759303193622159
10678,3.759303193622159
10679,3.759303193622159
10680,3.759303193622159
10681,3.759303193622159
10682,3.759303193622159
10683,3.759303193622159
10684,3.759303193622159
10685,3.759303193622159
10686,3.759303193622159
10687,3.759303193622159
10688,3.759303193622159
10689,3.759303193622159
10690,3.759303193622159
10691,3.759303193622159
10692,3.759303193622159
10693,3.759303193622159
10694,3.759303193622159
10695,3.759303193622159
10696,3.759303193622159
10697,3.759303193622159
10698,3.759303193622159
10699,3.759303193622159
10700,3.759303193622159
10701,3.759303193622159
10702,3.759303193622159
10703,3.759303193622159
10704,3.759303193622159
10705,3.759303193622159
10706,3.759303193622159
10707,3.759303193622159
10708,3.759303193622159
10709,3.759303193622159
10710,3.759303193622159
10711,3.759303193622159
10712,3.759303193622159
10713,3.759303193622159
10714,3.759303193622159
10715,3.759303193622159
10716,3.759303193622159
10717,3.759303193622159
10718,3.759303193622159
10719,3.759303193622159
10720,3.759303193622159
10721,3.759303193622159
10722,3.759303193622159
10723,3.759303193622159
10724,3.759303193622159
10725,3.759303193622159
10726,3.759303193622159
10727,3.759303193622159
10728,3.759303193622159
10729,3.759303193622159
10730,3.759303193622159
10731,3.759303193622159
10732,3.759303193622159
10733,3.759303193622159
10734,3.759303193622159
10735,3.759303193622159
10736,3.759303193622159
10737,3.759303193622159
10738,3.759303193622159
10739,3.759303193622159
10740,3.759303193622159
10741,3.759303193622159
10742,3.759303193622159
10743,3.759303193622159
10744,3.759303193622159
10745,3.759303193622159
10746,3.759303193622159
10747,3.759303193622159
10748,3.759303193622159
10749,3.759303193622159
10750,3.759303193622159
10751,3.759303193622159
10752,3.759303193622159
10753,3.759303193622159
10754,3.759303193622159
10755,3.759303193622159
10756,3.759303193622159
10757,3.759303193622159
10758,3.759303193622159
10759,3.759303193622159
10760,3.759303193622159
10761,3.759303193622159
10762,3.759303193622159
10763,3.759303193622159
10764,3.759303193622159
10765,3.759303193622159
10766,3.759303193622159
10767,3.759303193622159
10768,3.759303193622159
10769,3.759303193622159
10770,3.759303193622159
10771,3.759303193622159
10772,3.759303193622159
10773,3.759303193622159
10774,3.759303193622159
10775,3.759303193622159
10776,3.759303193622159
10777,3.759303193622159
10778,3.759303193622159
10779,3.759303193622159
10780,3.759303193622159
10781,3.759303193622159
10782,3.759303193622159
10783,3.759303193622159
10784,3.759303193622159
10785,3.759303193622159
10786,3.759303193622159
10787,3.759303193622159
10788,3.759303193622159
10789,3.759303193622159
10790,3.759303193622159
10791,3.759303193622159
10792,3.759303193622159
10793,3.759303193622159
10794,3.759303193622159
10795,3.759303193622159
10796,3.759303193622159
10797,3.759303193622159
10798,3.759303193622159
10799,3.759303193622159
10800,3.759303193622159
10801,3.759303193622159
10802,3.759303193622159
10803,3.759303193622159
10804,3.759303193622159
10805,3.759303193622159
10806,3.759303193622159
10807,3.759303193622159
10808,3.759303193622159
10809,3.759303193622159
10810,3.759303193622159
10811,3.759303193622159
10812,3.759303193622159
10813,3.759303193622159
10814,3.759303193622159
10815,3.759303193622159
10816,3.759303193622159
10817,3.759303193622159
10818,3.759303193622159
10819,3.759303193622159
10820,3.759303193622159
10821,3.759303193622159
10822,3.759303193622159
10823,3.759303193622159
10824,3.759303193622159
10825,3.759303193622159
10826,3.759303193622159
10827,3.759303193622159
10828,3.759303193622159
10829,3.759303193622159
10830,3.759303193622159
10831,3.759303193622159
10832,3.759303193622159
10833,3.759303193622159
10834,3.759303193622159
10835,3.759303193622159
10836,3.759303193622159
10837,3.759303193622159
10838,3.759303193622159
10839,3.759303193622159
10840,3.759303193622159
10841,3.759303193622159
10842,3.759303193622159
10843,3.759303193622159
10844,3.759303193622159
10845,3.759303193622159
10846,3.759303193622159
10847,3.759303193622159
10848,3.759303193622159
10849,3.759303193622159
10850,3.759303193622159
10851,3.759303193622159
10852,3.759303193622159
10853,3.759303193622159
10854,3.759303193622159
10855,3.759303193622159
10856,3.759303193622159
10857,3.759303193622159
10858,3.759303193622159
10859,3.759303193622159
10860,3.759303193622159
10861,3.759303193622159
10862,3.759303193622159
10863,3.759303193622159
10864,3.759303193622159
10865,3.759303193622159
10866,3.759303193622159
10867,3.759303193622159
10868,3.759303193622159
10869,3.759303193622159
10870,3.759303193622159
10871,3.759303193622159
10872,3.759303193622159
10873,3.759303193622159
10874,3.759303193622159
10875,3.759303193622159
10876,3.759303193622159
10877,3.759303193622159
10878,3.759303193622159
10879,3.759303193622159
10880,3.759303193622159
10881,3.759303193622159
10882,3.759303193622159
10883,3.759303193622159
10884,3.759303193622159
10885,3.759303193622159
10886,3.759303193622159
10887,3.759303193622159
10888,3.759303193622159
10889,3.759303193622159
10890,3.759303193622159
10891,3.759303193622159
10892,3.759303193622159
10893,3.759303193622159
10894,3.759303193622159
10895,3.759303193622159
10896,3.759303193622159
10897,3.759303193622159
10898,3.759303193622159
10899,3.759303193622159
10900,3.759303193622159
10901,3.759303193622159
10902,3.759303193622159
10903,3.759303193622159
10904,3.759303193622159
10905,3.759303193622159
10906,3.759303193622159
10907,3.759303193622159
10908,3.759303193622159
10909,3.759303193622159
10910,3.759303193622159
10911,3.759303193622159
10912,3.759303193622159
10913,3.759303193622159
10914,3.759303193622159
10915,3.759303193622159
10916,3.759303193622159
10917,3.759303193622159
10918,3.759303193622159
10919,3.759303193622159
10920,3.759303193622159
10921,3.759303193622159
10922,3.759303193622159
10923,3.759303193622159
10924,3.759303193622159
10925,3.759303193622159
10926,3.759303193622159
10927,3.759303193622159
10928,3.759303193622159
10929,3.759303193622159
10930,3.759303193622159
10931,3.759303193622159
10932,3.759303193622159
10933,3.759303193622159
10934,3.759303193622159
10935,3.759303193622159
10936,3.759303193622159
10937,3.759303193622159
10938,3.759303193622159
10939,3.759303193622159
10940,3.759303193622159
10941,3.759303193622159
10942,3.759303193622159
10943,3.759303193622159
10944,3.759303193622159
10945,3.759303193622159
10946,3.759303193622159
10947,3.759303193622159
10948,3.759303193622159
10949,3.759303193622159
10950,3.759303193622159
10951,3.759303193622159
10952,3.759303193622159
10953,3.759303193622159
10954,3.759303193622159
10955,3.759303193622159
10956,3.759303193622159
10957,3.759303193622159
10958,3.759303193622159
10959,3.759303193622159
10960,3.759303193622159
10961,3.759303193622159
10962,3.759303193622159
10963,3.759303193622159
10964,3.759303193622159
10965,3.759303193622159
10966,3.759303193622159
10967,3.759303193622159
10968,3.759303193622159
10969,3.759303193622159
10970,3.759303193622159
10971,3.759303193622159
10972,3.759303193622159
10973,3.759303193622159
10974,3.759303193622159
10975,3.759303193622159
10976,3.759303193622159
10977,3.759303193622159
10978,3.759303193622159
10979,3.759303193622159
10980,3.759303193622159
10981,3.759303193622159
10982,3.759303193622159
10983,3.759303193622159
10984,3.759303193622159
10985,3.759303193622159
10986,3.759303193622159
10987,3.759303193622159
10988,3.759303193622159
10989,3.759303193622159
10990,3.759303193622159
10991,3.759303193622159
10992,3.759303193622159
10993,3.759303193622159
10994,3.759303193622159
10995,3.759303193622159
10996,3.759303193622159
10997,3.759303193622159
10998,3.759303193622159
10999,3.759303193622159
11000,3.759303193622159
11001,3.759303193622159
11002,3.759303193622159
11003,3.759303193622159
11004,3.759303193622159
11005,3.759303193622159
11006,3.759303193622159
11007,3.759303193622159
11008,3.759303193622159
11009,3.759303193622159
11010,3.759303193622159
11011,3.759303193622159
11012,3.759303193622159
11013,3.759303193622159
11014,3.759303193622159
11015,3.759303193622159
11016,3.759303193622159
11017,3.759303193622159
11018,3.759303193622159
11019,3.759303193622159
11020,3.759303193622159
11021,3.759303193622159
11022,3.759303193622159
11023,3.759303193622159
11024,3.759303193622159
11025,3.759303193622159
11026,3.759303193622159
11027,3.759303193622159
11028,3.759303193622159
11029,3.759303193622159
11030,3.759303193622159
11031,3.759303193622159
11032,3.759303193622159
11033,3.759303193622159
11034,3.759303193622159
11035,3.759303193622159
11036,3.759303193622159
11037,3.759303193622159
11038,3.759303193622159
11039,3.759303193622159
11040,3.759303193622159
11041,3.759303193622159
11042,3.759303193622159
11043,3.759303193622159
11044,3.759303193622159
11045,3.759303193622159
11046,3.759303193622159
11047,3.759303193622159
11048,3.759303193622159
11049,3.759303193622159
11050,3.759303193622159
11051,3.759303193622159
11052,3.759303193622159
11053,3.759303193622159
11054,3.759303193622159
11055,3.759303193622159
11056,3.759303193622159
11057,3.759303193622159
11058,3.759303193622159
11059,3.759303193622159
11060,3.759303193622159
11061,3.759303193622159
11062,3.759303193622159
11063,3.759303193622159
11064,3.759303193622159
11065,3.759303193622159
11066,3.759303193622159
11067,3.759303193622159
11068,3.759303193622159
11069,3.759303193622159
11070,3.759303193622159
11071,3.759303193622159
11072,3.759303193622159
11073,3.759303193622159
11074,3.759303193622159
11075,3.759303193622159
11076,3.759303193622159
11077,3.759303193622159
11078,3.759303193622159
11079,3.759303193622159
11080,3.759303193622159
11081,3.759303193622159
11082,3.759303193622159
11083,3.759303193622159
11084,3.759303193622159
11085,3.759303193622159
11086,3.759303193622159
11087,3.759303193622159
11088,3.759303193622159
11089,3.759303193622159
11090,3.759303193622159
11091,3.759303193622159
11092,3.759303193622159
11093,3.759303193622159
11094,3.759303193622159
11095,3.759303193622159
11096,3.759303193622159
11097,3.759303193622159
11098,3.759303193622159
11099,3.759303193622159
11100,3.759303193622159
11101,3.759303193622159
11102,3.759303193622159
11103,3.759303193622159
11104,3.759303193622159
11105,3.759303193622159
11106,3.759303193622159
11107,3.759303193622159
11108,3.759303193622159
11109,3.759303193622159
11110,3.759303193622159
11111,3.759303193622159
11112,3.759303193622159
11113,3.759303193622159
11114,3.759303193622159
11115,3.759303193622159
11116,3.759303193622159
11117,3.759303193622159
11118,3.759303193622159
11119,3.759303193622159
11120,3.759303193622159
11121,3.759303193622159
11122,3.759303193622159
11123,3.759303193622159
11124,3.759303193622159
11125,3.759303193622159
11126,3.759303193622159
11127,3.759303193622159
11128,3.759303193622159
11129,3.759303193622159
11130,3.759303193622159
11131,3.759303193622159
11132,3.759303193622159
11133,3.759303193622159
11134,3.759303193622159
11135,3.759303193622159
11136,3.759303193622159
11137,3.759303193622159
11138,3.759303193622159
11139,3.759303193622159
11140,3.759303193622159
11141,3.759303193622159
11142,3.759303193622159
11143,3.759303193622159
11144,3.759303193622159
11145,3.759303193622159
11146,3.759303193622159
11147,3.759303193622159
11148,3.759303193622159
11149,3.759303193622159
11150,3.759303193622159
11151,3.759303193622159
11152,3.759303193622159
11153,3.759303193622159
11154,3.759303193622159
11155,3.759303193622159
11156,3.759303193622159
11157,3.759303193622159
11158,3.759303193622159
11159,3.759303193622159
11160,3.759303193622159
11161,3.759303193622159
11162,3.759303193622159
11163,3.759303193622159
11164,3.759303193622159
11165,3.759303193622159
11166,3.759303193622159
11167,3.759303193622159
11168,3.759303193622159
11169,3.759303193622159
11170,3.759303193622159
11171,3.759303193622159
11172,3.759303193622159
11173,3.759303193622159
11174,3.759303193622159
11175,3.759303193622159
11176,3.759303193622159
11177,3.759303193622159
11178,3.759303193622159
11179,3.759303193622159
11180,3.759303193622159
11181,3.759303193622159
11182,3.759303193622159
11183,3.759303193622159
11184,3.759303193622159
11185,3.759303193622159
11186,3.759303193622159
11187,3.759303193622159
11188,3.759303193622159
11189,3.759303193622159
11190,3.759303193622159
11191,3.759303193622159
11192,3.759303193622159
11193,3.759303193622159
11194,3.759303193622159
11195,3.759303193622159
11196,3.759303193622159
11197,3.759303193622159
11198,3.759303193622159
11199,3.759303193622159
11200,3.759303193622159
11201,3.759303193622159
11202,3.759303193622159
11203,3.759303193622159
11204,3.759303193622159
11205,3.759303193622159
11206,3.759303193622159
11207,3.759303193622159
11208,3.759303193622159
11209,3.759303193622159
11210,3.759303193622159
11211,3.759303193622159
11212,3.759303193622159
11213,3.759303193622159
11214,3.759303193622159
11215,3.759303193622159
11216,3.759303193622159
11217,3.759303193622159
11218,3.759303193622159
11219,3.759303193622159
11220,3.759303193622159
11221,3.759303193622159
11222,3.759303193622159
11223,3.759303193622159
11224,3.759303193622159
11225,3.759303193622159
11226,3.759303193622159
11227,3.759303193622159
11228,3.759303193622159
11229,3.759303193622159
11230,3.759303193622159
11231,3.759303193622159
11232,3.759303193622159
11233,3.759303193622159
11234,3.759303193622159
11235,3.759303193622159
11236,3.759303193622159
11237,3.759303193622159
11238,3.759303193622159
11239,3.759303193622159
11240,3.759303193622159
11241,3.759303193622159
11242,3.759303193622159
11243,3.759303193622159
11244,3.759303193622159
11245,3.759303193622159
11246,3.759303193622159
11247,3.759303193622159
11248,3.759303193622159
11249,3.759303193622159
11250,3.759303193622159
11251,3.759303193622159
11252,3.759303193622159
11253,3.759303193622159
11254,3.759303193622159
11255,3.759303193622159
11256,3.759303193622159
11257,3.759303193622159
11258,3.759303193622159
11259,3.759303193622159
11260,3.759303193622159
11261,3.759303193622159
11262,3.759303193622159
11263,3.759303193622159
11264,3.759303193622159
11265,3.759303193622159
11266,3.759303193622159
11267,3.759303193622159
11268,3.759303193622159
11269,3.759303193622159
11270,3.759303193622159
11271,3.759303193622159
11272,3.759303193622159
11273,3.759303193622159
11274,3.759303193622159
11275,3.759303193622159
11276,3.759303193622159
11277,3.759303193622159
11278,3.759303193622159
11279,3.759303193622159
11280,3.759303193622159
11281,3.759303193622159
11282,3.759303193622159
11283,3.759303193622159
11284,3.759303193622159
11285,3.759303193622159
11286,3.759303193622159
11287,3.759303193622159
11288,3.759303193622159
11289,3.759303193622159
11290,3.759303193622159
11291,3.759303193622159
11292,3.759303193622159
11293,3.759303193622159
11294,3.759303193622159
11295,3.759303193622159
11296,3.759303193622159
11297,3.759303193622159
11298,3.759303193622159
11299,3.759303193622159
11300,3.759303193622159
11301,3.759303193622159
11302,3.759303193622159
11303,3.759303193622159
11304,3.759303193622159
11305,3.759303193622159
11306,3.759303193622159
11307,3.759303193622159
11308,3.759303193622159
11309,3.759303193622159
11310,3.759303193622159
11311,3.759303193622159
11312,3.759303193622159
11313,3.759303193622159
11314,3.759303193622159
11315,3.759303193622159
11316,3.759303193622159
11317,3.759303193622159
11318,3.759303193622159
11319,3.759303193622159
11320,3.759303193622159
11321,3.759303193622159
11322,3.759303193622159
11323,3.759303193622159
11324,3.759303193622159
11325,3.759303193622159
11326,3.759303193622159
11327,3.759303193622159
11328,3.759303193622159
11329,3.759303193622159
11330,3.759303193622159
11331,3.759303193622159
11332,3.759303193622159
11333,3.759303193622159
11334,3.759303193622159
11335,3.759303193622159
11336,3.759303193622159
11337,3.759303193622159
11338,3.759303193622159
11339,3.759303193622159
11340,3.759303193622159
11341,3.759303193622159
11342,3.759303193622159
11343,3.759303193622159
11344,3.759303193622159
11345,3.759303193622159
11346,3.759303193622159
11347,3.759303193622159
11348,3.759303193622159
11349,3.759303193622159
11350,3.759303193622159
11351,3.759303193622159
11352,3.759303193622159
11353,3.759303193622159
11354,3.759303193622159
11355,3.759303193622159
11356,3.759303193622159
11357,3.759303193622159
11358,3.759303193622159
11359,3.759303193622159
11360,3.759303193622159
11361,3.759303193622159
11362,3.759303193622159
11363,3.759303193622159
11364,3.759303193622159
11365,3.759303193622159
11366,3.759303193622159
11367,3.759303193622159
11368,3.759303193622159
11369,3.759303193622159
11370,3.759303193622159
11371,3.759303193622159
11372,3.759303193622159
11373,3.759303193622159
11374,3.759303193622159
11375,3.759303193622159
11376,3.759303193622159
11377,3.759303193622159
11378,3.759303193622159
11379,3.759303193622159
11380,3.759303193622159
11381,3.759303193622159
11382,3.759303193622159
11383,3.759303193622159
11384,3.759303193622159
11385,3.759303193622159
11386,3.759303193622159
11387,3.759303193622159
11388,3.759303193622159
11389,3.759303193622159
11390,3.759303193622159
11391,3.759303193622159
11392,3.759303193622159
11393,3.759303193622159
11394,3.759303193622159
11395,3.759303193622159
11396,3.759303193622159
11397,3.759303193622159
11398,3.759303193622159
11399,3.759303193622159
11400,3.759303193622159
11401,3.759303193622159
11402,3.759303193622159
11403,3.759303193622159
11404,3.759303193622159
11405,3.759303193622159
11406,3.759303193622159
11407,3.759303193622159
11408,3.759303193622159
11409,3.759303193622159
11410,3.759303193622159
11411,3.759303193622159
11412,3.759303193622159
11413,3.759303193622159
11414,3.759303193622159
11415,3.759303193622159
11416,3.759303193622159
11417,3.759303193622159
11418,3.759303193622159
11419,3.759303193622159
11420,3.759303193622159
11421,3.759303193622159
11422,3.759303193622159
11423,3.759303193622159
11424,3.759303193622159
11425,3.759303193622159
11426,3.759303193622159
11427,3.759303193622159
11428,3.759303193622159
11429,3.759303193622159
11430,3.759303193622159
11431,3.759303193622159
11432,3.759303193622159
11433,3.759303193622159
11434,3.759303193622159
11435,3.759303193622159
11436,3.759303193622159
11437,3.759303193622159
11438,3.759303193622159
11439,3.759303193622159
11440,3.759303193622159
11441,3.759303193622159
11442,3.759303193622159
11443,3.759303193622159
11444,3.759303193622159
11445,3.759303193622159
11446,3.759303193622159
11447,3.759303193622159
11448,3.759303193622159
11449,3.759303193622159
11450,3.759303193622159
11451,3.759303193622159
11452,3.759303193622159
11453,3.759303193622159
11454,3.759303193622159
11455,3.759303193622159
11456,3.759303193622159
11457,3.759303193622159
11458,3.759303193622159
11459,3.759303193622159
11460,3.759303193622159
11461,3.759303193622159
11462,3.759303193622159
11463,3.759303193622159
11464,3.759303193622159
11465,3.759303193622159
11466,3.759303193622159
11467,3.759303193622159
11468,3.759303193622159
11469,3.759303193622159
11470,3.759303193622159
11471,3.759303193622159
11472,3.759303193622159
11473,3.759303193622159
11474,3.759303193622159
11475,3.759303193622159
11476,3.759303193622159
11477,3.759303193622159
11478,3.759303193622159
11479,3.759303193622159
11480,3.759303193622159
11481,3.759303193622159
11482,3.759303193622159
11483,3.759303193622159
11484,3.759303193622159
11485,3.759303193622159
11486,3.759303193622159
11487,3.759303193622159
11488,3.759303193622159
11489,3.759303193622159
11490,3.759303193622159
11491,3.759303193622159
11492,3.759303193622159
11493,3.759303193622159
11494,3.759303193622159
11495,3.759303193622159
11496,3.759303193622159
11497,3.759303193622159
11498,3.759303193622159
11499,3.759303193622159
11500,3.759303193622159
11501,3.759303193622159
11502,3.759303193622159
11503,3.759303193622159
11504,3.759303193622159
11505,3.759303193622159
11506,3.759303193622159
11507,3.759303193622159
11508,3.759303193622159
11509,3.759303193622159
11510,3.759303193622159
11511,3.759303193622159
11512,3.759303193622159
11513,3.759303193622159
11514,3.759303193622159
11515,3.759303193622159
11516,3.759303193622159
11517,3.759303193622159
11518,3.759303193622159
11519,3.759303193622159
11520,3.759303193622159
11521,3.759303193622159
11522,3.759303193622159
11523,3.759303193622159
11524,3.759303193622159
11525,3.759303193622159
11526,3.759303193622159
11527,3.759303193622159
11528,3.759303193622159
11529,3.759303193622159
11530,3.759303193622159
11531,3.759303193622159
11532,3.759303193622159
11533,3.759303193622159
11534,3.759303193622159
11535,3.759303193622159
11536,3.759303193622159
11537,3.759303193622159
11538,3.759303193622159
11539,3.759303193622159
11540,3.759303193622159
11541,3.759303193622159
11542,3.759303193622159
11543,3.759303193622159
11544,3.759303193622159
11545,3.759303193622159
11546,3.759303193622159
11547,3.759303193622159
11548,3.759303193622159
11549,3.759303193622159
11550,3.759303193622159
11551,3.759303193622159
11552,3.759303193622159
11553,3.759303193622159
11554,3.759303193622159
11555,3.759303193622159
11556,3.759303193622159
11557,3.759303193622159
11558,3.759303193622159
11559,3.759303193622159
11560,3.759303193622159
11561,3.759303193622159
11562,3.759303193622159
11563,3.759303193622159
11564,3.759303193622159
11565,3.759303193622159
11566,3.759303193622159
11567,3.759303193622159
11568,3.759303193622159
11569,3.759303193622159
11570,3.759303193622159
11571,3.759303193622159
11572,3.759303193622159
11573,3.759303193622159
11574,3.759303193622159
11575,3.759303193622159
11576,3.759303193622159
11577,3.759303193622159
11578,3.759303193622159
11579,3.759303193622159
11580,3.759303193622159
11581,3.759303193622159
11582,3.759303193622159
11583,3.759303193622159
11584,3.759303193622159
11585,3.759303193622159
11586,3.759303193622159
11587,3.759303193622159
11588,3.759303193622159
11589,3.759303193622159
11590,3.759303193622159
11591,3.759303193622159
11592,3.759303193622159
11593,3.759303193622159
11594,3.759303193622159
11595,3.759303193622159
11596,3.759303193622159
11597,3.759303193622159
11598,3.759303193622159
11599,3.759303193622159
11600,3.759303193622159
11601,3.759303193622159
11602,3.759303193622159
11603,3.759303193622159
11604,3.759303193622159
11605,3.759303193622159
11606,3.759303193622159
11607,3.759303193622159
11608,3.759303193622159
11609,3.759303193622159
11610,3.759303193622159
11611,3.759303193622159
11612,3.759303193622159
11613,3.759303193622159
11614,3.759303193622159
11615,3.759303193622159
11616,3.759303193622159
11617,3.759303193622159
11618,3.759303193622159
11619,3.759303193622159
11620,3.759303193622159
11621,3.759303193622159
11622,3.759303193622159
11623,3.759303193622159
11624,3.759303193622159
11625,3.759303193622159
11626,3.759303193622159
11627,3.759303193622159
11628,3.759303193622159
11629,3.759303193622159
11630,3.759303193622159
11631,3.759303193622159
11632,3.759303193622159
11633,3.759303193622159
11634,3.759303193622159
11635,3.759303193622159
11636,3.759303193622159
11637,3.759303193622159
11638,3.759303193622159
11639,3.759303193622159
11640,3.759303193622159
11641,3.759303193622159
11642,3.759303193622159
11643,3.759303193622159
11644,3.759303193622159
11645,3.759303193622159
11646,3.759303193622159
11647,3.759303193622159
11648,3.759303193622159
11649,3.759303193622159
11650,3.759303193622159
11651,3.759303193622159
11652,3.759303193622159
11653,3.759303193622159
11654,3.759303193622159
11655,3.759303193622159
11656,3.759303193622159
11657,3.759303193622159
11658,3.759303193622159
11659,3.759303193622159
11660,3.759303193622159
11661,3.759303193622159
11662,3.759303193622159
11663,3.759303193622159
11664,3.759303193622159
11665,3.759303193622159
11666,3.759303193622159
11667,3.759303193622159
11668,3.759303193622159
11669,3.759303193622159
11670,3.759303193622159
11671,3.759303193622159
11672,3.759303193622159
11673,3.759303193622159
11674,3.759303193622159
11675,3.759303193622159
11676,3.759303193622159
11677,3.759303193622159
11678,3.759303193622159
11679,3.759303193622159
11680,3.759303193622159
11681,3.759303193622159
11682,3.759303193622159
11683,3.759303193622159
11684,3.759303193622159
11685,3.759303193622159
11686,3.759303193622159
11687,3.759303193622159
11688,3.759303193622159
11689,3.759303193622159
11690,3.759303193622159
11691,3.759303193622159
11692,3.759303193622159
11693,3.759303193622159
11694,3.759303193622159
11695,3.759303193622159
11696,3.759303193622159
11697,3.759303193622159
11698,3.759303193622159
11699,3.759303193622159
11700,3.759303193622159
11701,3.759303193622159
11702,3.759303193622159
11703,3.759303193622159
11704,3.759303193622159
11705,3.759303193622159
11706,3.759303193622159
11707,3.759303193622159
11708,3.759303193622159
11709,3.759303193622159
11710,3.759303193622159
11711,3.759303193622159
11712,3.759303193622159
11713,3.759303193622159
11714,3.759303193622159
11715,3.759303193622159
11716,3.759303193622159
11717,3.759303193622159
11718,3.759303193622159
11719,3.759303193622159
11720,3.759303193622159
11721,3.759303193622159
11722,3.759303193622159
11723,3.759303193622159
11724,3.759303193622159
11725,3.759303193622159
11726,3.759303193622159
11727,3.759303193622159
11728,3.759303193622159
11729,3.759303193622159
11730,3.759303193622159
11731,3.759303193622159
11732,3.759303193622159
11733,3.759303193622159
11734,3.759303193622159
11735,3.759303193622159
11736,3.759303193622159
11737,3.759303193622159
11738,3.759303193622159
11739,3.759303193622159
11740,3.759303193622159
11741,3.759303193622159
11742,3.759303193622159
11743,3.759303193622159
11744,3.759303193622159
11745,3.759303193622159
11746,3.759303193622159
11747,3.759303193622159
11748,3.759303193622159
11749,3.759303193622159
11750,3.759303193622159
11751,3.759303193622159
11752,3.759303193622159
11753,3.759303193622159
11754,3.759303193622159
11755,3.759303193622159
11756,3.759303193622159
11757,3.759303193622159
11758,3.759303193622159
11759,3.759303193622159
11760,3.759303193622159
11761,3.759303193622159
11762,3.759303193622159
11763,3.759303193622159
11764,3.759303193622159
11765,3.759303193622159
11766,3.759303193622159
11767,3.759303193622159
11768,3.759303193622159
11769,3.759303193622159
11770,3.759303193622159
11771,3.759303193622159
11772,3.759303193622159
11773,3.759303193622159
11774,3.759303193622159
11775,3.759303193622159
11776,3.759303193622159
11777,3.759303193622159
11778,3.759303193622159
11779,3.759303193622159
11780,3.759303193622159
11781,3.759303193622159
11782,3.759303193622159
11783,3.759303193622159
11784,3.759303193622159
11785,3.759303193622159
11786,3.759303193622159
11787,3.759303193622159
11788,3.759303193622159
11789,3.759303193622159
11790,3.759303193622159
11791,3.759303193622159
11792,3.759303193622159
11793,3.759303193622159
11794,3.759303193622159
11795,3.759303193622159
11796,3.759303193622159
11797,3.759303193622159
11798,3.759303193622159
11799,3.759303193622159
11800,3.759303193622159
11801,3.759303193622159
11802,3.759303193622159
11803,3.759303193622159
11804,3.759303193622159
11805,3.759303193622159
11806,3.759303193622159
11807,3.759303193622159
11808,3.759303193622159
11809,3.759303193622159
11810,3.759303193622159
11811,3.759303193622159
11812,3.759303193622159
11813,3.759303193622159
11814,3.759303193622159
11815,3.759303193622159
11816,3.759303193622159
11817,3.759303193622159
11818,3.759303193622159
11819,3.759303193622159
11820,3.759303193622159
11821,3.759303193622159
11822,3.759303193622159
11823,3.759303193622159
11824,3.759303193622159
11825,3.759303193622159
11826,3.759303193622159
11827,3.759303193622159
11828,3.759303193622159
11829,3.759303193622159
11830,3.759303193622159
11831,3.759303193622159
11832,3.759303193622159
11833,3.759303193622159
11834,3.759303193622159
11835,3.759303193622159
11836,3.759303193622159
11837,3.759303193622159
11838,3.759303193622159
11839,3.759303193622159
11840,3.759303193622159
11841,3.759303193622159
11842,3.759303193622159
11843,3.759303193622159
11844,3.759303193622159
11845,3.759303193622159
11846,3.759303193622159
11847,3.759303193622159
11848,3.759303193622159
11849,3.759303193622159
11850,3.759303193622159
11851,3.759303193622159
11852,3.759303193622159
11853,3.759303193622159
11854,3.759303193622159
11855,3.759303193622159
11856,3.759303193622159
11857,3.759303193622159
11858,3.759303193622159
11859,3.759303193622159
11860,3.759303193622159
11861,3.759303193622159
11862,3.759303193622159
11863,3.759303193622159
11864,3.759303193622159
11865,3.759303193622159
11866,3.759303193622159
11867,3.759303193622159
11868,3.759303193622159
11869,3.759303193622159
11870,3.759303193622159
11871,3.759303193622159
11872,3.759303193622159
11873,3.759303193622159
11874,3.759303193622159
11875,3.759303193622159
11876,3.759303193622159
11877,3.759303193622159
11878,3.759303193622159
11879,3.759303193622159
11880,3.759303193622159
11881,3.759303193622159
11882,3.759303193622159
11883,3.759303193622159
11884,3.759303193622159
11885,3.759303193622159
11886,3.759303193622159
11887,3.759303193622159
11888,3.759303193622159
11889,3.759303193622159
11890,3.759303193622159
11891,3.759303193622159
11892,3.759303193622159
11893,3.759303193622159
11894,3.759303193622159
11895,3.759303193622159
11896,3.759303193622159
11897,3.759303193622159
11898,3.759303193622159
11899,3.759303193622159
11900,3.759303193622159
11901,3.759303193622159
11902,3.759303193622159
11903,3.759303193622159
11904,3.759303193622159
11905,3.759303193622159
11906,3.759303193622159
11907,3.759303193622159
11908,3.759303193622159
11909,3.759303193622159
11910,3.759303193622159
11911,3.759303193622159
11912,3.759303193622159
11913,3.759303193622159
11914,3.759303193622159
11915,3.759303193622159
11916,3.759303193622159
11917,3.759303193622159
11918,3.759303193622159
11919,3.759303193622159
11920,3.759303193622159
11921,3.759303193622159
11922,3.759303193622159
11923,3.759303193622159
11924,3.759303193622159
11925,3.759303193622159
11926,3.759303193622159
11927,3.759303193622159
11928,3.759303193622159
11929,3.759303193622159
11930,3.759303193622159
11931,3.759303193622159
11932,3.759303193622159
11933,3.759303193622159
11934,3.759303193622159
11935,3.759303193622159
11936,3.759303193622159
11937,3.759303193622159
11938,3.759303193622159
11939,3.759303193622159
11940,3.759303193622159
11941,3.759303193622159
11942,3.759303193622159
11943,3.759303193622159
11944,3.759303193622159
11945,3.759303193622159
11946,3.759303193622159
11947,3.759303193622159
11948,3.759303193622159
11949,3.759303193622159
11950,3.759303193622159
11951,3.759303193622159
11952,3.759303193622159
11953,3.759303193622159
11954,3.759303193622159
11955,3.759303193622159
11956,3.759303193622159
11957,3.759303193622159
11958,3.759303193622159
11959,3.759303193622159
11960,3.759303193622159
11961,3.759303193622159
11962,3.759303193622159
11963,3.759303193622159
11964,3.759303193622159
11965,3.759303193622159
11966,3.759303193622159
11967,3.759303193622159
11968,3.759303193622159
11969,3.759303193622159
11970,3.759303193622159
11971,3.759303193622159
11972,3.759303193622159
11973,3.759303193622159
11974,3.759303193622159
11975,3.759303193622159
11976,3.759303193622159
11977,3.759303193622159
11978,3.759303193622159
11979,3.759303193622159
11980,3.759303193622159
11981,3.759303193622159
11982,3.759303193622159
11983,3.759303193622159
11984,3.759303193622159
11985,3.759303193622159
11986,3.759303193622159
11987,3.759303193622159
11988,3.759303193622159
11989,3.759303193622159
11990,3.759303193622159
11991,3.759303193622159
11992,3.759303193622159
11993,3.759303193622159
11994,3.759303193622159
11995,3.759303193622159
11996,3.759303193622159
11997,3.759303193622159
11998,3.759303193622159
11999,3.759303193622159
12000,3.759303193622159
12001,3.759303193622159
12002,3.759303193622159
12003,3.759303193622159
12004,3.759303193622159
12005,3.759303193622159
12006,3.759303193622159
12007,3.759303193622159
12008,3.759303193622159
12009,3.759303193622159
12010,3.759303193622159
12011,3.759303193622159
12012,3.759303193622159
12013,3.759303193622159
12014,3.759303193622159
12015,3.759303193622159
12016,3.759303193622159
12017,3.759303193622159
12018,3.759303193622159
12019,3.759303193622159
12020,3.759303193622159
12021,3.759303193622159
12022,3.759303193622159
12023,3.759303193622159
12024,3.759303193622159
12025,3.759303193622159
12026,3.759303193622159
12027,3.759303193622159
12028,3.759303193622159
12029,3.759303193622159
12030,3.759303193622159
12031,3.759303193622159
12032,3.759303193622159
12033,3.759303193622159
12034,3.759303193622159
12035,3.759303193622159
12036,3.759303193622159
12037,3.759303193622159
12038,3.759303193622159
12039,3.759303193622159
12040,3.759303193622159
12041,3.759303193622159
12042,3.759303193622159
12043,3.759303193622159
12044,3.759303193622159
12045,3.759303193622159
12046,3.759303193622159
12047,3.759303193622159
12048,3.759303193622159
12049,3.759303193622159
12050,3.759303193622159
12051,3.759303193622159
12052,3.759303193622159
12053,3.759303193622159
12054,3.759303193622159
12055,3.759303193622159
12056,3.759303193622159
12057,3.759303193622159
12058,3.759303193622159
12059,3.759303193622159
12060,3.759303193622159
12061,3.759303193622159
12062,3.759303193622159
12063,3.759303193622159
12064,3.759303193622159
12065,3.759303193622159
12066,3.759303193622159
12067,3.759303193622159
12068,3.759303193622159
12069,3.759303193622159
12070,3.759303193622159
12071,3.759303193622159
12072,3.759303193622159
12073,3.759303193622159
12074,3.759303193622159
12075,3.759303193622159
12076,3.759303193622159
12077,3.759303193622159
12078,3.759303193622159
12079,3.759303193622159
12080,3.759303193622159
12081,3.759303193622159
12082,3.759303193622159
12083,3.759303193622159
12084,3.759303193622159
12085,3.759303193622159
12086,3.759303193622159
12087,3.759303193622159
12088,3.759303193622159
12089,3.759303193622159
12090,3.759303193622159
12091,3.759303193622159
12092,3.759303193622159
12093,3.759303193622159
12094,3.759303193622159
12095,3.759303193622159
12096,3.759303193622159
12097,3.759303193622159
12098,3.759303193622159
12099,3.759303193622159
12100,3.759303193622159
12101,3.759303193622159
12102,3.759303193622159
12103,3.759303193622159
12104,3.759303193622159
12105,3.759303193622159
12106,3.759303193622159
12107,3.759303193622159
12108,3.759303193622159
12109,3.759303193622159
12110,3.759303193622159
12111,3.759303193622159
12112,3.759303193622159
12113,3.759303193622159
12114,3.759303193622159
12115,3.759303193622159
12116,3.759303193622159
12117,3.759303193622159
12118,3.759303193622159
12119,3.759303193622159
12120,3.759303193622159
12121,3.759303193622159
12122,3.759303193622159
12123,3.759303193622159
12124,3.759303193622159
12125,3.759303193622159
12126,3.759303193622159
12127,3.759303193622159
12128,3.759303193622159
12129,3.759303193622159
12130,3.759303193622159
12131,3.759303193622159
12132,3.759303193622159
12133,3.759303193622159
12134,3.759303193622159
12135,3.759303193622159
12136,3.759303193622159
12137,3.759303193622159
12138,3.759303193622159
12139,3.759303193622159
12140,3.759303193622159
12141,3.759303193622159
12142,3.759303193622159
12143,3.759303193622159
12144,3.759303193622159
12145,3.759303193622159
12146,3.759303193622159
12147,3.759303193622159
12148,3.759303193622159
12149,3.759303193622159
12150,3.759303193622159
12151,3.759303193622159
12152,3.759303193622159
12153,3.759303193622159
12154,3.759303193622159
12155,3.759303193622159
12156,3.759303193622159
12157,3.759303193622159
12158,3.759303193622159
12159,3.759303193622159
12160,3.759303193622159
12161,3.759303193622159
12162,3.759303193622159
12163,3.759303193622159
12164,3.759303193622159
12165,3.759303193622159
12166,3.759303193622159
12167,3.759303193622159
12168,3.759303193622159
12169,3.759303193622159
12170,3.759303193622159
12171,3.759303193622159
12172,3.759303193622159
12173,3.759303193622159
12174,3.759303193622159
12175,3.759303193622159
12176,3.759303193622159
12177,3.759303193622159
12178,3.759303193622159
12179,3.759303193622159
12180,3.759303193622159
12181,3.759303193622159
12182,3.759303193622159
12183,3.759303193622159
12184,3.759303193622159
12185,3.759303193622159
12186,3.759303193622159
12187,3.759303193622159
12188,3.759303193622159
12189,3.759303193622159
12190,3.759303193622159
12191,3.759303193622159
12192,3.759303193622159
12193,3.759303193622159
12194,3.759303193622159
12195,3.759303193622159
12196,3.759303193622159
12197,3.759303193622159
12198,3.759303193622159
12199,3.759303193622159
12200,3.759303193622159
12201,3.759303193622159
12202,3.759303193622159
12203,3.759303193622159
12204,3.759303193622159
12205,3.759303193622159
12206,3.759303193622159
12207,3.759303193622159
12208,3.759303193622159
12209,3.759303193622159
12210,3.759303193622159
12211,3.759303193622159
12212,3.759303193622159
12213,3.759303193622159
12214,3.759303193622159
12215,3.759303193622159
12216,3.759303193622159
12217,3.759303193622159
12218,3.759303193622159
12219,3.759303193622159
12220,3.759303193622159
12221,3.759303193622159
12222,3.759303193622159
12223,3.759303193622159
12224,3.759303193622159
12225,3.759303193622159
12226,3.759303193622159
12227,3.759303193622159
12228,3.759303193622159
12229,3.759303193622159
12230,3.759303193622159
12231,3.759303193622159
12232,3.759303193622159
12233,3.759303193622159
12234,3.759303193622159
12235,3.759303193622159
12236,3.759303193622159
12237,3.759303193622159
12238,3.759303193622159
12239,3.759303193622159
12240,3.759303193622159
12241,3.759303193622159
12242,3.759303193622159
12243,3.759303193622159
12244,3.759303193622159
12245,3.759303193622159
12246,3.759303193622159
12247,3.759303193622159
12248,3.759303193622159
12249,3.759303193622159
12250,3.759303193622159
12251,3.759303193622159
12252,3.759303193622159
12253,3.759303193622159
12254,3.759303193622159
12255,3.759303193622159
12256,3.759303193622159
12257,3.759303193622159
12258,3.759303193622159
12259,3.759303193622159
12260,3.759303193622159
12261,3.759303193622159
12262,3.759303193622159
12263,3.759303193622159
12264,3.759303193622159
12265,3.759303193622159
12266,3.759303193622159
12267,3.759303193622159
12268,3.759303193622159
12269,3.759303193622159
12270,3.759303193622159
12271,3.759303193622159
12272,3.759303193622159
12273,3.759303193622159
12274,3.759303193622159
12275,3.759303193622159
12276,3.759303193622159
12277,3.759303193622159
12278,3.759303193622159
12279,3.759303193622159
12280,3.759303193622159
12281,3.759303193622159
12282,3.759303193622159
12283,3.759303193622159
12284,3.759303193622159
12285,3.759303193622159
12286,3.759303193622159
12287,3.759303193622159
12288,3.759303193622159
12289,3.759303193622159
12290,3.759303193622159
12291,3.759303193622159
12292,3.759303193622159
12293,3.759303193622159
12294,3.759303193622159
12295,3.759303193622159
12296,3.759303193622159
12297,3.759303193622159
12298,3.759303193622159
12299,3.759303193622159
12300,3.759303193622159
12301,3.759303193622159
12302,3.759303193622159
12303,3.759303193622159
12304,3.759303193622159
12305,3.759303193622159
12306,3.759303193622159
12307,3.759303193622159
12308,3.759303193622159
12309,3.759303193622159
12310,3.759303193622159
12311,3.759303193622159
12312,3.759303193622159
12313,3.759303193622159
12314,3.759303193622159
12315,3.759303193622159
12316,3.759303193622159
12317,3.759303193622159
12318,3.759303193622159
12319,3.759303193622159
12320,3.759303193622159
12321,3.759303193622159
12322,3.759303193622159
12323,3.759303193622159
12324,3.759303193622159
12325,3.759303193622159
12326,3.759303193622159
12327,3.759303193622159
12328,3.759303193622159
12329,3.759303193622159
12330,3.759303193622159
12331,3.759303193622159
12332,3.759303193622159
12333,3.759303193622159
12334,3.759303193622159
12335,3.759303193622159
12336,3.759303193622159
12337,3.759303193622159
12338,3.759303193622159
12339,3.759303193622159
12340,3.759303193622159
12341,3.759303193622159
12342,3.759303193622159
12343,3.759303193622159
12344,3.759303193622159
12345,3.759303193622159
12346,3.759303193622159
12347,3.759303193622159
12348,3.759303193622159
12349,3.759303193622159
12350,3.759303193622159
12351,3.759303193622159
12352,3.759303193622159
12353,3.759303193622159
12354,3.759303193622159
12355,3.759303193622159
12356,3.759303193622159
12357,3.759303193622159
12358,3.759303193622159
12359,3.759303193622159
12360,3.759303193622159
12361,3.759303193622159
12362,3.759303193622159
12363,3.759303193622159
12364,3.759303193622159
12365,3.759303193622159
12366,3.759303193622159
12367,3.759303193622159
12368,3.759303193622159
12369,3.759303193622159
12370,3.759303193622159
12371,3.759303193622159
12372,3.759303193622159
12373,3.759303193622159
12374,3.759303193622159
12375,3.759303193622159
12376,3.759303193622159
12377,3.759303193622159
12378,3.759303193622159
12379,3.759303193622159
12380,3.759303193622159
12381,3.759303193622159
12382,3.759303193622159
12383,3.759303193622159
12384,3.759303193622159
12385,3.759303193622159
12386,3.759303193622159
12387,3.759303193622159
12388,3.759303193622159
12389,3.759303193622159
12390,3.759303193622159
12391,3.759303193622159
12392,3.759303193622159
12393,3.759303193622159
12394,3.759303193622159
12395,3.759303193622159
12396,3.759303193622159
12397,3.759303193622159
12398,3.759303193622159
12399,3.759303193622159
12400,3.759303193622159
12401,3.759303193622159
12402,3.759303193622159
12403,3.759303193622159
12404,3.759303193622159
12405,3.759303193622159
12406,3.759303193622159
12407,3.759303193622159
12408,3.759303193622159
12409,3.759303193622159
12410,3.759303193622159
12411,3.759303193622159
12412,3.759303193622159
12413,3.759303193622159
12414,3.759303193622159
12415,3.759303193622159
12416,3.759303193622159
12417,3.759303193622159
12418,3.759303193622159
12419,3.759303193622159
12420,3.759303193622159
12421,3.759303193622159
12422,3.759303193622159
12423,3.759303193622159
12424,3.759303193622159
12425,3.759303193622159
12426,3.759303193622159
12427,3.759303193622159
12428,3.759303193622159
12429,3.759303193622159
12430,3.759303193622159
12431,3.759303193622159
12432,3.759303193622159
12433,3.759303193622159
12434,3.759303193622159
12435,3.759303193622159
12436,3.759303193622159
12437,3.759303193622159
12438,3.759303193622159
12439,3.759303193622159
12440,3.759303193622159
12441,3.759303193622159
12442,3.759303193622159
12443,3.759303193622159
12444,3.759303193622159
12445,3.759303193622159
12446,3.759303193622159
12447,3.759303193622159
12448,3.759303193622159
12449,3.759303193622159
12450,3.759303193622159
12451,3.759303193622159
12452,3.759303193622159
12453,3.759303193622159
12454,3.759303193622159
12455,3.759303193622159
12456,3.759303193622159
12457,3.759303193622159
12458,3.759303193622159
12459,3.759303193622159
12460,3.759303193622159
12461,3.759303193622159
12462,3.759303193622159
12463,3.759303193622159
12464,3.759303193622159
12465,3.759303193622159
12466,3.759303193622159
12467,3.759303193622159
12468,3.759303193622159
12469,3.759303193622159
12470,3.759303193622159
12471,3.759303193622159
12472,3.759303193622159
12473,3.759303193622159
12474,3.759303193622159
12475,3.759303193622159
12476,3.759303193622159
12477,3.759303193622159
12478,3.759303193622159
12479,3.759303193622159
12480,3.759303193622159
12481,3.759303193622159
12482,3.759303193622159
12483,3.759303193622159
12484,3.759303193622159
12485,3.759303193622159
12486,3.759303193622159
12487,3.759303193622159
12488,3.759303193622159
12489,3.759303193622159
12490,3.759303193622159
12491,3.759303193622159
12492,3.759303193622159
12493,3.759303193622159
12494,3.759303193622159
12495,3.759303193622159
12496,3.759303193622159
12497,3.759303193622159
12498,3.759303193622159
12499,3.759303193622159
12500,3.759303193622159
12501,3.759303193622159
12502,3.759303193622159
12503,3.759303193622159
12504,3.759303193622159
12505,3.759303193622159
12506,3.759303193622159
12507,3.759303193622159
12508,3.759303193622159
12509,3.759303193622159
12510,3.759303193622159
12511,3.759303193622159
12512,3.759303193622159
12513,3.759303193622159
12514,3.759303193622159
12515,3.759303193622159
12516,3.759303193622159
12517,3.759303193622159
12518,3.759303193622159
12519,3.759303193622159
12520,3.759303193622159
12521,3.759303193622159
12522,3.759303193622159
12523,3.759303193622159
12524,3.759303193622159
12525,3.759303193622159
12526,3.759303193622159
12527,3.759303193622159
12528,3.759303193622159
12529,3.759303193622159
12530,3.759303193622159
12531,3.759303193622159
12532,3.759303193622159
12533,3.759303193622159
12534,3.759303193622159
12535,3.759303193622159
12536,3.759303193622159
12537,3.759303193622159
12538,3.759303193622159
12539,3.759303193622159
12540,3.759303193622159
12541,3.759303193622159
12542,3.759303193622159
12543,3.759303193622159
12544,3.759303193622159
12545,3.759303193622159
12546,3.759303193622159
12547,3.759303193622159
12548,3.759303193622159
12549,3.759303193622159
12550,3.759303193622159
12551,3.759303193622159
12552,3.759303193622159
12553,3.759303193622159
12554,3.759303193622159
12555,3.759303193622159
12556,3.759303193622159
12557,3.759303193622159
12558,3.759303193622159
12559,3.759303193622159
12560,3.759303193622159
12561,3.759303193622159
12562,3.759303193622159
12563,3.759303193622159
12564,3.759303193622159
12565,3.759303193622159
12566,3.759303193622159
12567,3.759303193622159
12568,3.759303193622159
12569,3.759303193622159
12570,3.759303193622159
12571,3.759303193622159
12572,3.759303193622159
12573,3.759303193622159
12574,3.759303193622159
12575,3.759303193622159
12576,3.759303193622159
12577,3.759303193622159
12578,3.759303193622159
12579,3.759303193622159
12580,3.759303193622159
12581,3.759303193622159
12582,3.759303193622159
12583,3.759303193622159
12584,3.759303193622159
12585,3.759303193622159
12586,3.759303193622159
12587,3.759303193622159
12588,3.759303193622159
12589,3.759303193622159
12590,-7.056385913616806
12591,-7.056385913616806
12592,-7.056385913616806
12593,-7.056385913616806
12594,-7.056385913616806
12595,-7.056385913616806
12596,-7.056385913616806
12597,-7.056385913616806
12598,-7.056385913616806
12599,-7.056385913616806
12600,-7.056385913616806
12601,-7.056385913616806
12602,-7.056385913616806
12603,-7.056385913616806
12604,-7.056385913616806
12605,-7.056385913616806
12606,-7.056385913616806
12607,-7.056385913616806
12608,-7.056385913616806
12609,-7.056385913616806
12610,-7.056385913616806
12611,-7.056385913616806
12612,-7.056385913616806
12613,-7.056385913616806
12614,-7.056385913616806
12615,-7.056385913616806
12616,-7.056385913616806
12617,-7.056385913616806
12618,-7.056385913616806
12619,-7.056385913616806
12620,-7.056385913616806
12621,-7.056385913616806
12622,-7.056385913616806
12623,-7.056385913616806
12624,-7.056385913616806
12625,-7.056385913616806
12626,-7.056385913616806
12627,-7.056385913616806
12628,-7.056385913616806
12629,-7.056385913616806
12630,-7.056385913616806
12631,-7.056385913616806
12632,-7.056385913616806
12633,-7.056385913616806
12634,-7.056385913616806
12635,-7.056385913616806
12636,-7.056385913616806
12637,-7.056385913616806
12638,-7.056385913616806
12639,-7.056385913616806
12640,-7.056385913616806
12641,-7.056385913616806
12642,-7.056385913616806
12643,-7.056385913616806
12644,-7.056385913616806
12645,-7.056385913616806
12646,-7.056385913616806
12647,-7.056385913616806
12648,-7.056385913616806
12649,-7.056385913616806
12650,-7.056385913616806
12651,-7.056385913616806
12652,-7.056385913616806
12653,-7.056385913616806
12654,-7.056385913616806
12655,-7.056385913616806
12656,-7.056385913616806
12657,-7.056385913616806
12658,-7.056385913616806
12659,-7.056385913616806
12660,-7.056385913616806
12661,-7.056385913616806
12662,-7.056385913616806
12663,-7.056385913616806
12664,-7.056385913616806
12665,-7.056385913616806
12666,-7.056385913616806
12667,-7.056385913616806
12668,-7.056385913616806
12669,-7.056385913616806
12670,-7.056385913616806
12671,-7.056385913616806
12672,-7.056385913616806
12673,-7.056385913616806
12674,-7.056385913616806
12675,-7.056385913616806
12676,-7.056385913616806
12677,-7.056385913616806
12678,-7.056385913616806
12679,-7.056385913616806
12680,-7.056385913616806
12681,-7.056385913616806
12682,-7.056385913616806
12683,-7.056385913616806
12684,-7.056385913616806
12685,-7.056385913616806
12686,-7.056385913616806
12687,-7.056385913616806
12688,-7.056385913616806
12689,-7.056385913616806
12690,-7.056385913616806
12691,-7.056385913616806
12692,-7.056385913616806
12693,-7.056385913616806
12694,-7.056385913616806
12695,-7.056385913616806
12696,-7.056385913616806
12697,-7.056385913616806
12698,-7.056385913616806
12699,-7.056385913616806
12700,-7.056385913616806
12701,-7.056385913616806
12702,-7.056385913616806
12703,-7.056385913616806
12704,-7.056385913616806
12705,-7.056385913616806
12706,-7.056385913616806
12707,-7.056385913616806
12708,-7.056385913616806
12709,-7.056385913616806
12710,-7.056385913616806
12711,-7.056385913616806
12712,-7.056385913616806
12713,-7.056385913616806
12714,-7.056385913616806
12715,-7.056385913616806
12716,-7.056385913616806
12717,-7.056385913616806
12718,-7.056385913616806
12719,-7.056385913616806
12720,-7.056385913616806
12721,-7.056385913616806
12722,-7.056385913616806
12723,-7.056385913616806
12724,-7.056385913616806
12725,-7.056385913616806
12726,-7.056385913616806
12727,-7.056385913616806
12728,-7.056385913616806
12729,-7.056385913616806
12730,-7.056385913616806
12731,-7.056385913616806
12732,-7.056385913616806
12733,-7.056385913616806
12734,-7.056385913616806
12735,-7.056385913616806
12736,-7.056385913616806
12737,-7.056385913616806
12738,-7.056385913616806
12739,-7.056385913616806
12740,-7.056385913616806
12741,-7.056385913616806
12742,-7.056385913616806
12743,-7.056385913616806
12744,-7.056385913616806
12745,-7.056385913616806
12746,-7.056385913616806
12747,-7.056385913616806
12748,-7.056385913616806
12749,-7.056385913616806
12750,-7.056385913616806
12751,-7.056385913616806
12752,-7.056385913616806
12753,-7.056385913616806
12754,-7.056385913616806
12755,-7.056385913616806
12756,-7.056385913616806
12757,-7.056385913616806
12758,-7.056385913616806
12759,-7.056385913616806
12760,-7.056385913616806
12761,-7.056385913616806
12762,-7.056385913616806
12763,-7.056385913616806
12764,-7.056385913616806
12765,-7.056385913616806
12766,-7.056385913616806
12767,-7.056385913616806
12768,-7.056385913616806
12769,-7.056385913616806
12770,-7.056385913616806
12771,-7.056385913616806
12772,-7.056385913616806
12773,-7.056385913616806
12774,-7.056385913616806
12775,-7.056385913616806
12776,-7.056385913616806
12777,-7.056385913616806
12778,-7.056385913616806
12779,-7.056385913616806
12780,-7.056385913616806
12781,-7.056385913616806
12782,-7.056385913616806
12783,-7.056385913616806
12784,-7.056385913616806
12785,-7.056385913616806
12786,-7.056385913616806
12787,-7.056385913616806
12788,-7.056385913616806
12789,-7.056385913616806
12790,-7.056385913616806
12791,-7.056385913616806
12792,-7.056385913616806
12793,-7.056385913616806
12794,-7.056385913616806
12795,-7.056385913616806
12796,-7.056385913616806
12797,-7.056385913616806
12798,-7.056385913616806
12799,-7.056385913616806
12800,-7.056385913616806
12801,-7.056385913616806
12802,-7.056385913616806
12803,-7.056385913616806
12804,-7.056385913616806
12805,-7.056385913616806
12806,-7.056385913616806
12807,-7.056385913616806
12808,-7.056385913616806
12809,-7.056385913616806
12810,-7.056385913616806
12811,-7.056385913616806
12812,-7.056385913616806
12813,-7.056385913616806
12814,-7.056385913616806
12815,-7.056385913616806
12816,-7.056385913616806
12817,-7.056385913616806
12818,-7.056385913616806
12819,-7.056385913616806
12820,-7.056385913616806
12821,-7.056385913616806
12822,-7.056385913616806
12823,-7.056385913616806
12824,-7.056385913616806
12825,-7.056385913616806
12826,-7.056385913616806
12827,-7.056385913616806
12828,-7.056385913616806
12829,-7.056385913616806
12830,-7.056385913616806
12831,-7.056385913616806
12832,-7.056385913616806
12833,-7.056385913616806
12834,-7.056385913616806
12835,-7.056385913616806
12836,-7.056385913616806
12837,-7.056385913616806
12838,-7.056385913616806
12839,-7.056385913616806
12840,-7.056385913616806
12841,-7.056385913616806
12842,-7.056385913616806
12843,-7.056385913616806
12844,-7.056385913616806
12845,-7.056385913616806
12846,-7.056385913616806
12847,-7.056385913616806
12848,-7.056385913616806
12849,-7.056385913616806
12850,-7.056385913616806
12851,-7.056385913616806
12852,-7.056385913616806
12853,-7.056385913616806
12854,-7.056385913616806
12855,-7.056385913616806
12856,-7.056385913616806
12857,-7.056385913616806
12858,-7.056385913616806
12859,-7.056385913616806
12860,-7.056385913616806
12861,-7.056385913616806
12862,-7.056385913616806
12863,-7.056385913616806
12864,-7.056385913616806
12865,-7.056385913616806
12866,-7.056385913616806
12867,-7.056385913616806
12868,-7.056385913616806
12869,-7.056385913616806
12870,-7.056385913616806
12871,-7.056385913616806
12872,-7.056385913616806
12873,-7.056385913616806
12874,-7.056385913616806
12875,-7.056385913616806
12876,-7.056385913616806
12877,-7.056385913616806
12878,-7.056385913616806
12879,-7.056385913616806
12880,-7.056385913616806
12881,-7.056385913616806
12882,-7.056385913616806
12883,-7.056385913616806
12884,-7.056385913616806
12885,-7.056385913616806
12886,-7.056385913616806
12887,-7.056385913616806
12888,-7.056385913616806
12889,-7.056385913616806
12890,-7.056385913616806
12891,-7.056385913616806
12892,-7.056385913616806
12893,-7.056385913616806
12894,-7.056385913616806
12895,-7.056385913616806
12896,-7.056385913616806
12897,-7.056385913616806
12898,-7.056385913616806
12899,-7.056385913616806
12900,-7.056385913616806
12901,-7.056385913616806
12902,-7.056385913616806
12903,-7.056385913616806
12904,-7.056385913616806
12905,-7.056385913616806
12906,-7.056385913616806
12907,-7.056385913616806
12908,-7.056385913616806
12909,-7.056385913616806
12910,-7.056385913616806
12911,-7.056385913616806
12912,-7.056385913616806
12913,-7.056385913616806
12914,-7.056385913616806
12915,-7.056385913616806
12916,-7.056385913616806
12917,-7.056385913616806
12918,-7.056385913616806
12919,-7.056385913616806
12920,-7.056385913616806
12921,-7.056385913616806
12922,-7.056385913616806
12923,-7.056385913616806
12924,-7.056385913616806
12925,-7.056385913616806
12926,-7.056385913616806
12927,-7.056385913616806
12928,-7.056385913616806
12929,-7.056385913616806
12930,-7.056385913616806
12931,-7.056385913616806
12932,-7.056385913616806
12933,-7.056385913616806
12934,-7.056385913616806
12935,-7.056385913616806
12936,-7.056385913616806
12937,-7.056385913616806
12938,-7.056385913616806
12939,-7.056385913616806
12940,-7.056385913616806
12941,-7.056385913616806
12942,-7.056385913616806
12943,-7.056385913616806
12944,-7.056385913616806
12945,-7.056385913616806
12946,-7.056385913616806
12947,-7.056385913616806
12948,-7.056385913616806
12949,-7.056385913616806
12950,-7.056385913616806
12951,-7.056385913616806
12952,-7.056385913616806
12953,-7.056385913616806
12954,-7.056385913616806
12955,-7.056385913616806
12956,-7.056385913616806
12957,-7.056385913616806
12958,-7.056385913616806
12959,-7.056385913616806
12960,-7.056385913616806
12961,-7.056385913616806
12962,-7.056385913616806
12963,-7.056385913616806
12964,-7.056385913616806
12965,-7.056385913616806
12966,-7.056385913616806
12967,-7.056385913616806
12968,-7.056385913616806
12969,-7.056385913616806
12970,-7.056385913616806
12971,-7.056385913616806
12972,-7.056385913616806
12973,-7.056385913616806
12974,-7.056385913616806
12975,-7.056385913616806
12976,-7.056385913616806
12977,-7.056385913616806
12978,-7.056385913616806
12979,-7.056385913616806
12980,-7.056385913616806
12981,-7.056385913616806
12982,-7.056385913616806
12983,-7.056385913616806
12984,-7.056385913616806
12985,-7.056385913616806
12986,-7.056385913616806
12987,-7.056385913616806
12988,-7.056385913616806
12989,-7.056385913616806
12990,-7.056385913616806
12991,-7.056385913616806
12992,-7.056385913616806
12993,-7.056385913616806
12994,-7.056385913616806
12995,-7.056385913616806
12996,-7.056385913616806
12997,-7.056385913616806
12998,-7.056385913616806
12999,-7.056385913616806
13000,-7.056385913616806
13001,-7.056385913616806
13002,-7.056385913616806
13003,-7.056385913616806
13004,-7.056385913616806
13005,-7.056385913616806
13006,-7.056385913616806
13007,-7.056385913616806
13008,-7.056385913616806
13009,-7.056385913616806
13010,-7.056385913616806
13011,-7.056385913616806
13012,-7.056385913616806
13013,-7.056385913616806
13014,-7.056385913616806
13015,-7.056385913616806
13016,-7.056385913616806
13017,-7.056385913616806
13018,-7.056385913616806
13019,-7.056385913616806
13020,-7.056385913616806
13021,-7.056385913616806
13022,-7.056385913616806
13023,-7.056385913616806
13024,-7.056385913616806
13025,-7.056385913616806
13026,-7.056385913616806
13027,-7.056385913616806
13028,-7.056385913616806
13029,-7.056385913616806
13030,-7.056385913616806
13031,-7.056385913616806
13032,-7.056385913616806
13033,-7.056385913616806
13034,-7.056385913616806
13035,-7.056385913616806
13036,-7.056385913616806
13037,-7.056385913616806
13038,-7.056385913616806
13039,-7.056385913616806
13040,-7.056385913616806
13041,-7.056385913616806
13042,-7.056385913616806
13043,-7.056385913616806
13044,-7.056385913616806
13045,-7.056385913616806
13046,-7.056385913616806
13047,-7.056385913616806
13048,-7.056385913616806
13049,-7.056385913616806
13050,-7.056385913616806
13051,-7.056385913616806
13052,-7.056385913616806
13053,-7.056385913616806
13054,-7.056385913616806
13055,-7.056385913616806
13056,-7.056385913616806
13057,-7.056385913616806
13058,-7.056385913616806
13059,-7.056385913616806
13060,-7.056385913616806
13061,-7.056385913616806
13062,-7.056385913616806
13063,-7.056385913616806
13064,-7.056385913616806
13065,-7.056385913616806
13066,-7.056385913616806
13067,-7.056385913616806
13068,-7.056385913616806
13069,-7.056385913616806
13070,-7.056385913616806
13071,-7.056385913616806
13072,-7.056385913616806
13073,-7.056385913616806
13074,-7.056385913616806
13075,-7.056385913616806
13076,-7.056385913616806
13077,-7.056385913616806
13078,-7.056385913616806
13079,-7.056385913616806
13080,-7.056385913616806
13081,-7.056385913616806
13082,-7.056385913616806
13083,-7.056385913616806
13084,-7.056385913616806
13085,-7.056385913616806
13086,-7.056385913616806
13087,-7.056385913616806
13088,-7.056385913616806
13089,-7.056385913616806
13090,-7.056385913616806
13091,-7.056385913616806
13092,-7.056385913616806
13093,-7.056385913616806
13094,-7.056385913616806
13095,-7.056385913616806
13096,-7.056385913616806
13097,-7.056385913616806
13098,-7.056385913616806
13099,-7.056385913616806
13100,-7.056385913616806
13101,-7.056385913616806
13102,-7.056385913616806
13103,-7.056385913616806
13104,-7.056385913616806
13105,-7.056385913616806
13106,-7.056385913616806
13107,-7.056385913616806
13108,-7.056385913616806
13109,-7.056385913616806
13110,-7.056385913616806
13111,-7.056385913616806
13112,-7.056385913616806
13113,-7.056385913616806
13114,-7.056385913616806
13115,-7.056385913616806
13116,-7.056385913616806
13117,-7.056385913616806
13118,-7.056385913616806
13119,-7.056385913616806
13120,-7.056385913616806
13121,-7.056385913616806
13122,-7.056385913616806
13123,-7.056385913616806
13124,-7.056385913616806
13125,-7.056385913616806
13126,-7.056385913616806
13127,-7.056385913616806
13128,-7.056385913616806
13129,-7.056385913616806
13130,-7.056385913616806
13131,-7.056385913616806
13132,-7.056385913616806
13133,-7.056385913616806
13134,-7.056385913616806
13135,-7.056385913616806
13136,-7.056385913616806
13137,-7.056385913616806
13138,-7.056385913616806
13139,-7.056385913616806
13140,-7.056385913616806
13141,-7.056385913616806
13142,-7.056385913616806
13143,-7.056385913616806
13144,-7.056385913616806
13145,-7.056385913616806
13146,-7.056385913616806
13147,-7.056385913616806
13148,-7.056385913616806
13149,-7.056385913616806
13150,-7.056385913616806
13151,-7.056385913616806
13152,-7.056385913616806
13153,-7.056385913616806
13154,-7.056385913616806
13155,-7.056385913616806
13156,-7.056385913616806
13157,-7.056385913616806
13158,-7.056385913616806
13159,-7.056385913616806
13160,-7.056385913616806
13161,-7.056385913616806
13162,-7.056385913616806
13163,-7.056385913616806
13164,-7.056385913616806
13165,-7.056385913616806
13166,-7.056385913616806
13167,-7.056385913616806
13168,-7.056385913616806
13169,-7.056385913616806
13170,-7.056385913616806
13171,-7.056385913616806
13172,-7.056385913616806
13173,-7.056385913616806
13174,-7.056385913616806
13175,-7.056385913616806
13176,-7.056385913616806
13177,-7.056385913616806
13178,-7.056385913616806
13179,-7.056385913616806
13180,-7.056385913616806
13181,-7.056385913616806
13182,-7.056385913616806
13183,-7.056385913616806
13184,-7.056385913616806
13185,-7.056385913616806
13186,-7.056385913616806
13187,-7.056385913616806
13188,-7.056385913616806
13189,-7.056385913616806
13190,-7.056385913616806
13191,-7.056385913616806
13192,-7.056385913616806
13193,-7.056385913616806
13194,-7.056385913616806
13195,-7.056385913616806
13196,-7.056385913616806
13197,-7.056385913616806
13198,-7.056385913616806
13199,-7.056385913616806
13200,-7.056385913616806
13201,-7.056385913616806
13202,-7.056385913616806
13203,-7.056385913616806
13204,-7.056385913616806
13205,-7.056385913616806
13206,-7.056385913616806
13207,-7.056385913616806
13208,-7.056385913616806
13209,-7.056385913616806
13210,-7.056385913616806
13211,-7.056385913616806
13212,-7.056385913616806
13213,-7.056385913616806
13214,-7.056385913616806
13215,-7.056385913616806
13216,-7.056385913616806
13217,-7.056385913616806
13218,-7.056385913616806
13219,-7.056385913616806
13220,-7.056385913616806
13221,-7.056385913616806
13222,-7.056385913616806
13223,-7.056385913616806
13224,-7.056385913616806
13225,-7.056385913616806
13226,-7.056385913616806
13227,-7.056385913616806
13228,-7.056385913616806
13229,-7.056385913616806
13230,-7.056385913616806
13231,-7.056385913616806
13232,-7.056385913616806
13233,-7.056385913616806
13234,-7.056385913616806
13235,-7.056385913616806
13236,-7.056385913616806
13237,-7.056385913616806
13238,-7.056385913616806
13239,-7.056385913616806
13240,-7.056385913616806
13241,-7.056385913616806
13242,-7.056385913616806
13243,-7.056385913616806
13244,-7.056385913616806
13245,-7.056385913616806
13246,-7.056385913616806
13247,-7.056385913616806
13248,-7.056385913616806
13249,-7.056385913616806
13250,-7.056385913616806
13251,-7.056385913616806
13252,-7.056385913616806
13253,-7.056385913616806
13254,-7.056385913616806
13255,-7.056385913616806
13256,-7.056385913616806
13257,-7.056385913616806
13258,-7.056385913616806
13259,-7.056385913616806
13260,-7.056385913616806
13261,-7.056385913616806
13262,-7.056385913616806
13263,-7.056385913616806
13264,-7.056385913616806
13265,-7.056385913616806
13266,-7.056385913616806
13267,-7.056385913616806
13268,-7.056385913616806
13269,-7.056385913616806
13270,-7.056385913616806
13271,-7.056385913616806
13272,-7.056385913616806
13273,-7.056385913616806
13274,-7.056385913616806
13275,-7.056385913616806
13276,-7.056385913616806
13277,-7.056385913616806
13278,-7.056385913616806
13279,-7.056385913616806
13280,-7.056385913616806
13281,-7.056385913616806
13282,-7.056385913616806
13283,-7.056385913616806
13284,-7.056385913616806
13285,-7.056385913616806
13286,-7.056385913616806
13287,-7.056385913616806
13288,-7.056385913616806
13289,-7.056385913616806
13290,-7.056385913616806
13291,-7.056385913616806
13292,-7.056385913616806
13293,-7.056385913616806
13294,-7.056385913616806
13295,-7.056385913616806
13296,-7.056385913616806
13297,-7.056385913616806
13298,-7.056385913616806
13299,-7.056385913616806
13300,-7.056385913616806
13301,-7.056385913616806
13302,-7.056385913616806
13303,-7.056385913616806
13304,-7.056385913616806
13305,-7.056385913616806
13306,-7.056385913616806
13307,-7.056385913616806
13308,-7.056385913616806
13309,-7.056385913616806
13310,-7.056385913616806
13311,-7.056385913616806
13312,-7.056385913616806
13313,-7.056385913616806
13314,-7.056385913616806
13315,-7.056385913616806
13316,-7.056385913616806
13317,-7.056385913616806
13318,-7.056385913616806
13319,-7.056385913616806
13320,-7.056385913616806
13321,-7.056385913616806
13322,-7.056385913616806
13323,-7.056385913616806
13324,-7.056385913616806
13325,-7.056385913616806
13326,-7.056385913616806
13327,-7.056385913616806
13328,-7.056385913616806
13329,-7.056385913616806
13330,-7.056385913616806
13331,-7.056385913616806
13332,-7.056385913616806
13333,-7.056385913616806
13334,-7.056385913616806
13335,-7.056385913616806
13336,-7.056385913616806
13337,-7.056385913616806
13338,-7.056385913616806
13339,-7.056385913616806
13340,-7.056385913616806
13341,-7.056385913616806
13342,-7.056385913616806
13343,-7.056385913616806
13344,-7.056385913616806
13345,-7.056385913616806
13346,-7.056385913616806
13347,-7.056385913616806
13348,-7.056385913616806
13349,-7.056385913616806
13350,-7.056385913616806
13351,-7.056385913616806
13352,-7.056385913616806
13353,-7.056385913616806
13354,-7.056385913616806
13355,-7.056385913616806
13356,-7.056385913616806
13357,3.5810226039423956
13358,3.5810226039423956
13359,3.5810226039423956
13360,3.5810226039423956
13361,3.5810226039423956
13362,3.5810226039423956
13363,3.5810226039423956
13364,3.5810226039423956
13365,3.5810226039423956
13366,3.5810226039423956
13367,3.5810226039423956
13368,3.5810226039423956
13369,3.5810226039423956
13370,3.5810226039423956
13371,3.5810226039423956
13372,3.5810226039423956
13373,3.5810226039423956
13374,3.5810226039423956
13375,3.5810226039423956
13376,3.5810226039423956
13377,3.5810226039423956
13378,3.5810226039423956
13379,3.5810226039423956
13380,3.5810226039423956
13381,3.5810226039423956
13382,3.5810226039423956
13383,3.5810226039423956
13384,3.5810226039423956
13385,3.5810226039423956
13386,3.5810226039423956
13387,3.5810226039423956
13388,3.5810226039423956
13389,3.5810226039423956
13390,3.5810226039423956
13391,3.5810226039423956
13392,3.5810226039423956
13393,3.5810226039423956
13394,3.5810226039423956
13395,3.5810226039423956
13396,3.5810226039423956
13397,3.5810226039423956
13398,3.5810226039423956
13399,3.5810226039423956
13400,3.5810226039423956
13401,3.5810226039423956
13402,3.5810226039423956
13403,3.5810226039423956
13404,3.5810226039423956
13405,3.5810226039423956
13406,3.5810226039423956
13407,3.5810226039423956
13408,3.5810226039423956
13409,3.5810226039423956
13410,3.5810226039423956
13411,3.5810226039423956
13412,3.5810226039423956
13413,3.5810226039423956
13414,3.5810226039423956
13415,3.5810226039423956
13416,3.5810226039423956
13417,3.5810226039423956
13418,3.5810226039423956
13419,3.5810226039423956
13420,3.5810226039423956
13421,3.5810226039423956
13422,3.5810226039423956
13423,3.5810226039423956
13424,3.5810226039423956
13425,3.5810226039423956
13426,3.5810226039423956
13427,3.5810226039423956
13428,3.5810226039423956
13429,3.5810226039423956
13430,3.5810226039423956
13431,3.5810226039423956
13432,3.5810226039423956
13433,3.5810226039423956
13434,3.5810226039423956
13435,3.5810226039423956
13436,3.5810226039423956
13437,3.5810226039423956
13438,3.5810226039423956
13439,3.5810226039423956
13440,3.5810226039423956
13441,3.5810226039423956
13442,3.5810226039423956
13443,3.5810226039423956
13444,3.5810226039423956
13445,3.5810226039423956
13446,3.5810226039423956
13447,3.5810226039423956
13448,3.5810226039423956
13449,3.5810226039423956
13450,3.5810226039423956
13451,3.5810226039423956
13452,3.5810226039423956
13453,3.5810226039423956
13454,3.5810226039423956
13455,3.5810226039423956
13456,3.5810226039423956
13457,3.5810226039423956
13458,3.5810226039423956
13459,3.5810226039423956
13460,3.5810226039423956
13461,3.5810226039423956
13462,3.5810226039423956
13463,3.5810226039423956
13464,3.5810226039423956
13465,3.5810226039423956
13466,3.5810226039423956
13467,3.5810226039423956
13468,3.5810226039423956
13469,3.5810226039423956
13470,3.5810226039423956
13471,3.5810226039423956
13472,3.5810226039423956
13473,3.5810226039423956
13474,3.5810226039423956
13475,3.5810226039423956
13476,3.5810226039423956
13477,3.5810226039423956
13478,3.5810226039423956
13479,3.5810226039423956
13480,3.5810226039423956
13481,3.5810226039423956
13482,3.5810226039423956
13483,3.5810226039423956
13484,3.5810226039423956
13485,3.5810226039423956
13486,3.5810226039423956
13487,3.5810226039423956
13488,3.5810226039423956
13489,3.5810226039423956
13490,3.5810226039423956
13491,3.5810226039423956
13492,3.5810226039423956
13493,3.5810226039423956
13494,3.5810226039423956
13495,3.5810226039423956
13496,3.5810226039423956
13497,3.5810226039423956
13498,3.5810226039423956
13499,3.5810226039423956
13500,3.5810226039423956
13501,3.5810226039423956
13502,3.5810226039423956
13503,3.5810226039423956
13504,3.5810226039423956
13505,3.5810226039423956
13506,3.5810226039423956
13507,3.5810226039423956
13508,3.5810226039423956
13509,3.5810226039423956
13510,3.5810226039423956
13511,3.5810226039423956
13512,3.5810226039423956
13513,3.5810226039423956
13514,3.5810226039423956
13515,3.5810226039423956
13516,3.5810226039423956
13517,3.5810226039423956
13518,3.5810226039423956
13519,3.5810226039423956
13520,3.5810226039423956
13521,3.5810226039423956
13522,3.5810226039423956
13523,3.5810226039423956
13524,3.5810226039423956
13525,3.5810226039423956
13526,3.5810226039423956
13527,3.5810226039423956
13528,3.5810226039423956
13529,3.5810226039423956
13530,3.5810226039423956
13531,3.5810226039423956
13532,3.5810226039423956
13533,3.5810226039423956
13534,3.5810226039423956
13535,3.5810226039423956
13536,3.5810226039423956
13537,3.5810226039423956
13538,3.5810226039423956
13539,3.5810226039423956
13540,3.5810226039423956
13541,3.5810226039423956
13542,3.5810226039423956
13543,3.5810226039423956
13544,3.5810226039423956
13545,3.5810226039423956
13546,3.5810226039423956
13547,3.5810226039423956
13548,3.5810226039423956
13549,3.5810226039423956
13550,3.5810226039423956
13551,3.5810226039423956
13552,3.5810226039423956
13553,3.5810226039423956
13554,3.5810226039423956
13555,3.5810226039423956
13556,3.5810226039423956
13557,3.5810226039423956
13558,3.5810226039423956
13559,3.5810226039423956
13560,3.5810226039423956
13561,3.5810226039423956
13562,3.5810226039423956
13563,3.5810226039423956
13564,3.5810226039423956
13565,3.5810226039423956
13566,3.5810226039423956
13567,3.5810226039423956
13568,3.5810226039423956
13569,3.5810226039423956
13570,3.5810226039423956
13571,3.5810226039423956
13572,3.5810226039423956
13573,3.5810226039423956
13574,3.5810226039423956
13575,3.5810226039423956
13576,3.5810226039423956
13577,3.5810226039423956
13578,3.5810226039423956
13579,3.5810226039423956
13580,3.5810226039423956
13581,3.5810226039423956
13582,3.5810226039423956
13583,3.5810226039423956
13584,3.5810226039423956
13585,3.5810226039423956
13586,3.5810226039423956
13587,3.5810226039423956
13588,3.5810226039423956
13589,3.5810226039423956
13590,3.5810226039423956
13591,3.5810226039423956
13592,3.5810226039423956
13593,3.5810226039423956
13594,3.5810226039423956
13595,3.5810226039423956
13596,3.5810226039423956
13597,3.5810226039423956
13598,3.5810226039423956
13599,3.5810226039423956
13600,3.5810226039423956
13601,3.5810226039423956
13602,3.5810226039423956
13603,3.5810226039423956
13604,3.5810226039423956
13605,3.5810226039423956
13606,3.5810226039423956
13607,3.5810226039423956
13608,3.5810226039423956
13609,3.5810226039423956
13610,3.5810226039423956
13611,3.5810226039423956
13612,3.5810226039423956
13613,3.5810226039423956
13614,3.5810226039423956
13615,3.5810226039423956
13616,3.5810226039423956
13617,3.5810226039423956
13618,3.5810226039423956
13619,3.5810226039423956
13620,3.5810226039423956
13621,3.5810226039423956
13622,3.5810226039423956
13623,3.5810226039423956
13624,3.5810226039423956
13625,3.5810226039423956
13626,3.5810226039423956
13627,3.5810226039423956
13628,3.5810226039423956
13629,3.5810226039423956
13630,3.5810226039423956
13631,3.5810226039423956
13632,3.5810226039423956
13633,3.5810226039423956
13634,3.5810226039423956
13635,3.5810226039423956
13636,3.5810226039423956
13637,3.5810226039423956
13638,3.5810226039423956
13639,3.5810226039423956
13640,3.5810226039423956
13641,3.5810226039423956
13642,3.5810226039423956
13643,3.5810226039423956
13644,3.5810226039423956
13645,3.5810226039423956
13646,3.5810226039423956
13647,3.5810226039423956
13648,3.5810226039423956
13649,3.5810226039423956
13650,3.5810226039423956
13651,3.5810226039423956
13652,3.5810226039423956
13653,3.5810226039423956
13654,3.5810226039423956
13655,3.5810226039423956
13656,3.5810226039423956
13657,3.5810226039423956
13658,3.5810226039423956
13659,3.5810226039423956
13660,3.5810226039423956
13661,3.5810226039423956
13662,3.5810226039423956
13663,3.5810226039423956
13664,3.5810226039423956
13665,3.5810226039423956
13666,3.5810226039423956
13667,3.5810226039423956
13668,3.5810226039423956
13669,3.5810226039423956
13670,3.5810226039423956
13671,3.5810226039423956
13672,3.5810226039423956
13673,3.5810226039423956
13674,3.5810226039423956
13675,3.5810226039423956
13676,3.5810226039423956
13677,3.5810226039423956
13678,3.5810226039423956
13679,3.5810226039423956
13680,3.5810226039423956
13681,3.5810226039423956
13682,3.5810226039423956
13683,3.5810226039423956
13684,3.5810226039423956
13685,3.5810226039423956
13686,3.5810226039423956
13687,3.5810226039423956
13688,3.5810226039423956
13689,3.5810226039423956
13690,3.5810226039423956
13691,3.5810226039423956
13692,3.5810226039423956
13693,3.5810226039423956
13694,3.5810226039423956
13695,3.5810226039423956
13696,3.5810226039423956
13697,3.5810226039423956
13698,3.5810226039423956
13699,3.5810226039423956
13700,3.5810226039423956
13701,3.5810226039423956
13702,3.5810226039423956
13703,3.5810226039423956
13704,3.5810226039423956
13705,3.5810226039423956
13706,3.5810226039423956
13707,3.5810226039423956
13708,3.5810226039423956
13709,3.5810226039423956
13710,3.5810226039423956
13711,3.5810226039423956
13712,3.5810226039423956
13713,3.5810226039423956
13714,3.5810226039423956
13715,3.5810226039423956
13716,3.5810226039423956
13717,3.5810226039423956
13718,3.5810226039423956
13719,3.5810226039423956
13720,3.5810226039423956
13721,3.5810226039423956
13722,3.5810226039423956
13723,3.5810226039423956
13724,3.5810226039423956
13725,3.5810226039423956
13726,3.5810226039423956
13727,3.5810226039423956
13728,3.5810226039423956
13729,3.5810226039423956
13730,3.5810226039423956
13731,3.5810226039423956
13732,3.5810226039423956
13733,3.5810226039423956
13734,3.5810226039423956
13735,3.5810226039423956
13736,3.5810226039423956
13737,3.5810226039423956
13738,3.5810226039423956
13739,3.5810226039423956
13740,3.5810226039423956
13741,3.5810226039423956
13742,3.5810226039423956
13743,3.5810226039423956
13744,3.5810226039423956
13745,3.5810226039423956
13746,3.5810226039423956
13747,3.5810226039423956
13748,3.5810226039423956
13749,3.5810226039423956
13750,3.5810226039423956
13751,3.5810226039423956
13752,3.5810226039423956
13753,3.5810226039423956
13754,3.5810226039423956
13755,3.5810226039423956
13756,3.5810226039423956
13757,3.5810226039423956
13758,3.5810226039423956
13759,3.5810226039423956
13760,3.5810226039423956
13761,3.5810226039423956
13762,3.5810226039423956
13763,3.5810226039423956
13764,3.5810226039423956
13765,3.5810226039423956
13766,3.5810226039423956
13767,3.5810226039423956
13768,3.5810226039423956
13769,3.5810226039423956
13770,3.5810226039423956
13771,3.5810226039423956
13772,3.5810226039423956
13773,3.5810226039423956
13774,3.5810226039423956
13775,3.5810226039423956
13776,3.5810226039423956
13777,3.5810226039423956
13778,3.5810226039423956
13779,3.5810226039423956
13780,3.5810226039423956
13781,3.5810226039423956
13782,3.5810226039423956
13783,3.5810226039423956
13784,3.5810226039423956
13785,3.5810226039423956
13786,3.5810226039423956
13787,3.5810226039423956
13788,3.5810226039423956
13789,3.5810226039423956
13790,3.5810226039423956
13791,3.5810226039423956
13792,3.5810226039423956
13793,3.5810226039423956
13794,3.5810226039423956
13795,3.5810226039423956
13796,3.5810226039423956
13797,3.5810226039423956
13798,3.5810226039423956
13799,3.5810226039423956
13800,3.5810226039423956
13801,3.5810226039423956
13802,3.5810226039423956
13803,3.5810226039423956
13804,3.5810226039423956
13805,3.5810226039423956
13806,3.5810226039423956
13807,3.5810226039423956
13808,3.5810226039423956
13809,3.5810226039423956
13810,3.5810226039423956
13811,3.5810226039423956
13812,3.5810226039423956
13813,3.5810226039423956
13814,3.5810226039423956
13815,3.5810226039423956
13816,3.5810226039423956
13817,3.5810226039423956
13818,3.5810226039423956
13819,3.5810226039423956
13820,3.5810226039423956
13821,3.5810226039423956
13822,3.5810226039423956
13823,3.5810226039423956
13824,3.5810226039423956
13825,3.5810226039423956
13826,3.5810226039423956
13827,3.5810226039423956
13828,3.5810226039423956
13829,3.5810226039423956
13830,3.5810226039423956
13831,3.5810226039423956
13832,3.5810226039423956
13833,3.5810226039423956
13834,3.5810226039423956
13835,3.5810226039423956
13836,3.5810226039423956
13837,3.5810226039423956
13838,3.5810226039423956
13839,3.5810226039423956
13840,3.5810226039423956
13841,3.5810226039423956
13842,3.5810226039423956
13843,3.5810226039423956
13844,3.5810226039423956
13845,3.5810226039423956
13846,3.5810226039423956
13847,3.5810226039423956
13848,3.5810226039423956
13849,3.5810226039423956
13850,3.5810226039423956
13851,3.5810226039423956
13852,3.5810226039423956
13853,3.5810226039423956
13854,3.5810226039423956
13855,3.5810226039423956
13856,3.5810226039423956
13857,3.5810226039423956
13858,3.5810226039423956
13859,3.5810226039423956
13860,3.5810226039423956
13861,3.5810226039423956
13862,3.5810226039423956
13863,3.5810226039423956
13864,3.5810226039423956
13865,3.5810226039423956
13866,3.5810226039423956
13867,3.5810226039423956
13868,3.5810226039423956
13869,3.5810226039423956
13870,3.5810226039423956
13871,3.5810226039423956
13872,3.5810226039423956
13873,3.5810226039423956
13874,3.5810226039423956
13875,3.5810226039423956
13876,3.5810226039423956
13877,3.5810226039423956
13878,3.5810226039423956
13879,3.5810226039423956
13880,3.5810226039423956
13881,3.5810226039423956
13882,3.5810226039423956
13883,3.5810226039423956
13884,3.5810226039423956
13885,3.5810226039423956
13886,3.5810226039423956
13887,3.5810226039423956
13888,3.5810226039423956
13889,3.5810226039423956
13890,3.5810226039423956
13891,3.5810226039423956
13892,3.5810226039423956
13893,3.5810226039423956
13894,3.5810226039423956
13895,3.5810226039423956
13896,3.5810226039423956
13897,3.5810226039423956
13898,3.5810226039423956
13899,3.5810226039423956
13900,3.5810226039423956
13901,3.5810226039423956
13902,3.5810226039423956
13903,3.5810226039423956
13904,3.5810226039423956
13905,3.5810226039423956
13906,3.5810226039423956
13907,3.5810226039423956
13908,3.5810226039423956
13909,3.5810226039423956
13910,3.5810226039423956
13911,3.5810226039423956
13912,3.5810226039423956
13913,3.5810226039423956
13914,3.5810226039423956
13915,3.5810226039423956
13916,3.5810226039423956
13917,3.5810226039423956
13918,3.5810226039423956
13919,3.5810226039423956
13920,3.5810226039423956
13921,3.5810226039423956
13922,3.5810226039423956
13923,3.5810226039423956
13924,7.324914987217422
13925,7.324914987217422
13926,7.324914987217422
13927,7.324914987217422
13928,7.324914987217422
13929,7.324914987217422
13930,7.324914987217422
13931,7.324914987217422
13932,7.324914987217422
13933,7.324914987217422
13934,7.324914987217422
13935,7.324914987217422
13936,7.324914987217422
13937,7.324914987217422
13938,7.324914987217422
13939,7.324914987217422
13940,7.324914987217422
13941,7.324914987217422
13942,7.324914987217422
13943,7.324914987217422
13944,7.324914987217422
13945,7.324914987217422
13946,7.324914987217422
13947,7.324914987217422
13948,7.324914987217422
13949,7.324914987217422
13950,7.324914987217422
13951,7.324914987217422
13952,7.324914987217422
13953,7.324914987217422
13954,7.324914987217422
13955,7.324914987217422
13956,7.324914987217422
13957,7.324914987217422
13958,7.324914987217422
13959,7.324914987217422
13960,7.324914987217422
13961,7.324914987217422
13962,7.324914987217422
13963,7.324914987217422
13964,7.324914987217422
13965,7.324914987217422
13966,7.324914987217422
13967,7.324914987217422
13968,7.324914987217422
13969,7.324914987217422
13970,7.324914987217422
13971,7.324914987217422
13972,7.324914987217422
13973,7.324914987217422
13974,7.324914987217422
13975,7.324914987217422
13976,7.324914987217422
13977,7.324914987217422
13978,7.324914987217422
13979,7.324914987217422
13980,7.324914987217422
13981,7.324914987217422
13982,7.324914987217422
13983,7.324914987217422
13984,7.324914987217422
13985,7.324914987217422
13986,7.324914987217422
13987,7.324914987217422
13988,7.324914987217422
13989,7.324914987217422
13990,7.324914987217422
13991,7.324914987217422
13992,7.324914987217422
13993,7.324914987217422
13994,7.324914987217422
13995,7.324914987217422
13996,7.324914987217422
13997,7.324914987217422
13998,7.324914987217422
13999,7.324914987217422
14000,7.324914987217422
14001,7.324914987217422
14002,7.324914987217422
14003,7.324914987217422
14004,7.324914987217422
14005,7.324914987217422
14006,7.324914987217422
14007,7.324914987217422
14008,7.324914987217422
14009,7.324914987217422
14010,7.324914987217422
14011,7.324914987217422
14012,7.324914987217422
14013,7.324914987217422
14014,7.324914987217422
14015,7.324914987217422
14016,7.324914987217422
14017,7.324914987217422
14018,7.324914987217422
14019,7.324914987217422
14020,7.324914987217422
14021,7.324914987217422
14022,7.324914987217422
14023,7.324914987217422
14024,7.324914987217422
14025,7.324914987217422
14026,7.324914987217422
14027,7.324914987217422
14028,7.324914987217422
14029,7.324914987217422
14030,7.324914987217422
14031,7.324914987217422
14032,7.324914987217422
14033,7.324914987217422
14034,7.324914987217422
14035,7.324914987217422
14036,7.324914987217422
14037,7.324914987217422
14038,7.324914987217422
14039,7.324914987217422
14040,7.324914987217422
14041,7.324914987217422
14042,7.324914987217422
14043,7.324914987217422
14044,7.324914987217422
14045,7.324914987217422
14046,7.324914987217422
14047,7.324914987217422
14048,7.324914987217422
14049,7.324914987217422
14050,7.324914987217422
14051,7.324914987217422
14052,7.324914987217422
14053,7.324914987217422
14054,7.324914987217422
14055,7.324914987217422
14056,7.324914987217422
14057,7.324914987217422
14058,7.324914987217422
14059,7.324914987217422
14060,7.324914987217422
14061,7.324914987217422
14062,7.324914987217422
14063,7.324914987217422
14064,7.324914987217422
14065,7.324914987217422
14066,7.324914987217422
14067,7.324914987217422
14068,7.324914987217422
14069,7.324914987217422
14070,7.324914987217422
14071,7.324914987217422
14072,7.324914987217422
14073,7.324914987217422
14074,7.324914987217422
14075,7.324914987217422
14076,7.324914987217422
14077,7.324914987217422
14078,7.324914987217422
14079,7.324914987217422
14080,7.324914987217422
14081,7.324914987217422
14082,7.324914987217422
14083,7.324914987217422
14084,7.324914987217422
14085,7.324914987217422
14086,7.324914987217422
14087,7.324914987217422
14088,7.324914987217422
14089,7.324914987217422
14090,7.324914987217422
14091,7.324914987217422
14092,7.324914987217422
14093,7.324914987217422
14094,7.324914987217422
14095,7.324914987217422
14096,7.324914987217422
14097,7.324914987217422
14098,7.324914987217422
14099,7.324914987217422
14100,7.324914987217422
14101,7.324914987217422
14102,7.324914987217422
14103,7.324914987217422
14104,7.324914987217422
14105,7.324914987217422
14106,7.324914987217422
14107,7.324914987217422
14108,7.324914987217422
14109,7.324914987217422
14110,7.324914987217422
14111,7.324914987217422
14112,7.324914987217422
14113,7.324914987217422
14114,7.324914987217422
14115,7.324914987217422
14116,7.324914987217422
14117,7.324914987217422
14118,7.324914987217422
14119,7.324914987217422
14120,7.324914987217422
14121,7.324914987217422
14122,7.324914987217422
14123,7.324914987217422
14124,7.324914987217422
14125,7.324914987217422
14126,7.324914987217422
14127,7.324914987217422
14128,7.324914987217422
14129,7.324914987217422
14130,7.324914987217422
14131,7.324914987217422
14132,7.324914987217422
14133,7.324914987217422
14134,7.324914987217422
14135,7.324914987217422
14136,7.324914987217422
14137,7.324914987217422
14138,7.324914987217422
14139,7.324914987217422
14140,7.324914987217422
14141,7.324914987217422
14142,7.324914987217422
14143,7.324914987217422
14144,7.324914987217422
14145,7.324914987217422
14146,7.324914987217422
14147,7.324914987217422
14148,7.324914987217422
14149,7.324914987217422
14150,7.324914987217422
14151,7.324914987217422
14152,7.324914987217422
14153,7.324914987217422
14154,7.324914987217422
14155,7.324914987217422
14156,7.324914987217422
14157,7.324914987217422
14158,7.324914987217422
14159,7.324914987217422
14160,7.324914987217422
14161,7.324914987217422
14162,7.324914987217422
14163,7.324914987217422
14164,7.324914987217422
14165,7.324914987217422
14166,7.324914987217422
14167,7.324914987217422
14168,7.324914987217422
14169,7.324914987217422
14170,7.324914987217422
14171,7.324914987217422
14172,7.324914987217422
14173,7.324914987217422
14174,7.324914987217422
14175,7.324914987217422
14176,7.324914987217422
14177,7.324914987217422
14178,7.324914987217422
14179,7.324914987217422
14180,7.324914987217422
14181,7.324914987217422
14182,7.324914987217422
14183,7.324914987217422
14184,7.324914987217422
14185,7.324914987217422
14186,7.324914987217422
14187,7.324914987217422
14188,7.324914987217422
14189,7.324914987217422
14190,7.324914987217422
14191,7.324914987217422
14192,7.324914987217422
14193,7.324914987217422
14194,7.324914987217422
14195,7.324914987217422
14196,7.324914987217422
14197,7.324914987217422
14198,7.324914987217422
14199,7.324914987217422
14200,7.324914987217422
14201,7.324914987217422
14202,7.324914987217422
14203,7.324914987217422
14204,7.324914987217422
14205,7.324914987217422
14206,7.324914987217422
14207,7.324914987217422
14208,7.324914987217422
14209,7.324914987217422
14210,7.324914987217422
14211,7.324914987217422
14212,7.324914987217422
14213,7.324914987217422
14214,7.324914987217422
14215,7.324914987217422
14216,7.324914987217422
14217,7.324914987217422
14218,7.324914987217422
14219,7.324914987217422
14220,7.324914987217422
14221,7.324914987217422
14222,7.324914987217422
14223,7.324914987217422
14224,7.324914987217422
14225,7.324914987217422
14226,7.324914987217422
14227,7.324914987217422
14228,7.324914987217422
14229,7.324914987217422
14230,7.324914987217422
14231,7.324914987217422
14232,7.324914987217422
14233,7.324914987217422
14234,7.324914987217422
14235,7.324914987217422
14236,7.324914987217422
14237,7.324914987217422
14238,7.324914987217422
14239,7.324914987217422
14240,7.324914987217422
14241,7.324914987217422
14242,7.324914987217422
14243,7.324914987217422
14244,7.324914987217422
14245,7.324914987217422
14246,7.324914987217422
14247,7.324914987217422
14248,7.324914987217422
14249,7.324914987217422
14250,7.324914987217422
14251,7.324914987217422
14252,7.324914987217422
14253,7.324914987217422
14254,7.324914987217422
14255,7.324914987217422
14256,7.324914987217422
14257,7.324914987217422
14258,7.324914987217422
14259,7.324914987217422
14260,7.324914987217422
14261,7.324914987217422
14262,7.324914987217422
14263,7.324914987217422
14264,7.324914987217422
14265,7.324914987217422
14266,7.324914987217422
14267,7.324914987217422
14268,7.324914987217422
14269,7.324914987217422
14270,7.324914987217422
14271,7.324914987217422
14272,7.324914987217422
14273,7.324914987217422
14274,7.324914987217422
14275,7.324914987217422
14276,7.324914987217422
14277,7.324914987217422
14278,7.324914987217422
14279,7.324914987217422
14280,7.324914987217422
14281,7.324914987217422
14282,7.324914987217422
14283,7.324914987217422
14284,7.324914987217422
14285,7.324914987217422
14286,7.324914987217422
14287,7.324914987217422
14288,7.324914987217422
14289,7.324914987217422
14290,7.324914987217422
14291,7.324914987217422
14292,7.324914987217422
14293,7.324914987217422
14294,7.324914987217422
14295,7.324914987217422
14296,7.324914987217422
14297,7.324914987217422
14298,7.324914987217422
14299,7.324914987217422
14300,7.324914987217422
14301,7.324914987217422
14302,7.324914987217422
14303,7.324914987217422
14304,7.324914987217422
14305,7.324914987217422
14306,7.324914987217422
14307,7.324914987217422
14308,7.324914987217422
14309,7.324914987217422
14310,7.324914987217422
14311,7.324914987217422
14312,7.324914987217422
14313,7.324914987217422
14314,7.324914987217422
14315,7.324914987217422
14316,7.324914987217422
14317,7.324914987217422
14318,7.324914987217422
14319,7.324914987217422
14320,7.324914987217422
14321,7.324914987217422
14322,7.324914987217422
14323,7.324914987217422
14324,7.324914987217422
14325,7.324914987217422
14326,7.324914987217422
14327,7.324914987217422
14328,7.324914987217422
14329,7.324914987217422
14330,7.324914987217422
14331,7.324914987217422
14332,7.324914987217422
14333,7.324914987217422
14334,7.324914987217422
14335,7.324914987217422
14336,7.324914987217422
14337,7.324914987217422
14338,7.324914987217422
14339,7.324914987217422
14340,7.324914987217422
14341,7.324914987217422
14342,7.324914987217422
14343,7.324914987217422
14344,7.324914987217422
14345,7.324914987217422
14346,7.324914987217422
14347,7.324914987217422
14348,7.324914987217422
14349,7.324914987217422
14350,7.324914987217422
14351,7.324914987217422
14352,7.324914987217422
14353,7.324914987217422
14354,7.324914987217422
14355,7.324914987217422
14356,7.324914987217422
14357,7.324914987217422
14358,7.324914987217422
14359,7.324914987217422
14360,7.324914987217422
14361,7.324914987217422
14362,7.324914987217422
14363,7.324914987217422
14364,7.324914987217422
14365,7.324914987217422
14366,7.324914987217422
14367,7.324914987217422
14368,7.324914987217422
14369,7.324914987217422
14370,7.324914987217422
14371,7.324914987217422
14372,7.324914987217422
14373,7.324914987217422
14374,7.324914987217422
14375,7.324914987217422
14376,7.324914987217422
14377,7.324914987217422
14378,7.324914987217422
14379,7.324914987217422
14380,7.324914987217422
14381,7.324914987217422
14382,7.324914987217422
14383,7.324914987217422
14384,7.324914987217422
14385,7.324914987217422
14386,7.324914987217422
14387,7.324914987217422
14388,7.324914987217422
14389,7.324914987217422
14390,7.324914987217422
14391,7.324914987217422
14392,7.324914987217422
14393,7.324914987217422
14394,7.324914987217422
14395,7.324914987217422
14396,7.324914987217422
14397,7.324914987217422
14398,7.324914987217422
14399,7.324914987217422
14400,7.324914987217422
14401,7.324914987217422
14402,7.324914987217422
14403,7.324914987217422
14404,7.324914987217422
14405,7.324914987217422
14406,7.324914987217422
14407,7.324914987217422
14408,7.324914987217422
14409,7.324914987217422
14410,7.324914987217422
14411,7.324914987217422
14412,7.324914987217422
14413,7.324914987217422
14414,7.324914987217422
14415,7.324914987217422
14416,7.324914987217422
14417,7.324914987217422
14418,7.324914987217422
14419,7.324914987217422
14420,7.324914987217422
14421,7.324914987217422
14422,7.324914987217422
14423,7.324914987217422
14424,7.324914987217422
14425,7.324914987217422
14426,7.324914987217422
14427,7.324914987217422
14428,7.324914987217422
14429,7.324914987217422
14430,7.324914987217422
14431,7.324914987217422
14432,7.324914987217422
14433,7.324914987217422
14434,7.324914987217422
14435,7.324914987217422
14436,7.324914987217422
14437,7.324914987217422
14438,7.324914987217422
14439,7.324914987217422
14440,7.324914987217422
14441,7.324914987217422
14442,7.324914987217422
14443,7.324914987217422
14444,7.324914987217422
14445,7.324914987217422
14446,7.324914987217422
14447,7.324914987217422
14448,7.324914987217422
14449,7.324914987217422
14450,7.324914987217422
14451,7.324914987217422
14452,7.324914987217422
14453,7.324914987217422
14454,7.324914987217422
14455,7.324914987217422
14456,7.324914987217422
14457,7.324914987217422
14458,7.324914987217422
14459,7.324914987217422
14460,7.324914987217422
14461,7.324914987217422
14462,7.324914987217422
14463,7.324914987217422
14464,7.324914987217422
14465,7.324914987217422
14466,7.324914987217422
14467,7.324914987217422
14468,7.324914987217422
14469,7.324914987217422
14470,7.324914987217422
14471,7.324914987217422
14472,7.324914987217422
14473,7.324914987217422
14474,7.324914987217422
14475,7.324914987217422
14476,7.324914987217422
14477,7.324914987217422
14478,7.324914987217422
14479,7.324914987217422
14480,7.324914987217422
14481,7.324914987217422
14482,7.324914987217422
14483,7.324914987217422
14484,7.324914987217422
14485,7.324914987217422
14486,7.324914987217422
14487,7.324914987217422
14488,7.324914987217422
14489,7.324914987217422
14490,7.324914987217422
14491,7.324914987217422
14492,7.324914987217422
14493,7.324914987217422
14494,7.324914987217422
14495,7.324914987217422
14496,7.324914987217422
14497,7.324914987217422
14498,7.324914987217422
14499,7.324914987217422
14500,7.324914987217422
14501,7.324914987217422
14502,7.324914987217422
14503,7.324914987217422
14504,7.324914987217422
14505,7.324914987217422
14506,7.324914987217422
14507,7.324914987217422
14508,7.324914987217422
14509,7.324914987217422
14510,7.324914987217422
14511,7.324914987217422
14512,7.324914987217422
14513,7.324914987217422
14514,7.324914987217422
14515,7.324914987217422
14516,7.324914987217422
14517,7.324914987217422
14518,7.324914987217422
14519,7.324914987217422
14520,7.324914987217422
14521,7.324914987217422
14522,7.324914987217422
14523,7.324914987217422
14524,7.324914987217422
14525,7.324914987217422
14526,7.324914987217422
14527,7.324914987217422
14528,7.324914987217422
14529,7.324914987217422
14530,7.324914987217422
14531,7.324914987217422
14532,7.324914987217422
14533,7.324914987217422
14534,7.324914987217422
14535,7.324914987217422
14536,7.324914987217422
14537,7.324914987217422
14538,7.324914987217422
14539,7.324914987217422
14540,7.324914987217422
14541,7.324914987217422
14542,7.324914987217422
14543,7.324914987217422
14544,7.324914987217422
14545,7.324914987217422
14546,7.324914987217422
14547,7.324914987217422
14548,7.324914987217422
14549,7.324914987217422
14550,7.324914987217422
14551,7.324914987217422
14552,7.324914987217422
14553,7.324914987217422
14554,7.324914987217422
14555,7.324914987217422
14556,7.324914987217422
14557,7.324914987217422
14558,7.324914987217422
14559,7.324914987217422
14560,7.324914987217422
14561,7.324914987217422
14562,7.324914987217422
14563,7.324914987217422
14564,7.324914987217422
14565,7.324914987217422
14566,7.324914987217422
14567,7.324914987217422
14568,7.324914987217422
14569,7.324914987217422
14570,7.324914987217422
14571,7.324914987217422
14572,7.324914987217422
14573,7.324914987217422
14574,7.324914987217422
14575,7.324914987217422
14576,7.324914987217422
14577,7.324914987217422
14578,7.324914987217422
14579,7.324914987217422
14580,7.324914987217422
14581,7.324914987217422
14582,7.324914987217422
14583,7.324914987217422
14584,7.324914987217422
14585,7.324914987217422
14586,7.324914987217422
14587,7.324914987217422
14588,7.324914987217422
14589,7.324914987217422
14590,7.324914987217422
14591,7.324914987217422
14592,7.324914987217422
14593,7.324914987217422
14594,7.324914987217422
14595,7.324914987217422
14596,7.324914987217422
14597,7.324914987217422
14598,7.324914987217422
14599,7.324914987217422
14600,7.324914987217422
14601,7.324914987217422
14602,7.324914987217422
14603,7.324914987217422
14604,7.324914987217422
14605,7.324914987217422
14606,7.324914987217422
14607,7.324914987217422
14608,7.324914987217422
14609,7.324914987217422
14610,7.324914987217422
14611,7.324914987217422
14612,7.324914987217422
14613,7.324914987217422
14614,7.324914987217422
14615,7.324914987217422
14616,7.324914987217422
14617,7.324914987217422
14618,7.324914987217422
14619,7.324914987217422
14620,7.324914987217422
14621,7.324914987217422
14622,7.324914987217422
14623,7.324914987217422
14624,7.324914987217422
14625,7.324914987217422
14626,7.324914987217422
14627,7.324914987217422
14628,7.324914987217422
14629,7.324914987217422
14630,7.324914987217422
14631,7.324914987217422
14632,7.324914987217422
14633,7.324914987217422
14634,7.324914987217422
14635,7.324914987217422
14636,7.324914987217422
14637,7.324914987217422
14638,7.324914987217422
14639,7.324914987217422
14640,7.324914987217422
14641,7.324914987217422
14642,7.324914987217422
14643,7.324914987217422
14644,7.324914987217422
14645,7.324914987217422
14646,7.324914987217422
14647,7.324914987217422
14648,7.324914987217422
14649,7.324914987217422
14650,7.324914987217422
14651,7.324914987217422
14652,7.324914987217422
14653,7.324914987217422
14654,7.324914987217422
14655,7.324914987217422
14656,7.324914987217422
14657,7.324914987217422
14658,7.324914987217422
14659,7.324914987217422
14660,7.324914987217422
14661,7.324914987217422
14662,7.324914987217422
14663,7.324914987217422
14664,7.324914987217422
14665,7.324914987217422
14666,7.324914987217422
14667,7.324914987217422
14668,7.324914987217422
14669,7.324914987217422
14670,7.324914987217422
14671,7.324914987217422
14672,7.324914987217422
14673,7.324914987217422
14674,7.324914987217422
14675,7.324914987217422
14676,7.324914987217422
14677,7.324914987217422
14678,7.324914987217422
14679,7.324914987217422
14680,7.324914987217422
14681,7.324914987217422
14682,7.324914987217422
14683,7.324914987217422
14684,7.324914987217422
14685,7.324914987217422
14686,7.324914987217422
14687,7.324914987217422
14688,7.324914987217422
14689,7.324914987217422
14690,7.324914987217422
14691,7.324914987217422
14692,7.324914987217422
14693,7.324914987217422
14694,7.324914987217422
14695,7.324914987217422
14696,7.324914987217422
14697,7.324914987217422
14698,7.324914987217422
14699,7.324914987217422
14700,7.324914987217422
14701,7.324914987217422
14702,7.324914987217422
14703,7.324914987217422
14704,7.324914987217422
14705,7.324914987217422
14706,7.324914987217422
14707,7.324914987217422
14708,7.324914987217422
14709,7.324914987217422
14710,7.324914987217422
14711,7.324914987217422
14712,7.324914987217422
14713,7.324914987217422
14714,7.324914987217422
14715,7.324914987217422
14716,7.324914987217422
14717,7.324914987217422
14718,7.324914987217422
14719,7.324914987217422
14720,7.324914987217422
14721,7.324914987217422
14722,7.324914987217422
14723,7.324914987217422
14724,7.324914987217422
14725,7.324914987217422
14726,7.324914987217422
14727,7.324914987217422
14728,7.324914987217422
14729,7.324914987217422
14730,7.324914987217422
14731,7.324914987217422
14732,7.324914987217422
14733,7.324914987217422
14734,7.324914987217422
14735,7.324914987217422
14736,7.324914987217422
14737,7.324914987217422
14738,7.324914987217422
14739,7.324914987217422
14740,7.324914987217422
14741,7.324914987217422
14742,7.324914987217422
14743,7.324914987217422
14744,7.324914987217422
14745,7.324914987217422
14746,7.324914987217422
14747,7.324914987217422
14748,7.324914987217422
14749,7.324914987217422
14750,7.324914987217422
14751,7.324914987217422
14752,7.324914987217422
14753,7.324914987217422
14754,7.324914987217422
14755,7.324914987217422
14756,7.324914987217422
14757,7.324914987217422
14758,7.324914987217422
14759,7.324914987217422
14760,7.324914987217422
14761,7.324914987217422
14762,7.324914987217422
14763,7.324914987217422
14764,7.324914987217422
14765,7.324914987217422
14766,7.324914987217422
14767,7.324914987217422
14768,7.324914987217422
14769,7.324914987217422
14770,7.324914987217422
14771,7.324914987217422
14772,7.324914987217422
14773,7.324914987217422
14774,7.324914987217422
14775,7.324914987217422
14776,7.324914987217422
14777,7.324914987217422
14778,7.324914987217422
14779,7.324914987217422
14780,7.324914987217422
14781,7.324914987217422
14782,7.324914987217422
14783,7.324914987217422
14784,7.324914987217422
14785,7.324914987217422
14786,7.324914987217422
14787,7.324914987217422
14788,7.324914987217422
14789,7.324914987217422
14790,7.324914987217422
14791,7.324914987217422
14792,7.324914987217422
14793,7.324914987217422
14794,7.324914987217422
14795,7.324914987217422
14796,7.324914987217422
14797,7.324914987217422
14798,7.324914987217422
14799,7.324914987217422
14800,7.324914987217422
14801,7.324914987217422
14802,7.324914987217422
14803,7.324914987217422
14804,7.324914987217422
14805,7.324914987217422
14806,7.324914987217422
14807,7.324914987217422
14808,7.324914987217422
14809,7.324914987217422
14810,7.324914987217422
14811,7.324914987217422
14812,7.324914987217422
14813,7.324914987217422
14814,7.324914987217422
14815,7.324914987217422
14816,7.324914987217422
14817,7.324914987217422
14818,7.324914987217422
14819,7.324914987217422
14820,7.324914987217422
14821,7.324914987217422
14822,7.324914987217422
14823,7.324914987217422
14824,7.324914987217422
14825,7.324914987217422
14826,7.324914987217422
14827,7.324914987217422
14828,7.324914987217422
14829,7.324914987217422
14830,7.324914987217422
14831,7.324914987217422
14832,7.324914987217422
14833,7.324914987217422
14834,7.324914987217422
14835,7.324914987217422
14836,7.324914987217422
14837,7.324914987217422
14838,7.324914987217422
14839,7.324914987217422
14840,7.324914987217422
14841,7.324914987217422
14842,7.324914987217422
14843,7.324914987217422
14844,7.324914987217422
14845,7.324914987217422
14846,7.324914987217422
14847,7.324914987217422
14848,7.324914987217422
14849,7.324914987217422
14850,7.324914987217422
14851,7.324914987217422
14852,7.324914987217422
14853,7.324914987217422
14854,7.324914987217422
14855,7.324914987217422
14856,7.324914987217422
14857,7.324914987217422
14858,7.324914987217422
14859,7.324914987217422
14860,7.324914987217422
14861,7.324914987217422
14862,7.324914987217422
14863,7.324914987217422
14864,7.324914987217422
14865,7.324914987217422
14866,7.324914987217422
14867,7.324914987217422
14868,7.324914987217422
14869,7.324914987217422
14870,7.324914987217422
14871,7.324914987217422
14872,7.324914987217422
14873,7.324914987217422
14874,7.324914987217422
14875,7.324914987217422
14876,7.324914987217422
14877,7.324914987217422
14878,7.324914987217422
14879,7.324914987217422
14880,7.324914987217422
14881,7.324914987217422
14882,7.324914987217422
14883,7.324914987217422
14884,7.324914987217422
14885,7.324914987217422
14886,7.324914987217422
14887,7.324914987217422
14888,7.324914987217422
14889,7.324914987217422
14890,7.324914987217422
14891,7.324914987217422
14892,7.324914987217422
14893,7.324914987217422
14894,7.324914987217422
14895,7.324914987217422
14896,7.324914987217422
14897,7.324914987217422
14898,7.324914987217422
14899,7.324914987217422
14900,7.324914987217422
14901,7.324914987217422
14902,7.324914987217422
14903,7.324914987217422
14904,7.324914987217422
14905,7.324914987217422
14906,7.324914987217422
14907,7.324914987217422
14908,7.324914987217422
14909,7.324914987217422
14910,7.324914987217422
14911,7.324914987217422
14912,7.324914987217422
14913,7.324914987217422
14914,7.324914987217422
14915,7.324914987217422
14916,7.324914987217422
14917,7.324914987217422
14918,7.324914987217422
14919,7.324914987217422
14920,7.324914987217422
14921,7.324914987217422
14922,7.324914987217422
14923,7.324914987217422
14924,7.324914987217422
14925,7.324914987217422
14926,7.324914987217422
14927,7.324914987217422
14928,7.324914987217422
14929,7.324914987217422
14930,7.324914987217422
14931,7.324914987217422
14932,7.324914987217422
14933,7.324914987217422
14934,7.324914987217422
14935,7.324914987217422
14936,7.324914987217422
14937,7.324914987217422
14938,7.324914987217422
14939,7.324914987217422
14940,7.324914987217422
14941,7.324914987217422
14942,7.324914987217422
14943,7.324914987217422
14944,7.324914987217422
14945,7.324914987217422
14946,7.324914987217422
14947,7.324914987217422
14948,7.324914987217422
14949,7.324914987217422
14950,7.324914987217422
14951,7.324914987217422
14952,7.324914987217422
14953,7.324914987217422
14954,7.324914987217422
14955,7.324914987217422
14956,7.324914987217422
14957,7.324914987217422
14958,7.324914987217422
14959,7.324914987217422
14960,7.324914987217422
14961,7.324914987217422
14962,7.324914987217422
14963,7.324914987217422
14964,7.324914987217422
14965,7.324914987217422
14966,7.324914987217422
14967,7.324914987217422
14968,7.324914987217422
14969,7.324914987217422
14970,7.324914987217422
14971,7.324914987217422
14972,7.324914987217422
14973,7.324914987217422
14974,7.324914987217422
14975,7.324914987217422
14976,7.324914987217422
14977,7.324914987217422
14978,7.324914987217422
14979,7.324914987217422
14980,7.324914987217422
14981,7.324914987217422
14982,7.324914987217422
14983,7.324914987217422
14984,7.324914987217422
14985,7.324914987217422
14986,7.324914987217422
14987,7.324914987217422
14988,7.324914987217422
14989,7.324914987217422
14990,7.324914987217422
14991,7.324914987217422
14992,7.324914987217422
14993,7.324914987217422
14994,7.324914987217422
14995,7.324914987217422
14996,7.324914987217422
14997,7.324914987217422
14998,7.324914987217422
14999,7.324914987217422
15000,7.324914987217422
15001,7.324914987217422
15002,7.324914987217422
15003,7.324914987217422
15004,7.324914987217422
15005,7.324914987217422
15006,7.324914987217422
15007,7.324914987217422
15008,7.324914987217422
15009,7.324914987217422
15010,7.324914987217422
15011,7.324914987217422
15012,7.324914987217422
15013,7.324914987217422
15014,7.324914987217422
15015,7.324914987217422
15016,7.324914987217422
15017,7.324914987217422
15018,7.324914987217422
15019,7.324914987217422
15020,7.324914987217422
15021,7.324914987217422
15022,7.324914987217422
15023,7.324914987217422
15024,7.324914987217422
15025,7.324914987217422
15026,7.324914987217422
15027,7.324914987217422
15028,7.324914987217422
15029,7.324914987217422
15030,7.324914987217422
15031,7.324914987217422
15032,7.324914987217422
15033,7.324914987217422
15034,7.324914987217422
15035,7.324914987217422
15036,7.324914987217422
15037,7.324914987217422
15038,7.324914987217422
15039,7.324914987217422
15040,7.324914987217422
15041,7.324914987217422
15042,7.324914987217422
15043,7.324914987217422
15044,7.324914987217422
15045,7.324914987217422
15046,7.324914987217422
15047,7.324914987217422
15048,7.324914987217422
15049,7.324914987217422
15050,7.324914987217422
15051,7.324914987217422
15052,7.324914987217422
15053,7.324914987217422
15054,7.324914987217422
15055,7.324914987217422
15056,7.324914987217422
15057,7.324914987217422
15058,7.324914987217422
15059,7.324914987217422
15060,7.324914987217422
15061,7.324914987217422
15062,7.324914987217422
15063,7.324914987217422
15064,7.324914987217422
15065,7.324914987217422
15066,7.324914987217422
15067,7.324914987217422
15068,7.324914987217422
15069,7.324914987217422
15070,7.324914987217422
15071,7.324914987217422
15072,7.324914987217422
15073,7.324914987217422
15074,7.324914987217422
15075,7.324914987217422
15076,7.324914987217422
15077,7.324914987217422
15078,7.324914987217422
15079,7.324914987217422
15080,7.324914987217422
15081,7.324914987217422
15082,7.324914987217422
15083,7.324914987217422
15084,7.324914987217422
15085,7.324914987217422
15086,7.324914987217422
15087,7.324914987217422
15088,7.324914987217422
15089,7.324914987217422
15090,7.324914987217422
15091,7.324914987217422
15092,7.324914987217422
15093,7.324914987217422
15094,7.324914987217422
15095,7.324914987217422
15096,7.324914987217422
15097,7.324914987217422
15098,7.324914987217422
15099,7.324914987217422
15100,7.324914987217422
15101,7.324914987217422
15102,7.324914987217422
15103,7.324914987217422
15104,7.324914987217422
15105,7.324914987217422
15106,7.324914987217422
15107,7.324914987217422
15108,7.324914987217422
15109,7.324914987217422
15110,7.324914987217422
15111,7.324914987217422
15112,7.324914987217422
15113,7.324914987217422
15114,7.324914987217422
15115,7.324914987217422
15116,7.324914987217422
15117,7.324914987217422
15118,7.324914987217422
15119,7.324914987217422
15120,7.324914987217422
15121,7.324914987217422
15122,7.324914987217422
15123,7.324914987217422
15124,7.324914987217422
15125,7.324914987217422
15126,7.324914987217422
15127,7.324914987217422
15128,7.324914987217422
15129,7.324914987217422
15130,7.324914987217422
15131,7.324914987217422
15132,7.324914987217422
15133,7.324914987217422
15134,7.324914987217422
15135,7.324914987217422
15136,7.324914987217422
15137,7.324914987217422
15138,7.324914987217422
15139,7.324914987217422
15140,7.324914987217422
15141,7.324914987217422
15142,7.324914987217422
15143,7.324914987217422
15144,7.324914987217422
15145,7.324914987217422
15146,7.324914987217422
15147,7.324914987217422
15148,7.324914987217422
15149,7.324914987217422
15150,7.324914987217422
15151,7.324914987217422
15152,7.324914987217422
15153,7.324914987217422
15154,7.324914987217422
15155,7.324914987217422
15156,7.324914987217422
15157,7.324914987217422
15158,7.324914987217422
15159,7.324914987217422
15160,7.324914987217422
15161,7.324914987217422
15162,7.324914987217422
15163,7.324914987217422
15164,7.324914987217422
15165,7.324914987217422
15166,7.324914987217422
15167,7.324914987217422
15168,7.324914987217422
15169,7.324914987217422
15170,7.324914987217422
15171,7.324914987217422
15172,7.324914987217422
15173,7.324914987217422
15174,7.324914987217422
15175,7.324914987217422
15176,7.324914987217422
15177,7.324914987217422
15178,7.324914987217422
15179,7.324914987217422
15180,7.324914987217422
15181,7.324914987217422
15182,7.324914987217422
15183,7.324914987217422
15184,7.324914987217422
15185,7.324914987217422
15186,7.324914987217422
15187,7.324914987217422
15188,7.324914987217422
15189,7.324914987217422
15190,7.324914987217422
15191,7.324914987217422
15192,7.324914987217422
15193,7.324914987217422
15194,7.324914987217422
15195,7.324914987217422
15196,7.324914987217422
15197,7.324914987217422
15198,7.324914987217422
15199,7.324914987217422
15200,7.324914987217422
15201,7.324914987217422
15202,7.324914987217422
15203,7.324914987217422
15204,7.324914987217422
15205,7.324914987217422
15206,7.324914987217422
15207,7.324914987217422
15208,7.324914987217422
15209,7.324914987217422
15210,7.324914987217422
15211,7.324914987217422
15212,7.324914987217422
15213,7.324914987217422
15214,7.324914987217422
15215,7.324914987217422
15216,7.324914987217422
15217,7.324914987217422
15218,7.324914987217422
15219,7.324914987217422
15220,7.324914987217422
15221,7.324914987217422
15222,7.324914987217422
15223,7.324914987217422
15224,7.324914987217422
15225,7.324914987217422
15226,7.324914987217422
15227,7.324914987217422
15228,7.324914987217422
15229,7.324914987217422
15230,7.324914987217422
15231,7.324914987217422
15232,7.324914987217422
15233,7.324914987217422
15234,7.324914987217422
15235,7.324914987217422
15236,7.324914987217422
15237,7.324914987217422
15238,7.324914987217422
15239,7.324914987217422
15240,7.324914987217422
15241,7.324914987217422
15242,7.324914987217422
15243,7.324914987217422
15244,7.324914987217422
15245,7.324914987217422
15246,7.324914987217422
15247,7.324914987217422
15248,7.324914987217422
15249,7.324914987217422
15250,7.324914987217422
15251,7.324914987217422
15252,7.324914987217422
15253,7.324914987217422
15254,7.324914987217422
15255,7.324914987217422
15256,7.324914987217422
15257,7.324914987217422
15258,7.324914987217422
15259,7.324914987217422
15260,7.324914987217422
15261,7.324914987217422
15262,7.324914987217422
15263,7.324914987217422
15264,7.324914987217422
15265,7.324914987217422
15266,7.324914987217422
15267,7.324914987217422
15268,7.324914987217422
15269,7.324914987217422
15270,7.324914987217422
15271,7.324914987217422
15272,7.324914987217422
15273,7.324914987217422
15274,7.324914987217422
15275,7.324914987217422
15276,7.324914987217422
15277,7.324914987217422
15278,7.324914987217422
15279,7.324914987217422
15280,7.324914987217422
15281,7.324914987217422
15282,7.324914987217422
15283,7.324914987217422
15284,7.324914987217422
15285,7.324914987217422
15286,7.324914987217422
15287,7.324914987217422
15288,7.324914987217422
15289,7.324914987217422
15290,7.324914987217422
15291,7.324914987217422
15292,7.324914987217422
15293,7.324914987217422
15294,7.324914987217422
15295,7.324914987217422
15296,7.324914987217422
15297,7.324914987217422
15298,7.324914987217422
15299,7.324914987217422
15300,7.324914987217422
15301,7.324914987217422
15302,7.324914987217422
15303,7.324914987217422
15304,7.324914987217422
15305,7.324914987217422
15306,7.324914987217422
15307,7.324914987217422
15308,7.324914987217422
15309,7.324914987217422
15310,7.324914987217422
15311,7.324914987217422
15312,7.324914987217422
15313,7.324914987217422
15314,7.324914987217422
15315,7.324914987217422
15316,7.324914987217422
15317,7.324914987217422
15318,7.324914987217422
15319,7.324914987217422
15320,7.324914987217422
15321,7.324914987217422
15322,7.324914987217422
15323,7.324914987217422
15324,7.324914987217422
15325,7.324914987217422
15326,7.324914987217422
15327,7.324914987217422
15328,7.324914987217422
15329,7.324914987217422
15330,7.324914987217422
15331,7.324914987217422
15332,7.324914987217422
15333,7.324914987217422
15334,7.324914987217422
15335,7.324914987217422
15336,7.324914987217422
15337,7.324914987217422
15338,7.324914987217422
15339,7.324914987217422
15340,7.324914987217422
15341,7.324914987217422
15342,7.324914987217422
15343,7.324914987217422
15344,7.324914987217422
15345,7.324914987217422
15346,7.324914987217422
15347,7.324914987217422
15348,7.324914987217422
15349,7.324914987217422
15350,7.324914987217422
15351,7.324914987217422
15352,7.324914987217422
15353,7.324914987217422
15354,7.324914987217422
15355,7.324914987217422
15356,7.324914987217422
15357,7.324914987217422
15358,7.324914987217422
15359,7.324914987217422
15360,7.324914987217422
15361,7.324914987217422
15362,7.324914987217422
15363,7.324914987217422
15364,7.324914987217422
15365,7.324914987217422
15366,7.324914987217422
15367,7.324914987217422
15368,7.324914987217422
15369,7.324914987217422
15370,7.324914987217422
15371,7.324914987217422
15372,7.324914987217422
15373,7.324914987217422
15374,7.324914987217422
15375,7.324914987217422
15376,7.324914987217422
15377,7.324914987217422
15378,7.324914987217422
15379,7.324914987217422
15380,7.324914987217422
15381,7.324914987217422
15382,7.324914987217422
15383,7.324914987217422
15384,7.324914987217422
15385,7.324914987217422
15386,7.324914987217422
15387,7.324914987217422
15388,7.324914987217422
15389,7.324914987217422
15390,7.324914987217422
15391,7.324914987217422
15392,7.324914987217422
15393,7.324914987217422
15394,7.324914987217422
15395,7.324914987217422
15396,7.324914987217422
15397,7.324914987217422
15398,7.324914987217422
15399,7.324914987217422
15400,7.324914987217422
15401,7.324914987217422
15402,7.324914987217422
15403,7.324914987217422
15404,7.324914987217422
15405,7.324914987217422
15406,7.324914987217422
15407,7.324914987217422
15408,7.324914987217422
15409,7.324914987217422
15410,7.324914987217422
15411,7.324914987217422
15412,7.324914987217422
15413,7.324914987217422
15414,7.324914987217422
15415,7.324914987217422
15416,7.324914987217422
15417,7.324914987217422
15418,7.324914987217422
15419,7.324914987217422
15420,7.324914987217422
15421,7.324914987217422
15422,7.324914987217422
15423,7.324914987217422
15424,7.324914987217422
15425,7.324914987217422
15426,7.324914987217422
15427,7.324914987217422
15428,7.324914987217422
15429,7.324914987217422
15430,7.324914987217422
15431,7.324914987217422
15432,7.324914987217422
15433,7.324914987217422
15434,7.324914987217422
15435,7.324914987217422
15436,7.324914987217422
15437,7.324914987217422
15438,7.324914987217422
15439,7.324914987217422
15440,7.324914987217422
15441,7.324914987217422
15442,7.324914987217422
15443,7.324914987217422
15444,7.324914987217422
15445,7.324914987217422
15446,7.324914987217422
15447,7.324914987217422
15448,7.324914987217422
15449,7.324914987217422
15450,7.324914987217422
15451,7.324914987217422
15452,7.324914987217422
15453,7.324914987217422
15454,7.324914987217422
15455,7.324914987217422
15456,7.324914987217422
15457,7.324914987217422
15458,7.324914987217422
15459,7.324914987217422
15460,7.324914987217422
15461,7.324914987217422
15462,7.324914987217422
15463,7.324914987217422
15464,7.324914987217422
15465,7.324914987217422
15466,7.324914987217422
15467,7.324914987217422
15468,7.324914987217422
15469,7.324914987217422
15470,7.324914987217422
15471,7.324914987217422
15472,7.324914987217422
15473,7.324914987217422
15474,7.324914987217422
15475,7.324914987217422
15476,7.324914987217422
15477,7.324914987217422
15478,7.324914987217422
15479,7.324914987217422
15480,7.324914987217422
15481,7.324914987217422
15482,7.324914987217422
15483,7.324914987217422
15484,7.324914987217422
15485,7.324914987217422
15486,7.324914987217422
15487,7.324914987217422
15488,7.324914987217422
15489,7.324914987217422
15490,7.324914987217422
15491,7.324914987217422
15492,7.324914987217422
15493,7.324914987217422
15494,7.324914987217422
15495,7.324914987217422
15496,7.324914987217422
15497,7.324914987217422
15498,7.324914987217422
15499,7.324914987217422
15500,7.324914987217422
15501,7.324914987217422
15502,7.324914987217422
15503,7.324914987217422
15504,7.324914987217422
15505,7.324914987217422
15506,7.324914987217422
15507,7.324914987217422
15508,7.324914987217422
15509,7.324914987217422
15510,7.324914987217422
15511,7.324914987217422
15512,7.324914987217422
15513,7.324914987217422
15514,7.324914987217422
15515,7.324914987217422
15516,7.324914987217422
15517,7.324914987217422
15518,7.324914987217422
15519,7.324914987217422
15520,7.324914987217422
15521,7.324914987217422
15522,7.324914987217422
15523,7.324914987217422
15524,7.324914987217422
15525,7.324914987217422
15526,7.324914987217422
15527,7.324914987217422
15528,7.324914987217422
15529,7.324914987217422
15530,7.324914987217422
15531,7.324914987217422
15532,7.324914987217422
15533,7.324914987217422
15534,7.324914987217422
15535,7.324914987217422
15536,7.324914987217422
15537,7.324914987217422
15538,7.324914987217422
15539,7.324914987217422
15540,7.324914987217422
15541,7.324914987217422
15542,7.324914987217422
15543,7.324914987217422
15544,7.324914987217422
15545,7.324914987217422
15546,7.324914987217422
15547,7.324914987217422
15548,7.324914987217422
15549,7.324914987217422
15550,7.324914987217422
15551,7.324914987217422
15552,7.324914987217422
15553,7.324914987217422
15554,7.324914987217422
15555,7.324914987217422
15556,7.324914987217422
15557,7.324914987217422
15558,7.324914987217422
15559,7.324914987217422
15560,7.324914987217422
15561,7.324914987217422
15562,7.324914987217422
15563,7.324914987217422
15564,7.324914987217422
15565,7.324914987217422
15566,7.324914987217422
15567,7.324914987217422
15568,7.324914987217422
15569,7.324914987217422
15570,7.324914987217422
15571,7.324914987217422
15572,7.324914987217422
15573,7.324914987217422
15574,7.324914987217422
15575,7.324914987217422
15576,7.324914987217422
15577,7.324914987217422
15578,7.324914987217422
15579,7.324914987217422
15580,7.324914987217422
15581,7.324914987217422
15582,7.324914987217422
15583,7.324914987217422
15584,7.324914987217422
15585,7.324914987217422
15586,7.324914987217422
15587,7.324914987217422
15588,7.324914987217422
15589,7.324914987217422
15590,7.324914987217422
15591,7.324914987217422
15592,7.324914987217422
15593,7.324914987217422
15594,7.324914987217422
15595,4.828986731700738
15596,4.828986731700738
15597,4.828986731700738
15598,4.828986731700738
15599,4.828986731700738
15600,4.828986731700738
15601,4.828986731700738
15602,4.828986731700738
15603,4.828986731700738
15604,4.828986731700738
15605,4.828986731700738
15606,4.828986731700738
15607,4.828986731700738
15608,4.828986731700738
15609,4.828986731700738
15610,4.828986731700738
15611,4.828986731700738
15612,4.828986731700738
15613,4.828986731700738
15614,4.828986731700738
15615,4.828986731700738
15616,4.828986731700738
15617,4.828986731700738
15618,4.828986731700738
15619,4.828986731700738
15620,4.828986731700738
15621,4.828986731700738
15622,4.828986731700738
15623,4.828986731700738
15624,4.828986731700738
15625,4.828986731700738
15626,4.828986731700738
15627,4.828986731700738
15628,4.828986731700738
15629,4.828986731700738
15630,4.828986731700738
15631,4.828986731700738
15632,4.828986731700738
15633,4.828986731700738
15634,4.828986731700738
15635,4.828986731700738
15636,4.828986731700738
15637,4.828986731700738
15638,4.828986731700738
15639,4.828986731700738
15640,4.828986731700738
15641,4.828986731700738
15642,4.828986731700738
15643,4.828986731700738
15644,4.828986731700738
15645,4.828986731700738
15646,4.828986731700738
15647,4.828986731700738
15648,4.828986731700738
15649,4.828986731700738
15650,4.828986731700738
15651,4.828986731700738
15652,4.828986731700738
15653,4.828986731700738
15654,4.828986731700738
15655,4.828986731700738
15656,4.828986731700738
15657,4.828986731700738
15658,4.828986731700738
15659,4.828986731700738
15660,4.828986731700738
15661,4.828986731700738
15662,4.828986731700738
15663,4.828986731700738
15664,4.828986731700738
15665,4.828986731700738
15666,4.828986731700738
15667,4.828986731700738
15668,4.828986731700738
15669,4.828986731700738
15670,4.828986731700738
15671,4.828986731700738
15672,4.828986731700738
15673,4.828986731700738
15674,4.828986731700738
15675,4.828986731700738
15676,4.828986731700738
15677,4.828986731700738
15678,4.828986731700738
15679,4.828986731700738
15680,4.828986731700738
15681,4.828986731700738
15682,4.828986731700738
15683,4.828986731700738
15684,4.828986731700738
15685,4.828986731700738
15686,4.828986731700738
15687,4.828986731700738
15688,4.828986731700738
15689,4.828986731700738
15690,4.828986731700738
15691,4.828986731700738
15692,4.828986731700738
15693,4.828986731700738
15694,4.828986731700738
15695,4.828986731700738
15696,4.828986731700738
15697,4.828986731700738
15698,4.828986731700738
15699,4.828986731700738
15700,4.828986731700738
15701,4.828986731700738
15702,4.828986731700738
15703,4.828986731700738
15704,4.828986731700738
15705,4.828986731700738
15706,4.828986731700738
15707,4.828986731700738
15708,4.828986731700738
15709,4.828986731700738
15710,4.828986731700738
15711,4.828986731700738
15712,4.828986731700738
15713,4.828986731700738
15714,4.828986731700738
15715,4.828986731700738
15716,4.828986731700738
15717,4.828986731700738
15718,4.828986731700738
15719,4.828986731700738
15720,4.828986731700738
15721,4.828986731700738
15722,4.828986731700738
15723,4.828986731700738
15724,4.828986731700738
15725,4.828986731700738
15726,4.828986731700738
15727,4.828986731700738
15728,4.828986731700738
15729,4.828986731700738
15730,4.828986731700738
15731,4.828986731700738
15732,4.828986731700738
15733,4.828986731700738
15734,4.828986731700738
15735,4.828986731700738
15736,4.828986731700738
15737,4.828986731700738
15738,4.828986731700738
15739,4.828986731700738
15740,4.828986731700738
15741,4.828986731700738
15742,4.828986731700738
15743,4.828986731700738
15744,4.828986731700738
15745,4.828986731700738
15746,4.828986731700738
15747,4.828986731700738
15748,4.828986731700738
15749,4.828986731700738
15750,4.828986731700738
15751,4.828986731700738
15752,4.828986731700738
15753,4.828986731700738
15754,4.828986731700738
15755,4.828986731700738
15756,4.828986731700738
15757,4.828986731700738
15758,4.828986731700738
15759,4.828986731700738
15760,4.828986731700738
15761,4.828986731700738
15762,4.828986731700738
15763,4.828986731700738
15764,4.828986731700738
15765,4.828986731700738
15766,4.828986731700738
15767,4.828986731700738
15768,4.828986731700738
15769,4.828986731700738
15770,4.828986731700738
15771,4.828986731700738
15772,4.828986731700738
15773,4.828986731700738
15774,4.828986731700738
15775,4.828986731700738
15776,4.828986731700738
15777,4.828986731700738
15778,4.828986731700738
15779,4.828986731700738
15780,4.828986731700738
15781,4.828986731700738
15782,4.828986731700738
15783,4.828986731700738
15784,4.828986731700738
15785,4.828986731700738
15786,4.828986731700738
15787,4.828986731700738
15788,4.828986731700738
15789,4.828986731700738
15790,4.828986731700738
15791,4.828986731700738
15792,4.828986731700738
15793,4.828986731700738
15794,4.828986731700738
15795,4.828986731700738
15796,4.828986731700738
15797,4.828986731700738
15798,4.828986731700738
15799,4.828986731700738
15800,4.828986731700738
15801,4.828986731700738
15802,4.828986731700738
15803,4.828986731700738
15804,4.828986731700738
15805,4.828986731700738
15806,4.828986731700738
15807,4.828986731700738
15808,4.828986731700738
15809,4.828986731700738
15810,4.828986731700738
15811,4.828986731700738
15812,4.828986731700738
15813,4.828986731700738
15814,4.828986731700738
15815,4.828986731700738
15816,4.828986731700738
15817,4.828986731700738
15818,4.828986731700738
15819,4.828986731700738
15820,4.828986731700738
15821,4.828986731700738
15822,4.828986731700738
15823,4.828986731700738
15824,4.828986731700738
15825,4.828986731700738
15826,4.828986731700738
15827,4.828986731700738
15828,4.828986731700738
15829,4.828986731700738
15830,4.828986731700738
15831,4.828986731700738
15832,4.828986731700738
15833,4.828986731700738
15834,4.828986731700738
15835,4.828986731700738
15836,4.828986731700738
15837,4.828986731700738
15838,4.828986731700738
15839,4.828986731700738
15840,4.828986731700738
15841,4.828986731700738
15842,4.828986731700738
15843,4.828986731700738
15844,4.828986731700738
15845,4.828986731700738
15846,4.828986731700738
15847,4.828986731700738
15848,4.828986731700738
15849,4.828986731700738
15850,4.828986731700738
15851,4.828986731700738
15852,4.828986731700738
15853,4.828986731700738
15854,4.828986731700738
15855,4.828986731700738
15856,4.828986731700738
15857,4.828986731700738
15858,4.828986731700738
15859,4.828986731700738
15860,4.828986731700738
15861,4.828986731700738
15862,4.828986731700738
15863,4.828986731700738
15864,4.828986731700738
15865,4.828986731700738
15866,4.828986731700738
15867,4.828986731700738
15868,4.828986731700738
15869,4.828986731700738
15870,4.828986731700738
15871,4.828986731700738
15872,4.828986731700738
15873,4.828986731700738
15874,4.828986731700738
15875,4.828986731700738
15876,4.828986731700738
15877,4.828986731700738
15878,4.828986731700738
15879,4.828986731700738
15880,4.828986731700738
15881,4.828986731700738
15882,4.828986731700738
15883,4.828986731700738
15884,4.828986731700738
15885,4.828986731700738
15886,4.828986731700738
15887,4.828986731700738
15888,4.828986731700738
15889,4.828986731700738
15890,4.828986731700738
15891,4.828986731700738
15892,4.828986731700738
15893,4.828986731700738
15894,4.828986731700738
15895,4.828986731700738
15896,4.828986731700738
15897,4.828986731700738
15898,4.828986731700738
15899,4.828986731700738
15900,4.828986731700738
15901,4.828986731700738
15902,4.828986731700738
15903,4.828986731700738
15904,4.828986731700738
15905,4.828986731700738
15906,4.828986731700738
15907,4.828986731700738
15908,4.828986731700738
15909,4.828986731700738
15910,4.828986731700738
15911,4.828986731700738
15912,4.828986731700738
15913,4.828986731700738
15914,4.828986731700738
15915,4.828986731700738
15916,4.828986731700738
15917,4.828986731700738
15918,4.828986731700738
15919,4.828986731700738
15920,4.828986731700738
15921,4.828986731700738
15922,4.828986731700738
15923,4.828986731700738
15924,4.828986731700738
15925,4.828986731700738
15926,4.828986731700738
15927,4.828986731700738
15928,4.828986731700738
15929,4.828986731700738
15930,4.828986731700738
15931,4.828986731700738
15932,4.828986731700738
15933,4.828986731700738
15934,4.828986731700738
15935,4.828986731700738
15936,4.828986731700738
15937,4.828986731700738
15938,4.828986731700738
15939,4.828986731700738
15940,4.828986731700738
15941,4.828986731700738
15942,4.828986731700738
15943,4.828986731700738
15944,4.828986731700738
15945,4.828986731700738
15946,4.828986731700738
15947,4.828986731700738
15948,4.828986731700738
15949,4.828986731700738
15950,4.828986731700738
15951,4.828986731700738
15952,4.828986731700738
15953,4.828986731700738
15954,4.828986731700738
15955,4.828986731700738
15956,4.828986731700738
15957,4.828986731700738
15958,4.828986731700738
15959,4.828986731700738
15960,4.828986731700738
15961,4.828986731700738
15962,4.828986731700738
15963,4.828986731700738
15964,4.828986731700738
15965,4.828986731700738
15966,4.828986731700738
15967,4.828986731700738
15968,4.828986731700738
15969,4.828986731700738
15970,4.828986731700738
15971,4.828986731700738
15972,4.828986731700738
15973,4.828986731700738
15974,4.828986731700738
15975,4.828986731700738
15976,4.828986731700738
15977,4.828986731700738
15978,4.828986731700738
15979,4.828986731700738
15980,4.828986731700738
15981,4.828986731700738
15982,4.828986731700738
15983,4.828986731700738
15984,4.828986731700738
15985,4.828986731700738
15986,4.828986731700738
15987,4.828986731700738
15988,4.828986731700738
15989,4.828986731700738
15990,4.828986731700738
15991,4.828986731700738
15992,4.828986731700738
15993,4.828986731700738
15994,4.828986731700738
15995,4.828986731700738
15996,4.828986731700738
15997,4.828986731700738
15998,4.828986731700738
15999,4.828986731700738
16000,4.828986731700738
16001,4.828986731700738
16002,4.828986731700738
16003,4.828986731700738
16004,4.828986731700738
16005,4.828986731700738
16006,4.828986731700738
16007,4.828986731700738
16008,4.828986731700738
16009,4.828986731700738
16010,4.828986731700738
16011,4.828986731700738
16012,4.828986731700738
16013,4.828986731700738
16014,4.828986731700738
16015,4.828986731700738
16016,4.828986731700738
16017,4.828986731700738
16018,4.828986731700738
16019,4.828986731700738
16020,4.828986731700738
16021,4.828986731700738
16022,4.828986731700738
16023,4.828986731700738
16024,4.828986731700738
16025,4.828986731700738
16026,4.828986731700738
16027,4.828986731700738
16028,4.828986731700738
16029,4.828986731700738
16030,4.828986731700738
16031,4.828986731700738
16032,4.828986731700738
16033,4.828986731700738
16034,4.828986731700738
16035,4.828986731700738
16036,4.828986731700738
16037,4.828986731700738
16038,4.828986731700738
16039,4.828986731700738
16040,4.828986731700738
16041,4.828986731700738
16042,4.828986731700738
16043,4.828986731700738
16044,4.828986731700738
16045,4.828986731700738
16046,4.828986731700738
16047,4.828986731700738
16048,4.828986731700738
16049,4.828986731700738
16050,4.828986731700738
16051,4.828986731700738
16052,4.828986731700738
16053,4.828986731700738
16054,4.828986731700738
16055,4.828986731700738
16056,4.828986731700738
16057,4.828986731700738
16058,4.828986731700738
16059,4.828986731700738
16060,4.828986731700738
16061,4.828986731700738
16062,4.828986731700738
16063,4.828986731700738
16064,4.828986731700738
16065,4.828986731700738
16066,4.828986731700738
16067,4.828986731700738
16068,4.828986731700738
16069,4.828986731700738
16070,4.828986731700738
16071,4.828986731700738
16072,4.828986731700738
16073,4.828986731700738
16074,4.828986731700738
16075,4.828986731700738
16076,4.828986731700738
16077,4.828986731700738
16078,4.828986731700738
16079,4.828986731700738
16080,4.828986731700738
16081,4.828986731700738
16082,4.828986731700738
16083,4.828986731700738
16084,4.828986731700738
16085,4.828986731700738
16086,4.828986731700738
16087,4.828986731700738
16088,4.828986731700738
16089,4.828986731700738
16090,4.828986731700738
16091,4.828986731700738
16092,4.828986731700738
16093,4.828986731700738
16094,4.828986731700738
16095,4.828986731700738
16096,4.828986731700738
16097,4.828986731700738
16098,4.828986731700738
16099,4.828986731700738
16100,4.828986731700738
16101,4.828986731700738
16102,4.828986731700738
16103,4.828986731700738
16104,4.828986731700738
16105,4.828986731700738
16106,4.828986731700738
16107,4.828986731700738
16108,4.828986731700738
16109,4.828986731700738
16110,4.828986731700738
16111,4.828986731700738
16112,4.828986731700738
16113,4.828986731700738
16114,4.828986731700738
16115,4.828986731700738
16116,4.828986731700738
16117,4.828986731700738
16118,4.828986731700738
16119,4.828986731700738
16120,4.828986731700738
16121,4.828986731700738
16122,4.828986731700738
16123,4.828986731700738
16124,4.828986731700738
16125,4.828986731700738
16126,4.828986731700738
16127,4.828986731700738
16128,4.828986731700738
16129,4.828986731700738
16130,4.828986731700738
16131,4.828986731700738
16132,4.828986731700738
16133,4.828986731700738
16134,4.828986731700738
16135,4.828986731700738
16136,4.828986731700738
16137,4.828986731700738
16138,4.828986731700738
16139,4.828986731700738
16140,4.828986731700738
16141,4.828986731700738
16142,4.828986731700738
16143,4.828986731700738
16144,4.828986731700738
16145,4.828986731700738
16146,4.828986731700738
16147,4.828986731700738
16148,4.828986731700738
16149,4.828986731700738
16150,4.828986731700738
16151,4.828986731700738
16152,4.828986731700738
16153,4.828986731700738
16154,4.828986731700738
16155,4.828986731700738
16156,4.828986731700738
16157,4.828986731700738
16158,4.828986731700738
16159,4.828986731700738
16160,4.828986731700738
16161,4.828986731700738
16162,4.828986731700738
16163,4.828986731700738
16164,4.828986731700738
16165,4.828986731700738
16166,4.828986731700738
16167,4.828986731700738
16168,4.828986731700738
16169,4.828986731700738
16170,4.828986731700738
16171,4.828986731700738
16172,4.828986731700738
16173,4.828986731700738
16174,4.828986731700738
16175,4.828986731700738
16176,4.828986731700738
16177,4.828986731700738
16178,4.828986731700738
16179,4.828986731700738
16180,4.828986731700738
16181,4.828986731700738
16182,4.828986731700738
16183,4.828986731700738
16184,4.828986731700738
16185,4.828986731700738
16186,4.828986731700738
16187,4.828986731700738
16188,4.828986731700738
16189,4.828986731700738
16190,4.828986731700738
16191,4.828986731700738
16192,4.828986731700738
16193,4.828986731700738
16194,4.828986731700738
16195,4.828986731700738
16196,4.828986731700738
16197,4.828986731700738
16198,4.828986731700738
16199,4.828986731700738
16200,4.828986731700738
16201,4.828986731700738
16202,4.828986731700738
16203,4.828986731700738
16204,4.828986731700738
16205,4.828986731700738
16206,4.828986731700738
16207,4.828986731700738
16208,4.828986731700738
16209,4.828986731700738
16210,4.828986731700738
16211,4.828986731700738
16212,4.828986731700738
16213,4.828986731700738
16214,4.828986731700738
16215,4.828986731700738
16216,4.828986731700738
16217,4.828986731700738
16218,4.828986731700738
16219,4.828986731700738
16220,4.828986731700738
16221,4.828986731700738
16222,4.828986731700738
16223,4.828986731700738
16224,4.828986731700738
16225,4.828986731700738
16226,4.828986731700738
16227,4.828986731700738
16228,4.828986731700738
16229,4.828986731700738
16230,4.828986731700738
16231,4.828986731700738
16232,4.828986731700738
16233,4.828986731700738
16234,4.828986731700738
16235,4.828986731700738
16236,4.828986731700738
16237,4.828986731700738
16238,4.828986731700738
16239,4.828986731700738
16240,4.828986731700738
16241,4.828986731700738
16242,4.828986731700738
16243,4.828986731700738
16244,4.828986731700738
16245,4.828986731700738
16246,4.828986731700738
16247,4.828986731700738
16248,4.828986731700738
16249,4.828986731700738
16250,4.828986731700738
16251,4.828986731700738
16252,4.828986731700738
16253,4.828986731700738
16254,4.828986731700738
16255,4.828986731700738
16256,4.828986731700738
16257,4.828986731700738
16258,4.828986731700738
16259,4.828986731700738
16260,4.828986731700738
16261,4.828986731700738
16262,4.828986731700738
16263,4.828986731700738
16264,4.828986731700738
16265,4.828986731700738
16266,4.828986731700738
16267,4.828986731700738
16268,4.828986731700738
16269,4.828986731700738
16270,4.828986731700738
16271,4.828986731700738
16272,4.828986731700738
16273,4.828986731700738
16274,4.828986731700738
16275,4.828986731700738
16276,4.828986731700738
16277,4.828986731700738
16278,4.828986731700738
16279,4.828986731700738
16280,4.828986731700738
16281,4.828986731700738
16282,4.828986731700738
16283,4.828986731700738
16284,4.828986731700738
16285,4.828986731700738
16286,4.828986731700738
16287,4.828986731700738
16288,4.828986731700738
16289,4.828986731700738
16290,4.828986731700738
16291,4.828986731700738
16292,4.828986731700738
16293,4.828986731700738
16294,4.828986731700738
16295,4.828986731700738
16296,4.828986731700738
16297,4.828986731700738
16298,4.828986731700738
16299,4.828986731700738
16300,4.828986731700738
16301,4.828986731700738
16302,4.828986731700738
16303,4.828986731700738
16304,4.828986731700738
16305,4.828986731700738
16306,4.828986731700738
16307,4.828986731700738
16308,4.828986731700738
16309,4.828986731700738
16310,4.828986731700738
16311,4.828986731700738
16312,4.828986731700738
16313,4.828986731700738
16314,4.828986731700738
16315,4.828986731700738
16316,4.828986731700738
16317,4.828986731700738
16318,4.828986731700738
16319,4.828986731700738
16320,4.828986731700738
16321,4.828986731700738
16322,4.828986731700738
16323,4.828986731700738
16324,4.828986731700738
16325,4.828986731700738
16326,4.828986731700738
16327,4.828986731700738
16328,4.828986731700738
16329,4.828986731700738
16330,4.828986731700738
16331,4.828986731700738
16332,4.828986731700738
16333,4.828986731700738
16334,4.828986731700738
16335,4.828986731700738
16336,4.828986731700738
16337,4.828986731700738
16338,4.828986731700738
16339,4.828986731700738
16340,6.730646354951545
16341,6.730646354951545
16342,6.730646354951545
16343,6.730646354951545
16344,6.730646354951545
16345,6.730646354951545
16346,6.730646354951545
16347,6.730646354951545
16348,6.730646354951545
16349,6.730646354951545
16350,6.730646354951545
16351,6.730646354951545
16352,6.730646354951545
16353,6.730646354951545
16354,6.730646354951545
16355,6.730646354951545
16356,6.730646354951545
16357,6.730646354951545
16358,6.730646354951545
16359,6.730646354951545
16360,6.730646354951545
16361,6.730646354951545
16362,6.730646354951545
16363,6.730646354951545
16364,6.730646354951545
16365,6.730646354951545
16366,6.730646354951545
16367,6.730646354951545
16368,6.730646354951545
16369,6.730646354951545
16370,6.730646354951545
16371,6.730646354951545
16372,6.730646354951545
16373,6.730646354951545
16374,6.730646354951545
16375,6.730646354951545
16376,6.730646354951545
16377,6.730646354951545
16378,6.730646354951545
16379,6.730646354951545
16380,6.730646354951545
16381,6.730646354951545
16382,6.730646354951545
16383,6.730646354951545
16384,6.730646354951545
16385,6.730646354951545
16386,6.730646354951545
16387,6.730646354951545
16388,6.730646354951545
16389,6.730646354951545
16390,6.730646354951545
16391,6.730646354951545
16392,6.730646354951545
16393,6.730646354951545
16394,6.730646354951545
16395,6.730646354951545
16396,6.730646354951545
16397,6.730646354951545
16398,6.730646354951545
16399,6.730646354951545
16400,6.730646354951545
16401,6.730646354951545
16402,6.730646354951545
16403,6.730646354951545
16404,6.730646354951545
16405,6.730646354951545
16406,6.730646354951545
16407,6.730646354951545
16408,6.730646354951545
16409,6.730646354951545
16410,6.730646354951545
16411,6.730646354951545
16412,6.730646354951545
16413,6.730646354951545
16414,6.730646354951545
16415,6.730646354951545
16416,6.730646354951545
16417,6.730646354951545
16418,6.730646354951545
16419,6.730646354951545
16420,6.730646354951545
16421,6.730646354951545
16422,6.730646354951545
16423,6.730646354951545
16424,6.730646354951545
16425,6.730646354951545
16426,6.730646354951545
16427,6.730646354951545
16428,6.730646354951545
16429,6.730646354951545
16430,6.730646354951545
16431,6.730646354951545
16432,6.730646354951545
16433,6.730646354951545
16434,6.730646354951545
16435,6.730646354951545
16436,6.730646354951545
16437,6.730646354951545
16438,6.730646354951545
16439,6.730646354951545
16440,6.730646354951545
16441,6.730646354951545
16442,6.730646354951545
16443,6.730646354951545
16444,6.730646354951545
16445,6.730646354951545
16446,6.730646354951545
16447,6.730646354951545
16448,6.730646354951545
16449,6.730646354951545
16450,6.730646354951545
16451,6.730646354951545
16452,6.730646354951545
16453,6.730646354951545
16454,6.730646354951545
16455,6.730646354951545
16456,6.730646354951545
16457,6.730646354951545
16458,6.730646354951545
16459,6.730646354951545
16460,6.730646354951545
16461,6.730646354951545
16462,6.730646354951545
16463,6.730646354951545
16464,6.730646354951545
16465,6.730646354951545
16466,6.730646354951545
16467,6.730646354951545
16468,6.730646354951545
16469,6.730646354951545
16470,6.730646354951545
16471,6.730646354951545
16472,6.730646354951545
16473,6.730646354951545
16474,6.730646354951545
16475,6.730646354951545
16476,6.730646354951545
16477,6.730646354951545
16478,6.730646354951545
16479,6.730646354951545
16480,6.730646354951545
16481,6.730646354951545
16482,6.730646354951545
16483,6.730646354951545
16484,6.730646354951545
16485,6.730646354951545
16486,6.730646354951545
16487,6.730646354951545
16488,6.730646354951545
16489,6.730646354951545
16490,6.730646354951545
16491,6.730646354951545
16492,6.730646354951545
16493,6.730646354951545
16494,6.730646354951545
16495,6.730646354951545
16496,6.730646354951545
16497,6.730646354951545
16498,6.730646354951545
16499,6.730646354951545
