frame,pupil_norm
1,16.149835282343403
2,16.149835282343403
3,16.149835282343403
4,16.149835282343403
5,16.149835282343403
6,16.149835282343403
7,16.149835282343403
8,16.149835282343403
9,16.149835282343403
10,16.149835282343403
11,16.149835282343403
12,16.149835282343403
13,16.149835282343403
14,16.149835282343403
15,16.149835282343403
16,16.149835282343403
17,16.149835282343403
18,16.149835282343403
19,16.149835282343403
20,16.149835282343403
21,16.149835282343403
22,16.149835282343403
23,16.149835282343403
24,16.149835282343403
25,16.149835282343403
26,16.149835282343403
27,16.149835282343403
28,16.149835282343403
29,16.149835282343403
30,16.149835282343403
31,16.149835282343403
32,16.149835282343403
33,16.149835282343403
34,16.149835282343403
35,16.149835282343403
36,16.149835282343403
37,16.149835282343403
38,16.149835282343403
39,16.149835282343403
40,16.149835282343403
41,16.149835282343403
42,16.149835282343403
43,16.149835282343403
44,16.149835282343403
45,16.149835282343403
46,16.149835282343403
47,16.149835282343403
48,16.149835282343403
49,16.149835282343403
50,16.149835282343403
51,16.149835282343403
52,16.149835282343403
53,16.149835282343403
54,16.149835282343403
55,16.149835282343403
56,16.149835282343403
57,16.149835282343403
58,16.149835282343403
59,16.149835282343403
60,16.149835282343403
61,16.149835282343403
62,16.149835282343403
63,16.149835282343403
64,16.149835282343403
65,16.149835282343403
66,16.149835282343403
67,16.149835282343403
68,16.149835282343403
69,16.149835282343403
70,16.149835282343403
71,16.149835282343403
72,16.149835282343403
73,16.149835282343403
74,16.149835282343403
75,16.149835282343403
76,16.149835282343403
77,16.149835282343403
78,16.149835282343403
79,16.149835282343403
80,16.149835282343403
81,16.149835282343403
82,16.149835282343403
83,16.149835282343403
84,16.149835282343403
85,16.149835282343403
86,16.149835282343403
87,16.149835282343403
88,16.149835282343403
89,16.149835282343403
90,16.149835282343403
91,16.149835282343403
92,16.149835282343403
93,16.149835282343403
94,16.149835282343403
95,16.149835282343403
96,16.149835282343403
97,16.149835282343403
98,16.149835282343403
99,16.149835282343403
100,16.149835282343403
101,16.149835282343403
102,16.149835282343403
103,16.149835282343403
104,16.149835282343403
105,16.149835282343403
106,16.149835282343403
107,16.149835282343403
108,16.149835282343403
109,16.149835282343403
110,16.149835282343403
111,16.149835282343403
112,16.149835282343403
113,16.149835282343403
114,16.149835282343403
115,16.149835282343403
116,16.149835282343403
117,16.149835282343403
118,16.149835282343403
119,16.149835282343403
120,16.149835282343403
121,16.149835282343403
122,16.149835282343403
123,16.149835282343403
124,16.149835282343403
125,16.149835282343403
126,16.149835282343403
127,16.149835282343403
128,16.149835282343403
129,16.149835282343403
130,16.149835282343403
131,16.149835282343403
132,16.149835282343403
133,16.149835282343403
134,16.149835282343403
135,16.149835282343403
136,16.149835282343403
137,16.149835282343403
138,16.149835282343403
139,16.149835282343403
140,16.149835282343403
141,16.149835282343403
142,16.149835282343403
143,16.149835282343403
144,16.149835282343403
145,16.149835282343403
146,16.149835282343403
147,16.149835282343403
148,16.149835282343403
149,16.149835282343403
150,16.149835282343403
151,16.149835282343403
152,16.149835282343403
153,16.149835282343403
154,16.149835282343403
155,16.149835282343403
156,16.149835282343403
157,16.149835282343403
158,16.149835282343403
159,16.149835282343403
160,16.149835282343403
161,16.149835282343403
162,16.149835282343403
163,16.149835282343403
164,16.149835282343403
165,16.149835282343403
166,16.149835282343403
167,16.149835282343403
168,16.149835282343403
169,16.149835282343403
170,16.149835282343403
171,16.149835282343403
172,16.149835282343403
173,16.149835282343403
174,16.149835282343403
175,16.149835282343403
176,16.149835282343403
177,16.149835282343403
178,16.149835282343403
179,16.149835282343403
180,16.149835282343403
181,16.149835282343403
182,16.149835282343403
183,16.149835282343403
184,16.149835282343403
185,16.149835282343403
186,16.149835282343403
187,16.149835282343403
188,16.149835282343403
189,16.149835282343403
190,16.149835282343403
191,16.149835282343403
192,16.149835282343403
193,16.149835282343403
194,16.149835282343403
195,16.149835282343403
196,16.149835282343403
197,16.149835282343403
198,16.149835282343403
199,16.149835282343403
200,16.149835282343403
201,16.149835282343403
202,16.149835282343403
203,16.149835282343403
204,16.149835282343403
205,16.149835282343403
206,16.149835282343403
207,16.149835282343403
208,16.149835282343403
209,16.149835282343403
210,16.149835282343403
211,16.149835282343403
212,16.149835282343403
213,16.149835282343403
214,16.149835282343403
215,16.149835282343403
216,16.149835282343403
217,16.149835282343403
218,16.149835282343403
219,16.149835282343403
220,16.149835282343403
221,16.149835282343403
222,16.149835282343403
223,16.149835282343403
224,16.149835282343403
225,16.149835282343403
226,16.149835282343403
227,16.149835282343403
228,16.149835282343403
229,16.149835282343403
230,16.149835282343403
231,16.149835282343403
232,16.149835282343403
233,16.149835282343403
234,16.149835282343403
235,16.149835282343403
236,16.149835282343403
237,16.149835282343403
238,16.149835282343403
239,16.149835282343403
240,16.149835282343403
241,16.149835282343403
242,16.149835282343403
243,16.149835282343403
244,16.149835282343403
245,16.149835282343403
246,16.149835282343403
247,16.149835282343403
248,16.149835282343403
249,16.149835282343403
250,16.149835282343403
251,16.149835282343403
252,16.149835282343403
253,16.149835282343403
254,16.149835282343403
255,16.149835282343403
256,16.149835282343403
257,16.149835282343403
258,16.149835282343403
259,16.149835282343403
260,16.149835282343403
261,16.149835282343403
262,19.2647354549488
263,19.2647354549488
264,19.2647354549488
265,19.2647354549488
266,19.2647354549488
267,19.2647354549488
268,19.2647354549488
269,19.2647354549488
270,19.2647354549488
271,19.2647354549488
272,19.2647354549488
273,19.2647354549488
274,19.2647354549488
275,19.2647354549488
276,19.2647354549488
277,19.2647354549488
278,19.2647354549488
279,19.2647354549488
280,19.2647354549488
281,19.2647354549488
282,19.2647354549488
283,19.2647354549488
284,19.2647354549488
285,19.2647354549488
286,19.2647354549488
287,19.2647354549488
288,19.2647354549488
289,19.2647354549488
290,19.2647354549488
291,19.2647354549488
292,19.2647354549488
293,19.2647354549488
294,19.2647354549488
295,19.2647354549488
296,19.2647354549488
297,19.2647354549488
298,19.2647354549488
299,19.2647354549488
300,19.2647354549488
301,19.2647354549488
302,19.2647354549488
303,19.2647354549488
304,19.2647354549488
305,19.2647354549488
306,19.2647354549488
307,19.2647354549488
308,19.2647354549488
309,19.2647354549488
310,19.2647354549488
311,19.2647354549488
312,19.2647354549488
313,19.2647354549488
314,19.2647354549488
315,19.2647354549488
316,19.2647354549488
317,19.2647354549488
318,19.2647354549488
319,19.2647354549488
320,19.2647354549488
321,19.2647354549488
322,19.2647354549488
323,19.2647354549488
324,19.2647354549488
325,19.2647354549488
326,19.2647354549488
327,19.2647354549488
328,19.2647354549488
329,19.2647354549488
330,19.2647354549488
331,19.2647354549488
332,19.2647354549488
333,19.2647354549488
334,19.2647354549488
335,19.2647354549488
336,19.2647354549488
337,19.2647354549488
338,19.2647354549488
339,19.2647354549488
340,19.2647354549488
341,19.2647354549488
342,19.2647354549488
343,19.2647354549488
344,19.2647354549488
345,19.2647354549488
346,19.2647354549488
347,19.2647354549488
348,19.2647354549488
349,19.2647354549488
350,19.2647354549488
351,19.2647354549488
352,19.2647354549488
353,19.2647354549488
354,19.2647354549488
355,19.2647354549488
356,19.2647354549488
357,19.2647354549488
358,19.2647354549488
359,19.2647354549488
360,19.2647354549488
361,19.2647354549488
362,19.2647354549488
363,19.2647354549488
364,19.2647354549488
365,19.2647354549488
366,19.2647354549488
367,19.2647354549488
368,19.2647354549488
369,19.2647354549488
370,19.2647354549488
371,19.2647354549488
372,19.2647354549488
373,19.2647354549488
374,19.2647354549488
375,19.2647354549488
376,19.2647354549488
377,19.2647354549488
378,19.2647354549488
379,19.2647354549488
380,19.2647354549488
381,19.2647354549488
382,19.2647354549488
383,19.2647354549488
384,19.2647354549488
385,19.2647354549488
386,19.2647354549488
387,19.2647354549488
388,19.2647354549488
389,19.2647354549488
390,19.2647354549488
391,19.2647354549488
392,19.2647354549488
393,19.2647354549488
394,19.2647354549488
395,19.2647354549488
396,19.2647354549488
397,19.2647354549488
398,19.2647354549488
399,19.2647354549488
400,19.2647354549488
401,19.2647354549488
402,19.2647354549488
403,19.2647354549488
404,19.2647354549488
405,19.2647354549488
406,19.2647354549488
407,19.2647354549488
408,19.2647354549488
409,19.2647354549488
410,19.2647354549488
411,19.2647354549488
412,19.2647354549488
413,19.2647354549488
414,19.2647354549488
415,19.2647354549488
416,19.2647354549488
417,19.2647354549488
418,19.2647354549488
419,19.2647354549488
420,19.2647354549488
421,19.2647354549488
422,19.2647354549488
423,19.2647354549488
424,19.2647354549488
425,19.2647354549488
426,19.2647354549488
427,19.2647354549488
428,19.2647354549488
429,19.2647354549488
430,19.2647354549488
431,19.2647354549488
432,19.2647354549488
433,19.2647354549488
434,19.2647354549488
435,19.2647354549488
436,19.2647354549488
437,19.2647354549488
438,19.2647354549488
439,19.2647354549488
440,19.2647354549488
441,19.2647354549488
442,19.2647354549488
443,19.2647354549488
444,19.2647354549488
445,19.2647354549488
446,19.2647354549488
447,19.2647354549488
448,19.2647354549488
449,19.2647354549488
450,19.2647354549488
451,19.2647354549488
452,19.2647354549488
453,19.2647354549488
454,19.2647354549488
455,19.2647354549488
456,19.2647354549488
457,19.2647354549488
458,19.2647354549488
459,19.2647354549488
460,19.2647354549488
461,19.2647354549488
462,19.2647354549488
463,19.2647354549488
464,19.2647354549488
465,19.2647354549488
466,19.2647354549488
467,19.2647354549488
468,19.2647354549488
469,19.2647354549488
470,19.2647354549488
471,19.2647354549488
472,19.2647354549488
473,19.2647354549488
474,19.2647354549488
475,19.2647354549488
476,19.2647354549488
477,19.2647354549488
478,19.2647354549488
479,19.2647354549488
480,19.2647354549488
481,19.2647354549488
482,19.2647354549488
483,19.2647354549488
484,19.2647354549488
485,19.2647354549488
486,19.2647354549488
487,19.2647354549488
488,19.2647354549488
489,19.2647354549488
490,19.2647354549488
491,19.2647354549488
492,19.2647354549488
493,19.2647354549488
494,19.2647354549488
495,19.2647354549488
496,19.2647354549488
497,19.2647354549488
498,19.2647354549488
499,19.2647354549488
500,19.2647354549488
501,19.2647354549488
502,19.2647354549488
503,19.2647354549488
504,19.2647354549488
505,19.2647354549488
506,19.2647354549488
507,19.2647354549488
508,19.2647354549488
509,19.2647354549488
510,19.2647354549488
511,19.2647354549488
512,19.2647354549488
513,19.2647354549488
514,19.2647354549488
515,19.2647354549488
516,19.2647354549488
517,19.2647354549488
518,19.2647354549488
519,19.2647354549488
520,19.2647354549488
521,19.2647354549488
522,19.2647354549488
523,19.2647354549488
524,19.2647354549488
525,19.2647354549488
526,19.2647354549488
527,19.2647354549488
528,19.2647354549488
529,19.2647354549488
530,19.2647354549488
531,19.2647354549488
532,19.2647354549488
533,19.2647354549488
534,19.2647354549488
535,19.2647354549488
536,19.2647354549488
537,19.2647354549488
538,19.2647354549488
539,19.2647354549488
540,19.2647354549488
541,19.2647354549488
542,19.2647354549488
543,19.2647354549488
544,19.2647354549488
545,19.2647354549488
546,19.2647354549488
547,19.2647354549488
548,19.2647354549488
549,19.2647354549488
550,19.2647354549488
551,19.2647354549488
552,19.2647354549488
553,19.2647354549488
554,19.2647354549488
555,19.2647354549488
556,19.2647354549488
557,19.2647354549488
558,19.2647354549488
559,19.2647354549488
560,19.2647354549488
561,19.2647354549488
562,19.2647354549488
563,19.2647354549488
564,19.2647354549488
565,19.2647354549488
566,19.2647354549488
567,19.2647354549488
568,19.2647354549488
569,19.2647354549488
570,19.2647354549488
571,19.2647354549488
572,19.2647354549488
573,19.2647354549488
574,19.2647354549488
575,19.2647354549488
576,19.2647354549488
577,19.2647354549488
578,19.2647354549488
579,19.2647354549488
580,19.2647354549488
581,19.2647354549488
582,19.2647354549488
583,19.2647354549488
584,19.2647354549488
585,19.2647354549488
586,19.2647354549488
587,19.2647354549488
588,19.2647354549488
589,19.2647354549488
590,19.2647354549488
591,19.2647354549488
592,19.2647354549488
593,19.2647354549488
594,19.2647354549488
595,19.2647354549488
596,19.2647354549488
597,19.2647354549488
598,19.2647354549488
599,19.2647354549488
600,19.2647354549488
601,19.2647354549488
602,19.2647354549488
603,19.2647354549488
604,19.2647354549488
605,19.2647354549488
606,19.2647354549488
607,19.2647354549488
608,19.2647354549488
609,19.2647354549488
610,19.2647354549488
611,19.2647354549488
612,19.2647354549488
613,19.2647354549488
614,19.2647354549488
615,19.2647354549488
616,19.2647354549488
617,19.2647354549488
618,19.2647354549488
619,19.2647354549488
620,19.2647354549488
621,19.2647354549488
622,19.2647354549488
623,19.2647354549488
624,19.2647354549488
625,19.2647354549488
626,19.2647354549488
627,19.2647354549488
628,19.2647354549488
629,19.2647354549488
630,19.2647354549488
631,19.2647354549488
632,19.2647354549488
633,19.2647354549488
634,19.2647354549488
635,19.2647354549488
636,19.2647354549488
637,19.2647354549488
638,19.2647354549488
639,19.2647354549488
640,19.2647354549488
641,19.2647354549488
642,19.2647354549488
643,19.2647354549488
644,19.2647354549488
645,19.2647354549488
646,19.2647354549488
647,19.2647354549488
648,19.2647354549488
649,19.2647354549488
650,19.2647354549488
651,19.2647354549488
652,19.2647354549488
653,19.2647354549488
654,19.2647354549488
655,19.2647354549488
656,19.2647354549488
657,19.2647354549488
658,19.2647354549488
659,19.2647354549488
660,19.2647354549488
661,19.2647354549488
662,19.2647354549488
663,19.2647354549488
664,19.2647354549488
665,19.2647354549488
666,19.2647354549488
667,19.2647354549488
668,19.2647354549488
669,19.2647354549488
670,19.2647354549488
671,19.2647354549488
672,19.2647354549488
673,19.2647354549488
674,19.2647354549488
675,19.2647354549488
676,19.2647354549488
677,19.2647354549488
678,19.2647354549488
679,19.2647354549488
680,19.2647354549488
681,19.2647354549488
682,19.2647354549488
683,19.2647354549488
684,19.2647354549488
685,19.2647354549488
686,19.2647354549488
687,19.2647354549488
688,19.2647354549488
689,19.2647354549488
690,19.2647354549488
691,19.2647354549488
692,19.2647354549488
693,19.2647354549488
694,19.2647354549488
695,19.2647354549488
696,19.2647354549488
697,19.2647354549488
698,19.2647354549488
699,19.2647354549488
700,19.2647354549488
701,19.2647354549488
702,19.2647354549488
703,19.2647354549488
704,19.2647354549488
705,19.2647354549488
706,19.2647354549488
707,19.2647354549488
708,19.2647354549488
709,19.2647354549488
710,19.2647354549488
711,19.2647354549488
712,19.2647354549488
713,19.2647354549488
714,19.2647354549488
715,19.2647354549488
716,19.2647354549488
717,19.2647354549488
718,19.2647354549488
719,19.2647354549488
720,19.2647354549488
721,19.2647354549488
722,19.2647354549488
723,19.2647354549488
724,19.2647354549488
725,19.2647354549488
726,19.2647354549488
727,19.2647354549488
728,19.2647354549488
729,19.2647354549488
730,19.2647354549488
731,19.2647354549488
732,19.2647354549488
733,19.2647354549488
734,19.2647354549488
735,19.2647354549488
736,19.2647354549488
737,19.2647354549488
738,19.2647354549488
739,19.2647354549488
740,19.2647354549488
741,19.2647354549488
742,19.2647354549488
743,19.2647354549488
744,19.2647354549488
745,19.2647354549488
746,19.2647354549488
747,19.2647354549488
748,19.2647354549488
749,19.2647354549488
750,19.2647354549488
751,19.2647354549488
752,19.2647354549488
753,19.2647354549488
754,19.2647354549488
755,19.2647354549488
756,19.2647354549488
757,19.2647354549488
758,19.2647354549488
759,19.2647354549488
760,19.2647354549488
761,19.2647354549488
762,19.2647354549488
763,19.2647354549488
764,19.2647354549488
765,19.2647354549488
766,-14.519951032540465
767,-14.519951032540465
768,-14.519951032540465
769,-14.519951032540465
770,-14.519951032540465
771,-14.519951032540465
772,-14.519951032540465
773,-14.519951032540465
774,-14.519951032540465
775,-14.519951032540465
776,-14.519951032540465
777,-14.519951032540465
778,-14.519951032540465
779,-14.519951032540465
780,-14.519951032540465
781,-14.519951032540465
782,-14.519951032540465
783,-14.519951032540465
784,-14.519951032540465
785,-14.519951032540465
786,-14.519951032540465
787,-14.519951032540465
788,-14.519951032540465
789,-14.519951032540465
790,-14.519951032540465
791,-14.519951032540465
792,-14.519951032540465
793,-14.519951032540465
794,-14.519951032540465
795,-14.519951032540465
796,-14.519951032540465
797,-14.519951032540465
798,-14.519951032540465
799,-14.519951032540465
800,-14.519951032540465
801,-14.519951032540465
802,-14.519951032540465
803,-14.519951032540465
804,-14.519951032540465
805,-14.519951032540465
806,-14.519951032540465
807,-14.519951032540465
808,-14.519951032540465
809,-14.519951032540465
810,-14.519951032540465
811,-14.519951032540465
812,-14.519951032540465
813,-14.519951032540465
814,-14.519951032540465
815,-14.519951032540465
816,-14.519951032540465
817,-14.519951032540465
818,-14.519951032540465
819,-14.519951032540465
820,-14.519951032540465
821,-14.519951032540465
822,-14.519951032540465
823,-14.519951032540465
824,-14.519951032540465
825,-14.519951032540465
826,-14.519951032540465
827,-14.519951032540465
828,-14.519951032540465
829,-14.519951032540465
830,-14.519951032540465
831,-14.519951032540465
832,-14.519951032540465
833,-14.519951032540465
834,-14.519951032540465
835,-14.519951032540465
836,-14.519951032540465
837,-14.519951032540465
838,-14.519951032540465
839,-14.519951032540465
840,-14.519951032540465
841,-14.519951032540465
842,-14.519951032540465
843,-14.519951032540465
844,-14.519951032540465
845,-14.519951032540465
846,-14.519951032540465
847,-14.519951032540465
848,-14.519951032540465
849,-14.519951032540465
850,-14.519951032540465
851,-14.519951032540465
852,-14.519951032540465
853,-14.519951032540465
854,-14.519951032540465
855,-14.519951032540465
856,-14.519951032540465
857,-14.519951032540465
858,-14.519951032540465
859,-14.519951032540465
860,-14.519951032540465
861,-14.519951032540465
862,-14.519951032540465
863,-14.519951032540465
864,-14.519951032540465
865,-14.519951032540465
866,-14.519951032540465
867,-14.519951032540465
868,-14.519951032540465
869,-14.519951032540465
870,-14.519951032540465
871,-14.519951032540465
872,-14.519951032540465
873,-14.519951032540465
874,-14.519951032540465
875,-14.519951032540465
876,-14.519951032540465
877,-14.519951032540465
878,-14.519951032540465
879,-14.519951032540465
880,-14.519951032540465
881,-14.519951032540465
882,-14.519951032540465
883,-14.519951032540465
884,-14.519951032540465
885,-14.519951032540465
886,-14.519951032540465
887,-14.519951032540465
888,-14.519951032540465
889,-14.519951032540465
890,-14.519951032540465
891,-14.519951032540465
892,-14.519951032540465
893,-14.519951032540465
894,-14.519951032540465
895,-14.519951032540465
896,-14.519951032540465
897,-14.519951032540465
898,-14.519951032540465
899,-14.519951032540465
900,-14.519951032540465
901,-14.519951032540465
902,-14.519951032540465
903,-14.519951032540465
904,-14.519951032540465
905,-14.519951032540465
906,-14.519951032540465
907,-14.519951032540465
908,-14.519951032540465
909,-14.519951032540465
910,-14.519951032540465
911,-14.519951032540465
912,-14.519951032540465
913,-14.519951032540465
914,-14.519951032540465
915,-14.519951032540465
916,-14.519951032540465
917,-14.519951032540465
918,-14.519951032540465
919,-14.519951032540465
920,-14.519951032540465
921,-14.519951032540465
922,-14.519951032540465
923,-14.519951032540465
924,-14.519951032540465
925,-14.519951032540465
926,-14.519951032540465
927,-14.519951032540465
928,-14.519951032540465
929,-14.519951032540465
930,-14.519951032540465
931,-14.519951032540465
932,-14.519951032540465
933,-14.519951032540465
934,-14.519951032540465
935,-14.519951032540465
936,-14.519951032540465
937,-14.519951032540465
938,-14.519951032540465
939,-14.519951032540465
940,-14.519951032540465
941,-14.519951032540465
942,-14.519951032540465
943,-14.519951032540465
944,-14.519951032540465
945,-14.519951032540465
946,-14.519951032540465
947,-14.519951032540465
948,-14.519951032540465
949,-14.519951032540465
950,-14.519951032540465
951,-14.519951032540465
952,-14.519951032540465
953,-14.519951032540465
954,-14.519951032540465
955,-14.519951032540465
956,-14.519951032540465
957,-14.519951032540465
958,-14.519951032540465
959,-14.519951032540465
960,-14.519951032540465
961,-14.519951032540465
962,-14.519951032540465
963,-14.519951032540465
964,-14.519951032540465
965,-14.519951032540465
966,-14.519951032540465
967,-14.519951032540465
968,-14.519951032540465
969,-14.519951032540465
970,-14.519951032540465
971,-14.519951032540465
972,-14.519951032540465
973,-14.519951032540465
974,-14.519951032540465
975,-14.519951032540465
976,-14.519951032540465
977,-14.519951032540465
978,-14.519951032540465
979,-14.519951032540465
980,-14.519951032540465
981,-14.519951032540465
982,-14.519951032540465
983,-14.519951032540465
984,-14.519951032540465
985,-14.519951032540465
986,-14.519951032540465
987,-14.519951032540465
988,-14.519951032540465
989,-14.519951032540465
990,-14.519951032540465
991,-14.519951032540465
992,-14.519951032540465
993,-14.519951032540465
994,-14.519951032540465
995,-14.519951032540465
996,-14.519951032540465
997,-14.519951032540465
998,-14.519951032540465
999,-14.519951032540465
1000,-14.519951032540465
1001,-14.519951032540465
1002,-14.519951032540465
1003,-14.519951032540465
1004,-14.519951032540465
1005,-14.519951032540465
1006,-14.519951032540465
1007,-14.519951032540465
1008,-14.519951032540465
1009,-14.519951032540465
1010,-14.519951032540465
1011,-14.519951032540465
1012,-14.519951032540465
1013,-14.519951032540465
1014,-14.519951032540465
1015,-14.519951032540465
1016,-14.519951032540465
1017,-14.519951032540465
1018,-14.519951032540465
1019,-14.519951032540465
1020,-14.519951032540465
1021,-14.519951032540465
1022,-14.519951032540465
1023,-14.519951032540465
1024,-14.519951032540465
1025,-14.519951032540465
1026,-14.519951032540465
1027,-14.519951032540465
1028,-14.519951032540465
1029,-14.519951032540465
1030,-14.519951032540465
1031,-14.519951032540465
1032,-14.519951032540465
1033,-14.519951032540465
1034,-14.519951032540465
1035,-14.519951032540465
1036,-14.519951032540465
1037,-14.519951032540465
1038,-14.519951032540465
1039,-14.519951032540465
1040,-14.519951032540465
1041,-14.519951032540465
1042,-14.519951032540465
1043,-14.519951032540465
1044,-14.519951032540465
1045,-14.519951032540465
1046,-14.519951032540465
1047,-14.519951032540465
1048,-14.519951032540465
1049,-14.519951032540465
1050,-14.519951032540465
1051,-14.519951032540465
1052,-14.519951032540465
1053,-14.519951032540465
1054,-14.519951032540465
1055,-14.519951032540465
1056,-14.519951032540465
1057,-14.519951032540465
1058,-14.519951032540465
1059,-14.519951032540465
1060,-14.519951032540465
1061,-14.519951032540465
1062,-14.519951032540465
1063,-14.519951032540465
1064,-14.519951032540465
1065,-14.519951032540465
1066,-14.519951032540465
1067,-14.519951032540465
1068,-14.519951032540465
1069,-14.519951032540465
1070,-14.519951032540465
1071,-14.519951032540465
1072,-14.519951032540465
1073,-14.519951032540465
1074,-14.519951032540465
1075,-14.519951032540465
1076,-14.519951032540465
1077,-14.519951032540465
1078,-14.519951032540465
1079,-14.519951032540465
1080,-14.519951032540465
1081,-14.519951032540465
1082,-14.519951032540465
1083,-14.519951032540465
1084,-14.519951032540465
1085,-14.519951032540465
1086,-14.519951032540465
1087,-14.519951032540465
1088,-14.519951032540465
1089,-14.519951032540465
1090,-14.519951032540465
1091,-14.519951032540465
1092,-14.519951032540465
1093,-14.519951032540465
1094,-14.519951032540465
1095,-14.519951032540465
1096,-14.519951032540465
1097,-14.519951032540465
1098,-14.519951032540465
1099,-14.519951032540465
1100,-14.519951032540465
1101,-14.519951032540465
1102,-14.519951032540465
1103,-14.519951032540465
1104,-14.519951032540465
1105,-14.519951032540465
1106,-14.519951032540465
1107,-14.519951032540465
1108,-14.519951032540465
1109,-14.519951032540465
1110,-14.519951032540465
1111,-14.519951032540465
1112,-14.519951032540465
1113,-14.519951032540465
1114,-14.519951032540465
1115,-14.519951032540465
1116,-14.519951032540465
1117,-14.519951032540465
1118,-14.519951032540465
1119,-14.519951032540465
1120,-14.519951032540465
1121,-14.519951032540465
1122,-14.519951032540465
1123,-14.519951032540465
1124,-14.519951032540465
1125,-14.519951032540465
1126,-14.519951032540465
1127,-14.519951032540465
1128,-14.519951032540465
1129,-14.519951032540465
1130,-14.519951032540465
1131,-14.519951032540465
1132,-14.519951032540465
1133,-14.519951032540465
1134,-14.519951032540465
1135,-14.519951032540465
1136,-14.519951032540465
1137,-14.519951032540465
1138,-14.519951032540465
1139,-14.519951032540465
1140,-14.519951032540465
1141,-14.519951032540465
1142,-14.519951032540465
1143,-14.519951032540465
1144,-14.519951032540465
1145,-14.519951032540465
1146,-14.519951032540465
1147,-14.519951032540465
1148,-14.519951032540465
1149,-14.519951032540465
1150,-14.519951032540465
1151,-14.519951032540465
1152,-14.519951032540465
1153,-14.519951032540465
1154,-14.519951032540465
1155,-14.519951032540465
1156,-14.519951032540465
1157,-14.519951032540465
1158,-14.519951032540465
1159,-14.519951032540465
1160,-14.519951032540465
1161,-14.519951032540465
1162,-14.519951032540465
1163,-14.519951032540465
1164,-14.519951032540465
1165,-14.519951032540465
1166,-14.519951032540465
1167,-14.519951032540465
1168,-14.519951032540465
1169,-14.519951032540465
1170,-14.519951032540465
1171,-14.519951032540465
1172,-14.519951032540465
1173,-14.519951032540465
1174,-14.519951032540465
1175,-14.519951032540465
1176,-14.519951032540465
1177,-14.519951032540465
1178,-14.519951032540465
1179,-14.519951032540465
1180,-14.519951032540465
1181,-14.519951032540465
1182,-14.519951032540465
1183,-14.519951032540465
1184,-14.519951032540465
1185,-14.519951032540465
1186,-14.519951032540465
1187,-14.519951032540465
1188,-14.519951032540465
1189,-14.519951032540465
1190,-14.519951032540465
1191,-14.519951032540465
1192,-14.519951032540465
1193,-14.519951032540465
1194,-14.519951032540465
1195,-14.519951032540465
1196,-14.519951032540465
1197,-14.519951032540465
1198,-14.519951032540465
1199,-14.519951032540465
1200,-14.519951032540465
1201,-14.519951032540465
1202,-14.519951032540465
1203,-14.519951032540465
1204,-14.519951032540465
1205,-14.519951032540465
1206,-14.519951032540465
1207,-14.519951032540465
1208,-14.519951032540465
1209,-14.519951032540465
1210,-14.519951032540465
1211,-14.519951032540465
1212,-14.519951032540465
1213,-14.519951032540465
1214,-14.519951032540465
1215,-14.519951032540465
1216,-14.519951032540465
1217,-14.519951032540465
1218,-14.519951032540465
1219,-14.519951032540465
1220,-14.519951032540465
1221,-14.519951032540465
1222,-14.519951032540465
1223,-14.519951032540465
1224,-14.519951032540465
1225,-14.519951032540465
1226,-14.519951032540465
1227,-14.519951032540465
1228,-14.519951032540465
1229,-14.519951032540465
1230,-14.519951032540465
1231,-14.519951032540465
1232,-14.519951032540465
1233,-14.519951032540465
1234,-14.519951032540465
1235,-14.519951032540465
1236,-14.519951032540465
1237,-14.519951032540465
1238,-14.519951032540465
1239,-14.519951032540465
1240,-14.519951032540465
1241,-14.519951032540465
1242,-14.519951032540465
1243,-14.519951032540465
1244,-14.519951032540465
1245,-14.519951032540465
1246,-14.519951032540465
1247,-14.519951032540465
1248,-14.519951032540465
1249,-14.519951032540465
1250,-14.519951032540465
1251,-14.519951032540465
1252,-14.519951032540465
1253,-14.519951032540465
1254,-14.519951032540465
1255,-14.519951032540465
1256,-14.519951032540465
1257,-14.519951032540465
1258,-14.519951032540465
1259,-14.519951032540465
1260,-14.519951032540465
1261,-14.519951032540465
1262,-14.519951032540465
1263,-14.519951032540465
1264,-14.519951032540465
1265,-14.519951032540465
1266,-14.519951032540465
1267,-14.519951032540465
1268,-14.519951032540465
1269,-14.519951032540465
1270,-14.519951032540465
1271,-14.519951032540465
1272,-14.519951032540465
1273,-14.519951032540465
1274,-14.519951032540465
1275,-14.519951032540465
1276,-14.519951032540465
1277,-14.519951032540465
1278,-14.519951032540465
1279,-14.519951032540465
1280,-14.519951032540465
1281,-14.519951032540465
1282,-14.519951032540465
1283,-14.519951032540465
1284,-14.519951032540465
1285,-14.519951032540465
1286,-14.519951032540465
1287,-14.519951032540465
1288,-14.519951032540465
1289,-14.519951032540465
1290,-14.519951032540465
1291,-14.519951032540465
1292,-14.519951032540465
1293,-14.519951032540465
1294,-14.519951032540465
1295,-14.519951032540465
1296,-14.519951032540465
1297,-14.519951032540465
1298,-14.519951032540465
1299,-14.519951032540465
1300,-14.519951032540465
1301,-14.519951032540465
1302,-14.519951032540465
1303,-14.519951032540465
1304,-14.519951032540465
1305,-14.519951032540465
1306,-14.519951032540465
1307,-14.519951032540465
1308,-14.519951032540465
1309,-14.519951032540465
1310,-14.519951032540465
1311,-14.519951032540465
1312,-14.519951032540465
1313,-14.519951032540465
1314,-14.519951032540465
1315,-14.519951032540465
1316,-14.519951032540465
1317,-14.519951032540465
1318,-14.519951032540465
1319,-14.519951032540465
1320,-14.519951032540465
1321,-14.519951032540465
1322,-14.519951032540465
1323,-14.519951032540465
1324,-14.519951032540465
1325,-14.519951032540465
1326,-14.519951032540465
1327,-14.519951032540465
1328,-14.519951032540465
1329,-14.519951032540465
1330,-14.519951032540465
1331,-14.519951032540465
1332,-14.519951032540465
1333,-14.519951032540465
1334,-14.519951032540465
1335,-14.519951032540465
1336,-14.519951032540465
1337,-14.519951032540465
1338,-14.519951032540465
1339,-14.519951032540465
1340,-14.519951032540465
1341,-14.519951032540465
1342,-14.519951032540465
1343,-14.519951032540465
1344,-14.519951032540465
1345,-14.519951032540465
1346,-14.519951032540465
1347,-14.519951032540465
1348,-14.519951032540465
1349,-14.519951032540465
1350,-14.519951032540465
1351,-14.519951032540465
1352,-14.519951032540465
1353,-14.519951032540465
1354,-14.519951032540465
1355,-14.519951032540465
1356,-14.519951032540465
1357,-14.519951032540465
1358,-14.519951032540465
1359,-14.519951032540465
1360,-14.519951032540465
1361,-14.519951032540465
1362,-14.519951032540465
1363,-14.519951032540465
1364,-14.519951032540465
1365,-14.519951032540465
1366,-14.519951032540465
1367,-14.519951032540465
1368,-14.519951032540465
1369,-14.519951032540465
1370,-14.519951032540465
1371,-14.519951032540465
1372,-14.519951032540465
1373,-14.519951032540465
1374,-14.519951032540465
1375,-14.519951032540465
1376,-14.519951032540465
1377,-14.519951032540465
1378,-14.519951032540465
1379,-14.519951032540465
1380,-14.519951032540465
1381,-14.519951032540465
1382,-14.519951032540465
1383,-14.519951032540465
1384,-14.519951032540465
1385,-14.519951032540465
1386,-14.519951032540465
1387,-14.519951032540465
1388,-14.519951032540465
1389,-14.519951032540465
1390,-14.519951032540465
1391,-14.519951032540465
1392,-14.519951032540465
1393,-14.519951032540465
1394,-14.519951032540465
1395,-14.519951032540465
1396,-14.519951032540465
1397,-14.519951032540465
1398,-14.519951032540465
1399,-14.519951032540465
1400,-14.519951032540465
1401,-14.519951032540465
1402,-14.519951032540465
1403,-14.519951032540465
1404,-14.519951032540465
1405,-14.519951032540465
1406,-14.519951032540465
1407,-14.519951032540465
1408,-14.519951032540465
1409,-14.519951032540465
1410,-14.519951032540465
1411,-14.519951032540465
1412,-14.519951032540465
1413,-14.519951032540465
1414,-14.519951032540465
1415,-14.519951032540465
1416,-14.519951032540465
1417,-14.519951032540465
1418,-14.519951032540465
1419,-14.519951032540465
1420,-14.519951032540465
1421,-14.519951032540465
1422,-14.519951032540465
1423,-14.519951032540465
1424,-14.519951032540465
1425,-14.519951032540465
1426,-14.519951032540465
1427,-14.519951032540465
1428,-14.519951032540465
1429,-14.519951032540465
1430,-14.519951032540465
1431,-14.519951032540465
1432,-14.519951032540465
1433,-14.519951032540465
1434,-14.519951032540465
1435,-14.519951032540465
1436,-14.519951032540465
1437,-14.519951032540465
1438,-14.519951032540465
1439,-14.519951032540465
1440,-14.519951032540465
1441,-14.519951032540465
1442,-14.519951032540465
1443,-14.519951032540465
1444,-14.519951032540465
1445,-14.519951032540465
1446,-14.519951032540465
1447,-14.519951032540465
1448,-14.519951032540465
1449,-14.519951032540465
1450,-14.519951032540465
1451,-14.519951032540465
1452,-14.519951032540465
1453,-14.519951032540465
1454,-14.519951032540465
1455,-14.519951032540465
1456,-14.519951032540465
1457,-14.519951032540465
1458,-14.519951032540465
1459,-14.519951032540465
1460,-14.519951032540465
1461,-14.519951032540465
1462,-14.519951032540465
1463,-14.519951032540465
1464,-14.519951032540465
1465,-14.519951032540465
1466,-14.519951032540465
1467,-14.519951032540465
1468,-14.519951032540465
1469,-14.519951032540465
1470,-14.519951032540465
1471,-14.519951032540465
1472,-14.519951032540465
1473,-14.519951032540465
1474,-14.519951032540465
1475,-14.519951032540465
1476,-14.519951032540465
1477,-14.519951032540465
1478,-14.519951032540465
1479,-14.519951032540465
1480,-14.519951032540465
1481,-14.519951032540465
1482,-14.519951032540465
1483,-14.519951032540465
1484,-14.519951032540465
1485,-14.519951032540465
1486,-14.519951032540465
1487,-14.519951032540465
1488,-14.519951032540465
1489,-14.519951032540465
1490,-14.519951032540465
1491,-14.519951032540465
1492,-14.519951032540465
1493,-14.519951032540465
1494,-14.519951032540465
1495,-14.519951032540465
1496,-14.519951032540465
1497,-14.519951032540465
1498,-14.519951032540465
1499,-14.519951032540465
1500,-14.519951032540465
1501,-14.519951032540465
1502,-14.519951032540465
1503,-14.519951032540465
1504,-14.519951032540465
1505,-14.519951032540465
1506,-14.519951032540465
1507,-14.519951032540465
1508,-14.519951032540465
1509,-14.519951032540465
1510,-14.519951032540465
1511,-14.519951032540465
1512,-14.519951032540465
1513,-14.519951032540465
1514,-14.519951032540465
1515,-14.519951032540465
1516,-14.519951032540465
1517,-14.519951032540465
1518,-14.519951032540465
1519,-14.519951032540465
1520,-14.519951032540465
1521,-14.519951032540465
1522,-14.519951032540465
1523,-14.519951032540465
1524,-14.519951032540465
1525,-14.519951032540465
1526,-14.519951032540465
1527,-14.519951032540465
1528,-14.519951032540465
1529,-14.519951032540465
1530,-14.519951032540465
1531,-14.519951032540465
1532,-14.519951032540465
1533,-14.519951032540465
1534,-14.519951032540465
1535,-14.519951032540465
1536,-14.519951032540465
1537,-14.519951032540465
1538,-14.519951032540465
1539,-14.519951032540465
1540,-14.519951032540465
1541,-14.519951032540465
1542,-14.519951032540465
1543,-14.519951032540465
1544,-14.519951032540465
1545,-14.519951032540465
1546,-14.519951032540465
1547,-14.519951032540465
1548,-14.519951032540465
1549,-14.519951032540465
1550,-14.519951032540465
1551,-14.519951032540465
1552,-14.519951032540465
1553,-14.519951032540465
1554,-14.519951032540465
1555,-14.519951032540465
1556,-14.519951032540465
1557,-14.519951032540465
1558,-14.519951032540465
1559,-14.519951032540465
1560,-14.519951032540465
1561,-14.519951032540465
1562,-14.519951032540465
1563,-14.519951032540465
1564,-14.519951032540465
1565,-14.519951032540465
1566,-14.519951032540465
1567,-14.519951032540465
1568,-14.519951032540465
1569,-14.519951032540465
1570,-14.519951032540465
1571,-14.519951032540465
1572,-14.519951032540465
1573,-14.519951032540465
1574,-14.519951032540465
1575,-14.519951032540465
1576,-14.519951032540465
1577,-14.519951032540465
1578,-14.519951032540465
1579,-14.519951032540465
1580,-14.519951032540465
1581,-14.519951032540465
1582,-14.519951032540465
1583,-14.519951032540465
1584,-14.519951032540465
1585,-14.519951032540465
1586,-14.519951032540465
1587,-14.519951032540465
1588,-14.519951032540465
1589,-14.519951032540465
1590,-14.519951032540465
1591,-14.519951032540465
1592,-14.519951032540465
1593,-14.519951032540465
1594,-14.519951032540465
1595,-14.519951032540465
1596,-14.519951032540465
1597,-14.519951032540465
1598,-14.519951032540465
1599,-14.519951032540465
1600,-14.519951032540465
1601,-14.519951032540465
1602,-14.519951032540465
1603,-14.519951032540465
1604,-14.519951032540465
1605,-14.519951032540465
1606,-14.519951032540465
1607,-14.519951032540465
1608,-14.519951032540465
1609,-14.519951032540465
1610,-14.519951032540465
1611,-14.519951032540465
1612,-14.519951032540465
1613,-14.519951032540465
1614,-14.519951032540465
1615,-14.519951032540465
1616,-14.519951032540465
1617,-14.519951032540465
1618,-14.519951032540465
1619,-14.519951032540465
1620,-14.519951032540465
1621,-14.519951032540465
1622,-14.519951032540465
1623,-14.519951032540465
1624,-14.519951032540465
1625,-14.519951032540465
1626,-14.519951032540465
1627,-14.519951032540465
1628,-14.519951032540465
1629,-14.519951032540465
1630,-14.519951032540465
1631,-14.519951032540465
1632,-14.519951032540465
1633,-14.519951032540465
1634,-14.519951032540465
1635,-14.519951032540465
1636,-14.519951032540465
1637,-14.519951032540465
1638,-14.519951032540465
1639,-14.519951032540465
1640,-14.519951032540465
1641,-14.519951032540465
1642,-14.519951032540465
1643,-14.519951032540465
1644,-14.519951032540465
1645,-14.519951032540465
1646,-14.519951032540465
1647,-14.519951032540465
1648,-14.519951032540465
1649,-14.519951032540465
1650,-14.519951032540465
1651,-14.519951032540465
1652,-14.519951032540465
1653,-14.519951032540465
1654,-14.519951032540465
1655,-14.519951032540465
1656,-14.519951032540465
1657,-14.519951032540465
1658,-14.519951032540465
1659,-14.519951032540465
1660,-14.519951032540465
1661,-14.519951032540465
1662,-14.519951032540465
1663,-14.519951032540465
1664,-14.519951032540465
1665,-14.519951032540465
1666,-14.519951032540465
1667,-14.519951032540465
1668,-14.519951032540465
1669,-14.519951032540465
1670,-14.519951032540465
1671,-14.519951032540465
1672,-14.519951032540465
1673,-14.519951032540465
1674,-14.519951032540465
1675,-14.519951032540465
1676,-14.519951032540465
1677,-14.519951032540465
1678,-14.519951032540465
1679,-14.519951032540465
1680,-14.519951032540465
1681,-14.519951032540465
1682,-14.519951032540465
1683,-14.519951032540465
1684,-14.519951032540465
1685,-14.519951032540465
1686,-14.519951032540465
1687,-14.519951032540465
1688,-14.519951032540465
1689,-14.519951032540465
1690,-14.519951032540465
1691,-14.519951032540465
1692,-14.519951032540465
1693,-14.519951032540465
1694,-14.519951032540465
1695,-14.519951032540465
1696,-14.519951032540465
1697,-14.519951032540465
1698,-14.519951032540465
1699,-14.519951032540465
1700,-14.519951032540465
1701,-14.519951032540465
1702,-14.519951032540465
1703,-14.519951032540465
1704,-14.519951032540465
1705,-14.519951032540465
1706,-14.519951032540465
1707,-14.519951032540465
1708,-14.519951032540465
1709,-14.519951032540465
1710,-14.519951032540465
1711,-14.519951032540465
1712,-14.519951032540465
1713,-14.519951032540465
1714,-14.519951032540465
1715,-14.519951032540465
1716,-14.519951032540465
1717,-14.519951032540465
1718,-14.519951032540465
1719,-14.519951032540465
1720,-14.519951032540465
1721,-14.519951032540465
1722,-14.519951032540465
1723,-14.519951032540465
1724,-14.519951032540465
1725,-14.519951032540465
1726,-14.519951032540465
1727,-14.519951032540465
1728,-14.519951032540465
1729,-14.519951032540465
1730,-14.519951032540465
1731,-14.519951032540465
1732,-14.519951032540465
1733,-14.519951032540465
1734,-14.519951032540465
1735,-14.519951032540465
1736,-14.519951032540465
1737,-14.519951032540465
1738,-14.519951032540465
1739,-14.519951032540465
1740,-14.519951032540465
1741,-14.519951032540465
1742,-14.519951032540465
1743,-14.519951032540465
1744,-14.519951032540465
1745,-14.519951032540465
1746,-14.519951032540465
1747,-14.519951032540465
1748,-14.519951032540465
1749,-14.519951032540465
1750,-14.519951032540465
1751,-14.519951032540465
1752,-14.519951032540465
1753,-14.519951032540465
1754,-14.519951032540465
1755,-14.519951032540465
1756,-14.519951032540465
1757,-14.519951032540465
1758,-14.519951032540465
1759,-14.519951032540465
1760,-14.519951032540465
1761,-14.519951032540465
1762,-14.519951032540465
1763,-14.519951032540465
1764,-14.519951032540465
1765,-14.519951032540465
1766,-14.519951032540465
1767,-14.519951032540465
1768,-14.519951032540465
1769,-14.519951032540465
1770,-14.519951032540465
1771,-14.519951032540465
1772,-14.519951032540465
1773,-14.519951032540465
1774,-14.519951032540465
1775,-14.519951032540465
1776,-14.519951032540465
1777,-14.519951032540465
1778,-14.519951032540465
1779,-14.519951032540465
1780,-14.519951032540465
1781,-14.519951032540465
1782,-14.519951032540465
1783,-14.519951032540465
1784,-14.519951032540465
1785,-14.519951032540465
1786,-14.519951032540465
1787,-14.519951032540465
1788,-14.519951032540465
1789,-14.519951032540465
1790,-14.519951032540465
1791,-14.519951032540465
1792,-14.519951032540465
1793,-14.519951032540465
1794,-14.519951032540465
1795,-14.519951032540465
1796,-14.519951032540465
1797,-14.519951032540465
1798,-14.519951032540465
1799,-14.519951032540465
1800,-14.519951032540465
1801,-14.519951032540465
1802,-14.519951032540465
1803,-14.519951032540465
1804,-14.519951032540465
1805,-14.519951032540465
1806,-14.519951032540465
1807,-14.519951032540465
1808,-14.519951032540465
1809,-14.519951032540465
1810,-14.519951032540465
1811,-14.519951032540465
1812,-14.519951032540465
1813,-14.519951032540465
1814,-14.519951032540465
1815,-14.519951032540465
1816,-14.519951032540465
1817,-14.519951032540465
1818,-14.519951032540465
1819,-14.519951032540465
1820,-14.519951032540465
1821,-14.519951032540465
1822,-14.519951032540465
1823,-14.519951032540465
1824,-14.519951032540465
1825,-14.519951032540465
1826,-14.519951032540465
1827,-14.519951032540465
1828,-14.519951032540465
1829,-14.519951032540465
1830,-14.519951032540465
1831,-14.519951032540465
1832,-14.519951032540465
1833,-14.519951032540465
1834,-14.519951032540465
1835,-14.519951032540465
1836,-14.519951032540465
1837,-14.519951032540465
1838,-14.519951032540465
1839,-14.519951032540465
1840,-14.519951032540465
1841,-14.519951032540465
1842,-14.519951032540465
1843,-14.519951032540465
1844,-14.519951032540465
1845,-14.519951032540465
1846,-14.519951032540465
1847,-14.519951032540465
1848,-14.519951032540465
1849,-14.519951032540465
1850,-14.519951032540465
1851,-14.519951032540465
1852,-14.519951032540465
1853,-14.519951032540465
1854,-14.519951032540465
1855,-14.519951032540465
1856,-14.519951032540465
1857,-14.519951032540465
1858,-14.519951032540465
1859,-14.519951032540465
1860,-14.519951032540465
1861,-14.519951032540465
1862,-14.519951032540465
1863,-14.519951032540465
1864,-14.519951032540465
1865,-14.519951032540465
1866,-14.519951032540465
1867,-14.519951032540465
1868,-14.519951032540465
1869,-14.519951032540465
1870,-14.519951032540465
1871,-14.519951032540465
1872,-14.519951032540465
1873,-14.519951032540465
1874,-14.519951032540465
1875,-14.519951032540465
1876,-14.519951032540465
1877,-14.519951032540465
1878,-14.519951032540465
1879,-14.519951032540465
1880,-14.519951032540465
1881,-14.519951032540465
1882,-14.519951032540465
1883,-14.519951032540465
1884,-14.519951032540465
1885,-14.519951032540465
1886,-14.519951032540465
1887,-14.519951032540465
1888,-14.519951032540465
1889,-14.519951032540465
1890,-14.519951032540465
1891,-14.519951032540465
1892,-14.519951032540465
1893,-14.519951032540465
1894,-14.519951032540465
1895,-14.519951032540465
1896,-14.519951032540465
1897,-14.519951032540465
1898,-14.519951032540465
1899,-14.519951032540465
1900,-14.519951032540465
1901,-14.519951032540465
1902,-14.519951032540465
1903,-14.519951032540465
1904,-14.519951032540465
1905,-14.519951032540465
1906,-14.519951032540465
1907,-14.519951032540465
1908,-14.519951032540465
1909,-14.519951032540465
1910,-14.519951032540465
1911,-14.519951032540465
1912,-14.519951032540465
1913,-14.519951032540465
1914,-14.519951032540465
1915,-14.519951032540465
1916,-14.519951032540465
1917,-14.519951032540465
1918,-14.519951032540465
1919,-14.519951032540465
1920,-14.519951032540465
1921,-14.519951032540465
1922,-14.519951032540465
1923,-14.519951032540465
1924,-14.519951032540465
1925,-14.519951032540465
1926,-14.519951032540465
1927,-14.519951032540465
1928,-14.519951032540465
1929,-14.519951032540465
1930,-14.519951032540465
1931,-14.519951032540465
1932,-14.519951032540465
1933,-14.519951032540465
1934,-14.519951032540465
1935,-14.519951032540465
1936,-14.519951032540465
1937,-14.519951032540465
1938,-14.519951032540465
1939,-14.519951032540465
1940,-14.519951032540465
1941,-14.519951032540465
1942,-14.519951032540465
1943,-14.519951032540465
1944,-14.519951032540465
1945,-14.519951032540465
1946,-14.519951032540465
1947,-14.519951032540465
1948,-14.519951032540465
1949,-14.519951032540465
1950,-14.519951032540465
1951,-14.519951032540465
1952,-14.519951032540465
1953,-14.519951032540465
1954,-14.519951032540465
1955,-14.519951032540465
1956,-14.519951032540465
1957,-14.519951032540465
1958,-14.519951032540465
1959,-14.519951032540465
1960,-14.519951032540465
1961,-14.519951032540465
1962,-14.519951032540465
1963,-14.519951032540465
1964,-14.519951032540465
1965,-14.519951032540465
1966,-14.519951032540465
1967,-14.519951032540465
1968,-14.519951032540465
1969,-14.519951032540465
1970,-14.519951032540465
1971,-14.519951032540465
1972,-14.519951032540465
1973,-14.519951032540465
1974,-14.519951032540465
1975,-14.519951032540465
1976,-14.519951032540465
1977,-14.519951032540465
1978,-14.519951032540465
1979,-14.519951032540465
1980,-14.519951032540465
1981,-14.519951032540465
1982,-14.519951032540465
1983,-14.519951032540465
1984,-14.519951032540465
1985,-14.519951032540465
1986,-14.519951032540465
1987,-14.519951032540465
1988,-14.519951032540465
1989,-14.519951032540465
1990,-14.519951032540465
1991,-14.519951032540465
1992,-14.519951032540465
1993,-14.519951032540465
1994,-14.519951032540465
1995,-14.519951032540465
1996,-14.519951032540465
1997,-14.519951032540465
1998,-14.519951032540465
1999,-14.519951032540465
2000,-14.519951032540465
2001,-14.519951032540465
2002,-14.519951032540465
2003,-14.519951032540465
2004,-14.519951032540465
2005,-14.519951032540465
2006,-14.519951032540465
2007,-14.519951032540465
2008,-14.519951032540465
2009,-14.519951032540465
2010,-14.519951032540465
2011,-14.519951032540465
2012,-14.519951032540465
2013,-14.519951032540465
2014,-14.519951032540465
2015,-14.519951032540465
2016,-14.519951032540465
2017,-14.519951032540465
2018,-14.519951032540465
2019,-14.519951032540465
2020,-14.519951032540465
2021,-14.519951032540465
2022,-14.519951032540465
2023,-14.519951032540465
2024,-14.519951032540465
2025,-14.519951032540465
2026,-14.519951032540465
2027,-14.519951032540465
2028,-14.519951032540465
2029,-14.519951032540465
2030,-14.519951032540465
2031,-14.519951032540465
2032,-14.519951032540465
2033,-14.519951032540465
2034,-14.519951032540465
2035,-14.519951032540465
2036,-14.519951032540465
2037,-14.519951032540465
2038,-14.519951032540465
2039,-14.519951032540465
2040,-14.519951032540465
2041,-14.519951032540465
2042,-14.519951032540465
2043,-14.519951032540465
2044,-14.519951032540465
2045,-14.519951032540465
2046,-14.519951032540465
2047,-14.519951032540465
2048,-14.519951032540465
2049,-14.519951032540465
2050,-14.519951032540465
2051,-14.519951032540465
2052,-14.519951032540465
2053,-14.519951032540465
2054,-14.519951032540465
2055,-14.519951032540465
2056,-14.519951032540465
2057,-14.519951032540465
2058,-14.519951032540465
2059,-14.519951032540465
2060,-14.519951032540465
2061,-14.519951032540465
2062,-14.519951032540465
2063,-14.519951032540465
2064,-14.519951032540465
2065,-14.519951032540465
2066,-14.519951032540465
2067,-14.519951032540465
2068,-14.519951032540465
2069,-14.519951032540465
2070,-14.519951032540465
2071,-14.519951032540465
2072,-14.519951032540465
2073,-14.519951032540465
2074,-14.519951032540465
2075,-14.519951032540465
2076,-14.519951032540465
2077,-14.519951032540465
2078,-14.519951032540465
2079,-14.519951032540465
2080,-14.519951032540465
2081,-14.519951032540465
2082,-14.519951032540465
2083,-14.519951032540465
2084,-14.519951032540465
2085,-14.519951032540465
2086,-14.519951032540465
2087,-14.519951032540465
2088,-14.519951032540465
2089,-14.519951032540465
2090,-14.519951032540465
2091,-14.519951032540465
2092,-14.519951032540465
2093,-14.519951032540465
2094,-14.519951032540465
2095,-14.519951032540465
2096,-14.519951032540465
2097,-14.519951032540465
2098,-14.519951032540465
2099,-14.519951032540465
2100,-14.519951032540465
2101,-14.519951032540465
2102,-14.519951032540465
2103,-14.519951032540465
2104,-14.519951032540465
2105,-14.519951032540465
2106,-14.519951032540465
2107,-14.519951032540465
2108,-14.519951032540465
2109,-14.519951032540465
2110,-14.519951032540465
2111,-14.519951032540465
2112,-14.519951032540465
2113,-14.519951032540465
2114,-14.519951032540465
2115,-14.519951032540465
2116,-14.519951032540465
2117,-14.519951032540465
2118,-14.519951032540465
2119,-14.519951032540465
2120,-14.519951032540465
2121,-14.519951032540465
2122,-14.519951032540465
2123,-14.519951032540465
2124,-14.519951032540465
2125,-14.519951032540465
2126,-14.519951032540465
2127,-14.519951032540465
2128,-14.519951032540465
2129,-14.519951032540465
2130,-14.519951032540465
2131,-14.519951032540465
2132,-14.519951032540465
2133,-14.519951032540465
2134,-14.519951032540465
2135,-14.519951032540465
2136,-14.519951032540465
2137,-14.519951032540465
2138,-14.519951032540465
2139,-14.519951032540465
2140,-14.519951032540465
2141,-14.519951032540465
2142,-14.519951032540465
2143,-14.519951032540465
2144,-14.519951032540465
2145,-14.519951032540465
2146,-14.519951032540465
2147,-14.519951032540465
2148,-14.519951032540465
2149,-14.519951032540465
2150,-14.519951032540465
2151,-14.519951032540465
2152,-14.519951032540465
2153,-14.519951032540465
2154,-14.519951032540465
2155,-14.519951032540465
2156,-14.519951032540465
2157,-14.519951032540465
2158,-14.519951032540465
2159,-14.519951032540465
2160,-14.519951032540465
2161,-14.519951032540465
2162,-14.519951032540465
2163,-14.519951032540465
2164,0.5154324929201805
2165,0.5154324929201805
2166,0.5154324929201805
2167,0.5154324929201805
2168,0.5154324929201805
2169,0.5154324929201805
2170,0.5154324929201805
2171,0.5154324929201805
2172,0.5154324929201805
2173,0.5154324929201805
2174,0.5154324929201805
2175,0.5154324929201805
2176,0.5154324929201805
2177,0.5154324929201805
2178,0.5154324929201805
2179,0.5154324929201805
2180,0.5154324929201805
2181,0.5154324929201805
2182,0.5154324929201805
2183,0.5154324929201805
2184,0.5154324929201805
2185,0.5154324929201805
2186,0.5154324929201805
2187,0.5154324929201805
2188,0.5154324929201805
2189,0.5154324929201805
2190,0.5154324929201805
2191,0.5154324929201805
2192,0.5154324929201805
2193,0.5154324929201805
2194,0.5154324929201805
2195,0.5154324929201805
2196,0.5154324929201805
2197,0.5154324929201805
2198,0.5154324929201805
2199,0.5154324929201805
2200,0.5154324929201805
2201,0.5154324929201805
2202,0.5154324929201805
2203,0.5154324929201805
2204,0.5154324929201805
2205,0.5154324929201805
2206,0.5154324929201805
2207,0.5154324929201805
2208,0.5154324929201805
2209,0.5154324929201805
2210,0.5154324929201805
2211,0.5154324929201805
2212,0.5154324929201805
2213,0.5154324929201805
2214,0.5154324929201805
2215,0.5154324929201805
2216,0.5154324929201805
2217,0.5154324929201805
2218,0.5154324929201805
2219,0.5154324929201805
2220,0.5154324929201805
2221,0.5154324929201805
2222,0.5154324929201805
2223,0.5154324929201805
2224,0.5154324929201805
2225,0.5154324929201805
2226,0.5154324929201805
2227,0.5154324929201805
2228,0.5154324929201805
2229,0.5154324929201805
2230,0.5154324929201805
2231,0.5154324929201805
2232,0.5154324929201805
2233,0.5154324929201805
2234,0.5154324929201805
2235,0.5154324929201805
2236,0.5154324929201805
2237,0.5154324929201805
2238,0.5154324929201805
2239,0.5154324929201805
2240,0.5154324929201805
2241,0.5154324929201805
2242,0.5154324929201805
2243,0.5154324929201805
2244,0.5154324929201805
2245,0.5154324929201805
2246,0.5154324929201805
2247,0.5154324929201805
2248,0.5154324929201805
2249,0.5154324929201805
2250,0.5154324929201805
2251,0.5154324929201805
2252,0.5154324929201805
2253,0.5154324929201805
2254,0.5154324929201805
2255,0.5154324929201805
2256,0.5154324929201805
2257,0.5154324929201805
2258,0.5154324929201805
2259,0.5154324929201805
2260,0.5154324929201805
2261,0.5154324929201805
2262,0.5154324929201805
2263,0.5154324929201805
2264,0.5154324929201805
2265,0.5154324929201805
2266,0.5154324929201805
2267,0.5154324929201805
2268,0.5154324929201805
2269,0.5154324929201805
2270,0.5154324929201805
2271,0.5154324929201805
2272,0.5154324929201805
2273,0.5154324929201805
2274,0.5154324929201805
2275,0.5154324929201805
2276,0.5154324929201805
2277,0.5154324929201805
2278,0.5154324929201805
2279,0.5154324929201805
2280,0.5154324929201805
2281,0.5154324929201805
2282,0.5154324929201805
2283,0.5154324929201805
2284,0.5154324929201805
2285,0.5154324929201805
2286,0.5154324929201805
2287,0.5154324929201805
2288,0.5154324929201805
2289,0.5154324929201805
2290,0.5154324929201805
2291,0.5154324929201805
2292,0.5154324929201805
2293,0.5154324929201805
2294,0.5154324929201805
2295,0.5154324929201805
2296,0.5154324929201805
2297,0.5154324929201805
2298,0.5154324929201805
2299,0.5154324929201805
2300,0.5154324929201805
2301,0.5154324929201805
2302,0.5154324929201805
2303,0.5154324929201805
2304,0.5154324929201805
2305,0.5154324929201805
2306,0.5154324929201805
2307,0.5154324929201805
2308,0.5154324929201805
2309,0.5154324929201805
2310,0.5154324929201805
2311,0.5154324929201805
2312,0.5154324929201805
2313,0.5154324929201805
2314,0.5154324929201805
2315,0.5154324929201805
2316,0.5154324929201805
2317,0.5154324929201805
2318,0.5154324929201805
2319,0.5154324929201805
2320,0.5154324929201805
2321,0.5154324929201805
2322,0.5154324929201805
2323,0.5154324929201805
2324,0.5154324929201805
2325,0.5154324929201805
2326,0.5154324929201805
2327,0.5154324929201805
2328,0.5154324929201805
2329,0.5154324929201805
2330,0.5154324929201805
2331,0.5154324929201805
2332,0.5154324929201805
2333,0.5154324929201805
2334,0.5154324929201805
2335,0.5154324929201805
2336,0.5154324929201805
2337,0.5154324929201805
2338,0.5154324929201805
2339,0.5154324929201805
2340,0.5154324929201805
2341,0.5154324929201805
2342,0.5154324929201805
2343,0.5154324929201805
2344,0.5154324929201805
2345,0.5154324929201805
2346,0.5154324929201805
2347,0.5154324929201805
2348,0.5154324929201805
2349,0.5154324929201805
2350,0.5154324929201805
2351,0.5154324929201805
2352,0.5154324929201805
2353,0.5154324929201805
2354,0.5154324929201805
2355,0.5154324929201805
2356,0.5154324929201805
2357,0.5154324929201805
2358,0.5154324929201805
2359,0.5154324929201805
2360,0.5154324929201805
2361,0.5154324929201805
2362,0.5154324929201805
2363,0.5154324929201805
2364,0.5154324929201805
2365,0.5154324929201805
2366,0.5154324929201805
2367,0.5154324929201805
2368,0.5154324929201805
2369,0.5154324929201805
2370,0.5154324929201805
2371,0.5154324929201805
2372,0.5154324929201805
2373,0.5154324929201805
2374,0.5154324929201805
2375,0.5154324929201805
2376,0.5154324929201805
2377,0.5154324929201805
2378,0.5154324929201805
2379,0.5154324929201805
2380,0.5154324929201805
2381,0.5154324929201805
2382,0.5154324929201805
2383,0.5154324929201805
2384,0.5154324929201805
2385,0.5154324929201805
2386,0.5154324929201805
2387,0.5154324929201805
2388,0.5154324929201805
2389,0.5154324929201805
2390,0.5154324929201805
2391,0.5154324929201805
2392,0.5154324929201805
2393,0.5154324929201805
2394,0.5154324929201805
2395,0.5154324929201805
2396,0.5154324929201805
2397,0.5154324929201805
2398,0.5154324929201805
2399,0.5154324929201805
2400,0.5154324929201805
2401,0.5154324929201805
2402,0.5154324929201805
2403,0.5154324929201805
2404,0.5154324929201805
2405,0.5154324929201805
2406,0.5154324929201805
2407,0.5154324929201805
2408,0.5154324929201805
2409,0.5154324929201805
2410,0.5154324929201805
2411,0.5154324929201805
2412,0.5154324929201805
2413,0.5154324929201805
2414,0.5154324929201805
2415,0.5154324929201805
2416,0.5154324929201805
2417,0.5154324929201805
2418,0.5154324929201805
2419,0.5154324929201805
2420,0.5154324929201805
2421,0.5154324929201805
2422,0.5154324929201805
2423,0.5154324929201805
2424,0.5154324929201805
2425,0.5154324929201805
2426,0.5154324929201805
2427,0.5154324929201805
2428,0.5154324929201805
2429,0.5154324929201805
2430,0.5154324929201805
2431,0.5154324929201805
2432,0.5154324929201805
2433,0.5154324929201805
2434,0.5154324929201805
2435,0.5154324929201805
2436,0.5154324929201805
2437,0.5154324929201805
2438,0.5154324929201805
2439,0.5154324929201805
2440,0.5154324929201805
2441,0.5154324929201805
2442,0.5154324929201805
2443,0.5154324929201805
2444,0.5154324929201805
2445,0.5154324929201805
2446,0.5154324929201805
2447,0.5154324929201805
2448,0.5154324929201805
2449,0.5154324929201805
2450,0.5154324929201805
2451,0.5154324929201805
2452,0.5154324929201805
2453,0.5154324929201805
2454,0.5154324929201805
2455,0.5154324929201805
2456,0.5154324929201805
2457,0.5154324929201805
2458,0.5154324929201805
2459,0.5154324929201805
2460,0.5154324929201805
2461,0.5154324929201805
2462,0.5154324929201805
2463,0.5154324929201805
2464,0.5154324929201805
2465,0.5154324929201805
2466,0.5154324929201805
2467,0.5154324929201805
2468,0.5154324929201805
2469,0.5154324929201805
2470,0.5154324929201805
2471,0.5154324929201805
2472,0.5154324929201805
2473,0.5154324929201805
2474,0.5154324929201805
2475,0.5154324929201805
2476,0.5154324929201805
2477,0.5154324929201805
2478,0.5154324929201805
2479,0.5154324929201805
2480,0.5154324929201805
2481,0.5154324929201805
2482,0.5154324929201805
2483,0.5154324929201805
2484,0.5154324929201805
2485,0.5154324929201805
2486,0.5154324929201805
2487,0.5154324929201805
2488,0.5154324929201805
2489,0.5154324929201805
2490,0.5154324929201805
2491,0.5154324929201805
2492,0.5154324929201805
2493,0.5154324929201805
2494,0.5154324929201805
2495,0.5154324929201805
2496,0.5154324929201805
2497,0.5154324929201805
2498,0.5154324929201805
2499,0.5154324929201805
2500,0.5154324929201805
2501,0.5154324929201805
2502,0.5154324929201805
2503,0.5154324929201805
2504,0.5154324929201805
2505,0.5154324929201805
2506,0.5154324929201805
2507,0.5154324929201805
2508,0.5154324929201805
2509,0.5154324929201805
2510,0.5154324929201805
2511,0.5154324929201805
2512,0.5154324929201805
2513,0.5154324929201805
2514,0.5154324929201805
2515,0.5154324929201805
2516,0.5154324929201805
2517,0.5154324929201805
2518,0.5154324929201805
2519,0.5154324929201805
2520,0.5154324929201805
2521,0.5154324929201805
2522,0.5154324929201805
2523,0.5154324929201805
2524,0.5154324929201805
2525,0.5154324929201805
2526,0.5154324929201805
2527,0.5154324929201805
2528,0.5154324929201805
2529,0.5154324929201805
2530,0.5154324929201805
2531,0.5154324929201805
2532,0.5154324929201805
2533,0.5154324929201805
2534,0.5154324929201805
2535,0.5154324929201805
2536,0.5154324929201805
2537,0.5154324929201805
2538,0.5154324929201805
2539,0.5154324929201805
2540,0.5154324929201805
2541,0.5154324929201805
2542,0.5154324929201805
2543,0.5154324929201805
2544,0.5154324929201805
2545,0.5154324929201805
2546,0.5154324929201805
2547,0.5154324929201805
2548,0.5154324929201805
2549,0.5154324929201805
2550,0.5154324929201805
2551,0.5154324929201805
2552,0.5154324929201805
2553,0.5154324929201805
2554,0.5154324929201805
2555,-0.6826060350049707
2556,-0.6826060350049707
2557,-0.6826060350049707
2558,-0.6826060350049707
2559,-0.6826060350049707
2560,-0.6826060350049707
2561,-0.6826060350049707
2562,-0.6826060350049707
2563,-0.6826060350049707
2564,-0.6826060350049707
2565,-0.6826060350049707
2566,-0.6826060350049707
2567,-0.6826060350049707
2568,-0.6826060350049707
2569,-0.6826060350049707
2570,-0.6826060350049707
2571,-0.6826060350049707
2572,-0.6826060350049707
2573,-0.6826060350049707
2574,-0.6826060350049707
2575,-0.6826060350049707
2576,-0.6826060350049707
2577,-0.6826060350049707
2578,-0.6826060350049707
2579,-0.6826060350049707
2580,-0.6826060350049707
2581,-0.6826060350049707
2582,-0.6826060350049707
2583,-0.6826060350049707
2584,-0.6826060350049707
2585,-0.6826060350049707
2586,-0.6826060350049707
2587,-0.6826060350049707
2588,-0.6826060350049707
2589,-0.6826060350049707
2590,-0.6826060350049707
2591,-0.6826060350049707
2592,-0.6826060350049707
2593,-0.6826060350049707
2594,-0.6826060350049707
2595,-0.6826060350049707
2596,-0.6826060350049707
2597,-0.6826060350049707
2598,-0.6826060350049707
2599,-0.6826060350049707
2600,-0.6826060350049707
2601,-0.6826060350049707
2602,-0.6826060350049707
2603,-0.6826060350049707
2604,-0.6826060350049707
2605,-0.6826060350049707
2606,-0.6826060350049707
2607,-0.6826060350049707
2608,-0.6826060350049707
2609,-0.6826060350049707
2610,-0.6826060350049707
2611,-0.6826060350049707
2612,-0.6826060350049707
2613,-0.6826060350049707
2614,-0.6826060350049707
2615,-0.6826060350049707
2616,-0.6826060350049707
2617,-0.6826060350049707
2618,-0.6826060350049707
2619,-0.6826060350049707
2620,-0.6826060350049707
2621,-0.6826060350049707
2622,-0.6826060350049707
2623,-0.6826060350049707
2624,-0.6826060350049707
2625,-0.6826060350049707
2626,-0.6826060350049707
2627,-0.6826060350049707
2628,-0.6826060350049707
2629,-0.6826060350049707
2630,-0.6826060350049707
2631,-0.6826060350049707
2632,-0.6826060350049707
2633,-0.6826060350049707
2634,-0.6826060350049707
2635,-0.6826060350049707
2636,-0.6826060350049707
2637,-0.6826060350049707
2638,-0.6826060350049707
2639,-0.6826060350049707
2640,-0.6826060350049707
2641,-0.6826060350049707
2642,-0.6826060350049707
2643,-0.6826060350049707
2644,-0.6826060350049707
2645,-0.6826060350049707
2646,-0.6826060350049707
2647,-0.6826060350049707
2648,-0.6826060350049707
2649,-0.6826060350049707
2650,-0.6826060350049707
2651,-0.6826060350049707
2652,-0.6826060350049707
2653,-0.6826060350049707
2654,-0.6826060350049707
2655,-0.6826060350049707
2656,-0.6826060350049707
2657,-0.6826060350049707
2658,-0.6826060350049707
2659,-0.6826060350049707
2660,-0.6826060350049707
2661,-0.6826060350049707
2662,-0.6826060350049707
2663,-0.6826060350049707
2664,-0.6826060350049707
2665,-0.6826060350049707
2666,-0.6826060350049707
2667,-0.6826060350049707
2668,-0.6826060350049707
2669,-0.6826060350049707
2670,-0.6826060350049707
2671,-0.6826060350049707
2672,-0.6826060350049707
2673,-0.6826060350049707
2674,-0.6826060350049707
2675,-0.6826060350049707
2676,-0.6826060350049707
2677,-0.6826060350049707
2678,-0.6826060350049707
2679,-0.6826060350049707
2680,-0.6826060350049707
2681,-0.6826060350049707
2682,-0.6826060350049707
2683,-0.6826060350049707
2684,-0.6826060350049707
2685,-0.6826060350049707
2686,-0.6826060350049707
2687,-0.6826060350049707
2688,-0.6826060350049707
2689,-0.6826060350049707
2690,-0.6826060350049707
2691,-0.6826060350049707
2692,-0.6826060350049707
2693,-0.6826060350049707
2694,-0.6826060350049707
2695,-0.6826060350049707
2696,-0.6826060350049707
2697,-0.6826060350049707
2698,-0.6826060350049707
2699,-0.6826060350049707
2700,-0.6826060350049707
2701,-0.6826060350049707
2702,-0.6826060350049707
2703,-0.6826060350049707
2704,-0.6826060350049707
2705,-0.6826060350049707
2706,-0.6826060350049707
2707,-0.6826060350049707
2708,-0.6826060350049707
2709,-0.6826060350049707
2710,-0.6826060350049707
2711,-0.6826060350049707
2712,-0.6826060350049707
2713,-0.6826060350049707
2714,-0.6826060350049707
2715,-0.6826060350049707
2716,-0.6826060350049707
2717,-0.6826060350049707
2718,-0.6826060350049707
2719,-0.6826060350049707
2720,-0.6826060350049707
2721,-0.6826060350049707
2722,-0.6826060350049707
2723,-0.6826060350049707
2724,-0.6826060350049707
2725,-0.6826060350049707
2726,-0.6826060350049707
2727,-0.6826060350049707
2728,-0.6826060350049707
2729,-0.6826060350049707
2730,-0.6826060350049707
2731,-0.6826060350049707
2732,-0.6826060350049707
2733,-0.6826060350049707
2734,-0.6826060350049707
2735,-0.6826060350049707
2736,-0.6826060350049707
2737,-0.6826060350049707
2738,-0.6826060350049707
2739,-0.6826060350049707
2740,-0.6826060350049707
2741,-0.6826060350049707
2742,-0.6826060350049707
2743,-0.6826060350049707
2744,-0.6826060350049707
2745,-0.6826060350049707
2746,-0.6826060350049707
2747,-0.6826060350049707
2748,-0.6826060350049707
2749,-0.6826060350049707
2750,-0.6826060350049707
2751,-0.6826060350049707
2752,-0.6826060350049707
2753,-0.6826060350049707
2754,-0.6826060350049707
2755,-0.6826060350049707
2756,-0.6826060350049707
2757,-0.6826060350049707
2758,-0.6826060350049707
2759,-0.6826060350049707
2760,-0.6826060350049707
2761,-0.6826060350049707
2762,-0.6826060350049707
2763,-0.6826060350049707
2764,-0.6826060350049707
2765,-0.6826060350049707
2766,-0.6826060350049707
2767,-0.6826060350049707
2768,-0.6826060350049707
2769,-0.6826060350049707
2770,-0.6826060350049707
2771,-0.6826060350049707
2772,-0.6826060350049707
2773,-0.6826060350049707
2774,-0.6826060350049707
2775,-0.6826060350049707
2776,-0.6826060350049707
2777,-0.6826060350049707
2778,-0.6826060350049707
2779,-0.6826060350049707
2780,-0.6826060350049707
2781,-0.6826060350049707
2782,-0.6826060350049707
2783,-0.6826060350049707
2784,-0.6826060350049707
2785,-0.6826060350049707
2786,-0.6826060350049707
2787,-0.6826060350049707
2788,-0.6826060350049707
2789,-0.6826060350049707
2790,-0.6826060350049707
2791,-0.6826060350049707
2792,-0.6826060350049707
2793,-0.6826060350049707
2794,-0.6826060350049707
2795,-0.6826060350049707
2796,-0.6826060350049707
2797,-0.6826060350049707
2798,-0.6826060350049707
2799,-0.6826060350049707
2800,-0.6826060350049707
2801,-0.6826060350049707
2802,-0.6826060350049707
2803,-0.6826060350049707
2804,-0.6826060350049707
2805,-0.6826060350049707
2806,-0.6826060350049707
2807,-0.6826060350049707
2808,-0.6826060350049707
2809,-0.6826060350049707
2810,-0.6826060350049707
2811,-0.6826060350049707
2812,-0.6826060350049707
2813,-0.6826060350049707
2814,-0.6826060350049707
2815,-0.6826060350049707
2816,-0.6826060350049707
2817,-0.6826060350049707
2818,-0.6826060350049707
2819,-0.6826060350049707
2820,-0.6826060350049707
2821,-0.6826060350049707
2822,-0.6826060350049707
2823,-0.6826060350049707
2824,-0.6826060350049707
2825,-0.6826060350049707
2826,-0.6826060350049707
2827,-0.6826060350049707
2828,-0.6826060350049707
2829,-0.6826060350049707
2830,-0.6826060350049707
2831,-0.6826060350049707
2832,-0.6826060350049707
2833,-0.6826060350049707
2834,-0.6826060350049707
2835,-0.6826060350049707
2836,-0.6826060350049707
2837,-0.6826060350049707
2838,-0.6826060350049707
2839,-0.6826060350049707
2840,-0.6826060350049707
2841,-0.6826060350049707
2842,-0.6826060350049707
2843,-0.6826060350049707
2844,-0.6826060350049707
2845,-0.6826060350049707
2846,-0.6826060350049707
2847,-0.6826060350049707
2848,-0.6826060350049707
2849,-0.6826060350049707
2850,-0.6826060350049707
2851,-0.6826060350049707
2852,-0.6826060350049707
2853,-0.6826060350049707
2854,-0.6826060350049707
2855,-0.6826060350049707
2856,-0.6826060350049707
2857,-0.6826060350049707
2858,-0.6826060350049707
2859,-0.6826060350049707
2860,-0.6826060350049707
2861,-0.6826060350049707
2862,-0.6826060350049707
2863,-0.6826060350049707
2864,-0.6826060350049707
2865,-0.6826060350049707
2866,-0.6826060350049707
2867,-0.6826060350049707
2868,-0.6826060350049707
2869,-0.6826060350049707
2870,-0.6826060350049707
2871,-0.6826060350049707
2872,-0.6826060350049707
2873,-0.6826060350049707
2874,-0.6826060350049707
2875,-0.6826060350049707
2876,-0.6826060350049707
2877,-0.6826060350049707
2878,-0.6826060350049707
2879,-0.6826060350049707
2880,-0.6826060350049707
2881,-0.6826060350049707
2882,-0.6826060350049707
2883,-0.6826060350049707
2884,-0.6826060350049707
2885,-0.6826060350049707
2886,-0.6826060350049707
2887,-0.6826060350049707
2888,-0.6826060350049707
2889,-0.6826060350049707
2890,-0.6826060350049707
2891,-0.6826060350049707
2892,-0.6826060350049707
2893,-0.6826060350049707
2894,-0.6826060350049707
2895,-0.6826060350049707
2896,-0.6826060350049707
2897,-0.6826060350049707
2898,-0.6826060350049707
2899,-0.6826060350049707
2900,-0.6826060350049707
2901,-0.6826060350049707
2902,-0.6826060350049707
2903,-0.6826060350049707
2904,-0.6826060350049707
2905,-0.6826060350049707
2906,-0.6826060350049707
2907,-0.6826060350049707
2908,-0.6826060350049707
2909,-0.6826060350049707
2910,-0.6826060350049707
2911,-0.6826060350049707
2912,-0.6826060350049707
2913,-0.6826060350049707
2914,-0.6826060350049707
2915,-0.6826060350049707
2916,-0.6826060350049707
2917,-0.6826060350049707
2918,-0.6826060350049707
2919,-0.6826060350049707
2920,-0.6826060350049707
2921,-0.6826060350049707
2922,-0.6826060350049707
2923,-0.6826060350049707
2924,-0.6826060350049707
2925,-0.6826060350049707
2926,-0.6826060350049707
2927,-0.6826060350049707
2928,-0.6826060350049707
2929,-0.6826060350049707
2930,-0.6826060350049707
2931,-0.6826060350049707
2932,-0.6826060350049707
2933,-0.6826060350049707
2934,-0.6826060350049707
2935,-0.6826060350049707
2936,-0.6826060350049707
2937,-0.6826060350049707
2938,-0.6826060350049707
2939,-0.6826060350049707
2940,-0.6826060350049707
2941,-0.6826060350049707
2942,-0.6826060350049707
2943,-0.6826060350049707
2944,-0.6826060350049707
2945,-0.6826060350049707
2946,-0.6826060350049707
2947,-0.6826060350049707
2948,-0.6826060350049707
2949,-0.6826060350049707
2950,-0.6826060350049707
2951,-0.6826060350049707
2952,-0.6826060350049707
2953,-0.6826060350049707
2954,-0.6826060350049707
2955,-0.6826060350049707
2956,-0.6826060350049707
2957,-0.6826060350049707
2958,-0.6826060350049707
2959,-0.6826060350049707
2960,-0.6826060350049707
2961,-0.6826060350049707
2962,-0.6826060350049707
2963,-0.6826060350049707
2964,-0.6826060350049707
2965,-0.6826060350049707
2966,-0.6826060350049707
2967,-0.6826060350049707
2968,-0.6826060350049707
2969,-0.6826060350049707
2970,-0.6826060350049707
2971,-0.6826060350049707
2972,-0.6826060350049707
2973,-0.6826060350049707
2974,-6.493092895441953
2975,-6.493092895441953
2976,-6.493092895441953
2977,-6.493092895441953
2978,-6.493092895441953
2979,-6.493092895441953
2980,-6.493092895441953
2981,-6.493092895441953
2982,-6.493092895441953
2983,-6.493092895441953
2984,-6.493092895441953
2985,-6.493092895441953
2986,-6.493092895441953
2987,-6.493092895441953
2988,-6.493092895441953
2989,-6.493092895441953
2990,-6.493092895441953
2991,-6.493092895441953
2992,-6.493092895441953
2993,-6.493092895441953
2994,-6.493092895441953
2995,-6.493092895441953
2996,-6.493092895441953
2997,-6.493092895441953
2998,-6.493092895441953
2999,-6.493092895441953
3000,-6.493092895441953
3001,-6.493092895441953
3002,-6.493092895441953
3003,-6.493092895441953
3004,-6.493092895441953
3005,-6.493092895441953
3006,-6.493092895441953
3007,-6.493092895441953
3008,-6.493092895441953
3009,-6.493092895441953
3010,-6.493092895441953
3011,-6.493092895441953
3012,-6.493092895441953
3013,-6.493092895441953
3014,-6.493092895441953
3015,-6.493092895441953
3016,-6.493092895441953
3017,-6.493092895441953
3018,-6.493092895441953
3019,-6.493092895441953
3020,-6.493092895441953
3021,-6.493092895441953
3022,-6.493092895441953
3023,-6.493092895441953
3024,-6.493092895441953
3025,-6.493092895441953
3026,-6.493092895441953
3027,-6.493092895441953
3028,-6.493092895441953
3029,-6.493092895441953
3030,-6.493092895441953
3031,-6.493092895441953
3032,-6.493092895441953
3033,-6.493092895441953
3034,-6.493092895441953
3035,-6.493092895441953
3036,-6.493092895441953
3037,-6.493092895441953
3038,-6.493092895441953
3039,-6.493092895441953
3040,-6.493092895441953
3041,-6.493092895441953
3042,-6.493092895441953
3043,-6.493092895441953
3044,-6.493092895441953
3045,-6.493092895441953
3046,-6.493092895441953
3047,-6.493092895441953
3048,-6.493092895441953
3049,-6.493092895441953
3050,-6.493092895441953
3051,-6.493092895441953
3052,-6.493092895441953
3053,-6.493092895441953
3054,-6.493092895441953
3055,-6.493092895441953
3056,-6.493092895441953
3057,-6.493092895441953
3058,-6.493092895441953
3059,-6.493092895441953
3060,-6.493092895441953
3061,-6.493092895441953
3062,-6.493092895441953
3063,-6.493092895441953
3064,-6.493092895441953
3065,-6.493092895441953
3066,-6.493092895441953
3067,-6.493092895441953
3068,-6.493092895441953
3069,-6.493092895441953
3070,-6.493092895441953
3071,-6.493092895441953
3072,-6.493092895441953
3073,-6.493092895441953
3074,-6.493092895441953
3075,-6.493092895441953
3076,-6.493092895441953
3077,-6.493092895441953
3078,-6.493092895441953
3079,-6.493092895441953
3080,-6.493092895441953
3081,-6.493092895441953
3082,-6.493092895441953
3083,-6.493092895441953
3084,-6.493092895441953
3085,-6.493092895441953
3086,-6.493092895441953
3087,-6.493092895441953
3088,-6.493092895441953
3089,-6.493092895441953
3090,-6.493092895441953
3091,-6.493092895441953
3092,-6.493092895441953
3093,-6.493092895441953
3094,-6.493092895441953
3095,-6.493092895441953
3096,-6.493092895441953
3097,-6.493092895441953
3098,-6.493092895441953
3099,-6.493092895441953
3100,-6.493092895441953
3101,-6.493092895441953
3102,-6.493092895441953
3103,-6.493092895441953
3104,-6.493092895441953
3105,-6.493092895441953
3106,-6.493092895441953
3107,-6.493092895441953
3108,-6.493092895441953
3109,-6.493092895441953
3110,-6.493092895441953
3111,-6.493092895441953
3112,-6.493092895441953
3113,-6.493092895441953
3114,-6.493092895441953
3115,-6.493092895441953
3116,-6.493092895441953
3117,-6.493092895441953
3118,-6.493092895441953
3119,-6.493092895441953
3120,-6.493092895441953
3121,-6.493092895441953
3122,-6.493092895441953
3123,-6.493092895441953
3124,-6.493092895441953
3125,-6.493092895441953
3126,-6.493092895441953
3127,-6.493092895441953
3128,-6.493092895441953
3129,-6.493092895441953
3130,-6.493092895441953
3131,-6.493092895441953
3132,-6.493092895441953
3133,-6.493092895441953
3134,-6.493092895441953
3135,-6.493092895441953
3136,-6.493092895441953
3137,-6.493092895441953
3138,-6.493092895441953
3139,-6.493092895441953
3140,-6.493092895441953
3141,-6.493092895441953
3142,-6.493092895441953
3143,-6.493092895441953
3144,-6.493092895441953
3145,-6.493092895441953
3146,-6.493092895441953
3147,-6.493092895441953
3148,-6.493092895441953
3149,-6.493092895441953
3150,-6.493092895441953
3151,-6.493092895441953
3152,-6.493092895441953
3153,-6.493092895441953
3154,-6.493092895441953
3155,-6.493092895441953
3156,-6.493092895441953
3157,-6.493092895441953
3158,-6.493092895441953
3159,-6.493092895441953
3160,-6.493092895441953
3161,-6.493092895441953
3162,-6.493092895441953
3163,-6.493092895441953
3164,-6.493092895441953
3165,-6.493092895441953
3166,-6.493092895441953
3167,-6.493092895441953
3168,-6.493092895441953
3169,-6.493092895441953
3170,-6.493092895441953
3171,-6.493092895441953
3172,-6.493092895441953
3173,-6.493092895441953
3174,-6.493092895441953
3175,-6.493092895441953
3176,-6.493092895441953
3177,-6.493092895441953
3178,-6.493092895441953
3179,-6.493092895441953
3180,-6.493092895441953
3181,-6.493092895441953
3182,-6.493092895441953
3183,-6.493092895441953
3184,-6.493092895441953
3185,-6.493092895441953
3186,-6.493092895441953
3187,-6.493092895441953
3188,-6.493092895441953
3189,-6.493092895441953
3190,-6.493092895441953
3191,-6.493092895441953
3192,-6.493092895441953
3193,-6.493092895441953
3194,-6.493092895441953
3195,-6.493092895441953
3196,-6.493092895441953
3197,-6.493092895441953
3198,-6.493092895441953
3199,-6.493092895441953
3200,-6.493092895441953
3201,-6.493092895441953
3202,-6.493092895441953
3203,-6.493092895441953
3204,-6.493092895441953
3205,-6.493092895441953
3206,-6.493092895441953
3207,-6.493092895441953
3208,-6.493092895441953
3209,-6.493092895441953
3210,-6.493092895441953
3211,-6.493092895441953
3212,-6.493092895441953
3213,-6.493092895441953
3214,-6.493092895441953
3215,-6.493092895441953
3216,-6.493092895441953
3217,-6.493092895441953
3218,-6.493092895441953
3219,-6.493092895441953
3220,-6.493092895441953
3221,-6.493092895441953
3222,-6.493092895441953
3223,-6.493092895441953
3224,-6.493092895441953
3225,-6.493092895441953
3226,-6.493092895441953
3227,-6.493092895441953
3228,-6.493092895441953
3229,-6.493092895441953
3230,-6.493092895441953
3231,-6.493092895441953
3232,-6.493092895441953
3233,-6.493092895441953
3234,-6.493092895441953
3235,-6.493092895441953
3236,-6.493092895441953
3237,-6.493092895441953
3238,-6.493092895441953
3239,-6.493092895441953
3240,-6.493092895441953
3241,-6.493092895441953
3242,-6.493092895441953
3243,-6.493092895441953
3244,-6.493092895441953
3245,-6.493092895441953
3246,-6.493092895441953
3247,-6.493092895441953
3248,-6.493092895441953
3249,-6.493092895441953
3250,-6.493092895441953
3251,-6.493092895441953
3252,-6.493092895441953
3253,-6.493092895441953
3254,-6.493092895441953
3255,-6.493092895441953
3256,-6.493092895441953
3257,-6.493092895441953
3258,-6.493092895441953
3259,-6.493092895441953
3260,-6.493092895441953
3261,-6.493092895441953
3262,-6.493092895441953
3263,-6.493092895441953
3264,-6.493092895441953
3265,-6.493092895441953
3266,-6.493092895441953
3267,-6.493092895441953
3268,-6.493092895441953
3269,-6.493092895441953
3270,-6.493092895441953
3271,-6.493092895441953
3272,-6.493092895441953
3273,-6.493092895441953
3274,-6.493092895441953
3275,-6.493092895441953
3276,-6.493092895441953
3277,-6.493092895441953
3278,-6.493092895441953
3279,-6.493092895441953
3280,-6.493092895441953
3281,-6.493092895441953
3282,-6.493092895441953
3283,-6.493092895441953
3284,-6.493092895441953
3285,-6.493092895441953
3286,-6.493092895441953
3287,-6.493092895441953
3288,-6.493092895441953
3289,-6.493092895441953
3290,-6.493092895441953
3291,-6.493092895441953
3292,-6.493092895441953
3293,-6.493092895441953
3294,-6.493092895441953
3295,-6.493092895441953
3296,-6.493092895441953
3297,-6.493092895441953
3298,-6.493092895441953
3299,-6.493092895441953
3300,-6.493092895441953
3301,-6.493092895441953
3302,-6.493092895441953
3303,-6.493092895441953
3304,-6.493092895441953
3305,-6.493092895441953
3306,-6.493092895441953
3307,-6.493092895441953
3308,-6.493092895441953
3309,-6.493092895441953
3310,-6.493092895441953
3311,-6.493092895441953
3312,-6.493092895441953
3313,-6.493092895441953
3314,-6.493092895441953
3315,-6.493092895441953
3316,-6.493092895441953
3317,-6.493092895441953
3318,-6.493092895441953
3319,-6.493092895441953
3320,-6.493092895441953
3321,-6.493092895441953
3322,-6.493092895441953
3323,-6.493092895441953
3324,-6.493092895441953
3325,-6.493092895441953
3326,-6.493092895441953
3327,-6.493092895441953
3328,-6.493092895441953
3329,-6.493092895441953
3330,-6.493092895441953
3331,-6.493092895441953
3332,-6.493092895441953
3333,-6.493092895441953
3334,-6.493092895441953
3335,-6.493092895441953
3336,-6.493092895441953
3337,-6.493092895441953
3338,-6.493092895441953
3339,-6.493092895441953
3340,-6.493092895441953
3341,-6.493092895441953
3342,-6.493092895441953
3343,-6.493092895441953
3344,-6.493092895441953
3345,-6.493092895441953
3346,-6.493092895441953
3347,-6.493092895441953
3348,-6.493092895441953
3349,-6.493092895441953
3350,-6.493092895441953
3351,-6.493092895441953
3352,-6.493092895441953
3353,-6.493092895441953
3354,-6.493092895441953
3355,-6.493092895441953
3356,-6.493092895441953
3357,-6.493092895441953
3358,-6.493092895441953
3359,-6.493092895441953
3360,-6.493092895441953
3361,-6.493092895441953
3362,-6.493092895441953
3363,-6.493092895441953
3364,-6.493092895441953
3365,-6.493092895441953
3366,-6.493092895441953
3367,-6.493092895441953
3368,-6.493092895441953
3369,-6.493092895441953
3370,-6.493092895441953
3371,-6.493092895441953
3372,-6.493092895441953
3373,-6.493092895441953
3374,-6.493092895441953
3375,-6.493092895441953
3376,-6.493092895441953
3377,-6.493092895441953
3378,-6.493092895441953
3379,-6.493092895441953
3380,-6.493092895441953
3381,-6.493092895441953
3382,-6.493092895441953
3383,-6.493092895441953
3384,-6.493092895441953
3385,-6.493092895441953
3386,-6.493092895441953
3387,-6.493092895441953
3388,-6.493092895441953
3389,-6.493092895441953
3390,-6.493092895441953
3391,-6.493092895441953
3392,-6.493092895441953
3393,-6.493092895441953
3394,-6.493092895441953
3395,-6.493092895441953
3396,-6.493092895441953
3397,-6.493092895441953
3398,-6.493092895441953
3399,-6.493092895441953
3400,-6.493092895441953
3401,-6.493092895441953
3402,-6.493092895441953
3403,-6.493092895441953
3404,-6.493092895441953
3405,-6.493092895441953
3406,-6.493092895441953
3407,-6.493092895441953
3408,-6.493092895441953
3409,-6.493092895441953
3410,-6.493092895441953
3411,-6.493092895441953
3412,-6.493092895441953
3413,-6.493092895441953
3414,-6.493092895441953
3415,-6.493092895441953
3416,-6.493092895441953
3417,-6.493092895441953
3418,-6.493092895441953
3419,-6.493092895441953
3420,-6.493092895441953
3421,-6.493092895441953
3422,-6.493092895441953
3423,-6.493092895441953
3424,-6.493092895441953
3425,-6.493092895441953
3426,-6.493092895441953
3427,-6.493092895441953
3428,-6.493092895441953
3429,-6.493092895441953
3430,-6.493092895441953
3431,-6.493092895441953
3432,-6.493092895441953
3433,-6.493092895441953
3434,-6.493092895441953
3435,-6.493092895441953
3436,-6.493092895441953
3437,-6.493092895441953
3438,-6.493092895441953
3439,-6.493092895441953
3440,-6.493092895441953
3441,-6.493092895441953
3442,-6.493092895441953
3443,-6.493092895441953
3444,-6.493092895441953
3445,-6.493092895441953
3446,-6.493092895441953
3447,-6.493092895441953
3448,-6.493092895441953
3449,-6.493092895441953
3450,-6.493092895441953
3451,-6.493092895441953
3452,-6.493092895441953
3453,-6.493092895441953
3454,-6.493092895441953
3455,-6.493092895441953
3456,-6.493092895441953
3457,-6.493092895441953
3458,-6.493092895441953
3459,-6.493092895441953
3460,-6.493092895441953
3461,-6.493092895441953
3462,-6.493092895441953
3463,-6.493092895441953
3464,-6.493092895441953
3465,-6.493092895441953
3466,-6.493092895441953
3467,-6.493092895441953
3468,-6.493092895441953
3469,-6.493092895441953
3470,-6.493092895441953
3471,-6.493092895441953
3472,-6.493092895441953
3473,-6.493092895441953
3474,-6.493092895441953
3475,-6.493092895441953
3476,-6.493092895441953
3477,-6.493092895441953
3478,-6.493092895441953
3479,-6.493092895441953
3480,-6.493092895441953
3481,-6.493092895441953
3482,-6.493092895441953
3483,-6.493092895441953
3484,-6.493092895441953
3485,-6.493092895441953
3486,-6.493092895441953
3487,-6.493092895441953
3488,-6.493092895441953
3489,-6.493092895441953
3490,-6.493092895441953
3491,-6.493092895441953
3492,-6.493092895441953
3493,-6.493092895441953
3494,-6.493092895441953
3495,-6.493092895441953
3496,-6.493092895441953
3497,-6.493092895441953
3498,-6.493092895441953
3499,-6.493092895441953
3500,-6.493092895441953
3501,-6.493092895441953
3502,-6.493092895441953
3503,-6.493092895441953
3504,-6.493092895441953
3505,-6.493092895441953
3506,-6.493092895441953
3507,-6.493092895441953
3508,-6.493092895441953
3509,-6.493092895441953
3510,-6.493092895441953
3511,-6.493092895441953
3512,-6.493092895441953
3513,-6.493092895441953
3514,-6.493092895441953
3515,-6.493092895441953
3516,-6.493092895441953
3517,-6.493092895441953
3518,-6.493092895441953
3519,-6.493092895441953
3520,-6.493092895441953
3521,-6.493092895441953
3522,-6.493092895441953
3523,-6.493092895441953
3524,-6.493092895441953
3525,-6.493092895441953
3526,-6.493092895441953
3527,-6.493092895441953
3528,-6.493092895441953
3529,-6.493092895441953
3530,-6.493092895441953
3531,-6.493092895441953
3532,-6.493092895441953
3533,-6.493092895441953
3534,-6.493092895441953
3535,-6.493092895441953
3536,-6.493092895441953
3537,-6.493092895441953
3538,-6.493092895441953
3539,-6.493092895441953
3540,-6.493092895441953
3541,-6.493092895441953
3542,-6.493092895441953
3543,-6.493092895441953
3544,-6.493092895441953
3545,-6.493092895441953
3546,-6.493092895441953
3547,-6.493092895441953
3548,-6.493092895441953
3549,-6.493092895441953
3550,-6.493092895441953
3551,-6.493092895441953
3552,-6.493092895441953
3553,-6.493092895441953
3554,-6.493092895441953
3555,-6.493092895441953
3556,-6.493092895441953
3557,-6.493092895441953
3558,-6.493092895441953
3559,-6.493092895441953
3560,-6.493092895441953
3561,-6.493092895441953
3562,-6.493092895441953
3563,-6.493092895441953
3564,-6.493092895441953
3565,-6.493092895441953
3566,-6.493092895441953
3567,-6.493092895441953
3568,-6.493092895441953
3569,-6.493092895441953
3570,-6.493092895441953
3571,-6.493092895441953
3572,-6.493092895441953
3573,-6.493092895441953
3574,-6.493092895441953
3575,-6.493092895441953
3576,-6.493092895441953
3577,-6.493092895441953
3578,-6.493092895441953
3579,-6.493092895441953
3580,-6.493092895441953
3581,-6.493092895441953
3582,-6.493092895441953
3583,-6.493092895441953
3584,-6.493092895441953
3585,-6.493092895441953
3586,-6.493092895441953
3587,-6.493092895441953
3588,-6.493092895441953
3589,-6.493092895441953
3590,-6.493092895441953
3591,-6.493092895441953
3592,-6.493092895441953
3593,-6.493092895441953
3594,-6.493092895441953
3595,-6.493092895441953
3596,-6.493092895441953
3597,-6.493092895441953
3598,-6.493092895441953
3599,-6.493092895441953
3600,-6.493092895441953
3601,-3.497996575629076
3602,-3.497996575629076
3603,-3.497996575629076
3604,-3.497996575629076
3605,-3.497996575629076
3606,-3.497996575629076
3607,-3.497996575629076
3608,-3.497996575629076
3609,-3.497996575629076
3610,-3.497996575629076
3611,-3.497996575629076
3612,-3.497996575629076
3613,-3.497996575629076
3614,-3.497996575629076
3615,-3.497996575629076
3616,-3.497996575629076
3617,-3.497996575629076
3618,-3.497996575629076
3619,-3.497996575629076
3620,-3.497996575629076
3621,-3.497996575629076
3622,-3.497996575629076
3623,-3.497996575629076
3624,-3.497996575629076
3625,-3.497996575629076
3626,-3.497996575629076
3627,-3.497996575629076
3628,-3.497996575629076
3629,-3.497996575629076
3630,-3.497996575629076
3631,-3.497996575629076
3632,-3.497996575629076
3633,-3.497996575629076
3634,-3.497996575629076
3635,-3.497996575629076
3636,-3.497996575629076
3637,-3.497996575629076
3638,-3.497996575629076
3639,-3.497996575629076
3640,-3.497996575629076
3641,-3.497996575629076
3642,-3.497996575629076
3643,-3.497996575629076
3644,-3.497996575629076
3645,-3.497996575629076
3646,-3.497996575629076
3647,-3.497996575629076
3648,-3.497996575629076
3649,-3.497996575629076
3650,-3.497996575629076
3651,-3.497996575629076
3652,-3.497996575629076
3653,-3.497996575629076
3654,-3.497996575629076
3655,-3.497996575629076
3656,-3.497996575629076
3657,-3.497996575629076
3658,-3.497996575629076
3659,-3.497996575629076
3660,-3.497996575629076
3661,-3.497996575629076
3662,-3.497996575629076
3663,-3.497996575629076
3664,-3.497996575629076
3665,-3.497996575629076
3666,-3.497996575629076
3667,-3.497996575629076
3668,-3.497996575629076
3669,-3.497996575629076
3670,-3.497996575629076
3671,-3.497996575629076
3672,-3.497996575629076
3673,-3.497996575629076
3674,-3.497996575629076
3675,-3.497996575629076
3676,-3.497996575629076
3677,-3.497996575629076
3678,-3.497996575629076
3679,-3.497996575629076
3680,-3.497996575629076
3681,-3.497996575629076
3682,-3.497996575629076
3683,-3.497996575629076
3684,-3.497996575629076
3685,-3.497996575629076
3686,-3.497996575629076
3687,-3.497996575629076
3688,-3.497996575629076
3689,-3.497996575629076
3690,-3.497996575629076
3691,-3.497996575629076
3692,-3.497996575629076
3693,-3.497996575629076
3694,-3.497996575629076
3695,-3.497996575629076
3696,-3.497996575629076
3697,-3.497996575629076
3698,-3.497996575629076
3699,-3.497996575629076
3700,-3.497996575629076
3701,-3.497996575629076
3702,-3.497996575629076
3703,-3.497996575629076
3704,-3.497996575629076
3705,-3.497996575629076
3706,-3.497996575629076
3707,-3.497996575629076
3708,-3.497996575629076
3709,-3.497996575629076
3710,-3.497996575629076
3711,-3.497996575629076
3712,-3.497996575629076
3713,-3.497996575629076
3714,-3.497996575629076
3715,-3.497996575629076
3716,-3.497996575629076
3717,-3.497996575629076
3718,-3.497996575629076
3719,-3.497996575629076
3720,-3.497996575629076
3721,-3.497996575629076
3722,-3.497996575629076
3723,-3.497996575629076
3724,-3.497996575629076
3725,-3.497996575629076
3726,-3.497996575629076
3727,-3.497996575629076
3728,-3.497996575629076
3729,-3.497996575629076
3730,-3.497996575629076
3731,-3.497996575629076
3732,-3.497996575629076
3733,-3.497996575629076
3734,-3.497996575629076
3735,-3.497996575629076
3736,-3.497996575629076
3737,-3.497996575629076
3738,-3.497996575629076
3739,-3.497996575629076
3740,-3.497996575629076
3741,-3.497996575629076
3742,-3.497996575629076
3743,-3.497996575629076
3744,-3.497996575629076
3745,-3.497996575629076
3746,-3.497996575629076
3747,-3.497996575629076
3748,-3.497996575629076
3749,-3.497996575629076
3750,-3.497996575629076
3751,-3.497996575629076
3752,-3.497996575629076
3753,-3.497996575629076
3754,-3.497996575629076
3755,-3.497996575629076
3756,-3.497996575629076
3757,-3.497996575629076
3758,-3.497996575629076
3759,-3.497996575629076
3760,-3.497996575629076
3761,-3.497996575629076
3762,-3.497996575629076
3763,-3.497996575629076
3764,-3.497996575629076
3765,-3.497996575629076
3766,-3.497996575629076
3767,-3.497996575629076
3768,-3.497996575629076
3769,-3.497996575629076
3770,-3.497996575629076
3771,-3.497996575629076
3772,-3.497996575629076
3773,-3.497996575629076
3774,-3.497996575629076
3775,-3.497996575629076
3776,-3.497996575629076
3777,-3.497996575629076
3778,-3.497996575629076
3779,-3.497996575629076
3780,-3.497996575629076
3781,-3.497996575629076
3782,-3.497996575629076
3783,-3.497996575629076
3784,-3.497996575629076
3785,-3.497996575629076
3786,-3.497996575629076
3787,-3.497996575629076
3788,-3.497996575629076
3789,-3.497996575629076
3790,-3.497996575629076
3791,-3.497996575629076
3792,-3.497996575629076
3793,-3.497996575629076
3794,-3.497996575629076
3795,-3.497996575629076
3796,-3.497996575629076
3797,-3.497996575629076
3798,-3.497996575629076
3799,-3.497996575629076
3800,-3.497996575629076
3801,-3.497996575629076
3802,-3.497996575629076
3803,-3.497996575629076
3804,-3.497996575629076
3805,-3.497996575629076
3806,-3.497996575629076
3807,-3.497996575629076
3808,-3.497996575629076
3809,-3.497996575629076
3810,-3.497996575629076
3811,-3.497996575629076
3812,-3.497996575629076
3813,-3.497996575629076
3814,-3.497996575629076
3815,-3.497996575629076
3816,-3.497996575629076
3817,-3.497996575629076
3818,-3.497996575629076
3819,-3.497996575629076
3820,-3.497996575629076
3821,-3.497996575629076
3822,-3.497996575629076
3823,-3.497996575629076
3824,-3.497996575629076
3825,-3.497996575629076
3826,-3.497996575629076
3827,-3.497996575629076
3828,-3.497996575629076
3829,-3.497996575629076
3830,-3.497996575629076
3831,-3.497996575629076
3832,-3.497996575629076
3833,-3.497996575629076
3834,-3.497996575629076
3835,-3.497996575629076
3836,-3.497996575629076
3837,-3.497996575629076
3838,-3.497996575629076
3839,-3.497996575629076
3840,-3.497996575629076
3841,-3.497996575629076
3842,-3.497996575629076
3843,-3.497996575629076
3844,-3.497996575629076
3845,-3.497996575629076
3846,-3.497996575629076
3847,-3.497996575629076
3848,-3.497996575629076
3849,-3.497996575629076
3850,-3.497996575629076
3851,-3.497996575629076
3852,-3.497996575629076
3853,-3.497996575629076
3854,-3.497996575629076
3855,-3.497996575629076
3856,-3.497996575629076
3857,-3.497996575629076
3858,-3.497996575629076
3859,-3.497996575629076
3860,-3.497996575629076
3861,-3.497996575629076
3862,-3.497996575629076
3863,-3.497996575629076
3864,-3.497996575629076
3865,-3.497996575629076
3866,-3.497996575629076
3867,-3.497996575629076
3868,-3.497996575629076
3869,-3.497996575629076
3870,-3.497996575629076
3871,-3.497996575629076
3872,-3.497996575629076
3873,-3.497996575629076
3874,-3.497996575629076
3875,-3.497996575629076
3876,-3.497996575629076
3877,-3.497996575629076
3878,-3.497996575629076
3879,-3.497996575629076
3880,-3.497996575629076
3881,-3.497996575629076
3882,-3.497996575629076
3883,-3.497996575629076
3884,-3.497996575629076
3885,-3.497996575629076
3886,-3.497996575629076
3887,-3.497996575629076
3888,-3.497996575629076
3889,-3.497996575629076
3890,-3.497996575629076
3891,-3.497996575629076
3892,-3.497996575629076
3893,-3.497996575629076
3894,-3.497996575629076
3895,-3.497996575629076
3896,-3.497996575629076
3897,-3.497996575629076
3898,-3.497996575629076
3899,-3.497996575629076
3900,-3.497996575629076
3901,-3.497996575629076
3902,-3.497996575629076
3903,-3.497996575629076
3904,-3.497996575629076
3905,-3.497996575629076
3906,-3.497996575629076
3907,-3.497996575629076
3908,-3.497996575629076
3909,-3.497996575629076
3910,-3.497996575629076
3911,-3.497996575629076
3912,-3.497996575629076
3913,-3.497996575629076
3914,-3.497996575629076
3915,-3.497996575629076
3916,-3.497996575629076
3917,-3.497996575629076
3918,-3.497996575629076
3919,-3.497996575629076
3920,-3.497996575629076
3921,-3.497996575629076
3922,-3.497996575629076
3923,-3.497996575629076
3924,-3.497996575629076
3925,-3.497996575629076
3926,-3.497996575629076
3927,-3.497996575629076
3928,-3.497996575629076
3929,-3.497996575629076
3930,-3.497996575629076
3931,-3.497996575629076
3932,-3.497996575629076
3933,-3.497996575629076
3934,-3.497996575629076
3935,-3.497996575629076
3936,-3.497996575629076
3937,-3.497996575629076
3938,-3.497996575629076
3939,-3.497996575629076
3940,-3.497996575629076
3941,-3.497996575629076
3942,-3.497996575629076
3943,-3.497996575629076
3944,-3.497996575629076
3945,-3.497996575629076
3946,-3.497996575629076
3947,-3.497996575629076
3948,-3.497996575629076
3949,-3.497996575629076
3950,-3.497996575629076
3951,-3.497996575629076
3952,-3.497996575629076
3953,-3.497996575629076
3954,-3.497996575629076
3955,-3.497996575629076
3956,-3.497996575629076
3957,-3.497996575629076
3958,-3.497996575629076
3959,-3.497996575629076
3960,-3.497996575629076
3961,-3.497996575629076
3962,-3.497996575629076
3963,-3.497996575629076
3964,-3.497996575629076
3965,-3.497996575629076
3966,-3.497996575629076
3967,-3.497996575629076
3968,-3.497996575629076
3969,-3.497996575629076
3970,-3.497996575629076
3971,-3.497996575629076
3972,-3.497996575629076
3973,-3.497996575629076
3974,-3.497996575629076
3975,-3.497996575629076
3976,-3.497996575629076
3977,-3.497996575629076
3978,-3.497996575629076
3979,-3.497996575629076
3980,-3.497996575629076
3981,-3.497996575629076
3982,-3.497996575629076
3983,-3.497996575629076
3984,-3.497996575629076
3985,-3.497996575629076
3986,-3.497996575629076
3987,-3.497996575629076
3988,-3.497996575629076
3989,-3.497996575629076
3990,-3.497996575629076
3991,-3.497996575629076
3992,-3.497996575629076
3993,-3.497996575629076
3994,-3.497996575629076
3995,-3.497996575629076
3996,-3.497996575629076
3997,-3.497996575629076
3998,-3.497996575629076
3999,-3.497996575629076
4000,-3.497996575629076
4001,-3.497996575629076
4002,-3.497996575629076
4003,-3.497996575629076
4004,-3.497996575629076
4005,-3.497996575629076
4006,-3.497996575629076
4007,-3.497996575629076
4008,-3.497996575629076
4009,-3.497996575629076
4010,-3.497996575629076
4011,-3.497996575629076
4012,-3.497996575629076
4013,-3.497996575629076
4014,-3.497996575629076
4015,-3.497996575629076
4016,-3.497996575629076
4017,-3.497996575629076
4018,-3.497996575629076
4019,-3.497996575629076
4020,-3.497996575629076
4021,-3.497996575629076
4022,-3.497996575629076
4023,-3.497996575629076
4024,-3.497996575629076
4025,-3.497996575629076
4026,-3.497996575629076
4027,-3.497996575629076
4028,-3.497996575629076
4029,-3.497996575629076
4030,-3.497996575629076
4031,-3.497996575629076
4032,-3.497996575629076
4033,-3.497996575629076
4034,-3.497996575629076
4035,-3.497996575629076
4036,-3.497996575629076
4037,-3.497996575629076
4038,-3.497996575629076
4039,-3.497996575629076
4040,-3.497996575629076
4041,-3.497996575629076
4042,-3.497996575629076
4043,-3.497996575629076
4044,-3.497996575629076
4045,-3.497996575629076
4046,0.8748440512977258
4047,0.8748440512977258
4048,0.8748440512977258
4049,0.8748440512977258
4050,0.8748440512977258
4051,0.8748440512977258
4052,0.8748440512977258
4053,0.8748440512977258
4054,0.8748440512977258
4055,0.8748440512977258
4056,0.8748440512977258
4057,0.8748440512977258
4058,0.8748440512977258
4059,0.8748440512977258
4060,0.8748440512977258
4061,0.8748440512977258
4062,0.8748440512977258
4063,0.8748440512977258
4064,0.8748440512977258
4065,0.8748440512977258
4066,0.8748440512977258
4067,0.8748440512977258
4068,0.8748440512977258
4069,0.8748440512977258
4070,0.8748440512977258
4071,0.8748440512977258
4072,0.8748440512977258
4073,0.8748440512977258
4074,0.8748440512977258
4075,0.8748440512977258
4076,0.8748440512977258
4077,0.8748440512977258
4078,0.8748440512977258
4079,0.8748440512977258
4080,0.8748440512977258
4081,0.8748440512977258
4082,0.8748440512977258
4083,0.8748440512977258
4084,0.8748440512977258
4085,0.8748440512977258
4086,0.8748440512977258
4087,0.8748440512977258
4088,0.8748440512977258
4089,0.8748440512977258
4090,0.8748440512977258
4091,0.8748440512977258
4092,0.8748440512977258
4093,0.8748440512977258
4094,0.8748440512977258
4095,0.8748440512977258
4096,0.8748440512977258
4097,0.8748440512977258
4098,0.8748440512977258
4099,0.8748440512977258
4100,0.8748440512977258
4101,0.8748440512977258
4102,0.8748440512977258
4103,0.8748440512977258
4104,0.8748440512977258
4105,0.8748440512977258
4106,0.8748440512977258
4107,0.8748440512977258
4108,0.8748440512977258
4109,0.8748440512977258
4110,0.8748440512977258
4111,0.8748440512977258
4112,0.8748440512977258
4113,0.8748440512977258
4114,0.8748440512977258
4115,0.8748440512977258
4116,0.8748440512977258
4117,0.8748440512977258
4118,0.8748440512977258
4119,0.8748440512977258
4120,0.8748440512977258
4121,0.8748440512977258
4122,0.8748440512977258
4123,0.8748440512977258
4124,0.8748440512977258
4125,0.8748440512977258
4126,0.8748440512977258
4127,0.8748440512977258
4128,0.8748440512977258
4129,0.8748440512977258
4130,0.8748440512977258
4131,0.8748440512977258
4132,0.8748440512977258
4133,0.8748440512977258
4134,0.8748440512977258
4135,0.8748440512977258
4136,0.8748440512977258
4137,0.8748440512977258
4138,0.8748440512977258
4139,0.8748440512977258
4140,0.8748440512977258
4141,0.8748440512977258
4142,0.8748440512977258
4143,0.8748440512977258
4144,0.8748440512977258
4145,0.8748440512977258
4146,0.8748440512977258
4147,0.8748440512977258
4148,0.8748440512977258
4149,0.8748440512977258
4150,0.8748440512977258
4151,0.8748440512977258
4152,0.8748440512977258
4153,0.8748440512977258
4154,0.8748440512977258
4155,0.8748440512977258
4156,0.8748440512977258
4157,0.8748440512977258
4158,0.8748440512977258
4159,0.8748440512977258
4160,0.8748440512977258
4161,0.8748440512977258
4162,0.8748440512977258
4163,0.8748440512977258
4164,0.8748440512977258
4165,0.8748440512977258
4166,0.8748440512977258
4167,0.8748440512977258
4168,0.8748440512977258
4169,0.8748440512977258
4170,0.8748440512977258
4171,0.8748440512977258
4172,0.8748440512977258
4173,0.8748440512977258
4174,0.8748440512977258
4175,0.8748440512977258
4176,0.8748440512977258
4177,0.8748440512977258
4178,0.8748440512977258
4179,0.8748440512977258
4180,0.8748440512977258
4181,0.8748440512977258
4182,0.8748440512977258
4183,0.8748440512977258
4184,0.8748440512977258
4185,0.8748440512977258
4186,0.8748440512977258
4187,0.8748440512977258
4188,0.8748440512977258
4189,0.8748440512977258
4190,0.8748440512977258
4191,0.8748440512977258
4192,0.8748440512977258
4193,0.8748440512977258
4194,0.8748440512977258
4195,0.8748440512977258
4196,0.8748440512977258
4197,0.8748440512977258
4198,0.8748440512977258
4199,0.8748440512977258
4200,0.8748440512977258
4201,0.8748440512977258
4202,0.8748440512977258
4203,0.8748440512977258
4204,0.8748440512977258
4205,0.8748440512977258
4206,0.8748440512977258
4207,0.8748440512977258
4208,0.8748440512977258
4209,0.8748440512977258
4210,0.8748440512977258
4211,0.8748440512977258
4212,0.8748440512977258
4213,0.8748440512977258
4214,0.8748440512977258
4215,0.8748440512977258
4216,0.8748440512977258
4217,0.8748440512977258
4218,0.8748440512977258
4219,0.8748440512977258
4220,0.8748440512977258
4221,0.8748440512977258
4222,0.8748440512977258
4223,0.8748440512977258
4224,0.8748440512977258
4225,0.8748440512977258
4226,0.8748440512977258
4227,0.8748440512977258
4228,0.8748440512977258
4229,0.8748440512977258
4230,0.8748440512977258
4231,0.8748440512977258
4232,0.8748440512977258
4233,0.8748440512977258
4234,0.8748440512977258
4235,0.8748440512977258
4236,0.8748440512977258
4237,0.8748440512977258
4238,0.8748440512977258
4239,0.8748440512977258
4240,0.8748440512977258
4241,0.8748440512977258
4242,0.8748440512977258
4243,0.8748440512977258
4244,0.8748440512977258
4245,0.8748440512977258
4246,0.8748440512977258
4247,0.8748440512977258
4248,0.8748440512977258
4249,0.8748440512977258
4250,0.8748440512977258
4251,0.8748440512977258
4252,0.8748440512977258
4253,0.8748440512977258
4254,0.8748440512977258
4255,0.8748440512977258
4256,0.8748440512977258
4257,0.8748440512977258
4258,0.8748440512977258
4259,0.8748440512977258
4260,0.8748440512977258
4261,0.8748440512977258
4262,0.8748440512977258
4263,0.8748440512977258
4264,0.8748440512977258
4265,0.8748440512977258
4266,0.8748440512977258
4267,0.8748440512977258
4268,0.8748440512977258
4269,0.8748440512977258
4270,0.8748440512977258
4271,0.8748440512977258
4272,0.8748440512977258
4273,0.8748440512977258
4274,0.8748440512977258
4275,0.8748440512977258
4276,0.8748440512977258
4277,0.8748440512977258
4278,0.8748440512977258
4279,0.8748440512977258
4280,0.8748440512977258
4281,0.8748440512977258
4282,0.8748440512977258
4283,0.8748440512977258
4284,0.8748440512977258
4285,0.8748440512977258
4286,0.8748440512977258
4287,0.8748440512977258
4288,0.8748440512977258
4289,0.8748440512977258
4290,0.8748440512977258
4291,0.8748440512977258
4292,0.8748440512977258
4293,0.8748440512977258
4294,0.8748440512977258
4295,0.8748440512977258
4296,0.8748440512977258
4297,0.8748440512977258
4298,0.8748440512977258
4299,0.8748440512977258
4300,0.8748440512977258
4301,0.8748440512977258
4302,0.8748440512977258
4303,0.8748440512977258
4304,0.8748440512977258
4305,0.8748440512977258
4306,0.8748440512977258
4307,0.8748440512977258
4308,0.8748440512977258
4309,0.8748440512977258
4310,0.8748440512977258
4311,0.8748440512977258
4312,0.8748440512977258
4313,0.8748440512977258
4314,0.8748440512977258
4315,0.8748440512977258
4316,0.8748440512977258
4317,0.8748440512977258
4318,0.8748440512977258
4319,0.8748440512977258
4320,0.8748440512977258
4321,0.8748440512977258
4322,0.8748440512977258
4323,0.8748440512977258
4324,0.8748440512977258
4325,0.8748440512977258
4326,0.8748440512977258
4327,0.8748440512977258
4328,0.8748440512977258
4329,0.8748440512977258
4330,0.8748440512977258
4331,0.8748440512977258
4332,0.8748440512977258
4333,0.8748440512977258
4334,0.8748440512977258
4335,0.8748440512977258
4336,0.8748440512977258
4337,0.8748440512977258
4338,0.8748440512977258
4339,0.8748440512977258
4340,0.8748440512977258
4341,0.8748440512977258
4342,0.8748440512977258
4343,0.8748440512977258
4344,0.8748440512977258
4345,0.8748440512977258
4346,0.8748440512977258
4347,0.8748440512977258
4348,0.8748440512977258
4349,0.8748440512977258
4350,0.8748440512977258
4351,0.8748440512977258
4352,0.8748440512977258
4353,0.8748440512977258
4354,0.8748440512977258
4355,0.8748440512977258
4356,0.8748440512977258
4357,0.8748440512977258
4358,0.8748440512977258
4359,0.8748440512977258
4360,0.8748440512977258
4361,0.8748440512977258
4362,0.8748440512977258
4363,0.8748440512977258
4364,0.8748440512977258
4365,0.8748440512977258
4366,0.8748440512977258
4367,0.8748440512977258
4368,0.8748440512977258
4369,0.8748440512977258
4370,0.8748440512977258
4371,0.8748440512977258
4372,0.8748440512977258
4373,0.8748440512977258
4374,0.8748440512977258
4375,0.8748440512977258
4376,0.8748440512977258
4377,0.8748440512977258
4378,0.8748440512977258
4379,0.8748440512977258
4380,0.8748440512977258
4381,0.8748440512977258
4382,0.8748440512977258
4383,0.8748440512977258
4384,0.8748440512977258
4385,0.8748440512977258
4386,0.8748440512977258
4387,0.8748440512977258
4388,0.8748440512977258
4389,0.8748440512977258
4390,0.8748440512977258
4391,0.8748440512977258
4392,0.8748440512977258
4393,0.8748440512977258
4394,0.8748440512977258
4395,0.8748440512977258
4396,0.8748440512977258
4397,0.8748440512977258
4398,0.8748440512977258
4399,0.8748440512977258
4400,0.8748440512977258
4401,0.8748440512977258
4402,0.8748440512977258
4403,0.8748440512977258
4404,0.8748440512977258
4405,0.8748440512977258
4406,0.8748440512977258
4407,0.8748440512977258
4408,0.8748440512977258
4409,0.8748440512977258
4410,0.8748440512977258
4411,0.8748440512977258
4412,0.8748440512977258
4413,0.8748440512977258
4414,0.8748440512977258
4415,0.8748440512977258
4416,0.8748440512977258
4417,0.8748440512977258
4418,0.8748440512977258
4419,0.8748440512977258
4420,0.8748440512977258
4421,0.8748440512977258
4422,0.8748440512977258
4423,0.8748440512977258
4424,0.8748440512977258
4425,0.8748440512977258
4426,0.8748440512977258
4427,0.8748440512977258
4428,0.8748440512977258
4429,0.8748440512977258
4430,0.8748440512977258
4431,0.8748440512977258
4432,0.8748440512977258
4433,0.8748440512977258
4434,0.8748440512977258
4435,0.8748440512977258
4436,0.8748440512977258
4437,0.8748440512977258
4438,0.8748440512977258
4439,0.8748440512977258
4440,0.8748440512977258
4441,0.8748440512977258
4442,0.8748440512977258
4443,0.8748440512977258
4444,0.8748440512977258
4445,0.8748440512977258
4446,0.8748440512977258
4447,0.8748440512977258
4448,0.8748440512977258
4449,0.8748440512977258
4450,0.8748440512977258
4451,0.8748440512977258
4452,0.8748440512977258
4453,0.8748440512977258
4454,0.8748440512977258
4455,0.8748440512977258
4456,0.8748440512977258
4457,0.8748440512977258
4458,0.8748440512977258
4459,0.8748440512977258
4460,0.8748440512977258
4461,0.8748440512977258
4462,0.8748440512977258
4463,0.8748440512977258
4464,0.8748440512977258
4465,0.8748440512977258
4466,0.8748440512977258
4467,0.8748440512977258
4468,0.8748440512977258
4469,0.8748440512977258
4470,0.8748440512977258
4471,0.8748440512977258
4472,0.8748440512977258
4473,0.8748440512977258
4474,0.8748440512977258
4475,0.8748440512977258
4476,0.8748440512977258
4477,0.8748440512977258
4478,0.8748440512977258
4479,0.8748440512977258
4480,0.8748440512977258
4481,0.8748440512977258
4482,0.8748440512977258
4483,0.8748440512977258
4484,0.8748440512977258
4485,0.8748440512977258
4486,0.8748440512977258
4487,0.8748440512977258
4488,0.8748440512977258
4489,0.8748440512977258
4490,0.8748440512977258
4491,0.8748440512977258
4492,0.8748440512977258
4493,0.8748440512977258
4494,0.8748440512977258
4495,0.8748440512977258
4496,0.8748440512977258
4497,0.8748440512977258
4498,0.8748440512977258
4499,0.8748440512977258
4500,0.8748440512977258
4501,0.8748440512977258
4502,0.8748440512977258
4503,0.8748440512977258
4504,0.8748440512977258
4505,0.8748440512977258
4506,0.8748440512977258
4507,0.8748440512977258
4508,0.8748440512977258
4509,0.8748440512977258
4510,0.8748440512977258
4511,0.8748440512977258
4512,0.8748440512977258
4513,0.8748440512977258
4514,0.8748440512977258
4515,0.8748440512977258
4516,0.8748440512977258
4517,-0.2632925502311678
4518,-0.2632925502311678
4519,-0.2632925502311678
4520,-0.2632925502311678
4521,-0.2632925502311678
4522,-0.2632925502311678
4523,-0.2632925502311678
4524,-0.2632925502311678
4525,-0.2632925502311678
4526,-0.2632925502311678
4527,-0.2632925502311678
4528,-0.2632925502311678
4529,-0.2632925502311678
4530,-0.2632925502311678
4531,-0.2632925502311678
4532,-0.2632925502311678
4533,-0.2632925502311678
4534,-0.2632925502311678
4535,-0.2632925502311678
4536,-0.2632925502311678
4537,-0.2632925502311678
4538,-0.2632925502311678
4539,-0.2632925502311678
4540,-0.2632925502311678
4541,-0.2632925502311678
4542,-0.2632925502311678
4543,-0.2632925502311678
4544,-0.2632925502311678
4545,-0.2632925502311678
4546,-0.2632925502311678
4547,-0.2632925502311678
4548,-0.2632925502311678
4549,-0.2632925502311678
4550,-0.2632925502311678
4551,-0.2632925502311678
4552,-0.2632925502311678
4553,-0.2632925502311678
4554,-0.2632925502311678
4555,-0.2632925502311678
4556,-0.2632925502311678
4557,-0.2632925502311678
4558,-0.2632925502311678
4559,-0.2632925502311678
4560,-0.2632925502311678
4561,-0.2632925502311678
4562,-0.2632925502311678
4563,-0.2632925502311678
4564,-0.2632925502311678
4565,-0.2632925502311678
4566,-0.2632925502311678
4567,-0.2632925502311678
4568,-0.2632925502311678
4569,-0.2632925502311678
4570,-0.2632925502311678
4571,-0.2632925502311678
4572,-0.2632925502311678
4573,-0.2632925502311678
4574,-0.2632925502311678
4575,-0.2632925502311678
4576,-0.2632925502311678
4577,-0.2632925502311678
4578,-0.2632925502311678
4579,-0.2632925502311678
4580,-0.2632925502311678
4581,-0.2632925502311678
4582,-0.2632925502311678
4583,-0.2632925502311678
4584,-0.2632925502311678
4585,-0.2632925502311678
4586,-0.2632925502311678
4587,-0.2632925502311678
4588,-0.2632925502311678
4589,-0.2632925502311678
4590,-0.2632925502311678
4591,-0.2632925502311678
4592,-0.2632925502311678
4593,-0.2632925502311678
4594,-0.2632925502311678
4595,-0.2632925502311678
4596,-0.2632925502311678
4597,-0.2632925502311678
4598,-0.2632925502311678
4599,-0.2632925502311678
4600,-0.2632925502311678
4601,-0.2632925502311678
4602,-0.2632925502311678
4603,-0.2632925502311678
4604,-0.2632925502311678
4605,-0.2632925502311678
4606,-0.2632925502311678
4607,-0.2632925502311678
4608,-0.2632925502311678
4609,-0.2632925502311678
4610,-0.2632925502311678
4611,-0.2632925502311678
4612,-0.2632925502311678
4613,-0.2632925502311678
4614,-0.2632925502311678
4615,-0.2632925502311678
4616,-0.2632925502311678
4617,-0.2632925502311678
4618,-0.2632925502311678
4619,-0.2632925502311678
4620,-0.2632925502311678
4621,-0.2632925502311678
4622,-0.2632925502311678
4623,-0.2632925502311678
4624,-0.2632925502311678
4625,-0.2632925502311678
4626,-0.2632925502311678
4627,-0.2632925502311678
4628,-0.2632925502311678
4629,-0.2632925502311678
4630,-0.2632925502311678
4631,-0.2632925502311678
4632,-0.2632925502311678
4633,-0.2632925502311678
4634,-0.2632925502311678
4635,-0.2632925502311678
4636,-0.2632925502311678
4637,-0.2632925502311678
4638,-0.2632925502311678
4639,-0.2632925502311678
4640,-0.2632925502311678
4641,-0.2632925502311678
4642,-0.2632925502311678
4643,-0.2632925502311678
4644,-0.2632925502311678
4645,-0.2632925502311678
4646,-0.2632925502311678
4647,-0.2632925502311678
4648,-0.2632925502311678
4649,-0.2632925502311678
4650,-0.2632925502311678
4651,-0.2632925502311678
4652,-0.2632925502311678
4653,-0.2632925502311678
4654,-0.2632925502311678
4655,-0.2632925502311678
4656,-0.2632925502311678
4657,-0.2632925502311678
4658,-0.2632925502311678
4659,-0.2632925502311678
4660,-0.2632925502311678
4661,-0.2632925502311678
4662,-0.2632925502311678
4663,-0.2632925502311678
4664,-0.2632925502311678
4665,-0.2632925502311678
4666,-0.2632925502311678
4667,-0.2632925502311678
4668,-0.2632925502311678
4669,-0.2632925502311678
4670,-0.2632925502311678
4671,-0.2632925502311678
4672,-0.2632925502311678
4673,-0.2632925502311678
4674,-0.2632925502311678
4675,-0.2632925502311678
4676,-0.2632925502311678
4677,-0.2632925502311678
4678,-0.2632925502311678
4679,-0.2632925502311678
4680,-0.2632925502311678
4681,-0.2632925502311678
4682,-0.2632925502311678
4683,-0.2632925502311678
4684,-0.2632925502311678
4685,-0.2632925502311678
4686,-0.2632925502311678
4687,-0.2632925502311678
4688,-0.2632925502311678
4689,-0.2632925502311678
4690,-0.2632925502311678
4691,-0.2632925502311678
4692,-0.2632925502311678
4693,-0.2632925502311678
4694,-0.2632925502311678
4695,-0.2632925502311678
4696,-0.2632925502311678
4697,-0.2632925502311678
4698,-0.2632925502311678
4699,-0.2632925502311678
4700,-0.2632925502311678
4701,-0.2632925502311678
4702,-0.2632925502311678
4703,-0.2632925502311678
4704,-0.2632925502311678
4705,-0.2632925502311678
4706,-0.2632925502311678
4707,-0.2632925502311678
4708,-0.2632925502311678
4709,-0.2632925502311678
4710,-0.2632925502311678
4711,-0.2632925502311678
4712,-0.2632925502311678
4713,-0.2632925502311678
4714,-0.2632925502311678
4715,-0.2632925502311678
4716,-0.2632925502311678
4717,-0.2632925502311678
4718,-0.2632925502311678
4719,-0.2632925502311678
4720,-0.2632925502311678
4721,-0.2632925502311678
4722,-0.2632925502311678
4723,-0.2632925502311678
4724,-0.2632925502311678
4725,-0.2632925502311678
4726,-0.2632925502311678
4727,-0.2632925502311678
4728,-0.2632925502311678
4729,-0.2632925502311678
4730,-0.2632925502311678
4731,-0.2632925502311678
4732,-0.2632925502311678
4733,-0.2632925502311678
4734,-0.2632925502311678
4735,-0.2632925502311678
4736,-0.2632925502311678
4737,-0.2632925502311678
4738,-0.2632925502311678
4739,-0.2632925502311678
4740,-0.2632925502311678
4741,-0.2632925502311678
4742,-0.2632925502311678
4743,-0.2632925502311678
4744,-0.2632925502311678
4745,-0.2632925502311678
4746,-0.2632925502311678
4747,-0.2632925502311678
4748,-0.2632925502311678
4749,-0.2632925502311678
4750,-0.2632925502311678
4751,-0.2632925502311678
4752,-0.2632925502311678
4753,-0.2632925502311678
4754,-0.2632925502311678
4755,-0.2632925502311678
4756,-0.2632925502311678
4757,-0.2632925502311678
4758,-0.20339062383491027
4759,-0.20339062383491027
4760,-0.20339062383491027
4761,-0.20339062383491027
4762,-0.20339062383491027
4763,-0.20339062383491027
4764,-0.20339062383491027
4765,-0.20339062383491027
4766,-0.20339062383491027
4767,-0.20339062383491027
4768,-0.20339062383491027
4769,-0.20339062383491027
4770,-0.20339062383491027
4771,-0.20339062383491027
4772,-0.20339062383491027
4773,-0.20339062383491027
4774,-0.20339062383491027
4775,-0.20339062383491027
4776,-0.20339062383491027
4777,-0.20339062383491027
4778,-0.20339062383491027
4779,-0.20339062383491027
4780,-0.20339062383491027
4781,-0.20339062383491027
4782,-0.20339062383491027
4783,-0.20339062383491027
4784,-0.20339062383491027
4785,-0.20339062383491027
4786,-0.20339062383491027
4787,-0.20339062383491027
4788,-0.20339062383491027
4789,-0.20339062383491027
4790,-0.20339062383491027
4791,-0.20339062383491027
4792,-0.20339062383491027
4793,-0.20339062383491027
4794,-0.20339062383491027
4795,-0.20339062383491027
4796,-0.20339062383491027
4797,-0.20339062383491027
4798,-0.20339062383491027
4799,-0.20339062383491027
4800,-0.20339062383491027
4801,-0.20339062383491027
4802,-0.20339062383491027
4803,-0.20339062383491027
4804,-0.20339062383491027
4805,-0.20339062383491027
4806,-0.20339062383491027
4807,-0.20339062383491027
4808,-0.20339062383491027
4809,-0.20339062383491027
4810,-0.20339062383491027
4811,-0.20339062383491027
4812,-0.20339062383491027
4813,-0.20339062383491027
4814,-0.20339062383491027
4815,-0.20339062383491027
4816,-0.20339062383491027
4817,-0.20339062383491027
4818,-0.20339062383491027
4819,-0.20339062383491027
4820,-0.20339062383491027
4821,-0.20339062383491027
4822,-0.20339062383491027
4823,-0.20339062383491027
4824,-0.20339062383491027
4825,-0.20339062383491027
4826,-0.20339062383491027
4827,-0.20339062383491027
4828,-0.20339062383491027
4829,-0.20339062383491027
4830,-0.20339062383491027
4831,-0.20339062383491027
4832,-0.20339062383491027
4833,-0.20339062383491027
4834,-0.20339062383491027
4835,-0.20339062383491027
4836,-0.20339062383491027
4837,-0.20339062383491027
4838,-0.20339062383491027
4839,-0.20339062383491027
4840,-0.20339062383491027
4841,-0.20339062383491027
4842,-0.20339062383491027
4843,-0.20339062383491027
4844,-0.20339062383491027
4845,-0.20339062383491027
4846,-0.20339062383491027
4847,-0.20339062383491027
4848,-0.20339062383491027
4849,-0.20339062383491027
4850,-0.20339062383491027
4851,-0.20339062383491027
4852,-0.20339062383491027
4853,-0.20339062383491027
4854,-0.20339062383491027
4855,-0.20339062383491027
4856,-0.20339062383491027
4857,-0.20339062383491027
4858,-0.20339062383491027
4859,-0.20339062383491027
4860,-0.20339062383491027
4861,-0.20339062383491027
4862,-0.20339062383491027
4863,-0.20339062383491027
4864,-0.20339062383491027
4865,-0.20339062383491027
4866,-0.20339062383491027
4867,-0.20339062383491027
4868,-0.20339062383491027
4869,-0.20339062383491027
4870,-0.20339062383491027
4871,-0.20339062383491027
4872,-0.20339062383491027
4873,-0.20339062383491027
4874,-0.20339062383491027
4875,-0.20339062383491027
4876,-0.20339062383491027
4877,-0.20339062383491027
4878,-0.20339062383491027
4879,-0.20339062383491027
4880,-0.20339062383491027
4881,-0.20339062383491027
4882,-0.20339062383491027
4883,-0.20339062383491027
4884,-0.20339062383491027
4885,-0.20339062383491027
4886,-0.20339062383491027
4887,-0.20339062383491027
4888,-0.20339062383491027
4889,-0.20339062383491027
4890,-0.20339062383491027
4891,-0.20339062383491027
4892,-0.20339062383491027
4893,-0.20339062383491027
4894,-0.20339062383491027
4895,-0.20339062383491027
4896,-0.20339062383491027
4897,-0.20339062383491027
4898,-0.20339062383491027
4899,-0.20339062383491027
4900,-0.20339062383491027
4901,-0.20339062383491027
4902,-0.20339062383491027
4903,-0.20339062383491027
4904,-0.20339062383491027
4905,-0.20339062383491027
4906,-0.20339062383491027
4907,-0.20339062383491027
4908,-0.20339062383491027
4909,-0.20339062383491027
4910,-0.20339062383491027
4911,-0.20339062383491027
4912,-0.20339062383491027
4913,-0.20339062383491027
4914,-0.20339062383491027
4915,-0.20339062383491027
4916,-0.20339062383491027
4917,-0.20339062383491027
4918,-0.20339062383491027
4919,-0.20339062383491027
4920,-0.20339062383491027
4921,-0.20339062383491027
4922,-0.20339062383491027
4923,-0.20339062383491027
4924,-0.20339062383491027
4925,-0.20339062383491027
4926,-0.20339062383491027
4927,-0.20339062383491027
4928,-0.20339062383491027
4929,-0.20339062383491027
4930,-0.20339062383491027
4931,-0.20339062383491027
4932,-0.20339062383491027
4933,-0.20339062383491027
4934,-0.20339062383491027
4935,-0.20339062383491027
4936,-0.20339062383491027
4937,-0.20339062383491027
4938,-0.20339062383491027
4939,-0.20339062383491027
4940,-0.20339062383491027
4941,-0.20339062383491027
4942,-0.20339062383491027
4943,-0.20339062383491027
4944,-0.20339062383491027
4945,-0.20339062383491027
4946,-0.20339062383491027
4947,-0.20339062383491027
4948,-0.20339062383491027
4949,-0.20339062383491027
4950,-0.20339062383491027
4951,-0.20339062383491027
4952,-0.20339062383491027
4953,-0.20339062383491027
4954,-0.20339062383491027
4955,-0.20339062383491027
4956,-0.20339062383491027
4957,-0.20339062383491027
4958,-0.20339062383491027
4959,-0.20339062383491027
4960,-0.20339062383491027
4961,-0.20339062383491027
4962,-0.20339062383491027
4963,-0.20339062383491027
4964,-0.20339062383491027
4965,-0.20339062383491027
4966,-0.20339062383491027
4967,-0.20339062383491027
4968,-0.20339062383491027
4969,-0.20339062383491027
4970,-0.20339062383491027
4971,-0.20339062383491027
4972,-0.20339062383491027
4973,-0.20339062383491027
4974,-0.20339062383491027
4975,-0.20339062383491027
4976,-0.20339062383491027
4977,-0.20339062383491027
4978,-0.20339062383491027
4979,-0.20339062383491027
4980,-0.20339062383491027
4981,-0.20339062383491027
4982,-0.20339062383491027
4983,-0.20339062383491027
4984,-0.20339062383491027
4985,-0.20339062383491027
4986,-0.20339062383491027
4987,-0.20339062383491027
4988,-0.20339062383491027
4989,-0.20339062383491027
4990,-0.20339062383491027
4991,-0.20339062383491027
4992,-0.20339062383491027
4993,-0.20339062383491027
4994,-0.20339062383491027
4995,-0.20339062383491027
4996,-0.20339062383491027
4997,-0.20339062383491027
4998,-0.20339062383491027
4999,-0.20339062383491027
5000,-0.20339062383491027
5001,-0.20339062383491027
5002,-0.20339062383491027
5003,-0.20339062383491027
5004,-0.20339062383491027
5005,-0.20339062383491027
5006,-0.20339062383491027
5007,-0.20339062383491027
5008,-0.20339062383491027
5009,-0.20339062383491027
5010,-0.20339062383491027
5011,-0.20339062383491027
5012,-0.20339062383491027
5013,-0.20339062383491027
5014,-0.20339062383491027
5015,-0.20339062383491027
5016,-0.20339062383491027
5017,-0.20339062383491027
5018,-0.20339062383491027
5019,-0.20339062383491027
5020,-0.20339062383491027
5021,-0.20339062383491027
5022,-0.20339062383491027
5023,-0.20339062383491027
5024,-0.20339062383491027
5025,-0.20339062383491027
5026,-0.20339062383491027
5027,-0.20339062383491027
5028,-0.20339062383491027
5029,1.9530787264303617
5030,1.9530787264303617
5031,1.9530787264303617
5032,1.9530787264303617
5033,1.9530787264303617
5034,1.9530787264303617
5035,1.9530787264303617
5036,1.9530787264303617
5037,1.9530787264303617
5038,1.9530787264303617
5039,1.9530787264303617
5040,1.9530787264303617
5041,1.9530787264303617
5042,1.9530787264303617
5043,1.9530787264303617
5044,1.9530787264303617
5045,1.9530787264303617
5046,1.9530787264303617
5047,1.9530787264303617
5048,1.9530787264303617
5049,1.9530787264303617
5050,1.9530787264303617
5051,1.9530787264303617
5052,1.9530787264303617
5053,1.9530787264303617
5054,1.9530787264303617
5055,1.9530787264303617
5056,1.9530787264303617
5057,1.9530787264303617
5058,1.9530787264303617
5059,1.9530787264303617
5060,1.9530787264303617
5061,1.9530787264303617
5062,1.9530787264303617
5063,1.9530787264303617
5064,1.9530787264303617
5065,1.9530787264303617
5066,1.9530787264303617
5067,1.9530787264303617
5068,1.9530787264303617
5069,1.9530787264303617
5070,1.9530787264303617
5071,1.9530787264303617
5072,1.9530787264303617
5073,1.9530787264303617
5074,1.9530787264303617
5075,1.9530787264303617
5076,1.9530787264303617
5077,1.9530787264303617
5078,1.9530787264303617
5079,1.9530787264303617
5080,1.9530787264303617
5081,1.9530787264303617
5082,1.9530787264303617
5083,1.9530787264303617
5084,1.9530787264303617
5085,1.9530787264303617
5086,1.9530787264303617
5087,1.9530787264303617
5088,1.9530787264303617
5089,1.9530787264303617
5090,1.9530787264303617
5091,1.9530787264303617
5092,1.9530787264303617
5093,1.9530787264303617
5094,1.9530787264303617
5095,1.9530787264303617
5096,1.9530787264303617
5097,1.9530787264303617
5098,1.9530787264303617
5099,1.9530787264303617
5100,1.9530787264303617
5101,1.9530787264303617
5102,1.9530787264303617
5103,1.9530787264303617
5104,1.9530787264303617
5105,1.9530787264303617
5106,1.9530787264303617
5107,1.9530787264303617
5108,1.9530787264303617
5109,1.9530787264303617
5110,1.9530787264303617
5111,1.9530787264303617
5112,1.9530787264303617
5113,1.9530787264303617
5114,1.9530787264303617
5115,1.9530787264303617
5116,1.9530787264303617
5117,1.9530787264303617
5118,1.9530787264303617
5119,1.9530787264303617
5120,1.9530787264303617
5121,1.9530787264303617
5122,1.9530787264303617
5123,1.9530787264303617
5124,1.9530787264303617
5125,1.9530787264303617
5126,1.9530787264303617
5127,1.9530787264303617
5128,1.9530787264303617
5129,1.9530787264303617
5130,1.9530787264303617
5131,1.9530787264303617
5132,1.9530787264303617
5133,1.9530787264303617
5134,1.9530787264303617
5135,1.9530787264303617
5136,1.9530787264303617
5137,1.9530787264303617
5138,1.9530787264303617
5139,1.9530787264303617
5140,1.9530787264303617
5141,1.9530787264303617
5142,1.9530787264303617
5143,1.9530787264303617
5144,1.9530787264303617
5145,1.9530787264303617
5146,1.9530787264303617
5147,1.9530787264303617
5148,1.9530787264303617
5149,1.9530787264303617
5150,1.9530787264303617
5151,1.9530787264303617
5152,1.9530787264303617
5153,1.9530787264303617
5154,1.9530787264303617
5155,1.9530787264303617
5156,1.9530787264303617
5157,1.9530787264303617
5158,1.9530787264303617
5159,1.9530787264303617
5160,1.9530787264303617
5161,1.9530787264303617
5162,1.9530787264303617
5163,1.9530787264303617
5164,1.9530787264303617
5165,1.9530787264303617
5166,1.9530787264303617
5167,1.9530787264303617
5168,1.9530787264303617
5169,1.9530787264303617
5170,1.9530787264303617
5171,1.9530787264303617
5172,1.9530787264303617
5173,1.9530787264303617
5174,1.9530787264303617
5175,1.9530787264303617
5176,1.9530787264303617
5177,1.9530787264303617
5178,1.9530787264303617
5179,1.9530787264303617
5180,1.9530787264303617
5181,1.9530787264303617
5182,1.9530787264303617
5183,1.9530787264303617
5184,1.9530787264303617
5185,1.9530787264303617
5186,1.9530787264303617
5187,1.9530787264303617
5188,1.9530787264303617
5189,1.9530787264303617
5190,1.9530787264303617
5191,1.9530787264303617
5192,1.9530787264303617
5193,1.9530787264303617
5194,1.9530787264303617
5195,1.9530787264303617
5196,1.9530787264303617
5197,1.9530787264303617
5198,1.9530787264303617
5199,1.9530787264303617
5200,1.9530787264303617
5201,1.9530787264303617
5202,1.9530787264303617
5203,1.9530787264303617
5204,1.9530787264303617
5205,1.9530787264303617
5206,1.9530787264303617
5207,1.9530787264303617
5208,1.9530787264303617
5209,1.9530787264303617
5210,1.9530787264303617
5211,1.9530787264303617
5212,1.9530787264303617
5213,1.9530787264303617
5214,1.9530787264303617
5215,1.9530787264303617
5216,1.9530787264303617
5217,1.9530787264303617
5218,1.9530787264303617
5219,1.9530787264303617
5220,1.9530787264303617
5221,1.9530787264303617
5222,1.9530787264303617
5223,1.9530787264303617
5224,1.9530787264303617
5225,1.9530787264303617
5226,1.9530787264303617
5227,1.9530787264303617
5228,1.9530787264303617
5229,1.9530787264303617
5230,1.9530787264303617
5231,1.9530787264303617
5232,1.9530787264303617
5233,1.9530787264303617
5234,1.9530787264303617
5235,1.9530787264303617
5236,1.9530787264303617
5237,1.9530787264303617
5238,1.9530787264303617
5239,1.9530787264303617
5240,1.9530787264303617
5241,1.9530787264303617
5242,1.9530787264303617
5243,1.9530787264303617
5244,1.9530787264303617
5245,1.9530787264303617
5246,1.9530787264303617
5247,1.9530787264303617
5248,1.9530787264303617
5249,1.9530787264303617
5250,1.9530787264303617
5251,1.9530787264303617
5252,1.9530787264303617
5253,1.9530787264303617
5254,1.9530787264303617
5255,1.9530787264303617
5256,1.9530787264303617
5257,1.9530787264303617
5258,1.9530787264303617
5259,1.9530787264303617
5260,1.9530787264303617
5261,1.9530787264303617
5262,1.9530787264303617
5263,1.9530787264303617
5264,1.9530787264303617
5265,1.9530787264303617
5266,1.9530787264303617
5267,1.9530787264303617
5268,1.9530787264303617
5269,1.9530787264303617
5270,1.9530787264303617
5271,1.9530787264303617
5272,1.9530787264303617
5273,1.9530787264303617
5274,1.9530787264303617
5275,1.9530787264303617
5276,1.9530787264303617
5277,1.9530787264303617
5278,1.9530787264303617
5279,1.9530787264303617
5280,1.9530787264303617
5281,1.9530787264303617
5282,1.9530787264303617
5283,1.9530787264303617
5284,1.9530787264303617
5285,1.9530787264303617
5286,1.9530787264303617
5287,1.9530787264303617
5288,1.9530787264303617
5289,1.9530787264303617
5290,1.9530787264303617
5291,1.9530787264303617
5292,1.9530787264303617
5293,1.9530787264303617
5294,1.9530787264303617
5295,1.9530787264303617
5296,1.9530787264303617
5297,1.9530787264303617
5298,1.9530787264303617
5299,1.9530787264303617
5300,1.9530787264303617
5301,1.9530787264303617
5302,1.9530787264303617
5303,1.9530787264303617
5304,1.9530787264303617
5305,1.9530787264303617
5306,1.9530787264303617
5307,1.9530787264303617
5308,1.9530787264303617
5309,1.9530787264303617
5310,1.9530787264303617
5311,1.9530787264303617
5312,1.9530787264303617
5313,1.9530787264303617
5314,1.9530787264303617
5315,1.9530787264303617
5316,1.9530787264303617
5317,1.9530787264303617
5318,1.9530787264303617
5319,1.9530787264303617
5320,1.9530787264303617
5321,1.9530787264303617
5322,1.9530787264303617
5323,1.9530787264303617
5324,1.9530787264303617
5325,1.9530787264303617
5326,1.9530787264303617
5327,1.9530787264303617
5328,1.9530787264303617
5329,1.9530787264303617
5330,1.9530787264303617
5331,1.9530787264303617
5332,1.9530787264303617
5333,1.9530787264303617
5334,1.9530787264303617
5335,1.9530787264303617
5336,1.9530787264303617
5337,1.9530787264303617
5338,1.9530787264303617
5339,1.9530787264303617
5340,1.9530787264303617
5341,1.9530787264303617
5342,1.9530787264303617
5343,1.9530787264303617
5344,1.9530787264303617
5345,1.9530787264303617
5346,1.9530787264303617
5347,1.9530787264303617
5348,1.9530787264303617
5349,1.9530787264303617
5350,1.9530787264303617
5351,1.9530787264303617
5352,1.9530787264303617
5353,1.9530787264303617
5354,1.9530787264303617
5355,1.9530787264303617
5356,1.9530787264303617
5357,1.9530787264303617
5358,1.9530787264303617
5359,1.9530787264303617
5360,1.9530787264303617
5361,1.9530787264303617
5362,1.9530787264303617
5363,1.9530787264303617
5364,1.9530787264303617
5365,1.9530787264303617
5366,1.9530787264303617
5367,1.9530787264303617
5368,1.9530787264303617
5369,1.9530787264303617
5370,1.9530787264303617
5371,1.9530787264303617
5372,1.9530787264303617
5373,1.9530787264303617
5374,1.9530787264303617
5375,1.9530787264303617
5376,1.9530787264303617
5377,1.9530787264303617
5378,1.9530787264303617
5379,1.9530787264303617
5380,1.9530787264303617
5381,1.9530787264303617
5382,1.9530787264303617
5383,1.9530787264303617
5384,1.9530787264303617
5385,1.9530787264303617
5386,1.9530787264303617
5387,1.9530787264303617
5388,1.9530787264303617
5389,1.9530787264303617
5390,1.9530787264303617
5391,1.9530787264303617
5392,1.9530787264303617
5393,1.9530787264303617
5394,1.9530787264303617
5395,1.9530787264303617
5396,1.9530787264303617
5397,1.9530787264303617
5398,1.9530787264303617
5399,1.9530787264303617
5400,1.9530787264303617
5401,1.9530787264303617
5402,1.9530787264303617
5403,1.9530787264303617
5404,1.9530787264303617
5405,1.9530787264303617
5406,1.9530787264303617
5407,1.9530787264303617
5408,1.9530787264303617
5409,1.9530787264303617
5410,1.9530787264303617
5411,1.9530787264303617
5412,1.9530787264303617
5413,1.9530787264303617
5414,1.9530787264303617
5415,1.9530787264303617
5416,1.9530787264303617
5417,1.9530787264303617
5418,1.9530787264303617
5419,1.9530787264303617
5420,1.9530787264303617
5421,1.9530787264303617
5422,1.9530787264303617
5423,1.9530787264303617
5424,1.9530787264303617
5425,1.9530787264303617
5426,1.9530787264303617
5427,1.9530787264303617
5428,1.9530787264303617
5429,1.9530787264303617
5430,1.9530787264303617
5431,1.9530787264303617
5432,1.9530787264303617
5433,1.9530787264303617
5434,1.9530787264303617
5435,1.9530787264303617
5436,1.9530787264303617
5437,1.9530787264303617
5438,1.9530787264303617
5439,1.9530787264303617
5440,1.9530787264303617
5441,1.9530787264303617
5442,1.9530787264303617
5443,1.9530787264303617
5444,1.9530787264303617
5445,1.9530787264303617
5446,1.9530787264303617
5447,1.9530787264303617
5448,1.9530787264303617
5449,1.9530787264303617
5450,1.9530787264303617
5451,1.9530787264303617
5452,1.9530787264303617
5453,1.9530787264303617
5454,1.9530787264303617
5455,1.9530787264303617
5456,1.9530787264303617
5457,1.9530787264303617
5458,1.9530787264303617
5459,1.9530787264303617
5460,1.9530787264303617
5461,1.9530787264303617
5462,1.9530787264303617
5463,1.9530787264303617
5464,1.9530787264303617
5465,1.9530787264303617
5466,1.9530787264303617
5467,1.9530787264303617
5468,1.9530787264303617
5469,1.9530787264303617
5470,1.9530787264303617
5471,1.9530787264303617
5472,1.9530787264303617
5473,1.9530787264303617
5474,1.9530787264303617
5475,1.9530787264303617
5476,1.9530787264303617
5477,1.9530787264303617
5478,1.9530787264303617
5479,1.9530787264303617
5480,1.9530787264303617
5481,1.9530787264303617
5482,1.9530787264303617
5483,1.9530787264303617
5484,1.9530787264303617
5485,1.9530787264303617
5486,1.9530787264303617
5487,1.9530787264303617
5488,1.9530787264303617
5489,1.9530787264303617
5490,1.9530787264303617
5491,1.9530787264303617
5492,1.9530787264303617
5493,1.9530787264303617
5494,1.9530787264303617
5495,1.9530787264303617
5496,1.9530787264303617
5497,1.9530787264303617
5498,1.9530787264303617
5499,1.9530787264303617
5500,1.9530787264303617
5501,1.9530787264303617
5502,1.9530787264303617
5503,1.9530787264303617
5504,1.9530787264303617
5505,1.9530787264303617
5506,1.9530787264303617
5507,1.9530787264303617
5508,1.9530787264303617
5509,1.9530787264303617
5510,1.9530787264303617
5511,1.9530787264303617
5512,1.9530787264303617
5513,1.9530787264303617
5514,1.9530787264303617
5515,1.9530787264303617
5516,1.9530787264303617
5517,1.9530787264303617
5518,1.9530787264303617
5519,1.9530787264303617
5520,1.9530787264303617
5521,1.9530787264303617
5522,1.9530787264303617
5523,1.9530787264303617
5524,1.9530787264303617
5525,1.9530787264303617
5526,1.9530787264303617
5527,1.9530787264303617
5528,1.9530787264303617
5529,1.9530787264303617
5530,1.9530787264303617
5531,1.9530787264303617
5532,1.9530787264303617
5533,1.9530787264303617
5534,1.9530787264303617
5535,1.9530787264303617
5536,1.9530787264303617
5537,1.9530787264303617
5538,1.9530787264303617
5539,1.9530787264303617
5540,1.9530787264303617
5541,1.9530787264303617
5542,1.9530787264303617
5543,1.9530787264303617
5544,1.9530787264303617
5545,1.9530787264303617
5546,1.9530787264303617
5547,1.9530787264303617
5548,1.9530787264303617
5549,1.9530787264303617
5550,1.9530787264303617
5551,1.9530787264303617
5552,1.9530787264303617
5553,1.9530787264303617
5554,1.9530787264303617
5555,1.9530787264303617
5556,1.9530787264303617
5557,1.9530787264303617
5558,1.9530787264303617
5559,1.9530787264303617
5560,1.9530787264303617
5561,1.9530787264303617
5562,1.9530787264303617
5563,1.9530787264303617
5564,1.9530787264303617
5565,1.9530787264303617
5566,1.9530787264303617
5567,1.9530787264303617
5568,1.9530787264303617
5569,1.9530787264303617
5570,1.9530787264303617
5571,1.9530787264303617
5572,1.9530787264303617
5573,1.9530787264303617
5574,1.9530787264303617
5575,1.9530787264303617
5576,1.9530787264303617
5577,1.9530787264303617
5578,1.9530787264303617
5579,1.9530787264303617
5580,1.9530787264303617
5581,1.9530787264303617
5582,1.9530787264303617
5583,1.9530787264303617
5584,1.9530787264303617
5585,1.9530787264303617
5586,1.9530787264303617
5587,1.9530787264303617
5588,1.9530787264303617
5589,1.9530787264303617
5590,1.9530787264303617
5591,1.9530787264303617
5592,1.9530787264303617
5593,1.9530787264303617
5594,5.127880825432013
5595,5.127880825432013
5596,5.127880825432013
5597,5.127880825432013
5598,5.127880825432013
5599,5.127880825432013
5600,5.127880825432013
5601,5.127880825432013
5602,5.127880825432013
5603,5.127880825432013
5604,5.127880825432013
5605,5.127880825432013
5606,5.127880825432013
5607,5.127880825432013
5608,5.127880825432013
5609,5.127880825432013
5610,5.127880825432013
5611,5.127880825432013
5612,5.127880825432013
5613,5.127880825432013
5614,5.127880825432013
5615,5.127880825432013
5616,5.127880825432013
5617,5.127880825432013
5618,5.127880825432013
5619,5.127880825432013
5620,5.127880825432013
5621,5.127880825432013
5622,5.127880825432013
5623,5.127880825432013
5624,5.127880825432013
5625,5.127880825432013
5626,5.127880825432013
5627,5.127880825432013
5628,5.127880825432013
5629,5.127880825432013
5630,5.127880825432013
5631,5.127880825432013
5632,5.127880825432013
5633,5.127880825432013
5634,5.127880825432013
5635,5.127880825432013
5636,5.127880825432013
5637,5.127880825432013
5638,5.127880825432013
5639,5.127880825432013
5640,5.127880825432013
5641,5.127880825432013
5642,5.127880825432013
5643,5.127880825432013
5644,5.127880825432013
5645,5.127880825432013
5646,5.127880825432013
5647,5.127880825432013
5648,5.127880825432013
5649,5.127880825432013
5650,5.127880825432013
5651,5.127880825432013
5652,5.127880825432013
5653,5.127880825432013
5654,5.127880825432013
5655,5.127880825432013
5656,5.127880825432013
5657,5.127880825432013
5658,5.127880825432013
5659,5.127880825432013
5660,5.127880825432013
5661,5.127880825432013
5662,5.127880825432013
5663,5.127880825432013
5664,5.127880825432013
5665,5.127880825432013
5666,5.127880825432013
5667,5.127880825432013
5668,5.127880825432013
5669,5.127880825432013
5670,5.127880825432013
5671,5.127880825432013
5672,5.127880825432013
5673,5.127880825432013
5674,5.127880825432013
5675,5.127880825432013
5676,5.127880825432013
5677,5.127880825432013
5678,5.127880825432013
5679,5.127880825432013
5680,5.127880825432013
5681,5.127880825432013
5682,5.127880825432013
5683,5.127880825432013
5684,5.127880825432013
5685,5.127880825432013
5686,5.127880825432013
5687,5.127880825432013
5688,5.127880825432013
5689,5.127880825432013
5690,5.127880825432013
5691,5.127880825432013
5692,5.127880825432013
5693,5.127880825432013
5694,5.127880825432013
5695,5.127880825432013
5696,5.127880825432013
5697,5.127880825432013
5698,5.127880825432013
5699,5.127880825432013
5700,5.127880825432013
5701,5.127880825432013
5702,5.127880825432013
5703,5.127880825432013
5704,5.127880825432013
5705,5.127880825432013
5706,5.127880825432013
5707,5.127880825432013
5708,5.127880825432013
5709,5.127880825432013
5710,5.127880825432013
5711,5.127880825432013
5712,5.127880825432013
5713,5.127880825432013
5714,5.127880825432013
5715,5.127880825432013
5716,5.127880825432013
5717,5.127880825432013
5718,5.127880825432013
5719,5.127880825432013
5720,5.127880825432013
5721,5.127880825432013
5722,5.127880825432013
5723,5.127880825432013
5724,5.127880825432013
5725,5.127880825432013
5726,5.127880825432013
5727,5.127880825432013
5728,5.127880825432013
5729,5.127880825432013
5730,5.127880825432013
5731,5.127880825432013
5732,5.127880825432013
5733,5.127880825432013
5734,5.127880825432013
5735,5.127880825432013
5736,5.127880825432013
5737,5.127880825432013
5738,5.127880825432013
5739,5.127880825432013
5740,5.127880825432013
5741,5.127880825432013
5742,5.127880825432013
5743,5.127880825432013
5744,5.127880825432013
5745,5.127880825432013
5746,5.127880825432013
5747,5.127880825432013
5748,5.127880825432013
5749,5.127880825432013
5750,5.127880825432013
5751,5.127880825432013
5752,5.127880825432013
5753,5.127880825432013
5754,5.127880825432013
5755,5.127880825432013
5756,5.127880825432013
5757,5.127880825432013
5758,5.127880825432013
5759,5.127880825432013
5760,5.127880825432013
5761,5.127880825432013
5762,5.127880825432013
5763,5.127880825432013
5764,5.127880825432013
5765,5.127880825432013
5766,5.127880825432013
5767,5.127880825432013
5768,5.127880825432013
5769,5.127880825432013
5770,5.127880825432013
5771,5.127880825432013
5772,5.127880825432013
5773,5.127880825432013
5774,5.127880825432013
5775,5.127880825432013
5776,5.127880825432013
5777,5.127880825432013
5778,5.127880825432013
5779,5.127880825432013
5780,5.127880825432013
5781,5.127880825432013
5782,5.127880825432013
5783,5.127880825432013
5784,5.127880825432013
5785,5.127880825432013
5786,5.127880825432013
5787,5.127880825432013
5788,5.127880825432013
5789,5.127880825432013
5790,5.127880825432013
5791,5.127880825432013
5792,5.127880825432013
5793,5.127880825432013
5794,5.127880825432013
5795,5.127880825432013
5796,5.127880825432013
5797,5.127880825432013
5798,5.127880825432013
5799,5.127880825432013
5800,5.127880825432013
5801,5.127880825432013
5802,5.127880825432013
5803,5.127880825432013
5804,5.127880825432013
5805,5.127880825432013
5806,5.127880825432013
5807,5.127880825432013
5808,5.127880825432013
5809,5.127880825432013
5810,5.127880825432013
5811,5.127880825432013
5812,5.127880825432013
5813,5.127880825432013
5814,5.127880825432013
5815,5.127880825432013
5816,5.127880825432013
5817,5.127880825432013
5818,5.127880825432013
5819,5.127880825432013
5820,5.127880825432013
5821,5.127880825432013
5822,5.127880825432013
5823,5.127880825432013
5824,5.127880825432013
5825,5.127880825432013
5826,5.127880825432013
5827,5.127880825432013
5828,5.127880825432013
5829,5.127880825432013
5830,5.127880825432013
5831,5.127880825432013
5832,5.127880825432013
5833,5.127880825432013
5834,5.127880825432013
5835,5.127880825432013
5836,5.127880825432013
5837,5.127880825432013
5838,5.127880825432013
5839,5.127880825432013
5840,5.127880825432013
5841,5.127880825432013
5842,5.127880825432013
5843,5.127880825432013
5844,5.127880825432013
5845,5.127880825432013
5846,5.127880825432013
5847,5.127880825432013
5848,5.127880825432013
5849,5.127880825432013
5850,5.127880825432013
5851,5.127880825432013
5852,5.127880825432013
5853,5.127880825432013
5854,5.127880825432013
5855,5.127880825432013
5856,5.127880825432013
5857,5.127880825432013
5858,5.127880825432013
5859,5.127880825432013
5860,5.127880825432013
5861,5.127880825432013
5862,5.127880825432013
5863,5.127880825432013
5864,5.127880825432013
5865,5.127880825432013
5866,5.127880825432013
5867,5.127880825432013
5868,5.127880825432013
5869,5.127880825432013
5870,5.127880825432013
5871,5.127880825432013
5872,5.127880825432013
5873,5.127880825432013
5874,5.127880825432013
5875,5.127880825432013
5876,5.127880825432013
5877,5.127880825432013
5878,5.127880825432013
5879,5.127880825432013
5880,5.127880825432013
5881,5.127880825432013
5882,5.127880825432013
5883,5.127880825432013
5884,5.127880825432013
5885,5.127880825432013
5886,5.127880825432013
5887,5.127880825432013
5888,5.127880825432013
5889,5.127880825432013
5890,5.127880825432013
5891,5.127880825432013
5892,5.127880825432013
5893,5.127880825432013
5894,5.127880825432013
5895,5.127880825432013
5896,5.127880825432013
5897,5.127880825432013
5898,5.127880825432013
5899,5.127880825432013
5900,5.127880825432013
5901,5.127880825432013
5902,5.127880825432013
5903,5.127880825432013
5904,5.127880825432013
5905,5.127880825432013
5906,5.127880825432013
5907,5.127880825432013
5908,5.127880825432013
5909,5.127880825432013
5910,5.127880825432013
5911,5.127880825432013
5912,5.127880825432013
5913,5.127880825432013
5914,5.127880825432013
5915,5.127880825432013
5916,5.127880825432013
5917,5.127880825432013
5918,5.127880825432013
5919,5.127880825432013
5920,5.127880825432013
5921,5.127880825432013
5922,5.127880825432013
5923,5.127880825432013
5924,5.127880825432013
5925,5.127880825432013
5926,5.127880825432013
5927,5.127880825432013
5928,5.127880825432013
5929,5.127880825432013
5930,5.127880825432013
5931,5.127880825432013
5932,5.127880825432013
5933,5.127880825432013
5934,5.127880825432013
5935,5.127880825432013
5936,5.127880825432013
5937,5.127880825432013
5938,5.127880825432013
5939,5.127880825432013
5940,5.127880825432013
5941,5.127880825432013
5942,5.127880825432013
5943,5.127880825432013
5944,5.127880825432013
5945,5.127880825432013
5946,5.127880825432013
5947,5.127880825432013
5948,5.127880825432013
5949,5.127880825432013
5950,5.127880825432013
5951,5.127880825432013
5952,5.127880825432013
5953,5.127880825432013
5954,5.127880825432013
5955,5.127880825432013
5956,5.127880825432013
5957,5.127880825432013
5958,5.127880825432013
5959,5.127880825432013
5960,5.127880825432013
5961,5.127880825432013
5962,5.127880825432013
5963,5.127880825432013
5964,5.127880825432013
5965,5.127880825432013
5966,5.127880825432013
5967,5.127880825432013
5968,5.127880825432013
5969,5.127880825432013
5970,5.127880825432013
5971,5.127880825432013
5972,5.127880825432013
5973,5.127880825432013
5974,5.127880825432013
5975,5.127880825432013
5976,5.127880825432013
5977,5.127880825432013
5978,5.127880825432013
5979,5.127880825432013
5980,5.127880825432013
5981,5.127880825432013
5982,5.127880825432013
5983,5.127880825432013
5984,5.127880825432013
5985,5.127880825432013
5986,5.127880825432013
5987,5.127880825432013
5988,5.127880825432013
5989,5.127880825432013
5990,5.127880825432013
5991,5.127880825432013
5992,5.127880825432013
5993,5.127880825432013
5994,5.127880825432013
5995,5.127880825432013
5996,5.127880825432013
5997,5.127880825432013
5998,5.127880825432013
5999,5.127880825432013
6000,5.127880825432013
6001,5.127880825432013
6002,5.127880825432013
6003,5.127880825432013
6004,5.127880825432013
6005,5.127880825432013
6006,5.127880825432013
6007,5.127880825432013
6008,5.127880825432013
6009,5.127880825432013
6010,5.127880825432013
6011,5.127880825432013
6012,5.127880825432013
6013,5.127880825432013
6014,5.127880825432013
6015,5.127880825432013
6016,5.127880825432013
6017,5.127880825432013
6018,5.127880825432013
6019,5.127880825432013
6020,5.127880825432013
6021,5.127880825432013
6022,5.127880825432013
6023,5.127880825432013
6024,5.127880825432013
6025,5.127880825432013
6026,5.127880825432013
6027,5.127880825432013
6028,5.127880825432013
6029,5.127880825432013
6030,5.127880825432013
6031,5.127880825432013
6032,5.127880825432013
6033,5.127880825432013
6034,5.127880825432013
6035,5.127880825432013
6036,5.127880825432013
6037,5.127880825432013
6038,5.127880825432013
6039,5.127880825432013
6040,5.127880825432013
6041,5.127880825432013
6042,5.127880825432013
6043,5.127880825432013
6044,5.127880825432013
6045,5.127880825432013
6046,5.127880825432013
6047,5.127880825432013
6048,5.127880825432013
6049,5.127880825432013
6050,5.127880825432013
6051,5.127880825432013
6052,5.127880825432013
6053,5.127880825432013
6054,5.127880825432013
6055,5.127880825432013
6056,5.127880825432013
6057,5.127880825432013
6058,5.127880825432013
6059,5.127880825432013
6060,5.127880825432013
6061,5.127880825432013
6062,5.127880825432013
6063,5.127880825432013
6064,5.127880825432013
6065,5.127880825432013
6066,5.127880825432013
6067,5.127880825432013
6068,5.127880825432013
6069,5.127880825432013
6070,5.127880825432013
6071,5.127880825432013
6072,5.127880825432013
6073,5.127880825432013
6074,5.127880825432013
6075,5.127880825432013
6076,5.127880825432013
6077,5.127880825432013
6078,5.127880825432013
6079,5.127880825432013
6080,5.127880825432013
6081,5.127880825432013
6082,5.127880825432013
6083,5.127880825432013
6084,5.127880825432013
6085,5.127880825432013
6086,5.127880825432013
6087,5.127880825432013
6088,5.127880825432013
6089,5.127880825432013
6090,5.127880825432013
6091,5.127880825432013
6092,5.127880825432013
6093,5.127880825432013
6094,5.127880825432013
6095,5.127880825432013
6096,5.127880825432013
6097,5.127880825432013
6098,5.127880825432013
6099,5.127880825432013
6100,5.127880825432013
6101,5.127880825432013
6102,5.127880825432013
6103,5.127880825432013
6104,5.127880825432013
6105,5.127880825432013
6106,5.127880825432013
6107,5.127880825432013
6108,5.127880825432013
6109,5.127880825432013
6110,5.127880825432013
6111,5.127880825432013
6112,5.127880825432013
6113,5.127880825432013
6114,5.127880825432013
6115,5.127880825432013
6116,5.127880825432013
6117,5.127880825432013
6118,5.127880825432013
6119,5.127880825432013
6120,5.127880825432013
6121,5.127880825432013
6122,5.127880825432013
6123,5.127880825432013
6124,5.127880825432013
6125,5.127880825432013
6126,5.127880825432013
6127,5.127880825432013
6128,5.127880825432013
6129,5.127880825432013
6130,5.127880825432013
6131,5.127880825432013
6132,5.127880825432013
6133,5.127880825432013
6134,5.127880825432013
6135,5.127880825432013
6136,5.127880825432013
6137,5.127880825432013
6138,5.127880825432013
6139,5.127880825432013
6140,5.127880825432013
6141,5.127880825432013
6142,5.127880825432013
6143,5.127880825432013
6144,5.127880825432013
6145,5.127880825432013
6146,5.127880825432013
6147,5.127880825432013
6148,5.127880825432013
6149,5.127880825432013
6150,5.127880825432013
6151,5.127880825432013
6152,5.127880825432013
6153,5.127880825432013
6154,5.127880825432013
6155,5.127880825432013
6156,5.127880825432013
6157,5.127880825432013
6158,5.127880825432013
6159,5.127880825432013
6160,5.127880825432013
6161,5.127880825432013
6162,5.127880825432013
6163,5.127880825432013
6164,5.127880825432013
6165,5.127880825432013
6166,5.127880825432013
6167,5.127880825432013
6168,5.127880825432013
6169,5.127880825432013
6170,5.127880825432013
6171,5.127880825432013
6172,5.127880825432013
6173,5.127880825432013
6174,5.127880825432013
6175,5.127880825432013
6176,5.127880825432013
6177,5.127880825432013
6178,5.127880825432013
6179,5.127880825432013
6180,5.127880825432013
6181,5.127880825432013
6182,5.127880825432013
6183,5.127880825432013
6184,5.127880825432013
6185,5.127880825432013
6186,5.127880825432013
6187,5.127880825432013
6188,5.127880825432013
6189,5.127880825432013
6190,5.127880825432013
6191,5.127880825432013
6192,5.127880825432013
6193,5.127880825432013
6194,5.127880825432013
6195,5.127880825432013
6196,5.127880825432013
6197,5.127880825432013
6198,5.127880825432013
6199,5.127880825432013
6200,5.127880825432013
6201,5.127880825432013
6202,5.127880825432013
6203,5.127880825432013
6204,5.127880825432013
6205,5.127880825432013
6206,5.127880825432013
6207,5.127880825432013
6208,5.127880825432013
6209,5.127880825432013
6210,5.127880825432013
6211,5.127880825432013
6212,5.127880825432013
6213,5.127880825432013
6214,5.127880825432013
6215,5.127880825432013
6216,5.127880825432013
6217,5.127880825432013
6218,5.127880825432013
6219,5.127880825432013
6220,5.127880825432013
6221,5.127880825432013
6222,5.127880825432013
6223,5.127880825432013
6224,5.127880825432013
6225,5.127880825432013
6226,5.127880825432013
6227,5.127880825432013
6228,5.127880825432013
6229,5.127880825432013
6230,5.127880825432013
6231,5.127880825432013
6232,5.127880825432013
6233,5.127880825432013
6234,5.127880825432013
6235,5.127880825432013
6236,5.127880825432013
6237,5.127880825432013
6238,5.127880825432013
6239,5.127880825432013
6240,5.127880825432013
6241,5.127880825432013
6242,5.127880825432013
6243,5.127880825432013
6244,5.127880825432013
6245,5.127880825432013
6246,5.127880825432013
6247,5.127880825432013
6248,5.127880825432013
6249,5.127880825432013
6250,5.127880825432013
6251,5.127880825432013
6252,5.127880825432013
6253,5.127880825432013
6254,5.127880825432013
6255,5.127880825432013
6256,5.127880825432013
6257,5.127880825432013
6258,5.127880825432013
6259,5.127880825432013
6260,5.127880825432013
6261,5.127880825432013
6262,5.127880825432013
6263,5.127880825432013
6264,5.127880825432013
6265,5.127880825432013
6266,5.127880825432013
6267,5.127880825432013
6268,5.127880825432013
6269,5.127880825432013
6270,5.127880825432013
6271,5.127880825432013
6272,5.127880825432013
6273,5.127880825432013
6274,5.127880825432013
6275,5.127880825432013
6276,5.127880825432013
6277,5.127880825432013
6278,5.127880825432013
6279,5.127880825432013
6280,5.127880825432013
6281,5.127880825432013
6282,5.127880825432013
6283,5.127880825432013
6284,5.127880825432013
6285,5.127880825432013
6286,5.127880825432013
6287,5.127880825432013
6288,5.127880825432013
6289,5.127880825432013
6290,5.127880825432013
6291,5.127880825432013
6292,5.127880825432013
6293,5.127880825432013
6294,5.127880825432013
6295,5.127880825432013
6296,5.127880825432013
6297,5.127880825432013
6298,5.127880825432013
6299,5.127880825432013
6300,5.127880825432013
6301,5.127880825432013
6302,5.127880825432013
6303,5.127880825432013
6304,5.127880825432013
6305,5.127880825432013
6306,5.127880825432013
6307,5.127880825432013
6308,5.127880825432013
6309,5.127880825432013
6310,5.127880825432013
6311,5.127880825432013
6312,5.127880825432013
6313,5.127880825432013
6314,5.127880825432013
6315,5.127880825432013
6316,5.127880825432013
6317,5.127880825432013
6318,5.127880825432013
6319,5.127880825432013
6320,5.127880825432013
6321,5.127880825432013
6322,5.127880825432013
6323,5.127880825432013
6324,5.127880825432013
6325,5.127880825432013
6326,5.127880825432013
6327,5.127880825432013
6328,5.127880825432013
6329,5.127880825432013
6330,5.127880825432013
6331,5.127880825432013
6332,5.127880825432013
6333,5.127880825432013
6334,5.127880825432013
6335,5.127880825432013
6336,5.127880825432013
6337,5.127880825432013
6338,5.127880825432013
6339,5.127880825432013
6340,5.127880825432013
6341,5.127880825432013
6342,5.127880825432013
6343,5.127880825432013
6344,5.127880825432013
6345,5.127880825432013
6346,5.127880825432013
6347,5.127880825432013
6348,5.127880825432013
6349,5.127880825432013
6350,5.127880825432013
6351,5.127880825432013
6352,5.127880825432013
6353,5.127880825432013
6354,5.127880825432013
6355,5.127880825432013
6356,5.127880825432013
6357,5.127880825432013
6358,5.127880825432013
6359,5.127880825432013
6360,5.127880825432013
6361,5.127880825432013
6362,5.127880825432013
6363,5.127880825432013
6364,5.127880825432013
6365,5.127880825432013
6366,5.127880825432013
6367,5.127880825432013
6368,5.127880825432013
6369,5.127880825432013
6370,5.127880825432013
6371,5.127880825432013
6372,5.127880825432013
6373,5.127880825432013
6374,5.127880825432013
6375,5.127880825432013
6376,5.127880825432013
6377,5.127880825432013
6378,5.127880825432013
6379,5.127880825432013
6380,5.127880825432013
6381,5.127880825432013
6382,5.127880825432013
6383,5.127880825432013
6384,5.127880825432013
6385,5.127880825432013
6386,5.127880825432013
6387,5.127880825432013
6388,5.127880825432013
6389,5.127880825432013
6390,5.127880825432013
6391,5.127880825432013
6392,5.127880825432013
6393,5.127880825432013
6394,5.127880825432013
6395,5.127880825432013
6396,5.127880825432013
6397,5.127880825432013
6398,5.127880825432013
6399,5.127880825432013
6400,5.127880825432013
6401,5.127880825432013
6402,5.127880825432013
6403,5.127880825432013
6404,5.127880825432013
6405,5.127880825432013
6406,5.127880825432013
6407,5.127880825432013
6408,5.127880825432013
6409,5.127880825432013
6410,5.127880825432013
6411,5.127880825432013
6412,5.127880825432013
6413,5.127880825432013
6414,5.127880825432013
6415,5.127880825432013
6416,5.127880825432013
6417,5.127880825432013
6418,5.127880825432013
6419,5.127880825432013
6420,5.127880825432013
6421,5.127880825432013
6422,5.127880825432013
6423,5.127880825432013
6424,5.127880825432013
6425,5.127880825432013
6426,5.127880825432013
6427,5.127880825432013
6428,5.127880825432013
6429,5.127880825432013
6430,5.127880825432013
6431,5.127880825432013
6432,5.127880825432013
6433,5.127880825432013
6434,5.127880825432013
6435,5.127880825432013
6436,5.127880825432013
6437,5.127880825432013
6438,5.127880825432013
6439,5.127880825432013
6440,5.127880825432013
6441,5.127880825432013
6442,5.127880825432013
6443,5.127880825432013
6444,5.127880825432013
6445,5.127880825432013
6446,5.127880825432013
6447,5.127880825432013
6448,5.127880825432013
6449,5.127880825432013
6450,5.127880825432013
6451,5.127880825432013
6452,5.127880825432013
6453,5.127880825432013
6454,5.127880825432013
6455,5.127880825432013
6456,5.127880825432013
6457,5.127880825432013
6458,5.127880825432013
6459,5.127880825432013
6460,5.127880825432013
6461,5.127880825432013
6462,5.127880825432013
6463,5.127880825432013
6464,5.127880825432013
6465,5.127880825432013
6466,5.127880825432013
6467,5.127880825432013
6468,5.127880825432013
6469,5.127880825432013
6470,5.127880825432013
6471,5.127880825432013
6472,5.127880825432013
6473,5.127880825432013
6474,5.127880825432013
6475,5.127880825432013
6476,5.127880825432013
6477,5.127880825432013
6478,5.127880825432013
6479,5.127880825432013
6480,5.127880825432013
6481,5.127880825432013
6482,5.127880825432013
6483,5.127880825432013
6484,5.127880825432013
6485,5.127880825432013
6486,5.127880825432013
6487,5.127880825432013
6488,5.127880825432013
6489,5.127880825432013
6490,5.127880825432013
6491,5.127880825432013
6492,5.127880825432013
6493,5.127880825432013
6494,5.127880825432013
6495,5.127880825432013
6496,5.127880825432013
6497,5.127880825432013
6498,5.127880825432013
6499,5.127880825432013
6500,5.127880825432013
6501,5.127880825432013
6502,5.127880825432013
6503,5.127880825432013
6504,5.127880825432013
6505,5.127880825432013
6506,5.127880825432013
6507,5.127880825432013
6508,5.127880825432013
6509,5.127880825432013
6510,5.127880825432013
6511,5.127880825432013
6512,5.127880825432013
6513,5.127880825432013
6514,5.127880825432013
6515,5.127880825432013
6516,5.127880825432013
6517,5.127880825432013
6518,5.127880825432013
6519,5.127880825432013
6520,5.127880825432013
6521,5.127880825432013
6522,5.127880825432013
6523,5.127880825432013
6524,5.127880825432013
6525,5.127880825432013
6526,5.127880825432013
6527,5.127880825432013
6528,5.127880825432013
6529,5.127880825432013
6530,5.127880825432013
6531,5.127880825432013
6532,5.127880825432013
6533,5.127880825432013
6534,5.127880825432013
6535,5.127880825432013
6536,5.127880825432013
6537,5.127880825432013
6538,5.127880825432013
6539,5.127880825432013
6540,5.127880825432013
6541,5.127880825432013
6542,5.127880825432013
6543,5.127880825432013
6544,5.127880825432013
6545,5.127880825432013
6546,5.127880825432013
6547,5.127880825432013
6548,5.127880825432013
6549,5.127880825432013
6550,5.127880825432013
6551,5.127880825432013
6552,5.127880825432013
6553,5.127880825432013
6554,5.127880825432013
6555,5.127880825432013
6556,5.127880825432013
6557,5.127880825432013
6558,5.127880825432013
6559,5.127880825432013
6560,5.127880825432013
6561,5.127880825432013
6562,5.127880825432013
6563,5.127880825432013
6564,5.127880825432013
6565,5.127880825432013
6566,5.127880825432013
6567,5.127880825432013
6568,5.127880825432013
6569,5.127880825432013
6570,5.127880825432013
6571,5.127880825432013
6572,5.127880825432013
6573,5.127880825432013
6574,5.127880825432013
6575,5.127880825432013
6576,5.127880825432013
6577,5.127880825432013
6578,5.127880825432013
6579,5.127880825432013
6580,5.127880825432013
6581,5.127880825432013
6582,5.127880825432013
6583,5.127880825432013
6584,5.127880825432013
6585,5.127880825432013
6586,5.127880825432013
6587,5.127880825432013
6588,5.127880825432013
6589,5.127880825432013
6590,5.127880825432013
6591,5.127880825432013
6592,5.127880825432013
6593,5.127880825432013
6594,5.127880825432013
6595,5.127880825432013
6596,5.127880825432013
6597,5.127880825432013
6598,5.127880825432013
6599,5.127880825432013
6600,5.127880825432013
6601,5.127880825432013
6602,5.127880825432013
6603,5.127880825432013
6604,5.127880825432013
6605,5.127880825432013
6606,5.127880825432013
6607,5.127880825432013
6608,5.127880825432013
6609,5.127880825432013
6610,5.127880825432013
6611,5.127880825432013
6612,5.127880825432013
6613,5.127880825432013
6614,5.127880825432013
6615,5.127880825432013
6616,5.127880825432013
6617,5.127880825432013
6618,5.127880825432013
6619,5.127880825432013
6620,5.127880825432013
6621,5.127880825432013
6622,5.127880825432013
6623,5.127880825432013
6624,5.127880825432013
6625,5.127880825432013
6626,5.127880825432013
6627,5.127880825432013
6628,5.127880825432013
6629,5.127880825432013
6630,5.127880825432013
6631,5.127880825432013
6632,5.127880825432013
6633,5.127880825432013
6634,5.127880825432013
6635,5.127880825432013
6636,5.127880825432013
6637,5.127880825432013
6638,5.127880825432013
6639,5.127880825432013
6640,5.127880825432013
6641,5.127880825432013
6642,5.127880825432013
6643,5.127880825432013
6644,5.127880825432013
6645,5.127880825432013
6646,5.127880825432013
6647,5.127880825432013
6648,5.127880825432013
6649,5.127880825432013
6650,5.127880825432013
6651,5.127880825432013
6652,5.127880825432013
6653,5.127880825432013
6654,5.127880825432013
6655,5.127880825432013
6656,5.127880825432013
6657,5.127880825432013
6658,5.127880825432013
6659,5.127880825432013
6660,5.127880825432013
6661,5.127880825432013
6662,5.127880825432013
6663,5.127880825432013
6664,5.127880825432013
6665,5.127880825432013
6666,5.127880825432013
6667,5.127880825432013
6668,5.127880825432013
6669,5.127880825432013
6670,5.127880825432013
6671,5.127880825432013
6672,5.127880825432013
6673,5.127880825432013
6674,5.127880825432013
6675,5.127880825432013
6676,5.127880825432013
6677,5.127880825432013
6678,5.127880825432013
6679,5.127880825432013
6680,5.127880825432013
6681,5.127880825432013
6682,5.127880825432013
6683,5.127880825432013
6684,5.127880825432013
6685,5.127880825432013
6686,5.127880825432013
6687,5.127880825432013
6688,5.127880825432013
6689,5.127880825432013
6690,5.127880825432013
6691,5.127880825432013
6692,5.127880825432013
6693,5.127880825432013
6694,5.127880825432013
6695,5.127880825432013
6696,5.127880825432013
6697,5.127880825432013
6698,5.127880825432013
6699,5.127880825432013
6700,5.127880825432013
6701,5.127880825432013
6702,5.127880825432013
6703,5.127880825432013
6704,5.127880825432013
6705,5.127880825432013
6706,5.127880825432013
6707,5.127880825432013
6708,5.127880825432013
6709,5.127880825432013
6710,5.127880825432013
6711,5.127880825432013
6712,5.127880825432013
6713,5.127880825432013
6714,5.127880825432013
6715,5.127880825432013
6716,5.127880825432013
6717,5.127880825432013
6718,5.127880825432013
6719,5.127880825432013
6720,5.127880825432013
6721,5.127880825432013
6722,5.127880825432013
6723,5.127880825432013
6724,5.127880825432013
6725,5.127880825432013
6726,5.127880825432013
6727,5.127880825432013
6728,5.127880825432013
6729,5.127880825432013
6730,5.127880825432013
6731,5.127880825432013
6732,5.127880825432013
6733,5.127880825432013
6734,5.127880825432013
6735,5.127880825432013
6736,5.127880825432013
6737,5.127880825432013
6738,5.127880825432013
6739,5.127880825432013
6740,5.127880825432013
6741,5.127880825432013
6742,5.127880825432013
6743,5.127880825432013
6744,5.127880825432013
6745,5.127880825432013
6746,5.127880825432013
6747,5.127880825432013
6748,5.127880825432013
6749,5.127880825432013
6750,5.127880825432013
6751,5.127880825432013
6752,5.127880825432013
6753,5.127880825432013
6754,5.127880825432013
6755,5.127880825432013
6756,5.127880825432013
6757,5.127880825432013
6758,5.127880825432013
6759,5.127880825432013
6760,5.127880825432013
6761,5.127880825432013
6762,5.127880825432013
6763,5.127880825432013
6764,5.127880825432013
6765,5.127880825432013
6766,5.127880825432013
6767,5.127880825432013
6768,5.127880825432013
6769,5.127880825432013
6770,5.127880825432013
6771,5.127880825432013
6772,5.127880825432013
6773,5.127880825432013
6774,5.127880825432013
6775,5.127880825432013
6776,5.127880825432013
6777,5.127880825432013
6778,5.127880825432013
6779,5.127880825432013
6780,5.127880825432013
6781,5.127880825432013
6782,5.127880825432013
6783,5.127880825432013
6784,5.127880825432013
6785,5.127880825432013
6786,5.127880825432013
6787,5.127880825432013
6788,5.127880825432013
6789,5.127880825432013
6790,5.127880825432013
6791,5.127880825432013
6792,5.127880825432013
6793,5.127880825432013
6794,5.127880825432013
6795,5.127880825432013
6796,5.127880825432013
6797,5.127880825432013
6798,5.127880825432013
6799,5.127880825432013
6800,5.127880825432013
6801,5.127880825432013
6802,5.127880825432013
6803,5.127880825432013
6804,5.127880825432013
6805,5.127880825432013
6806,5.127880825432013
6807,5.127880825432013
6808,5.127880825432013
6809,5.127880825432013
6810,5.127880825432013
6811,5.127880825432013
6812,5.127880825432013
6813,5.127880825432013
6814,5.127880825432013
6815,5.127880825432013
6816,5.127880825432013
6817,5.127880825432013
6818,5.127880825432013
6819,5.127880825432013
6820,5.127880825432013
6821,5.127880825432013
6822,5.127880825432013
6823,5.127880825432013
6824,5.127880825432013
6825,5.127880825432013
6826,5.127880825432013
6827,5.127880825432013
6828,5.127880825432013
6829,5.127880825432013
6830,5.127880825432013
6831,5.127880825432013
6832,5.127880825432013
6833,5.127880825432013
6834,5.127880825432013
6835,5.127880825432013
6836,5.127880825432013
6837,5.127880825432013
6838,5.127880825432013
6839,5.127880825432013
6840,5.127880825432013
6841,5.127880825432013
6842,5.127880825432013
6843,5.127880825432013
6844,5.127880825432013
6845,5.127880825432013
6846,5.127880825432013
6847,5.127880825432013
6848,5.127880825432013
6849,5.127880825432013
6850,5.127880825432013
6851,5.127880825432013
6852,5.127880825432013
6853,5.127880825432013
6854,5.127880825432013
6855,5.127880825432013
6856,5.127880825432013
6857,5.127880825432013
6858,5.127880825432013
6859,5.127880825432013
6860,5.127880825432013
6861,5.127880825432013
6862,5.127880825432013
6863,5.127880825432013
6864,5.127880825432013
6865,5.127880825432013
6866,5.127880825432013
6867,5.127880825432013
6868,5.127880825432013
6869,5.127880825432013
6870,5.127880825432013
6871,5.127880825432013
6872,5.127880825432013
6873,5.127880825432013
6874,5.127880825432013
6875,5.127880825432013
6876,5.127880825432013
6877,5.127880825432013
6878,5.127880825432013
6879,5.127880825432013
6880,5.127880825432013
6881,5.127880825432013
6882,5.127880825432013
6883,5.127880825432013
6884,5.127880825432013
6885,5.127880825432013
6886,5.127880825432013
6887,5.127880825432013
6888,5.127880825432013
6889,5.127880825432013
6890,5.127880825432013
6891,5.127880825432013
6892,5.127880825432013
6893,5.127880825432013
6894,5.127880825432013
6895,5.127880825432013
6896,5.127880825432013
6897,5.127880825432013
6898,5.127880825432013
6899,5.127880825432013
6900,5.127880825432013
6901,5.127880825432013
6902,5.127880825432013
6903,5.127880825432013
6904,5.127880825432013
6905,5.127880825432013
6906,5.127880825432013
6907,5.127880825432013
6908,5.127880825432013
6909,5.127880825432013
6910,5.127880825432013
6911,5.127880825432013
6912,5.127880825432013
6913,5.127880825432013
6914,5.127880825432013
6915,5.127880825432013
6916,5.127880825432013
6917,5.127880825432013
6918,5.127880825432013
6919,5.127880825432013
6920,5.127880825432013
6921,5.127880825432013
6922,5.127880825432013
6923,5.127880825432013
6924,5.127880825432013
6925,5.127880825432013
6926,5.127880825432013
6927,5.127880825432013
6928,5.127880825432013
6929,5.127880825432013
6930,5.127880825432013
6931,5.127880825432013
6932,5.127880825432013
6933,5.127880825432013
6934,5.127880825432013
6935,5.127880825432013
6936,5.127880825432013
6937,5.127880825432013
6938,5.127880825432013
6939,5.127880825432013
6940,5.127880825432013
6941,5.127880825432013
6942,5.127880825432013
6943,5.127880825432013
6944,5.127880825432013
6945,5.127880825432013
6946,5.127880825432013
6947,5.127880825432013
6948,5.127880825432013
6949,5.127880825432013
6950,5.127880825432013
6951,5.127880825432013
6952,5.127880825432013
6953,5.127880825432013
6954,5.127880825432013
6955,5.127880825432013
6956,5.127880825432013
6957,5.127880825432013
6958,5.127880825432013
6959,5.127880825432013
6960,5.127880825432013
6961,5.127880825432013
6962,5.127880825432013
6963,5.127880825432013
6964,5.127880825432013
6965,5.127880825432013
6966,5.127880825432013
6967,5.127880825432013
6968,5.127880825432013
6969,5.127880825432013
6970,5.127880825432013
6971,5.127880825432013
6972,5.127880825432013
6973,5.127880825432013
6974,5.127880825432013
6975,5.127880825432013
6976,5.127880825432013
6977,5.127880825432013
6978,5.127880825432013
6979,5.127880825432013
6980,5.127880825432013
6981,5.127880825432013
6982,5.127880825432013
6983,5.127880825432013
6984,5.127880825432013
6985,5.127880825432013
6986,5.127880825432013
6987,5.127880825432013
6988,5.127880825432013
6989,5.127880825432013
6990,5.127880825432013
6991,5.127880825432013
6992,5.127880825432013
6993,5.127880825432013
6994,5.127880825432013
6995,5.127880825432013
6996,5.127880825432013
6997,5.127880825432013
6998,5.127880825432013
6999,5.127880825432013
7000,5.127880825432013
7001,5.127880825432013
7002,5.127880825432013
7003,5.127880825432013
7004,5.127880825432013
7005,5.127880825432013
7006,5.127880825432013
7007,5.127880825432013
7008,5.127880825432013
7009,5.127880825432013
7010,5.127880825432013
7011,5.127880825432013
7012,5.127880825432013
7013,5.127880825432013
7014,5.127880825432013
7015,5.127880825432013
7016,5.127880825432013
7017,5.127880825432013
7018,5.127880825432013
7019,5.127880825432013
7020,5.127880825432013
7021,5.127880825432013
7022,5.127880825432013
7023,5.127880825432013
7024,5.127880825432013
7025,5.127880825432013
7026,5.127880825432013
7027,5.127880825432013
7028,5.127880825432013
7029,5.127880825432013
7030,5.127880825432013
7031,5.127880825432013
7032,5.127880825432013
7033,5.127880825432013
7034,5.127880825432013
7035,5.127880825432013
7036,5.127880825432013
7037,5.127880825432013
7038,5.127880825432013
7039,5.127880825432013
7040,5.127880825432013
7041,5.127880825432013
7042,5.127880825432013
7043,5.127880825432013
7044,5.127880825432013
7045,5.127880825432013
7046,5.127880825432013
7047,5.127880825432013
7048,5.127880825432013
7049,5.127880825432013
7050,5.127880825432013
7051,5.127880825432013
7052,5.127880825432013
7053,5.127880825432013
7054,5.127880825432013
7055,5.127880825432013
7056,5.127880825432013
7057,5.127880825432013
7058,5.127880825432013
7059,5.127880825432013
7060,5.127880825432013
7061,5.127880825432013
7062,5.127880825432013
7063,5.127880825432013
7064,5.127880825432013
7065,5.127880825432013
7066,5.127880825432013
7067,5.127880825432013
7068,5.127880825432013
7069,5.127880825432013
7070,5.127880825432013
7071,5.127880825432013
7072,5.127880825432013
7073,5.127880825432013
7074,5.127880825432013
7075,5.127880825432013
7076,5.127880825432013
7077,5.127880825432013
7078,5.127880825432013
7079,5.127880825432013
7080,5.127880825432013
7081,5.127880825432013
7082,5.127880825432013
7083,5.127880825432013
7084,5.127880825432013
7085,5.127880825432013
7086,5.127880825432013
7087,5.127880825432013
7088,5.127880825432013
7089,5.127880825432013
7090,5.127880825432013
7091,5.127880825432013
7092,5.127880825432013
7093,5.127880825432013
7094,5.127880825432013
7095,5.127880825432013
7096,5.127880825432013
7097,5.127880825432013
7098,5.127880825432013
7099,5.127880825432013
7100,5.127880825432013
7101,5.127880825432013
7102,5.127880825432013
7103,5.127880825432013
7104,5.127880825432013
7105,5.127880825432013
7106,5.127880825432013
7107,5.127880825432013
7108,5.127880825432013
7109,5.127880825432013
7110,5.127880825432013
7111,5.127880825432013
7112,5.127880825432013
7113,5.127880825432013
7114,5.127880825432013
7115,5.127880825432013
7116,5.127880825432013
7117,5.127880825432013
7118,5.127880825432013
7119,5.127880825432013
7120,5.127880825432013
7121,5.127880825432013
7122,5.127880825432013
7123,5.127880825432013
7124,5.127880825432013
7125,5.127880825432013
7126,5.127880825432013
7127,5.127880825432013
7128,5.127880825432013
7129,5.127880825432013
7130,5.127880825432013
7131,5.127880825432013
7132,5.127880825432013
7133,5.127880825432013
7134,5.127880825432013
7135,5.127880825432013
7136,5.127880825432013
7137,5.127880825432013
7138,5.127880825432013
7139,5.127880825432013
7140,5.127880825432013
7141,5.127880825432013
7142,5.127880825432013
7143,5.127880825432013
7144,5.127880825432013
7145,5.127880825432013
7146,5.127880825432013
7147,5.127880825432013
7148,5.127880825432013
7149,5.127880825432013
7150,5.127880825432013
7151,5.127880825432013
7152,5.127880825432013
7153,5.127880825432013
7154,5.127880825432013
7155,5.127880825432013
7156,5.127880825432013
7157,5.127880825432013
7158,5.127880825432013
7159,5.127880825432013
7160,5.127880825432013
7161,5.127880825432013
7162,5.127880825432013
7163,5.127880825432013
7164,5.127880825432013
7165,5.127880825432013
7166,5.127880825432013
7167,5.127880825432013
7168,5.127880825432013
7169,5.127880825432013
7170,5.127880825432013
7171,5.127880825432013
7172,5.127880825432013
7173,5.127880825432013
7174,5.127880825432013
7175,5.127880825432013
7176,5.127880825432013
7177,5.127880825432013
7178,5.127880825432013
7179,5.127880825432013
7180,5.127880825432013
7181,5.127880825432013
7182,5.127880825432013
7183,5.127880825432013
7184,5.127880825432013
7185,5.127880825432013
7186,5.127880825432013
7187,5.127880825432013
7188,5.127880825432013
7189,5.127880825432013
7190,5.127880825432013
7191,5.127880825432013
7192,5.127880825432013
7193,5.127880825432013
7194,5.127880825432013
7195,5.127880825432013
7196,5.127880825432013
7197,5.127880825432013
7198,5.127880825432013
7199,5.127880825432013
7200,5.127880825432013
7201,5.127880825432013
7202,5.127880825432013
7203,5.127880825432013
7204,5.127880825432013
7205,5.127880825432013
7206,5.127880825432013
7207,5.127880825432013
7208,5.127880825432013
7209,5.127880825432013
7210,5.127880825432013
7211,5.127880825432013
7212,5.127880825432013
7213,5.127880825432013
7214,5.127880825432013
7215,5.127880825432013
7216,5.127880825432013
7217,5.127880825432013
7218,5.127880825432013
7219,5.127880825432013
7220,5.127880825432013
7221,5.127880825432013
7222,5.127880825432013
7223,5.127880825432013
7224,5.127880825432013
7225,5.127880825432013
7226,5.127880825432013
7227,5.127880825432013
7228,5.127880825432013
7229,5.127880825432013
7230,5.127880825432013
7231,5.127880825432013
7232,5.127880825432013
7233,5.127880825432013
7234,5.127880825432013
7235,5.127880825432013
7236,5.127880825432013
7237,5.127880825432013
7238,5.127880825432013
7239,5.127880825432013
7240,5.127880825432013
7241,5.127880825432013
7242,5.127880825432013
7243,5.127880825432013
7244,5.127880825432013
7245,5.127880825432013
7246,5.127880825432013
7247,5.127880825432013
7248,5.127880825432013
7249,5.127880825432013
7250,5.127880825432013
7251,5.127880825432013
7252,5.127880825432013
7253,5.127880825432013
7254,5.127880825432013
7255,5.127880825432013
7256,5.127880825432013
7257,5.127880825432013
7258,5.127880825432013
7259,5.127880825432013
7260,5.127880825432013
7261,5.127880825432013
7262,5.127880825432013
7263,5.127880825432013
7264,5.127880825432013
7265,5.127880825432013
7266,5.127880825432013
7267,5.127880825432013
7268,5.127880825432013
7269,5.127880825432013
7270,5.127880825432013
7271,5.127880825432013
7272,5.127880825432013
7273,5.127880825432013
7274,5.127880825432013
7275,5.127880825432013
7276,5.127880825432013
7277,5.127880825432013
7278,5.127880825432013
7279,5.127880825432013
7280,5.127880825432013
7281,5.127880825432013
7282,5.127880825432013
7283,5.127880825432013
7284,5.127880825432013
7285,5.127880825432013
7286,5.127880825432013
7287,5.127880825432013
7288,5.127880825432013
7289,5.127880825432013
7290,5.127880825432013
7291,5.127880825432013
7292,5.127880825432013
7293,5.127880825432013
7294,5.127880825432013
7295,5.127880825432013
7296,5.127880825432013
7297,5.127880825432013
7298,5.127880825432013
7299,5.127880825432013
7300,5.127880825432013
7301,5.127880825432013
7302,5.127880825432013
7303,5.127880825432013
7304,5.127880825432013
7305,5.127880825432013
7306,5.127880825432013
7307,5.127880825432013
7308,5.127880825432013
7309,5.127880825432013
7310,5.127880825432013
7311,5.127880825432013
7312,5.127880825432013
7313,5.127880825432013
7314,5.127880825432013
7315,5.127880825432013
7316,5.127880825432013
7317,5.127880825432013
7318,5.127880825432013
7319,5.127880825432013
7320,5.127880825432013
7321,5.127880825432013
7322,5.127880825432013
7323,5.127880825432013
7324,5.127880825432013
7325,5.127880825432013
7326,5.127880825432013
7327,5.127880825432013
7328,5.127880825432013
7329,5.127880825432013
7330,5.127880825432013
7331,5.127880825432013
7332,5.127880825432013
7333,5.127880825432013
7334,5.127880825432013
7335,5.127880825432013
7336,5.127880825432013
7337,5.127880825432013
7338,5.127880825432013
7339,5.127880825432013
7340,5.127880825432013
7341,5.127880825432013
7342,5.127880825432013
7343,5.127880825432013
7344,5.127880825432013
7345,5.127880825432013
7346,5.127880825432013
7347,5.127880825432013
7348,5.127880825432013
7349,5.127880825432013
7350,5.127880825432013
7351,5.127880825432013
7352,5.127880825432013
7353,5.127880825432013
7354,5.127880825432013
7355,5.127880825432013
7356,5.127880825432013
7357,5.127880825432013
7358,5.127880825432013
7359,5.127880825432013
7360,5.127880825432013
7361,5.127880825432013
7362,5.127880825432013
7363,5.127880825432013
7364,5.127880825432013
7365,5.127880825432013
7366,5.127880825432013
7367,5.127880825432013
7368,5.127880825432013
7369,5.127880825432013
7370,5.127880825432013
7371,5.127880825432013
7372,5.127880825432013
7373,5.127880825432013
7374,5.127880825432013
7375,5.127880825432013
7376,5.127880825432013
7377,5.127880825432013
7378,5.127880825432013
7379,5.127880825432013
7380,5.127880825432013
7381,5.127880825432013
7382,5.127880825432013
7383,5.127880825432013
7384,5.127880825432013
7385,5.127880825432013
7386,5.127880825432013
7387,5.127880825432013
7388,5.127880825432013
7389,5.127880825432013
7390,5.127880825432013
7391,5.127880825432013
7392,5.127880825432013
7393,5.127880825432013
7394,5.127880825432013
7395,5.127880825432013
7396,5.127880825432013
7397,5.127880825432013
7398,5.127880825432013
7399,5.127880825432013
7400,5.127880825432013
7401,5.127880825432013
7402,5.127880825432013
7403,5.127880825432013
7404,5.127880825432013
7405,5.127880825432013
7406,5.127880825432013
7407,5.127880825432013
7408,5.127880825432013
7409,5.127880825432013
7410,5.127880825432013
7411,5.127880825432013
7412,5.127880825432013
7413,5.127880825432013
7414,5.127880825432013
7415,5.127880825432013
7416,5.127880825432013
7417,5.127880825432013
7418,5.127880825432013
7419,5.127880825432013
7420,5.127880825432013
7421,5.127880825432013
7422,5.127880825432013
7423,5.127880825432013
7424,5.127880825432013
7425,5.127880825432013
7426,5.127880825432013
7427,5.127880825432013
7428,5.127880825432013
7429,5.127880825432013
7430,5.127880825432013
7431,5.127880825432013
7432,5.127880825432013
7433,5.127880825432013
7434,5.127880825432013
7435,5.127880825432013
7436,5.127880825432013
7437,5.127880825432013
7438,5.127880825432013
7439,5.127880825432013
7440,5.127880825432013
7441,5.127880825432013
7442,5.127880825432013
7443,5.127880825432013
7444,5.127880825432013
7445,5.127880825432013
7446,5.127880825432013
7447,5.127880825432013
7448,5.127880825432013
7449,5.127880825432013
7450,5.127880825432013
7451,5.127880825432013
7452,5.127880825432013
7453,5.127880825432013
7454,5.127880825432013
7455,5.127880825432013
7456,5.127880825432013
7457,5.127880825432013
7458,5.127880825432013
7459,5.127880825432013
7460,5.127880825432013
7461,5.127880825432013
7462,5.127880825432013
7463,5.127880825432013
7464,5.127880825432013
7465,5.127880825432013
7466,5.127880825432013
7467,5.127880825432013
7468,5.127880825432013
7469,5.127880825432013
7470,5.127880825432013
7471,5.127880825432013
7472,5.127880825432013
7473,5.127880825432013
7474,5.127880825432013
7475,5.127880825432013
7476,5.127880825432013
7477,5.127880825432013
7478,5.127880825432013
7479,5.127880825432013
7480,5.127880825432013
7481,5.127880825432013
7482,5.127880825432013
7483,5.127880825432013
7484,5.127880825432013
7485,5.127880825432013
7486,5.127880825432013
7487,5.127880825432013
7488,5.127880825432013
7489,5.127880825432013
7490,5.127880825432013
7491,5.127880825432013
7492,5.127880825432013
7493,5.127880825432013
7494,5.127880825432013
7495,5.127880825432013
7496,5.127880825432013
7497,5.127880825432013
7498,5.127880825432013
7499,5.127880825432013
7500,5.127880825432013
7501,5.127880825432013
7502,5.127880825432013
7503,5.127880825432013
7504,5.127880825432013
7505,5.127880825432013
7506,5.127880825432013
7507,5.127880825432013
7508,5.127880825432013
7509,5.127880825432013
7510,5.127880825432013
7511,5.127880825432013
7512,5.127880825432013
7513,5.127880825432013
7514,5.127880825432013
7515,5.127880825432013
7516,5.127880825432013
7517,5.127880825432013
7518,5.127880825432013
7519,5.127880825432013
7520,5.127880825432013
7521,5.127880825432013
7522,5.127880825432013
7523,5.127880825432013
7524,5.127880825432013
7525,5.127880825432013
7526,5.127880825432013
7527,5.127880825432013
7528,5.127880825432013
7529,5.127880825432013
7530,5.127880825432013
7531,5.127880825432013
7532,5.127880825432013
7533,5.127880825432013
7534,5.127880825432013
7535,5.127880825432013
7536,5.127880825432013
7537,5.127880825432013
7538,5.127880825432013
7539,5.127880825432013
7540,5.127880825432013
7541,5.127880825432013
7542,5.127880825432013
7543,5.127880825432013
7544,5.127880825432013
7545,5.127880825432013
7546,5.127880825432013
7547,5.127880825432013
7548,5.127880825432013
7549,5.127880825432013
7550,5.127880825432013
7551,5.127880825432013
7552,5.127880825432013
7553,5.127880825432013
7554,5.127880825432013
7555,5.127880825432013
7556,5.127880825432013
7557,5.127880825432013
7558,5.127880825432013
7559,5.127880825432013
7560,5.127880825432013
7561,5.127880825432013
7562,5.127880825432013
7563,5.127880825432013
7564,5.127880825432013
7565,5.127880825432013
7566,5.127880825432013
7567,5.127880825432013
7568,5.127880825432013
7569,5.127880825432013
7570,5.127880825432013
7571,5.127880825432013
7572,5.127880825432013
7573,5.127880825432013
7574,5.127880825432013
7575,5.127880825432013
7576,5.127880825432013
7577,5.127880825432013
7578,5.127880825432013
7579,5.127880825432013
7580,5.127880825432013
7581,5.127880825432013
7582,5.127880825432013
7583,5.127880825432013
7584,5.127880825432013
7585,5.127880825432013
7586,5.127880825432013
7587,5.127880825432013
7588,5.127880825432013
7589,5.127880825432013
7590,5.127880825432013
7591,5.127880825432013
7592,5.127880825432013
7593,5.127880825432013
7594,5.127880825432013
7595,5.127880825432013
7596,5.127880825432013
7597,5.127880825432013
7598,5.127880825432013
7599,5.127880825432013
7600,5.127880825432013
7601,5.127880825432013
7602,5.127880825432013
7603,5.127880825432013
7604,5.127880825432013
7605,5.127880825432013
7606,5.127880825432013
7607,5.127880825432013
7608,5.127880825432013
7609,5.127880825432013
7610,5.127880825432013
7611,5.127880825432013
7612,5.127880825432013
7613,5.127880825432013
7614,5.127880825432013
7615,5.127880825432013
7616,5.127880825432013
7617,5.127880825432013
7618,5.127880825432013
7619,5.127880825432013
7620,5.127880825432013
7621,5.127880825432013
7622,5.127880825432013
7623,5.127880825432013
7624,5.127880825432013
7625,5.127880825432013
7626,5.127880825432013
7627,5.127880825432013
7628,5.127880825432013
7629,5.127880825432013
7630,5.127880825432013
7631,5.127880825432013
7632,5.127880825432013
7633,5.127880825432013
7634,5.127880825432013
7635,5.127880825432013
7636,5.127880825432013
7637,5.127880825432013
7638,5.127880825432013
7639,5.127880825432013
7640,5.127880825432013
7641,5.127880825432013
7642,5.127880825432013
7643,5.127880825432013
7644,5.127880825432013
7645,5.127880825432013
7646,5.127880825432013
7647,5.127880825432013
7648,5.127880825432013
7649,5.127880825432013
7650,5.127880825432013
7651,5.127880825432013
7652,5.127880825432013
7653,5.127880825432013
7654,5.127880825432013
7655,5.127880825432013
7656,5.127880825432013
7657,5.127880825432013
7658,5.127880825432013
7659,5.127880825432013
7660,5.127880825432013
7661,5.127880825432013
7662,5.127880825432013
7663,5.127880825432013
7664,5.127880825432013
7665,5.127880825432013
7666,5.127880825432013
7667,5.127880825432013
7668,5.127880825432013
7669,5.127880825432013
7670,5.127880825432013
7671,5.127880825432013
7672,5.127880825432013
7673,5.127880825432013
7674,5.127880825432013
7675,5.127880825432013
7676,5.127880825432013
7677,5.127880825432013
7678,5.127880825432013
7679,5.127880825432013
7680,5.127880825432013
7681,5.127880825432013
7682,5.127880825432013
7683,5.127880825432013
7684,5.127880825432013
7685,5.127880825432013
7686,5.127880825432013
7687,5.127880825432013
7688,5.127880825432013
7689,5.127880825432013
7690,5.127880825432013
7691,5.127880825432013
7692,5.127880825432013
7693,5.127880825432013
7694,5.127880825432013
7695,5.127880825432013
7696,5.127880825432013
7697,5.127880825432013
7698,5.127880825432013
7699,5.127880825432013
7700,5.127880825432013
7701,5.127880825432013
7702,5.127880825432013
7703,5.127880825432013
7704,5.127880825432013
7705,5.127880825432013
7706,5.127880825432013
7707,5.127880825432013
7708,5.127880825432013
7709,5.127880825432013
7710,5.127880825432013
7711,5.127880825432013
7712,5.127880825432013
7713,5.127880825432013
7714,5.127880825432013
7715,5.127880825432013
7716,5.127880825432013
7717,5.127880825432013
7718,5.127880825432013
7719,5.127880825432013
7720,5.127880825432013
7721,5.127880825432013
7722,5.127880825432013
7723,5.127880825432013
7724,5.127880825432013
7725,5.127880825432013
7726,5.127880825432013
7727,5.127880825432013
7728,5.127880825432013
7729,5.127880825432013
7730,5.127880825432013
7731,5.127880825432013
7732,5.127880825432013
7733,5.127880825432013
7734,5.127880825432013
7735,5.127880825432013
7736,5.127880825432013
7737,5.127880825432013
7738,5.127880825432013
7739,5.127880825432013
7740,5.127880825432013
7741,5.127880825432013
7742,5.127880825432013
7743,5.127880825432013
7744,5.127880825432013
7745,5.127880825432013
7746,5.127880825432013
7747,5.127880825432013
7748,5.127880825432013
7749,5.127880825432013
7750,5.127880825432013
7751,5.127880825432013
7752,5.127880825432013
7753,5.127880825432013
7754,5.127880825432013
7755,5.127880825432013
7756,5.127880825432013
7757,5.127880825432013
7758,5.127880825432013
7759,5.127880825432013
7760,5.127880825432013
7761,5.127880825432013
7762,5.127880825432013
7763,5.127880825432013
7764,5.127880825432013
7765,5.127880825432013
7766,5.127880825432013
7767,5.127880825432013
7768,5.127880825432013
7769,5.127880825432013
7770,5.127880825432013
7771,5.127880825432013
7772,5.127880825432013
7773,5.127880825432013
7774,5.127880825432013
7775,5.127880825432013
7776,5.127880825432013
7777,5.127880825432013
7778,5.127880825432013
7779,5.127880825432013
7780,5.127880825432013
7781,5.127880825432013
7782,5.127880825432013
7783,5.127880825432013
7784,5.127880825432013
7785,5.127880825432013
7786,5.127880825432013
7787,5.127880825432013
7788,5.127880825432013
7789,5.127880825432013
7790,5.127880825432013
7791,5.127880825432013
7792,5.127880825432013
7793,5.127880825432013
7794,5.127880825432013
7795,5.127880825432013
7796,5.127880825432013
7797,5.127880825432013
7798,5.127880825432013
7799,5.127880825432013
7800,5.127880825432013
7801,5.127880825432013
7802,5.127880825432013
7803,5.127880825432013
7804,5.127880825432013
7805,5.127880825432013
7806,5.127880825432013
7807,5.127880825432013
7808,5.127880825432013
7809,5.127880825432013
7810,5.127880825432013
7811,5.127880825432013
7812,5.127880825432013
7813,5.127880825432013
7814,5.127880825432013
7815,5.127880825432013
7816,5.127880825432013
7817,5.127880825432013
7818,5.127880825432013
7819,5.127880825432013
7820,5.127880825432013
7821,5.127880825432013
7822,5.127880825432013
7823,5.127880825432013
7824,5.127880825432013
7825,5.127880825432013
7826,5.127880825432013
7827,5.127880825432013
7828,5.127880825432013
7829,5.127880825432013
7830,5.127880825432013
7831,5.127880825432013
7832,5.127880825432013
7833,5.127880825432013
7834,5.127880825432013
7835,5.127880825432013
7836,5.127880825432013
7837,5.127880825432013
7838,5.127880825432013
7839,5.127880825432013
7840,5.127880825432013
7841,5.127880825432013
7842,5.127880825432013
7843,5.127880825432013
7844,5.127880825432013
7845,5.127880825432013
7846,5.127880825432013
7847,5.127880825432013
7848,5.127880825432013
7849,5.127880825432013
7850,5.127880825432013
7851,5.127880825432013
7852,5.127880825432013
7853,5.127880825432013
7854,5.127880825432013
7855,5.127880825432013
7856,5.127880825432013
7857,5.127880825432013
7858,5.127880825432013
7859,5.127880825432013
7860,5.127880825432013
7861,5.127880825432013
7862,5.127880825432013
7863,5.127880825432013
7864,5.127880825432013
7865,5.127880825432013
7866,5.127880825432013
7867,5.127880825432013
7868,5.127880825432013
7869,5.127880825432013
7870,5.127880825432013
7871,5.127880825432013
7872,5.127880825432013
7873,5.127880825432013
7874,5.127880825432013
7875,5.127880825432013
7876,5.127880825432013
7877,5.127880825432013
7878,5.127880825432013
7879,5.127880825432013
7880,5.127880825432013
7881,5.127880825432013
7882,5.127880825432013
7883,5.127880825432013
7884,5.127880825432013
7885,5.127880825432013
7886,5.127880825432013
7887,5.127880825432013
7888,5.127880825432013
7889,5.127880825432013
7890,5.127880825432013
7891,5.127880825432013
7892,5.127880825432013
7893,5.127880825432013
7894,5.127880825432013
7895,5.127880825432013
7896,5.127880825432013
7897,5.127880825432013
7898,5.127880825432013
7899,5.127880825432013
7900,5.127880825432013
7901,5.127880825432013
7902,5.127880825432013
7903,5.127880825432013
7904,5.127880825432013
7905,5.127880825432013
7906,5.127880825432013
7907,5.127880825432013
7908,5.127880825432013
7909,5.127880825432013
7910,5.127880825432013
7911,5.127880825432013
7912,5.127880825432013
7913,5.127880825432013
7914,5.127880825432013
7915,5.127880825432013
7916,5.127880825432013
7917,5.127880825432013
7918,5.127880825432013
7919,5.127880825432013
7920,5.127880825432013
7921,5.127880825432013
7922,5.127880825432013
7923,5.127880825432013
7924,5.127880825432013
7925,5.127880825432013
7926,5.127880825432013
7927,5.127880825432013
7928,5.127880825432013
7929,5.127880825432013
7930,5.127880825432013
7931,5.127880825432013
7932,5.127880825432013
7933,5.127880825432013
7934,5.127880825432013
7935,5.127880825432013
7936,5.127880825432013
7937,5.127880825432013
7938,5.127880825432013
7939,5.127880825432013
7940,5.127880825432013
7941,5.127880825432013
7942,5.127880825432013
7943,5.127880825432013
7944,5.127880825432013
7945,5.127880825432013
7946,5.127880825432013
7947,5.127880825432013
7948,5.127880825432013
7949,5.127880825432013
7950,5.127880825432013
7951,5.127880825432013
7952,5.127880825432013
7953,5.127880825432013
7954,5.127880825432013
7955,5.127880825432013
7956,5.127880825432013
7957,5.127880825432013
7958,5.127880825432013
7959,5.127880825432013
7960,5.127880825432013
7961,5.127880825432013
7962,5.127880825432013
7963,5.127880825432013
7964,5.127880825432013
7965,5.127880825432013
7966,5.127880825432013
7967,5.127880825432013
7968,5.127880825432013
7969,5.127880825432013
7970,5.127880825432013
7971,5.127880825432013
7972,5.127880825432013
7973,5.127880825432013
7974,5.127880825432013
7975,5.127880825432013
7976,5.127880825432013
7977,5.127880825432013
7978,5.127880825432013
7979,5.127880825432013
7980,5.127880825432013
7981,5.127880825432013
7982,5.127880825432013
7983,5.127880825432013
7984,5.127880825432013
7985,5.127880825432013
7986,5.127880825432013
7987,5.127880825432013
7988,5.127880825432013
7989,5.127880825432013
7990,5.127880825432013
7991,5.127880825432013
7992,5.127880825432013
7993,5.127880825432013
7994,5.127880825432013
7995,5.127880825432013
7996,5.127880825432013
7997,5.127880825432013
7998,5.127880825432013
7999,5.127880825432013
8000,5.127880825432013
8001,5.127880825432013
8002,5.127880825432013
8003,5.127880825432013
8004,5.127880825432013
8005,5.127880825432013
8006,5.127880825432013
8007,5.127880825432013
8008,5.127880825432013
8009,5.127880825432013
8010,5.127880825432013
8011,5.127880825432013
8012,5.127880825432013
8013,5.127880825432013
8014,5.127880825432013
8015,5.127880825432013
8016,5.127880825432013
8017,5.127880825432013
8018,5.127880825432013
8019,5.127880825432013
8020,5.127880825432013
8021,5.127880825432013
8022,5.127880825432013
8023,5.127880825432013
8024,5.127880825432013
8025,5.127880825432013
8026,5.127880825432013
8027,5.127880825432013
8028,5.127880825432013
8029,5.127880825432013
8030,5.127880825432013
8031,5.127880825432013
8032,5.127880825432013
8033,5.127880825432013
8034,5.127880825432013
8035,5.127880825432013
8036,5.127880825432013
8037,5.127880825432013
8038,5.127880825432013
8039,5.127880825432013
8040,5.127880825432013
8041,5.127880825432013
8042,5.127880825432013
8043,5.127880825432013
8044,5.127880825432013
8045,5.127880825432013
8046,5.127880825432013
8047,5.127880825432013
8048,5.127880825432013
8049,5.127880825432013
8050,5.127880825432013
8051,5.127880825432013
8052,5.127880825432013
8053,5.127880825432013
8054,5.127880825432013
8055,5.127880825432013
8056,5.127880825432013
8057,5.127880825432013
8058,5.127880825432013
8059,5.127880825432013
8060,5.127880825432013
8061,5.127880825432013
8062,5.127880825432013
8063,5.127880825432013
8064,5.127880825432013
8065,5.127880825432013
8066,5.127880825432013
8067,5.127880825432013
8068,5.127880825432013
8069,5.127880825432013
8070,5.127880825432013
8071,5.127880825432013
8072,5.127880825432013
8073,5.127880825432013
8074,5.127880825432013
8075,5.127880825432013
8076,5.127880825432013
8077,5.127880825432013
8078,5.127880825432013
8079,5.127880825432013
8080,5.127880825432013
8081,5.127880825432013
8082,5.127880825432013
8083,5.127880825432013
8084,5.127880825432013
8085,5.127880825432013
8086,5.127880825432013
8087,5.127880825432013
8088,5.127880825432013
8089,5.127880825432013
8090,5.127880825432013
8091,5.127880825432013
8092,5.127880825432013
8093,5.127880825432013
8094,5.127880825432013
8095,5.127880825432013
8096,5.127880825432013
8097,5.127880825432013
8098,5.127880825432013
8099,5.127880825432013
8100,5.127880825432013
8101,5.127880825432013
8102,5.127880825432013
8103,5.127880825432013
8104,5.127880825432013
8105,5.127880825432013
8106,5.127880825432013
8107,5.127880825432013
8108,5.127880825432013
8109,5.127880825432013
8110,5.127880825432013
8111,5.127880825432013
8112,5.127880825432013
8113,5.127880825432013
8114,5.127880825432013
8115,5.127880825432013
8116,5.127880825432013
8117,5.127880825432013
8118,5.127880825432013
8119,5.127880825432013
8120,5.127880825432013
8121,5.127880825432013
8122,5.127880825432013
8123,5.127880825432013
8124,5.127880825432013
8125,5.127880825432013
8126,5.127880825432013
8127,5.127880825432013
8128,5.127880825432013
8129,5.127880825432013
8130,5.127880825432013
8131,5.127880825432013
8132,5.127880825432013
8133,5.127880825432013
8134,5.127880825432013
8135,5.127880825432013
8136,5.127880825432013
8137,5.127880825432013
8138,5.127880825432013
8139,5.127880825432013
8140,5.127880825432013
8141,5.127880825432013
8142,5.127880825432013
8143,5.127880825432013
8144,5.127880825432013
8145,5.127880825432013
8146,5.127880825432013
8147,5.127880825432013
8148,5.127880825432013
8149,5.127880825432013
8150,5.127880825432013
8151,5.127880825432013
8152,5.127880825432013
8153,5.127880825432013
8154,5.127880825432013
8155,5.127880825432013
8156,5.127880825432013
8157,5.127880825432013
8158,5.127880825432013
8159,5.127880825432013
8160,5.127880825432013
8161,5.127880825432013
8162,5.127880825432013
8163,5.127880825432013
8164,5.127880825432013
8165,5.127880825432013
8166,5.127880825432013
8167,5.127880825432013
8168,5.127880825432013
8169,5.127880825432013
8170,5.127880825432013
8171,5.127880825432013
8172,5.127880825432013
8173,5.127880825432013
8174,5.127880825432013
8175,5.127880825432013
8176,5.127880825432013
8177,5.127880825432013
8178,5.127880825432013
8179,5.127880825432013
8180,5.127880825432013
8181,5.127880825432013
8182,5.127880825432013
8183,5.127880825432013
8184,5.127880825432013
8185,5.127880825432013
8186,5.127880825432013
8187,5.127880825432013
8188,5.127880825432013
8189,5.127880825432013
8190,5.127880825432013
8191,5.127880825432013
8192,5.127880825432013
8193,5.127880825432013
8194,5.127880825432013
8195,5.127880825432013
8196,5.127880825432013
8197,5.127880825432013
8198,5.127880825432013
8199,5.127880825432013
8200,5.127880825432013
8201,5.127880825432013
8202,5.127880825432013
8203,5.127880825432013
8204,5.127880825432013
8205,5.127880825432013
8206,5.127880825432013
8207,5.127880825432013
8208,5.127880825432013
8209,5.127880825432013
8210,5.127880825432013
8211,5.127880825432013
8212,5.127880825432013
8213,5.127880825432013
8214,5.127880825432013
8215,5.127880825432013
8216,5.127880825432013
8217,5.127880825432013
8218,5.127880825432013
8219,5.127880825432013
8220,5.127880825432013
8221,5.127880825432013
8222,5.127880825432013
8223,5.127880825432013
8224,5.127880825432013
8225,5.127880825432013
8226,5.127880825432013
8227,5.127880825432013
8228,5.127880825432013
8229,5.127880825432013
8230,5.127880825432013
8231,5.127880825432013
8232,5.127880825432013
8233,5.127880825432013
8234,5.127880825432013
8235,5.127880825432013
8236,5.127880825432013
8237,5.127880825432013
8238,5.127880825432013
8239,5.127880825432013
8240,5.127880825432013
8241,5.127880825432013
8242,5.127880825432013
8243,5.127880825432013
8244,5.127880825432013
8245,5.127880825432013
8246,5.127880825432013
8247,5.127880825432013
8248,5.127880825432013
8249,5.127880825432013
8250,5.127880825432013
8251,5.127880825432013
8252,5.127880825432013
8253,5.127880825432013
8254,5.127880825432013
8255,5.127880825432013
8256,5.127880825432013
8257,5.127880825432013
8258,5.127880825432013
8259,5.127880825432013
8260,5.127880825432013
8261,5.127880825432013
8262,5.127880825432013
8263,5.127880825432013
8264,5.127880825432013
8265,5.127880825432013
8266,5.127880825432013
8267,5.127880825432013
8268,5.127880825432013
8269,5.127880825432013
8270,5.127880825432013
8271,5.127880825432013
8272,5.127880825432013
8273,5.127880825432013
8274,5.127880825432013
8275,5.127880825432013
8276,5.127880825432013
8277,5.127880825432013
8278,5.127880825432013
8279,5.127880825432013
8280,5.127880825432013
8281,5.127880825432013
8282,5.127880825432013
8283,5.127880825432013
8284,5.127880825432013
8285,5.127880825432013
8286,5.127880825432013
8287,5.127880825432013
8288,5.127880825432013
8289,5.127880825432013
8290,5.127880825432013
8291,5.127880825432013
8292,5.127880825432013
8293,5.127880825432013
8294,5.127880825432013
8295,5.127880825432013
8296,5.127880825432013
8297,5.127880825432013
8298,5.127880825432013
8299,5.127880825432013
8300,5.127880825432013
8301,5.127880825432013
8302,5.127880825432013
8303,5.127880825432013
8304,5.127880825432013
8305,5.127880825432013
8306,5.127880825432013
8307,5.127880825432013
8308,5.127880825432013
8309,5.127880825432013
8310,5.127880825432013
8311,5.127880825432013
8312,5.127880825432013
8313,5.127880825432013
8314,5.127880825432013
8315,5.127880825432013
8316,5.127880825432013
8317,5.127880825432013
8318,5.127880825432013
8319,5.127880825432013
8320,5.127880825432013
8321,5.127880825432013
8322,5.127880825432013
8323,5.127880825432013
8324,5.127880825432013
8325,5.127880825432013
8326,5.127880825432013
8327,5.127880825432013
8328,5.127880825432013
8329,5.127880825432013
8330,5.127880825432013
8331,5.127880825432013
8332,5.127880825432013
8333,5.127880825432013
8334,5.127880825432013
8335,5.127880825432013
8336,5.127880825432013
8337,5.127880825432013
8338,5.127880825432013
8339,5.127880825432013
8340,5.127880825432013
8341,5.127880825432013
8342,5.127880825432013
8343,5.127880825432013
8344,5.127880825432013
8345,5.127880825432013
8346,5.127880825432013
8347,5.127880825432013
8348,5.127880825432013
8349,5.127880825432013
8350,5.127880825432013
8351,5.127880825432013
8352,5.127880825432013
8353,5.127880825432013
8354,5.127880825432013
8355,5.127880825432013
8356,5.127880825432013
8357,5.127880825432013
8358,5.127880825432013
8359,5.127880825432013
8360,5.127880825432013
8361,5.127880825432013
8362,5.127880825432013
8363,5.127880825432013
8364,5.127880825432013
8365,5.127880825432013
8366,5.127880825432013
8367,5.127880825432013
8368,5.127880825432013
8369,5.127880825432013
8370,5.127880825432013
8371,5.127880825432013
8372,5.127880825432013
8373,5.127880825432013
8374,5.127880825432013
8375,5.127880825432013
8376,5.127880825432013
8377,5.127880825432013
8378,5.127880825432013
8379,5.127880825432013
8380,5.127880825432013
8381,5.127880825432013
8382,5.127880825432013
8383,5.127880825432013
8384,5.127880825432013
8385,5.127880825432013
8386,5.127880825432013
8387,5.127880825432013
8388,5.127880825432013
8389,5.127880825432013
8390,5.127880825432013
8391,5.127880825432013
8392,5.127880825432013
8393,5.127880825432013
8394,5.127880825432013
8395,5.127880825432013
8396,5.127880825432013
8397,5.127880825432013
8398,5.127880825432013
8399,5.127880825432013
8400,5.127880825432013
8401,5.127880825432013
8402,5.127880825432013
8403,5.127880825432013
8404,5.127880825432013
8405,5.127880825432013
8406,5.127880825432013
8407,5.127880825432013
8408,5.127880825432013
8409,5.127880825432013
8410,5.127880825432013
8411,5.127880825432013
8412,5.127880825432013
8413,5.127880825432013
8414,5.127880825432013
8415,5.127880825432013
8416,5.127880825432013
8417,5.127880825432013
8418,5.127880825432013
8419,5.127880825432013
8420,5.127880825432013
8421,5.127880825432013
8422,5.127880825432013
8423,5.127880825432013
8424,5.127880825432013
8425,5.127880825432013
8426,5.127880825432013
8427,5.127880825432013
8428,5.127880825432013
8429,5.127880825432013
8430,5.127880825432013
8431,5.127880825432013
8432,5.127880825432013
8433,5.127880825432013
8434,5.127880825432013
8435,5.127880825432013
8436,5.127880825432013
8437,5.127880825432013
8438,5.127880825432013
8439,5.127880825432013
8440,5.127880825432013
8441,5.127880825432013
8442,5.127880825432013
8443,5.127880825432013
8444,5.127880825432013
8445,5.127880825432013
8446,5.127880825432013
8447,5.127880825432013
8448,5.127880825432013
8449,5.127880825432013
8450,5.127880825432013
8451,5.127880825432013
8452,5.127880825432013
8453,5.127880825432013
8454,5.127880825432013
8455,5.127880825432013
8456,5.127880825432013
8457,5.127880825432013
8458,5.127880825432013
8459,5.127880825432013
8460,5.127880825432013
8461,5.127880825432013
8462,5.127880825432013
8463,5.127880825432013
8464,5.127880825432013
8465,5.127880825432013
8466,5.127880825432013
8467,5.127880825432013
8468,5.127880825432013
8469,5.127880825432013
8470,5.127880825432013
8471,5.127880825432013
8472,5.127880825432013
8473,5.127880825432013
8474,5.127880825432013
8475,5.127880825432013
8476,5.127880825432013
8477,5.127880825432013
8478,5.127880825432013
8479,5.127880825432013
8480,5.127880825432013
8481,5.127880825432013
8482,5.127880825432013
8483,5.127880825432013
8484,5.127880825432013
8485,5.127880825432013
8486,5.127880825432013
8487,5.127880825432013
8488,5.127880825432013
8489,5.127880825432013
8490,5.127880825432013
8491,5.127880825432013
8492,5.127880825432013
8493,5.127880825432013
8494,5.127880825432013
8495,5.127880825432013
8496,5.127880825432013
8497,5.127880825432013
8498,5.127880825432013
8499,5.127880825432013
8500,5.127880825432013
8501,5.127880825432013
8502,5.127880825432013
8503,5.127880825432013
8504,5.127880825432013
8505,5.127880825432013
8506,5.127880825432013
8507,5.127880825432013
8508,5.127880825432013
8509,5.127880825432013
8510,5.127880825432013
8511,5.127880825432013
8512,5.127880825432013
8513,5.127880825432013
8514,5.127880825432013
8515,5.127880825432013
8516,5.127880825432013
8517,5.127880825432013
8518,5.127880825432013
8519,5.127880825432013
8520,5.127880825432013
8521,5.127880825432013
8522,5.127880825432013
8523,5.127880825432013
8524,5.127880825432013
8525,5.127880825432013
8526,5.127880825432013
8527,5.127880825432013
8528,5.127880825432013
8529,5.127880825432013
8530,5.127880825432013
8531,5.127880825432013
8532,5.127880825432013
8533,5.127880825432013
8534,5.127880825432013
8535,5.127880825432013
8536,5.127880825432013
8537,5.127880825432013
8538,5.127880825432013
8539,5.127880825432013
8540,5.127880825432013
8541,5.127880825432013
8542,5.127880825432013
8543,5.127880825432013
8544,5.127880825432013
8545,5.127880825432013
8546,5.127880825432013
8547,5.127880825432013
8548,5.127880825432013
8549,5.127880825432013
8550,5.127880825432013
8551,5.127880825432013
8552,5.127880825432013
8553,5.127880825432013
8554,5.127880825432013
8555,5.127880825432013
8556,5.127880825432013
8557,5.127880825432013
8558,5.127880825432013
8559,5.127880825432013
8560,5.127880825432013
8561,5.127880825432013
8562,5.127880825432013
8563,5.127880825432013
8564,5.127880825432013
8565,5.127880825432013
8566,5.127880825432013
8567,5.127880825432013
8568,5.127880825432013
8569,5.127880825432013
8570,5.127880825432013
8571,5.127880825432013
8572,5.127880825432013
8573,5.127880825432013
8574,5.127880825432013
8575,5.127880825432013
8576,5.127880825432013
8577,5.127880825432013
8578,5.127880825432013
8579,5.127880825432013
8580,5.127880825432013
8581,5.127880825432013
8582,5.127880825432013
8583,5.127880825432013
8584,5.127880825432013
8585,5.127880825432013
8586,5.127880825432013
8587,5.127880825432013
8588,5.127880825432013
8589,5.127880825432013
8590,5.127880825432013
8591,5.127880825432013
8592,5.127880825432013
8593,5.127880825432013
8594,5.127880825432013
8595,5.127880825432013
8596,5.127880825432013
8597,5.127880825432013
8598,5.127880825432013
8599,5.127880825432013
8600,5.127880825432013
8601,5.127880825432013
8602,5.127880825432013
8603,5.127880825432013
8604,5.127880825432013
8605,5.127880825432013
8606,5.127880825432013
8607,5.127880825432013
8608,5.127880825432013
8609,5.127880825432013
8610,5.127880825432013
8611,5.127880825432013
8612,5.127880825432013
8613,5.127880825432013
8614,5.127880825432013
8615,5.127880825432013
8616,5.127880825432013
8617,5.127880825432013
8618,5.127880825432013
8619,5.127880825432013
8620,5.127880825432013
8621,5.127880825432013
8622,5.127880825432013
8623,5.127880825432013
8624,5.127880825432013
8625,5.127880825432013
8626,5.127880825432013
8627,5.127880825432013
8628,5.127880825432013
8629,5.127880825432013
8630,5.127880825432013
8631,5.127880825432013
8632,5.127880825432013
8633,5.127880825432013
8634,5.127880825432013
8635,5.127880825432013
8636,5.127880825432013
8637,5.127880825432013
8638,5.127880825432013
8639,5.127880825432013
8640,5.127880825432013
8641,5.127880825432013
8642,5.127880825432013
8643,5.127880825432013
8644,5.127880825432013
8645,5.127880825432013
8646,5.127880825432013
8647,5.127880825432013
8648,5.127880825432013
8649,5.127880825432013
8650,5.127880825432013
8651,5.127880825432013
8652,5.127880825432013
8653,5.127880825432013
8654,5.127880825432013
8655,5.127880825432013
8656,5.127880825432013
8657,5.127880825432013
8658,5.127880825432013
8659,5.127880825432013
8660,5.127880825432013
8661,5.127880825432013
8662,5.127880825432013
8663,5.127880825432013
8664,5.127880825432013
8665,5.127880825432013
8666,5.127880825432013
8667,5.127880825432013
8668,5.127880825432013
8669,5.127880825432013
8670,5.127880825432013
8671,5.127880825432013
8672,5.127880825432013
8673,5.127880825432013
8674,5.127880825432013
8675,5.127880825432013
8676,5.127880825432013
8677,5.127880825432013
8678,5.127880825432013
8679,5.127880825432013
8680,5.127880825432013
8681,5.127880825432013
8682,5.127880825432013
8683,5.127880825432013
8684,5.127880825432013
8685,5.127880825432013
8686,5.127880825432013
8687,5.127880825432013
8688,5.127880825432013
8689,5.127880825432013
8690,5.127880825432013
8691,5.127880825432013
8692,5.127880825432013
8693,5.127880825432013
8694,5.127880825432013
8695,5.127880825432013
8696,5.127880825432013
8697,5.127880825432013
8698,5.127880825432013
8699,5.127880825432013
8700,5.127880825432013
8701,5.127880825432013
8702,5.127880825432013
8703,5.127880825432013
8704,5.127880825432013
8705,5.127880825432013
8706,5.127880825432013
8707,5.127880825432013
8708,5.127880825432013
8709,5.127880825432013
8710,5.127880825432013
8711,5.127880825432013
8712,5.127880825432013
8713,5.127880825432013
8714,5.127880825432013
8715,5.127880825432013
8716,5.127880825432013
8717,5.127880825432013
8718,5.127880825432013
8719,5.127880825432013
8720,5.127880825432013
8721,5.127880825432013
8722,5.127880825432013
8723,5.127880825432013
8724,5.127880825432013
8725,5.127880825432013
8726,5.127880825432013
8727,5.127880825432013
8728,5.127880825432013
8729,5.127880825432013
8730,5.127880825432013
8731,5.127880825432013
8732,5.127880825432013
8733,5.127880825432013
8734,5.127880825432013
8735,5.127880825432013
8736,5.127880825432013
8737,5.127880825432013
8738,5.127880825432013
8739,5.127880825432013
8740,5.127880825432013
8741,5.127880825432013
8742,5.127880825432013
8743,5.127880825432013
8744,5.127880825432013
8745,5.127880825432013
8746,5.127880825432013
8747,5.127880825432013
8748,5.127880825432013
8749,5.127880825432013
8750,5.127880825432013
8751,5.127880825432013
8752,5.127880825432013
8753,5.127880825432013
8754,5.127880825432013
8755,5.127880825432013
8756,5.127880825432013
8757,5.127880825432013
8758,5.127880825432013
8759,5.127880825432013
8760,5.127880825432013
8761,5.127880825432013
8762,5.127880825432013
8763,5.127880825432013
8764,5.127880825432013
8765,5.127880825432013
8766,5.127880825432013
8767,5.127880825432013
8768,5.127880825432013
8769,5.127880825432013
8770,5.127880825432013
8771,5.127880825432013
8772,5.127880825432013
8773,5.127880825432013
8774,5.127880825432013
8775,5.127880825432013
8776,5.127880825432013
8777,5.127880825432013
8778,5.127880825432013
8779,5.127880825432013
8780,5.127880825432013
8781,5.127880825432013
8782,5.127880825432013
8783,5.127880825432013
8784,5.127880825432013
8785,5.127880825432013
8786,5.127880825432013
8787,5.127880825432013
8788,5.127880825432013
8789,5.127880825432013
8790,5.127880825432013
8791,5.127880825432013
8792,5.127880825432013
8793,5.127880825432013
8794,5.127880825432013
8795,5.127880825432013
8796,5.127880825432013
8797,5.127880825432013
8798,5.127880825432013
8799,5.127880825432013
8800,5.127880825432013
8801,5.127880825432013
8802,5.127880825432013
8803,5.127880825432013
8804,5.127880825432013
8805,5.127880825432013
8806,5.127880825432013
8807,5.127880825432013
8808,5.127880825432013
8809,5.127880825432013
8810,5.127880825432013
8811,5.127880825432013
8812,5.127880825432013
8813,5.127880825432013
8814,5.127880825432013
8815,5.127880825432013
8816,5.127880825432013
8817,5.127880825432013
8818,5.127880825432013
8819,5.127880825432013
8820,5.127880825432013
8821,5.127880825432013
8822,5.127880825432013
8823,5.127880825432013
8824,5.127880825432013
8825,5.127880825432013
8826,5.127880825432013
8827,5.127880825432013
8828,5.127880825432013
8829,5.127880825432013
8830,5.127880825432013
8831,5.127880825432013
8832,5.127880825432013
8833,5.127880825432013
8834,5.127880825432013
8835,5.127880825432013
8836,5.127880825432013
8837,5.127880825432013
8838,5.127880825432013
8839,5.127880825432013
8840,5.127880825432013
8841,5.127880825432013
8842,5.127880825432013
8843,5.127880825432013
8844,5.127880825432013
8845,5.127880825432013
8846,5.127880825432013
8847,5.127880825432013
8848,5.127880825432013
8849,5.127880825432013
8850,5.127880825432013
8851,5.127880825432013
8852,5.127880825432013
8853,5.127880825432013
8854,5.127880825432013
8855,5.127880825432013
8856,5.127880825432013
8857,5.127880825432013
8858,5.127880825432013
8859,5.127880825432013
8860,5.127880825432013
8861,5.127880825432013
8862,5.127880825432013
8863,5.127880825432013
8864,5.127880825432013
8865,5.127880825432013
8866,5.127880825432013
8867,5.127880825432013
8868,5.127880825432013
8869,5.127880825432013
8870,5.127880825432013
8871,5.127880825432013
8872,5.127880825432013
8873,5.127880825432013
8874,5.127880825432013
8875,5.127880825432013
8876,5.127880825432013
8877,5.127880825432013
8878,5.127880825432013
8879,5.127880825432013
8880,5.127880825432013
8881,5.127880825432013
8882,5.127880825432013
8883,5.127880825432013
8884,5.127880825432013
8885,5.127880825432013
8886,5.127880825432013
8887,5.127880825432013
8888,5.127880825432013
8889,5.127880825432013
8890,5.127880825432013
8891,5.127880825432013
8892,5.127880825432013
8893,5.127880825432013
8894,5.127880825432013
8895,5.127880825432013
8896,5.127880825432013
8897,5.127880825432013
8898,5.127880825432013
8899,5.127880825432013
8900,5.127880825432013
8901,5.127880825432013
8902,5.127880825432013
8903,5.127880825432013
8904,5.127880825432013
8905,5.127880825432013
8906,5.127880825432013
8907,5.127880825432013
8908,5.127880825432013
8909,5.127880825432013
8910,5.127880825432013
8911,5.127880825432013
8912,5.127880825432013
8913,5.127880825432013
8914,5.127880825432013
8915,5.127880825432013
8916,5.127880825432013
8917,5.127880825432013
8918,5.127880825432013
8919,5.127880825432013
8920,5.127880825432013
8921,5.127880825432013
8922,5.127880825432013
8923,5.127880825432013
8924,5.127880825432013
8925,5.127880825432013
8926,5.127880825432013
8927,5.127880825432013
8928,5.127880825432013
8929,5.127880825432013
8930,5.127880825432013
8931,5.127880825432013
8932,5.127880825432013
8933,5.127880825432013
8934,5.127880825432013
8935,5.127880825432013
8936,5.127880825432013
8937,5.127880825432013
8938,5.127880825432013
8939,5.127880825432013
8940,5.127880825432013
8941,5.127880825432013
8942,5.127880825432013
8943,5.127880825432013
8944,5.127880825432013
8945,5.127880825432013
8946,5.127880825432013
8947,5.127880825432013
8948,5.127880825432013
8949,5.127880825432013
8950,5.127880825432013
8951,5.127880825432013
8952,5.127880825432013
8953,5.127880825432013
8954,5.127880825432013
8955,5.127880825432013
8956,5.127880825432013
8957,5.127880825432013
8958,5.127880825432013
8959,5.127880825432013
8960,5.127880825432013
8961,5.127880825432013
8962,5.127880825432013
8963,5.127880825432013
8964,5.127880825432013
8965,5.127880825432013
8966,5.127880825432013
8967,5.127880825432013
8968,5.127880825432013
8969,5.127880825432013
8970,5.127880825432013
8971,5.127880825432013
8972,5.127880825432013
8973,5.127880825432013
8974,5.127880825432013
8975,5.127880825432013
8976,5.127880825432013
8977,5.127880825432013
8978,5.127880825432013
8979,5.127880825432013
8980,5.127880825432013
8981,5.127880825432013
8982,5.127880825432013
8983,5.127880825432013
8984,5.127880825432013
8985,5.127880825432013
8986,5.127880825432013
8987,5.127880825432013
8988,5.127880825432013
8989,5.127880825432013
8990,5.127880825432013
8991,5.127880825432013
8992,5.127880825432013
8993,5.127880825432013
8994,5.127880825432013
8995,5.127880825432013
8996,5.127880825432013
8997,5.127880825432013
8998,5.127880825432013
8999,5.127880825432013
9000,5.127880825432013
9001,5.127880825432013
9002,5.127880825432013
9003,5.127880825432013
9004,5.127880825432013
9005,5.127880825432013
9006,5.127880825432013
9007,5.127880825432013
9008,5.127880825432013
9009,5.127880825432013
9010,5.127880825432013
9011,5.127880825432013
9012,5.127880825432013
9013,5.127880825432013
9014,5.127880825432013
9015,5.127880825432013
9016,5.127880825432013
9017,5.127880825432013
9018,5.127880825432013
9019,5.127880825432013
9020,5.127880825432013
9021,5.127880825432013
9022,5.127880825432013
9023,5.127880825432013
9024,5.127880825432013
9025,5.127880825432013
9026,5.127880825432013
9027,5.127880825432013
9028,5.127880825432013
9029,5.127880825432013
9030,5.127880825432013
9031,5.127880825432013
9032,5.127880825432013
9033,5.127880825432013
9034,5.127880825432013
9035,5.127880825432013
9036,5.127880825432013
9037,5.127880825432013
9038,5.127880825432013
9039,5.127880825432013
9040,5.127880825432013
9041,5.127880825432013
9042,5.127880825432013
9043,5.127880825432013
9044,5.127880825432013
9045,5.127880825432013
9046,5.127880825432013
9047,5.127880825432013
9048,5.127880825432013
9049,5.127880825432013
9050,5.127880825432013
9051,5.127880825432013
9052,5.127880825432013
9053,5.127880825432013
9054,5.127880825432013
9055,5.127880825432013
9056,5.127880825432013
9057,5.127880825432013
9058,5.127880825432013
9059,5.127880825432013
9060,5.127880825432013
9061,5.127880825432013
9062,5.127880825432013
9063,5.127880825432013
9064,5.127880825432013
9065,5.127880825432013
9066,5.127880825432013
9067,5.127880825432013
9068,5.127880825432013
9069,5.127880825432013
9070,5.127880825432013
9071,5.127880825432013
9072,5.127880825432013
9073,5.127880825432013
9074,5.127880825432013
9075,5.127880825432013
9076,5.127880825432013
9077,5.127880825432013
9078,5.127880825432013
9079,5.127880825432013
9080,5.127880825432013
9081,5.127880825432013
9082,5.127880825432013
9083,5.127880825432013
9084,5.127880825432013
9085,5.127880825432013
9086,5.127880825432013
9087,5.127880825432013
9088,5.127880825432013
9089,5.127880825432013
9090,5.127880825432013
9091,5.127880825432013
9092,5.127880825432013
9093,5.127880825432013
9094,5.127880825432013
9095,5.127880825432013
9096,5.127880825432013
9097,5.127880825432013
9098,5.127880825432013
9099,5.127880825432013
9100,5.127880825432013
9101,5.127880825432013
9102,5.127880825432013
9103,5.127880825432013
9104,5.127880825432013
9105,5.127880825432013
9106,5.127880825432013
9107,5.127880825432013
9108,5.127880825432013
9109,5.127880825432013
9110,5.127880825432013
9111,5.127880825432013
9112,5.127880825432013
9113,5.127880825432013
9114,5.127880825432013
9115,5.127880825432013
9116,5.127880825432013
9117,5.127880825432013
9118,5.127880825432013
9119,5.127880825432013
9120,5.127880825432013
9121,5.127880825432013
9122,5.127880825432013
9123,5.127880825432013
9124,5.127880825432013
9125,5.127880825432013
9126,5.127880825432013
9127,5.127880825432013
9128,5.127880825432013
9129,5.127880825432013
9130,5.127880825432013
9131,5.127880825432013
9132,5.127880825432013
9133,5.127880825432013
9134,5.127880825432013
9135,5.127880825432013
9136,5.127880825432013
9137,5.127880825432013
9138,5.127880825432013
9139,5.127880825432013
9140,5.127880825432013
9141,5.127880825432013
9142,5.127880825432013
9143,5.127880825432013
9144,5.127880825432013
9145,5.127880825432013
9146,5.127880825432013
9147,5.127880825432013
9148,5.127880825432013
9149,5.127880825432013
9150,5.127880825432013
9151,5.127880825432013
9152,5.127880825432013
9153,5.127880825432013
9154,5.127880825432013
9155,5.127880825432013
9156,5.127880825432013
9157,5.127880825432013
9158,5.127880825432013
9159,5.127880825432013
9160,5.127880825432013
9161,5.127880825432013
9162,5.127880825432013
9163,5.127880825432013
9164,5.127880825432013
9165,5.127880825432013
9166,5.127880825432013
9167,5.127880825432013
9168,5.127880825432013
9169,5.127880825432013
9170,5.127880825432013
9171,5.127880825432013
9172,5.127880825432013
9173,5.127880825432013
9174,5.127880825432013
9175,5.127880825432013
9176,5.127880825432013
9177,5.127880825432013
9178,5.127880825432013
9179,5.127880825432013
9180,5.127880825432013
9181,5.127880825432013
9182,5.127880825432013
9183,5.127880825432013
9184,5.127880825432013
9185,5.127880825432013
9186,5.127880825432013
9187,5.127880825432013
9188,5.127880825432013
9189,5.127880825432013
9190,5.127880825432013
9191,5.127880825432013
9192,5.127880825432013
9193,5.127880825432013
9194,5.127880825432013
9195,5.127880825432013
9196,5.127880825432013
9197,5.127880825432013
9198,5.127880825432013
9199,5.127880825432013
9200,5.127880825432013
9201,5.127880825432013
9202,5.127880825432013
9203,5.127880825432013
9204,5.127880825432013
9205,5.127880825432013
9206,5.127880825432013
9207,5.127880825432013
9208,5.127880825432013
9209,5.127880825432013
9210,5.127880825432013
9211,5.127880825432013
9212,5.127880825432013
9213,5.127880825432013
9214,5.127880825432013
9215,5.127880825432013
9216,5.127880825432013
9217,5.127880825432013
9218,5.127880825432013
9219,5.127880825432013
9220,5.127880825432013
9221,5.127880825432013
9222,5.127880825432013
9223,5.127880825432013
9224,5.127880825432013
9225,5.127880825432013
9226,5.127880825432013
9227,5.127880825432013
9228,5.127880825432013
9229,5.127880825432013
9230,5.127880825432013
9231,5.127880825432013
9232,5.127880825432013
9233,5.127880825432013
9234,5.127880825432013
9235,5.127880825432013
9236,5.127880825432013
9237,5.127880825432013
9238,5.127880825432013
9239,5.127880825432013
9240,5.127880825432013
9241,5.127880825432013
9242,5.127880825432013
9243,5.127880825432013
9244,5.127880825432013
9245,5.127880825432013
9246,5.127880825432013
9247,5.127880825432013
9248,5.127880825432013
9249,5.127880825432013
9250,5.127880825432013
9251,5.127880825432013
9252,5.127880825432013
9253,5.127880825432013
9254,5.127880825432013
9255,5.127880825432013
9256,5.127880825432013
9257,5.127880825432013
9258,5.127880825432013
9259,5.127880825432013
9260,5.127880825432013
9261,5.127880825432013
9262,5.127880825432013
9263,5.127880825432013
9264,5.127880825432013
9265,5.127880825432013
9266,5.127880825432013
9267,5.127880825432013
9268,5.127880825432013
9269,5.127880825432013
9270,5.127880825432013
9271,5.127880825432013
9272,5.127880825432013
9273,5.127880825432013
9274,5.127880825432013
9275,5.127880825432013
9276,5.127880825432013
9277,5.127880825432013
9278,5.127880825432013
9279,5.127880825432013
9280,5.127880825432013
9281,5.127880825432013
9282,5.127880825432013
9283,5.127880825432013
9284,5.127880825432013
9285,5.127880825432013
9286,5.127880825432013
9287,5.127880825432013
9288,5.127880825432013
9289,5.127880825432013
9290,5.127880825432013
9291,5.127880825432013
9292,5.127880825432013
9293,5.127880825432013
9294,5.127880825432013
9295,5.127880825432013
9296,5.127880825432013
9297,5.127880825432013
9298,5.127880825432013
9299,5.127880825432013
9300,5.127880825432013
9301,5.127880825432013
9302,5.127880825432013
9303,5.127880825432013
9304,5.127880825432013
9305,5.127880825432013
9306,5.127880825432013
9307,5.127880825432013
9308,5.127880825432013
9309,5.127880825432013
9310,5.127880825432013
9311,5.127880825432013
9312,5.127880825432013
9313,5.127880825432013
9314,5.127880825432013
9315,5.127880825432013
9316,5.127880825432013
9317,5.127880825432013
9318,5.127880825432013
9319,5.127880825432013
9320,5.127880825432013
9321,5.127880825432013
9322,5.127880825432013
9323,5.127880825432013
9324,5.127880825432013
9325,5.127880825432013
9326,5.127880825432013
9327,5.127880825432013
9328,5.127880825432013
9329,5.127880825432013
9330,5.127880825432013
9331,5.127880825432013
9332,5.127880825432013
9333,5.127880825432013
9334,5.127880825432013
9335,5.127880825432013
9336,5.127880825432013
9337,5.127880825432013
9338,5.127880825432013
9339,5.127880825432013
9340,5.127880825432013
9341,5.127880825432013
9342,5.127880825432013
9343,5.127880825432013
9344,5.127880825432013
9345,5.127880825432013
9346,5.127880825432013
9347,5.127880825432013
9348,5.127880825432013
9349,5.127880825432013
9350,5.127880825432013
9351,5.127880825432013
9352,5.127880825432013
9353,5.127880825432013
9354,5.127880825432013
9355,5.127880825432013
9356,5.127880825432013
9357,5.127880825432013
9358,5.127880825432013
9359,5.127880825432013
9360,5.127880825432013
9361,5.127880825432013
9362,5.127880825432013
9363,5.127880825432013
9364,5.127880825432013
9365,5.127880825432013
9366,5.127880825432013
9367,5.127880825432013
9368,5.127880825432013
9369,5.127880825432013
9370,5.127880825432013
9371,5.127880825432013
9372,5.127880825432013
9373,5.127880825432013
9374,5.127880825432013
9375,5.127880825432013
9376,5.127880825432013
9377,5.127880825432013
9378,5.127880825432013
9379,5.127880825432013
9380,5.127880825432013
9381,5.127880825432013
9382,5.127880825432013
9383,5.127880825432013
9384,5.127880825432013
9385,5.127880825432013
9386,5.127880825432013
9387,5.127880825432013
9388,5.127880825432013
9389,5.127880825432013
9390,5.127880825432013
9391,5.127880825432013
9392,5.127880825432013
9393,5.127880825432013
9394,5.127880825432013
9395,5.127880825432013
9396,5.127880825432013
9397,5.127880825432013
9398,5.127880825432013
9399,5.127880825432013
9400,5.127880825432013
9401,5.127880825432013
9402,5.127880825432013
9403,5.127880825432013
9404,5.127880825432013
9405,5.127880825432013
9406,5.127880825432013
9407,5.127880825432013
9408,5.127880825432013
9409,5.127880825432013
9410,5.127880825432013
9411,5.127880825432013
9412,5.127880825432013
9413,5.127880825432013
9414,5.127880825432013
9415,5.127880825432013
9416,5.127880825432013
9417,5.127880825432013
9418,5.127880825432013
9419,5.127880825432013
9420,5.127880825432013
9421,5.127880825432013
9422,5.127880825432013
9423,5.127880825432013
9424,5.127880825432013
9425,5.127880825432013
9426,5.127880825432013
9427,5.127880825432013
9428,5.127880825432013
9429,5.127880825432013
9430,5.127880825432013
9431,5.127880825432013
9432,5.127880825432013
9433,5.127880825432013
9434,5.127880825432013
9435,5.127880825432013
9436,5.127880825432013
9437,5.127880825432013
9438,5.127880825432013
9439,5.127880825432013
9440,5.127880825432013
9441,5.127880825432013
9442,5.127880825432013
9443,5.127880825432013
9444,5.127880825432013
9445,5.127880825432013
9446,5.127880825432013
9447,5.127880825432013
9448,5.127880825432013
9449,5.127880825432013
9450,5.127880825432013
9451,5.127880825432013
9452,5.127880825432013
9453,5.127880825432013
9454,5.127880825432013
9455,5.127880825432013
9456,5.127880825432013
9457,5.127880825432013
9458,5.127880825432013
9459,5.127880825432013
9460,5.127880825432013
9461,5.127880825432013
9462,5.127880825432013
9463,5.127880825432013
9464,5.127880825432013
9465,5.127880825432013
9466,5.127880825432013
9467,5.127880825432013
9468,5.127880825432013
9469,5.127880825432013
9470,5.127880825432013
9471,5.127880825432013
9472,5.127880825432013
9473,5.127880825432013
9474,5.127880825432013
9475,5.127880825432013
9476,5.127880825432013
9477,5.127880825432013
9478,5.127880825432013
9479,5.127880825432013
9480,5.127880825432013
9481,5.127880825432013
9482,5.127880825432013
9483,5.127880825432013
9484,5.127880825432013
9485,5.127880825432013
9486,5.127880825432013
9487,5.127880825432013
9488,5.127880825432013
9489,5.127880825432013
9490,5.127880825432013
9491,5.127880825432013
9492,5.127880825432013
9493,5.127880825432013
9494,5.127880825432013
9495,5.127880825432013
9496,5.127880825432013
9497,5.127880825432013
9498,5.127880825432013
9499,5.127880825432013
9500,5.127880825432013
9501,5.127880825432013
9502,5.127880825432013
9503,5.127880825432013
9504,5.127880825432013
9505,5.127880825432013
9506,5.127880825432013
9507,5.127880825432013
9508,5.127880825432013
9509,5.127880825432013
9510,5.127880825432013
9511,5.127880825432013
9512,5.127880825432013
9513,5.127880825432013
9514,5.127880825432013
9515,5.127880825432013
9516,5.127880825432013
9517,5.127880825432013
9518,5.127880825432013
9519,5.127880825432013
9520,5.127880825432013
9521,5.127880825432013
9522,5.127880825432013
9523,5.127880825432013
9524,5.127880825432013
9525,5.127880825432013
9526,5.127880825432013
9527,5.127880825432013
9528,5.127880825432013
9529,5.127880825432013
9530,5.127880825432013
9531,5.127880825432013
9532,5.127880825432013
9533,5.127880825432013
9534,5.127880825432013
9535,5.127880825432013
9536,5.127880825432013
9537,5.127880825432013
9538,5.127880825432013
9539,5.127880825432013
9540,5.127880825432013
9541,5.127880825432013
9542,5.127880825432013
9543,5.127880825432013
9544,5.127880825432013
9545,5.127880825432013
9546,5.127880825432013
9547,5.127880825432013
9548,5.127880825432013
9549,5.127880825432013
9550,5.127880825432013
9551,5.127880825432013
9552,5.127880825432013
9553,5.127880825432013
9554,5.127880825432013
9555,5.127880825432013
9556,5.127880825432013
9557,5.127880825432013
9558,5.127880825432013
9559,5.127880825432013
9560,5.127880825432013
9561,5.127880825432013
9562,5.127880825432013
9563,5.127880825432013
9564,5.127880825432013
9565,5.127880825432013
9566,5.127880825432013
9567,5.127880825432013
9568,5.127880825432013
9569,5.127880825432013
9570,5.127880825432013
9571,5.127880825432013
9572,5.127880825432013
9573,5.127880825432013
9574,5.127880825432013
9575,5.127880825432013
9576,5.127880825432013
9577,5.127880825432013
9578,5.127880825432013
9579,5.127880825432013
9580,5.127880825432013
9581,5.127880825432013
9582,5.127880825432013
9583,5.127880825432013
9584,5.127880825432013
9585,5.127880825432013
9586,5.127880825432013
9587,5.127880825432013
9588,5.127880825432013
9589,5.127880825432013
9590,5.127880825432013
9591,5.127880825432013
9592,5.127880825432013
9593,5.127880825432013
9594,5.127880825432013
9595,5.127880825432013
9596,5.127880825432013
9597,5.127880825432013
9598,5.127880825432013
9599,5.127880825432013
9600,5.127880825432013
9601,5.127880825432013
9602,5.127880825432013
9603,5.127880825432013
9604,5.127880825432013
9605,5.127880825432013
9606,5.127880825432013
9607,5.127880825432013
9608,5.127880825432013
9609,5.127880825432013
9610,5.127880825432013
9611,5.127880825432013
9612,5.127880825432013
9613,5.127880825432013
9614,5.127880825432013
9615,5.127880825432013
9616,5.127880825432013
9617,5.127880825432013
9618,5.127880825432013
9619,5.127880825432013
9620,5.127880825432013
9621,5.127880825432013
9622,5.127880825432013
9623,5.127880825432013
9624,5.127880825432013
9625,5.127880825432013
9626,5.127880825432013
9627,5.127880825432013
9628,5.127880825432013
9629,5.127880825432013
9630,5.127880825432013
9631,5.127880825432013
9632,5.127880825432013
9633,5.127880825432013
9634,5.127880825432013
9635,5.127880825432013
9636,5.127880825432013
9637,5.127880825432013
9638,5.127880825432013
9639,5.127880825432013
9640,5.127880825432013
9641,5.127880825432013
9642,5.127880825432013
9643,5.127880825432013
9644,5.127880825432013
9645,5.127880825432013
9646,5.127880825432013
9647,5.127880825432013
9648,5.127880825432013
9649,5.127880825432013
9650,5.127880825432013
9651,5.127880825432013
9652,5.127880825432013
9653,5.127880825432013
9654,5.127880825432013
9655,5.127880825432013
9656,5.127880825432013
9657,5.127880825432013
9658,5.127880825432013
9659,5.127880825432013
9660,5.127880825432013
9661,5.127880825432013
9662,5.127880825432013
9663,5.127880825432013
9664,5.127880825432013
9665,5.127880825432013
9666,5.127880825432013
9667,5.127880825432013
9668,5.127880825432013
9669,5.127880825432013
9670,5.127880825432013
9671,5.127880825432013
9672,5.127880825432013
9673,5.127880825432013
9674,5.127880825432013
9675,5.127880825432013
9676,5.127880825432013
9677,5.127880825432013
9678,5.127880825432013
9679,5.127880825432013
9680,5.127880825432013
9681,5.127880825432013
9682,5.127880825432013
9683,5.127880825432013
9684,5.127880825432013
9685,5.127880825432013
9686,5.127880825432013
9687,5.127880825432013
9688,5.127880825432013
9689,5.127880825432013
9690,5.127880825432013
9691,5.127880825432013
9692,5.127880825432013
9693,5.127880825432013
9694,5.127880825432013
9695,5.127880825432013
9696,5.127880825432013
9697,5.127880825432013
9698,5.127880825432013
9699,5.127880825432013
9700,5.127880825432013
9701,5.127880825432013
9702,5.127880825432013
9703,5.127880825432013
9704,5.127880825432013
9705,5.127880825432013
9706,5.127880825432013
9707,5.127880825432013
9708,5.127880825432013
9709,5.127880825432013
9710,5.127880825432013
9711,5.127880825432013
9712,5.127880825432013
9713,5.127880825432013
9714,5.127880825432013
9715,5.127880825432013
9716,5.127880825432013
9717,5.127880825432013
9718,5.127880825432013
9719,5.127880825432013
9720,5.127880825432013
9721,5.127880825432013
9722,5.127880825432013
9723,5.127880825432013
9724,5.127880825432013
9725,5.127880825432013
9726,5.127880825432013
9727,5.127880825432013
9728,5.127880825432013
9729,5.127880825432013
9730,5.127880825432013
9731,5.127880825432013
9732,5.127880825432013
9733,5.127880825432013
9734,5.127880825432013
9735,5.127880825432013
9736,5.127880825432013
9737,5.127880825432013
9738,5.127880825432013
9739,5.127880825432013
9740,5.127880825432013
9741,5.127880825432013
9742,5.127880825432013
9743,5.127880825432013
9744,5.127880825432013
9745,5.127880825432013
9746,5.127880825432013
9747,5.127880825432013
9748,5.127880825432013
9749,5.127880825432013
9750,5.127880825432013
9751,5.127880825432013
9752,5.127880825432013
9753,5.127880825432013
9754,5.127880825432013
9755,5.127880825432013
9756,5.127880825432013
9757,5.127880825432013
9758,5.127880825432013
9759,5.127880825432013
9760,5.127880825432013
9761,5.127880825432013
9762,5.127880825432013
9763,5.127880825432013
9764,5.127880825432013
9765,5.127880825432013
9766,5.127880825432013
9767,5.127880825432013
9768,5.127880825432013
9769,5.127880825432013
9770,5.127880825432013
9771,5.127880825432013
9772,5.127880825432013
9773,5.127880825432013
9774,5.127880825432013
9775,5.127880825432013
9776,5.127880825432013
9777,5.127880825432013
9778,5.127880825432013
9779,5.127880825432013
9780,5.127880825432013
9781,5.127880825432013
9782,5.127880825432013
9783,5.127880825432013
9784,5.127880825432013
9785,5.127880825432013
9786,5.127880825432013
9787,5.127880825432013
9788,5.127880825432013
9789,5.127880825432013
9790,5.127880825432013
9791,5.127880825432013
9792,5.127880825432013
9793,5.127880825432013
9794,5.127880825432013
9795,5.127880825432013
9796,5.127880825432013
9797,5.127880825432013
9798,5.127880825432013
9799,5.127880825432013
9800,5.127880825432013
9801,5.127880825432013
9802,5.127880825432013
9803,5.127880825432013
9804,5.127880825432013
9805,5.127880825432013
9806,5.127880825432013
9807,5.127880825432013
9808,5.127880825432013
9809,5.127880825432013
9810,5.127880825432013
9811,5.127880825432013
9812,5.127880825432013
9813,5.127880825432013
9814,5.127880825432013
9815,5.127880825432013
9816,5.127880825432013
9817,5.127880825432013
9818,5.127880825432013
9819,5.127880825432013
9820,5.127880825432013
9821,5.127880825432013
9822,5.127880825432013
9823,5.127880825432013
9824,5.127880825432013
9825,5.127880825432013
9826,5.127880825432013
9827,5.127880825432013
9828,5.127880825432013
9829,5.127880825432013
9830,5.127880825432013
9831,5.127880825432013
9832,5.127880825432013
9833,5.127880825432013
9834,5.127880825432013
9835,5.127880825432013
9836,5.127880825432013
9837,5.127880825432013
9838,5.127880825432013
9839,5.127880825432013
9840,5.127880825432013
9841,5.127880825432013
9842,5.127880825432013
9843,5.127880825432013
9844,5.127880825432013
9845,5.127880825432013
9846,5.127880825432013
9847,5.127880825432013
9848,5.127880825432013
9849,5.127880825432013
9850,5.127880825432013
9851,5.127880825432013
9852,5.127880825432013
9853,5.127880825432013
9854,5.127880825432013
9855,5.127880825432013
9856,5.127880825432013
9857,5.127880825432013
9858,5.127880825432013
9859,5.127880825432013
9860,5.127880825432013
9861,5.127880825432013
9862,5.127880825432013
9863,5.127880825432013
9864,5.127880825432013
9865,5.127880825432013
9866,5.127880825432013
9867,5.127880825432013
9868,5.127880825432013
9869,5.127880825432013
9870,5.127880825432013
9871,5.127880825432013
9872,5.127880825432013
9873,5.127880825432013
9874,5.127880825432013
9875,5.127880825432013
9876,5.127880825432013
9877,5.127880825432013
9878,5.127880825432013
9879,5.127880825432013
9880,5.127880825432013
9881,5.127880825432013
9882,5.127880825432013
9883,5.127880825432013
9884,5.127880825432013
9885,5.127880825432013
9886,5.127880825432013
9887,5.127880825432013
9888,5.127880825432013
9889,5.127880825432013
9890,5.127880825432013
9891,5.127880825432013
9892,5.127880825432013
9893,5.127880825432013
9894,5.127880825432013
9895,5.127880825432013
9896,5.127880825432013
9897,5.127880825432013
9898,5.127880825432013
9899,5.127880825432013
9900,5.127880825432013
9901,5.127880825432013
9902,5.127880825432013
9903,5.127880825432013
9904,5.127880825432013
9905,5.127880825432013
9906,5.127880825432013
9907,5.127880825432013
9908,5.127880825432013
9909,5.127880825432013
9910,5.127880825432013
9911,5.127880825432013
9912,5.127880825432013
9913,5.127880825432013
9914,5.127880825432013
9915,5.127880825432013
9916,5.127880825432013
9917,5.127880825432013
9918,5.127880825432013
9919,5.127880825432013
9920,5.127880825432013
9921,5.127880825432013
9922,5.127880825432013
9923,5.127880825432013
9924,5.127880825432013
9925,5.127880825432013
9926,5.127880825432013
9927,5.127880825432013
9928,5.127880825432013
9929,5.127880825432013
9930,5.127880825432013
9931,5.127880825432013
9932,5.127880825432013
9933,5.127880825432013
9934,5.127880825432013
9935,5.127880825432013
9936,5.127880825432013
9937,5.127880825432013
9938,5.127880825432013
9939,5.127880825432013
9940,5.127880825432013
9941,5.127880825432013
9942,5.127880825432013
9943,5.127880825432013
9944,5.127880825432013
9945,5.127880825432013
9946,5.127880825432013
9947,5.127880825432013
9948,5.127880825432013
9949,5.127880825432013
9950,5.127880825432013
9951,5.127880825432013
9952,5.127880825432013
9953,5.127880825432013
9954,5.127880825432013
9955,5.127880825432013
9956,5.127880825432013
9957,5.127880825432013
9958,5.127880825432013
9959,5.127880825432013
9960,5.127880825432013
9961,5.127880825432013
9962,5.127880825432013
9963,5.127880825432013
9964,5.127880825432013
9965,5.127880825432013
9966,5.127880825432013
9967,5.127880825432013
9968,5.127880825432013
9969,5.127880825432013
9970,5.127880825432013
9971,5.127880825432013
9972,5.127880825432013
9973,5.127880825432013
9974,5.127880825432013
9975,5.127880825432013
9976,5.127880825432013
9977,5.127880825432013
9978,5.127880825432013
9979,5.127880825432013
9980,5.127880825432013
9981,5.127880825432013
9982,5.127880825432013
9983,5.127880825432013
9984,5.127880825432013
9985,12.196308140190405
9986,12.196308140190405
9987,12.196308140190405
9988,12.196308140190405
9989,12.196308140190405
9990,12.196308140190405
9991,12.196308140190405
9992,12.196308140190405
9993,12.196308140190405
9994,12.196308140190405
9995,12.196308140190405
9996,12.196308140190405
9997,12.196308140190405
9998,12.196308140190405
9999,12.196308140190405
10000,12.196308140190405
10001,12.196308140190405
10002,12.196308140190405
10003,12.196308140190405
10004,12.196308140190405
10005,12.196308140190405
10006,12.196308140190405
10007,12.196308140190405
10008,12.196308140190405
10009,12.196308140190405
10010,12.196308140190405
10011,12.196308140190405
10012,12.196308140190405
10013,12.196308140190405
10014,12.196308140190405
10015,12.196308140190405
10016,12.196308140190405
10017,12.196308140190405
10018,12.196308140190405
10019,12.196308140190405
10020,12.196308140190405
10021,12.196308140190405
10022,12.196308140190405
10023,12.196308140190405
10024,12.196308140190405
10025,12.196308140190405
10026,12.196308140190405
10027,12.196308140190405
10028,12.196308140190405
10029,12.196308140190405
10030,12.196308140190405
10031,12.196308140190405
10032,12.196308140190405
10033,12.196308140190405
10034,12.196308140190405
10035,12.196308140190405
10036,12.196308140190405
10037,12.196308140190405
10038,12.196308140190405
10039,12.196308140190405
10040,12.196308140190405
10041,12.196308140190405
10042,12.196308140190405
10043,12.196308140190405
10044,12.196308140190405
10045,12.196308140190405
10046,12.196308140190405
10047,12.196308140190405
10048,12.196308140190405
10049,12.196308140190405
10050,12.196308140190405
10051,12.196308140190405
10052,12.196308140190405
10053,12.196308140190405
10054,12.196308140190405
10055,12.196308140190405
10056,12.196308140190405
10057,12.196308140190405
10058,12.196308140190405
10059,12.196308140190405
10060,12.196308140190405
10061,12.196308140190405
10062,12.196308140190405
10063,12.196308140190405
10064,12.196308140190405
10065,12.196308140190405
10066,12.196308140190405
10067,12.196308140190405
10068,12.196308140190405
10069,12.196308140190405
10070,12.196308140190405
10071,12.196308140190405
10072,12.196308140190405
10073,12.196308140190405
10074,12.196308140190405
10075,12.196308140190405
10076,12.196308140190405
10077,12.196308140190405
10078,12.196308140190405
10079,12.196308140190405
10080,12.196308140190405
10081,12.196308140190405
10082,12.196308140190405
10083,12.196308140190405
10084,12.196308140190405
10085,12.196308140190405
10086,12.196308140190405
10087,12.196308140190405
10088,12.196308140190405
10089,12.196308140190405
10090,12.196308140190405
10091,12.196308140190405
10092,12.196308140190405
10093,12.196308140190405
10094,12.196308140190405
10095,12.196308140190405
10096,12.196308140190405
10097,12.196308140190405
10098,12.196308140190405
10099,12.196308140190405
10100,12.196308140190405
10101,12.196308140190405
10102,12.196308140190405
10103,12.196308140190405
10104,12.196308140190405
10105,12.196308140190405
10106,12.196308140190405
10107,12.196308140190405
10108,12.196308140190405
10109,12.196308140190405
10110,12.196308140190405
10111,12.196308140190405
10112,12.196308140190405
10113,12.196308140190405
10114,12.196308140190405
10115,12.196308140190405
10116,12.196308140190405
10117,12.196308140190405
10118,12.196308140190405
10119,12.196308140190405
10120,12.196308140190405
10121,12.196308140190405
10122,12.196308140190405
10123,12.196308140190405
10124,12.196308140190405
10125,12.196308140190405
10126,12.196308140190405
10127,12.196308140190405
10128,12.196308140190405
10129,12.196308140190405
10130,12.196308140190405
10131,12.196308140190405
10132,12.196308140190405
10133,12.196308140190405
10134,12.196308140190405
10135,12.196308140190405
10136,12.196308140190405
10137,12.196308140190405
10138,12.196308140190405
10139,12.196308140190405
10140,12.196308140190405
10141,12.196308140190405
10142,12.196308140190405
10143,12.196308140190405
10144,12.196308140190405
10145,12.196308140190405
10146,12.196308140190405
10147,12.196308140190405
10148,12.196308140190405
10149,12.196308140190405
10150,12.196308140190405
10151,12.196308140190405
10152,12.196308140190405
10153,12.196308140190405
10154,12.196308140190405
10155,12.196308140190405
10156,12.196308140190405
10157,12.196308140190405
10158,12.196308140190405
10159,12.196308140190405
10160,12.196308140190405
10161,12.196308140190405
10162,12.196308140190405
10163,12.196308140190405
10164,12.196308140190405
10165,12.196308140190405
10166,12.196308140190405
10167,12.196308140190405
10168,12.196308140190405
10169,12.196308140190405
10170,12.196308140190405
10171,12.196308140190405
10172,12.196308140190405
10173,12.196308140190405
10174,12.196308140190405
10175,12.196308140190405
10176,12.196308140190405
10177,12.196308140190405
10178,12.196308140190405
10179,12.196308140190405
10180,12.196308140190405
10181,12.196308140190405
10182,12.196308140190405
10183,12.196308140190405
10184,12.196308140190405
10185,12.196308140190405
10186,12.196308140190405
10187,12.196308140190405
10188,12.196308140190405
10189,12.196308140190405
10190,12.196308140190405
10191,12.196308140190405
10192,12.196308140190405
10193,12.196308140190405
10194,12.196308140190405
10195,12.196308140190405
10196,12.196308140190405
10197,12.196308140190405
10198,12.196308140190405
10199,12.196308140190405
10200,12.196308140190405
10201,12.196308140190405
10202,12.196308140190405
10203,12.196308140190405
10204,12.196308140190405
10205,12.196308140190405
10206,12.196308140190405
10207,12.196308140190405
10208,12.196308140190405
10209,12.196308140190405
10210,12.196308140190405
10211,12.196308140190405
10212,12.196308140190405
10213,12.196308140190405
10214,12.196308140190405
10215,12.196308140190405
10216,12.196308140190405
10217,12.196308140190405
10218,12.196308140190405
10219,12.196308140190405
10220,12.196308140190405
10221,12.196308140190405
10222,12.196308140190405
10223,12.196308140190405
10224,12.196308140190405
10225,12.196308140190405
10226,12.196308140190405
10227,12.196308140190405
10228,12.196308140190405
10229,12.196308140190405
10230,12.196308140190405
10231,12.196308140190405
10232,12.196308140190405
10233,12.196308140190405
10234,12.196308140190405
10235,12.196308140190405
10236,12.196308140190405
10237,12.196308140190405
10238,12.196308140190405
10239,12.196308140190405
10240,12.196308140190405
10241,12.196308140190405
10242,12.196308140190405
10243,12.196308140190405
10244,12.196308140190405
10245,12.196308140190405
10246,12.196308140190405
10247,12.196308140190405
10248,12.196308140190405
10249,12.196308140190405
10250,12.196308140190405
10251,12.196308140190405
10252,12.196308140190405
10253,12.196308140190405
10254,12.196308140190405
10255,12.196308140190405
10256,12.196308140190405
10257,12.196308140190405
10258,12.196308140190405
10259,12.196308140190405
10260,12.196308140190405
10261,12.196308140190405
10262,12.196308140190405
10263,12.196308140190405
10264,12.196308140190405
10265,12.196308140190405
10266,12.196308140190405
10267,12.196308140190405
10268,12.196308140190405
10269,12.196308140190405
10270,12.196308140190405
10271,12.196308140190405
10272,12.196308140190405
10273,12.196308140190405
10274,12.196308140190405
10275,12.196308140190405
10276,12.196308140190405
10277,12.196308140190405
10278,12.196308140190405
10279,12.196308140190405
10280,12.196308140190405
10281,12.196308140190405
10282,12.196308140190405
10283,12.196308140190405
10284,12.196308140190405
10285,12.196308140190405
10286,12.196308140190405
10287,12.196308140190405
10288,12.196308140190405
10289,12.196308140190405
10290,12.196308140190405
10291,12.196308140190405
10292,12.196308140190405
10293,12.196308140190405
10294,12.196308140190405
10295,12.196308140190405
10296,12.196308140190405
10297,12.196308140190405
10298,12.196308140190405
10299,12.196308140190405
10300,12.196308140190405
10301,12.196308140190405
10302,12.196308140190405
10303,12.196308140190405
10304,12.196308140190405
10305,12.196308140190405
10306,12.196308140190405
10307,12.196308140190405
10308,12.196308140190405
10309,12.196308140190405
10310,12.196308140190405
10311,12.196308140190405
10312,12.196308140190405
10313,12.196308140190405
10314,12.196308140190405
10315,12.196308140190405
10316,12.196308140190405
10317,12.196308140190405
10318,12.196308140190405
10319,12.196308140190405
10320,12.196308140190405
10321,12.196308140190405
10322,12.196308140190405
10323,12.196308140190405
10324,12.196308140190405
10325,12.196308140190405
10326,12.196308140190405
10327,12.196308140190405
10328,12.196308140190405
10329,12.196308140190405
10330,12.196308140190405
10331,12.196308140190405
10332,12.196308140190405
10333,12.196308140190405
10334,12.196308140190405
10335,12.196308140190405
10336,12.196308140190405
10337,12.196308140190405
10338,12.196308140190405
10339,12.196308140190405
10340,12.196308140190405
10341,12.196308140190405
10342,12.196308140190405
10343,12.196308140190405
10344,12.196308140190405
10345,12.196308140190405
10346,12.196308140190405
10347,12.196308140190405
10348,12.196308140190405
10349,12.196308140190405
10350,12.196308140190405
10351,12.196308140190405
10352,12.196308140190405
10353,12.196308140190405
10354,12.196308140190405
10355,12.196308140190405
10356,12.196308140190405
10357,12.196308140190405
10358,12.196308140190405
10359,12.196308140190405
10360,12.196308140190405
10361,12.196308140190405
10362,12.196308140190405
10363,12.196308140190405
10364,12.196308140190405
10365,12.196308140190405
10366,12.196308140190405
10367,12.196308140190405
10368,12.196308140190405
10369,12.196308140190405
10370,12.196308140190405
10371,12.196308140190405
10372,12.196308140190405
10373,12.196308140190405
10374,12.196308140190405
10375,12.196308140190405
10376,12.196308140190405
10377,12.196308140190405
10378,12.196308140190405
10379,12.196308140190405
10380,12.196308140190405
10381,12.196308140190405
10382,12.196308140190405
10383,12.196308140190405
10384,12.196308140190405
10385,12.196308140190405
10386,12.196308140190405
10387,12.196308140190405
10388,12.196308140190405
10389,12.196308140190405
10390,12.196308140190405
10391,12.196308140190405
10392,12.196308140190405
10393,12.196308140190405
10394,12.196308140190405
10395,12.196308140190405
10396,12.196308140190405
10397,12.196308140190405
10398,12.196308140190405
10399,12.196308140190405
10400,12.196308140190405
10401,12.196308140190405
10402,12.196308140190405
10403,12.196308140190405
10404,12.196308140190405
10405,12.196308140190405
10406,12.196308140190405
10407,12.196308140190405
10408,12.196308140190405
10409,12.196308140190405
10410,12.196308140190405
10411,12.196308140190405
10412,12.196308140190405
10413,12.196308140190405
10414,12.196308140190405
10415,12.196308140190405
10416,12.196308140190405
10417,12.196308140190405
10418,12.196308140190405
10419,12.196308140190405
10420,12.196308140190405
10421,12.196308140190405
10422,12.196308140190405
10423,12.196308140190405
10424,12.196308140190405
10425,12.196308140190405
10426,12.196308140190405
10427,12.196308140190405
10428,12.196308140190405
10429,12.196308140190405
10430,12.196308140190405
10431,12.196308140190405
10432,12.196308140190405
10433,12.196308140190405
10434,12.196308140190405
10435,12.196308140190405
10436,12.196308140190405
10437,12.196308140190405
10438,12.196308140190405
10439,12.196308140190405
10440,12.196308140190405
10441,12.196308140190405
10442,12.196308140190405
10443,12.196308140190405
10444,12.196308140190405
10445,12.196308140190405
10446,12.196308140190405
10447,12.196308140190405
10448,12.196308140190405
10449,12.196308140190405
10450,12.196308140190405
10451,12.196308140190405
10452,12.196308140190405
10453,12.196308140190405
10454,12.196308140190405
10455,12.196308140190405
10456,12.196308140190405
10457,12.196308140190405
10458,12.196308140190405
10459,12.196308140190405
10460,12.196308140190405
10461,12.196308140190405
10462,12.196308140190405
10463,12.196308140190405
10464,12.196308140190405
10465,12.196308140190405
10466,12.196308140190405
10467,12.196308140190405
10468,12.196308140190405
10469,12.196308140190405
10470,12.196308140190405
10471,12.196308140190405
10472,12.196308140190405
10473,12.196308140190405
10474,12.196308140190405
10475,12.196308140190405
10476,12.196308140190405
10477,12.196308140190405
10478,12.196308140190405
10479,12.196308140190405
10480,12.196308140190405
10481,12.196308140190405
10482,12.196308140190405
10483,12.196308140190405
10484,12.196308140190405
10485,12.196308140190405
10486,12.196308140190405
10487,12.196308140190405
10488,12.196308140190405
10489,12.196308140190405
10490,20.103362424496403
10491,20.103362424496403
10492,20.103362424496403
10493,20.103362424496403
10494,20.103362424496403
10495,20.103362424496403
10496,20.103362424496403
10497,20.103362424496403
10498,20.103362424496403
10499,20.103362424496403
10500,20.103362424496403
10501,20.103362424496403
10502,20.103362424496403
10503,20.103362424496403
10504,20.103362424496403
10505,20.103362424496403
10506,20.103362424496403
10507,20.103362424496403
10508,20.103362424496403
10509,20.103362424496403
10510,20.103362424496403
10511,20.103362424496403
10512,20.103362424496403
10513,20.103362424496403
10514,20.103362424496403
10515,20.103362424496403
10516,20.103362424496403
10517,20.103362424496403
10518,20.103362424496403
10519,20.103362424496403
10520,20.103362424496403
10521,20.103362424496403
10522,20.103362424496403
10523,20.103362424496403
10524,20.103362424496403
10525,20.103362424496403
10526,20.103362424496403
10527,20.103362424496403
10528,20.103362424496403
10529,20.103362424496403
10530,20.103362424496403
10531,20.103362424496403
10532,20.103362424496403
10533,20.103362424496403
10534,20.103362424496403
10535,20.103362424496403
10536,20.103362424496403
10537,20.103362424496403
10538,20.103362424496403
10539,20.103362424496403
10540,20.103362424496403
10541,20.103362424496403
10542,20.103362424496403
10543,20.103362424496403
10544,20.103362424496403
10545,20.103362424496403
10546,20.103362424496403
10547,20.103362424496403
10548,20.103362424496403
10549,20.103362424496403
10550,20.103362424496403
10551,20.103362424496403
10552,20.103362424496403
10553,20.103362424496403
10554,20.103362424496403
10555,20.103362424496403
10556,20.103362424496403
10557,20.103362424496403
10558,20.103362424496403
10559,20.103362424496403
10560,20.103362424496403
10561,20.103362424496403
10562,20.103362424496403
10563,20.103362424496403
10564,20.103362424496403
10565,20.103362424496403
10566,20.103362424496403
10567,20.103362424496403
10568,20.103362424496403
10569,20.103362424496403
10570,20.103362424496403
10571,20.103362424496403
10572,20.103362424496403
10573,20.103362424496403
10574,20.103362424496403
10575,20.103362424496403
10576,20.103362424496403
10577,20.103362424496403
10578,20.103362424496403
10579,20.103362424496403
10580,20.103362424496403
10581,20.103362424496403
10582,20.103362424496403
10583,20.103362424496403
10584,20.103362424496403
10585,20.103362424496403
10586,20.103362424496403
10587,20.103362424496403
10588,20.103362424496403
10589,20.103362424496403
10590,20.103362424496403
10591,20.103362424496403
10592,20.103362424496403
10593,20.103362424496403
10594,20.103362424496403
10595,20.103362424496403
10596,20.103362424496403
10597,20.103362424496403
10598,20.103362424496403
10599,20.103362424496403
10600,20.103362424496403
10601,20.103362424496403
10602,20.103362424496403
10603,20.103362424496403
10604,20.103362424496403
10605,20.103362424496403
10606,20.103362424496403
10607,20.103362424496403
10608,20.103362424496403
10609,20.103362424496403
10610,20.103362424496403
10611,20.103362424496403
10612,20.103362424496403
10613,20.103362424496403
10614,20.103362424496403
10615,20.103362424496403
10616,20.103362424496403
10617,20.103362424496403
10618,20.103362424496403
10619,20.103362424496403
10620,20.103362424496403
10621,20.103362424496403
10622,20.103362424496403
10623,20.103362424496403
10624,20.103362424496403
10625,20.103362424496403
10626,20.103362424496403
10627,20.103362424496403
10628,20.103362424496403
10629,20.103362424496403
10630,20.103362424496403
10631,20.103362424496403
10632,20.103362424496403
10633,20.103362424496403
10634,20.103362424496403
10635,20.103362424496403
10636,20.103362424496403
10637,20.103362424496403
10638,20.103362424496403
10639,20.103362424496403
10640,20.103362424496403
10641,20.103362424496403
10642,20.103362424496403
10643,20.103362424496403
10644,20.103362424496403
10645,20.103362424496403
10646,20.103362424496403
10647,20.103362424496403
10648,20.103362424496403
10649,20.103362424496403
10650,20.103362424496403
10651,20.103362424496403
10652,20.103362424496403
10653,20.103362424496403
10654,20.103362424496403
10655,20.103362424496403
10656,20.103362424496403
10657,20.103362424496403
10658,20.103362424496403
10659,20.103362424496403
10660,20.103362424496403
10661,20.103362424496403
10662,20.103362424496403
10663,20.103362424496403
10664,20.103362424496403
10665,20.103362424496403
10666,20.103362424496403
10667,20.103362424496403
10668,20.103362424496403
10669,20.103362424496403
10670,20.103362424496403
10671,20.103362424496403
10672,20.103362424496403
10673,20.103362424496403
10674,20.103362424496403
10675,20.103362424496403
10676,20.103362424496403
10677,20.103362424496403
10678,20.103362424496403
10679,20.103362424496403
10680,20.103362424496403
10681,20.103362424496403
10682,20.103362424496403
10683,20.103362424496403
10684,20.103362424496403
10685,20.103362424496403
10686,20.103362424496403
10687,20.103362424496403
10688,20.103362424496403
10689,20.103362424496403
10690,20.103362424496403
10691,20.103362424496403
10692,20.103362424496403
10693,20.103362424496403
10694,20.103362424496403
10695,20.103362424496403
10696,20.103362424496403
10697,20.103362424496403
10698,20.103362424496403
10699,20.103362424496403
10700,20.103362424496403
10701,20.103362424496403
10702,20.103362424496403
10703,20.103362424496403
10704,20.103362424496403
10705,20.103362424496403
10706,20.103362424496403
10707,20.103362424496403
10708,20.103362424496403
10709,20.103362424496403
10710,20.103362424496403
10711,20.103362424496403
10712,20.103362424496403
10713,20.103362424496403
10714,20.103362424496403
10715,20.103362424496403
10716,20.103362424496403
10717,20.103362424496403
10718,20.103362424496403
10719,20.103362424496403
10720,20.103362424496403
10721,20.103362424496403
10722,20.103362424496403
10723,20.103362424496403
10724,20.103362424496403
10725,20.103362424496403
10726,20.103362424496403
10727,20.103362424496403
10728,20.103362424496403
10729,20.103362424496403
10730,20.103362424496403
10731,20.103362424496403
10732,20.103362424496403
10733,20.103362424496403
10734,20.103362424496403
10735,20.103362424496403
10736,20.103362424496403
10737,20.103362424496403
10738,20.103362424496403
10739,20.103362424496403
10740,20.103362424496403
10741,20.103362424496403
10742,20.103362424496403
10743,20.103362424496403
10744,20.103362424496403
10745,20.103362424496403
10746,20.103362424496403
10747,20.103362424496403
10748,20.103362424496403
10749,20.103362424496403
10750,20.103362424496403
10751,20.103362424496403
10752,20.103362424496403
10753,20.103362424496403
10754,20.103362424496403
10755,20.103362424496403
10756,20.103362424496403
10757,20.103362424496403
10758,20.103362424496403
10759,20.103362424496403
10760,20.103362424496403
10761,20.103362424496403
10762,20.103362424496403
10763,20.103362424496403
10764,20.103362424496403
10765,20.103362424496403
10766,20.103362424496403
10767,20.103362424496403
10768,20.103362424496403
10769,20.103362424496403
10770,20.103362424496403
10771,20.103362424496403
10772,20.103362424496403
10773,20.103362424496403
10774,20.103362424496403
10775,20.103362424496403
10776,20.103362424496403
10777,20.103362424496403
10778,20.103362424496403
10779,20.103362424496403
10780,20.103362424496403
10781,20.103362424496403
10782,20.103362424496403
10783,20.103362424496403
10784,20.103362424496403
10785,20.103362424496403
10786,20.103362424496403
10787,20.103362424496403
10788,20.103362424496403
10789,20.103362424496403
10790,20.103362424496403
10791,20.103362424496403
10792,20.103362424496403
10793,20.103362424496403
10794,20.103362424496403
10795,20.103362424496403
10796,20.103362424496403
10797,20.103362424496403
10798,20.103362424496403
10799,20.103362424496403
10800,20.103362424496403
10801,20.103362424496403
10802,20.103362424496403
10803,20.103362424496403
10804,20.103362424496403
10805,20.103362424496403
10806,20.103362424496403
10807,20.103362424496403
10808,20.103362424496403
10809,20.103362424496403
10810,20.103362424496403
10811,20.103362424496403
10812,20.103362424496403
10813,20.103362424496403
10814,20.103362424496403
10815,20.103362424496403
10816,20.103362424496403
10817,20.103362424496403
10818,20.103362424496403
10819,20.103362424496403
10820,20.103362424496403
10821,20.103362424496403
10822,20.103362424496403
10823,20.103362424496403
10824,20.103362424496403
10825,20.103362424496403
10826,20.103362424496403
10827,20.103362424496403
10828,20.103362424496403
10829,20.103362424496403
10830,20.103362424496403
10831,20.103362424496403
10832,20.103362424496403
10833,20.103362424496403
10834,20.103362424496403
10835,20.103362424496403
10836,20.103362424496403
10837,20.103362424496403
10838,20.103362424496403
10839,20.103362424496403
10840,20.103362424496403
10841,20.103362424496403
10842,20.103362424496403
10843,20.103362424496403
10844,20.103362424496403
10845,20.103362424496403
10846,20.103362424496403
10847,20.103362424496403
10848,20.103362424496403
10849,20.103362424496403
10850,20.103362424496403
10851,20.103362424496403
10852,20.103362424496403
10853,20.103362424496403
10854,20.103362424496403
10855,20.103362424496403
10856,20.103362424496403
10857,20.103362424496403
10858,20.103362424496403
10859,20.103362424496403
10860,20.103362424496403
10861,20.103362424496403
10862,20.103362424496403
10863,20.103362424496403
10864,20.103362424496403
10865,20.103362424496403
10866,20.103362424496403
10867,20.103362424496403
10868,20.103362424496403
10869,20.103362424496403
10870,20.103362424496403
10871,20.103362424496403
10872,20.103362424496403
10873,20.103362424496403
10874,20.103362424496403
10875,20.103362424496403
10876,20.103362424496403
10877,20.103362424496403
10878,20.103362424496403
10879,20.103362424496403
10880,20.103362424496403
10881,20.103362424496403
10882,20.103362424496403
10883,20.103362424496403
10884,20.103362424496403
10885,20.103362424496403
10886,20.103362424496403
10887,20.103362424496403
10888,20.103362424496403
10889,20.103362424496403
10890,20.103362424496403
10891,20.103362424496403
10892,20.103362424496403
10893,20.103362424496403
10894,20.103362424496403
10895,20.103362424496403
10896,20.103362424496403
10897,20.103362424496403
10898,20.103362424496403
10899,20.103362424496403
10900,20.103362424496403
10901,20.103362424496403
10902,20.103362424496403
10903,20.103362424496403
10904,20.103362424496403
10905,20.103362424496403
10906,20.103362424496403
10907,20.103362424496403
10908,20.103362424496403
10909,20.103362424496403
10910,20.103362424496403
10911,20.103362424496403
10912,20.103362424496403
10913,20.103362424496403
10914,20.103362424496403
10915,20.103362424496403
10916,20.103362424496403
10917,20.103362424496403
10918,20.103362424496403
10919,20.103362424496403
10920,20.103362424496403
10921,20.103362424496403
10922,20.103362424496403
10923,20.103362424496403
10924,20.103362424496403
10925,20.103362424496403
10926,20.103362424496403
10927,20.103362424496403
10928,20.103362424496403
10929,20.103362424496403
10930,20.103362424496403
10931,20.103362424496403
10932,20.103362424496403
10933,20.103362424496403
10934,20.103362424496403
10935,20.103362424496403
10936,20.103362424496403
10937,20.103362424496403
10938,20.103362424496403
10939,20.103362424496403
10940,20.103362424496403
10941,20.103362424496403
10942,20.103362424496403
10943,20.103362424496403
10944,20.103362424496403
10945,20.103362424496403
10946,20.103362424496403
10947,20.103362424496403
10948,20.103362424496403
10949,20.103362424496403
10950,20.103362424496403
10951,20.103362424496403
10952,20.103362424496403
10953,20.103362424496403
10954,20.103362424496403
10955,20.103362424496403
10956,20.103362424496403
10957,20.103362424496403
10958,20.103362424496403
10959,20.103362424496403
10960,20.103362424496403
10961,20.103362424496403
10962,20.103362424496403
10963,20.103362424496403
10964,20.103362424496403
10965,20.103362424496403
10966,20.103362424496403
10967,20.103362424496403
10968,20.103362424496403
10969,20.103362424496403
10970,20.103362424496403
10971,20.103362424496403
10972,20.103362424496403
10973,20.103362424496403
10974,20.103362424496403
10975,20.103362424496403
10976,20.103362424496403
10977,20.103362424496403
10978,20.103362424496403
10979,20.103362424496403
10980,20.103362424496403
10981,20.103362424496403
10982,20.103362424496403
10983,20.103362424496403
10984,20.103362424496403
10985,20.103362424496403
10986,20.103362424496403
10987,20.103362424496403
10988,20.103362424496403
10989,20.103362424496403
10990,20.103362424496403
10991,20.103362424496403
10992,20.103362424496403
10993,20.103362424496403
10994,20.103362424496403
10995,20.103362424496403
10996,20.103362424496403
10997,20.103362424496403
10998,20.103362424496403
10999,20.103362424496403
11000,20.103362424496403
11001,20.103362424496403
11002,20.103362424496403
11003,20.103362424496403
11004,20.103362424496403
11005,20.103362424496403
11006,20.103362424496403
11007,20.103362424496403
11008,20.103362424496403
11009,20.103362424496403
11010,20.103362424496403
11011,20.103362424496403
11012,20.103362424496403
11013,20.103362424496403
11014,20.103362424496403
11015,20.103362424496403
11016,20.103362424496403
11017,20.103362424496403
11018,20.103362424496403
11019,20.103362424496403
11020,20.103362424496403
11021,20.103362424496403
11022,20.103362424496403
11023,20.103362424496403
11024,20.103362424496403
11025,20.103362424496403
11026,20.103362424496403
11027,20.103362424496403
11028,20.103362424496403
11029,20.103362424496403
11030,20.103362424496403
11031,20.103362424496403
11032,20.103362424496403
11033,20.103362424496403
11034,20.103362424496403
11035,20.103362424496403
11036,20.103362424496403
11037,20.103362424496403
11038,20.103362424496403
11039,20.103362424496403
11040,20.103362424496403
11041,20.103362424496403
11042,20.103362424496403
11043,20.103362424496403
11044,20.103362424496403
11045,20.103362424496403
11046,20.103362424496403
11047,20.103362424496403
11048,20.103362424496403
11049,20.103362424496403
11050,20.103362424496403
11051,20.103362424496403
11052,20.103362424496403
11053,20.103362424496403
11054,20.103362424496403
11055,20.103362424496403
11056,20.103362424496403
11057,20.103362424496403
11058,20.103362424496403
11059,20.103362424496403
11060,20.103362424496403
11061,20.103362424496403
11062,20.103362424496403
11063,20.103362424496403
11064,20.103362424496403
11065,20.103362424496403
11066,20.103362424496403
11067,20.103362424496403
11068,20.103362424496403
11069,20.103362424496403
11070,20.103362424496403
11071,20.103362424496403
11072,20.103362424496403
11073,20.103362424496403
11074,20.103362424496403
11075,20.103362424496403
11076,20.103362424496403
11077,20.103362424496403
11078,20.103362424496403
11079,20.103362424496403
11080,20.103362424496403
11081,20.103362424496403
11082,20.103362424496403
11083,20.103362424496403
11084,20.103362424496403
11085,20.103362424496403
11086,20.103362424496403
11087,20.103362424496403
11088,20.103362424496403
11089,20.103362424496403
11090,20.103362424496403
11091,20.103362424496403
11092,20.103362424496403
11093,20.103362424496403
11094,20.103362424496403
11095,20.103362424496403
11096,20.103362424496403
11097,20.103362424496403
11098,20.103362424496403
11099,20.103362424496403
11100,20.103362424496403
11101,20.103362424496403
11102,20.103362424496403
11103,20.103362424496403
11104,20.103362424496403
11105,20.103362424496403
11106,20.103362424496403
11107,20.103362424496403
11108,20.103362424496403
11109,20.103362424496403
11110,20.103362424496403
11111,20.103362424496403
11112,20.103362424496403
11113,20.103362424496403
11114,20.103362424496403
11115,20.103362424496403
11116,20.103362424496403
11117,20.103362424496403
11118,20.103362424496403
11119,20.103362424496403
11120,20.103362424496403
11121,20.103362424496403
11122,20.103362424496403
11123,20.103362424496403
11124,20.103362424496403
11125,20.103362424496403
11126,20.103362424496403
11127,20.103362424496403
11128,20.103362424496403
11129,20.103362424496403
11130,20.103362424496403
11131,20.103362424496403
11132,20.103362424496403
11133,20.103362424496403
11134,20.103362424496403
11135,20.103362424496403
11136,20.103362424496403
11137,20.103362424496403
11138,20.103362424496403
11139,20.103362424496403
11140,20.103362424496403
11141,20.103362424496403
11142,20.103362424496403
11143,20.103362424496403
11144,20.103362424496403
11145,20.103362424496403
11146,20.103362424496403
11147,20.103362424496403
11148,20.103362424496403
11149,20.103362424496403
11150,20.103362424496403
11151,20.103362424496403
11152,20.103362424496403
11153,20.103362424496403
11154,20.103362424496403
11155,20.103362424496403
11156,20.103362424496403
11157,20.103362424496403
11158,20.103362424496403
11159,20.103362424496403
11160,20.103362424496403
11161,20.103362424496403
11162,20.103362424496403
11163,20.103362424496403
11164,20.103362424496403
11165,20.103362424496403
11166,20.103362424496403
11167,20.103362424496403
11168,20.103362424496403
11169,20.103362424496403
11170,20.103362424496403
11171,20.103362424496403
11172,20.103362424496403
11173,20.103362424496403
11174,20.103362424496403
11175,20.103362424496403
11176,20.103362424496403
11177,20.103362424496403
11178,20.103362424496403
11179,20.103362424496403
11180,20.103362424496403
11181,20.103362424496403
11182,20.103362424496403
11183,20.103362424496403
11184,20.103362424496403
11185,20.103362424496403
11186,20.103362424496403
11187,20.103362424496403
11188,20.103362424496403
11189,20.103362424496403
11190,20.103362424496403
11191,20.103362424496403
11192,20.103362424496403
11193,20.103362424496403
11194,20.103362424496403
11195,20.103362424496403
11196,20.103362424496403
11197,20.103362424496403
11198,20.103362424496403
11199,20.103362424496403
11200,20.103362424496403
11201,20.103362424496403
11202,20.103362424496403
11203,20.103362424496403
11204,20.103362424496403
11205,20.103362424496403
11206,20.103362424496403
11207,20.103362424496403
11208,20.103362424496403
11209,20.103362424496403
11210,20.103362424496403
11211,20.103362424496403
11212,20.103362424496403
11213,20.103362424496403
11214,20.103362424496403
11215,20.103362424496403
11216,20.103362424496403
11217,20.103362424496403
11218,20.103362424496403
11219,20.103362424496403
11220,20.103362424496403
11221,20.103362424496403
11222,20.103362424496403
11223,20.103362424496403
11224,20.103362424496403
11225,20.103362424496403
11226,20.103362424496403
11227,20.103362424496403
11228,20.103362424496403
11229,20.103362424496403
11230,20.103362424496403
11231,20.103362424496403
11232,20.103362424496403
11233,20.103362424496403
11234,20.103362424496403
11235,20.103362424496403
11236,20.103362424496403
11237,20.103362424496403
11238,20.103362424496403
11239,20.103362424496403
11240,20.103362424496403
11241,20.103362424496403
11242,20.103362424496403
11243,20.103362424496403
11244,20.103362424496403
11245,20.103362424496403
11246,20.103362424496403
11247,20.103362424496403
11248,20.103362424496403
11249,20.103362424496403
11250,20.103362424496403
11251,20.103362424496403
11252,20.103362424496403
11253,20.103362424496403
11254,20.103362424496403
11255,20.103362424496403
11256,20.103362424496403
11257,20.103362424496403
11258,20.103362424496403
11259,20.103362424496403
11260,20.103362424496403
11261,20.103362424496403
11262,20.103362424496403
11263,20.103362424496403
11264,20.103362424496403
11265,20.103362424496403
11266,20.103362424496403
11267,20.103362424496403
11268,20.103362424496403
11269,20.103362424496403
11270,20.103362424496403
11271,20.103362424496403
11272,20.103362424496403
11273,20.103362424496403
11274,20.103362424496403
11275,20.103362424496403
11276,20.103362424496403
11277,20.103362424496403
11278,20.103362424496403
11279,20.103362424496403
11280,20.103362424496403
11281,20.103362424496403
11282,20.103362424496403
11283,20.103362424496403
11284,20.103362424496403
11285,20.103362424496403
11286,20.103362424496403
11287,20.103362424496403
11288,20.103362424496403
11289,20.103362424496403
11290,20.103362424496403
11291,20.103362424496403
11292,20.103362424496403
11293,20.103362424496403
11294,20.103362424496403
11295,20.103362424496403
11296,20.103362424496403
11297,20.103362424496403
11298,20.103362424496403
11299,20.103362424496403
11300,20.103362424496403
11301,20.103362424496403
11302,20.103362424496403
11303,20.103362424496403
11304,20.103362424496403
11305,20.103362424496403
11306,20.103362424496403
11307,20.103362424496403
11308,20.103362424496403
11309,20.103362424496403
11310,20.103362424496403
11311,20.103362424496403
11312,20.103362424496403
11313,20.103362424496403
11314,20.103362424496403
11315,20.103362424496403
11316,20.103362424496403
11317,20.103362424496403
11318,20.103362424496403
11319,20.103362424496403
11320,20.103362424496403
11321,20.103362424496403
11322,20.103362424496403
11323,20.103362424496403
11324,20.103362424496403
11325,20.103362424496403
11326,20.103362424496403
11327,20.103362424496403
11328,20.103362424496403
11329,20.103362424496403
11330,20.103362424496403
11331,20.103362424496403
11332,20.103362424496403
11333,20.103362424496403
11334,20.103362424496403
11335,20.103362424496403
11336,20.103362424496403
11337,20.103362424496403
11338,20.103362424496403
11339,20.103362424496403
11340,20.103362424496403
11341,20.103362424496403
11342,20.103362424496403
11343,20.103362424496403
11344,20.103362424496403
11345,20.103362424496403
11346,20.103362424496403
11347,20.103362424496403
11348,20.103362424496403
11349,20.103362424496403
11350,20.103362424496403
11351,20.103362424496403
11352,20.103362424496403
11353,20.103362424496403
11354,20.103362424496403
11355,20.103362424496403
11356,20.103362424496403
11357,20.103362424496403
11358,20.103362424496403
11359,20.103362424496403
11360,20.103362424496403
11361,20.103362424496403
11362,20.103362424496403
11363,20.103362424496403
11364,20.103362424496403
11365,20.103362424496403
11366,20.103362424496403
11367,20.103362424496403
11368,20.103362424496403
11369,20.103362424496403
11370,20.103362424496403
11371,20.103362424496403
11372,20.103362424496403
11373,20.103362424496403
11374,20.103362424496403
11375,20.103362424496403
11376,20.103362424496403
11377,20.103362424496403
11378,20.103362424496403
11379,20.103362424496403
11380,20.103362424496403
11381,20.103362424496403
11382,20.103362424496403
11383,20.103362424496403
11384,20.103362424496403
11385,20.103362424496403
11386,20.103362424496403
11387,20.103362424496403
11388,20.103362424496403
11389,20.103362424496403
11390,20.103362424496403
11391,20.103362424496403
11392,20.103362424496403
11393,20.103362424496403
11394,20.103362424496403
11395,20.103362424496403
11396,20.103362424496403
11397,20.103362424496403
11398,20.103362424496403
11399,20.103362424496403
11400,20.103362424496403
11401,20.103362424496403
11402,20.103362424496403
11403,20.103362424496403
11404,20.103362424496403
11405,20.103362424496403
11406,20.103362424496403
11407,20.103362424496403
11408,20.103362424496403
11409,20.103362424496403
11410,20.103362424496403
11411,20.103362424496403
11412,20.103362424496403
11413,20.103362424496403
11414,20.103362424496403
11415,20.103362424496403
11416,20.103362424496403
11417,20.103362424496403
11418,20.103362424496403
11419,20.103362424496403
11420,20.103362424496403
11421,20.103362424496403
11422,20.103362424496403
11423,20.103362424496403
11424,20.103362424496403
11425,20.103362424496403
11426,20.103362424496403
11427,20.103362424496403
11428,20.103362424496403
11429,20.103362424496403
11430,20.103362424496403
11431,20.103362424496403
11432,20.103362424496403
11433,20.103362424496403
11434,20.103362424496403
11435,20.103362424496403
11436,20.103362424496403
11437,20.103362424496403
11438,20.103362424496403
11439,20.103362424496403
11440,20.103362424496403
11441,20.103362424496403
11442,20.103362424496403
11443,20.103362424496403
11444,20.103362424496403
11445,20.103362424496403
11446,20.103362424496403
11447,20.103362424496403
11448,20.103362424496403
11449,20.103362424496403
11450,20.103362424496403
11451,20.103362424496403
11452,20.103362424496403
11453,20.103362424496403
11454,20.103362424496403
11455,20.103362424496403
11456,20.103362424496403
11457,20.103362424496403
11458,20.103362424496403
11459,20.103362424496403
11460,20.103362424496403
11461,20.103362424496403
11462,20.103362424496403
11463,20.103362424496403
11464,20.103362424496403
11465,20.103362424496403
11466,20.103362424496403
11467,20.103362424496403
11468,20.103362424496403
11469,20.103362424496403
11470,20.103362424496403
11471,20.103362424496403
11472,20.103362424496403
11473,20.103362424496403
11474,20.103362424496403
11475,20.103362424496403
11476,20.103362424496403
11477,20.103362424496403
11478,20.103362424496403
11479,20.103362424496403
11480,20.103362424496403
11481,20.103362424496403
11482,20.103362424496403
11483,20.103362424496403
11484,20.103362424496403
11485,20.103362424496403
11486,-7.092112159404529
11487,-7.092112159404529
11488,-7.092112159404529
11489,-7.092112159404529
11490,-7.092112159404529
11491,-7.092112159404529
11492,-7.092112159404529
11493,-7.092112159404529
11494,-7.092112159404529
11495,-7.092112159404529
11496,-7.092112159404529
11497,-7.092112159404529
11498,-7.092112159404529
11499,-7.092112159404529
11500,-7.092112159404529
11501,-7.092112159404529
11502,-7.092112159404529
11503,-7.092112159404529
11504,-7.092112159404529
11505,-7.092112159404529
11506,-7.092112159404529
11507,-7.092112159404529
11508,-7.092112159404529
11509,-7.092112159404529
11510,-7.092112159404529
11511,-7.092112159404529
11512,-7.092112159404529
11513,-7.092112159404529
11514,-7.092112159404529
11515,-7.092112159404529
11516,-7.092112159404529
11517,-7.092112159404529
11518,-7.092112159404529
11519,-7.092112159404529
11520,-7.092112159404529
11521,-7.092112159404529
11522,-7.092112159404529
11523,-7.092112159404529
11524,-7.092112159404529
11525,-7.092112159404529
11526,-7.092112159404529
11527,-7.092112159404529
11528,-7.092112159404529
11529,-7.092112159404529
11530,-7.092112159404529
11531,-7.092112159404529
11532,-7.092112159404529
11533,-7.092112159404529
11534,-7.092112159404529
11535,-7.092112159404529
11536,-7.092112159404529
11537,-7.092112159404529
11538,-7.092112159404529
11539,-7.092112159404529
11540,-7.092112159404529
11541,-7.092112159404529
11542,-7.092112159404529
11543,-7.092112159404529
11544,-7.092112159404529
11545,-7.092112159404529
11546,-7.092112159404529
11547,-7.092112159404529
11548,-7.092112159404529
11549,-7.092112159404529
11550,-7.092112159404529
11551,-7.092112159404529
11552,-7.092112159404529
11553,-7.092112159404529
11554,-7.092112159404529
11555,-7.092112159404529
11556,-7.092112159404529
11557,-7.092112159404529
11558,-7.092112159404529
11559,-7.092112159404529
11560,-7.092112159404529
11561,-7.092112159404529
11562,-7.092112159404529
11563,-7.092112159404529
11564,-7.092112159404529
11565,-7.092112159404529
11566,-7.092112159404529
11567,-7.092112159404529
11568,-7.092112159404529
11569,-7.092112159404529
11570,-7.092112159404529
11571,-7.092112159404529
11572,-7.092112159404529
11573,-7.092112159404529
11574,-7.092112159404529
11575,-7.092112159404529
11576,-7.092112159404529
11577,-7.092112159404529
11578,-7.092112159404529
11579,-7.092112159404529
11580,-7.092112159404529
11581,-7.092112159404529
11582,-7.092112159404529
11583,-7.092112159404529
11584,-7.092112159404529
11585,-7.092112159404529
11586,-7.092112159404529
11587,-7.092112159404529
11588,-7.092112159404529
11589,-7.092112159404529
11590,-7.092112159404529
11591,-7.092112159404529
11592,-7.092112159404529
11593,-7.092112159404529
11594,-7.092112159404529
11595,-7.092112159404529
11596,-7.092112159404529
11597,-7.092112159404529
11598,-7.092112159404529
11599,-7.092112159404529
11600,-7.092112159404529
11601,-7.092112159404529
11602,-7.092112159404529
11603,-7.092112159404529
11604,-7.092112159404529
11605,-7.092112159404529
11606,-7.092112159404529
11607,-7.092112159404529
11608,-7.092112159404529
11609,-7.092112159404529
11610,-7.092112159404529
11611,-7.092112159404529
11612,-7.092112159404529
11613,-7.092112159404529
11614,-7.092112159404529
11615,-7.092112159404529
11616,-7.092112159404529
11617,-7.092112159404529
11618,-7.092112159404529
11619,-7.092112159404529
11620,-7.092112159404529
11621,-7.092112159404529
11622,-7.092112159404529
11623,-7.092112159404529
11624,-7.092112159404529
11625,-7.092112159404529
11626,-7.092112159404529
11627,-7.092112159404529
11628,-7.092112159404529
11629,-7.092112159404529
11630,-7.092112159404529
11631,-7.092112159404529
11632,-7.092112159404529
11633,-7.092112159404529
11634,-7.092112159404529
11635,-7.092112159404529
11636,-7.092112159404529
11637,-7.092112159404529
11638,-7.092112159404529
11639,-7.092112159404529
11640,-7.092112159404529
11641,-7.092112159404529
11642,-7.092112159404529
11643,-7.092112159404529
11644,-7.092112159404529
11645,-7.092112159404529
11646,-7.092112159404529
11647,-7.092112159404529
11648,-7.092112159404529
11649,-7.092112159404529
11650,-7.092112159404529
11651,-7.092112159404529
11652,-7.092112159404529
11653,-7.092112159404529
11654,-7.092112159404529
11655,-7.092112159404529
11656,-7.092112159404529
11657,-7.092112159404529
11658,-7.092112159404529
11659,-7.092112159404529
11660,-7.092112159404529
11661,-7.092112159404529
11662,-7.092112159404529
11663,-7.092112159404529
11664,-7.092112159404529
11665,-7.092112159404529
11666,-7.092112159404529
11667,-7.092112159404529
11668,-7.092112159404529
11669,-7.092112159404529
11670,-7.092112159404529
11671,-7.092112159404529
11672,-7.092112159404529
11673,-7.092112159404529
11674,-7.092112159404529
11675,-7.092112159404529
11676,-7.092112159404529
11677,-7.092112159404529
11678,-7.092112159404529
11679,-7.092112159404529
11680,-7.092112159404529
11681,-7.092112159404529
11682,-7.092112159404529
11683,-7.092112159404529
11684,-7.092112159404529
11685,-7.092112159404529
11686,-7.092112159404529
11687,-7.092112159404529
11688,-7.092112159404529
11689,-7.092112159404529
11690,-7.092112159404529
11691,-7.092112159404529
11692,-7.092112159404529
11693,-7.092112159404529
11694,-7.092112159404529
11695,-7.092112159404529
11696,-7.092112159404529
11697,-7.092112159404529
11698,-7.092112159404529
11699,-7.092112159404529
11700,-7.092112159404529
11701,-7.092112159404529
11702,-7.092112159404529
11703,-7.092112159404529
11704,-7.092112159404529
11705,-7.092112159404529
11706,-7.092112159404529
11707,-7.092112159404529
11708,-7.092112159404529
11709,-7.092112159404529
11710,-7.092112159404529
11711,-7.092112159404529
11712,-7.092112159404529
11713,-7.092112159404529
11714,-7.092112159404529
11715,-7.092112159404529
11716,-7.092112159404529
11717,-7.092112159404529
11718,-7.092112159404529
11719,-7.092112159404529
11720,-7.092112159404529
11721,-7.092112159404529
11722,-7.092112159404529
11723,-7.092112159404529
11724,-7.092112159404529
11725,-7.092112159404529
11726,-7.092112159404529
11727,-7.092112159404529
11728,-7.092112159404529
11729,-7.092112159404529
11730,-7.092112159404529
11731,-7.092112159404529
11732,-7.092112159404529
11733,-7.092112159404529
11734,-7.092112159404529
11735,-7.092112159404529
11736,-7.092112159404529
11737,-7.092112159404529
11738,-7.092112159404529
11739,-7.092112159404529
11740,-7.092112159404529
11741,-7.092112159404529
11742,-7.092112159404529
11743,-7.092112159404529
11744,-7.092112159404529
11745,-7.092112159404529
11746,-7.092112159404529
11747,-7.092112159404529
11748,-7.092112159404529
11749,-7.092112159404529
11750,-7.092112159404529
11751,-7.092112159404529
11752,-7.092112159404529
11753,-7.092112159404529
11754,-7.092112159404529
11755,-7.092112159404529
11756,-7.092112159404529
11757,-7.092112159404529
11758,-7.092112159404529
11759,-7.092112159404529
11760,-7.092112159404529
11761,-7.092112159404529
11762,-7.092112159404529
11763,-7.092112159404529
11764,-7.092112159404529
11765,-7.092112159404529
11766,-7.092112159404529
11767,-7.092112159404529
11768,-7.092112159404529
11769,-7.092112159404529
11770,-7.092112159404529
11771,-7.092112159404529
11772,-7.092112159404529
11773,-7.092112159404529
11774,-7.092112159404529
11775,-7.092112159404529
11776,-7.092112159404529
11777,-7.092112159404529
11778,-7.092112159404529
11779,-7.092112159404529
11780,-7.092112159404529
11781,-7.092112159404529
11782,-7.092112159404529
11783,-7.092112159404529
11784,-7.092112159404529
11785,-7.092112159404529
11786,-7.092112159404529
11787,-7.092112159404529
11788,-7.092112159404529
11789,-7.092112159404529
11790,-7.092112159404529
11791,-7.092112159404529
11792,-7.092112159404529
11793,-7.092112159404529
11794,-7.092112159404529
11795,-7.092112159404529
11796,-7.092112159404529
11797,-7.092112159404529
11798,-7.092112159404529
11799,-7.092112159404529
11800,-7.092112159404529
11801,-7.092112159404529
11802,-7.092112159404529
11803,-7.092112159404529
11804,-7.092112159404529
11805,-7.092112159404529
11806,-7.092112159404529
11807,-7.092112159404529
11808,-7.092112159404529
11809,-7.092112159404529
11810,-7.092112159404529
11811,-7.092112159404529
11812,-7.092112159404529
11813,-7.092112159404529
11814,-7.092112159404529
11815,-7.092112159404529
11816,-7.092112159404529
11817,-7.092112159404529
11818,-7.092112159404529
11819,-7.092112159404529
11820,-7.092112159404529
11821,-7.092112159404529
11822,-7.092112159404529
11823,-7.092112159404529
11824,-7.092112159404529
11825,-7.092112159404529
11826,-7.092112159404529
11827,-7.092112159404529
11828,-7.092112159404529
11829,-7.092112159404529
11830,-7.092112159404529
11831,-7.092112159404529
11832,-7.092112159404529
11833,-7.092112159404529
11834,-7.092112159404529
11835,-7.092112159404529
11836,-7.092112159404529
11837,-7.092112159404529
11838,-7.092112159404529
11839,-7.092112159404529
11840,-7.092112159404529
11841,-7.092112159404529
11842,-7.092112159404529
11843,-7.092112159404529
11844,-7.092112159404529
11845,-7.092112159404529
11846,-7.092112159404529
11847,-7.092112159404529
11848,-7.092112159404529
11849,-7.092112159404529
11850,-7.092112159404529
11851,-7.092112159404529
11852,-7.092112159404529
11853,-7.092112159404529
11854,-7.092112159404529
11855,-7.092112159404529
11856,-7.092112159404529
11857,-7.092112159404529
11858,-7.092112159404529
11859,-7.092112159404529
11860,-7.092112159404529
11861,-7.092112159404529
11862,-7.092112159404529
11863,-7.092112159404529
11864,-7.092112159404529
11865,-7.092112159404529
11866,-7.092112159404529
11867,-7.092112159404529
11868,-7.092112159404529
11869,-7.092112159404529
11870,-7.092112159404529
11871,-7.092112159404529
11872,-7.092112159404529
11873,-7.092112159404529
11874,-7.092112159404529
11875,-7.092112159404529
11876,-7.092112159404529
11877,-7.092112159404529
11878,-7.092112159404529
11879,-7.092112159404529
11880,-7.092112159404529
11881,-7.092112159404529
11882,-7.092112159404529
11883,-7.092112159404529
11884,-7.092112159404529
11885,-7.092112159404529
11886,-7.092112159404529
11887,-7.092112159404529
11888,-7.092112159404529
11889,-7.092112159404529
11890,-7.092112159404529
11891,-7.092112159404529
11892,-7.092112159404529
11893,-7.092112159404529
11894,-7.092112159404529
11895,-7.092112159404529
11896,-7.092112159404529
11897,-7.092112159404529
11898,-7.092112159404529
11899,-7.092112159404529
11900,-7.092112159404529
11901,-7.092112159404529
11902,-7.092112159404529
11903,-7.092112159404529
11904,-7.092112159404529
11905,-7.092112159404529
11906,-7.092112159404529
11907,-7.092112159404529
11908,-7.092112159404529
11909,-7.092112159404529
11910,-7.092112159404529
11911,-7.092112159404529
11912,-7.092112159404529
11913,-7.092112159404529
11914,-7.092112159404529
11915,-7.092112159404529
11916,-7.092112159404529
11917,-7.092112159404529
11918,-7.092112159404529
11919,-7.092112159404529
11920,-7.092112159404529
11921,-7.092112159404529
11922,-7.092112159404529
11923,-7.092112159404529
11924,-7.092112159404529
11925,-7.092112159404529
11926,-7.092112159404529
11927,-7.092112159404529
11928,-7.092112159404529
11929,-7.092112159404529
11930,-7.092112159404529
11931,-7.092112159404529
11932,-7.092112159404529
11933,-7.092112159404529
11934,-7.092112159404529
11935,-7.092112159404529
11936,-7.092112159404529
11937,-7.092112159404529
11938,-7.092112159404529
11939,-7.092112159404529
11940,-7.092112159404529
11941,-7.092112159404529
11942,-7.092112159404529
11943,-7.092112159404529
11944,-7.092112159404529
11945,-7.092112159404529
11946,-7.092112159404529
11947,-7.092112159404529
11948,-7.092112159404529
11949,-7.092112159404529
11950,-7.092112159404529
11951,-7.092112159404529
11952,-7.092112159404529
11953,-7.092112159404529
11954,-7.092112159404529
11955,-7.092112159404529
11956,-7.092112159404529
11957,-7.092112159404529
11958,-7.092112159404529
11959,-7.092112159404529
11960,-7.092112159404529
11961,-7.092112159404529
11962,-7.092112159404529
11963,-7.092112159404529
11964,-7.092112159404529
11965,-7.092112159404529
11966,-7.092112159404529
11967,-7.092112159404529
11968,-7.092112159404529
11969,-7.092112159404529
11970,-7.092112159404529
11971,-7.092112159404529
11972,-7.092112159404529
11973,-7.092112159404529
11974,-7.092112159404529
11975,-7.092112159404529
11976,-7.092112159404529
11977,-7.092112159404529
11978,-7.092112159404529
11979,-7.092112159404529
11980,-7.092112159404529
11981,-7.092112159404529
11982,-7.092112159404529
11983,-7.092112159404529
11984,-7.092112159404529
11985,-7.092112159404529
11986,-7.092112159404529
11987,-7.092112159404529
11988,-7.092112159404529
11989,-7.092112159404529
11990,-7.092112159404529
11991,-7.092112159404529
11992,-7.092112159404529
11993,-7.092112159404529
11994,-7.092112159404529
11995,-7.092112159404529
11996,-7.092112159404529
11997,-7.092112159404529
11998,-7.092112159404529
11999,-7.092112159404529
12000,-7.092112159404529
12001,-7.092112159404529
12002,-7.092112159404529
12003,-7.092112159404529
12004,-7.092112159404529
12005,-7.092112159404529
12006,-7.092112159404529
12007,-7.092112159404529
12008,-7.092112159404529
12009,-7.092112159404529
12010,-7.092112159404529
12011,-7.092112159404529
12012,-7.092112159404529
12013,-7.092112159404529
12014,-7.092112159404529
12015,-7.092112159404529
12016,-7.092112159404529
12017,-7.092112159404529
12018,-7.092112159404529
12019,-7.092112159404529
12020,-7.092112159404529
12021,-7.092112159404529
12022,-7.092112159404529
12023,-7.092112159404529
12024,-7.092112159404529
12025,-7.092112159404529
12026,-7.092112159404529
12027,-7.092112159404529
12028,-7.092112159404529
12029,-7.092112159404529
12030,-7.092112159404529
12031,-7.092112159404529
12032,-7.092112159404529
12033,-7.092112159404529
12034,-7.092112159404529
12035,-7.092112159404529
12036,-7.092112159404529
12037,-7.092112159404529
12038,-7.092112159404529
12039,-7.092112159404529
12040,-7.092112159404529
12041,-7.092112159404529
12042,-7.092112159404529
12043,-7.092112159404529
12044,-7.092112159404529
12045,-7.092112159404529
12046,-7.092112159404529
12047,-7.092112159404529
12048,-7.092112159404529
12049,-7.092112159404529
12050,-7.092112159404529
12051,-7.092112159404529
12052,-7.092112159404529
12053,-7.092112159404529
12054,-7.092112159404529
12055,-7.092112159404529
12056,-7.092112159404529
12057,-7.092112159404529
12058,-7.092112159404529
12059,-7.092112159404529
12060,-7.092112159404529
12061,-7.092112159404529
12062,-7.092112159404529
12063,-7.092112159404529
12064,-7.092112159404529
12065,-7.092112159404529
12066,-7.092112159404529
12067,-7.092112159404529
12068,-7.092112159404529
12069,-7.092112159404529
12070,-7.092112159404529
12071,-7.092112159404529
12072,-7.092112159404529
12073,-7.092112159404529
12074,-7.092112159404529
12075,-7.092112159404529
12076,-7.092112159404529
12077,-7.092112159404529
12078,-7.092112159404529
12079,-7.092112159404529
12080,-7.092112159404529
12081,-7.092112159404529
12082,-7.092112159404529
12083,-7.092112159404529
12084,-7.092112159404529
12085,-7.092112159404529
12086,-7.092112159404529
12087,-7.092112159404529
12088,-7.092112159404529
12089,-7.092112159404529
12090,-7.092112159404529
12091,-7.092112159404529
12092,-7.092112159404529
12093,-7.092112159404529
12094,-7.092112159404529
12095,-7.092112159404529
12096,-7.092112159404529
12097,-7.092112159404529
12098,-7.092112159404529
12099,-7.092112159404529
12100,-7.092112159404529
12101,-7.092112159404529
12102,-7.092112159404529
12103,-7.092112159404529
12104,-7.092112159404529
12105,-7.092112159404529
12106,-7.092112159404529
12107,-7.092112159404529
12108,-7.092112159404529
12109,-7.092112159404529
12110,-7.092112159404529
12111,-7.092112159404529
12112,-7.092112159404529
12113,-7.092112159404529
12114,-7.092112159404529
12115,-7.092112159404529
12116,-7.092112159404529
12117,-7.092112159404529
12118,-7.092112159404529
12119,-7.092112159404529
12120,-7.092112159404529
12121,-7.092112159404529
12122,-7.092112159404529
12123,-7.092112159404529
12124,-7.092112159404529
12125,-7.092112159404529
12126,-7.092112159404529
12127,-7.092112159404529
12128,-7.092112159404529
12129,-7.092112159404529
12130,-7.092112159404529
12131,-7.092112159404529
12132,-7.092112159404529
12133,-7.092112159404529
12134,-7.092112159404529
12135,-7.092112159404529
12136,-7.092112159404529
12137,-7.092112159404529
12138,-7.092112159404529
12139,-7.092112159404529
12140,-7.092112159404529
12141,-7.092112159404529
12142,-7.092112159404529
12143,-7.092112159404529
12144,-7.092112159404529
12145,-7.092112159404529
12146,-7.092112159404529
12147,-7.092112159404529
12148,-7.092112159404529
12149,-7.092112159404529
12150,-7.092112159404529
12151,-7.092112159404529
12152,-7.092112159404529
12153,-7.092112159404529
12154,-7.092112159404529
12155,-7.092112159404529
12156,-7.092112159404529
12157,-7.092112159404529
12158,-7.092112159404529
12159,-7.092112159404529
12160,-7.092112159404529
12161,-7.092112159404529
12162,-7.092112159404529
12163,-7.092112159404529
12164,-7.092112159404529
12165,-7.092112159404529
12166,-7.092112159404529
12167,-7.092112159404529
12168,-7.092112159404529
12169,-7.092112159404529
12170,-7.092112159404529
12171,-7.092112159404529
12172,-7.092112159404529
12173,-7.092112159404529
12174,-7.092112159404529
12175,-7.092112159404529
12176,-7.092112159404529
12177,-7.092112159404529
12178,-7.092112159404529
12179,-7.092112159404529
12180,-7.092112159404529
12181,-7.092112159404529
12182,-7.092112159404529
12183,-7.092112159404529
12184,-7.092112159404529
12185,-7.092112159404529
12186,-7.092112159404529
12187,-7.092112159404529
12188,-7.092112159404529
12189,-7.092112159404529
12190,-7.092112159404529
12191,-7.092112159404529
12192,-7.092112159404529
12193,-7.092112159404529
12194,-7.092112159404529
12195,-7.092112159404529
12196,-7.092112159404529
12197,-7.092112159404529
12198,-7.092112159404529
12199,-7.092112159404529
12200,-7.092112159404529
12201,-7.092112159404529
12202,-7.092112159404529
12203,-7.092112159404529
12204,-7.092112159404529
12205,-7.092112159404529
12206,-7.092112159404529
12207,-7.092112159404529
12208,-7.092112159404529
12209,-7.092112159404529
12210,-7.092112159404529
12211,-7.092112159404529
12212,-7.092112159404529
12213,-7.092112159404529
12214,-7.092112159404529
12215,-7.092112159404529
12216,-7.092112159404529
12217,-7.092112159404529
12218,-7.092112159404529
12219,-7.092112159404529
12220,-7.092112159404529
12221,-7.092112159404529
12222,-7.092112159404529
12223,-7.092112159404529
12224,-7.092112159404529
12225,-7.092112159404529
12226,-7.092112159404529
12227,-7.092112159404529
12228,-7.092112159404529
12229,-7.092112159404529
12230,-7.092112159404529
12231,-7.092112159404529
12232,-7.092112159404529
12233,-7.092112159404529
12234,-7.092112159404529
12235,-7.092112159404529
12236,-7.092112159404529
12237,-7.092112159404529
12238,-7.092112159404529
12239,-7.092112159404529
12240,-7.092112159404529
12241,-7.092112159404529
12242,-7.092112159404529
12243,-7.092112159404529
12244,-7.092112159404529
12245,-7.092112159404529
12246,-7.092112159404529
12247,-7.092112159404529
12248,-7.092112159404529
12249,-7.092112159404529
12250,-7.092112159404529
12251,-7.092112159404529
12252,-7.092112159404529
12253,-7.092112159404529
12254,-7.092112159404529
12255,-7.092112159404529
12256,-7.092112159404529
12257,-7.092112159404529
12258,-7.092112159404529
12259,-7.092112159404529
12260,-7.092112159404529
12261,-7.092112159404529
12262,-7.092112159404529
12263,-7.092112159404529
12264,-7.092112159404529
12265,-7.092112159404529
12266,-7.092112159404529
12267,-7.092112159404529
12268,-7.092112159404529
12269,-7.092112159404529
12270,-7.092112159404529
12271,-7.092112159404529
12272,-7.092112159404529
12273,-7.092112159404529
12274,-7.092112159404529
12275,-7.092112159404529
12276,-7.092112159404529
12277,-7.092112159404529
12278,-7.092112159404529
12279,-7.092112159404529
12280,-7.092112159404529
12281,-7.092112159404529
12282,-7.092112159404529
12283,-7.092112159404529
12284,-7.092112159404529
12285,-7.092112159404529
12286,-7.092112159404529
12287,-7.092112159404529
12288,-7.092112159404529
12289,-7.092112159404529
12290,-7.092112159404529
12291,-7.092112159404529
12292,-7.092112159404529
12293,-7.092112159404529
12294,-7.092112159404529
12295,-7.092112159404529
12296,-7.092112159404529
12297,-7.092112159404529
12298,-7.092112159404529
12299,-7.092112159404529
12300,-7.092112159404529
12301,-7.092112159404529
12302,-7.092112159404529
12303,-7.092112159404529
12304,-7.092112159404529
12305,-7.092112159404529
12306,-7.092112159404529
12307,-7.092112159404529
12308,-7.092112159404529
12309,-7.092112159404529
12310,-7.092112159404529
12311,-7.092112159404529
12312,-7.092112159404529
12313,-7.092112159404529
12314,-7.092112159404529
12315,-7.092112159404529
12316,-7.092112159404529
12317,-7.092112159404529
12318,-7.092112159404529
12319,-7.092112159404529
12320,-7.092112159404529
12321,-7.092112159404529
12322,-7.092112159404529
12323,-7.092112159404529
12324,-7.092112159404529
12325,-7.092112159404529
12326,-7.092112159404529
12327,-7.092112159404529
12328,-7.092112159404529
12329,-7.092112159404529
12330,-7.092112159404529
12331,-7.092112159404529
12332,-7.092112159404529
12333,-7.092112159404529
12334,-7.092112159404529
12335,-7.092112159404529
12336,-7.092112159404529
12337,-7.092112159404529
12338,-7.092112159404529
12339,-7.092112159404529
12340,-7.092112159404529
12341,-7.092112159404529
12342,-7.092112159404529
12343,-7.092112159404529
12344,-7.092112159404529
12345,-7.092112159404529
12346,-7.092112159404529
12347,-7.092112159404529
12348,-7.092112159404529
12349,-7.092112159404529
12350,-7.092112159404529
12351,-7.092112159404529
12352,-7.092112159404529
12353,-7.092112159404529
12354,-7.092112159404529
12355,-7.092112159404529
12356,-7.092112159404529
12357,-7.092112159404529
12358,-7.092112159404529
12359,-7.092112159404529
12360,-7.092112159404529
12361,-7.092112159404529
12362,-7.092112159404529
12363,-7.092112159404529
12364,-7.092112159404529
12365,-7.092112159404529
12366,-7.092112159404529
12367,-7.092112159404529
12368,-7.092112159404529
12369,-7.092112159404529
12370,-7.092112159404529
12371,-7.092112159404529
12372,-7.092112159404529
12373,-7.092112159404529
12374,-7.092112159404529
12375,-7.092112159404529
12376,-7.092112159404529
12377,-7.092112159404529
12378,-7.092112159404529
12379,-7.092112159404529
12380,-7.092112159404529
12381,-7.092112159404529
12382,-7.092112159404529
12383,-7.092112159404529
12384,-7.092112159404529
12385,-7.092112159404529
12386,-7.092112159404529
12387,-7.092112159404529
12388,-7.092112159404529
12389,-7.092112159404529
12390,-7.092112159404529
12391,-7.092112159404529
12392,-7.092112159404529
12393,-7.092112159404529
12394,-7.092112159404529
12395,-7.092112159404529
12396,-7.092112159404529
12397,-7.092112159404529
12398,-7.092112159404529
12399,-7.092112159404529
12400,-7.092112159404529
12401,-7.092112159404529
12402,-7.092112159404529
12403,-7.092112159404529
12404,-7.092112159404529
12405,-7.092112159404529
12406,-7.092112159404529
12407,-7.092112159404529
12408,-7.092112159404529
12409,-7.092112159404529
12410,-7.092112159404529
12411,-7.092112159404529
12412,-7.092112159404529
12413,-7.092112159404529
12414,-7.092112159404529
12415,-7.092112159404529
12416,-7.092112159404529
12417,-7.092112159404529
12418,-7.092112159404529
12419,-7.092112159404529
12420,-7.092112159404529
12421,-7.092112159404529
12422,-7.092112159404529
12423,-7.092112159404529
12424,-7.092112159404529
12425,-7.092112159404529
12426,-7.092112159404529
12427,-7.092112159404529
12428,-7.092112159404529
12429,-7.092112159404529
12430,-7.092112159404529
12431,-7.092112159404529
12432,-7.092112159404529
12433,-7.092112159404529
12434,-7.092112159404529
12435,-7.092112159404529
12436,-7.092112159404529
12437,-7.092112159404529
12438,-7.092112159404529
12439,-7.092112159404529
12440,-7.092112159404529
12441,-7.092112159404529
12442,-7.092112159404529
12443,-7.092112159404529
12444,-7.092112159404529
12445,-7.092112159404529
12446,-7.092112159404529
12447,-7.092112159404529
12448,-7.092112159404529
12449,-7.092112159404529
12450,-7.092112159404529
12451,-7.092112159404529
12452,-7.092112159404529
12453,-7.092112159404529
12454,-7.092112159404529
12455,-7.092112159404529
12456,-7.092112159404529
12457,-7.092112159404529
12458,-7.092112159404529
12459,-7.092112159404529
12460,-7.092112159404529
12461,-7.092112159404529
12462,-7.092112159404529
12463,-7.092112159404529
12464,-7.092112159404529
12465,-7.092112159404529
12466,-7.092112159404529
12467,-7.092112159404529
12468,-7.092112159404529
12469,-7.092112159404529
12470,-7.092112159404529
12471,-7.092112159404529
12472,-7.092112159404529
12473,-7.092112159404529
12474,-7.092112159404529
12475,-7.092112159404529
12476,-7.092112159404529
12477,-7.092112159404529
12478,-7.092112159404529
12479,-7.092112159404529
12480,-7.092112159404529
12481,-7.092112159404529
12482,-7.092112159404529
12483,-7.092112159404529
12484,-7.092112159404529
12485,-7.092112159404529
12486,-7.092112159404529
12487,-7.092112159404529
12488,-7.092112159404529
12489,-7.092112159404529
12490,-7.092112159404529
12491,-7.092112159404529
12492,-7.092112159404529
12493,-7.092112159404529
12494,-7.092112159404529
12495,-7.092112159404529
12496,-7.092112159404529
12497,-7.092112159404529
12498,-7.092112159404529
12499,-7.092112159404529
12500,-7.092112159404529
12501,-7.092112159404529
12502,-7.092112159404529
12503,-7.092112159404529
12504,-7.092112159404529
12505,-7.092112159404529
12506,-7.092112159404529
12507,-7.092112159404529
12508,-7.092112159404529
12509,-7.092112159404529
12510,-7.092112159404529
12511,-7.092112159404529
12512,-7.092112159404529
12513,-7.092112159404529
12514,-7.092112159404529
12515,-7.092112159404529
12516,-7.092112159404529
12517,-7.092112159404529
12518,-7.092112159404529
12519,-7.092112159404529
12520,-7.092112159404529
12521,-7.092112159404529
12522,-7.092112159404529
12523,-7.092112159404529
12524,-7.092112159404529
12525,-7.092112159404529
12526,-7.092112159404529
12527,-7.092112159404529
12528,-7.092112159404529
12529,-7.092112159404529
12530,-7.092112159404529
12531,-7.092112159404529
12532,-7.092112159404529
12533,-7.092112159404529
12534,-7.092112159404529
12535,-7.092112159404529
12536,-7.092112159404529
12537,-7.092112159404529
12538,-7.092112159404529
12539,-7.092112159404529
12540,-7.092112159404529
12541,-7.092112159404529
12542,-7.092112159404529
12543,-7.092112159404529
12544,-7.092112159404529
12545,-7.092112159404529
12546,-7.092112159404529
12547,-7.092112159404529
12548,-7.092112159404529
12549,-7.092112159404529
12550,-7.092112159404529
12551,-7.092112159404529
12552,-7.092112159404529
12553,-7.092112159404529
12554,-7.092112159404529
12555,-7.092112159404529
12556,-7.092112159404529
12557,-7.092112159404529
12558,-7.092112159404529
12559,-7.092112159404529
12560,-7.092112159404529
12561,-7.092112159404529
12562,-7.092112159404529
12563,-7.092112159404529
12564,-7.092112159404529
12565,-7.092112159404529
12566,-7.092112159404529
12567,-7.092112159404529
12568,-7.092112159404529
12569,-7.092112159404529
12570,-7.092112159404529
12571,-7.092112159404529
12572,-7.092112159404529
12573,-7.092112159404529
12574,-7.092112159404529
12575,-7.092112159404529
12576,-7.092112159404529
12577,-7.092112159404529
12578,-7.092112159404529
12579,-7.092112159404529
12580,-7.092112159404529
12581,-7.092112159404529
12582,-7.092112159404529
12583,-7.092112159404529
12584,-7.092112159404529
12585,-7.092112159404529
12586,-7.092112159404529
12587,-7.092112159404529
12588,-7.092112159404529
12589,-7.092112159404529
12590,-7.092112159404529
12591,-7.092112159404529
12592,-7.092112159404529
12593,-7.092112159404529
12594,-7.092112159404529
12595,-7.092112159404529
12596,-7.092112159404529
12597,-7.092112159404529
12598,-7.092112159404529
12599,-7.092112159404529
12600,-7.092112159404529
12601,-7.092112159404529
12602,-7.092112159404529
12603,-7.092112159404529
12604,-7.092112159404529
12605,-7.092112159404529
12606,-7.092112159404529
12607,-7.092112159404529
12608,-7.092112159404529
12609,-7.092112159404529
12610,-7.092112159404529
12611,-7.092112159404529
12612,-7.092112159404529
12613,-7.092112159404529
12614,-7.092112159404529
12615,-7.092112159404529
12616,-7.092112159404529
12617,-7.092112159404529
12618,-7.092112159404529
12619,-7.092112159404529
12620,-7.092112159404529
12621,-7.092112159404529
12622,-7.092112159404529
12623,-7.092112159404529
12624,-7.092112159404529
12625,-7.092112159404529
12626,-7.092112159404529
12627,-7.092112159404529
12628,-7.092112159404529
12629,-7.092112159404529
12630,-7.092112159404529
12631,-7.092112159404529
12632,-7.092112159404529
12633,-7.092112159404529
12634,-7.092112159404529
12635,-7.092112159404529
12636,-7.092112159404529
12637,-7.092112159404529
12638,-7.092112159404529
12639,-7.092112159404529
12640,-7.092112159404529
12641,-7.092112159404529
12642,-7.092112159404529
12643,-7.092112159404529
12644,-7.092112159404529
12645,-7.092112159404529
12646,-7.092112159404529
12647,-7.092112159404529
12648,-7.092112159404529
12649,-7.092112159404529
12650,-7.092112159404529
12651,-7.092112159404529
12652,-7.092112159404529
12653,-7.092112159404529
12654,-7.092112159404529
12655,-7.092112159404529
12656,-7.092112159404529
12657,-7.092112159404529
12658,-7.092112159404529
12659,-7.092112159404529
12660,-7.092112159404529
12661,-7.092112159404529
12662,-7.092112159404529
12663,-7.092112159404529
12664,-7.092112159404529
12665,-7.092112159404529
12666,-7.092112159404529
12667,-7.092112159404529
12668,-7.092112159404529
12669,-7.092112159404529
12670,-7.092112159404529
12671,-7.092112159404529
12672,-7.092112159404529
12673,-7.092112159404529
12674,-7.092112159404529
12675,-7.092112159404529
12676,-7.092112159404529
12677,-7.092112159404529
12678,-7.092112159404529
12679,-7.092112159404529
12680,-7.092112159404529
12681,-7.092112159404529
12682,-7.092112159404529
12683,-7.092112159404529
12684,-7.092112159404529
12685,-7.092112159404529
12686,-7.092112159404529
12687,-7.092112159404529
12688,-7.092112159404529
12689,-7.092112159404529
12690,-7.092112159404529
12691,-7.092112159404529
12692,-7.092112159404529
12693,-7.092112159404529
12694,-7.092112159404529
12695,-7.092112159404529
12696,-7.092112159404529
12697,-7.092112159404529
12698,-7.092112159404529
12699,-7.092112159404529
12700,-7.092112159404529
12701,-7.092112159404529
12702,-7.092112159404529
12703,-7.092112159404529
12704,-7.092112159404529
12705,-7.092112159404529
12706,-7.092112159404529
12707,-7.092112159404529
12708,-7.092112159404529
12709,-7.092112159404529
12710,-7.092112159404529
12711,-7.092112159404529
12712,-7.092112159404529
12713,-7.092112159404529
12714,-7.092112159404529
12715,-7.092112159404529
12716,-7.092112159404529
12717,-7.092112159404529
12718,-7.092112159404529
12719,-7.092112159404529
12720,-7.092112159404529
12721,-7.092112159404529
12722,-7.092112159404529
12723,-7.092112159404529
12724,-7.092112159404529
12725,-7.092112159404529
12726,-7.092112159404529
12727,-7.092112159404529
12728,-7.092112159404529
12729,-7.092112159404529
12730,-7.092112159404529
12731,-7.092112159404529
12732,-7.092112159404529
12733,-7.092112159404529
12734,-7.092112159404529
12735,-7.092112159404529
12736,-7.092112159404529
12737,-7.092112159404529
12738,-7.092112159404529
12739,-7.092112159404529
12740,-7.092112159404529
12741,-7.092112159404529
12742,-7.092112159404529
12743,-7.092112159404529
12744,-7.092112159404529
12745,-7.092112159404529
12746,-7.092112159404529
12747,-7.092112159404529
12748,-7.092112159404529
12749,-7.092112159404529
12750,-7.092112159404529
12751,-7.092112159404529
12752,-7.092112159404529
12753,-7.092112159404529
12754,-7.092112159404529
12755,-7.092112159404529
12756,-7.092112159404529
12757,-7.092112159404529
12758,-7.092112159404529
12759,-7.092112159404529
12760,-7.092112159404529
12761,-7.092112159404529
12762,-7.092112159404529
12763,-7.092112159404529
12764,-26.85974787016952
12765,-26.85974787016952
12766,-26.85974787016952
12767,-26.85974787016952
12768,-26.85974787016952
12769,-26.85974787016952
12770,-26.85974787016952
12771,-26.85974787016952
12772,-26.85974787016952
12773,-26.85974787016952
12774,-26.85974787016952
12775,-26.85974787016952
12776,-26.85974787016952
12777,-26.85974787016952
12778,-26.85974787016952
12779,-26.85974787016952
12780,-26.85974787016952
12781,-26.85974787016952
12782,-26.85974787016952
12783,-26.85974787016952
12784,-26.85974787016952
12785,-26.85974787016952
12786,-26.85974787016952
12787,-26.85974787016952
12788,-26.85974787016952
12789,-26.85974787016952
12790,-26.85974787016952
12791,-26.85974787016952
12792,-26.85974787016952
12793,-26.85974787016952
12794,-26.85974787016952
12795,-26.85974787016952
12796,-26.85974787016952
12797,-26.85974787016952
12798,-26.85974787016952
12799,-26.85974787016952
12800,-26.85974787016952
12801,-26.85974787016952
12802,-26.85974787016952
12803,-26.85974787016952
12804,-26.85974787016952
12805,-26.85974787016952
12806,-26.85974787016952
12807,-26.85974787016952
12808,-26.85974787016952
12809,-26.85974787016952
12810,-26.85974787016952
12811,-26.85974787016952
12812,-26.85974787016952
12813,-26.85974787016952
12814,-26.85974787016952
12815,-26.85974787016952
12816,-26.85974787016952
12817,-26.85974787016952
12818,-26.85974787016952
12819,-26.85974787016952
12820,-26.85974787016952
12821,-26.85974787016952
12822,-26.85974787016952
12823,-26.85974787016952
12824,-26.85974787016952
12825,-26.85974787016952
12826,-26.85974787016952
12827,-26.85974787016952
12828,-26.85974787016952
12829,-26.85974787016952
12830,-26.85974787016952
12831,-26.85974787016952
12832,-26.85974787016952
12833,-26.85974787016952
12834,-26.85974787016952
12835,-26.85974787016952
12836,-26.85974787016952
12837,-26.85974787016952
12838,-26.85974787016952
12839,-26.85974787016952
12840,-26.85974787016952
12841,-26.85974787016952
12842,-26.85974787016952
12843,-26.85974787016952
12844,-26.85974787016952
12845,-26.85974787016952
12846,-26.85974787016952
12847,-26.85974787016952
12848,-26.85974787016952
12849,-26.85974787016952
12850,-26.85974787016952
12851,-26.85974787016952
12852,-26.85974787016952
12853,-26.85974787016952
12854,-26.85974787016952
12855,-26.85974787016952
12856,-26.85974787016952
12857,-26.85974787016952
12858,-26.85974787016952
12859,-26.85974787016952
12860,-26.85974787016952
12861,-26.85974787016952
12862,-26.85974787016952
12863,-26.85974787016952
12864,-26.85974787016952
12865,-26.85974787016952
12866,-26.85974787016952
12867,-26.85974787016952
12868,-26.85974787016952
12869,-26.85974787016952
12870,-26.85974787016952
12871,-26.85974787016952
12872,-26.85974787016952
12873,-26.85974787016952
12874,-26.85974787016952
12875,-26.85974787016952
12876,-26.85974787016952
12877,-26.85974787016952
12878,-26.85974787016952
12879,-26.85974787016952
12880,-26.85974787016952
12881,-26.85974787016952
12882,-26.85974787016952
12883,-26.85974787016952
12884,-26.85974787016952
12885,-26.85974787016952
12886,-26.85974787016952
12887,-26.85974787016952
12888,-26.85974787016952
12889,-26.85974787016952
12890,-26.85974787016952
12891,-26.85974787016952
12892,-26.85974787016952
12893,-26.85974787016952
12894,-26.85974787016952
12895,-26.85974787016952
12896,-26.85974787016952
12897,-26.85974787016952
12898,-26.85974787016952
12899,-26.85974787016952
12900,-26.85974787016952
12901,-26.85974787016952
12902,-26.85974787016952
12903,-26.85974787016952
12904,-26.85974787016952
12905,-26.85974787016952
12906,-26.85974787016952
12907,-26.85974787016952
12908,-26.85974787016952
12909,-26.85974787016952
12910,-26.85974787016952
12911,-26.85974787016952
12912,-26.85974787016952
12913,-26.85974787016952
12914,-26.85974787016952
12915,-26.85974787016952
12916,-26.85974787016952
12917,-26.85974787016952
12918,-26.85974787016952
12919,-26.85974787016952
12920,-26.85974787016952
12921,-26.85974787016952
12922,-26.85974787016952
12923,-26.85974787016952
12924,-26.85974787016952
12925,-26.85974787016952
12926,-26.85974787016952
12927,-26.85974787016952
12928,-26.85974787016952
12929,-26.85974787016952
12930,-26.85974787016952
12931,-26.85974787016952
12932,-26.85974787016952
12933,-26.85974787016952
12934,-26.85974787016952
12935,-26.85974787016952
12936,-26.85974787016952
12937,-26.85974787016952
12938,-26.85974787016952
12939,-26.85974787016952
12940,-26.85974787016952
12941,-26.85974787016952
12942,-26.85974787016952
12943,-26.85974787016952
12944,-26.85974787016952
12945,-26.85974787016952
12946,-26.85974787016952
12947,-26.85974787016952
12948,-26.85974787016952
12949,-26.85974787016952
12950,-26.85974787016952
12951,-26.85974787016952
12952,-26.85974787016952
12953,-26.85974787016952
12954,-26.85974787016952
12955,-26.85974787016952
12956,-26.85974787016952
12957,-26.85974787016952
12958,-26.85974787016952
12959,-26.85974787016952
12960,-26.85974787016952
12961,-26.85974787016952
12962,-26.85974787016952
12963,-26.85974787016952
12964,-26.85974787016952
12965,-26.85974787016952
12966,-26.85974787016952
12967,-26.85974787016952
12968,-26.85974787016952
12969,-26.85974787016952
12970,-26.85974787016952
12971,-26.85974787016952
12972,-26.85974787016952
12973,-26.85974787016952
12974,-26.85974787016952
12975,-26.85974787016952
12976,-26.85974787016952
12977,-26.85974787016952
12978,-26.85974787016952
12979,-26.85974787016952
12980,-26.85974787016952
12981,-26.85974787016952
12982,-26.85974787016952
12983,-26.85974787016952
12984,-26.85974787016952
12985,-26.85974787016952
12986,-26.85974787016952
12987,-26.85974787016952
12988,-26.85974787016952
12989,-26.85974787016952
12990,-26.85974787016952
12991,-26.85974787016952
12992,-26.85974787016952
12993,-26.85974787016952
12994,-26.85974787016952
12995,-26.85974787016952
12996,-26.85974787016952
12997,-26.85974787016952
12998,-26.85974787016952
12999,-26.85974787016952
13000,-26.85974787016952
13001,-26.85974787016952
13002,-26.85974787016952
13003,-26.85974787016952
13004,-26.85974787016952
13005,-26.85974787016952
13006,-26.85974787016952
13007,-26.85974787016952
13008,-26.85974787016952
13009,-26.85974787016952
13010,-26.85974787016952
13011,-26.85974787016952
13012,-26.85974787016952
13013,-26.85974787016952
13014,-26.85974787016952
13015,-26.85974787016952
13016,-26.85974787016952
13017,-26.85974787016952
13018,-26.85974787016952
13019,-26.85974787016952
13020,-26.85974787016952
13021,-26.85974787016952
13022,-26.85974787016952
13023,-26.85974787016952
13024,-26.85974787016952
13025,-26.85974787016952
13026,-26.85974787016952
13027,-26.85974787016952
13028,-26.85974787016952
13029,-26.85974787016952
13030,-26.85974787016952
13031,-26.85974787016952
13032,-26.85974787016952
13033,-26.85974787016952
13034,-26.85974787016952
13035,-26.85974787016952
13036,-26.85974787016952
13037,-26.85974787016952
13038,-26.85974787016952
13039,-26.85974787016952
13040,-26.85974787016952
13041,-26.85974787016952
13042,-26.85974787016952
13043,-26.85974787016952
13044,-26.85974787016952
13045,-26.85974787016952
13046,-26.85974787016952
13047,-26.85974787016952
13048,-26.85974787016952
13049,-26.85974787016952
13050,-26.85974787016952
13051,-26.85974787016952
13052,-26.85974787016952
13053,-26.85974787016952
13054,-26.85974787016952
13055,-26.85974787016952
13056,-26.85974787016952
13057,-26.85974787016952
13058,-26.85974787016952
13059,-26.85974787016952
13060,-26.85974787016952
13061,-26.85974787016952
13062,-26.85974787016952
13063,-26.85974787016952
13064,-26.85974787016952
13065,-26.85974787016952
13066,-26.85974787016952
13067,-26.85974787016952
13068,-26.85974787016952
13069,-26.85974787016952
13070,-26.85974787016952
13071,-26.85974787016952
13072,-26.85974787016952
13073,-26.85974787016952
13074,-26.85974787016952
13075,-26.85974787016952
13076,-26.85974787016952
13077,-26.85974787016952
13078,-26.85974787016952
13079,-26.85974787016952
13080,-26.85974787016952
13081,-26.85974787016952
13082,-26.85974787016952
13083,-26.85974787016952
13084,-26.85974787016952
13085,-26.85974787016952
13086,-26.85974787016952
13087,-26.85974787016952
13088,-26.85974787016952
13089,-26.85974787016952
13090,-26.85974787016952
13091,-26.85974787016952
13092,-26.85974787016952
13093,-26.85974787016952
13094,-26.85974787016952
13095,-26.85974787016952
13096,-26.85974787016952
13097,-26.85974787016952
13098,-26.85974787016952
13099,-26.85974787016952
13100,-26.85974787016952
13101,-26.85974787016952
13102,-26.85974787016952
13103,-26.85974787016952
13104,-26.85974787016952
13105,-26.85974787016952
13106,-26.85974787016952
13107,-26.85974787016952
13108,-26.85974787016952
13109,-26.85974787016952
13110,-26.85974787016952
13111,-26.85974787016952
13112,-26.85974787016952
13113,-26.85974787016952
13114,-26.85974787016952
13115,-26.85974787016952
13116,-26.85974787016952
13117,-26.85974787016952
13118,-26.85974787016952
13119,-26.85974787016952
13120,-26.85974787016952
13121,-26.85974787016952
13122,-26.85974787016952
13123,-26.85974787016952
13124,-26.85974787016952
13125,-26.85974787016952
13126,-26.85974787016952
13127,-26.85974787016952
13128,-26.85974787016952
13129,-26.85974787016952
13130,-26.85974787016952
13131,-26.85974787016952
13132,-26.85974787016952
13133,-26.85974787016952
13134,-26.85974787016952
13135,-26.85974787016952
13136,-26.85974787016952
13137,-26.85974787016952
13138,-26.85974787016952
13139,-26.85974787016952
13140,-26.85974787016952
13141,-26.85974787016952
13142,-26.85974787016952
13143,-26.85974787016952
13144,-26.85974787016952
13145,-26.85974787016952
13146,-26.85974787016952
13147,-26.85974787016952
13148,-26.85974787016952
13149,-26.85974787016952
13150,-26.85974787016952
13151,-26.85974787016952
13152,-26.85974787016952
13153,-26.85974787016952
13154,-26.85974787016952
13155,-26.85974787016952
13156,-26.85974787016952
13157,-26.85974787016952
13158,-26.85974787016952
13159,-26.85974787016952
13160,-26.85974787016952
13161,-26.85974787016952
13162,-26.85974787016952
13163,-26.85974787016952
13164,-26.85974787016952
13165,-26.85974787016952
13166,-26.85974787016952
13167,-26.85974787016952
13168,-26.85974787016952
13169,-26.85974787016952
13170,-26.85974787016952
13171,-26.85974787016952
13172,-26.85974787016952
13173,-26.85974787016952
13174,-26.85974787016952
13175,-26.85974787016952
13176,-26.85974787016952
13177,-26.85974787016952
13178,-26.85974787016952
13179,-26.85974787016952
13180,-26.85974787016952
13181,-26.85974787016952
13182,-26.85974787016952
13183,-26.85974787016952
13184,-26.85974787016952
13185,-26.85974787016952
13186,-26.85974787016952
13187,-26.85974787016952
13188,-26.85974787016952
13189,-26.85974787016952
13190,-26.85974787016952
13191,-26.85974787016952
13192,-26.85974787016952
13193,-26.85974787016952
13194,-26.85974787016952
13195,-26.85974787016952
13196,-26.85974787016952
13197,-26.85974787016952
13198,-26.85974787016952
13199,-26.85974787016952
13200,-26.85974787016952
13201,-26.85974787016952
13202,-26.85974787016952
13203,-26.85974787016952
13204,-26.85974787016952
13205,-26.85974787016952
13206,-26.85974787016952
13207,-26.85974787016952
13208,-26.85974787016952
13209,-26.85974787016952
13210,-26.85974787016952
13211,-26.85974787016952
13212,-26.85974787016952
13213,-26.85974787016952
13214,-26.85974787016952
13215,-26.85974787016952
13216,-26.85974787016952
13217,-26.85974787016952
13218,-26.85974787016952
13219,-26.85974787016952
13220,-26.85974787016952
13221,-26.85974787016952
13222,-26.85974787016952
13223,-26.85974787016952
13224,-26.85974787016952
13225,-26.85974787016952
13226,-26.85974787016952
13227,-26.85974787016952
13228,-26.85974787016952
13229,-26.85974787016952
13230,-26.85974787016952
13231,-26.85974787016952
13232,-26.85974787016952
13233,-26.85974787016952
13234,-26.85974787016952
13235,-26.85974787016952
13236,-26.85974787016952
13237,-26.85974787016952
13238,-26.85974787016952
13239,-26.85974787016952
13240,-26.85974787016952
13241,-26.85974787016952
13242,-26.85974787016952
13243,-26.85974787016952
13244,-26.85974787016952
13245,-26.85974787016952
13246,-26.85974787016952
13247,-26.85974787016952
13248,-26.85974787016952
13249,-26.85974787016952
13250,-26.85974787016952
13251,-26.85974787016952
13252,-26.85974787016952
13253,-26.85974787016952
13254,-26.85974787016952
13255,-26.85974787016952
13256,-26.85974787016952
13257,-26.85974787016952
13258,-26.85974787016952
13259,-26.85974787016952
13260,-26.85974787016952
13261,-26.85974787016952
13262,-26.85974787016952
13263,-26.85974787016952
13264,-26.85974787016952
13265,-26.85974787016952
13266,-26.85974787016952
13267,-26.85974787016952
13268,-26.85974787016952
13269,-26.85974787016952
13270,-26.85974787016952
13271,-26.85974787016952
13272,-26.85974787016952
13273,-26.85974787016952
13274,-26.85974787016952
13275,-26.85974787016952
13276,-26.85974787016952
13277,-26.85974787016952
13278,-26.85974787016952
13279,-26.85974787016952
13280,-26.85974787016952
13281,-26.85974787016952
13282,-26.85974787016952
13283,-26.85974787016952
13284,-26.85974787016952
13285,-26.85974787016952
13286,-26.85974787016952
13287,-26.85974787016952
13288,-26.85974787016952
13289,-26.85974787016952
13290,-26.85974787016952
13291,-26.85974787016952
13292,-26.85974787016952
13293,-26.85974787016952
13294,-26.85974787016952
13295,-26.85974787016952
13296,-26.85974787016952
13297,-26.85974787016952
13298,-26.85974787016952
13299,-26.85974787016952
13300,-26.85974787016952
13301,-26.85974787016952
13302,-26.85974787016952
13303,-26.85974787016952
13304,-26.85974787016952
13305,-26.85974787016952
13306,-26.85974787016952
13307,-26.85974787016952
13308,-26.85974787016952
13309,-26.85974787016952
13310,-26.85974787016952
13311,-21.28886871531757
13312,-21.28886871531757
13313,-21.28886871531757
13314,-21.28886871531757
13315,-21.28886871531757
13316,-21.28886871531757
13317,-21.28886871531757
13318,-21.28886871531757
13319,-21.28886871531757
13320,-21.28886871531757
13321,-21.28886871531757
13322,-21.28886871531757
13323,-21.28886871531757
13324,-21.28886871531757
13325,-21.28886871531757
13326,-21.28886871531757
13327,-21.28886871531757
13328,-21.28886871531757
13329,-21.28886871531757
13330,-21.28886871531757
13331,-21.28886871531757
13332,-21.28886871531757
13333,-21.28886871531757
13334,-21.28886871531757
13335,-21.28886871531757
13336,-21.28886871531757
13337,-21.28886871531757
13338,-21.28886871531757
13339,-21.28886871531757
13340,-21.28886871531757
13341,-21.28886871531757
13342,-21.28886871531757
13343,-21.28886871531757
13344,-21.28886871531757
13345,-21.28886871531757
13346,-21.28886871531757
13347,-21.28886871531757
13348,-21.28886871531757
13349,-21.28886871531757
13350,-21.28886871531757
13351,-21.28886871531757
13352,-21.28886871531757
13353,-21.28886871531757
13354,-21.28886871531757
13355,-21.28886871531757
13356,-21.28886871531757
13357,-21.28886871531757
13358,-21.28886871531757
13359,-21.28886871531757
13360,-21.28886871531757
13361,-21.28886871531757
13362,-21.28886871531757
13363,-21.28886871531757
13364,-21.28886871531757
13365,-21.28886871531757
13366,-21.28886871531757
13367,-21.28886871531757
13368,-21.28886871531757
13369,-21.28886871531757
13370,-21.28886871531757
13371,-21.28886871531757
13372,-21.28886871531757
13373,-21.28886871531757
13374,-21.28886871531757
13375,-21.28886871531757
13376,-21.28886871531757
13377,-21.28886871531757
13378,-21.28886871531757
13379,-21.28886871531757
13380,-21.28886871531757
13381,-21.28886871531757
13382,-21.28886871531757
13383,-21.28886871531757
13384,-21.28886871531757
13385,-21.28886871531757
13386,-21.28886871531757
13387,-21.28886871531757
13388,-21.28886871531757
13389,-21.28886871531757
13390,-21.28886871531757
13391,-21.28886871531757
13392,-21.28886871531757
13393,-21.28886871531757
13394,-21.28886871531757
13395,-21.28886871531757
13396,-21.28886871531757
13397,-21.28886871531757
13398,-21.28886871531757
13399,-21.28886871531757
13400,-21.28886871531757
13401,-21.28886871531757
13402,-21.28886871531757
13403,-21.28886871531757
13404,-21.28886871531757
13405,-21.28886871531757
13406,-21.28886871531757
13407,-21.28886871531757
13408,-21.28886871531757
13409,-21.28886871531757
13410,-21.28886871531757
13411,-21.28886871531757
13412,-21.28886871531757
13413,-21.28886871531757
13414,-21.28886871531757
13415,-21.28886871531757
13416,-21.28886871531757
13417,-21.28886871531757
13418,-21.28886871531757
13419,-21.28886871531757
13420,-21.28886871531757
13421,-21.28886871531757
13422,-21.28886871531757
13423,-21.28886871531757
13424,-21.28886871531757
13425,-21.28886871531757
13426,-21.28886871531757
13427,-21.28886871531757
13428,-21.28886871531757
13429,-21.28886871531757
13430,-21.28886871531757
13431,-21.28886871531757
13432,-21.28886871531757
13433,-21.28886871531757
13434,-21.28886871531757
13435,-21.28886871531757
13436,-21.28886871531757
13437,-21.28886871531757
13438,-21.28886871531757
13439,-21.28886871531757
13440,-21.28886871531757
13441,-21.28886871531757
13442,-21.28886871531757
13443,-21.28886871531757
13444,-21.28886871531757
13445,-21.28886871531757
13446,-21.28886871531757
13447,-21.28886871531757
13448,-21.28886871531757
13449,-21.28886871531757
13450,-21.28886871531757
13451,-21.28886871531757
13452,-21.28886871531757
13453,-21.28886871531757
13454,-21.28886871531757
13455,-21.28886871531757
13456,-21.28886871531757
13457,-21.28886871531757
13458,-21.28886871531757
13459,-21.28886871531757
13460,-21.28886871531757
13461,-21.28886871531757
13462,-21.28886871531757
13463,-21.28886871531757
13464,-21.28886871531757
13465,-21.28886871531757
13466,-21.28886871531757
13467,-21.28886871531757
13468,-21.28886871531757
13469,-21.28886871531757
13470,-21.28886871531757
13471,-21.28886871531757
13472,-21.28886871531757
13473,-21.28886871531757
13474,-21.28886871531757
13475,-21.28886871531757
13476,-21.28886871531757
13477,-21.28886871531757
13478,-21.28886871531757
13479,-21.28886871531757
13480,-21.28886871531757
13481,-21.28886871531757
13482,-21.28886871531757
13483,-21.28886871531757
13484,-21.28886871531757
13485,-21.28886871531757
13486,-21.28886871531757
13487,-21.28886871531757
13488,-21.28886871531757
13489,-21.28886871531757
13490,-21.28886871531757
13491,-21.28886871531757
13492,-21.28886871531757
13493,-21.28886871531757
13494,-21.28886871531757
13495,-21.28886871531757
13496,-21.28886871531757
13497,-21.28886871531757
13498,-21.28886871531757
13499,-21.28886871531757
13500,-21.28886871531757
13501,-21.28886871531757
13502,-21.28886871531757
13503,-21.28886871531757
13504,-21.28886871531757
13505,-21.28886871531757
13506,-21.28886871531757
13507,-21.28886871531757
13508,-21.28886871531757
13509,-21.28886871531757
13510,-21.28886871531757
13511,-21.28886871531757
13512,-21.28886871531757
13513,-21.28886871531757
13514,-21.28886871531757
13515,-21.28886871531757
13516,-21.28886871531757
13517,-21.28886871531757
13518,-21.28886871531757
13519,-21.28886871531757
13520,-21.28886871531757
13521,-21.28886871531757
13522,-21.28886871531757
13523,-21.28886871531757
13524,-21.28886871531757
13525,-21.28886871531757
13526,-21.28886871531757
13527,-21.28886871531757
13528,-21.28886871531757
13529,-21.28886871531757
13530,-21.28886871531757
13531,-21.28886871531757
13532,-21.28886871531757
13533,-21.28886871531757
13534,-21.28886871531757
13535,-21.28886871531757
13536,-21.28886871531757
13537,-21.28886871531757
13538,-21.28886871531757
13539,-21.28886871531757
13540,-21.28886871531757
13541,-21.28886871531757
13542,-21.28886871531757
13543,-21.28886871531757
13544,-21.28886871531757
13545,-21.28886871531757
13546,-21.28886871531757
13547,-21.28886871531757
13548,-21.28886871531757
13549,-21.28886871531757
13550,-21.28886871531757
13551,-21.28886871531757
13552,-21.28886871531757
13553,-21.28886871531757
13554,-21.28886871531757
13555,-21.28886871531757
13556,-21.28886871531757
13557,-21.28886871531757
13558,-21.28886871531757
13559,-21.28886871531757
13560,-21.28886871531757
13561,-21.28886871531757
13562,-21.28886871531757
13563,-21.28886871531757
13564,-21.28886871531757
13565,-21.28886871531757
13566,-21.28886871531757
13567,-21.28886871531757
13568,-21.28886871531757
13569,-21.28886871531757
13570,-21.28886871531757
13571,-21.28886871531757
13572,-21.28886871531757
13573,-21.28886871531757
13574,-21.28886871531757
13575,-21.28886871531757
13576,-21.28886871531757
13577,-21.28886871531757
13578,-21.28886871531757
13579,-21.28886871531757
13580,-21.28886871531757
13581,-21.28886871531757
13582,-12.902599019841512
13583,-12.902599019841512
13584,-12.902599019841512
13585,-12.902599019841512
13586,-12.902599019841512
13587,-12.902599019841512
13588,-12.902599019841512
13589,-12.902599019841512
13590,-12.902599019841512
13591,-12.902599019841512
13592,-12.902599019841512
13593,-12.902599019841512
13594,-12.902599019841512
13595,-12.902599019841512
13596,-12.902599019841512
13597,-12.902599019841512
13598,-12.902599019841512
13599,-12.902599019841512
13600,-12.902599019841512
13601,-12.902599019841512
13602,-12.902599019841512
13603,-12.902599019841512
13604,-12.902599019841512
13605,-12.902599019841512
13606,-12.902599019841512
13607,-12.902599019841512
13608,-12.902599019841512
13609,-12.902599019841512
13610,-12.902599019841512
13611,-12.902599019841512
13612,-12.902599019841512
13613,-12.902599019841512
13614,-12.902599019841512
13615,-12.902599019841512
13616,-12.902599019841512
13617,-12.902599019841512
13618,-12.902599019841512
13619,-12.902599019841512
13620,-12.902599019841512
13621,-12.902599019841512
13622,-12.902599019841512
13623,-12.902599019841512
13624,-12.902599019841512
13625,-12.902599019841512
13626,-12.902599019841512
13627,-12.902599019841512
13628,-12.902599019841512
13629,-12.902599019841512
13630,-12.902599019841512
13631,-12.902599019841512
13632,-12.902599019841512
13633,-12.902599019841512
13634,-12.902599019841512
13635,-12.902599019841512
13636,-12.902599019841512
13637,-12.902599019841512
13638,-12.902599019841512
13639,-12.902599019841512
13640,-12.902599019841512
13641,-12.902599019841512
13642,-12.902599019841512
13643,-12.902599019841512
13644,-12.902599019841512
13645,-12.902599019841512
13646,-12.902599019841512
13647,-12.902599019841512
13648,-12.902599019841512
13649,-12.902599019841512
13650,-12.902599019841512
13651,-12.902599019841512
13652,-12.902599019841512
13653,-12.902599019841512
13654,-12.902599019841512
13655,-12.902599019841512
13656,-12.902599019841512
13657,-12.902599019841512
13658,-12.902599019841512
13659,-12.902599019841512
13660,-12.902599019841512
13661,-12.902599019841512
13662,-12.902599019841512
13663,-12.902599019841512
13664,-12.902599019841512
13665,-12.902599019841512
13666,-12.902599019841512
13667,-12.902599019841512
13668,-12.902599019841512
13669,-12.902599019841512
13670,-12.902599019841512
13671,-12.902599019841512
13672,-12.902599019841512
13673,-12.902599019841512
13674,-12.902599019841512
13675,-12.902599019841512
13676,-12.902599019841512
13677,-12.902599019841512
13678,-12.902599019841512
13679,-12.902599019841512
13680,-12.902599019841512
13681,-12.902599019841512
13682,-12.902599019841512
13683,-12.902599019841512
13684,-12.902599019841512
13685,-12.902599019841512
13686,-12.902599019841512
13687,-12.902599019841512
13688,-12.902599019841512
13689,-12.902599019841512
13690,-12.902599019841512
13691,-12.902599019841512
13692,-12.902599019841512
13693,-12.902599019841512
13694,-12.902599019841512
13695,-12.902599019841512
13696,-12.902599019841512
13697,-12.902599019841512
13698,-12.902599019841512
13699,-12.902599019841512
13700,-12.902599019841512
13701,-12.902599019841512
13702,-12.902599019841512
13703,-12.902599019841512
13704,-12.902599019841512
13705,-12.902599019841512
13706,-12.902599019841512
13707,-12.902599019841512
13708,-12.902599019841512
13709,-12.902599019841512
13710,-12.902599019841512
13711,-12.902599019841512
13712,-12.902599019841512
13713,-12.902599019841512
13714,-12.902599019841512
13715,-12.902599019841512
13716,-12.902599019841512
13717,-12.902599019841512
13718,-12.902599019841512
13719,-12.902599019841512
13720,-12.902599019841512
13721,-12.902599019841512
13722,-12.902599019841512
13723,-12.902599019841512
13724,-12.902599019841512
13725,-12.902599019841512
13726,-12.902599019841512
13727,-12.902599019841512
13728,-12.902599019841512
13729,-12.902599019841512
13730,-12.902599019841512
13731,-12.902599019841512
13732,-12.902599019841512
13733,-12.902599019841512
13734,-12.902599019841512
13735,-12.902599019841512
13736,-12.902599019841512
13737,-12.902599019841512
13738,-12.902599019841512
13739,-12.902599019841512
13740,-12.902599019841512
13741,-12.902599019841512
13742,-12.902599019841512
13743,-12.902599019841512
13744,-12.902599019841512
13745,-12.902599019841512
13746,-12.902599019841512
13747,-12.902599019841512
13748,-12.902599019841512
13749,-12.902599019841512
13750,-12.902599019841512
13751,-12.902599019841512
13752,-12.902599019841512
13753,-12.902599019841512
13754,-12.902599019841512
13755,-12.902599019841512
13756,-12.902599019841512
13757,-12.902599019841512
13758,-12.902599019841512
13759,-12.902599019841512
13760,-12.902599019841512
13761,-12.902599019841512
13762,-12.902599019841512
13763,-12.902599019841512
13764,-12.902599019841512
13765,-12.902599019841512
13766,-12.902599019841512
13767,-12.902599019841512
13768,-12.902599019841512
13769,-12.902599019841512
13770,-12.902599019841512
13771,-12.902599019841512
13772,-12.902599019841512
13773,-12.902599019841512
13774,-12.902599019841512
13775,-12.902599019841512
13776,-12.902599019841512
13777,-12.902599019841512
13778,-12.902599019841512
13779,-12.902599019841512
13780,-12.902599019841512
13781,-12.902599019841512
13782,-12.902599019841512
13783,-12.902599019841512
13784,-12.902599019841512
13785,-12.902599019841512
13786,-12.902599019841512
13787,-12.902599019841512
13788,-12.902599019841512
13789,-12.902599019841512
13790,-12.902599019841512
13791,-12.902599019841512
13792,-12.902599019841512
13793,-12.902599019841512
13794,-12.902599019841512
13795,-12.902599019841512
13796,-12.902599019841512
13797,-12.902599019841512
13798,-12.902599019841512
13799,-12.902599019841512
13800,-12.902599019841512
13801,-12.902599019841512
13802,-12.902599019841512
13803,-12.902599019841512
13804,-12.902599019841512
13805,-12.902599019841512
13806,-12.902599019841512
13807,-12.902599019841512
13808,-12.902599019841512
13809,-12.902599019841512
13810,-12.902599019841512
13811,-12.902599019841512
13812,-12.902599019841512
13813,-12.902599019841512
13814,-12.902599019841512
13815,-12.902599019841512
13816,-12.902599019841512
13817,-12.902599019841512
13818,-12.902599019841512
13819,-12.902599019841512
13820,-12.902599019841512
13821,-12.902599019841512
13822,-12.902599019841512
13823,-12.902599019841512
13824,-12.902599019841512
13825,-12.902599019841512
13826,-12.902599019841512
13827,-12.902599019841512
13828,-12.902599019841512
13829,-12.902599019841512
13830,-12.902599019841512
13831,-12.902599019841512
13832,-12.902599019841512
13833,-12.902599019841512
13834,-12.902599019841512
13835,-12.902599019841512
13836,-12.902599019841512
13837,-12.902599019841512
13838,-12.902599019841512
13839,-12.902599019841512
13840,-12.902599019841512
13841,-12.902599019841512
13842,-12.902599019841512
13843,-12.902599019841512
13844,-12.902599019841512
13845,-12.902599019841512
13846,-12.902599019841512
13847,-12.902599019841512
13848,-12.902599019841512
13849,-12.902599019841512
13850,-12.902599019841512
13851,-12.902599019841512
13852,-12.902599019841512
13853,-12.902599019841512
13854,-12.902599019841512
13855,-12.902599019841512
13856,-12.902599019841512
13857,-12.902599019841512
13858,-12.902599019841512
13859,-12.902599019841512
13860,-12.902599019841512
13861,-12.902599019841512
13862,-12.902599019841512
13863,-12.902599019841512
13864,-12.902599019841512
13865,-12.902599019841512
13866,-12.902599019841512
13867,-12.902599019841512
13868,-12.902599019841512
13869,-12.902599019841512
13870,-12.902599019841512
13871,-12.902599019841512
13872,-12.902599019841512
13873,-12.902599019841512
13874,-12.902599019841512
13875,-12.902599019841512
13876,-12.902599019841512
13877,-12.902599019841512
13878,-12.902599019841512
13879,-12.902599019841512
13880,-12.902599019841512
13881,-12.902599019841512
13882,-12.902599019841512
13883,-12.902599019841512
13884,-12.902599019841512
13885,-12.902599019841512
13886,-12.902599019841512
13887,-12.902599019841512
13888,-12.902599019841512
13889,-12.902599019841512
13890,-12.902599019841512
13891,-12.902599019841512
13892,-12.902599019841512
13893,-12.902599019841512
13894,-12.902599019841512
13895,-12.902599019841512
13896,-12.902599019841512
13897,-12.902599019841512
13898,-12.902599019841512
13899,-12.902599019841512
13900,-12.902599019841512
13901,-12.902599019841512
13902,-12.902599019841512
13903,-12.902599019841512
13904,-12.902599019841512
13905,-12.902599019841512
13906,-12.902599019841512
13907,-12.902599019841512
13908,-12.902599019841512
13909,-12.902599019841512
13910,-12.902599019841512
13911,-12.902599019841512
13912,-12.902599019841512
13913,-12.902599019841512
13914,-12.902599019841512
13915,-12.902599019841512
13916,-12.902599019841512
13917,-12.902599019841512
13918,-12.902599019841512
13919,-12.902599019841512
13920,-12.902599019841512
13921,-12.902599019841512
13922,-12.902599019841512
13923,-12.902599019841512
13924,-12.902599019841512
13925,-12.902599019841512
13926,-12.902599019841512
13927,-12.902599019841512
13928,-12.902599019841512
13929,-12.902599019841512
13930,-12.902599019841512
13931,-12.902599019841512
13932,-12.902599019841512
13933,-12.902599019841512
13934,-12.902599019841512
13935,-12.902599019841512
13936,-12.902599019841512
13937,-12.902599019841512
13938,-12.902599019841512
13939,-12.902599019841512
13940,-12.902599019841512
13941,-12.902599019841512
13942,-12.902599019841512
13943,-12.902599019841512
13944,-12.902599019841512
13945,-12.902599019841512
13946,-12.902599019841512
13947,-12.902599019841512
13948,-12.902599019841512
13949,-12.902599019841512
13950,-12.902599019841512
13951,-12.902599019841512
13952,-12.902599019841512
13953,-12.902599019841512
13954,-12.902599019841512
13955,-12.902599019841512
13956,-12.902599019841512
13957,-12.902599019841512
13958,-12.902599019841512
13959,-12.902599019841512
13960,-12.902599019841512
13961,-12.902599019841512
13962,-12.902599019841512
13963,-12.902599019841512
13964,-12.902599019841512
13965,-12.902599019841512
13966,-12.902599019841512
13967,-12.902599019841512
13968,-12.902599019841512
13969,-12.902599019841512
13970,-12.902599019841512
13971,-12.902599019841512
13972,-12.902599019841512
13973,-12.902599019841512
13974,-12.902599019841512
13975,-12.902599019841512
13976,-12.902599019841512
13977,-12.902599019841512
13978,-12.902599019841512
13979,-12.902599019841512
13980,-12.902599019841512
13981,-12.902599019841512
13982,-12.902599019841512
13983,-12.902599019841512
13984,-12.902599019841512
13985,-12.902599019841512
13986,-12.902599019841512
13987,-12.902599019841512
13988,-12.902599019841512
13989,-12.902599019841512
13990,-12.902599019841512
13991,-12.902599019841512
13992,-12.902599019841512
13993,-12.902599019841512
13994,-12.902599019841512
13995,-12.902599019841512
13996,-12.902599019841512
13997,-12.902599019841512
13998,-12.902599019841512
13999,-12.902599019841512
14000,-12.902599019841512
14001,-12.902599019841512
14002,-12.902599019841512
14003,-12.902599019841512
14004,-12.902599019841512
14005,-12.902599019841512
14006,-12.902599019841512
14007,-12.902599019841512
14008,-12.902599019841512
14009,-12.902599019841512
14010,-12.902599019841512
14011,-12.902599019841512
14012,-12.902599019841512
14013,-12.902599019841512
14014,-12.902599019841512
14015,-12.902599019841512
14016,-12.902599019841512
14017,-12.902599019841512
14018,-12.902599019841512
14019,-12.902599019841512
14020,-12.902599019841512
14021,-12.902599019841512
14022,-12.902599019841512
14023,-12.902599019841512
14024,-12.902599019841512
14025,-12.902599019841512
14026,-12.902599019841512
14027,-12.902599019841512
14028,-12.902599019841512
14029,-12.902599019841512
14030,-12.902599019841512
14031,-12.902599019841512
14032,-12.902599019841512
14033,-12.902599019841512
14034,-12.902599019841512
14035,-12.902599019841512
14036,-12.902599019841512
14037,-12.902599019841512
14038,-12.902599019841512
14039,-12.902599019841512
14040,-12.902599019841512
14041,-12.902599019841512
14042,-12.902599019841512
14043,-12.902599019841512
14044,-12.902599019841512
14045,-12.902599019841512
14046,-12.902599019841512
14047,-12.902599019841512
14048,-12.902599019841512
14049,-12.902599019841512
14050,-12.902599019841512
14051,-12.902599019841512
14052,-12.902599019841512
14053,-12.902599019841512
14054,-12.902599019841512
14055,-12.902599019841512
14056,-12.902599019841512
14057,-12.902599019841512
14058,-12.902599019841512
14059,-12.902599019841512
14060,-12.902599019841512
14061,-12.902599019841512
14062,-12.902599019841512
14063,-12.902599019841512
14064,-12.902599019841512
14065,-12.902599019841512
14066,-12.902599019841512
14067,-12.902599019841512
14068,-12.902599019841512
14069,-12.902599019841512
14070,-12.902599019841512
14071,-12.902599019841512
14072,-12.902599019841512
14073,-12.902599019841512
14074,-12.902599019841512
14075,-12.902599019841512
14076,-12.902599019841512
14077,-12.902599019841512
14078,-12.902599019841512
14079,-12.902599019841512
14080,-12.902599019841512
14081,-12.902599019841512
14082,-12.902599019841512
14083,-12.902599019841512
14084,-12.902599019841512
14085,-12.902599019841512
14086,-12.902599019841512
14087,-12.902599019841512
14088,-12.902599019841512
14089,-12.902599019841512
14090,-12.902599019841512
14091,-12.902599019841512
14092,-12.902599019841512
14093,-12.902599019841512
14094,-12.902599019841512
14095,-12.902599019841512
14096,-12.902599019841512
14097,-12.902599019841512
14098,-12.902599019841512
14099,-12.902599019841512
14100,-12.902599019841512
14101,-12.902599019841512
14102,-12.902599019841512
14103,-12.902599019841512
14104,-12.902599019841512
14105,-12.902599019841512
14106,-12.902599019841512
14107,-12.902599019841512
14108,-12.902599019841512
14109,-12.902599019841512
14110,-12.902599019841512
14111,-12.902599019841512
14112,-12.902599019841512
14113,-12.902599019841512
14114,-12.902599019841512
14115,-12.902599019841512
14116,-12.902599019841512
14117,-12.902599019841512
14118,-12.902599019841512
14119,-12.902599019841512
14120,-12.902599019841512
14121,-12.902599019841512
14122,-12.902599019841512
14123,-12.902599019841512
14124,-12.902599019841512
14125,-12.902599019841512
14126,-12.902599019841512
14127,-12.902599019841512
14128,-12.902599019841512
14129,-12.902599019841512
14130,-12.902599019841512
14131,-12.902599019841512
14132,-12.902599019841512
14133,-12.902599019841512
14134,-12.902599019841512
14135,-12.902599019841512
14136,-12.902599019841512
14137,-12.902599019841512
14138,-12.902599019841512
14139,-12.902599019841512
14140,-12.902599019841512
14141,-12.902599019841512
14142,-12.902599019841512
14143,-12.902599019841512
14144,-12.902599019841512
14145,-12.902599019841512
14146,-12.902599019841512
14147,-12.902599019841512
14148,-12.902599019841512
14149,-12.902599019841512
14150,-12.902599019841512
14151,-12.902599019841512
14152,-12.902599019841512
14153,-12.902599019841512
14154,-12.902599019841512
14155,-12.902599019841512
14156,-12.902599019841512
14157,-12.902599019841512
14158,-12.902599019841512
14159,-12.902599019841512
14160,-12.902599019841512
14161,-12.902599019841512
14162,-12.902599019841512
14163,-12.902599019841512
14164,-12.902599019841512
14165,-12.902599019841512
14166,-12.902599019841512
14167,-12.902599019841512
14168,-12.902599019841512
14169,-12.902599019841512
14170,-12.902599019841512
14171,-12.902599019841512
14172,-12.902599019841512
14173,-12.902599019841512
14174,-12.902599019841512
14175,-12.902599019841512
14176,-12.902599019841512
14177,-12.902599019841512
14178,-12.902599019841512
14179,-12.902599019841512
14180,-12.902599019841512
14181,-12.902599019841512
14182,-12.902599019841512
14183,-12.902599019841512
14184,-12.902599019841512
14185,-12.902599019841512
14186,-12.902599019841512
14187,-12.902599019841512
14188,-12.902599019841512
14189,-12.902599019841512
14190,-12.902599019841512
14191,-12.902599019841512
14192,-12.902599019841512
14193,-12.902599019841512
14194,-12.902599019841512
14195,-12.902599019841512
14196,-12.902599019841512
14197,-12.902599019841512
14198,-12.902599019841512
14199,-12.902599019841512
14200,-12.902599019841512
14201,-12.902599019841512
14202,-12.902599019841512
14203,-12.902599019841512
14204,-12.902599019841512
14205,-12.902599019841512
14206,-12.902599019841512
14207,-12.902599019841512
14208,-12.902599019841512
14209,-12.902599019841512
14210,-12.902599019841512
14211,-12.902599019841512
14212,-12.902599019841512
14213,-12.902599019841512
14214,-12.902599019841512
14215,-12.902599019841512
14216,-12.902599019841512
14217,-6.433190969045696
14218,-6.433190969045696
14219,-6.433190969045696
14220,-6.433190969045696
14221,-6.433190969045696
14222,-6.433190969045696
14223,-6.433190969045696
14224,-6.433190969045696
14225,-6.433190969045696
14226,-6.433190969045696
14227,-6.433190969045696
14228,-6.433190969045696
14229,-6.433190969045696
14230,-6.433190969045696
14231,-6.433190969045696
14232,-6.433190969045696
14233,-6.433190969045696
14234,-6.433190969045696
14235,-6.433190969045696
14236,-6.433190969045696
14237,-6.433190969045696
14238,-6.433190969045696
14239,-6.433190969045696
14240,-6.433190969045696
14241,-6.433190969045696
14242,-6.433190969045696
14243,-6.433190969045696
14244,-6.433190969045696
14245,-6.433190969045696
14246,-6.433190969045696
14247,-6.433190969045696
14248,-6.433190969045696
14249,-6.433190969045696
14250,-6.433190969045696
14251,-6.433190969045696
14252,-6.433190969045696
14253,-6.433190969045696
14254,-6.433190969045696
14255,-6.433190969045696
14256,-6.433190969045696
14257,-6.433190969045696
14258,-6.433190969045696
14259,-6.433190969045696
14260,-6.433190969045696
14261,-6.433190969045696
14262,-6.433190969045696
14263,-6.433190969045696
14264,-6.433190969045696
14265,-6.433190969045696
14266,-6.433190969045696
14267,-6.433190969045696
14268,-6.433190969045696
14269,-6.433190969045696
14270,-6.433190969045696
14271,-6.433190969045696
14272,-6.433190969045696
14273,-6.433190969045696
14274,-6.433190969045696
14275,-6.433190969045696
14276,-6.433190969045696
14277,-6.433190969045696
14278,-6.433190969045696
14279,-6.433190969045696
14280,-6.433190969045696
14281,-6.433190969045696
14282,-6.433190969045696
14283,-6.433190969045696
14284,-6.433190969045696
14285,-6.433190969045696
14286,-6.433190969045696
14287,-6.433190969045696
14288,-6.433190969045696
14289,-6.433190969045696
14290,-6.433190969045696
14291,-6.433190969045696
14292,-6.433190969045696
14293,-6.433190969045696
14294,-6.433190969045696
14295,-6.433190969045696
14296,-6.433190969045696
14297,-6.433190969045696
14298,-6.433190969045696
14299,-6.433190969045696
14300,-6.433190969045696
14301,-6.433190969045696
14302,-6.433190969045696
14303,-6.433190969045696
14304,-6.433190969045696
14305,-6.433190969045696
14306,-6.433190969045696
14307,-6.433190969045696
14308,-6.433190969045696
14309,-6.433190969045696
14310,-6.433190969045696
14311,-6.433190969045696
14312,-6.433190969045696
14313,-6.433190969045696
14314,-6.433190969045696
14315,-6.433190969045696
14316,-6.433190969045696
14317,-6.433190969045696
14318,-6.433190969045696
14319,-6.433190969045696
14320,-6.433190969045696
14321,-6.433190969045696
14322,-6.433190969045696
14323,-6.433190969045696
14324,-6.433190969045696
14325,-6.433190969045696
14326,-6.433190969045696
14327,-6.433190969045696
14328,-6.433190969045696
14329,-6.433190969045696
14330,-6.433190969045696
14331,-6.433190969045696
14332,-6.433190969045696
14333,-6.433190969045696
14334,-6.433190969045696
14335,-6.433190969045696
14336,-6.433190969045696
14337,-6.433190969045696
14338,-6.433190969045696
14339,-6.433190969045696
14340,-6.433190969045696
14341,-6.433190969045696
14342,-6.433190969045696
14343,-6.433190969045696
14344,-6.433190969045696
14345,-6.433190969045696
14346,-6.433190969045696
14347,-6.433190969045696
14348,-6.433190969045696
14349,-6.433190969045696
14350,-6.433190969045696
14351,-6.433190969045696
14352,-6.433190969045696
14353,-6.433190969045696
14354,-6.433190969045696
14355,-6.433190969045696
14356,-6.433190969045696
14357,-6.433190969045696
14358,-6.433190969045696
14359,-6.433190969045696
14360,-6.433190969045696
14361,-6.433190969045696
14362,-6.433190969045696
14363,-6.433190969045696
14364,-6.433190969045696
14365,-6.433190969045696
14366,-6.433190969045696
14367,-6.433190969045696
14368,-6.433190969045696
14369,-6.433190969045696
14370,-6.433190969045696
14371,-6.433190969045696
14372,-6.433190969045696
14373,-6.433190969045696
14374,-6.433190969045696
14375,-6.433190969045696
14376,-6.433190969045696
14377,-6.433190969045696
14378,-6.433190969045696
14379,-6.433190969045696
14380,-6.433190969045696
14381,-6.433190969045696
14382,-6.433190969045696
14383,-6.433190969045696
14384,-6.433190969045696
14385,-6.433190969045696
14386,-6.433190969045696
14387,-6.433190969045696
14388,-6.433190969045696
14389,-6.433190969045696
14390,-6.433190969045696
14391,-6.433190969045696
14392,-6.433190969045696
14393,-6.433190969045696
14394,-6.433190969045696
14395,-6.433190969045696
14396,-6.433190969045696
14397,-6.433190969045696
14398,-6.433190969045696
14399,-6.433190969045696
14400,-6.433190969045696
14401,-6.433190969045696
14402,-6.433190969045696
14403,-6.433190969045696
14404,-6.433190969045696
14405,-6.433190969045696
14406,-6.433190969045696
14407,-6.433190969045696
14408,-6.433190969045696
14409,-6.433190969045696
14410,-6.433190969045696
14411,-6.433190969045696
14412,-6.433190969045696
14413,-6.433190969045696
14414,-6.433190969045696
14415,-6.433190969045696
14416,-6.433190969045696
14417,-6.433190969045696
14418,-6.433190969045696
14419,-6.433190969045696
14420,-6.433190969045696
14421,-6.433190969045696
14422,-6.433190969045696
14423,-6.433190969045696
14424,-6.433190969045696
14425,-6.433190969045696
14426,-6.433190969045696
14427,-6.433190969045696
14428,-6.433190969045696
14429,-6.433190969045696
14430,-6.433190969045696
14431,-6.433190969045696
14432,-6.433190969045696
14433,-6.433190969045696
14434,-6.433190969045696
14435,-6.433190969045696
14436,-6.433190969045696
14437,-6.433190969045696
14438,-6.433190969045696
14439,-6.433190969045696
14440,-6.433190969045696
14441,-6.433190969045696
14442,-6.433190969045696
14443,-6.433190969045696
14444,-6.433190969045696
14445,-6.433190969045696
14446,-6.433190969045696
14447,-6.433190969045696
14448,-6.433190969045696
14449,-6.433190969045696
14450,-6.433190969045696
14451,-6.433190969045696
14452,-6.433190969045696
14453,-6.433190969045696
14454,-6.433190969045696
14455,-6.433190969045696
14456,-6.433190969045696
14457,-6.433190969045696
14458,-6.433190969045696
14459,-6.433190969045696
14460,-6.433190969045696
14461,-6.433190969045696
14462,-6.433190969045696
14463,-6.433190969045696
14464,-6.433190969045696
14465,-6.433190969045696
14466,-6.433190969045696
14467,-6.433190969045696
14468,-6.433190969045696
14469,-6.433190969045696
14470,-6.433190969045696
14471,-6.433190969045696
14472,-6.433190969045696
14473,-6.433190969045696
14474,-6.433190969045696
14475,-6.433190969045696
14476,-6.433190969045696
14477,-6.433190969045696
14478,-6.433190969045696
14479,-6.433190969045696
14480,-6.433190969045696
14481,-6.433190969045696
14482,-6.433190969045696
14483,-6.433190969045696
14484,-6.433190969045696
14485,-6.433190969045696
14486,-6.433190969045696
14487,-6.433190969045696
14488,-6.433190969045696
14489,-6.433190969045696
14490,-6.433190969045696
14491,-6.433190969045696
14492,-6.433190969045696
14493,-6.433190969045696
14494,-6.433190969045696
14495,-6.433190969045696
14496,-6.433190969045696
14497,-6.433190969045696
14498,-6.433190969045696
14499,-6.433190969045696
14500,-6.433190969045696
14501,-6.433190969045696
14502,-6.433190969045696
14503,-6.433190969045696
14504,-6.433190969045696
14505,-6.433190969045696
14506,-6.433190969045696
14507,-6.433190969045696
14508,-6.433190969045696
14509,-6.433190969045696
14510,-6.433190969045696
14511,-6.433190969045696
14512,-6.433190969045696
14513,-6.433190969045696
14514,-6.433190969045696
14515,-6.433190969045696
14516,-6.433190969045696
14517,-6.433190969045696
14518,-6.433190969045696
14519,-6.433190969045696
14520,-6.433190969045696
14521,-6.433190969045696
14522,-6.433190969045696
14523,-6.433190969045696
14524,-6.433190969045696
14525,-6.433190969045696
14526,-6.433190969045696
14527,-6.433190969045696
14528,-6.433190969045696
14529,-6.433190969045696
14530,-6.433190969045696
14531,-6.433190969045696
14532,-6.433190969045696
14533,-6.433190969045696
14534,-6.433190969045696
14535,-6.433190969045696
14536,-6.433190969045696
14537,-6.433190969045696
14538,-6.433190969045696
14539,-6.433190969045696
14540,-6.433190969045696
14541,-6.433190969045696
14542,-6.433190969045696
14543,-6.433190969045696
14544,-6.433190969045696
14545,-6.433190969045696
14546,-6.433190969045696
14547,-6.433190969045696
14548,-6.433190969045696
14549,-6.433190969045696
14550,-6.433190969045696
14551,-6.433190969045696
14552,-6.433190969045696
14553,-6.433190969045696
14554,-6.433190969045696
14555,-6.433190969045696
14556,-6.433190969045696
14557,-6.433190969045696
14558,-6.433190969045696
14559,-6.433190969045696
14560,-6.433190969045696
14561,-6.433190969045696
14562,-6.433190969045696
14563,-6.433190969045696
14564,-6.433190969045696
14565,-6.433190969045696
14566,-6.433190969045696
14567,-6.433190969045696
14568,-6.433190969045696
14569,-6.433190969045696
14570,-6.433190969045696
14571,-6.433190969045696
14572,-6.433190969045696
14573,-6.433190969045696
14574,-6.433190969045696
14575,-6.433190969045696
14576,-6.433190969045696
14577,-6.433190969045696
14578,-6.433190969045696
14579,-6.433190969045696
14580,-6.433190969045696
14581,-6.433190969045696
14582,-6.433190969045696
14583,-6.433190969045696
14584,-6.433190969045696
14585,-6.433190969045696
14586,-4.8158389563467425
14587,-4.8158389563467425
14588,-4.8158389563467425
14589,-4.8158389563467425
14590,-4.8158389563467425
14591,-4.8158389563467425
14592,-4.8158389563467425
14593,-4.8158389563467425
14594,-4.8158389563467425
14595,-4.8158389563467425
14596,-4.8158389563467425
14597,-4.8158389563467425
14598,-4.8158389563467425
14599,-4.8158389563467425
14600,-4.8158389563467425
14601,-4.8158389563467425
14602,-4.8158389563467425
14603,-4.8158389563467425
14604,-4.8158389563467425
14605,-4.8158389563467425
14606,-4.8158389563467425
14607,-4.8158389563467425
14608,-4.8158389563467425
14609,-4.8158389563467425
14610,-4.8158389563467425
14611,-4.8158389563467425
14612,-4.8158389563467425
14613,-4.8158389563467425
14614,-4.8158389563467425
14615,-4.8158389563467425
14616,-4.8158389563467425
14617,-4.8158389563467425
14618,-4.8158389563467425
14619,-4.8158389563467425
14620,-4.8158389563467425
14621,-4.8158389563467425
14622,-4.8158389563467425
14623,-4.8158389563467425
14624,-4.8158389563467425
14625,-4.8158389563467425
14626,-4.8158389563467425
14627,-4.8158389563467425
14628,-4.8158389563467425
14629,-4.8158389563467425
14630,-4.8158389563467425
14631,-4.8158389563467425
14632,-4.8158389563467425
14633,-4.8158389563467425
14634,-4.8158389563467425
14635,-4.8158389563467425
14636,-4.8158389563467425
14637,-4.8158389563467425
14638,-4.8158389563467425
14639,-4.8158389563467425
14640,-4.8158389563467425
14641,-4.8158389563467425
14642,-4.8158389563467425
14643,-4.8158389563467425
14644,-4.8158389563467425
14645,-4.8158389563467425
14646,-4.8158389563467425
14647,-4.8158389563467425
14648,-4.8158389563467425
14649,-4.8158389563467425
14650,-4.8158389563467425
14651,-4.8158389563467425
14652,-4.8158389563467425
14653,-4.8158389563467425
14654,-4.8158389563467425
14655,-4.8158389563467425
14656,-4.8158389563467425
14657,-4.8158389563467425
14658,-4.8158389563467425
14659,-4.8158389563467425
14660,-4.8158389563467425
14661,-4.8158389563467425
14662,-4.8158389563467425
14663,-4.8158389563467425
14664,-4.8158389563467425
14665,-4.8158389563467425
14666,-4.8158389563467425
14667,-4.8158389563467425
14668,-4.8158389563467425
14669,-4.8158389563467425
14670,-4.8158389563467425
14671,-4.8158389563467425
14672,-4.8158389563467425
14673,-4.8158389563467425
14674,-4.8158389563467425
14675,-4.8158389563467425
14676,-4.8158389563467425
14677,-4.8158389563467425
14678,-4.8158389563467425
14679,-4.8158389563467425
14680,-4.8158389563467425
14681,-4.8158389563467425
14682,-4.8158389563467425
14683,-4.8158389563467425
14684,-4.8158389563467425
14685,-4.8158389563467425
14686,-4.8158389563467425
14687,-4.8158389563467425
14688,-4.8158389563467425
14689,-4.8158389563467425
14690,-4.8158389563467425
14691,-4.8158389563467425
14692,-4.8158389563467425
14693,-4.8158389563467425
14694,-4.8158389563467425
14695,-4.8158389563467425
14696,-4.8158389563467425
14697,-4.8158389563467425
14698,-4.8158389563467425
14699,-4.8158389563467425
14700,-4.8158389563467425
14701,-4.8158389563467425
14702,-4.8158389563467425
14703,-4.8158389563467425
14704,-4.8158389563467425
14705,-4.8158389563467425
14706,-4.8158389563467425
14707,-4.8158389563467425
14708,-4.8158389563467425
14709,-4.8158389563467425
14710,-4.8158389563467425
14711,-4.8158389563467425
14712,-4.8158389563467425
14713,-4.8158389563467425
14714,-4.8158389563467425
14715,-4.8158389563467425
14716,-4.8158389563467425
14717,-4.8158389563467425
14718,-4.8158389563467425
14719,-4.8158389563467425
14720,-4.8158389563467425
14721,-4.8158389563467425
14722,-4.8158389563467425
14723,-4.8158389563467425
14724,-4.8158389563467425
14725,-4.8158389563467425
14726,-4.8158389563467425
14727,-4.8158389563467425
14728,-4.8158389563467425
14729,-4.8158389563467425
14730,-4.8158389563467425
14731,-4.8158389563467425
14732,-4.8158389563467425
14733,-4.8158389563467425
14734,-4.8158389563467425
14735,-4.8158389563467425
14736,-4.8158389563467425
14737,-4.8158389563467425
14738,-4.8158389563467425
14739,-4.8158389563467425
14740,-4.8158389563467425
14741,-4.8158389563467425
14742,-4.8158389563467425
14743,-4.8158389563467425
14744,-4.8158389563467425
14745,-4.8158389563467425
14746,-4.8158389563467425
14747,-4.8158389563467425
14748,-4.8158389563467425
14749,-4.8158389563467425
14750,-4.8158389563467425
14751,-4.8158389563467425
14752,-4.8158389563467425
14753,-4.8158389563467425
14754,-4.8158389563467425
14755,-4.8158389563467425
14756,-4.8158389563467425
14757,-4.8158389563467425
14758,-4.8158389563467425
14759,-4.8158389563467425
14760,-4.8158389563467425
14761,-4.8158389563467425
14762,-4.8158389563467425
14763,-4.8158389563467425
14764,-4.8158389563467425
14765,-4.8158389563467425
14766,-4.8158389563467425
14767,-4.8158389563467425
14768,-4.8158389563467425
14769,-4.8158389563467425
14770,-4.8158389563467425
14771,-4.8158389563467425
14772,-4.8158389563467425
14773,-4.8158389563467425
14774,-4.8158389563467425
14775,-4.8158389563467425
14776,-4.8158389563467425
14777,-4.8158389563467425
14778,-4.8158389563467425
14779,-4.8158389563467425
14780,-4.8158389563467425
14781,-4.8158389563467425
14782,-4.8158389563467425
14783,-4.8158389563467425
14784,-4.8158389563467425
14785,-4.8158389563467425
14786,-4.8158389563467425
14787,-4.8158389563467425
14788,-4.8158389563467425
14789,-4.8158389563467425
14790,-4.8158389563467425
14791,-4.8158389563467425
14792,-4.8158389563467425
14793,-4.8158389563467425
14794,-4.8158389563467425
14795,-4.8158389563467425
14796,-4.8158389563467425
14797,-4.8158389563467425
14798,-4.8158389563467425
14799,-4.8158389563467425
14800,-4.8158389563467425
14801,-4.8158389563467425
14802,-4.8158389563467425
14803,-4.8158389563467425
14804,-4.8158389563467425
14805,-4.8158389563467425
14806,-4.8158389563467425
14807,-4.8158389563467425
14808,-4.8158389563467425
14809,-4.8158389563467425
14810,-4.8158389563467425
14811,-4.8158389563467425
14812,-4.8158389563467425
14813,-4.8158389563467425
14814,-4.8158389563467425
14815,-4.8158389563467425
14816,-4.8158389563467425
14817,-4.8158389563467425
14818,-4.8158389563467425
14819,-4.8158389563467425
14820,-4.8158389563467425
14821,-4.8158389563467425
14822,-4.8158389563467425
14823,-4.8158389563467425
14824,-4.8158389563467425
14825,-4.8158389563467425
14826,-4.8158389563467425
14827,-4.8158389563467425
14828,-4.8158389563467425
14829,-4.8158389563467425
14830,-4.8158389563467425
14831,-4.8158389563467425
14832,-4.8158389563467425
14833,-4.8158389563467425
14834,-4.8158389563467425
14835,-4.8158389563467425
14836,-4.8158389563467425
14837,-4.8158389563467425
14838,-4.8158389563467425
14839,-4.8158389563467425
14840,-4.8158389563467425
14841,-4.8158389563467425
14842,-4.8158389563467425
14843,-4.8158389563467425
14844,-4.8158389563467425
14845,-4.8158389563467425
14846,-4.8158389563467425
14847,-4.8158389563467425
14848,-4.8158389563467425
14849,-4.8158389563467425
14850,-4.8158389563467425
14851,-4.8158389563467425
14852,-4.8158389563467425
14853,-4.8158389563467425
14854,-4.8158389563467425
14855,-4.8158389563467425
14856,-4.8158389563467425
14857,-4.8158389563467425
14858,-4.8158389563467425
14859,-4.8158389563467425
14860,-4.8158389563467425
14861,-4.8158389563467425
14862,-4.8158389563467425
14863,-4.8158389563467425
14864,-4.8158389563467425
14865,-4.8158389563467425
14866,-4.8158389563467425
14867,-4.8158389563467425
14868,-4.8158389563467425
14869,-4.8158389563467425
14870,-4.8158389563467425
14871,-4.8158389563467425
14872,-4.8158389563467425
14873,-4.8158389563467425
14874,-4.8158389563467425
14875,-4.8158389563467425
14876,-4.8158389563467425
14877,-4.8158389563467425
14878,-4.8158389563467425
14879,-4.8158389563467425
14880,-4.8158389563467425
14881,-4.8158389563467425
14882,-4.8158389563467425
14883,-4.8158389563467425
14884,-4.8158389563467425
14885,-4.8158389563467425
14886,-4.8158389563467425
14887,-4.8158389563467425
14888,-4.8158389563467425
14889,-4.8158389563467425
14890,-4.8158389563467425
14891,-4.8158389563467425
14892,-4.8158389563467425
14893,-4.8158389563467425
14894,-4.8158389563467425
14895,-4.8158389563467425
14896,-4.8158389563467425
14897,-4.8158389563467425
14898,-4.8158389563467425
14899,-4.8158389563467425
14900,-4.8158389563467425
14901,-4.8158389563467425
14902,-4.8158389563467425
14903,-4.8158389563467425
14904,-4.8158389563467425
14905,-4.8158389563467425
14906,-4.8158389563467425
14907,-4.8158389563467425
14908,-4.8158389563467425
14909,-4.8158389563467425
14910,-4.8158389563467425
14911,-4.8158389563467425
14912,-4.8158389563467425
14913,-4.8158389563467425
14914,-4.8158389563467425
14915,-4.8158389563467425
14916,-4.8158389563467425
14917,-4.8158389563467425
14918,-4.8158389563467425
14919,-4.8158389563467425
14920,-4.8158389563467425
14921,-4.8158389563467425
14922,-4.8158389563467425
14923,-4.8158389563467425
14924,-4.8158389563467425
14925,-4.8158389563467425
14926,-4.8158389563467425
14927,-4.8158389563467425
14928,-4.8158389563467425
14929,-4.8158389563467425
14930,-4.8158389563467425
14931,-4.8158389563467425
14932,-4.8158389563467425
14933,-4.8158389563467425
14934,-4.8158389563467425
14935,-4.8158389563467425
14936,-4.8158389563467425
14937,-4.8158389563467425
14938,-4.8158389563467425
14939,-4.8158389563467425
14940,-4.8158389563467425
14941,-4.8158389563467425
14942,-4.8158389563467425
14943,-4.8158389563467425
14944,-4.8158389563467425
14945,-4.8158389563467425
14946,-4.8158389563467425
14947,-4.8158389563467425
14948,-4.8158389563467425
14949,-4.8158389563467425
14950,-4.8158389563467425
14951,-4.8158389563467425
14952,-4.8158389563467425
14953,-4.8158389563467425
14954,-4.8158389563467425
14955,-4.8158389563467425
14956,-4.8158389563467425
14957,-4.8158389563467425
14958,-4.8158389563467425
14959,-4.8158389563467425
14960,-4.8158389563467425
14961,-4.8158389563467425
14962,-4.8158389563467425
14963,-4.8158389563467425
14964,-4.8158389563467425
14965,-4.8158389563467425
14966,-4.8158389563467425
14967,-4.8158389563467425
14968,-4.8158389563467425
14969,-4.8158389563467425
14970,-4.8158389563467425
14971,-4.8158389563467425
14972,-4.8158389563467425
14973,-4.8158389563467425
14974,-4.8158389563467425
14975,-4.8158389563467425
14976,-4.8158389563467425
14977,-4.8158389563467425
14978,-4.8158389563467425
14979,-4.8158389563467425
14980,-4.8158389563467425
14981,-4.8158389563467425
14982,-4.8158389563467425
14983,-4.8158389563467425
14984,-4.8158389563467425
14985,-4.8158389563467425
14986,-4.8158389563467425
14987,-4.8158389563467425
14988,-4.8158389563467425
14989,-4.8158389563467425
14990,-4.8158389563467425
14991,-4.8158389563467425
14992,-4.8158389563467425
14993,-4.8158389563467425
14994,-4.8158389563467425
14995,-4.8158389563467425
14996,-4.8158389563467425
14997,-4.8158389563467425
14998,-4.8158389563467425
14999,-4.8158389563467425
15000,-4.8158389563467425
15001,-4.8158389563467425
15002,-4.8158389563467425
15003,-4.8158389563467425
15004,-4.8158389563467425
15005,-4.8158389563467425
15006,-4.8158389563467425
15007,-4.8158389563467425
15008,-4.8158389563467425
15009,-4.8158389563467425
15010,-4.8158389563467425
15011,-4.8158389563467425
15012,-4.8158389563467425
15013,-4.8158389563467425
15014,-4.8158389563467425
15015,-4.8158389563467425
15016,-4.8158389563467425
15017,-4.8158389563467425
15018,-4.8158389563467425
15019,-4.8158389563467425
15020,-4.8158389563467425
15021,-4.8158389563467425
15022,-4.8158389563467425
15023,-4.8158389563467425
15024,-4.8158389563467425
15025,-4.8158389563467425
15026,-4.8158389563467425
15027,-4.8158389563467425
15028,-4.8158389563467425
15029,-4.8158389563467425
15030,-4.8158389563467425
15031,-4.8158389563467425
15032,-4.8158389563467425
15033,-4.8158389563467425
15034,-4.8158389563467425
15035,-4.8158389563467425
15036,-4.8158389563467425
15037,-4.8158389563467425
15038,-4.8158389563467425
15039,-4.8158389563467425
15040,-4.8158389563467425
15041,-4.8158389563467425
15042,-4.8158389563467425
15043,-4.8158389563467425
15044,-4.8158389563467425
15045,-4.8158389563467425
15046,-4.8158389563467425
15047,-4.8158389563467425
15048,-4.8158389563467425
15049,-4.8158389563467425
15050,-4.8158389563467425
15051,-4.8158389563467425
15052,-4.8158389563467425
15053,-4.8158389563467425
15054,-4.8158389563467425
15055,0.21592286093889262
15056,0.21592286093889262
15057,0.21592286093889262
15058,0.21592286093889262
15059,0.21592286093889262
15060,0.21592286093889262
15061,0.21592286093889262
15062,0.21592286093889262
15063,0.21592286093889262
15064,0.21592286093889262
15065,0.21592286093889262
15066,0.21592286093889262
15067,0.21592286093889262
15068,0.21592286093889262
15069,0.21592286093889262
15070,0.21592286093889262
15071,0.21592286093889262
15072,0.21592286093889262
15073,0.21592286093889262
15074,0.21592286093889262
15075,0.21592286093889262
15076,0.21592286093889262
15077,0.21592286093889262
15078,0.21592286093889262
15079,0.21592286093889262
15080,0.21592286093889262
15081,0.21592286093889262
15082,0.21592286093889262
15083,0.21592286093889262
15084,0.21592286093889262
15085,0.21592286093889262
15086,0.21592286093889262
15087,0.21592286093889262
15088,0.21592286093889262
15089,0.21592286093889262
15090,0.21592286093889262
15091,0.21592286093889262
15092,0.21592286093889262
15093,0.21592286093889262
15094,0.21592286093889262
15095,0.21592286093889262
15096,0.21592286093889262
15097,0.21592286093889262
15098,0.21592286093889262
15099,0.21592286093889262
15100,0.21592286093889262
15101,0.21592286093889262
15102,0.21592286093889262
15103,0.21592286093889262
15104,0.21592286093889262
15105,0.21592286093889262
15106,0.21592286093889262
15107,0.21592286093889262
15108,0.21592286093889262
15109,0.21592286093889262
15110,0.21592286093889262
15111,0.21592286093889262
15112,0.21592286093889262
15113,0.21592286093889262
15114,0.21592286093889262
15115,0.21592286093889262
15116,0.21592286093889262
15117,0.21592286093889262
15118,0.21592286093889262
15119,0.21592286093889262
15120,0.21592286093889262
15121,0.21592286093889262
15122,0.21592286093889262
15123,0.21592286093889262
15124,0.21592286093889262
15125,0.21592286093889262
15126,0.21592286093889262
15127,0.21592286093889262
15128,0.21592286093889262
15129,0.21592286093889262
15130,0.21592286093889262
15131,0.21592286093889262
15132,0.21592286093889262
15133,0.21592286093889262
15134,0.21592286093889262
15135,0.21592286093889262
15136,0.21592286093889262
15137,0.21592286093889262
15138,0.21592286093889262
15139,0.21592286093889262
15140,0.21592286093889262
15141,0.21592286093889262
15142,0.21592286093889262
15143,0.21592286093889262
15144,0.21592286093889262
15145,0.21592286093889262
15146,0.21592286093889262
15147,0.21592286093889262
15148,0.21592286093889262
15149,0.21592286093889262
15150,0.21592286093889262
15151,0.21592286093889262
15152,0.21592286093889262
15153,0.21592286093889262
15154,0.21592286093889262
15155,0.21592286093889262
15156,0.21592286093889262
15157,0.21592286093889262
15158,0.21592286093889262
15159,0.21592286093889262
15160,0.21592286093889262
15161,0.21592286093889262
15162,0.21592286093889262
15163,0.21592286093889262
15164,0.21592286093889262
15165,0.21592286093889262
15166,0.21592286093889262
15167,0.21592286093889262
15168,0.21592286093889262
15169,0.21592286093889262
15170,0.21592286093889262
15171,0.21592286093889262
15172,0.21592286093889262
15173,0.21592286093889262
15174,0.21592286093889262
15175,0.21592286093889262
15176,0.21592286093889262
15177,0.21592286093889262
15178,0.21592286093889262
15179,0.21592286093889262
15180,0.21592286093889262
15181,0.21592286093889262
15182,0.21592286093889262
15183,0.21592286093889262
15184,0.21592286093889262
15185,0.21592286093889262
15186,0.21592286093889262
15187,0.21592286093889262
15188,0.21592286093889262
15189,0.21592286093889262
15190,0.21592286093889262
15191,0.21592286093889262
15192,0.21592286093889262
15193,0.21592286093889262
15194,0.21592286093889262
15195,0.21592286093889262
15196,0.21592286093889262
15197,0.21592286093889262
15198,0.21592286093889262
15199,0.21592286093889262
15200,0.21592286093889262
15201,0.21592286093889262
15202,0.21592286093889262
15203,0.21592286093889262
15204,0.21592286093889262
15205,0.21592286093889262
15206,0.21592286093889262
15207,0.21592286093889262
15208,0.21592286093889262
15209,0.21592286093889262
15210,0.21592286093889262
15211,0.21592286093889262
15212,0.21592286093889262
15213,0.21592286093889262
15214,0.21592286093889262
15215,0.21592286093889262
15216,0.21592286093889262
15217,0.21592286093889262
15218,0.21592286093889262
15219,0.21592286093889262
15220,0.21592286093889262
15221,0.21592286093889262
15222,0.21592286093889262
15223,0.21592286093889262
15224,0.21592286093889262
15225,0.21592286093889262
15226,0.21592286093889262
15227,0.21592286093889262
15228,0.21592286093889262
15229,0.21592286093889262
15230,0.21592286093889262
15231,0.21592286093889262
15232,0.21592286093889262
15233,0.21592286093889262
15234,0.21592286093889262
15235,0.21592286093889262
15236,0.21592286093889262
15237,0.21592286093889262
15238,0.21592286093889262
15239,0.21592286093889262
15240,0.21592286093889262
15241,0.21592286093889262
15242,0.21592286093889262
15243,0.21592286093889262
15244,0.21592286093889262
15245,0.21592286093889262
15246,0.21592286093889262
15247,0.21592286093889262
15248,0.21592286093889262
15249,0.21592286093889262
15250,0.21592286093889262
15251,0.21592286093889262
15252,0.21592286093889262
15253,0.21592286093889262
15254,0.21592286093889262
15255,0.21592286093889262
15256,0.21592286093889262
15257,0.21592286093889262
15258,0.21592286093889262
15259,0.21592286093889262
15260,0.21592286093889262
15261,0.21592286093889262
15262,0.21592286093889262
15263,0.21592286093889262
15264,0.21592286093889262
15265,0.21592286093889262
15266,0.21592286093889262
15267,0.21592286093889262
15268,0.21592286093889262
15269,0.21592286093889262
15270,0.21592286093889262
15271,0.21592286093889262
15272,0.21592286093889262
15273,0.21592286093889262
15274,0.21592286093889262
15275,0.21592286093889262
15276,0.21592286093889262
15277,0.21592286093889262
15278,0.21592286093889262
15279,0.21592286093889262
15280,0.21592286093889262
15281,0.21592286093889262
15282,0.21592286093889262
15283,0.21592286093889262
15284,0.21592286093889262
15285,0.21592286093889262
15286,0.21592286093889262
15287,0.21592286093889262
15288,0.21592286093889262
15289,0.21592286093889262
15290,0.21592286093889262
15291,0.21592286093889262
15292,0.21592286093889262
15293,0.21592286093889262
15294,0.21592286093889262
15295,0.21592286093889262
15296,0.21592286093889262
15297,0.21592286093889262
15298,0.21592286093889262
15299,0.21592286093889262
15300,0.21592286093889262
15301,0.21592286093889262
15302,0.21592286093889262
15303,0.21592286093889262
15304,0.21592286093889262
15305,0.21592286093889262
15306,0.21592286093889262
15307,0.21592286093889262
15308,0.21592286093889262
15309,0.21592286093889262
15310,0.21592286093889262
15311,0.21592286093889262
15312,0.21592286093889262
15313,0.21592286093889262
15314,0.21592286093889262
15315,0.21592286093889262
15316,0.21592286093889262
15317,0.21592286093889262
15318,0.21592286093889262
15319,0.21592286093889262
15320,0.21592286093889262
15321,0.21592286093889262
15322,0.21592286093889262
15323,0.21592286093889262
15324,0.21592286093889262
15325,0.21592286093889262
15326,0.21592286093889262
15327,0.21592286093889262
15328,0.21592286093889262
15329,0.21592286093889262
15330,0.21592286093889262
15331,0.21592286093889262
15332,0.21592286093889262
15333,0.21592286093889262
15334,0.21592286093889262
15335,0.21592286093889262
15336,0.21592286093889262
15337,0.21592286093889262
15338,0.21592286093889262
15339,0.21592286093889262
15340,0.21592286093889262
15341,0.21592286093889262
15342,0.21592286093889262
15343,0.21592286093889262
15344,0.21592286093889262
15345,0.21592286093889262
15346,0.21592286093889262
15347,0.21592286093889262
15348,0.21592286093889262
15349,0.21592286093889262
15350,0.21592286093889262
15351,0.21592286093889262
15352,0.21592286093889262
15353,0.21592286093889262
15354,0.21592286093889262
15355,0.21592286093889262
15356,0.21592286093889262
15357,0.21592286093889262
15358,0.21592286093889262
15359,0.21592286093889262
15360,0.21592286093889262
15361,0.21592286093889262
15362,0.21592286093889262
15363,0.21592286093889262
15364,0.21592286093889262
15365,0.21592286093889262
15366,0.21592286093889262
15367,0.21592286093889262
15368,0.21592286093889262
15369,0.21592286093889262
15370,0.21592286093889262
15371,0.21592286093889262
15372,0.21592286093889262
15373,0.21592286093889262
15374,0.21592286093889262
15375,0.21592286093889262
15376,0.21592286093889262
15377,0.21592286093889262
15378,0.21592286093889262
15379,0.21592286093889262
15380,0.21592286093889262
15381,0.21592286093889262
15382,0.21592286093889262
15383,0.21592286093889262
15384,0.21592286093889262
15385,0.21592286093889262
15386,0.21592286093889262
15387,0.21592286093889262
15388,0.21592286093889262
15389,0.21592286093889262
15390,0.21592286093889262
15391,0.21592286093889262
15392,0.21592286093889262
15393,0.21592286093889262
15394,0.21592286093889262
15395,0.21592286093889262
15396,0.21592286093889262
15397,0.21592286093889262
15398,0.21592286093889262
15399,0.21592286093889262
15400,0.21592286093889262
15401,0.21592286093889262
15402,0.21592286093889262
15403,0.21592286093889262
15404,0.21592286093889262
15405,0.21592286093889262
15406,0.21592286093889262
15407,0.21592286093889262
15408,0.21592286093889262
15409,0.21592286093889262
15410,0.21592286093889262
15411,0.21592286093889262
15412,0.21592286093889262
15413,0.21592286093889262
15414,0.21592286093889262
15415,0.21592286093889262
15416,0.21592286093889262
15417,0.21592286093889262
15418,0.21592286093889262
15419,0.21592286093889262
15420,0.21592286093889262
15421,0.21592286093889262
15422,0.21592286093889262
15423,0.21592286093889262
15424,0.21592286093889262
15425,0.21592286093889262
15426,0.21592286093889262
15427,0.21592286093889262
15428,0.21592286093889262
15429,0.21592286093889262
15430,0.21592286093889262
15431,0.21592286093889262
15432,0.21592286093889262
15433,0.21592286093889262
15434,0.21592286093889262
15435,0.21592286093889262
15436,0.21592286093889262
15437,0.21592286093889262
15438,0.21592286093889262
15439,0.21592286093889262
15440,0.21592286093889262
15441,0.21592286093889262
15442,0.21592286093889262
15443,0.21592286093889262
15444,0.21592286093889262
15445,0.21592286093889262
15446,0.21592286093889262
15447,0.21592286093889262
15448,0.21592286093889262
15449,0.21592286093889262
15450,0.21592286093889262
15451,0.21592286093889262
15452,0.21592286093889262
15453,0.21592286093889262
15454,0.21592286093889262
15455,0.21592286093889262
15456,0.21592286093889262
15457,0.21592286093889262
15458,0.21592286093889262
15459,0.21592286093889262
15460,0.21592286093889262
15461,0.21592286093889262
15462,0.21592286093889262
15463,0.21592286093889262
15464,0.21592286093889262
15465,0.21592286093889262
15466,0.21592286093889262
15467,0.21592286093889262
15468,0.21592286093889262
15469,0.21592286093889262
15470,0.21592286093889262
15471,0.21592286093889262
15472,0.21592286093889262
15473,0.21592286093889262
15474,0.21592286093889262
15475,0.21592286093889262
15476,0.21592286093889262
15477,0.21592286093889262
15478,0.21592286093889262
15479,0.21592286093889262
15480,0.21592286093889262
15481,0.21592286093889262
15482,0.21592286093889262
15483,0.21592286093889262
15484,0.21592286093889262
15485,0.21592286093889262
15486,0.21592286093889262
15487,0.21592286093889262
15488,0.21592286093889262
15489,0.21592286093889262
15490,0.21592286093889262
15491,0.21592286093889262
15492,0.21592286093889262
15493,0.21592286093889262
15494,0.21592286093889262
15495,0.21592286093889262
15496,0.21592286093889262
15497,0.21592286093889262
15498,0.21592286093889262
15499,0.21592286093889262
15500,0.21592286093889262
15501,0.21592286093889262
15502,0.21592286093889262
15503,0.21592286093889262
15504,0.21592286093889262
15505,0.21592286093889262
15506,0.21592286093889262
15507,0.21592286093889262
15508,0.21592286093889262
15509,0.21592286093889262
15510,0.21592286093889262
15511,0.21592286093889262
15512,0.21592286093889262
15513,0.21592286093889262
15514,0.21592286093889262
15515,0.21592286093889262
15516,0.21592286093889262
15517,0.21592286093889262
15518,0.21592286093889262
15519,0.21592286093889262
15520,0.21592286093889262
15521,0.21592286093889262
15522,0.21592286093889262
15523,0.21592286093889262
15524,0.21592286093889262
15525,0.21592286093889262
15526,0.21592286093889262
15527,0.21592286093889262
15528,0.21592286093889262
15529,0.21592286093889262
15530,0.21592286093889262
15531,0.21592286093889262
15532,0.21592286093889262
15533,0.21592286093889262
15534,0.21592286093889262
15535,0.21592286093889262
15536,0.21592286093889262
15537,0.21592286093889262
15538,0.21592286093889262
15539,0.21592286093889262
15540,0.21592286093889262
15541,0.21592286093889262
15542,0.21592286093889262
15543,0.21592286093889262
15544,0.21592286093889262
15545,0.21592286093889262
15546,0.21592286093889262
15547,0.21592286093889262
15548,0.21592286093889262
15549,0.21592286093889262
15550,0.21592286093889262
15551,0.21592286093889262
15552,0.21592286093889262
15553,0.21592286093889262
15554,0.21592286093889262
15555,0.21592286093889262
15556,0.21592286093889262
15557,0.21592286093889262
15558,0.21592286093889262
15559,0.21592286093889262
15560,0.21592286093889262
15561,0.21592286093889262
15562,0.21592286093889262
15563,0.21592286093889262
15564,0.21592286093889262
15565,0.21592286093889262
15566,0.21592286093889262
15567,0.21592286093889262
15568,0.21592286093889262
15569,0.21592286093889262
15570,0.21592286093889262
15571,0.21592286093889262
15572,0.21592286093889262
15573,0.21592286093889262
15574,0.21592286093889262
15575,0.21592286093889262
15576,0.21592286093889262
15577,0.21592286093889262
15578,0.21592286093889262
15579,0.21592286093889262
15580,0.21592286093889262
15581,0.21592286093889262
15582,0.21592286093889262
15583,0.21592286093889262
15584,0.21592286093889262
15585,0.21592286093889262
15586,0.21592286093889262
15587,0.21592286093889262
15588,0.21592286093889262
15589,0.21592286093889262
15590,0.21592286093889262
15591,0.21592286093889262
15592,0.21592286093889262
15593,0.21592286093889262
15594,0.21592286093889262
15595,0.21592286093889262
15596,0.21592286093889262
15597,0.21592286093889262
15598,0.21592286093889262
15599,0.21592286093889262
15600,0.21592286093889262
15601,0.21592286093889262
15602,0.21592286093889262
15603,0.21592286093889262
15604,0.21592286093889262
15605,0.21592286093889262
15606,0.21592286093889262
15607,0.21592286093889262
15608,0.21592286093889262
15609,0.21592286093889262
15610,0.21592286093889262
15611,0.21592286093889262
15612,0.21592286093889262
15613,0.21592286093889262
15614,0.21592286093889262
15615,0.21592286093889262
15616,0.21592286093889262
15617,0.21592286093889262
15618,0.21592286093889262
15619,0.21592286093889262
15620,0.21592286093889262
15621,0.21592286093889262
15622,0.21592286093889262
15623,0.21592286093889262
15624,0.21592286093889262
15625,0.21592286093889262
15626,0.21592286093889262
15627,0.21592286093889262
15628,0.21592286093889262
15629,0.21592286093889262
15630,0.21592286093889262
15631,0.21592286093889262
15632,0.21592286093889262
15633,0.21592286093889262
15634,0.21592286093889262
15635,0.21592286093889262
15636,0.21592286093889262
15637,0.21592286093889262
15638,0.21592286093889262
15639,0.21592286093889262
15640,0.21592286093889262
15641,0.21592286093889262
15642,0.21592286093889262
15643,0.21592286093889262
15644,0.21592286093889262
15645,0.21592286093889262
15646,0.21592286093889262
15647,0.21592286093889262
15648,0.21592286093889262
15649,0.21592286093889262
15650,0.21592286093889262
15651,0.21592286093889262
15652,0.21592286093889262
15653,0.21592286093889262
15654,0.21592286093889262
15655,0.21592286093889262
15656,0.21592286093889262
15657,0.21592286093889262
15658,0.21592286093889262
15659,0.21592286093889262
15660,0.21592286093889262
15661,0.21592286093889262
15662,0.21592286093889262
15663,0.21592286093889262
15664,0.21592286093889262
15665,0.21592286093889262
15666,0.21592286093889262
15667,0.21592286093889262
15668,0.21592286093889262
15669,0.21592286093889262
15670,0.21592286093889262
15671,0.21592286093889262
15672,0.21592286093889262
15673,0.21592286093889262
15674,0.21592286093889262
15675,0.21592286093889262
15676,0.21592286093889262
15677,0.21592286093889262
15678,0.21592286093889262
15679,0.21592286093889262
15680,0.21592286093889262
15681,0.21592286093889262
15682,0.21592286093889262
15683,0.21592286093889262
15684,0.21592286093889262
15685,0.21592286093889262
15686,0.21592286093889262
15687,0.21592286093889262
15688,0.21592286093889262
15689,0.21592286093889262
15690,0.21592286093889262
15691,0.21592286093889262
15692,0.21592286093889262
15693,0.21592286093889262
15694,0.21592286093889262
15695,0.21592286093889262
15696,0.21592286093889262
15697,0.21592286093889262
15698,0.21592286093889262
15699,0.21592286093889262
15700,0.21592286093889262
15701,0.21592286093889262
15702,0.21592286093889262
15703,0.21592286093889262
15704,0.21592286093889262
15705,0.21592286093889262
15706,0.21592286093889262
15707,0.21592286093889262
15708,0.21592286093889262
15709,0.21592286093889262
15710,0.21592286093889262
15711,0.21592286093889262
15712,0.21592286093889262
15713,0.21592286093889262
15714,0.21592286093889262
15715,0.21592286093889262
15716,0.21592286093889262
15717,0.21592286093889262
15718,0.21592286093889262
15719,0.21592286093889262
15720,0.21592286093889262
15721,0.21592286093889262
15722,0.21592286093889262
15723,0.21592286093889262
15724,0.21592286093889262
15725,0.21592286093889262
15726,0.21592286093889262
15727,0.21592286093889262
15728,0.21592286093889262
15729,0.21592286093889262
15730,0.21592286093889262
15731,0.21592286093889262
15732,0.21592286093889262
15733,0.21592286093889262
15734,0.21592286093889262
15735,0.21592286093889262
15736,0.21592286093889262
15737,0.21592286093889262
15738,0.21592286093889262
15739,0.21592286093889262
15740,0.21592286093889262
15741,0.21592286093889262
15742,0.21592286093889262
15743,0.21592286093889262
15744,0.21592286093889262
15745,0.21592286093889262
15746,0.21592286093889262
15747,0.21592286093889262
15748,0.21592286093889262
15749,0.21592286093889262
15750,0.21592286093889262
15751,0.21592286093889262
15752,0.21592286093889262
15753,0.21592286093889262
15754,0.21592286093889262
15755,0.21592286093889262
15756,0.21592286093889262
15757,0.21592286093889262
15758,0.21592286093889262
15759,0.21592286093889262
15760,0.21592286093889262
15761,0.21592286093889262
15762,0.21592286093889262
15763,0.21592286093889262
15764,0.21592286093889262
15765,0.21592286093889262
15766,0.21592286093889262
15767,0.21592286093889262
15768,0.21592286093889262
15769,0.21592286093889262
15770,0.21592286093889262
15771,0.21592286093889262
15772,0.21592286093889262
15773,0.21592286093889262
15774,0.21592286093889262
15775,0.21592286093889262
15776,0.21592286093889262
15777,0.21592286093889262
15778,0.21592286093889262
15779,0.21592286093889262
15780,0.21592286093889262
15781,0.21592286093889262
15782,0.21592286093889262
15783,0.21592286093889262
15784,0.21592286093889262
15785,0.21592286093889262
15786,0.21592286093889262
15787,0.21592286093889262
15788,0.21592286093889262
15789,0.21592286093889262
15790,0.21592286093889262
15791,0.21592286093889262
15792,0.21592286093889262
15793,0.21592286093889262
15794,0.21592286093889262
15795,0.21592286093889262
15796,7.88336943965986
15797,7.88336943965986
15798,7.88336943965986
15799,7.88336943965986
15800,7.88336943965986
15801,7.88336943965986
15802,7.88336943965986
15803,7.88336943965986
15804,7.88336943965986
15805,7.88336943965986
15806,7.88336943965986
15807,7.88336943965986
15808,7.88336943965986
15809,7.88336943965986
15810,7.88336943965986
15811,7.88336943965986
15812,7.88336943965986
15813,7.88336943965986
15814,7.88336943965986
15815,7.88336943965986
15816,7.88336943965986
15817,7.88336943965986
15818,7.88336943965986
15819,7.88336943965986
15820,7.88336943965986
15821,7.88336943965986
15822,7.88336943965986
15823,7.88336943965986
15824,7.88336943965986
15825,7.88336943965986
15826,7.88336943965986
15827,7.88336943965986
15828,7.88336943965986
15829,7.88336943965986
15830,7.88336943965986
15831,7.88336943965986
15832,7.88336943965986
15833,7.88336943965986
15834,7.88336943965986
15835,7.88336943965986
15836,7.88336943965986
15837,7.88336943965986
15838,7.88336943965986
15839,7.88336943965986
15840,7.88336943965986
15841,7.88336943965986
15842,7.88336943965986
15843,7.88336943965986
15844,7.88336943965986
15845,7.88336943965986
15846,7.88336943965986
15847,7.88336943965986
15848,7.88336943965986
15849,7.88336943965986
15850,7.88336943965986
15851,7.88336943965986
15852,7.88336943965986
15853,7.88336943965986
15854,7.88336943965986
15855,7.88336943965986
15856,7.88336943965986
15857,7.88336943965986
15858,7.88336943965986
15859,7.88336943965986
15860,7.88336943965986
15861,7.88336943965986
15862,7.88336943965986
15863,7.88336943965986
15864,7.88336943965986
15865,7.88336943965986
15866,7.88336943965986
15867,7.88336943965986
15868,7.88336943965986
15869,7.88336943965986
15870,7.88336943965986
15871,7.88336943965986
15872,7.88336943965986
15873,7.88336943965986
15874,7.88336943965986
15875,7.88336943965986
15876,7.88336943965986
15877,7.88336943965986
15878,7.88336943965986
15879,7.88336943965986
15880,7.88336943965986
15881,7.88336943965986
15882,7.88336943965986
15883,7.88336943965986
15884,7.88336943965986
15885,7.88336943965986
15886,7.88336943965986
15887,7.88336943965986
15888,7.88336943965986
15889,7.88336943965986
15890,7.88336943965986
15891,7.88336943965986
15892,7.88336943965986
15893,7.88336943965986
15894,7.88336943965986
15895,7.88336943965986
15896,7.88336943965986
15897,7.88336943965986
15898,7.88336943965986
15899,7.88336943965986
15900,7.88336943965986
15901,7.88336943965986
15902,7.88336943965986
15903,7.88336943965986
15904,7.88336943965986
15905,7.88336943965986
15906,7.88336943965986
15907,7.88336943965986
15908,7.88336943965986
15909,7.88336943965986
15910,7.88336943965986
15911,7.88336943965986
15912,7.88336943965986
15913,7.88336943965986
15914,7.88336943965986
15915,7.88336943965986
15916,7.88336943965986
15917,7.88336943965986
15918,7.88336943965986
15919,7.88336943965986
15920,7.88336943965986
15921,7.88336943965986
15922,7.88336943965986
15923,7.88336943965986
15924,7.88336943965986
15925,7.88336943965986
15926,7.88336943965986
15927,7.88336943965986
15928,7.88336943965986
15929,7.88336943965986
15930,7.88336943965986
15931,7.88336943965986
15932,7.88336943965986
15933,7.88336943965986
15934,7.88336943965986
15935,7.88336943965986
15936,7.88336943965986
15937,7.88336943965986
15938,7.88336943965986
15939,7.88336943965986
15940,7.88336943965986
15941,7.88336943965986
15942,7.88336943965986
15943,7.88336943965986
15944,7.88336943965986
15945,7.88336943965986
15946,7.88336943965986
15947,7.88336943965986
15948,7.88336943965986
15949,7.88336943965986
15950,7.88336943965986
15951,7.88336943965986
15952,7.88336943965986
15953,7.88336943965986
15954,7.88336943965986
15955,7.88336943965986
15956,7.88336943965986
15957,7.88336943965986
15958,7.88336943965986
15959,7.88336943965986
15960,7.88336943965986
15961,7.88336943965986
15962,7.88336943965986
15963,7.88336943965986
15964,7.88336943965986
15965,7.88336943965986
15966,7.88336943965986
15967,7.88336943965986
15968,7.88336943965986
15969,7.88336943965986
15970,7.88336943965986
15971,7.88336943965986
15972,7.88336943965986
15973,7.88336943965986
15974,7.88336943965986
15975,7.88336943965986
15976,7.88336943965986
15977,7.88336943965986
15978,7.88336943965986
15979,7.88336943965986
15980,7.88336943965986
15981,7.88336943965986
15982,7.88336943965986
15983,7.88336943965986
15984,7.88336943965986
15985,7.88336943965986
15986,7.88336943965986
15987,7.88336943965986
15988,7.88336943965986
15989,7.88336943965986
15990,7.88336943965986
15991,7.88336943965986
15992,7.88336943965986
15993,7.88336943965986
15994,7.88336943965986
15995,7.88336943965986
15996,7.88336943965986
15997,7.88336943965986
15998,7.88336943965986
15999,7.88336943965986
16000,7.88336943965986
16001,7.88336943965986
16002,7.88336943965986
16003,7.88336943965986
16004,7.88336943965986
16005,7.88336943965986
16006,7.88336943965986
16007,7.88336943965986
16008,7.88336943965986
16009,7.88336943965986
16010,7.88336943965986
16011,7.88336943965986
16012,7.88336943965986
16013,7.88336943965986
16014,7.88336943965986
16015,7.88336943965986
16016,7.88336943965986
16017,7.88336943965986
16018,7.88336943965986
16019,7.88336943965986
16020,7.88336943965986
16021,7.88336943965986
16022,7.88336943965986
16023,7.88336943965986
16024,7.88336943965986
16025,7.88336943965986
16026,7.88336943965986
16027,7.88336943965986
16028,7.88336943965986
16029,7.88336943965986
16030,7.88336943965986
16031,7.88336943965986
16032,7.88336943965986
16033,7.88336943965986
16034,7.88336943965986
16035,7.88336943965986
16036,7.88336943965986
16037,7.88336943965986
16038,7.88336943965986
16039,7.88336943965986
16040,7.88336943965986
16041,7.88336943965986
16042,7.88336943965986
16043,7.88336943965986
16044,7.88336943965986
16045,7.88336943965986
16046,7.88336943965986
16047,7.88336943965986
16048,7.88336943965986
16049,7.88336943965986
16050,7.88336943965986
16051,7.88336943965986
16052,7.88336943965986
16053,7.88336943965986
16054,7.88336943965986
16055,7.88336943965986
16056,7.88336943965986
16057,7.88336943965986
16058,7.88336943965986
16059,7.88336943965986
16060,7.88336943965986
16061,7.88336943965986
16062,7.88336943965986
16063,7.88336943965986
16064,7.88336943965986
16065,7.88336943965986
16066,7.88336943965986
16067,7.88336943965986
16068,7.88336943965986
16069,7.88336943965986
16070,7.88336943965986
16071,7.88336943965986
16072,7.88336943965986
16073,7.88336943965986
16074,7.88336943965986
16075,7.88336943965986
16076,7.88336943965986
16077,7.88336943965986
16078,7.88336943965986
16079,7.88336943965986
16080,7.88336943965986
16081,7.88336943965986
16082,7.88336943965986
16083,7.88336943965986
16084,7.88336943965986
16085,7.88336943965986
16086,7.88336943965986
16087,7.88336943965986
16088,7.88336943965986
16089,7.88336943965986
16090,7.88336943965986
16091,7.88336943965986
16092,7.88336943965986
16093,7.88336943965986
16094,7.88336943965986
16095,7.88336943965986
16096,7.88336943965986
16097,7.88336943965986
16098,7.88336943965986
16099,7.88336943965986
16100,7.88336943965986
16101,7.88336943965986
16102,7.88336943965986
16103,7.88336943965986
16104,7.88336943965986
16105,7.88336943965986
16106,7.88336943965986
16107,7.88336943965986
16108,7.88336943965986
16109,7.88336943965986
16110,7.88336943965986
16111,7.88336943965986
16112,7.88336943965986
16113,7.88336943965986
16114,7.88336943965986
16115,7.88336943965986
16116,7.88336943965986
16117,7.88336943965986
16118,7.88336943965986
16119,7.88336943965986
16120,7.88336943965986
16121,7.88336943965986
16122,7.88336943965986
16123,7.88336943965986
16124,7.88336943965986
16125,7.88336943965986
16126,7.88336943965986
16127,7.88336943965986
16128,7.88336943965986
16129,7.88336943965986
16130,7.88336943965986
16131,7.88336943965986
16132,7.88336943965986
16133,7.88336943965986
16134,7.88336943965986
16135,7.88336943965986
16136,7.88336943965986
16137,7.88336943965986
16138,7.88336943965986
16139,7.88336943965986
16140,7.88336943965986
16141,7.88336943965986
16142,7.88336943965986
16143,7.88336943965986
16144,7.88336943965986
16145,7.88336943965986
16146,7.88336943965986
16147,7.88336943965986
16148,7.88336943965986
16149,7.88336943965986
16150,7.88336943965986
16151,7.88336943965986
16152,7.88336943965986
16153,7.88336943965986
16154,7.88336943965986
16155,7.88336943965986
16156,7.88336943965986
16157,7.88336943965986
16158,7.88336943965986
16159,7.88336943965986
16160,7.88336943965986
16161,7.88336943965986
16162,7.88336943965986
16163,7.88336943965986
16164,7.88336943965986
16165,7.88336943965986
16166,7.88336943965986
16167,7.88336943965986
16168,7.88336943965986
16169,7.88336943965986
16170,7.88336943965986
16171,7.88336943965986
16172,7.88336943965986
16173,7.88336943965986
16174,7.88336943965986
16175,7.88336943965986
16176,7.88336943965986
16177,7.88336943965986
16178,7.88336943965986
16179,7.88336943965986
16180,7.88336943965986
16181,7.88336943965986
16182,7.88336943965986
16183,7.88336943965986
16184,7.88336943965986
16185,7.88336943965986
16186,7.88336943965986
16187,7.88336943965986
16188,7.88336943965986
16189,7.88336943965986
16190,7.88336943965986
16191,7.88336943965986
16192,7.88336943965986
16193,7.88336943965986
16194,7.88336943965986
16195,7.88336943965986
16196,7.88336943965986
16197,7.88336943965986
16198,7.88336943965986
16199,7.88336943965986
16200,7.88336943965986
16201,7.88336943965986
16202,7.88336943965986
16203,7.88336943965986
16204,7.88336943965986
16205,7.88336943965986
16206,7.88336943965986
16207,7.88336943965986
16208,7.88336943965986
16209,7.88336943965986
16210,7.88336943965986
16211,7.88336943965986
16212,7.88336943965986
16213,7.88336943965986
16214,7.88336943965986
16215,7.88336943965986
16216,7.88336943965986
16217,7.88336943965986
16218,7.88336943965986
16219,7.88336943965986
16220,7.88336943965986
16221,7.88336943965986
16222,7.88336943965986
16223,7.88336943965986
16224,7.88336943965986
16225,7.88336943965986
16226,7.88336943965986
16227,7.88336943965986
16228,7.88336943965986
16229,7.88336943965986
16230,7.88336943965986
16231,7.88336943965986
16232,7.88336943965986
16233,7.88336943965986
16234,7.88336943965986
16235,7.88336943965986
16236,7.88336943965986
16237,7.88336943965986
16238,7.88336943965986
16239,7.88336943965986
16240,7.88336943965986
16241,7.88336943965986
16242,7.88336943965986
16243,7.88336943965986
16244,7.88336943965986
16245,7.88336943965986
16246,7.88336943965986
16247,7.88336943965986
16248,7.88336943965986
16249,7.88336943965986
16250,7.88336943965986
16251,7.88336943965986
16252,7.88336943965986
16253,7.88336943965986
16254,7.88336943965986
16255,7.88336943965986
16256,7.88336943965986
16257,7.88336943965986
16258,7.88336943965986
16259,7.88336943965986
16260,7.88336943965986
16261,7.88336943965986
16262,7.88336943965986
16263,7.88336943965986
16264,7.88336943965986
16265,7.88336943965986
16266,7.88336943965986
16267,7.88336943965986
16268,7.88336943965986
16269,7.88336943965986
16270,7.88336943965986
16271,7.88336943965986
16272,7.88336943965986
16273,7.88336943965986
16274,7.88336943965986
16275,7.88336943965986
16276,7.88336943965986
16277,7.88336943965986
16278,7.88336943965986
16279,7.88336943965986
16280,7.88336943965986
16281,7.88336943965986
16282,7.88336943965986
16283,7.88336943965986
16284,7.88336943965986
16285,7.88336943965986
16286,7.88336943965986
16287,7.88336943965986
16288,7.88336943965986
16289,7.88336943965986
16290,7.88336943965986
16291,7.88336943965986
16292,7.88336943965986
16293,7.88336943965986
16294,7.88336943965986
16295,7.88336943965986
16296,7.88336943965986
16297,7.88336943965986
16298,7.88336943965986
16299,7.88336943965986
16300,7.88336943965986
16301,7.88336943965986
16302,7.88336943965986
16303,7.88336943965986
16304,7.88336943965986
16305,7.88336943965986
16306,7.88336943965986
16307,7.88336943965986
16308,7.88336943965986
16309,7.88336943965986
16310,7.88336943965986
16311,7.88336943965986
16312,7.88336943965986
16313,7.88336943965986
16314,7.88336943965986
16315,7.88336943965986
16316,7.88336943965986
16317,7.88336943965986
16318,7.88336943965986
16319,7.88336943965986
16320,7.88336943965986
16321,7.88336943965986
16322,7.88336943965986
16323,7.88336943965986
16324,7.88336943965986
16325,7.88336943965986
16326,7.88336943965986
16327,7.88336943965986
16328,7.88336943965986
16329,7.88336943965986
16330,7.88336943965986
16331,7.88336943965986
16332,7.88336943965986
16333,7.88336943965986
16334,7.88336943965986
16335,7.88336943965986
16336,7.88336943965986
16337,7.88336943965986
16338,7.88336943965986
16339,7.88336943965986
16340,7.88336943965986
16341,7.88336943965986
