frame,pupil_norm
1,-18.63273764427935
2,-18.63273764427935
3,-18.63273764427935
4,-18.63273764427935
5,-18.63273764427935
6,-18.63273764427935
7,-18.63273764427935
8,-18.63273764427935
9,-18.63273764427935
10,-18.63273764427935
11,-18.63273764427935
12,-18.63273764427935
13,-18.63273764427935
14,-18.63273764427935
15,-18.63273764427935
16,-18.63273764427935
17,-18.63273764427935
18,-18.63273764427935
19,-18.63273764427935
20,-18.63273764427935
21,-18.63273764427935
22,-18.63273764427935
23,-18.63273764427935
24,-18.63273764427935
25,-18.63273764427935
26,-18.63273764427935
27,-18.63273764427935
28,-18.63273764427935
29,-18.63273764427935
30,-18.63273764427935
31,-18.63273764427935
32,-18.63273764427935
33,-18.63273764427935
34,-18.63273764427935
35,-18.63273764427935
36,-18.63273764427935
37,-18.63273764427935
38,-18.63273764427935
39,-18.63273764427935
40,-18.63273764427935
41,-18.63273764427935
42,-18.63273764427935
43,-18.63273764427935
44,-18.63273764427935
45,-18.63273764427935
46,-18.63273764427935
47,-18.63273764427935
48,-18.63273764427935
49,-18.63273764427935
50,-18.63273764427935
51,-18.63273764427935
52,-18.63273764427935
53,-18.63273764427935
54,-18.63273764427935
55,-18.63273764427935
56,-18.63273764427935
57,-18.63273764427935
58,-18.63273764427935
59,-18.63273764427935
60,-18.63273764427935
61,-18.63273764427935
62,-18.63273764427935
63,-18.63273764427935
64,-18.63273764427935
65,-18.63273764427935
66,-18.63273764427935
67,-18.63273764427935
68,-18.63273764427935
69,-18.63273764427935
70,-18.63273764427935
71,-18.63273764427935
72,-18.63273764427935
73,-18.63273764427935
74,-18.63273764427935
75,-18.63273764427935
76,-18.63273764427935
77,-18.63273764427935
78,-18.63273764427935
79,-18.63273764427935
80,-18.63273764427935
81,-18.63273764427935
82,-18.63273764427935
83,-18.63273764427935
84,-18.63273764427935
85,-18.63273764427935
86,-18.63273764427935
87,-18.63273764427935
88,-18.63273764427935
89,-18.63273764427935
90,-18.63273764427935
91,-18.63273764427935
92,-18.63273764427935
93,-18.63273764427935
94,-18.63273764427935
95,-18.63273764427935
96,-18.63273764427935
97,-18.63273764427935
98,-14.69316814474725
99,-14.69316814474725
100,-14.69316814474725
101,-14.69316814474725
102,-14.69316814474725
103,-14.69316814474725
104,-14.69316814474725
105,-14.69316814474725
106,-14.69316814474725
107,-14.69316814474725
108,-14.69316814474725
109,-14.69316814474725
110,-14.69316814474725
111,-14.69316814474725
112,-14.69316814474725
113,-14.69316814474725
114,-14.69316814474725
115,-14.69316814474725
116,-14.69316814474725
117,-14.69316814474725
118,-14.69316814474725
119,-14.69316814474725
120,-14.69316814474725
121,-14.69316814474725
122,-14.69316814474725
123,-14.69316814474725
124,-14.69316814474725
125,-14.69316814474725
126,-14.69316814474725
127,-14.69316814474725
128,-14.69316814474725
129,-14.69316814474725
130,-14.69316814474725
131,-14.69316814474725
132,-14.69316814474725
133,-14.69316814474725
134,-14.69316814474725
135,-14.69316814474725
136,-14.69316814474725
137,-14.69316814474725
138,-14.69316814474725
139,-14.69316814474725
140,-14.69316814474725
141,-14.69316814474725
142,-14.69316814474725
143,-14.69316814474725
144,-14.69316814474725
145,-14.69316814474725
146,-14.69316814474725
147,-14.69316814474725
148,-14.69316814474725
149,-14.69316814474725
150,-14.69316814474725
151,-14.69316814474725
152,-14.69316814474725
153,-14.69316814474725
154,-14.69316814474725
155,-14.69316814474725
156,-14.69316814474725
157,-14.69316814474725
158,-14.69316814474725
159,-14.69316814474725
160,-14.69316814474725
161,-14.69316814474725
162,-14.69316814474725
163,-14.69316814474725
164,-14.69316814474725
165,-14.69316814474725
166,-14.69316814474725
167,-14.69316814474725
168,-14.69316814474725
169,-14.69316814474725
170,-14.69316814474725
171,-14.69316814474725
172,-14.69316814474725
173,-14.69316814474725
174,-14.69316814474725
175,-14.69316814474725
176,-14.69316814474725
177,-14.69316814474725
178,-14.69316814474725
179,-14.69316814474725
180,-14.69316814474725
181,-14.69316814474725
182,-14.69316814474725
183,-14.69316814474725
184,-14.69316814474725
185,-14.69316814474725
186,-14.69316814474725
187,-14.69316814474725
188,-14.69316814474725
189,-14.69316814474725
190,-14.69316814474725
191,-14.69316814474725
192,-14.69316814474725
193,-14.69316814474725
194,-14.69316814474725
195,-14.69316814474725
196,-14.69316814474725
197,-14.69316814474725
198,-14.69316814474725
199,-14.69316814474725
200,-14.69316814474725
201,-14.69316814474725
202,-14.69316814474725
203,-14.69316814474725
204,-14.69316814474725
205,-14.69316814474725
206,-14.69316814474725
207,-14.69316814474725
208,-14.69316814474725
209,-14.69316814474725
210,-14.69316814474725
211,-14.69316814474725
212,-14.69316814474725
213,-14.69316814474725
214,-14.69316814474725
215,-14.69316814474725
216,-14.69316814474725
217,-14.69316814474725
218,-14.69316814474725
219,-14.69316814474725
220,-14.69316814474725
221,-14.69316814474725
222,-14.69316814474725
223,-14.69316814474725
224,-14.69316814474725
225,-14.69316814474725
226,-14.69316814474725
227,-14.69316814474725
228,-14.69316814474725
229,-14.69316814474725
230,-14.69316814474725
231,-14.69316814474725
232,-14.69316814474725
233,-14.69316814474725
234,-14.69316814474725
235,-14.69316814474725
236,-14.69316814474725
237,-14.69316814474725
238,-14.69316814474725
239,-14.69316814474725
240,-14.69316814474725
241,-14.69316814474725
242,-14.69316814474725
243,-14.69316814474725
244,-14.69316814474725
245,-14.69316814474725
246,-14.69316814474725
247,-14.69316814474725
248,-14.69316814474725
249,-14.69316814474725
250,-14.69316814474725
251,-14.69316814474725
252,-14.69316814474725
253,-14.69316814474725
254,-14.69316814474725
255,-14.69316814474725
256,-14.69316814474725
257,-14.69316814474725
258,-14.69316814474725
259,-14.69316814474725
260,-14.69316814474725
261,-14.69316814474725
262,-14.69316814474725
263,-14.69316814474725
264,-14.69316814474725
265,-14.69316814474725
266,-14.69316814474725
267,-14.69316814474725
268,-14.69316814474725
269,-14.69316814474725
270,-14.69316814474725
271,-14.69316814474725
272,-14.69316814474725
273,-14.69316814474725
274,-14.69316814474725
275,-14.69316814474725
276,-14.69316814474725
277,-14.69316814474725
278,-14.69316814474725
279,-14.69316814474725
280,-14.69316814474725
281,-14.69316814474725
282,-14.69316814474725
283,-14.69316814474725
284,-14.69316814474725
285,-14.69316814474725
286,-14.69316814474725
287,-14.69316814474725
288,-14.69316814474725
289,-14.69316814474725
290,-14.69316814474725
291,-14.69316814474725
292,-14.69316814474725
293,-14.69316814474725
294,-14.69316814474725
295,-14.69316814474725
296,-14.69316814474725
297,-14.69316814474725
298,-14.69316814474725
299,-14.69316814474725
300,-14.69316814474725
301,-14.69316814474725
302,-14.69316814474725
303,-14.69316814474725
304,-14.69316814474725
305,-14.69316814474725
306,-14.69316814474725
307,-14.69316814474725
308,-14.69316814474725
309,-14.69316814474725
310,-14.69316814474725
311,-14.69316814474725
312,-14.69316814474725
313,-14.69316814474725
314,-14.69316814474725
315,-14.69316814474725
316,-14.69316814474725
317,-14.69316814474725
318,-14.69316814474725
319,-14.69316814474725
320,-14.69316814474725
321,-14.69316814474725
322,-14.69316814474725
323,-14.69316814474725
324,-14.69316814474725
325,-14.69316814474725
326,-14.69316814474725
327,-22.42078523998329
328,-22.42078523998329
329,-22.42078523998329
330,-22.42078523998329
331,-22.42078523998329
332,-22.42078523998329
333,-22.42078523998329
334,-22.42078523998329
335,-22.42078523998329
336,-22.42078523998329
337,-22.42078523998329
338,-22.42078523998329
339,-22.42078523998329
340,-22.42078523998329
341,-22.42078523998329
342,-22.42078523998329
343,-22.42078523998329
344,-22.42078523998329
345,-22.42078523998329
346,-22.42078523998329
347,-22.42078523998329
348,-22.42078523998329
349,-22.42078523998329
350,-22.42078523998329
351,-22.42078523998329
352,-22.42078523998329
353,-22.42078523998329
354,-22.42078523998329
355,-22.42078523998329
356,-22.42078523998329
357,-22.42078523998329
358,-22.42078523998329
359,-22.42078523998329
360,-22.42078523998329
361,-22.42078523998329
362,-22.42078523998329
363,-22.42078523998329
364,-22.42078523998329
365,-22.42078523998329
366,-22.42078523998329
367,-22.42078523998329
368,-22.42078523998329
369,-22.42078523998329
370,-22.42078523998329
371,-22.42078523998329
372,-22.42078523998329
373,-22.42078523998329
374,-22.42078523998329
375,-22.42078523998329
376,-22.42078523998329
377,-22.42078523998329
378,-22.42078523998329
379,-22.42078523998329
380,-22.42078523998329
381,-22.42078523998329
382,-22.42078523998329
383,-22.42078523998329
384,-22.42078523998329
385,-22.42078523998329
386,-22.42078523998329
387,-22.42078523998329
388,-22.42078523998329
389,-22.42078523998329
390,-22.42078523998329
391,-22.42078523998329
392,-22.42078523998329
393,-22.42078523998329
394,-22.42078523998329
395,-22.42078523998329
396,-22.42078523998329
397,-22.42078523998329
398,-22.42078523998329
399,-22.42078523998329
400,-22.42078523998329
401,-22.42078523998329
402,-22.42078523998329
403,-22.42078523998329
404,-22.42078523998329
405,-22.42078523998329
406,-22.42078523998329
407,-22.42078523998329
408,-22.42078523998329
409,-22.42078523998329
410,-22.42078523998329
411,-22.42078523998329
412,-22.42078523998329
413,-22.42078523998329
414,-22.42078523998329
415,-22.42078523998329
416,-22.42078523998329
417,-22.42078523998329
418,-22.42078523998329
419,-22.42078523998329
420,-22.42078523998329
421,-22.42078523998329
422,-22.42078523998329
423,-22.42078523998329
424,-22.42078523998329
425,-22.42078523998329
426,-22.42078523998329
427,-22.42078523998329
428,-22.42078523998329
429,-22.42078523998329
430,-22.42078523998329
431,-22.42078523998329
432,-22.42078523998329
433,-22.42078523998329
434,-22.42078523998329
435,-22.42078523998329
436,-22.42078523998329
437,-22.42078523998329
438,-22.42078523998329
439,-22.42078523998329
440,-22.42078523998329
441,-22.42078523998329
442,-22.42078523998329
443,-22.42078523998329
444,-22.42078523998329
445,-22.42078523998329
446,-22.42078523998329
447,-22.42078523998329
448,-22.42078523998329
449,-22.42078523998329
450,-22.42078523998329
451,-22.42078523998329
452,-22.42078523998329
453,-22.42078523998329
454,-22.42078523998329
455,-22.42078523998329
456,-22.42078523998329
457,-22.42078523998329
458,-22.42078523998329
459,-22.42078523998329
460,-22.42078523998329
461,-22.42078523998329
462,-22.42078523998329
463,-22.42078523998329
464,-22.42078523998329
465,-22.42078523998329
466,-22.42078523998329
467,-22.42078523998329
468,-22.42078523998329
469,-22.42078523998329
470,-22.42078523998329
471,-22.42078523998329
472,-22.42078523998329
473,-22.42078523998329
474,-22.42078523998329
475,-22.42078523998329
476,-22.42078523998329
477,-22.42078523998329
478,-22.42078523998329
479,-22.42078523998329
480,-22.42078523998329
481,-22.42078523998329
482,-22.42078523998329
483,-22.42078523998329
484,-22.42078523998329
485,-22.42078523998329
486,-22.42078523998329
487,-22.42078523998329
488,-22.42078523998329
489,-22.42078523998329
490,-22.42078523998329
491,-22.42078523998329
492,-22.42078523998329
493,-22.42078523998329
494,-22.42078523998329
495,-22.42078523998329
496,-22.42078523998329
497,-22.42078523998329
498,-22.42078523998329
499,-22.42078523998329
500,-22.42078523998329
501,-22.42078523998329
502,-22.42078523998329
503,-22.42078523998329
504,-22.42078523998329
505,-22.42078523998329
506,-22.42078523998329
507,-22.42078523998329
508,-22.42078523998329
509,-22.42078523998329
510,-22.42078523998329
511,-22.42078523998329
512,-22.42078523998329
513,-22.42078523998329
514,-22.42078523998329
515,-22.42078523998329
516,-22.42078523998329
517,-22.42078523998329
518,-22.42078523998329
519,-22.42078523998329
520,-22.42078523998329
521,-22.42078523998329
522,-22.42078523998329
523,-22.42078523998329
524,-22.42078523998329
525,-22.42078523998329
526,-22.42078523998329
527,-22.42078523998329
528,-22.42078523998329
529,-22.42078523998329
530,-22.42078523998329
531,-22.42078523998329
532,-22.42078523998329
533,-22.42078523998329
534,-22.42078523998329
535,-22.42078523998329
536,-22.42078523998329
537,-22.42078523998329
538,-22.42078523998329
539,-22.42078523998329
540,-22.42078523998329
541,-22.42078523998329
542,-22.42078523998329
543,-22.42078523998329
544,-22.42078523998329
545,-22.42078523998329
546,-22.42078523998329
547,-22.42078523998329
548,-22.42078523998329
549,-22.42078523998329
550,-22.42078523998329
551,-22.42078523998329
552,-22.42078523998329
553,-22.42078523998329
554,-22.42078523998329
555,-22.42078523998329
556,-22.42078523998329
557,-22.42078523998329
558,-22.42078523998329
559,-22.42078523998329
560,-22.42078523998329
561,-22.42078523998329
562,-22.42078523998329
563,-22.42078523998329
564,-22.42078523998329
565,-22.42078523998329
566,-22.42078523998329
567,-22.42078523998329
568,-22.42078523998329
569,-22.42078523998329
570,-22.42078523998329
571,-22.42078523998329
572,-22.42078523998329
573,-22.42078523998329
574,-22.42078523998329
575,-22.42078523998329
576,-22.42078523998329
577,-22.42078523998329
578,-22.42078523998329
579,-22.42078523998329
580,-22.42078523998329
581,-22.42078523998329
582,-22.42078523998329
583,-22.42078523998329
584,-22.42078523998329
585,-22.42078523998329
586,-22.42078523998329
587,-22.42078523998329
588,-22.42078523998329
589,-22.42078523998329
590,-22.42078523998329
591,-22.42078523998329
592,-22.42078523998329
593,-22.42078523998329
594,-22.42078523998329
595,-22.42078523998329
596,-22.42078523998329
597,-22.42078523998329
598,-22.42078523998329
599,-22.42078523998329
600,-22.42078523998329
601,-22.42078523998329
602,-22.42078523998329
603,-22.42078523998329
604,-22.42078523998329
605,-22.42078523998329
606,-22.42078523998329
607,-22.42078523998329
608,-22.42078523998329
609,-22.42078523998329
610,-22.42078523998329
611,-22.42078523998329
612,-22.42078523998329
613,-22.42078523998329
614,-22.42078523998329
615,-22.42078523998329
616,-22.42078523998329
617,-22.42078523998329
618,-22.42078523998329
619,-22.42078523998329
620,-19.314586211506057
621,-19.314586211506057
622,-19.314586211506057
623,-19.314586211506057
624,-19.314586211506057
625,-19.314586211506057
626,-19.314586211506057
627,-19.314586211506057
628,-19.314586211506057
629,-19.314586211506057
630,-19.314586211506057
631,-19.314586211506057
632,-19.314586211506057
633,-19.314586211506057
634,-19.314586211506057
635,-19.314586211506057
636,-19.314586211506057
637,-19.314586211506057
638,-19.314586211506057
639,-19.314586211506057
640,-19.314586211506057
641,-19.314586211506057
642,-19.314586211506057
643,-19.314586211506057
644,-19.314586211506057
645,-19.314586211506057
646,-19.314586211506057
647,-19.314586211506057
648,-19.314586211506057
649,-19.314586211506057
650,-19.314586211506057
651,-19.314586211506057
652,-19.314586211506057
653,-19.314586211506057
654,-19.314586211506057
655,-19.314586211506057
656,-19.314586211506057
657,-19.314586211506057
658,-19.314586211506057
659,-19.314586211506057
660,-19.314586211506057
661,-19.314586211506057
662,-19.314586211506057
663,-19.314586211506057
664,-19.314586211506057
665,-19.314586211506057
666,-19.314586211506057
667,-19.314586211506057
668,-19.314586211506057
669,-19.314586211506057
670,-19.314586211506057
671,-19.314586211506057
672,-19.314586211506057
673,-19.314586211506057
674,-19.314586211506057
675,-19.314586211506057
676,-19.314586211506057
677,-19.314586211506057
678,-19.314586211506057
679,-19.314586211506057
680,-19.314586211506057
681,-19.314586211506057
682,-19.314586211506057
683,-19.314586211506057
684,-19.314586211506057
685,-19.314586211506057
686,-19.314586211506057
687,-19.314586211506057
688,-19.314586211506057
689,-19.314586211506057
690,-19.314586211506057
691,-19.314586211506057
692,-19.314586211506057
693,-19.314586211506057
694,-19.314586211506057
695,-19.314586211506057
696,-19.314586211506057
697,-19.314586211506057
698,-19.314586211506057
699,-19.314586211506057
700,-19.314586211506057
701,-19.314586211506057
702,-19.314586211506057
703,-19.314586211506057
704,-19.314586211506057
705,-19.314586211506057
706,-19.314586211506057
707,-19.314586211506057
708,-19.314586211506057
709,-19.314586211506057
710,-19.314586211506057
711,-19.314586211506057
712,-19.314586211506057
713,-19.314586211506057
714,-19.314586211506057
715,-19.314586211506057
716,-19.314586211506057
717,-19.314586211506057
718,-19.314586211506057
719,-19.314586211506057
720,-19.314586211506057
721,-19.314586211506057
722,-19.314586211506057
723,-19.314586211506057
724,-19.314586211506057
725,-19.314586211506057
726,-19.314586211506057
727,-19.314586211506057
728,-19.314586211506057
729,-19.314586211506057
730,-19.314586211506057
731,-19.314586211506057
732,-19.314586211506057
733,-19.314586211506057
734,-19.314586211506057
735,-19.314586211506057
736,-19.314586211506057
737,-19.314586211506057
738,-19.314586211506057
739,-19.314586211506057
740,-19.314586211506057
741,-19.314586211506057
742,-19.314586211506057
743,-19.314586211506057
744,-19.314586211506057
745,-19.314586211506057
746,-19.314586211506057
747,-19.314586211506057
748,-19.314586211506057
749,-19.314586211506057
750,-19.314586211506057
751,-19.314586211506057
752,-19.314586211506057
753,-19.314586211506057
754,-19.314586211506057
755,-19.314586211506057
756,-19.314586211506057
757,-19.314586211506057
758,-19.314586211506057
759,-19.314586211506057
760,-19.314586211506057
761,-19.314586211506057
762,-19.314586211506057
763,-19.314586211506057
764,-19.314586211506057
765,-19.314586211506057
766,-19.314586211506057
767,-19.314586211506057
768,-19.314586211506057
769,-19.314586211506057
770,-19.314586211506057
771,-19.314586211506057
772,-19.314586211506057
773,-19.314586211506057
774,-19.314586211506057
775,-19.314586211506057
776,-19.314586211506057
777,-19.314586211506057
778,-19.314586211506057
779,-19.314586211506057
780,-19.314586211506057
781,-19.314586211506057
782,-19.314586211506057
783,-19.314586211506057
784,-19.314586211506057
785,-19.314586211506057
786,-19.314586211506057
787,-19.314586211506057
788,-19.314586211506057
789,-19.314586211506057
790,-19.314586211506057
791,-19.314586211506057
792,-19.314586211506057
793,-19.314586211506057
794,-19.314586211506057
795,-19.314586211506057
796,-19.314586211506057
797,-19.314586211506057
798,-19.314586211506057
799,-19.314586211506057
800,-19.314586211506057
801,-19.314586211506057
802,-19.314586211506057
803,-19.314586211506057
804,-19.314586211506057
805,-19.314586211506057
806,-19.314586211506057
807,-19.314586211506057
808,-19.314586211506057
809,-19.314586211506057
810,-19.314586211506057
811,-19.314586211506057
812,-19.314586211506057
813,-19.314586211506057
814,-19.314586211506057
815,-19.314586211506057
816,-19.314586211506057
817,-19.314586211506057
818,-19.314586211506057
819,-19.314586211506057
820,-19.314586211506057
821,-19.314586211506057
822,-19.314586211506057
823,-19.314586211506057
824,-19.314586211506057
825,-19.314586211506057
826,-19.314586211506057
827,-19.314586211506057
828,-19.314586211506057
829,-19.314586211506057
830,-19.314586211506057
831,-19.314586211506057
832,-19.314586211506057
833,-19.314586211506057
834,-19.314586211506057
835,-19.314586211506057
836,-19.314586211506057
837,-19.314586211506057
838,-19.314586211506057
839,-19.314586211506057
840,-19.314586211506057
841,-19.314586211506057
842,-19.314586211506057
843,-19.314586211506057
844,-19.314586211506057
845,-19.314586211506057
846,-19.314586211506057
847,-19.314586211506057
848,-19.314586211506057
849,-19.314586211506057
850,-19.314586211506057
851,-19.314586211506057
852,-19.314586211506057
853,-19.314586211506057
854,-19.314586211506057
855,-19.314586211506057
856,-19.314586211506057
857,-19.314586211506057
858,-19.314586211506057
859,-19.314586211506057
860,-19.314586211506057
861,-19.314586211506057
862,-19.314586211506057
863,-19.314586211506057
864,-19.314586211506057
865,-19.314586211506057
866,-19.314586211506057
867,-19.314586211506057
868,-19.314586211506057
869,-19.314586211506057
870,-19.314586211506057
871,-19.314586211506057
872,-19.314586211506057
873,-19.314586211506057
874,-19.314586211506057
875,-19.314586211506057
876,-19.314586211506057
877,-19.314586211506057
878,-19.314586211506057
879,-19.314586211506057
880,-19.314586211506057
881,-19.314586211506057
882,-19.314586211506057
883,-19.314586211506057
884,-19.314586211506057
885,-19.314586211506057
886,-19.314586211506057
887,-19.314586211506057
888,-19.314586211506057
889,-19.314586211506057
890,-19.314586211506057
891,-19.314586211506057
892,-19.314586211506057
893,-19.314586211506057
894,-19.314586211506057
895,-19.314586211506057
896,-19.314586211506057
897,-19.314586211506057
898,-19.314586211506057
899,-19.314586211506057
900,-19.314586211506057
901,-19.314586211506057
902,-19.314586211506057
903,-19.314586211506057
904,-19.314586211506057
905,-19.314586211506057
906,-19.314586211506057
907,-19.314586211506057
908,-19.314586211506057
909,-19.314586211506057
910,-19.314586211506057
911,-19.314586211506057
912,-19.314586211506057
913,-19.314586211506057
914,-19.314586211506057
915,-19.314586211506057
916,-19.314586211506057
917,-19.314586211506057
918,-19.314586211506057
919,-19.314586211506057
920,-19.314586211506057
921,-19.314586211506057
922,-19.314586211506057
923,-19.314586211506057
924,-19.314586211506057
925,-19.314586211506057
926,-19.314586211506057
927,-19.314586211506057
928,-19.314586211506057
929,-19.314586211506057
930,-19.314586211506057
931,-19.314586211506057
932,-19.314586211506057
933,-19.314586211506057
934,-19.314586211506057
935,-19.314586211506057
936,-19.314586211506057
937,-19.314586211506057
938,-19.314586211506057
939,-19.314586211506057
940,-19.314586211506057
941,-19.314586211506057
942,-19.314586211506057
943,-19.314586211506057
944,-19.314586211506057
945,-19.314586211506057
946,-19.314586211506057
947,-19.314586211506057
948,-19.314586211506057
949,-19.314586211506057
950,-19.314586211506057
951,-19.314586211506057
952,-19.314586211506057
953,-19.314586211506057
954,-19.314586211506057
955,-19.314586211506057
956,-19.314586211506057
957,-19.314586211506057
958,-19.314586211506057
959,-19.314586211506057
960,-19.314586211506057
961,-19.314586211506057
962,-19.314586211506057
963,-19.314586211506057
964,-19.314586211506057
965,-19.314586211506057
966,-19.314586211506057
967,-19.314586211506057
968,-19.314586211506057
969,-19.314586211506057
970,-19.314586211506057
971,-19.314586211506057
972,-19.314586211506057
973,-19.314586211506057
974,-19.314586211506057
975,-19.314586211506057
976,-19.314586211506057
977,-19.314586211506057
978,-19.314586211506057
979,-19.314586211506057
980,-19.314586211506057
981,-19.314586211506057
982,-19.314586211506057
983,-19.314586211506057
984,-19.314586211506057
985,-19.314586211506057
986,-19.314586211506057
987,-19.314586211506057
988,-19.314586211506057
989,-19.314586211506057
990,-19.314586211506057
991,-19.314586211506057
992,-19.314586211506057
993,-19.314586211506057
994,-19.314586211506057
995,-19.314586211506057
996,-19.314586211506057
997,-19.314586211506057
998,-19.314586211506057
999,-19.314586211506057
1000,-19.314586211506057
1001,-19.314586211506057
1002,-19.314586211506057
1003,-19.314586211506057
1004,-19.314586211506057
1005,-19.314586211506057
1006,-19.314586211506057
1007,-19.314586211506057
1008,-19.314586211506057
1009,-19.314586211506057
1010,-19.314586211506057
1011,-19.314586211506057
1012,-19.314586211506057
1013,-19.314586211506057
1014,-19.314586211506057
1015,-19.314586211506057
1016,-19.314586211506057
1017,-19.314586211506057
1018,-19.314586211506057
1019,-19.314586211506057
1020,-19.314586211506057
1021,-19.314586211506057
1022,-19.314586211506057
1023,-19.314586211506057
1024,-19.314586211506057
1025,-19.314586211506057
1026,-19.314586211506057
1027,-19.314586211506057
1028,-19.314586211506057
1029,-19.314586211506057
1030,-19.314586211506057
1031,-19.314586211506057
1032,-19.314586211506057
1033,-19.314586211506057
1034,-19.314586211506057
1035,-19.314586211506057
1036,-19.314586211506057
1037,-19.314586211506057
1038,-19.314586211506057
1039,-19.314586211506057
1040,-19.314586211506057
1041,-19.314586211506057
1042,-19.314586211506057
1043,-19.314586211506057
1044,-19.314586211506057
1045,-19.314586211506057
1046,-19.314586211506057
1047,-19.314586211506057
1048,-19.314586211506057
1049,-19.314586211506057
1050,-19.314586211506057
1051,-19.314586211506057
1052,-19.314586211506057
1053,-19.314586211506057
1054,-19.314586211506057
1055,-19.314586211506057
1056,-19.314586211506057
1057,-19.314586211506057
1058,-19.314586211506057
1059,-19.314586211506057
1060,-19.314586211506057
1061,-19.314586211506057
1062,-19.314586211506057
1063,-19.314586211506057
1064,-19.314586211506057
1065,-19.314586211506057
1066,-19.314586211506057
1067,-19.314586211506057
1068,-19.314586211506057
1069,-19.314586211506057
1070,-19.314586211506057
1071,-19.314586211506057
1072,-19.314586211506057
1073,-19.314586211506057
1074,-19.314586211506057
1075,-19.314586211506057
1076,-19.314586211506057
1077,-19.314586211506057
1078,-19.314586211506057
1079,-19.314586211506057
1080,-19.314586211506057
1081,-19.314586211506057
1082,-19.314586211506057
1083,-19.314586211506057
1084,-19.314586211506057
1085,-19.314586211506057
1086,-19.314586211506057
1087,-19.314586211506057
1088,-19.314586211506057
1089,-19.314586211506057
1090,-19.314586211506057
1091,-19.314586211506057
1092,-19.314586211506057
1093,-19.314586211506057
1094,-19.314586211506057
1095,-19.314586211506057
1096,-19.314586211506057
1097,-19.314586211506057
1098,-19.314586211506057
1099,-19.314586211506057
1100,-19.314586211506057
1101,-19.314586211506057
1102,-19.314586211506057
1103,-19.314586211506057
1104,-19.314586211506057
1105,-19.314586211506057
1106,-19.314586211506057
1107,-19.314586211506057
1108,-19.314586211506057
1109,-19.314586211506057
1110,-19.314586211506057
1111,-19.314586211506057
1112,-19.314586211506057
1113,-19.314586211506057
1114,-19.314586211506057
1115,-19.314586211506057
1116,-19.314586211506057
1117,-19.314586211506057
1118,-19.314586211506057
1119,-19.314586211506057
1120,-19.314586211506057
1121,-19.314586211506057
1122,-19.314586211506057
1123,-19.314586211506057
1124,-19.314586211506057
1125,-19.314586211506057
1126,-19.314586211506057
1127,-19.314586211506057
1128,-19.314586211506057
1129,-19.314586211506057
1130,-19.314586211506057
1131,-19.314586211506057
1132,-19.314586211506057
1133,-19.314586211506057
1134,-19.314586211506057
1135,-19.314586211506057
1136,-19.314586211506057
1137,-19.314586211506057
1138,-19.314586211506057
1139,-19.314586211506057
1140,-19.314586211506057
1141,-19.314586211506057
1142,-19.314586211506057
1143,-19.314586211506057
1144,-19.314586211506057
1145,-19.314586211506057
1146,-19.314586211506057
1147,-19.314586211506057
1148,-19.314586211506057
1149,-19.314586211506057
1150,-19.314586211506057
1151,-19.314586211506057
1152,-19.314586211506057
1153,-19.314586211506057
1154,-19.314586211506057
1155,-19.314586211506057
1156,-19.314586211506057
1157,-19.314586211506057
1158,-19.314586211506057
1159,-19.314586211506057
1160,-19.314586211506057
1161,-19.314586211506057
1162,-19.314586211506057
1163,-19.314586211506057
1164,-19.314586211506057
1165,-19.314586211506057
1166,-19.314586211506057
1167,-19.314586211506057
1168,-19.314586211506057
1169,-19.314586211506057
1170,-19.314586211506057
1171,-19.314586211506057
1172,-19.314586211506057
1173,-19.314586211506057
1174,-19.314586211506057
1175,-19.314586211506057
1176,-19.314586211506057
1177,-19.314586211506057
1178,-19.314586211506057
1179,-19.314586211506057
1180,-19.314586211506057
1181,-19.314586211506057
1182,-19.314586211506057
1183,-19.314586211506057
1184,-19.314586211506057
1185,-19.314586211506057
1186,-19.314586211506057
1187,-19.314586211506057
1188,-19.314586211506057
1189,-19.314586211506057
1190,-19.314586211506057
1191,-19.314586211506057
1192,-19.314586211506057
1193,-19.314586211506057
1194,-19.314586211506057
1195,-19.314586211506057
1196,-19.314586211506057
1197,-19.314586211506057
1198,-19.314586211506057
1199,-19.314586211506057
1200,-19.314586211506057
1201,-19.314586211506057
1202,-19.314586211506057
1203,-19.314586211506057
1204,-19.314586211506057
1205,-19.314586211506057
1206,-19.314586211506057
1207,-19.314586211506057
1208,-19.314586211506057
1209,-19.314586211506057
1210,-19.314586211506057
1211,-19.314586211506057
1212,-19.314586211506057
1213,-19.314586211506057
1214,-19.314586211506057
1215,-19.314586211506057
1216,-19.314586211506057
1217,-19.314586211506057
1218,-19.314586211506057
1219,-19.314586211506057
1220,-19.314586211506057
1221,-19.314586211506057
1222,-19.314586211506057
1223,-19.314586211506057
1224,-19.314586211506057
1225,-19.314586211506057
1226,-19.314586211506057
1227,-19.314586211506057
1228,-19.314586211506057
1229,-19.314586211506057
1230,-19.314586211506057
1231,-19.314586211506057
1232,-19.314586211506057
1233,-19.314586211506057
1234,-19.314586211506057
1235,-19.314586211506057
1236,-19.314586211506057
1237,-19.314586211506057
1238,-19.314586211506057
1239,-19.314586211506057
1240,-19.314586211506057
1241,-19.314586211506057
1242,-19.314586211506057
1243,-19.314586211506057
1244,-19.314586211506057
1245,-19.314586211506057
1246,-19.314586211506057
1247,-19.314586211506057
1248,-19.314586211506057
1249,-19.314586211506057
1250,-19.314586211506057
1251,-19.314586211506057
1252,-19.314586211506057
1253,-19.314586211506057
1254,-19.314586211506057
1255,-19.314586211506057
1256,-19.314586211506057
1257,-19.314586211506057
1258,-19.314586211506057
1259,-19.314586211506057
1260,-19.314586211506057
1261,-19.314586211506057
1262,-19.314586211506057
1263,-19.314586211506057
1264,-19.314586211506057
1265,-19.314586211506057
1266,-19.314586211506057
1267,-19.314586211506057
1268,-19.314586211506057
1269,-19.314586211506057
1270,-19.314586211506057
1271,-19.314586211506057
1272,-19.314586211506057
1273,-19.314586211506057
1274,-19.314586211506057
1275,-19.314586211506057
1276,-19.314586211506057
1277,-19.314586211506057
1278,-19.314586211506057
1279,-19.314586211506057
1280,-19.314586211506057
1281,-19.314586211506057
1282,-19.314586211506057
1283,-19.314586211506057
1284,-19.314586211506057
1285,-19.314586211506057
1286,-19.314586211506057
1287,-19.314586211506057
1288,-19.314586211506057
1289,-19.314586211506057
1290,-19.314586211506057
1291,-19.314586211506057
1292,-19.314586211506057
1293,-19.314586211506057
1294,-19.314586211506057
1295,-19.314586211506057
1296,-19.314586211506057
1297,-19.314586211506057
1298,-19.314586211506057
1299,-19.314586211506057
1300,-19.314586211506057
1301,-19.314586211506057
1302,-19.314586211506057
1303,-19.314586211506057
1304,-19.314586211506057
1305,-19.314586211506057
1306,-19.314586211506057
1307,-19.314586211506057
1308,-19.314586211506057
1309,-19.314586211506057
1310,-19.314586211506057
1311,-19.314586211506057
1312,-19.314586211506057
1313,-19.314586211506057
1314,-19.314586211506057
1315,-19.314586211506057
1316,-19.314586211506057
1317,-19.314586211506057
1318,-19.314586211506057
1319,-19.314586211506057
1320,-19.314586211506057
1321,-19.314586211506057
1322,-19.314586211506057
1323,-19.314586211506057
1324,-19.314586211506057
1325,-19.314586211506057
1326,-19.314586211506057
1327,-19.314586211506057
1328,-19.314586211506057
1329,-19.314586211506057
1330,-19.314586211506057
1331,-19.314586211506057
1332,-19.314586211506057
1333,-28.405900441195516
1334,-28.405900441195516
1335,-28.405900441195516
1336,-28.405900441195516
1337,-28.405900441195516
1338,-28.405900441195516
1339,-28.405900441195516
1340,-28.405900441195516
1341,-28.405900441195516
1342,-28.405900441195516
1343,-28.405900441195516
1344,-28.405900441195516
1345,-28.405900441195516
1346,-28.405900441195516
1347,-28.405900441195516
1348,-28.405900441195516
1349,-28.405900441195516
1350,-28.405900441195516
1351,-28.405900441195516
1352,-28.405900441195516
1353,-28.405900441195516
1354,-28.405900441195516
1355,-28.405900441195516
1356,-28.405900441195516
1357,-28.405900441195516
1358,-28.405900441195516
1359,-28.405900441195516
1360,-28.405900441195516
1361,-28.405900441195516
1362,-28.405900441195516
1363,-28.405900441195516
1364,-28.405900441195516
1365,-28.405900441195516
1366,-28.405900441195516
1367,-28.405900441195516
1368,-28.405900441195516
1369,-28.405900441195516
1370,-28.405900441195516
1371,-28.405900441195516
1372,-28.405900441195516
1373,-28.405900441195516
1374,-28.405900441195516
1375,-28.405900441195516
1376,-28.405900441195516
1377,-28.405900441195516
1378,-28.405900441195516
1379,-28.405900441195516
1380,-28.405900441195516
1381,-28.405900441195516
1382,-28.405900441195516
1383,-28.405900441195516
1384,-28.405900441195516
1385,-28.405900441195516
1386,-28.405900441195516
1387,-28.405900441195516
1388,-28.405900441195516
1389,-28.405900441195516
1390,-28.405900441195516
1391,-28.405900441195516
1392,-28.405900441195516
1393,-28.405900441195516
1394,-28.405900441195516
1395,-28.405900441195516
1396,-28.405900441195516
1397,-28.405900441195516
1398,-28.405900441195516
1399,-28.405900441195516
1400,-28.405900441195516
1401,-28.405900441195516
1402,-28.405900441195516
1403,-28.405900441195516
1404,-28.405900441195516
1405,-28.405900441195516
1406,-28.405900441195516
1407,-28.405900441195516
1408,-28.405900441195516
1409,-28.405900441195516
1410,-28.405900441195516
1411,-28.405900441195516
1412,-28.405900441195516
1413,-28.405900441195516
1414,-28.405900441195516
1415,-28.405900441195516
1416,-28.405900441195516
1417,-28.405900441195516
1418,-28.405900441195516
1419,-28.405900441195516
1420,-28.405900441195516
1421,-28.405900441195516
1422,-28.405900441195516
1423,-28.405900441195516
1424,-28.405900441195516
1425,-28.405900441195516
1426,-28.405900441195516
1427,-28.405900441195516
1428,-28.405900441195516
1429,-28.405900441195516
1430,-28.405900441195516
1431,-28.405900441195516
1432,-28.405900441195516
1433,-28.405900441195516
1434,-28.405900441195516
1435,-28.405900441195516
1436,-28.405900441195516
1437,-28.405900441195516
1438,-28.405900441195516
1439,-28.405900441195516
1440,-28.405900441195516
1441,-28.405900441195516
1442,-28.405900441195516
1443,-28.405900441195516
1444,-28.405900441195516
1445,-28.405900441195516
1446,-28.405900441195516
1447,-28.405900441195516
1448,-28.405900441195516
1449,-28.405900441195516
1450,-28.405900441195516
1451,-28.405900441195516
1452,-28.405900441195516
1453,-28.405900441195516
1454,-28.405900441195516
1455,-28.405900441195516
1456,-28.405900441195516
1457,-28.405900441195516
1458,-28.405900441195516
1459,-28.405900441195516
1460,-28.405900441195516
1461,-28.405900441195516
1462,-28.405900441195516
1463,-28.405900441195516
1464,-28.405900441195516
1465,-28.405900441195516
1466,-28.405900441195516
1467,-28.405900441195516
1468,-28.405900441195516
1469,-28.405900441195516
1470,-28.405900441195516
1471,-28.405900441195516
1472,-28.405900441195516
1473,-28.405900441195516
1474,-28.405900441195516
1475,-28.405900441195516
1476,-28.405900441195516
1477,-28.405900441195516
1478,-28.405900441195516
1479,-28.405900441195516
1480,-28.405900441195516
1481,-28.405900441195516
1482,-28.405900441195516
1483,-28.405900441195516
1484,-28.405900441195516
1485,-28.405900441195516
1486,-28.405900441195516
1487,-28.405900441195516
1488,-28.405900441195516
1489,-28.405900441195516
1490,-28.405900441195516
1491,-28.405900441195516
1492,-28.405900441195516
1493,-28.405900441195516
1494,-28.405900441195516
1495,-28.405900441195516
1496,-28.405900441195516
1497,-28.405900441195516
1498,-28.405900441195516
1499,-28.405900441195516
1500,-28.405900441195516
1501,-28.405900441195516
1502,-28.405900441195516
1503,-28.405900441195516
1504,-28.405900441195516
1505,-28.405900441195516
1506,-28.405900441195516
1507,-28.405900441195516
1508,-28.405900441195516
1509,-28.405900441195516
1510,-28.405900441195516
1511,-28.405900441195516
1512,-28.405900441195516
1513,-28.405900441195516
1514,-28.405900441195516
1515,-28.405900441195516
1516,-28.405900441195516
1517,-28.405900441195516
1518,-28.405900441195516
1519,-28.405900441195516
1520,-28.405900441195516
1521,-28.405900441195516
1522,-28.405900441195516
1523,-28.405900441195516
1524,-28.405900441195516
1525,-28.405900441195516
1526,-28.405900441195516
1527,-28.405900441195516
1528,-28.405900441195516
1529,-28.405900441195516
1530,-28.405900441195516
1531,-28.405900441195516
1532,-28.405900441195516
1533,-28.405900441195516
1534,-28.405900441195516
1535,-28.405900441195516
1536,-28.405900441195516
1537,-9.389901510761735
1538,-9.389901510761735
1539,-9.389901510761735
1540,-9.389901510761735
1541,-9.389901510761735
1542,-9.389901510761735
1543,-9.389901510761735
1544,-9.389901510761735
1545,-9.389901510761735
1546,-9.389901510761735
1547,-9.389901510761735
1548,-9.389901510761735
1549,-9.389901510761735
1550,-9.389901510761735
1551,-9.389901510761735
1552,-9.389901510761735
1553,-9.389901510761735
1554,-9.389901510761735
1555,-9.389901510761735
1556,-9.389901510761735
1557,-9.389901510761735
1558,-9.389901510761735
1559,-9.389901510761735
1560,-9.389901510761735
1561,-9.389901510761735
1562,-9.389901510761735
1563,-9.389901510761735
1564,-9.389901510761735
1565,-9.389901510761735
1566,-9.389901510761735
1567,-9.389901510761735
1568,-9.389901510761735
1569,-9.389901510761735
1570,-9.389901510761735
1571,-9.389901510761735
1572,-9.389901510761735
1573,-9.389901510761735
1574,-9.389901510761735
1575,-9.389901510761735
1576,-9.389901510761735
1577,-9.389901510761735
1578,-9.389901510761735
1579,-9.389901510761735
1580,-9.389901510761735
1581,-9.389901510761735
1582,-9.389901510761735
1583,-9.389901510761735
1584,-9.389901510761735
1585,-9.389901510761735
1586,-9.389901510761735
1587,-9.389901510761735
1588,-9.389901510761735
1589,-9.389901510761735
1590,-9.389901510761735
1591,-9.389901510761735
1592,-9.389901510761735
1593,-9.389901510761735
1594,-9.389901510761735
1595,-9.389901510761735
1596,-9.389901510761735
1597,-9.389901510761735
1598,-9.389901510761735
1599,-9.389901510761735
1600,-9.389901510761735
1601,-9.389901510761735
1602,-9.389901510761735
1603,-9.389901510761735
1604,-9.389901510761735
1605,-9.389901510761735
1606,-9.389901510761735
1607,-9.389901510761735
1608,-9.389901510761735
1609,-9.389901510761735
1610,-9.389901510761735
1611,-9.389901510761735
1612,-9.389901510761735
1613,-9.389901510761735
1614,-9.389901510761735
1615,-9.389901510761735
1616,-9.389901510761735
1617,-9.389901510761735
1618,-9.389901510761735
1619,-9.389901510761735
1620,-9.389901510761735
1621,-9.389901510761735
1622,-9.389901510761735
1623,-9.389901510761735
1624,-9.389901510761735
1625,-9.389901510761735
1626,-9.389901510761735
1627,-9.389901510761735
1628,-9.389901510761735
1629,-9.389901510761735
1630,-9.389901510761735
1631,-9.389901510761735
1632,-9.389901510761735
1633,-9.389901510761735
1634,-9.389901510761735
1635,-9.389901510761735
1636,-9.389901510761735
1637,-9.389901510761735
1638,-9.389901510761735
1639,-9.389901510761735
1640,-9.389901510761735
1641,-9.389901510761735
1642,-9.389901510761735
1643,-9.389901510761735
1644,-9.389901510761735
1645,-9.389901510761735
1646,-9.389901510761735
1647,-9.389901510761735
1648,-9.389901510761735
1649,-9.389901510761735
1650,-9.389901510761735
1651,-9.389901510761735
1652,-9.389901510761735
1653,-9.389901510761735
1654,-9.389901510761735
1655,-9.389901510761735
1656,-9.389901510761735
1657,-9.389901510761735
1658,-9.389901510761735
1659,-9.389901510761735
1660,-9.389901510761735
1661,-9.389901510761735
1662,-9.389901510761735
1663,-9.389901510761735
1664,-9.389901510761735
1665,-9.389901510761735
1666,-9.389901510761735
1667,-9.389901510761735
1668,-9.389901510761735
1669,-9.389901510761735
1670,-9.389901510761735
1671,-9.389901510761735
1672,-9.389901510761735
1673,-9.389901510761735
1674,-9.389901510761735
1675,-9.389901510761735
1676,-9.389901510761735
1677,-9.389901510761735
1678,-9.389901510761735
1679,-9.389901510761735
1680,-9.389901510761735
1681,-9.389901510761735
1682,-9.389901510761735
1683,-9.389901510761735
1684,-9.389901510761735
1685,-9.389901510761735
1686,-9.389901510761735
1687,-9.389901510761735
1688,-9.389901510761735
1689,-9.389901510761735
1690,-9.389901510761735
1691,-9.389901510761735
1692,-9.389901510761735
1693,-9.389901510761735
1694,-9.389901510761735
1695,-9.389901510761735
1696,-9.389901510761735
1697,-9.389901510761735
1698,-9.389901510761735
1699,-9.389901510761735
1700,-9.389901510761735
1701,-9.389901510761735
1702,-9.389901510761735
1703,-9.389901510761735
1704,-9.389901510761735
1705,-9.389901510761735
1706,-9.389901510761735
1707,-9.389901510761735
1708,-9.389901510761735
1709,-9.389901510761735
1710,-9.389901510761735
1711,-9.389901510761735
1712,-9.389901510761735
1713,-9.389901510761735
1714,-9.389901510761735
1715,-9.389901510761735
1716,-9.389901510761735
1717,-9.389901510761735
1718,-9.389901510761735
1719,-9.389901510761735
1720,-9.389901510761735
1721,-9.389901510761735
1722,-9.389901510761735
1723,-9.389901510761735
1724,-9.389901510761735
1725,-9.389901510761735
1726,-9.389901510761735
1727,-9.389901510761735
1728,-9.389901510761735
1729,-9.389901510761735
1730,-9.389901510761735
1731,-9.389901510761735
1732,-9.389901510761735
1733,-9.389901510761735
1734,-9.389901510761735
1735,-9.389901510761735
1736,-9.389901510761735
1737,-9.389901510761735
1738,-9.389901510761735
1739,-9.389901510761735
1740,-9.389901510761735
1741,-9.389901510761735
1742,-9.389901510761735
1743,-9.389901510761735
1744,-9.389901510761735
1745,-9.389901510761735
1746,-9.389901510761735
1747,-9.389901510761735
1748,-9.389901510761735
1749,-9.389901510761735
1750,-9.389901510761735
1751,-9.389901510761735
1752,-9.389901510761735
1753,-9.389901510761735
1754,-9.389901510761735
1755,-9.389901510761735
1756,-9.389901510761735
1757,-9.389901510761735
1758,-9.389901510761735
1759,-9.389901510761735
1760,-9.389901510761735
1761,-9.389901510761735
1762,-9.389901510761735
1763,-9.389901510761735
1764,-9.389901510761735
1765,-9.389901510761735
1766,-9.389901510761735
1767,-9.389901510761735
1768,-9.389901510761735
1769,-9.389901510761735
1770,-9.389901510761735
1771,-9.389901510761735
1772,-9.389901510761735
1773,-9.389901510761735
1774,-9.389901510761735
1775,-9.389901510761735
1776,-15.602299567716196
1777,-15.602299567716196
1778,-15.602299567716196
1779,-15.602299567716196
1780,-15.602299567716196
1781,-15.602299567716196
1782,-15.602299567716196
1783,-15.602299567716196
1784,-15.602299567716196
1785,-15.602299567716196
1786,-15.602299567716196
1787,-15.602299567716196
1788,-15.602299567716196
1789,-15.602299567716196
1790,-15.602299567716196
1791,-15.602299567716196
1792,-15.602299567716196
1793,-15.602299567716196
1794,-15.602299567716196
1795,-15.602299567716196
1796,-15.602299567716196
1797,-15.602299567716196
1798,-15.602299567716196
1799,-15.602299567716196
1800,-15.602299567716196
1801,-15.602299567716196
1802,-15.602299567716196
1803,-15.602299567716196
1804,-15.602299567716196
1805,-15.602299567716196
1806,-15.602299567716196
1807,-15.602299567716196
1808,-15.602299567716196
1809,-15.602299567716196
1810,-15.602299567716196
1811,-15.602299567716196
1812,-15.602299567716196
1813,-15.602299567716196
1814,-15.602299567716196
1815,-15.602299567716196
1816,-15.602299567716196
1817,-15.602299567716196
1818,-15.602299567716196
1819,-15.602299567716196
1820,-15.602299567716196
1821,-15.602299567716196
1822,-15.602299567716196
1823,-15.602299567716196
1824,-15.602299567716196
1825,-15.602299567716196
1826,-15.602299567716196
1827,-15.602299567716196
1828,-15.602299567716196
1829,-15.602299567716196
1830,-15.602299567716196
1831,-15.602299567716196
1832,-15.602299567716196
1833,-15.602299567716196
1834,-15.602299567716196
1835,-15.602299567716196
1836,-15.602299567716196
1837,-15.602299567716196
1838,-15.602299567716196
1839,-15.602299567716196
1840,-15.602299567716196
1841,-15.602299567716196
1842,-15.602299567716196
1843,-15.602299567716196
1844,-15.602299567716196
1845,-15.602299567716196
1846,-15.602299567716196
1847,-15.602299567716196
1848,-15.602299567716196
1849,-15.602299567716196
1850,-15.602299567716196
1851,-15.602299567716196
1852,-15.602299567716196
1853,-15.602299567716196
1854,-15.602299567716196
1855,-15.602299567716196
1856,-15.602299567716196
1857,-15.602299567716196
1858,-15.602299567716196
1859,-15.602299567716196
1860,-15.602299567716196
1861,-15.602299567716196
1862,-15.602299567716196
1863,-15.602299567716196
1864,-15.602299567716196
1865,-15.602299567716196
1866,-15.602299567716196
1867,-15.602299567716196
1868,-15.602299567716196
1869,-15.602299567716196
1870,-15.602299567716196
1871,-15.602299567716196
1872,-15.602299567716196
1873,-15.602299567716196
1874,-15.602299567716196
1875,-15.602299567716196
1876,-15.602299567716196
1877,-15.602299567716196
1878,-15.602299567716196
1879,-15.602299567716196
1880,-15.602299567716196
1881,-15.602299567716196
1882,-15.602299567716196
1883,-15.602299567716196
1884,-15.602299567716196
1885,-15.602299567716196
1886,-15.602299567716196
1887,-15.602299567716196
1888,-15.602299567716196
1889,-15.602299567716196
1890,-15.602299567716196
1891,-15.602299567716196
1892,-15.602299567716196
1893,-15.602299567716196
1894,-15.602299567716196
1895,-15.602299567716196
1896,-15.602299567716196
1897,-15.602299567716196
1898,-15.602299567716196
1899,-15.602299567716196
1900,-15.602299567716196
1901,-15.602299567716196
1902,-15.602299567716196
1903,-15.602299567716196
1904,-15.602299567716196
1905,-15.602299567716196
1906,-15.602299567716196
1907,-15.602299567716196
1908,-15.602299567716196
1909,-15.602299567716196
1910,-15.602299567716196
1911,-15.602299567716196
1912,-15.602299567716196
1913,-15.602299567716196
1914,-15.602299567716196
1915,-15.602299567716196
1916,-15.602299567716196
1917,-15.602299567716196
1918,-15.602299567716196
1919,-15.602299567716196
1920,-15.602299567716196
1921,-15.602299567716196
1922,-15.602299567716196
1923,-15.602299567716196
1924,-15.602299567716196
1925,-15.602299567716196
1926,-15.602299567716196
1927,-15.602299567716196
1928,-15.602299567716196
1929,-15.602299567716196
1930,-15.602299567716196
1931,-15.602299567716196
1932,-15.602299567716196
1933,-15.602299567716196
1934,-15.602299567716196
1935,-15.602299567716196
1936,-15.602299567716196
1937,-15.602299567716196
1938,-15.602299567716196
1939,-15.602299567716196
1940,-15.602299567716196
1941,-15.602299567716196
1942,-15.602299567716196
1943,-15.602299567716196
1944,-15.602299567716196
1945,-15.602299567716196
1946,-15.602299567716196
1947,-15.602299567716196
1948,-15.602299567716196
1949,-15.602299567716196
1950,-15.602299567716196
1951,-15.602299567716196
1952,-15.602299567716196
1953,-15.602299567716196
1954,-15.602299567716196
1955,-15.602299567716196
1956,-15.602299567716196
1957,-15.602299567716196
1958,-15.602299567716196
1959,-15.602299567716196
1960,-15.602299567716196
1961,-15.602299567716196
1962,-15.602299567716196
1963,-15.602299567716196
1964,-15.602299567716196
1965,-15.602299567716196
1966,-15.602299567716196
1967,-15.602299567716196
1968,-15.602299567716196
1969,-15.602299567716196
1970,-15.602299567716196
1971,-15.602299567716196
1972,-15.602299567716196
1973,-15.602299567716196
1974,-15.602299567716196
1975,-15.602299567716196
1976,-15.602299567716196
1977,-15.602299567716196
1978,-15.602299567716196
1979,-15.602299567716196
1980,-15.602299567716196
1981,-15.602299567716196
1982,-15.602299567716196
1983,-15.602299567716196
1984,-15.602299567716196
1985,-15.602299567716196
1986,-15.602299567716196
1987,-15.602299567716196
1988,-15.602299567716196
1989,-15.602299567716196
1990,-15.602299567716196
1991,-15.602299567716196
1992,-15.602299567716196
1993,-15.602299567716196
1994,-15.602299567716196
1995,-15.602299567716196
1996,-15.602299567716196
1997,-15.602299567716196
1998,-15.602299567716196
1999,-15.602299567716196
2000,-15.602299567716196
2001,-15.602299567716196
2002,-15.602299567716196
2003,-15.602299567716196
2004,-15.602299567716196
2005,-15.602299567716196
2006,-15.602299567716196
2007,-15.602299567716196
2008,-15.602299567716196
2009,-15.602299567716196
2010,-15.602299567716196
2011,-15.602299567716196
2012,-15.602299567716196
2013,-15.602299567716196
2014,-15.602299567716196
2015,-15.602299567716196
2016,-15.602299567716196
2017,-15.602299567716196
2018,-15.602299567716196
2019,-15.602299567716196
2020,-15.602299567716196
2021,-15.602299567716196
2022,-15.602299567716196
2023,-15.602299567716196
2024,-15.602299567716196
2025,-15.602299567716196
2026,-15.602299567716196
2027,-15.602299567716196
2028,-15.602299567716196
2029,-15.602299567716196
2030,-15.602299567716196
2031,-15.602299567716196
2032,-15.602299567716196
2033,-15.602299567716196
2034,-15.602299567716196
2035,-15.602299567716196
2036,-15.602299567716196
2037,-15.602299567716196
2038,-15.602299567716196
2039,-15.602299567716196
2040,-15.602299567716196
2041,-15.602299567716196
2042,-15.602299567716196
2043,-15.602299567716196
2044,-15.602299567716196
2045,-15.602299567716196
2046,-15.602299567716196
2047,-15.602299567716196
2048,-15.602299567716196
2049,-15.602299567716196
2050,-15.602299567716196
2051,-15.602299567716196
2052,-15.602299567716196
2053,-15.602299567716196
2054,-15.602299567716196
2055,-15.602299567716196
2056,-15.602299567716196
2057,-15.602299567716196
2058,-15.602299567716196
2059,-15.602299567716196
2060,-15.602299567716196
2061,-15.602299567716196
2062,-15.602299567716196
2063,-15.602299567716196
2064,-15.602299567716196
2065,-15.602299567716196
2066,-15.602299567716196
2067,-15.602299567716196
2068,-15.602299567716196
2069,-15.602299567716196
2070,-15.602299567716196
2071,-15.602299567716196
2072,-15.602299567716196
2073,-15.602299567716196
2074,-15.602299567716196
2075,-15.602299567716196
2076,-15.602299567716196
2077,-15.602299567716196
2078,-15.602299567716196
2079,-15.602299567716196
2080,-15.602299567716196
2081,-15.602299567716196
2082,-15.602299567716196
2083,-15.602299567716196
2084,-15.602299567716196
2085,-15.602299567716196
2086,-15.602299567716196
2087,-15.602299567716196
2088,-15.602299567716196
2089,-15.602299567716196
2090,-15.602299567716196
2091,-15.602299567716196
2092,-15.602299567716196
2093,-15.602299567716196
2094,-15.602299567716196
2095,-15.602299567716196
2096,-15.602299567716196
2097,-15.602299567716196
2098,-15.602299567716196
2099,-15.602299567716196
2100,-15.602299567716196
2101,-15.602299567716196
2102,-15.602299567716196
2103,-15.602299567716196
2104,-15.602299567716196
2105,-15.602299567716196
2106,-15.602299567716196
2107,-15.602299567716196
2108,-15.602299567716196
2109,-15.602299567716196
2110,-15.602299567716196
2111,-15.602299567716196
2112,-15.602299567716196
2113,-15.602299567716196
2114,-15.602299567716196
2115,-15.602299567716196
2116,-15.602299567716196
2117,-15.602299567716196
2118,-15.602299567716196
2119,-15.602299567716196
2120,-15.602299567716196
2121,-15.602299567716196
2122,-15.602299567716196
2123,-15.602299567716196
2124,-15.602299567716196
2125,-15.602299567716196
2126,-15.602299567716196
2127,-15.602299567716196
2128,-15.602299567716196
2129,-15.602299567716196
2130,-15.602299567716196
2131,-15.602299567716196
2132,-15.602299567716196
2133,-15.602299567716196
2134,-15.602299567716196
2135,-15.602299567716196
2136,-15.602299567716196
2137,-15.602299567716196
2138,-15.602299567716196
2139,-15.602299567716196
2140,-15.602299567716196
2141,-15.602299567716196
2142,-15.602299567716196
2143,-15.602299567716196
2144,-15.602299567716196
2145,-15.602299567716196
2146,-15.602299567716196
2147,-15.602299567716196
2148,-15.602299567716196
2149,-15.602299567716196
2150,-15.602299567716196
2151,-15.602299567716196
2152,-15.602299567716196
2153,-15.602299567716196
2154,-15.602299567716196
2155,-15.602299567716196
2156,-15.602299567716196
2157,-15.602299567716196
2158,-15.602299567716196
2159,-15.602299567716196
2160,-15.602299567716196
2161,-15.602299567716196
2162,-15.602299567716196
2163,-15.602299567716196
2164,-15.602299567716196
2165,-15.602299567716196
2166,-15.602299567716196
2167,-15.602299567716196
2168,-15.602299567716196
2169,-15.602299567716196
2170,-15.602299567716196
2171,-15.602299567716196
2172,-15.602299567716196
2173,-15.602299567716196
2174,-15.602299567716196
2175,-15.602299567716196
2176,-15.602299567716196
2177,-15.602299567716196
2178,-15.602299567716196
2179,-15.602299567716196
2180,-15.602299567716196
2181,-15.602299567716196
2182,-15.602299567716196
2183,-15.602299567716196
2184,-15.602299567716196
2185,-15.602299567716196
2186,-15.602299567716196
2187,-15.602299567716196
2188,-15.602299567716196
2189,-15.602299567716196
2190,-15.602299567716196
2191,-15.602299567716196
2192,-15.602299567716196
2193,-15.602299567716196
2194,-15.602299567716196
2195,-15.602299567716196
2196,-15.602299567716196
2197,-15.602299567716196
2198,-15.602299567716196
2199,-15.602299567716196
2200,-15.602299567716196
2201,-15.602299567716196
2202,-15.602299567716196
2203,-15.602299567716196
2204,-15.602299567716196
2205,-15.602299567716196
2206,-15.602299567716196
2207,-15.602299567716196
2208,-15.602299567716196
2209,-15.602299567716196
2210,-15.602299567716196
2211,-15.602299567716196
2212,-15.602299567716196
2213,-15.602299567716196
2214,-15.602299567716196
2215,-15.602299567716196
2216,-15.602299567716196
2217,-15.602299567716196
2218,-15.602299567716196
2219,-15.602299567716196
2220,-15.602299567716196
2221,-15.602299567716196
2222,-15.602299567716196
2223,-15.602299567716196
2224,-15.602299567716196
2225,-15.602299567716196
2226,-15.602299567716196
2227,-15.602299567716196
2228,-15.602299567716196
2229,-15.602299567716196
2230,-15.602299567716196
2231,-15.602299567716196
2232,-15.602299567716196
2233,-15.602299567716196
2234,-15.602299567716196
2235,-15.602299567716196
2236,-15.602299567716196
2237,-15.602299567716196
2238,-15.602299567716196
2239,-15.602299567716196
2240,-15.602299567716196
2241,-15.602299567716196
2242,-15.602299567716196
2243,-15.602299567716196
2244,-15.602299567716196
2245,-15.602299567716196
2246,-15.602299567716196
2247,-15.602299567716196
2248,-15.602299567716196
2249,-15.602299567716196
2250,-15.602299567716196
2251,-15.602299567716196
2252,-15.602299567716196
2253,-15.602299567716196
2254,-15.602299567716196
2255,-15.602299567716196
2256,-15.602299567716196
2257,-15.602299567716196
2258,-15.602299567716196
2259,-15.602299567716196
2260,-15.602299567716196
2261,-15.602299567716196
2262,-15.602299567716196
2263,-15.602299567716196
2264,-15.602299567716196
2265,-15.602299567716196
2266,-15.602299567716196
2267,-15.602299567716196
2268,-15.602299567716196
2269,-15.602299567716196
2270,-15.602299567716196
2271,-15.602299567716196
2272,-15.602299567716196
2273,-15.602299567716196
2274,-15.602299567716196
2275,-15.602299567716196
2276,-15.602299567716196
2277,-15.602299567716196
2278,-15.602299567716196
2279,-15.602299567716196
2280,-15.602299567716196
2281,-15.602299567716196
2282,-15.602299567716196
2283,-15.602299567716196
2284,-15.602299567716196
2285,-15.602299567716196
2286,-15.602299567716196
2287,-15.602299567716196
2288,-15.602299567716196
2289,-15.602299567716196
2290,-15.602299567716196
2291,-15.602299567716196
2292,-15.602299567716196
2293,-15.602299567716196
2294,-15.602299567716196
2295,-15.602299567716196
2296,-15.602299567716196
2297,-15.602299567716196
2298,-15.602299567716196
2299,-15.602299567716196
2300,-15.602299567716196
2301,-15.602299567716196
2302,-15.602299567716196
2303,-15.602299567716196
2304,-15.602299567716196
2305,-15.602299567716196
2306,-15.602299567716196
2307,-15.602299567716196
2308,-15.602299567716196
2309,-15.602299567716196
2310,-15.602299567716196
2311,-15.602299567716196
2312,-15.602299567716196
2313,-15.602299567716196
2314,-15.602299567716196
2315,-15.602299567716196
2316,-15.602299567716196
2317,-15.602299567716196
2318,-15.602299567716196
2319,-15.602299567716196
2320,-15.602299567716196
2321,-15.602299567716196
2322,-15.602299567716196
2323,-15.602299567716196
2324,-15.602299567716196
2325,-15.602299567716196
2326,-15.602299567716196
2327,-15.602299567716196
2328,-15.602299567716196
2329,-15.602299567716196
2330,-15.602299567716196
2331,-15.602299567716196
2332,-15.602299567716196
2333,-15.602299567716196
2334,-15.602299567716196
2335,-15.602299567716196
2336,-15.602299567716196
2337,-15.602299567716196
2338,-15.602299567716196
2339,-15.602299567716196
2340,-15.602299567716196
2341,-15.602299567716196
2342,-15.602299567716196
2343,-15.602299567716196
2344,-15.602299567716196
2345,-15.602299567716196
2346,-15.602299567716196
2347,-15.602299567716196
2348,-15.602299567716196
2349,-15.602299567716196
2350,-15.602299567716196
2351,-15.602299567716196
2352,-15.602299567716196
2353,-15.602299567716196
2354,-15.602299567716196
2355,-15.602299567716196
2356,-15.602299567716196
2357,-15.602299567716196
2358,-15.602299567716196
2359,-15.602299567716196
2360,-15.602299567716196
2361,-15.602299567716196
2362,-15.602299567716196
2363,-15.602299567716196
2364,-15.602299567716196
2365,-15.602299567716196
2366,-15.602299567716196
2367,-15.602299567716196
2368,-15.602299567716196
2369,-15.602299567716196
2370,-15.602299567716196
2371,-15.602299567716196
2372,-15.602299567716196
2373,-15.602299567716196
2374,-15.602299567716196
2375,-15.602299567716196
2376,-15.602299567716196
2377,-15.602299567716196
2378,-15.602299567716196
2379,-15.602299567716196
2380,-15.602299567716196
2381,-15.602299567716196
2382,-15.602299567716196
2383,-15.602299567716196
2384,-15.602299567716196
2385,-15.602299567716196
2386,-15.602299567716196
2387,-15.602299567716196
2388,-15.602299567716196
2389,-15.602299567716196
2390,-15.602299567716196
2391,-15.602299567716196
2392,-15.602299567716196
2393,-15.602299567716196
2394,-15.602299567716196
2395,-15.602299567716196
2396,-15.602299567716196
2397,-15.602299567716196
2398,-15.602299567716196
2399,-15.602299567716196
2400,-15.602299567716196
2401,-15.602299567716196
2402,-15.602299567716196
2403,-15.602299567716196
2404,-15.602299567716196
2405,-15.602299567716196
2406,-15.602299567716196
2407,-15.602299567716196
2408,-15.602299567716196
2409,-15.602299567716196
2410,-15.602299567716196
2411,-15.602299567716196
2412,-15.602299567716196
2413,-15.602299567716196
2414,-15.602299567716196
2415,-15.602299567716196
2416,-15.602299567716196
2417,-15.602299567716196
2418,-15.602299567716196
2419,-15.602299567716196
2420,-15.602299567716196
2421,-15.602299567716196
2422,-15.602299567716196
2423,-15.602299567716196
2424,-15.602299567716196
2425,-15.602299567716196
2426,-15.602299567716196
2427,-15.602299567716196
2428,-15.602299567716196
2429,-15.602299567716196
2430,-15.602299567716196
2431,-15.602299567716196
2432,-15.602299567716196
2433,-15.602299567716196
2434,-15.602299567716196
2435,-15.602299567716196
2436,-15.602299567716196
2437,-15.602299567716196
2438,-15.602299567716196
2439,-15.602299567716196
2440,-15.602299567716196
2441,-15.602299567716196
2442,-15.602299567716196
2443,-15.602299567716196
2444,-15.602299567716196
2445,-15.602299567716196
2446,-15.602299567716196
2447,-15.602299567716196
2448,-15.602299567716196
2449,-15.602299567716196
2450,-15.602299567716196
2451,-15.602299567716196
2452,-15.602299567716196
2453,-15.602299567716196
2454,-15.602299567716196
2455,-15.602299567716196
2456,-15.602299567716196
2457,-15.602299567716196
2458,-15.602299567716196
2459,-15.602299567716196
2460,-15.602299567716196
2461,-15.602299567716196
2462,-15.602299567716196
2463,-15.602299567716196
2464,-15.602299567716196
2465,-15.602299567716196
2466,-15.602299567716196
2467,-15.602299567716196
2468,-15.602299567716196
2469,-15.602299567716196
2470,-15.602299567716196
2471,-15.602299567716196
2472,-15.602299567716196
2473,-15.602299567716196
2474,-15.602299567716196
2475,-15.602299567716196
2476,-15.602299567716196
2477,-15.602299567716196
2478,-15.602299567716196
2479,-15.602299567716196
2480,-15.602299567716196
2481,-15.602299567716196
2482,-15.602299567716196
2483,-15.602299567716196
2484,-15.602299567716196
2485,-15.602299567716196
2486,-15.602299567716196
2487,-15.602299567716196
2488,-15.602299567716196
2489,-15.602299567716196
2490,-15.602299567716196
2491,-15.602299567716196
2492,-15.602299567716196
2493,-15.602299567716196
2494,-15.602299567716196
2495,-15.602299567716196
2496,-15.602299567716196
2497,-15.602299567716196
2498,-15.602299567716196
2499,-15.602299567716196
2500,-15.602299567716196
2501,-15.602299567716196
2502,-15.602299567716196
2503,-15.602299567716196
2504,-15.602299567716196
2505,-15.602299567716196
2506,-15.602299567716196
2507,-15.602299567716196
2508,-15.602299567716196
2509,-15.602299567716196
2510,-15.602299567716196
2511,-15.602299567716196
2512,-15.602299567716196
2513,-15.602299567716196
2514,-15.602299567716196
2515,-15.602299567716196
2516,-15.602299567716196
2517,-15.602299567716196
2518,-15.602299567716196
2519,-15.602299567716196
2520,-15.602299567716196
2521,-15.602299567716196
2522,-15.602299567716196
2523,-15.602299567716196
2524,-15.602299567716196
2525,-15.602299567716196
2526,-15.602299567716196
2527,-15.602299567716196
2528,-15.602299567716196
2529,-15.602299567716196
2530,-15.602299567716196
2531,-15.602299567716196
2532,-15.602299567716196
2533,-15.602299567716196
2534,-15.602299567716196
2535,-15.602299567716196
2536,-15.602299567716196
2537,-15.602299567716196
2538,-15.602299567716196
2539,-15.602299567716196
2540,-15.602299567716196
2541,-15.602299567716196
2542,-15.602299567716196
2543,-15.602299567716196
2544,-15.602299567716196
2545,-15.602299567716196
2546,-15.602299567716196
2547,-15.602299567716196
2548,-15.602299567716196
2549,-15.602299567716196
2550,-15.602299567716196
2551,-15.602299567716196
2552,-15.602299567716196
2553,-15.602299567716196
2554,-15.602299567716196
2555,-15.602299567716196
2556,-15.602299567716196
2557,-15.602299567716196
2558,-15.602299567716196
2559,-15.602299567716196
2560,-15.602299567716196
2561,-15.602299567716196
2562,-15.602299567716196
2563,-15.602299567716196
2564,-15.602299567716196
2565,-15.602299567716196
2566,-15.602299567716196
2567,-15.602299567716196
2568,-15.602299567716196
2569,-15.602299567716196
2570,-15.602299567716196
2571,-15.602299567716196
2572,-15.602299567716196
2573,-15.602299567716196
2574,-15.602299567716196
2575,-15.602299567716196
2576,-15.602299567716196
2577,-15.602299567716196
2578,-15.602299567716196
2579,-15.602299567716196
2580,-15.602299567716196
2581,-15.602299567716196
2582,-15.602299567716196
2583,-15.602299567716196
2584,-15.602299567716196
2585,-15.602299567716196
2586,-15.602299567716196
2587,-15.602299567716196
2588,-15.602299567716196
2589,-15.602299567716196
2590,-15.602299567716196
2591,-15.602299567716196
2592,-15.602299567716196
2593,-15.602299567716196
2594,-15.602299567716196
2595,-15.602299567716196
2596,-15.602299567716196
2597,-15.602299567716196
2598,-15.602299567716196
2599,-15.602299567716196
2600,-15.602299567716196
2601,-15.602299567716196
2602,-15.602299567716196
2603,-15.602299567716196
2604,-15.602299567716196
2605,-15.602299567716196
2606,-15.602299567716196
2607,-15.602299567716196
2608,-15.602299567716196
2609,-15.602299567716196
2610,-15.602299567716196
2611,-15.602299567716196
2612,-15.602299567716196
2613,-15.602299567716196
2614,-15.602299567716196
2615,-15.602299567716196
2616,-15.602299567716196
2617,-15.602299567716196
2618,-15.602299567716196
2619,-15.602299567716196
2620,-15.602299567716196
2621,-15.602299567716196
2622,-15.602299567716196
2623,-15.602299567716196
2624,-15.602299567716196
2625,-15.602299567716196
2626,-15.602299567716196
2627,-15.602299567716196
2628,-15.602299567716196
2629,-15.602299567716196
2630,-15.602299567716196
2631,-15.602299567716196
2632,-15.602299567716196
2633,-15.602299567716196
2634,-15.602299567716196
2635,-15.602299567716196
2636,-15.602299567716196
2637,-15.602299567716196
2638,-15.602299567716196
2639,-15.602299567716196
2640,-15.602299567716196
2641,-15.602299567716196
2642,-15.602299567716196
2643,-15.602299567716196
2644,-15.602299567716196
2645,-15.602299567716196
2646,-15.602299567716196
2647,-15.602299567716196
2648,-15.602299567716196
2649,-15.602299567716196
2650,-15.602299567716196
2651,-15.602299567716196
2652,-15.602299567716196
2653,-15.602299567716196
2654,-15.602299567716196
2655,-15.602299567716196
2656,-15.602299567716196
2657,-15.602299567716196
2658,-15.602299567716196
2659,-15.602299567716196
2660,-15.602299567716196
2661,-15.602299567716196
2662,-15.602299567716196
2663,-15.602299567716196
2664,-15.602299567716196
2665,-15.602299567716196
2666,-15.602299567716196
2667,-15.602299567716196
2668,-15.602299567716196
2669,-15.602299567716196
2670,-15.602299567716196
2671,-15.602299567716196
2672,-15.602299567716196
2673,-15.602299567716196
2674,-15.602299567716196
2675,-15.602299567716196
2676,-15.602299567716196
2677,-15.602299567716196
2678,-15.602299567716196
2679,-15.602299567716196
2680,-15.602299567716196
2681,-15.602299567716196
2682,-15.602299567716196
2683,-15.602299567716196
2684,-15.602299567716196
2685,-15.602299567716196
2686,-15.602299567716196
2687,-15.602299567716196
2688,-15.602299567716196
2689,-15.602299567716196
2690,-15.602299567716196
2691,-15.602299567716196
2692,-15.602299567716196
2693,-15.602299567716196
2694,-15.602299567716196
2695,-15.602299567716196
2696,-15.602299567716196
2697,-15.602299567716196
2698,-15.602299567716196
2699,-15.602299567716196
2700,-15.602299567716196
2701,-15.602299567716196
2702,-15.602299567716196
2703,-15.602299567716196
2704,-15.602299567716196
2705,-15.602299567716196
2706,-15.602299567716196
2707,-15.602299567716196
2708,-15.602299567716196
2709,-15.602299567716196
2710,-15.602299567716196
2711,-15.602299567716196
2712,-15.602299567716196
2713,-15.602299567716196
2714,-15.602299567716196
2715,-15.602299567716196
2716,-15.602299567716196
2717,-15.602299567716196
2718,-15.602299567716196
2719,-15.602299567716196
2720,-15.602299567716196
2721,-15.602299567716196
2722,-15.602299567716196
2723,-15.602299567716196
2724,-15.602299567716196
2725,-15.602299567716196
2726,-15.602299567716196
2727,-15.602299567716196
2728,-15.602299567716196
2729,-15.602299567716196
2730,-15.602299567716196
2731,-15.602299567716196
2732,-15.602299567716196
2733,-15.602299567716196
2734,-15.602299567716196
2735,-15.602299567716196
2736,-15.602299567716196
2737,-15.602299567716196
2738,-15.602299567716196
2739,-15.602299567716196
2740,-15.602299567716196
2741,-15.602299567716196
2742,-15.602299567716196
2743,-15.602299567716196
2744,-15.602299567716196
2745,-15.602299567716196
2746,-15.602299567716196
2747,-15.602299567716196
2748,-15.602299567716196
2749,-15.602299567716196
2750,-15.602299567716196
2751,-15.602299567716196
2752,-15.602299567716196
2753,-15.602299567716196
2754,-15.602299567716196
2755,-15.602299567716196
2756,-15.602299567716196
2757,-15.602299567716196
2758,-15.602299567716196
2759,-15.602299567716196
2760,-15.602299567716196
2761,-15.602299567716196
2762,-15.602299567716196
2763,-15.602299567716196
2764,-15.602299567716196
2765,-15.602299567716196
2766,-15.602299567716196
2767,-15.602299567716196
2768,-15.602299567716196
2769,-15.602299567716196
2770,-15.602299567716196
2771,-15.602299567716196
2772,-15.602299567716196
2773,-15.602299567716196
2774,-15.602299567716196
2775,-15.602299567716196
2776,-15.602299567716196
2777,-15.602299567716196
2778,-15.602299567716196
2779,-15.602299567716196
2780,-15.602299567716196
2781,-15.602299567716196
2782,-15.602299567716196
2783,-15.602299567716196
2784,-15.602299567716196
2785,-15.602299567716196
2786,-15.602299567716196
2787,-15.602299567716196
2788,-15.602299567716196
2789,-15.602299567716196
2790,-15.602299567716196
2791,-15.602299567716196
2792,-15.602299567716196
2793,-15.602299567716196
2794,-15.602299567716196
2795,-15.602299567716196
2796,-15.602299567716196
2797,-15.602299567716196
2798,-15.602299567716196
2799,-15.602299567716196
2800,-15.602299567716196
2801,-15.602299567716196
2802,-15.602299567716196
2803,-15.602299567716196
2804,-15.602299567716196
2805,-15.602299567716196
2806,-15.602299567716196
2807,-15.602299567716196
2808,-15.602299567716196
2809,-15.602299567716196
2810,-15.602299567716196
2811,-15.602299567716196
2812,-15.602299567716196
2813,-15.602299567716196
2814,-15.602299567716196
2815,-15.602299567716196
2816,-15.602299567716196
2817,-15.602299567716196
2818,-15.602299567716196
2819,-15.602299567716196
2820,-15.602299567716196
2821,-15.602299567716196
2822,-15.602299567716196
2823,-15.602299567716196
2824,-15.602299567716196
2825,-15.602299567716196
2826,-15.602299567716196
2827,-15.602299567716196
2828,-15.602299567716196
2829,-15.602299567716196
2830,-15.602299567716196
2831,-15.602299567716196
2832,-15.602299567716196
2833,-15.602299567716196
2834,-15.602299567716196
2835,-15.602299567716196
2836,-15.602299567716196
2837,-15.602299567716196
2838,-15.602299567716196
2839,-15.602299567716196
2840,-15.602299567716196
2841,-15.602299567716196
2842,-15.602299567716196
2843,-15.602299567716196
2844,-15.602299567716196
2845,-15.602299567716196
2846,-15.602299567716196
2847,-15.602299567716196
2848,-15.602299567716196
2849,-15.602299567716196
2850,-15.602299567716196
2851,-15.602299567716196
2852,-15.602299567716196
2853,-15.602299567716196
2854,-15.602299567716196
2855,-15.602299567716196
2856,-15.602299567716196
2857,-15.602299567716196
2858,-15.602299567716196
2859,-15.602299567716196
2860,-15.602299567716196
2861,-15.602299567716196
2862,-15.602299567716196
2863,-15.602299567716196
2864,-15.602299567716196
2865,-15.602299567716196
2866,-15.602299567716196
2867,-15.602299567716196
2868,-15.602299567716196
2869,-15.602299567716196
2870,-15.602299567716196
2871,-15.602299567716196
2872,-15.602299567716196
2873,-15.602299567716196
2874,-15.602299567716196
2875,-13.177949106465675
2876,-13.177949106465675
2877,-13.177949106465675
2878,-13.177949106465675
2879,-13.177949106465675
2880,-13.177949106465675
2881,-13.177949106465675
2882,-13.177949106465675
2883,-13.177949106465675
2884,-13.177949106465675
2885,-13.177949106465675
2886,-13.177949106465675
2887,-13.177949106465675
2888,-13.177949106465675
2889,-13.177949106465675
2890,-13.177949106465675
2891,-13.177949106465675
2892,-13.177949106465675
2893,-13.177949106465675
2894,-13.177949106465675
2895,-13.177949106465675
2896,-13.177949106465675
2897,-13.177949106465675
2898,-13.177949106465675
2899,-13.177949106465675
2900,-13.177949106465675
2901,-13.177949106465675
2902,-13.177949106465675
2903,-13.177949106465675
2904,-13.177949106465675
2905,-13.177949106465675
2906,-13.177949106465675
2907,-13.177949106465675
2908,-13.177949106465675
2909,-13.177949106465675
2910,-13.177949106465675
2911,-13.177949106465675
2912,-13.177949106465675
2913,-13.177949106465675
2914,-13.177949106465675
2915,-13.177949106465675
2916,-13.177949106465675
2917,-13.177949106465675
2918,-13.177949106465675
2919,-13.177949106465675
2920,-13.177949106465675
2921,-13.177949106465675
2922,-13.177949106465675
2923,-13.177949106465675
2924,-13.177949106465675
2925,-13.177949106465675
2926,-13.177949106465675
2927,-13.177949106465675
2928,-13.177949106465675
2929,-13.177949106465675
2930,-13.177949106465675
2931,-13.177949106465675
2932,-13.177949106465675
2933,-13.177949106465675
2934,-13.177949106465675
2935,-13.177949106465675
2936,-13.177949106465675
2937,-13.177949106465675
2938,-13.177949106465675
2939,-13.177949106465675
2940,-13.177949106465675
2941,-13.177949106465675
2942,-13.177949106465675
2943,-13.177949106465675
2944,-13.177949106465675
2945,-13.177949106465675
2946,-13.177949106465675
2947,-13.177949106465675
2948,-13.177949106465675
2949,-13.177949106465675
2950,-13.177949106465675
2951,-13.177949106465675
2952,-13.177949106465675
2953,-13.177949106465675
2954,-13.177949106465675
2955,-13.177949106465675
2956,-13.177949106465675
2957,-13.177949106465675
2958,-13.177949106465675
2959,-13.177949106465675
2960,-13.177949106465675
2961,-13.177949106465675
2962,-13.177949106465675
2963,-13.177949106465675
2964,-13.177949106465675
2965,-13.177949106465675
2966,-13.177949106465675
2967,-13.177949106465675
2968,-13.177949106465675
2969,-13.177949106465675
2970,-13.177949106465675
2971,-13.177949106465675
2972,-13.177949106465675
2973,-13.177949106465675
2974,-13.177949106465675
2975,-13.177949106465675
2976,-13.177949106465675
2977,-13.177949106465675
2978,-13.177949106465675
2979,-13.177949106465675
2980,-13.177949106465675
2981,-13.177949106465675
2982,-13.177949106465675
2983,-13.177949106465675
2984,-13.177949106465675
2985,-13.177949106465675
2986,-13.177949106465675
2987,-13.177949106465675
2988,-13.177949106465675
2989,-13.177949106465675
2990,-13.177949106465675
2991,-13.177949106465675
2992,-13.177949106465675
2993,-13.177949106465675
2994,-13.177949106465675
2995,-13.177949106465675
2996,-13.177949106465675
2997,-13.177949106465675
2998,-13.177949106465675
2999,-13.177949106465675
3000,-13.177949106465675
3001,-13.177949106465675
3002,-13.177949106465675
3003,-13.177949106465675
3004,-13.177949106465675
3005,-13.177949106465675
3006,-13.177949106465675
3007,-13.177949106465675
3008,-13.177949106465675
3009,-13.177949106465675
3010,-13.177949106465675
3011,-13.177949106465675
3012,-13.177949106465675
3013,-13.177949106465675
3014,-13.177949106465675
3015,-13.177949106465675
3016,-13.177949106465675
3017,-13.177949106465675
3018,-13.177949106465675
3019,-13.177949106465675
3020,-13.177949106465675
3021,-13.177949106465675
3022,-13.177949106465675
3023,-13.177949106465675
3024,-13.177949106465675
3025,-13.177949106465675
3026,-13.177949106465675
3027,-13.177949106465675
3028,-13.177949106465675
3029,-13.177949106465675
3030,-13.177949106465675
3031,-13.177949106465675
3032,-13.177949106465675
3033,-13.177949106465675
3034,-13.177949106465675
3035,-13.177949106465675
3036,-13.177949106465675
3037,-13.177949106465675
3038,-13.177949106465675
3039,-13.177949106465675
3040,-13.177949106465675
3041,-13.177949106465675
3042,-13.177949106465675
3043,-13.177949106465675
3044,-13.177949106465675
3045,-13.177949106465675
3046,-13.177949106465675
3047,-13.177949106465675
3048,-13.177949106465675
3049,-13.177949106465675
3050,-13.177949106465675
3051,-13.177949106465675
3052,-13.177949106465675
3053,-13.177949106465675
3054,-13.177949106465675
3055,-13.177949106465675
3056,-13.177949106465675
3057,-13.177949106465675
3058,-13.177949106465675
3059,-13.177949106465675
3060,-13.177949106465675
3061,-13.177949106465675
3062,-13.177949106465675
3063,-13.177949106465675
3064,-13.177949106465675
3065,-13.177949106465675
3066,-13.177949106465675
3067,-13.177949106465675
3068,-13.177949106465675
3069,-13.177949106465675
3070,-13.177949106465675
3071,-13.177949106465675
3072,-13.177949106465675
3073,-13.177949106465675
3074,-13.177949106465675
3075,-13.177949106465675
3076,-13.177949106465675
3077,-13.177949106465675
3078,-13.177949106465675
3079,-13.177949106465675
3080,-13.177949106465675
3081,-13.177949106465675
3082,-13.177949106465675
3083,-13.177949106465675
3084,-13.177949106465675
3085,-13.177949106465675
3086,-13.177949106465675
3087,-13.177949106465675
3088,-13.177949106465675
3089,-13.177949106465675
3090,-13.177949106465675
3091,-13.177949106465675
3092,-13.177949106465675
3093,-13.177949106465675
3094,-13.177949106465675
3095,-13.177949106465675
3096,-13.177949106465675
3097,-13.177949106465675
3098,-13.177949106465675
3099,-13.177949106465675
3100,-13.177949106465675
3101,-13.177949106465675
3102,-13.177949106465675
3103,-13.177949106465675
3104,-13.177949106465675
3105,-13.177949106465675
3106,-13.177949106465675
3107,-13.177949106465675
3108,-13.177949106465675
3109,-13.177949106465675
3110,-13.177949106465675
3111,-13.177949106465675
3112,-13.177949106465675
3113,-13.177949106465675
3114,-13.177949106465675
3115,-13.177949106465675
3116,-13.177949106465675
3117,-13.177949106465675
3118,-13.177949106465675
3119,-13.177949106465675
3120,-13.177949106465675
3121,-13.177949106465675
3122,-13.177949106465675
3123,-13.177949106465675
3124,-13.177949106465675
3125,-13.177949106465675
3126,-13.177949106465675
3127,-13.177949106465675
3128,-13.177949106465675
3129,-13.177949106465675
3130,-13.177949106465675
3131,-13.177949106465675
3132,-13.177949106465675
3133,-13.177949106465675
3134,-13.177949106465675
3135,-13.177949106465675
3136,-13.177949106465675
3137,-13.177949106465675
3138,-13.177949106465675
3139,-13.177949106465675
3140,-13.177949106465675
3141,-13.177949106465675
3142,-13.177949106465675
3143,-13.177949106465675
3144,-13.177949106465675
3145,-13.177949106465675
3146,-13.177949106465675
3147,-13.177949106465675
3148,-13.177949106465675
3149,-13.177949106465675
3150,-13.177949106465675
3151,-13.177949106465675
3152,-13.177949106465675
3153,-13.177949106465675
3154,-13.177949106465675
3155,-13.177949106465675
3156,-13.177949106465675
3157,-13.177949106465675
3158,-13.177949106465675
3159,-13.177949106465675
3160,-13.177949106465675
3161,-13.177949106465675
3162,-13.177949106465675
3163,-13.177949106465675
3164,-13.177949106465675
3165,-13.177949106465675
3166,-13.177949106465675
3167,-13.177949106465675
3168,-13.177949106465675
3169,-13.177949106465675
3170,-13.177949106465675
3171,-13.177949106465675
3172,-13.177949106465675
3173,-13.177949106465675
3174,-13.177949106465675
3175,-13.177949106465675
3176,-13.177949106465675
3177,-13.177949106465675
3178,-13.177949106465675
3179,-13.177949106465675
3180,-13.177949106465675
3181,-13.177949106465675
3182,-13.177949106465675
3183,-13.177949106465675
3184,-13.177949106465675
3185,-13.177949106465675
3186,-13.177949106465675
3187,-13.177949106465675
3188,-13.177949106465675
3189,-13.177949106465675
3190,-13.177949106465675
3191,-13.177949106465675
3192,-13.177949106465675
3193,-13.177949106465675
3194,-13.177949106465675
3195,-13.177949106465675
3196,-13.177949106465675
3197,-13.177949106465675
3198,-13.177949106465675
3199,-13.177949106465675
3200,-13.177949106465675
3201,-13.177949106465675
3202,-13.177949106465675
3203,-13.177949106465675
3204,-13.177949106465675
3205,-13.177949106465675
3206,-13.177949106465675
3207,-13.177949106465675
3208,-13.177949106465675
3209,-13.177949106465675
3210,-13.177949106465675
3211,-13.177949106465675
3212,-13.177949106465675
3213,-13.177949106465675
3214,-13.177949106465675
3215,-13.177949106465675
3216,-13.177949106465675
3217,-13.177949106465675
3218,-13.177949106465675
3219,-13.177949106465675
3220,-13.177949106465675
3221,-13.177949106465675
3222,-13.177949106465675
3223,-13.177949106465675
3224,-13.177949106465675
3225,-13.177949106465675
3226,-13.177949106465675
3227,-13.177949106465675
3228,-13.177949106465675
3229,-13.177949106465675
3230,-13.177949106465675
3231,-13.177949106465675
3232,-13.177949106465675
3233,-13.177949106465675
3234,-13.177949106465675
3235,-13.177949106465675
3236,-13.177949106465675
3237,-13.177949106465675
3238,-13.177949106465675
3239,-13.177949106465675
3240,-13.177949106465675
3241,-13.177949106465675
3242,-13.177949106465675
3243,-13.177949106465675
3244,-13.177949106465675
3245,-13.177949106465675
3246,-13.177949106465675
3247,-13.177949106465675
3248,-13.177949106465675
3249,-13.177949106465675
3250,-13.177949106465675
3251,-13.177949106465675
3252,-13.177949106465675
3253,-13.177949106465675
3254,-13.177949106465675
3255,-13.177949106465675
3256,-13.177949106465675
3257,-13.177949106465675
3258,-13.177949106465675
3259,-13.177949106465675
3260,-13.177949106465675
3261,-13.177949106465675
3262,-13.177949106465675
3263,-13.177949106465675
3264,-13.177949106465675
3265,-13.177949106465675
3266,-13.177949106465675
3267,-13.177949106465675
3268,-13.177949106465675
3269,-13.177949106465675
3270,-13.177949106465675
3271,-13.177949106465675
3272,-13.177949106465675
3273,-13.177949106465675
3274,-13.177949106465675
3275,-13.177949106465675
3276,-13.177949106465675
3277,-13.177949106465675
3278,-13.177949106465675
3279,-13.177949106465675
3280,-13.177949106465675
3281,-13.177949106465675
3282,-13.177949106465675
3283,-13.177949106465675
3284,-13.177949106465675
3285,-13.177949106465675
3286,-13.177949106465675
3287,-13.177949106465675
3288,-13.177949106465675
3289,-13.177949106465675
3290,-13.177949106465675
3291,-13.177949106465675
3292,-13.177949106465675
3293,-13.177949106465675
3294,-13.177949106465675
3295,-13.177949106465675
3296,-13.177949106465675
3297,-13.177949106465675
3298,-13.177949106465675
3299,-13.177949106465675
3300,-13.177949106465675
3301,-13.177949106465675
3302,-13.177949106465675
3303,-13.177949106465675
3304,-13.177949106465675
3305,-13.177949106465675
3306,-13.177949106465675
3307,-13.177949106465675
3308,-13.177949106465675
3309,-13.177949106465675
3310,-13.177949106465675
3311,-13.177949106465675
3312,-13.177949106465675
3313,-13.177949106465675
3314,-13.177949106465675
3315,-13.177949106465675
3316,-13.177949106465675
3317,-13.177949106465675
3318,-13.177949106465675
3319,-13.177949106465675
3320,-13.177949106465675
3321,-13.177949106465675
3322,-13.177949106465675
3323,-13.177949106465675
3324,-13.177949106465675
3325,-13.177949106465675
3326,-13.177949106465675
3327,-13.177949106465675
3328,-13.177949106465675
3329,-13.177949106465675
3330,-13.177949106465675
3331,-13.177949106465675
3332,-13.177949106465675
3333,-13.177949106465675
3334,-13.177949106465675
3335,-13.177949106465675
3336,-13.177949106465675
3337,-13.177949106465675
3338,-13.177949106465675
3339,-13.177949106465675
3340,-13.177949106465675
3341,-13.177949106465675
3342,-13.177949106465675
3343,-13.177949106465675
3344,-13.177949106465675
3345,-13.177949106465675
3346,-13.177949106465675
3347,-13.177949106465675
3348,-13.177949106465675
3349,-13.177949106465675
3350,-13.177949106465675
3351,-13.177949106465675
3352,-13.177949106465675
3353,-13.177949106465675
3354,-13.177949106465675
3355,-13.177949106465675
3356,-13.177949106465675
3357,-13.177949106465675
3358,-13.177949106465675
3359,-13.177949106465675
3360,-13.177949106465675
3361,-13.177949106465675
3362,-13.177949106465675
3363,-13.177949106465675
3364,-13.177949106465675
3365,-13.177949106465675
3366,-13.177949106465675
3367,-13.177949106465675
3368,-13.177949106465675
3369,-13.177949106465675
3370,-13.177949106465675
3371,-13.177949106465675
3372,-13.177949106465675
3373,-13.177949106465675
3374,-13.177949106465675
3375,-13.177949106465675
3376,-13.177949106465675
3377,-13.177949106465675
3378,-13.177949106465675
3379,-13.177949106465675
3380,-13.177949106465675
3381,-13.177949106465675
3382,-13.177949106465675
3383,-13.177949106465675
3384,-13.177949106465675
3385,-13.177949106465675
3386,-13.177949106465675
3387,-13.177949106465675
3388,-13.177949106465675
3389,-13.177949106465675
3390,-13.177949106465675
3391,-13.177949106465675
3392,-13.177949106465675
3393,-13.177949106465675
3394,-13.177949106465675
3395,-13.177949106465675
3396,-13.177949106465675
3397,-13.177949106465675
3398,-13.177949106465675
3399,-13.177949106465675
3400,-13.177949106465675
3401,-13.177949106465675
3402,-13.177949106465675
3403,-13.177949106465675
3404,-13.177949106465675
3405,-13.177949106465675
3406,-13.177949106465675
3407,-13.177949106465675
3408,-13.177949106465675
3409,-13.177949106465675
3410,-13.177949106465675
3411,-13.177949106465675
3412,-13.177949106465675
3413,-13.177949106465675
3414,-13.177949106465675
3415,-13.177949106465675
3416,-13.177949106465675
3417,-13.177949106465675
3418,-13.177949106465675
3419,-13.177949106465675
3420,-13.177949106465675
3421,-13.177949106465675
3422,-13.177949106465675
3423,-13.177949106465675
3424,-13.177949106465675
3425,-13.177949106465675
3426,-13.177949106465675
3427,-13.177949106465675
3428,-13.177949106465675
3429,-13.177949106465675
3430,-13.177949106465675
3431,-13.177949106465675
3432,-13.177949106465675
3433,-13.177949106465675
3434,-13.177949106465675
3435,-13.177949106465675
3436,-13.177949106465675
3437,-13.177949106465675
3438,-13.177949106465675
3439,-13.177949106465675
3440,-13.177949106465675
3441,-13.177949106465675
3442,-13.177949106465675
3443,-13.177949106465675
3444,-13.177949106465675
3445,-13.177949106465675
3446,-13.177949106465675
3447,-13.177949106465675
3448,-13.177949106465675
3449,-13.177949106465675
3450,-13.177949106465675
3451,-13.177949106465675
3452,-13.177949106465675
3453,-13.177949106465675
3454,-13.177949106465675
3455,-13.177949106465675
3456,-13.177949106465675
3457,-13.177949106465675
3458,-13.177949106465675
3459,-13.177949106465675
3460,-13.177949106465675
3461,-13.177949106465675
3462,-13.177949106465675
3463,-13.177949106465675
3464,-13.177949106465675
3465,-13.177949106465675
3466,-13.177949106465675
3467,-13.177949106465675
3468,-13.177949106465675
3469,-13.177949106465675
3470,-13.177949106465675
3471,-13.177949106465675
3472,-13.177949106465675
3473,-13.177949106465675
3474,-13.177949106465675
3475,-13.177949106465675
3476,-13.177949106465675
3477,-13.177949106465675
3478,-13.177949106465675
3479,-13.177949106465675
3480,-13.177949106465675
3481,-13.177949106465675
3482,-13.177949106465675
3483,-13.177949106465675
3484,-13.177949106465675
3485,-13.177949106465675
3486,-13.177949106465675
3487,-13.177949106465675
3488,-13.177949106465675
3489,-13.177949106465675
3490,-13.177949106465675
3491,-13.177949106465675
3492,-13.177949106465675
3493,-13.177949106465675
3494,-13.177949106465675
3495,-13.177949106465675
3496,-13.177949106465675
3497,-13.177949106465675
3498,-13.177949106465675
3499,-13.177949106465675
3500,-13.177949106465675
3501,-13.177949106465675
3502,-13.177949106465675
3503,-13.177949106465675
3504,-13.177949106465675
3505,-13.177949106465675
3506,-13.177949106465675
3507,-13.177949106465675
3508,-13.177949106465675
3509,-13.177949106465675
3510,-13.177949106465675
3511,-13.177949106465675
3512,-13.177949106465675
3513,-13.177949106465675
3514,-13.177949106465675
3515,-13.177949106465675
3516,-13.177949106465675
3517,-13.177949106465675
3518,-13.177949106465675
3519,-13.177949106465675
3520,-13.177949106465675
3521,-13.177949106465675
3522,-13.177949106465675
3523,-13.177949106465675
3524,-13.177949106465675
3525,-13.177949106465675
3526,-13.177949106465675
3527,-13.177949106465675
3528,-13.177949106465675
3529,-13.177949106465675
3530,-13.177949106465675
3531,-13.177949106465675
3532,-13.177949106465675
3533,-13.177949106465675
3534,-13.177949106465675
3535,-13.177949106465675
3536,-13.177949106465675
3537,-13.177949106465675
3538,-13.177949106465675
3539,-13.177949106465675
3540,-13.177949106465675
3541,-13.177949106465675
3542,-13.177949106465675
3543,-13.177949106465675
3544,-13.177949106465675
3545,-13.177949106465675
3546,-13.177949106465675
3547,-13.177949106465675
3548,-13.177949106465675
3549,-13.177949106465675
3550,-13.177949106465675
3551,-13.177949106465675
3552,-13.177949106465675
3553,-13.177949106465675
3554,-13.177949106465675
3555,-13.177949106465675
3556,-13.177949106465675
3557,-13.177949106465675
3558,-13.177949106465675
3559,-13.177949106465675
3560,-13.177949106465675
3561,-13.177949106465675
3562,-13.177949106465675
3563,-13.177949106465675
3564,-13.177949106465675
3565,-13.177949106465675
3566,-13.177949106465675
3567,-13.177949106465675
3568,-13.177949106465675
3569,-13.177949106465675
3570,-13.177949106465675
3571,-13.177949106465675
3572,-13.177949106465675
3573,-13.177949106465675
3574,-13.177949106465675
3575,-13.177949106465675
3576,-13.177949106465675
3577,-13.177949106465675
3578,-13.177949106465675
3579,-13.177949106465675
3580,-13.177949106465675
3581,-13.177949106465675
3582,-13.177949106465675
3583,-13.177949106465675
3584,-13.177949106465675
3585,-13.177949106465675
3586,-13.177949106465675
3587,-13.177949106465675
3588,-13.177949106465675
3589,-13.177949106465675
3590,-13.177949106465675
3591,-13.177949106465675
3592,-13.177949106465675
3593,-13.177949106465675
3594,-13.177949106465675
3595,-13.177949106465675
3596,-13.177949106465675
3597,-13.177949106465675
3598,-13.177949106465675
3599,-13.177949106465675
3600,-13.177949106465675
3601,-13.177949106465675
3602,-13.177949106465675
3603,-13.177949106465675
3604,-13.177949106465675
3605,-13.177949106465675
3606,-13.177949106465675
3607,-13.177949106465675
3608,-13.177949106465675
3609,-13.177949106465675
3610,-13.177949106465675
3611,-13.177949106465675
3612,-13.177949106465675
3613,-13.177949106465675
3614,-13.177949106465675
3615,-13.177949106465675
3616,-13.177949106465675
3617,-13.177949106465675
3618,-13.177949106465675
3619,-13.177949106465675
3620,-13.177949106465675
3621,-13.177949106465675
3622,-13.177949106465675
3623,-13.177949106465675
3624,-13.177949106465675
3625,-13.177949106465675
3626,-13.177949106465675
3627,-13.177949106465675
3628,-13.177949106465675
3629,-13.177949106465675
3630,-13.177949106465675
3631,-13.177949106465675
3632,-13.177949106465675
3633,-13.177949106465675
3634,-13.177949106465675
3635,-13.177949106465675
3636,-13.177949106465675
3637,-13.177949106465675
3638,-13.177949106465675
3639,-13.177949106465675
3640,-13.177949106465675
3641,-13.177949106465675
3642,-13.177949106465675
3643,-13.177949106465675
3644,-13.177949106465675
3645,-13.177949106465675
3646,-13.177949106465675
3647,-13.177949106465675
3648,-13.177949106465675
3649,-13.177949106465675
3650,-13.177949106465675
3651,-13.177949106465675
3652,-13.177949106465675
3653,-13.177949106465675
3654,-13.177949106465675
3655,-13.177949106465675
3656,-13.177949106465675
3657,-13.177949106465675
3658,-13.177949106465675
3659,-13.177949106465675
3660,-13.177949106465675
3661,-13.177949106465675
3662,-13.177949106465675
3663,-13.177949106465675
3664,-13.177949106465675
3665,-13.177949106465675
3666,-13.177949106465675
3667,-13.177949106465675
3668,-13.177949106465675
3669,-13.177949106465675
3670,-13.177949106465675
3671,-13.177949106465675
3672,-13.177949106465675
3673,-13.177949106465675
3674,-13.177949106465675
3675,-13.177949106465675
3676,-13.177949106465675
3677,-13.177949106465675
3678,-13.177949106465675
3679,-13.177949106465675
3680,-13.177949106465675
3681,-13.177949106465675
3682,-13.177949106465675
3683,-13.177949106465675
3684,-13.177949106465675
3685,-13.177949106465675
3686,-13.177949106465675
3687,-13.177949106465675
3688,-13.177949106465675
3689,-13.177949106465675
3690,-13.177949106465675
3691,-13.177949106465675
3692,-13.177949106465675
3693,-13.177949106465675
3694,-13.177949106465675
3695,-13.177949106465675
3696,-13.177949106465675
3697,-13.177949106465675
3698,-13.177949106465675
3699,-13.177949106465675
3700,-13.177949106465675
3701,-13.177949106465675
3702,-13.177949106465675
3703,-13.177949106465675
3704,-13.177949106465675
3705,-13.177949106465675
3706,-13.177949106465675
3707,-13.177949106465675
3708,-13.177949106465675
3709,-13.177949106465675
3710,-13.177949106465675
3711,-13.177949106465675
3712,-13.177949106465675
3713,-13.177949106465675
3714,-13.177949106465675
3715,-13.177949106465675
3716,-13.177949106465675
3717,-13.177949106465675
3718,-13.177949106465675
3719,-13.177949106465675
3720,-13.177949106465675
3721,-13.177949106465675
3722,-13.177949106465675
3723,-13.177949106465675
3724,-13.177949106465675
3725,-13.177949106465675
3726,-13.177949106465675
3727,-13.177949106465675
3728,-13.177949106465675
3729,-13.177949106465675
3730,-13.177949106465675
3731,-13.177949106465675
3732,-13.177949106465675
3733,-13.177949106465675
3734,-13.177949106465675
3735,-13.177949106465675
3736,-13.177949106465675
3737,-13.177949106465675
3738,-13.177949106465675
3739,-13.177949106465675
3740,-13.177949106465675
3741,-13.177949106465675
3742,-13.177949106465675
3743,-13.177949106465675
3744,-13.177949106465675
3745,-13.177949106465675
3746,-13.177949106465675
3747,-13.177949106465675
3748,-13.177949106465675
3749,-13.177949106465675
3750,-13.177949106465675
3751,-13.177949106465675
3752,-13.177949106465675
3753,-13.177949106465675
3754,-13.177949106465675
3755,-13.177949106465675
3756,-13.177949106465675
3757,-13.177949106465675
3758,-13.177949106465675
3759,-13.177949106465675
3760,-13.177949106465675
3761,-13.177949106465675
3762,-13.177949106465675
3763,-13.177949106465675
3764,-13.177949106465675
3765,-13.177949106465675
3766,-13.177949106465675
3767,-13.177949106465675
3768,-13.177949106465675
3769,-13.177949106465675
3770,-13.177949106465675
3771,-13.177949106465675
3772,-13.177949106465675
3773,-13.177949106465675
3774,-13.177949106465675
3775,-13.177949106465675
3776,-13.177949106465675
3777,-13.177949106465675
3778,-13.177949106465675
3779,-13.177949106465675
3780,-13.177949106465675
3781,-13.177949106465675
3782,-13.177949106465675
3783,-13.177949106465675
3784,-13.177949106465675
3785,-13.177949106465675
3786,-13.177949106465675
3787,-13.177949106465675
3788,-13.177949106465675
3789,-13.177949106465675
3790,-13.177949106465675
3791,-13.177949106465675
3792,-13.177949106465675
3793,-13.177949106465675
3794,-13.177949106465675
3795,-13.177949106465675
3796,-13.177949106465675
3797,-13.177949106465675
3798,-13.177949106465675
3799,-13.177949106465675
3800,-13.177949106465675
3801,-13.177949106465675
3802,-13.177949106465675
3803,-13.177949106465675
3804,-13.177949106465675
3805,-13.177949106465675
3806,-13.177949106465675
3807,-13.177949106465675
3808,-13.177949106465675
3809,-13.177949106465675
3810,-13.177949106465675
3811,-13.177949106465675
3812,-13.177949106465675
3813,-13.177949106465675
3814,-13.177949106465675
3815,-13.177949106465675
3816,-13.177949106465675
3817,-13.177949106465675
3818,-1.131957752127144
3819,-1.131957752127144
3820,-1.131957752127144
3821,-1.131957752127144
3822,-1.131957752127144
3823,-1.131957752127144
3824,-1.131957752127144
3825,-1.131957752127144
3826,-1.131957752127144
3827,-1.131957752127144
3828,-1.131957752127144
3829,-1.131957752127144
3830,-1.131957752127144
3831,-1.131957752127144
3832,-1.131957752127144
3833,-1.131957752127144
3834,-1.131957752127144
3835,-1.131957752127144
3836,-1.131957752127144
3837,-1.131957752127144
3838,-1.131957752127144
3839,-1.131957752127144
3840,-1.131957752127144
3841,-1.131957752127144
3842,-1.131957752127144
3843,-1.131957752127144
3844,-1.131957752127144
3845,-1.131957752127144
3846,-1.131957752127144
3847,-1.131957752127144
3848,-1.131957752127144
3849,-1.131957752127144
3850,-1.131957752127144
3851,-1.131957752127144
3852,-1.131957752127144
3853,-1.131957752127144
3854,-1.131957752127144
3855,-1.131957752127144
3856,-1.131957752127144
3857,-1.131957752127144
3858,-1.131957752127144
3859,-1.131957752127144
3860,-1.131957752127144
3861,-1.131957752127144
3862,-1.131957752127144
3863,-1.131957752127144
3864,-1.131957752127144
3865,-1.131957752127144
3866,-1.131957752127144
3867,-1.131957752127144
3868,-1.131957752127144
3869,-1.131957752127144
3870,-1.131957752127144
3871,-1.131957752127144
3872,-1.131957752127144
3873,-1.131957752127144
3874,-1.131957752127144
3875,-1.131957752127144
3876,-1.131957752127144
3877,-1.131957752127144
3878,-1.131957752127144
3879,-1.131957752127144
3880,-1.131957752127144
3881,-1.131957752127144
3882,-1.131957752127144
3883,-1.131957752127144
3884,-1.131957752127144
3885,-1.131957752127144
3886,-1.131957752127144
3887,-1.131957752127144
3888,-1.131957752127144
3889,-1.131957752127144
3890,-1.131957752127144
3891,-1.131957752127144
3892,-1.131957752127144
3893,-1.131957752127144
3894,-1.131957752127144
3895,-1.131957752127144
3896,-1.131957752127144
3897,-1.131957752127144
3898,-1.131957752127144
3899,-1.131957752127144
3900,-1.131957752127144
3901,-1.131957752127144
3902,-1.131957752127144
3903,-1.131957752127144
3904,-1.131957752127144
3905,-1.131957752127144
3906,-1.131957752127144
3907,-1.131957752127144
3908,-1.131957752127144
3909,-1.131957752127144
3910,-1.131957752127144
3911,-1.131957752127144
3912,-1.131957752127144
3913,-1.131957752127144
3914,-1.131957752127144
3915,-1.131957752127144
3916,-1.131957752127144
3917,-1.131957752127144
3918,-1.131957752127144
3919,-1.131957752127144
3920,-1.131957752127144
3921,-1.131957752127144
3922,-1.131957752127144
3923,-1.131957752127144
3924,-1.131957752127144
3925,-1.131957752127144
3926,-1.131957752127144
3927,-1.131957752127144
3928,-1.131957752127144
3929,-1.131957752127144
3930,-1.131957752127144
3931,-1.131957752127144
3932,-1.131957752127144
3933,-1.131957752127144
3934,-1.131957752127144
3935,-1.131957752127144
3936,-1.131957752127144
3937,-1.131957752127144
3938,-1.131957752127144
3939,-1.131957752127144
3940,-1.131957752127144
3941,-1.131957752127144
3942,-1.131957752127144
3943,-1.131957752127144
3944,-1.131957752127144
3945,-1.131957752127144
3946,-1.131957752127144
3947,-1.131957752127144
3948,-1.131957752127144
3949,-1.131957752127144
3950,-1.131957752127144
3951,-1.131957752127144
3952,-1.131957752127144
3953,-1.131957752127144
3954,-1.131957752127144
3955,-1.131957752127144
3956,-1.131957752127144
3957,-1.131957752127144
3958,-1.131957752127144
3959,-1.131957752127144
3960,-1.131957752127144
3961,-1.131957752127144
3962,-1.131957752127144
3963,-1.131957752127144
3964,-1.131957752127144
3965,-1.131957752127144
3966,-1.131957752127144
3967,-1.131957752127144
3968,-1.131957752127144
3969,-1.131957752127144
3970,-1.131957752127144
3971,-1.131957752127144
3972,-1.131957752127144
3973,-1.131957752127144
3974,-1.131957752127144
3975,-1.131957752127144
3976,-1.131957752127144
3977,-1.131957752127144
3978,-1.131957752127144
3979,-1.131957752127144
3980,-1.131957752127144
3981,-1.131957752127144
3982,-1.131957752127144
3983,-1.131957752127144
3984,-1.131957752127144
3985,-1.131957752127144
3986,-1.131957752127144
3987,-1.131957752127144
3988,-1.131957752127144
3989,-1.131957752127144
3990,-1.131957752127144
3991,-1.131957752127144
3992,-1.131957752127144
3993,-1.131957752127144
3994,-1.131957752127144
3995,-1.131957752127144
3996,-1.131957752127144
3997,-1.131957752127144
3998,-1.131957752127144
3999,-1.131957752127144
4000,-1.131957752127144
4001,-1.131957752127144
4002,-1.131957752127144
4003,-1.131957752127144
4004,-1.131957752127144
4005,-1.131957752127144
4006,-1.131957752127144
4007,-1.131957752127144
4008,-1.131957752127144
4009,-1.131957752127144
4010,-1.131957752127144
4011,-1.131957752127144
4012,-1.131957752127144
4013,-1.131957752127144
4014,-1.131957752127144
4015,-1.131957752127144
4016,-1.131957752127144
4017,-1.131957752127144
4018,-1.131957752127144
4019,-1.131957752127144
4020,-1.131957752127144
4021,-1.131957752127144
4022,-1.131957752127144
4023,-1.131957752127144
4024,-1.131957752127144
4025,-1.131957752127144
4026,-1.131957752127144
4027,-1.131957752127144
4028,-1.131957752127144
4029,-1.131957752127144
4030,-1.131957752127144
4031,-1.131957752127144
4032,-1.131957752127144
4033,-1.131957752127144
4034,-1.131957752127144
4035,-1.131957752127144
4036,-1.131957752127144
4037,-1.131957752127144
4038,-1.131957752127144
4039,-1.131957752127144
4040,-1.131957752127144
4041,-1.131957752127144
4042,-1.131957752127144
4043,-1.131957752127144
4044,-1.131957752127144
4045,-1.131957752127144
4046,-1.131957752127144
4047,-1.131957752127144
4048,-1.131957752127144
4049,-1.131957752127144
4050,-1.131957752127144
4051,-1.131957752127144
4052,-1.131957752127144
4053,-1.131957752127144
4054,-1.131957752127144
4055,-1.131957752127144
4056,-1.131957752127144
4057,-1.131957752127144
4058,-1.131957752127144
4059,-1.131957752127144
4060,-1.131957752127144
4061,-1.131957752127144
4062,-1.131957752127144
4063,-1.131957752127144
4064,-1.131957752127144
4065,-1.131957752127144
4066,-1.131957752127144
4067,-1.131957752127144
4068,-1.131957752127144
4069,-1.131957752127144
4070,-1.131957752127144
4071,-1.131957752127144
4072,-1.131957752127144
4073,-1.131957752127144
4074,-1.131957752127144
4075,-1.131957752127144
4076,-1.131957752127144
4077,-1.131957752127144
4078,-1.131957752127144
4079,-1.131957752127144
4080,-1.131957752127144
4081,-1.131957752127144
4082,-1.131957752127144
4083,-1.131957752127144
4084,-1.131957752127144
4085,-1.131957752127144
4086,-1.131957752127144
4087,-1.131957752127144
4088,-1.131957752127144
4089,-1.131957752127144
4090,-1.131957752127144
4091,-1.131957752127144
4092,-1.131957752127144
4093,-1.131957752127144
4094,-1.131957752127144
4095,-1.131957752127144
4096,-1.131957752127144
4097,-1.131957752127144
4098,-1.131957752127144
4099,-1.131957752127144
4100,-1.131957752127144
4101,-1.131957752127144
4102,-1.131957752127144
4103,-1.131957752127144
4104,-1.131957752127144
4105,-1.131957752127144
4106,-1.131957752127144
4107,-1.131957752127144
4108,-1.131957752127144
4109,-1.131957752127144
4110,-1.131957752127144
4111,-1.131957752127144
4112,-1.131957752127144
4113,-1.131957752127144
4114,-1.131957752127144
4115,-1.131957752127144
4116,-1.131957752127144
4117,-1.131957752127144
4118,-1.131957752127144
4119,-1.131957752127144
4120,-1.131957752127144
4121,-1.131957752127144
4122,-1.131957752127144
4123,-1.131957752127144
4124,-1.131957752127144
4125,-1.131957752127144
4126,-1.131957752127144
4127,-1.131957752127144
4128,-1.131957752127144
4129,-1.131957752127144
4130,-1.131957752127144
4131,-1.131957752127144
4132,-1.131957752127144
4133,-1.131957752127144
4134,-1.131957752127144
4135,-1.131957752127144
4136,-1.131957752127144
4137,-1.131957752127144
4138,-1.131957752127144
4139,-1.131957752127144
4140,-1.131957752127144
4141,-1.131957752127144
4142,-1.131957752127144
4143,-1.131957752127144
4144,-1.131957752127144
4145,-1.131957752127144
4146,-1.131957752127144
4147,-1.131957752127144
4148,-1.131957752127144
4149,-1.131957752127144
4150,-1.131957752127144
4151,-1.131957752127144
4152,-1.131957752127144
4153,-1.131957752127144
4154,-1.131957752127144
4155,-1.131957752127144
4156,-1.131957752127144
4157,-1.131957752127144
4158,-1.131957752127144
4159,-1.131957752127144
4160,-1.131957752127144
4161,-1.131957752127144
4162,-1.131957752127144
4163,-1.131957752127144
4164,-1.131957752127144
4165,-1.131957752127144
4166,-1.131957752127144
4167,-1.131957752127144
4168,-1.131957752127144
4169,-1.131957752127144
4170,-1.131957752127144
4171,-1.131957752127144
4172,-1.131957752127144
4173,-1.131957752127144
4174,-1.131957752127144
4175,-1.131957752127144
4176,-1.131957752127144
4177,2.8833726993190334
4178,2.8833726993190334
4179,2.8833726993190334
4180,2.8833726993190334
4181,2.8833726993190334
4182,2.8833726993190334
4183,2.8833726993190334
4184,2.8833726993190334
4185,2.8833726993190334
4186,2.8833726993190334
4187,2.8833726993190334
4188,2.8833726993190334
4189,2.8833726993190334
4190,2.8833726993190334
4191,2.8833726993190334
4192,2.8833726993190334
4193,2.8833726993190334
4194,2.8833726993190334
4195,2.8833726993190334
4196,2.8833726993190334
4197,2.8833726993190334
4198,2.8833726993190334
4199,2.8833726993190334
4200,2.8833726993190334
4201,2.8833726993190334
4202,2.8833726993190334
4203,2.8833726993190334
4204,2.8833726993190334
4205,2.8833726993190334
4206,2.8833726993190334
4207,2.8833726993190334
4208,2.8833726993190334
4209,2.8833726993190334
4210,2.8833726993190334
4211,2.8833726993190334
4212,2.8833726993190334
4213,2.8833726993190334
4214,2.8833726993190334
4215,2.8833726993190334
4216,2.8833726993190334
4217,2.8833726993190334
4218,2.8833726993190334
4219,2.8833726993190334
4220,2.8833726993190334
4221,2.8833726993190334
4222,2.8833726993190334
4223,2.8833726993190334
4224,2.8833726993190334
4225,2.8833726993190334
4226,2.8833726993190334
4227,2.8833726993190334
4228,2.8833726993190334
4229,2.8833726993190334
4230,2.8833726993190334
4231,2.8833726993190334
4232,2.8833726993190334
4233,2.8833726993190334
4234,2.8833726993190334
4235,2.8833726993190334
4236,2.8833726993190334
4237,2.8833726993190334
4238,2.8833726993190334
4239,2.8833726993190334
4240,2.8833726993190334
4241,2.8833726993190334
4242,2.8833726993190334
4243,2.8833726993190334
4244,2.8833726993190334
4245,2.8833726993190334
4246,2.8833726993190334
4247,2.8833726993190334
4248,2.8833726993190334
4249,2.8833726993190334
4250,2.8833726993190334
4251,2.8833726993190334
4252,2.8833726993190334
4253,2.8833726993190334
4254,2.8833726993190334
4255,2.8833726993190334
4256,2.8833726993190334
4257,2.8833726993190334
4258,2.8833726993190334
4259,2.8833726993190334
4260,2.8833726993190334
4261,2.8833726993190334
4262,2.8833726993190334
4263,2.8833726993190334
4264,2.8833726993190334
4265,2.8833726993190334
4266,2.8833726993190334
4267,2.8833726993190334
4268,2.8833726993190334
4269,2.8833726993190334
4270,2.8833726993190334
4271,2.8833726993190334
4272,2.8833726993190334
4273,2.8833726993190334
4274,2.8833726993190334
4275,2.8833726993190334
4276,2.8833726993190334
4277,2.8833726993190334
4278,2.8833726993190334
4279,2.8833726993190334
4280,2.8833726993190334
4281,2.8833726993190334
4282,2.8833726993190334
4283,2.8833726993190334
4284,2.8833726993190334
4285,2.8833726993190334
4286,2.8833726993190334
4287,2.8833726993190334
4288,2.8833726993190334
4289,2.8833726993190334
4290,2.8833726993190334
4291,2.8833726993190334
4292,2.8833726993190334
4293,2.8833726993190334
4294,2.8833726993190334
4295,2.8833726993190334
4296,2.8833726993190334
4297,2.8833726993190334
4298,2.8833726993190334
4299,2.8833726993190334
4300,2.8833726993190334
4301,2.8833726993190334
4302,2.8833726993190334
4303,2.8833726993190334
4304,2.8833726993190334
4305,2.8833726993190334
4306,2.8833726993190334
4307,2.8833726993190334
4308,2.8833726993190334
4309,2.8833726993190334
4310,2.8833726993190334
4311,2.8833726993190334
4312,2.8833726993190334
4313,2.8833726993190334
4314,2.8833726993190334
4315,2.8833726993190334
4316,2.8833726993190334
4317,2.8833726993190334
4318,2.8833726993190334
4319,2.8833726993190334
4320,2.8833726993190334
4321,2.8833726993190334
4322,2.8833726993190334
4323,2.8833726993190334
4324,2.8833726993190334
4325,2.8833726993190334
4326,2.8833726993190334
4327,2.8833726993190334
4328,2.8833726993190334
4329,2.8833726993190334
4330,2.8833726993190334
4331,2.8833726993190334
4332,2.8833726993190334
4333,2.8833726993190334
4334,2.8833726993190334
4335,2.8833726993190334
4336,2.8833726993190334
4337,2.8833726993190334
4338,2.8833726993190334
4339,2.8833726993190334
4340,2.8833726993190334
4341,2.8833726993190334
4342,2.8833726993190334
4343,2.8833726993190334
4344,2.8833726993190334
4345,2.8833726993190334
4346,2.8833726993190334
4347,2.8833726993190334
4348,2.8833726993190334
4349,2.8833726993190334
4350,2.8833726993190334
4351,2.8833726993190334
4352,2.8833726993190334
4353,2.8833726993190334
4354,2.8833726993190334
4355,2.8833726993190334
4356,2.8833726993190334
4357,2.8833726993190334
4358,2.8833726993190334
4359,2.8833726993190334
4360,2.8833726993190334
4361,2.8833726993190334
4362,2.8833726993190334
4363,2.8833726993190334
4364,2.8833726993190334
4365,2.8833726993190334
4366,2.8833726993190334
4367,2.8833726993190334
4368,2.8833726993190334
4369,2.8833726993190334
4370,2.8833726993190334
4371,2.8833726993190334
4372,2.8833726993190334
4373,2.8833726993190334
4374,2.8833726993190334
4375,2.8833726993190334
4376,2.8833726993190334
4377,2.8833726993190334
4378,2.8833726993190334
4379,2.8833726993190334
4380,2.8833726993190334
4381,2.8833726993190334
4382,2.8833726993190334
4383,2.8833726993190334
4384,2.8833726993190334
4385,2.8833726993190334
4386,2.8833726993190334
4387,2.8833726993190334
4388,2.8833726993190334
4389,2.8833726993190334
4390,2.8833726993190334
4391,2.8833726993190334
4392,2.8833726993190334
4393,2.8833726993190334
4394,2.8833726993190334
4395,2.8833726993190334
4396,2.8833726993190334
4397,2.8833726993190334
4398,2.8833726993190334
4399,2.8833726993190334
4400,2.8833726993190334
4401,2.8833726993190334
4402,2.8833726993190334
4403,2.8833726993190334
4404,2.8833726993190334
4405,2.8833726993190334
4406,2.8833726993190334
4407,2.8833726993190334
4408,2.8833726993190334
4409,2.8833726993190334
4410,2.8833726993190334
4411,2.8833726993190334
4412,2.8833726993190334
4413,2.8833726993190334
4414,2.8833726993190334
4415,2.8833726993190334
4416,2.8833726993190334
4417,2.8833726993190334
4418,2.8833726993190334
4419,2.8833726993190334
4420,2.8833726993190334
4421,2.8833726993190334
4422,2.8833726993190334
4423,2.8833726993190334
4424,2.8833726993190334
4425,2.8833726993190334
4426,2.8833726993190334
4427,2.8833726993190334
4428,2.8833726993190334
4429,2.8833726993190334
4430,2.8833726993190334
4431,2.8833726993190334
4432,2.8833726993190334
4433,2.8833726993190334
4434,2.8833726993190334
4435,2.8833726993190334
4436,2.8833726993190334
4437,2.8833726993190334
4438,2.8833726993190334
4439,2.8833726993190334
4440,2.8833726993190334
4441,2.8833726993190334
4442,2.8833726993190334
4443,2.8833726993190334
4444,2.8833726993190334
4445,2.8833726993190334
4446,2.8833726993190334
4447,2.8833726993190334
4448,2.8833726993190334
4449,2.8833726993190334
4450,2.8833726993190334
4451,2.8833726993190334
4452,2.8833726993190334
4453,2.8833726993190334
4454,2.8833726993190334
4455,2.8833726993190334
4456,2.8833726993190334
4457,2.8833726993190334
4458,2.8833726993190334
4459,2.8833726993190334
4460,2.8833726993190334
4461,2.8833726993190334
4462,2.8833726993190334
4463,2.8833726993190334
4464,2.8833726993190334
4465,2.8833726993190334
4466,2.8833726993190334
4467,2.8833726993190334
4468,2.8833726993190334
4469,2.8833726993190334
4470,2.8833726993190334
4471,2.8833726993190334
4472,2.8833726993190334
4473,2.8833726993190334
4474,2.8833726993190334
4475,2.8833726993190334
4476,2.8833726993190334
4477,2.8833726993190334
4478,2.8833726993190334
4479,2.8833726993190334
4480,2.8833726993190334
4481,2.8833726993190334
4482,2.8833726993190334
4483,2.8833726993190334
4484,2.8833726993190334
4485,2.8833726993190334
4486,2.8833726993190334
4487,2.8833726993190334
4488,2.8833726993190334
4489,2.8833726993190334
4490,2.8833726993190334
4491,2.8833726993190334
4492,2.8833726993190334
4493,2.8833726993190334
4494,2.8833726993190334
4495,2.8833726993190334
4496,2.8833726993190334
4497,2.8833726993190334
4498,2.8833726993190334
4499,2.8833726993190334
4500,2.8833726993190334
4501,2.8833726993190334
4502,2.8833726993190334
4503,2.8833726993190334
4504,2.8833726993190334
4505,2.8833726993190334
4506,2.8833726993190334
4507,2.8833726993190334
4508,2.8833726993190334
4509,2.8833726993190334
4510,2.8833726993190334
4511,2.8833726993190334
4512,2.8833726993190334
4513,2.8833726993190334
4514,2.8833726993190334
4515,2.8833726993190334
4516,2.8833726993190334
4517,2.8833726993190334
4518,2.8833726993190334
4519,2.8833726993190334
4520,2.8833726993190334
4521,2.8833726993190334
4522,2.8833726993190334
4523,2.8833726993190334
4524,2.8833726993190334
4525,2.8833726993190334
4526,2.8833726993190334
4527,2.8833726993190334
4528,2.8833726993190334
4529,2.8833726993190334
4530,2.8833726993190334
4531,2.8833726993190334
4532,2.8833726993190334
4533,2.8833726993190334
4534,2.8833726993190334
4535,2.8833726993190334
4536,2.8833726993190334
4537,2.8833726993190334
4538,2.8833726993190334
4539,2.8833726993190334
4540,2.8833726993190334
4541,2.8833726993190334
4542,2.8833726993190334
4543,2.8833726993190334
4544,2.8833726993190334
4545,2.8833726993190334
4546,2.8833726993190334
4547,2.8833726993190334
4548,2.8833726993190334
4549,2.8833726993190334
4550,2.8833726993190334
4551,2.8833726993190334
4552,2.8833726993190334
4553,2.8833726993190334
4554,2.8833726993190334
4555,2.8833726993190334
4556,2.8833726993190334
4557,2.8833726993190334
4558,2.8833726993190334
4559,2.8833726993190334
4560,2.8833726993190334
4561,2.8833726993190334
4562,2.8833726993190334
4563,2.8833726993190334
4564,2.8833726993190334
4565,2.8833726993190334
4566,2.8833726993190334
4567,2.8833726993190334
4568,2.8833726993190334
4569,2.8833726993190334
4570,2.8833726993190334
4571,2.8833726993190334
4572,2.8833726993190334
4573,2.8833726993190334
4574,2.8833726993190334
4575,2.8833726993190334
4576,2.8833726993190334
4577,2.8833726993190334
4578,2.8833726993190334
4579,2.8833726993190334
4580,2.8833726993190334
4581,2.8833726993190334
4582,2.8833726993190334
4583,2.8833726993190334
4584,2.8833726993190334
4585,2.8833726993190334
4586,2.8833726993190334
4587,2.8833726993190334
4588,2.8833726993190334
4589,2.8833726993190334
4590,2.8833726993190334
4591,2.8833726993190334
4592,2.8833726993190334
4593,2.8833726993190334
4594,2.8833726993190334
4595,2.8833726993190334
4596,2.8833726993190334
4597,2.8833726993190334
4598,2.8833726993190334
4599,2.8833726993190334
4600,2.8833726993190334
4601,2.8833726993190334
4602,2.8833726993190334
4603,2.8833726993190334
4604,2.8833726993190334
4605,2.8833726993190334
4606,2.8833726993190334
4607,2.8833726993190334
4608,2.8833726993190334
4609,2.8833726993190334
4610,2.8833726993190334
4611,2.8833726993190334
4612,2.8833726993190334
4613,2.8833726993190334
4614,2.8833726993190334
4615,2.8833726993190334
4616,2.8833726993190334
4617,2.8833726993190334
4618,2.8833726993190334
4619,2.8833726993190334
4620,2.8833726993190334
4621,2.8833726993190334
4622,2.8833726993190334
4623,2.8833726993190334
4624,2.8833726993190334
4625,2.8833726993190334
4626,2.8833726993190334
4627,2.8833726993190334
4628,2.8833726993190334
4629,2.8833726993190334
4630,2.8833726993190334
4631,2.8833726993190334
4632,2.8833726993190334
4633,2.8833726993190334
4634,2.8833726993190334
4635,2.8833726993190334
4636,2.8833726993190334
4637,2.8833726993190334
4638,2.8833726993190334
4639,2.8833726993190334
4640,2.8833726993190334
4641,2.8833726993190334
4642,2.8833726993190334
4643,2.8833726993190334
4644,2.8833726993190334
4645,2.8833726993190334
4646,2.8833726993190334
4647,2.8833726993190334
4648,2.8833726993190334
4649,2.8833726993190334
4650,2.8833726993190334
4651,2.8833726993190334
4652,2.8833726993190334
4653,2.8833726993190334
4654,2.8833726993190334
4655,2.8833726993190334
4656,2.8833726993190334
4657,2.8833726993190334
4658,2.8833726993190334
4659,2.8833726993190334
4660,2.8833726993190334
4661,2.8833726993190334
4662,2.8833726993190334
4663,2.8833726993190334
4664,2.8833726993190334
4665,2.8833726993190334
4666,2.8833726993190334
4667,2.8833726993190334
4668,2.8833726993190334
4669,2.8833726993190334
4670,2.8833726993190334
4671,2.8833726993190334
4672,2.8833726993190334
4673,2.8833726993190334
4674,2.8833726993190334
4675,2.8833726993190334
4676,2.8833726993190334
4677,2.8833726993190334
4678,2.8833726993190334
4679,2.8833726993190334
4680,2.8833726993190334
4681,2.8833726993190334
4682,2.8833726993190334
4683,2.8833726993190334
4684,2.8833726993190334
4685,2.8833726993190334
4686,2.8833726993190334
4687,2.8833726993190334
4688,2.8833726993190334
4689,2.8833726993190334
4690,2.8833726993190334
4691,2.8833726993190334
4692,2.8833726993190334
4693,2.8833726993190334
4694,2.8833726993190334
4695,2.8833726993190334
4696,2.8833726993190334
4697,2.8833726993190334
4698,2.8833726993190334
4699,2.8833726993190334
4700,2.8833726993190334
4701,2.8833726993190334
4702,2.8833726993190334
4703,2.8833726993190334
4704,2.8833726993190334
4705,2.8833726993190334
4706,2.8833726993190334
4707,2.8833726993190334
4708,2.8833726993190334
4709,2.8833726993190334
4710,2.8833726993190334
4711,2.8833726993190334
4712,2.8833726993190334
4713,2.8833726993190334
4714,2.8833726993190334
4715,2.8833726993190334
4716,2.8833726993190334
4717,2.8833726993190334
4718,2.8833726993190334
4719,2.8833726993190334
4720,2.8833726993190334
4721,2.8833726993190334
4722,2.8833726993190334
4723,2.8833726993190334
4724,2.8833726993190334
4725,2.8833726993190334
4726,2.8833726993190334
4727,2.8833726993190334
4728,2.8833726993190334
4729,2.8833726993190334
4730,2.8833726993190334
4731,2.8833726993190334
4732,2.8833726993190334
4733,2.8833726993190334
4734,2.8833726993190334
4735,2.8833726993190334
4736,2.8833726993190334
4737,2.8833726993190334
4738,2.8833726993190334
4739,2.8833726993190334
4740,2.8833726993190334
4741,2.8833726993190334
4742,2.8833726993190334
4743,2.8833726993190334
4744,2.8833726993190334
4745,2.8833726993190334
4746,2.8833726993190334
4747,2.8833726993190334
4748,2.8833726993190334
4749,2.8833726993190334
4750,2.8833726993190334
4751,2.8833726993190334
4752,2.8833726993190334
4753,2.8833726993190334
4754,2.8833726993190334
4755,2.8833726993190334
4756,2.8833726993190334
4757,2.8833726993190334
4758,2.8833726993190334
4759,2.8833726993190334
4760,2.8833726993190334
4761,2.8833726993190334
4762,2.8833726993190334
4763,2.8833726993190334
4764,2.8833726993190334
4765,2.8833726993190334
4766,2.8833726993190334
4767,2.8833726993190334
4768,2.8833726993190334
4769,2.8833726993190334
4770,2.8833726993190334
4771,2.8833726993190334
4772,2.8833726993190334
4773,2.8833726993190334
4774,2.8833726993190334
4775,2.8833726993190334
4776,2.8833726993190334
4777,2.8833726993190334
4778,2.8833726993190334
4779,2.8833726993190334
4780,2.8833726993190334
4781,2.8833726993190334
4782,2.8833726993190334
4783,2.8833726993190334
4784,2.8833726993190334
4785,2.8833726993190334
4786,2.8833726993190334
4787,2.8833726993190334
4788,2.8833726993190334
4789,2.8833726993190334
4790,2.8833726993190334
4791,2.8833726993190334
4792,2.8833726993190334
4793,2.8833726993190334
4794,2.8833726993190334
4795,2.8833726993190334
4796,2.8833726993190334
4797,2.8833726993190334
4798,2.8833726993190334
4799,2.8833726993190334
4800,2.8833726993190334
4801,2.8833726993190334
4802,2.8833726993190334
4803,2.8833726993190334
4804,2.8833726993190334
4805,2.8833726993190334
4806,2.8833726993190334
4807,2.8833726993190334
4808,2.8833726993190334
4809,2.8833726993190334
4810,2.8833726993190334
4811,2.8833726993190334
4812,2.8833726993190334
4813,2.8833726993190334
4814,2.8833726993190334
4815,2.8833726993190334
4816,2.8833726993190334
4817,2.8833726993190334
4818,2.8833726993190334
4819,2.8833726993190334
4820,2.8833726993190334
4821,2.8833726993190334
4822,2.8833726993190334
4823,2.8833726993190334
4824,2.8833726993190334
4825,2.8833726993190334
4826,2.8833726993190334
4827,2.8833726993190334
4828,2.8833726993190334
4829,2.8833726993190334
4830,2.8833726993190334
4831,2.8833726993190334
4832,2.8833726993190334
4833,2.8833726993190334
4834,2.8833726993190334
4835,2.8833726993190334
4836,2.8833726993190334
4837,2.8833726993190334
4838,2.8833726993190334
4839,2.8833726993190334
4840,2.8833726993190334
4841,2.8833726993190334
4842,2.8833726993190334
4843,2.8833726993190334
4844,2.8833726993190334
4845,2.8833726993190334
4846,2.8833726993190334
4847,2.8833726993190334
4848,2.8833726993190334
4849,2.8833726993190334
4850,2.8833726993190334
4851,2.8833726993190334
4852,2.8833726993190334
4853,2.8833726993190334
4854,2.8833726993190334
4855,2.8833726993190334
4856,2.8833726993190334
4857,2.8833726993190334
4858,2.8833726993190334
4859,2.8833726993190334
4860,2.8833726993190334
4861,2.8833726993190334
4862,2.8833726993190334
4863,2.8833726993190334
4864,2.8833726993190334
4865,2.8833726993190334
4866,2.8833726993190334
4867,2.8833726993190334
4868,2.8833726993190334
4869,2.8833726993190334
4870,2.8833726993190334
4871,2.8833726993190334
4872,2.8833726993190334
4873,2.8833726993190334
4874,2.8833726993190334
4875,2.8833726993190334
4876,2.8833726993190334
4877,2.8833726993190334
4878,2.8833726993190334
4879,2.8833726993190334
4880,2.8833726993190334
4881,2.8833726993190334
4882,2.8833726993190334
4883,2.8833726993190334
4884,2.8833726993190334
4885,2.8833726993190334
4886,2.8833726993190334
4887,2.8833726993190334
4888,2.8833726993190334
4889,2.8833726993190334
4890,2.8833726993190334
4891,2.8833726993190334
4892,2.8833726993190334
4893,2.8833726993190334
4894,2.8833726993190334
4895,2.8833726993190334
4896,2.8833726993190334
4897,2.8833726993190334
4898,2.8833726993190334
4899,2.8833726993190334
4900,2.8833726993190334
4901,2.8833726993190334
4902,2.8833726993190334
4903,2.8833726993190334
4904,2.8833726993190334
4905,2.8833726993190334
4906,2.8833726993190334
4907,2.8833726993190334
4908,2.8833726993190334
4909,2.8833726993190334
4910,2.8833726993190334
4911,2.8833726993190334
4912,2.8833726993190334
4913,2.8833726993190334
4914,2.8833726993190334
4915,2.8833726993190334
4916,2.8833726993190334
4917,2.8833726993190334
4918,2.8833726993190334
4919,2.8833726993190334
4920,2.8833726993190334
4921,2.8833726993190334
4922,2.8833726993190334
4923,2.8833726993190334
4924,2.8833726993190334
4925,2.8833726993190334
4926,2.8833726993190334
4927,2.8833726993190334
4928,2.8833726993190334
4929,2.8833726993190334
4930,2.8833726993190334
4931,2.8833726993190334
4932,2.8833726993190334
4933,2.8833726993190334
4934,2.8833726993190334
4935,2.8833726993190334
4936,2.8833726993190334
4937,2.8833726993190334
4938,2.8833726993190334
4939,2.8833726993190334
4940,2.8833726993190334
4941,2.8833726993190334
4942,2.8833726993190334
4943,2.8833726993190334
4944,2.8833726993190334
4945,2.8833726993190334
4946,2.8833726993190334
4947,2.8833726993190334
4948,2.8833726993190334
4949,2.8833726993190334
4950,2.8833726993190334
4951,2.8833726993190334
4952,2.8833726993190334
4953,2.8833726993190334
4954,2.8833726993190334
4955,2.8833726993190334
4956,5.459245064397713
4957,5.459245064397713
4958,5.459245064397713
4959,5.459245064397713
4960,5.459245064397713
4961,5.459245064397713
4962,5.459245064397713
4963,5.459245064397713
4964,5.459245064397713
4965,5.459245064397713
4966,5.459245064397713
4967,5.459245064397713
4968,5.459245064397713
4969,5.459245064397713
4970,5.459245064397713
4971,5.459245064397713
4972,5.459245064397713
4973,5.459245064397713
4974,5.459245064397713
4975,5.459245064397713
4976,5.459245064397713
4977,5.459245064397713
4978,5.459245064397713
4979,5.459245064397713
4980,5.459245064397713
4981,5.459245064397713
4982,5.459245064397713
4983,5.459245064397713
4984,5.459245064397713
4985,5.459245064397713
4986,5.459245064397713
4987,5.459245064397713
4988,5.459245064397713
4989,5.459245064397713
4990,5.459245064397713
4991,5.459245064397713
4992,5.459245064397713
4993,5.459245064397713
4994,5.459245064397713
4995,5.459245064397713
4996,5.459245064397713
4997,5.459245064397713
4998,5.459245064397713
4999,5.459245064397713
5000,5.459245064397713
5001,5.459245064397713
5002,5.459245064397713
5003,5.459245064397713
5004,5.459245064397713
5005,5.459245064397713
5006,5.459245064397713
5007,5.459245064397713
5008,5.459245064397713
5009,5.459245064397713
5010,5.459245064397713
5011,5.459245064397713
5012,5.459245064397713
5013,5.459245064397713
5014,5.459245064397713
5015,5.459245064397713
5016,5.459245064397713
5017,5.459245064397713
5018,5.459245064397713
5019,5.459245064397713
5020,5.459245064397713
5021,5.459245064397713
5022,5.459245064397713
5023,5.459245064397713
5024,5.459245064397713
5025,5.459245064397713
5026,5.459245064397713
5027,5.459245064397713
5028,5.459245064397713
5029,5.459245064397713
5030,5.459245064397713
5031,5.459245064397713
5032,5.459245064397713
5033,5.459245064397713
5034,5.459245064397713
5035,5.459245064397713
5036,5.459245064397713
5037,5.459245064397713
5038,5.459245064397713
5039,5.459245064397713
5040,5.459245064397713
5041,5.459245064397713
5042,5.459245064397713
5043,5.459245064397713
5044,5.459245064397713
5045,5.459245064397713
5046,5.459245064397713
5047,5.459245064397713
5048,5.459245064397713
5049,5.459245064397713
5050,5.459245064397713
5051,5.459245064397713
5052,5.459245064397713
5053,5.459245064397713
5054,5.459245064397713
5055,5.459245064397713
5056,5.459245064397713
5057,5.459245064397713
5058,5.459245064397713
5059,5.459245064397713
5060,5.459245064397713
5061,5.459245064397713
5062,5.459245064397713
5063,5.459245064397713
5064,5.459245064397713
5065,5.459245064397713
5066,5.459245064397713
5067,5.459245064397713
5068,5.459245064397713
5069,5.459245064397713
5070,5.459245064397713
5071,5.459245064397713
5072,5.459245064397713
5073,5.459245064397713
5074,5.459245064397713
5075,5.459245064397713
5076,5.459245064397713
5077,5.459245064397713
5078,5.459245064397713
5079,5.459245064397713
5080,5.459245064397713
5081,5.459245064397713
5082,5.459245064397713
5083,5.459245064397713
5084,5.459245064397713
5085,5.459245064397713
5086,5.459245064397713
5087,5.459245064397713
5088,5.459245064397713
5089,5.459245064397713
5090,5.459245064397713
5091,5.459245064397713
5092,5.459245064397713
5093,5.459245064397713
5094,5.459245064397713
5095,5.459245064397713
5096,5.459245064397713
5097,5.459245064397713
5098,5.459245064397713
5099,5.459245064397713
5100,5.459245064397713
5101,5.459245064397713
5102,5.459245064397713
5103,5.459245064397713
5104,5.459245064397713
5105,5.459245064397713
5106,5.459245064397713
5107,5.459245064397713
5108,5.459245064397713
5109,5.459245064397713
5110,5.459245064397713
5111,5.459245064397713
5112,5.459245064397713
5113,5.459245064397713
5114,5.459245064397713
5115,5.459245064397713
5116,5.459245064397713
5117,5.459245064397713
5118,5.459245064397713
5119,5.459245064397713
5120,5.459245064397713
5121,5.459245064397713
5122,5.459245064397713
5123,5.459245064397713
5124,5.459245064397713
5125,5.459245064397713
5126,5.459245064397713
5127,5.459245064397713
5128,5.459245064397713
5129,5.459245064397713
5130,5.459245064397713
5131,5.459245064397713
5132,5.459245064397713
5133,5.459245064397713
5134,5.459245064397713
5135,5.459245064397713
5136,5.459245064397713
5137,5.459245064397713
5138,5.459245064397713
5139,5.459245064397713
5140,5.459245064397713
5141,5.459245064397713
5142,5.459245064397713
5143,5.459245064397713
5144,5.459245064397713
5145,5.459245064397713
5146,5.459245064397713
5147,5.459245064397713
5148,5.459245064397713
5149,5.459245064397713
5150,5.459245064397713
5151,5.459245064397713
5152,5.459245064397713
5153,5.459245064397713
5154,5.459245064397713
5155,5.459245064397713
5156,5.459245064397713
5157,5.459245064397713
5158,5.459245064397713
5159,5.459245064397713
5160,5.459245064397713
5161,5.459245064397713
5162,5.459245064397713
5163,5.459245064397713
5164,5.459245064397713
5165,5.459245064397713
5166,5.459245064397713
5167,5.459245064397713
5168,5.459245064397713
5169,5.459245064397713
5170,5.459245064397713
5171,5.459245064397713
5172,5.459245064397713
5173,5.459245064397713
5174,5.459245064397713
5175,5.459245064397713
5176,5.459245064397713
5177,5.459245064397713
5178,5.459245064397713
5179,5.459245064397713
5180,5.459245064397713
5181,5.459245064397713
5182,5.459245064397713
5183,5.459245064397713
5184,5.459245064397713
5185,5.459245064397713
5186,5.459245064397713
5187,5.459245064397713
5188,5.459245064397713
5189,5.459245064397713
5190,5.459245064397713
5191,5.459245064397713
5192,5.459245064397713
5193,5.459245064397713
5194,5.459245064397713
5195,5.459245064397713
5196,5.459245064397713
5197,5.459245064397713
5198,5.459245064397713
5199,5.459245064397713
5200,5.459245064397713
5201,5.459245064397713
5202,5.459245064397713
5203,5.459245064397713
5204,5.459245064397713
5205,5.459245064397713
5206,5.459245064397713
5207,5.459245064397713
5208,5.459245064397713
5209,5.459245064397713
5210,5.459245064397713
5211,5.459245064397713
5212,5.459245064397713
5213,5.459245064397713
5214,5.459245064397713
5215,5.459245064397713
5216,5.459245064397713
5217,5.459245064397713
5218,5.459245064397713
5219,5.459245064397713
5220,5.459245064397713
5221,5.459245064397713
5222,5.459245064397713
5223,5.459245064397713
5224,5.459245064397713
5225,5.459245064397713
5226,5.459245064397713
5227,5.459245064397713
5228,5.459245064397713
5229,5.459245064397713
5230,5.459245064397713
5231,5.459245064397713
5232,5.459245064397713
5233,5.459245064397713
5234,5.459245064397713
5235,5.459245064397713
5236,5.459245064397713
5237,5.459245064397713
5238,5.459245064397713
5239,5.459245064397713
5240,5.459245064397713
5241,5.459245064397713
5242,5.459245064397713
5243,5.459245064397713
5244,5.459245064397713
5245,5.459245064397713
5246,5.459245064397713
5247,5.459245064397713
5248,5.459245064397713
5249,5.459245064397713
5250,5.459245064397713
5251,5.459245064397713
5252,5.459245064397713
5253,5.459245064397713
5254,5.459245064397713
5255,5.459245064397713
5256,5.459245064397713
5257,5.459245064397713
5258,5.459245064397713
5259,5.459245064397713
5260,5.459245064397713
5261,5.459245064397713
5262,5.459245064397713
5263,5.459245064397713
5264,5.459245064397713
5265,5.459245064397713
5266,5.459245064397713
5267,5.459245064397713
5268,5.459245064397713
5269,5.459245064397713
5270,5.459245064397713
5271,5.459245064397713
5272,5.459245064397713
5273,5.459245064397713
5274,5.459245064397713
5275,5.459245064397713
5276,5.459245064397713
5277,5.459245064397713
5278,5.459245064397713
5279,5.459245064397713
5280,5.459245064397713
5281,5.459245064397713
5282,5.459245064397713
5283,5.459245064397713
5284,5.459245064397713
5285,5.459245064397713
5286,5.459245064397713
5287,5.459245064397713
5288,5.459245064397713
5289,5.459245064397713
5290,5.459245064397713
5291,5.459245064397713
5292,5.459245064397713
5293,5.459245064397713
5294,5.459245064397713
5295,5.459245064397713
5296,5.459245064397713
5297,5.459245064397713
5298,5.459245064397713
5299,5.459245064397713
5300,5.459245064397713
5301,5.459245064397713
5302,5.459245064397713
5303,5.459245064397713
5304,5.459245064397713
5305,5.459245064397713
5306,5.459245064397713
5307,5.459245064397713
5308,5.459245064397713
5309,5.459245064397713
5310,5.459245064397713
5311,5.459245064397713
5312,5.459245064397713
5313,5.459245064397713
5314,5.459245064397713
5315,5.459245064397713
5316,5.459245064397713
5317,5.459245064397713
5318,5.459245064397713
5319,5.459245064397713
5320,5.459245064397713
5321,5.459245064397713
5322,5.459245064397713
5323,5.459245064397713
5324,5.459245064397713
5325,5.459245064397713
5326,5.459245064397713
5327,5.459245064397713
5328,5.459245064397713
5329,5.459245064397713
5330,5.459245064397713
5331,5.459245064397713
5332,5.459245064397713
5333,5.459245064397713
5334,5.459245064397713
5335,5.459245064397713
5336,5.459245064397713
5337,5.459245064397713
5338,5.459245064397713
5339,5.459245064397713
5340,5.459245064397713
5341,5.459245064397713
5342,5.459245064397713
5343,5.459245064397713
5344,5.459245064397713
5345,5.459245064397713
5346,5.459245064397713
5347,5.459245064397713
5348,5.459245064397713
5349,5.459245064397713
5350,5.459245064397713
5351,5.459245064397713
5352,5.459245064397713
5353,5.459245064397713
5354,5.459245064397713
5355,5.459245064397713
5356,5.459245064397713
5357,5.459245064397713
5358,5.459245064397713
5359,5.459245064397713
5360,5.459245064397713
5361,5.459245064397713
5362,5.459245064397713
5363,5.459245064397713
5364,5.459245064397713
5365,5.459245064397713
5366,5.459245064397713
5367,5.459245064397713
5368,5.459245064397713
5369,5.459245064397713
5370,5.459245064397713
5371,5.459245064397713
5372,5.459245064397713
5373,5.459245064397713
5374,5.459245064397713
5375,5.459245064397713
5376,5.459245064397713
5377,5.459245064397713
5378,5.459245064397713
5379,5.459245064397713
5380,5.459245064397713
5381,5.459245064397713
5382,5.459245064397713
5383,5.459245064397713
5384,5.459245064397713
5385,5.459245064397713
5386,5.459245064397713
5387,5.459245064397713
5388,5.459245064397713
5389,5.459245064397713
5390,5.459245064397713
5391,5.459245064397713
5392,5.459245064397713
5393,5.459245064397713
5394,5.459245064397713
5395,5.459245064397713
5396,5.459245064397713
5397,5.459245064397713
5398,5.459245064397713
5399,5.459245064397713
5400,5.459245064397713
5401,5.459245064397713
5402,5.459245064397713
5403,5.459245064397713
5404,5.459245064397713
5405,5.459245064397713
5406,5.459245064397713
5407,5.459245064397713
5408,5.459245064397713
5409,5.459245064397713
5410,5.459245064397713
5411,5.459245064397713
5412,5.459245064397713
5413,5.459245064397713
5414,5.459245064397713
5415,5.459245064397713
5416,5.459245064397713
5417,5.459245064397713
5418,5.459245064397713
5419,5.459245064397713
5420,5.459245064397713
5421,5.459245064397713
5422,5.459245064397713
5423,5.459245064397713
5424,5.459245064397713
5425,5.459245064397713
5426,5.459245064397713
5427,5.459245064397713
5428,5.459245064397713
5429,5.459245064397713
5430,5.459245064397713
5431,5.459245064397713
5432,5.459245064397713
5433,5.459245064397713
5434,5.459245064397713
5435,5.459245064397713
5436,5.459245064397713
5437,5.459245064397713
5438,5.459245064397713
5439,5.459245064397713
5440,5.459245064397713
5441,5.459245064397713
5442,5.459245064397713
5443,5.459245064397713
5444,5.459245064397713
5445,5.459245064397713
5446,5.459245064397713
5447,5.459245064397713
5448,5.459245064397713
5449,5.459245064397713
5450,5.459245064397713
5451,5.459245064397713
5452,5.459245064397713
5453,5.459245064397713
5454,5.459245064397713
5455,5.459245064397713
5456,5.459245064397713
5457,5.459245064397713
5458,5.459245064397713
5459,5.459245064397713
5460,5.459245064397713
5461,5.459245064397713
5462,5.459245064397713
5463,5.459245064397713
5464,5.459245064397713
5465,5.459245064397713
5466,5.459245064397713
5467,5.459245064397713
5468,5.459245064397713
5469,5.459245064397713
5470,5.459245064397713
5471,5.459245064397713
5472,5.459245064397713
5473,5.459245064397713
5474,5.459245064397713
5475,5.459245064397713
5476,5.459245064397713
5477,5.459245064397713
5478,5.459245064397713
5479,5.459245064397713
5480,5.459245064397713
5481,5.459245064397713
5482,5.459245064397713
5483,5.459245064397713
5484,5.459245064397713
5485,5.459245064397713
5486,5.459245064397713
5487,5.459245064397713
5488,5.459245064397713
5489,5.459245064397713
5490,5.459245064397713
5491,5.459245064397713
5492,5.459245064397713
5493,5.459245064397713
5494,5.459245064397713
5495,5.459245064397713
5496,5.459245064397713
5497,5.459245064397713
5498,5.459245064397713
5499,5.459245064397713
5500,5.459245064397713
5501,5.459245064397713
5502,5.459245064397713
5503,5.459245064397713
5504,5.459245064397713
5505,5.459245064397713
5506,5.459245064397713
5507,5.459245064397713
5508,5.459245064397713
5509,5.459245064397713
5510,5.459245064397713
5511,5.459245064397713
5512,5.459245064397713
5513,5.459245064397713
5514,5.459245064397713
5515,5.459245064397713
5516,5.459245064397713
5517,5.459245064397713
5518,5.459245064397713
5519,5.459245064397713
5520,5.459245064397713
5521,5.459245064397713
5522,5.459245064397713
5523,5.459245064397713
5524,5.459245064397713
5525,5.459245064397713
5526,5.459245064397713
5527,5.459245064397713
5528,5.459245064397713
5529,5.459245064397713
5530,5.459245064397713
5531,5.459245064397713
5532,5.459245064397713
5533,5.459245064397713
5534,5.459245064397713
5535,5.459245064397713
5536,5.459245064397713
5537,5.459245064397713
5538,5.459245064397713
5539,5.459245064397713
5540,5.459245064397713
5541,5.459245064397713
5542,5.459245064397713
5543,5.459245064397713
5544,5.459245064397713
5545,5.459245064397713
5546,5.459245064397713
5547,5.459245064397713
5548,5.459245064397713
5549,5.459245064397713
5550,5.459245064397713
5551,5.459245064397713
5552,5.459245064397713
5553,5.459245064397713
5554,5.459245064397713
5555,5.459245064397713
5556,5.459245064397713
5557,5.459245064397713
5558,5.459245064397713
5559,5.459245064397713
5560,5.459245064397713
5561,5.459245064397713
5562,5.459245064397713
5563,5.459245064397713
5564,5.459245064397713
5565,5.459245064397713
5566,5.459245064397713
5567,5.459245064397713
5568,5.459245064397713
5569,5.459245064397713
5570,5.459245064397713
5571,5.459245064397713
5572,5.459245064397713
5573,5.459245064397713
5574,5.459245064397713
5575,5.459245064397713
5576,5.459245064397713
5577,5.459245064397713
5578,5.459245064397713
5579,5.459245064397713
5580,5.459245064397713
5581,5.459245064397713
5582,5.459245064397713
5583,5.459245064397713
5584,5.459245064397713
5585,5.459245064397713
5586,5.459245064397713
5587,5.459245064397713
5588,5.459245064397713
5589,5.459245064397713
5590,5.459245064397713
5591,5.459245064397713
5592,5.459245064397713
5593,5.459245064397713
5594,5.459245064397713
5595,5.459245064397713
5596,5.459245064397713
5597,5.459245064397713
5598,5.459245064397713
5599,5.459245064397713
5600,5.459245064397713
5601,5.459245064397713
5602,5.459245064397713
5603,5.459245064397713
5604,5.459245064397713
5605,5.459245064397713
5606,5.459245064397713
5607,5.459245064397713
5608,5.459245064397713
5609,5.459245064397713
5610,5.459245064397713
5611,5.459245064397713
5612,5.459245064397713
5613,5.459245064397713
5614,5.459245064397713
5615,5.459245064397713
5616,5.459245064397713
5617,5.459245064397713
5618,5.459245064397713
5619,5.459245064397713
5620,5.459245064397713
5621,5.459245064397713
5622,5.459245064397713
5623,5.459245064397713
5624,5.459245064397713
5625,5.459245064397713
5626,5.459245064397713
5627,5.459245064397713
5628,5.459245064397713
5629,5.459245064397713
5630,5.459245064397713
5631,5.459245064397713
5632,5.459245064397713
5633,5.459245064397713
5634,5.459245064397713
5635,5.459245064397713
5636,5.459245064397713
5637,5.459245064397713
5638,5.459245064397713
5639,5.459245064397713
5640,5.459245064397713
5641,5.459245064397713
5642,5.459245064397713
5643,5.459245064397713
5644,5.459245064397713
5645,5.459245064397713
5646,5.459245064397713
5647,5.459245064397713
5648,5.459245064397713
5649,5.459245064397713
5650,5.459245064397713
5651,5.459245064397713
5652,5.459245064397713
5653,5.459245064397713
5654,5.459245064397713
5655,5.459245064397713
5656,5.459245064397713
5657,5.459245064397713
5658,5.459245064397713
5659,5.459245064397713
5660,5.459245064397713
5661,5.459245064397713
5662,5.459245064397713
5663,5.459245064397713
5664,5.459245064397713
5665,5.459245064397713
5666,5.459245064397713
5667,5.459245064397713
5668,5.459245064397713
5669,5.459245064397713
5670,5.459245064397713
5671,5.459245064397713
5672,5.459245064397713
5673,5.459245064397713
5674,5.459245064397713
5675,5.459245064397713
5676,5.459245064397713
5677,5.459245064397713
5678,5.459245064397713
5679,5.459245064397713
5680,5.459245064397713
5681,5.459245064397713
5682,5.459245064397713
5683,5.459245064397713
5684,5.459245064397713
5685,5.459245064397713
5686,5.459245064397713
5687,5.459245064397713
5688,5.459245064397713
5689,5.459245064397713
5690,5.459245064397713
5691,5.459245064397713
5692,5.459245064397713
5693,5.459245064397713
5694,5.459245064397713
5695,5.459245064397713
5696,5.459245064397713
5697,5.459245064397713
5698,5.459245064397713
5699,5.459245064397713
5700,5.459245064397713
5701,5.459245064397713
5702,5.459245064397713
5703,5.459245064397713
5704,5.459245064397713
5705,5.459245064397713
5706,5.459245064397713
5707,5.459245064397713
5708,5.459245064397713
5709,5.459245064397713
5710,5.459245064397713
5711,5.459245064397713
5712,5.459245064397713
5713,5.459245064397713
5714,5.459245064397713
5715,5.459245064397713
5716,5.459245064397713
5717,5.459245064397713
5718,5.459245064397713
5719,5.459245064397713
5720,5.459245064397713
5721,5.459245064397713
5722,5.459245064397713
5723,5.459245064397713
5724,5.459245064397713
5725,5.459245064397713
5726,5.459245064397713
5727,5.459245064397713
5728,5.459245064397713
5729,5.459245064397713
5730,5.459245064397713
5731,5.459245064397713
5732,5.459245064397713
5733,5.459245064397713
5734,5.459245064397713
5735,5.459245064397713
5736,5.459245064397713
5737,5.459245064397713
5738,5.459245064397713
5739,5.459245064397713
5740,5.459245064397713
5741,5.459245064397713
5742,5.459245064397713
5743,5.459245064397713
5744,5.459245064397713
5745,5.459245064397713
5746,5.459245064397713
5747,5.459245064397713
5748,5.459245064397713
5749,5.459245064397713
5750,5.459245064397713
5751,5.459245064397713
5752,5.459245064397713
5753,5.459245064397713
5754,5.459245064397713
5755,5.459245064397713
5756,5.459245064397713
5757,5.459245064397713
5758,5.459245064397713
5759,5.459245064397713
5760,5.459245064397713
5761,5.459245064397713
5762,5.459245064397713
5763,5.459245064397713
5764,5.459245064397713
5765,5.459245064397713
5766,5.459245064397713
5767,5.459245064397713
5768,5.459245064397713
5769,5.459245064397713
5770,5.459245064397713
5771,5.459245064397713
5772,5.459245064397713
5773,5.459245064397713
5774,5.459245064397713
5775,5.459245064397713
5776,5.459245064397713
5777,5.459245064397713
5778,5.459245064397713
5779,5.459245064397713
5780,5.459245064397713
5781,5.459245064397713
5782,5.459245064397713
5783,5.459245064397713
5784,5.459245064397713
5785,5.459245064397713
5786,5.459245064397713
5787,5.459245064397713
5788,5.459245064397713
5789,5.459245064397713
5790,5.459245064397713
5791,5.459245064397713
5792,5.459245064397713
5793,5.459245064397713
5794,5.459245064397713
5795,5.459245064397713
5796,5.459245064397713
5797,5.459245064397713
5798,5.459245064397713
5799,5.459245064397713
5800,5.459245064397713
5801,5.459245064397713
5802,5.459245064397713
5803,5.459245064397713
5804,5.459245064397713
5805,5.459245064397713
5806,5.459245064397713
5807,5.459245064397713
5808,5.459245064397713
5809,5.459245064397713
5810,5.459245064397713
5811,5.459245064397713
5812,5.459245064397713
5813,5.459245064397713
5814,5.459245064397713
5815,5.459245064397713
5816,5.459245064397713
5817,5.459245064397713
5818,5.459245064397713
5819,5.459245064397713
5820,5.459245064397713
5821,5.459245064397713
5822,5.459245064397713
5823,5.459245064397713
5824,5.459245064397713
5825,5.459245064397713
5826,5.459245064397713
5827,5.459245064397713
5828,5.459245064397713
5829,5.459245064397713
5830,5.459245064397713
5831,5.459245064397713
5832,5.459245064397713
5833,5.459245064397713
5834,5.459245064397713
5835,5.459245064397713
5836,5.459245064397713
5837,5.459245064397713
5838,5.459245064397713
5839,5.459245064397713
5840,5.459245064397713
5841,5.459245064397713
5842,5.459245064397713
5843,5.459245064397713
5844,5.459245064397713
5845,5.459245064397713
5846,5.459245064397713
5847,5.459245064397713
5848,5.459245064397713
5849,5.459245064397713
5850,5.459245064397713
5851,5.459245064397713
5852,5.459245064397713
5853,5.459245064397713
5854,5.459245064397713
5855,5.459245064397713
5856,5.459245064397713
5857,5.459245064397713
5858,5.459245064397713
5859,5.459245064397713
5860,5.459245064397713
5861,5.459245064397713
5862,5.459245064397713
5863,5.459245064397713
5864,5.459245064397713
5865,5.459245064397713
5866,5.459245064397713
5867,5.459245064397713
5868,5.459245064397713
5869,5.459245064397713
5870,5.459245064397713
5871,5.459245064397713
5872,5.459245064397713
5873,5.459245064397713
5874,5.459245064397713
5875,5.459245064397713
5876,5.459245064397713
5877,5.459245064397713
5878,5.459245064397713
5879,5.459245064397713
5880,5.459245064397713
5881,5.459245064397713
5882,5.459245064397713
5883,5.459245064397713
5884,5.459245064397713
5885,5.459245064397713
5886,5.459245064397713
5887,5.459245064397713
5888,5.459245064397713
5889,5.459245064397713
5890,5.459245064397713
5891,5.459245064397713
5892,5.459245064397713
5893,5.459245064397713
5894,5.459245064397713
5895,5.459245064397713
5896,5.459245064397713
5897,5.459245064397713
5898,5.459245064397713
5899,5.459245064397713
5900,5.459245064397713
5901,5.459245064397713
5902,5.459245064397713
5903,5.459245064397713
5904,5.459245064397713
5905,5.459245064397713
5906,5.459245064397713
5907,5.459245064397713
5908,5.459245064397713
5909,5.459245064397713
5910,5.459245064397713
5911,5.459245064397713
5912,5.459245064397713
5913,5.459245064397713
5914,5.459245064397713
5915,5.459245064397713
5916,5.459245064397713
5917,5.459245064397713
5918,5.459245064397713
5919,5.459245064397713
5920,5.459245064397713
5921,5.459245064397713
5922,5.459245064397713
5923,5.459245064397713
5924,5.459245064397713
5925,5.459245064397713
5926,5.459245064397713
5927,5.459245064397713
5928,5.459245064397713
5929,5.459245064397713
5930,5.459245064397713
5931,5.459245064397713
5932,5.459245064397713
5933,5.459245064397713
5934,5.459245064397713
5935,5.459245064397713
5936,5.459245064397713
5937,5.459245064397713
5938,5.459245064397713
5939,5.459245064397713
5940,5.459245064397713
5941,5.459245064397713
5942,5.459245064397713
5943,5.459245064397713
5944,5.459245064397713
5945,5.459245064397713
5946,5.459245064397713
5947,5.459245064397713
5948,5.459245064397713
5949,5.459245064397713
5950,5.459245064397713
5951,5.459245064397713
5952,5.459245064397713
5953,5.459245064397713
5954,5.459245064397713
5955,5.459245064397713
5956,5.459245064397713
5957,5.459245064397713
5958,5.459245064397713
5959,5.459245064397713
5960,5.459245064397713
5961,5.459245064397713
5962,5.459245064397713
5963,5.459245064397713
5964,5.459245064397713
5965,5.459245064397713
5966,5.459245064397713
5967,5.459245064397713
5968,5.459245064397713
5969,5.459245064397713
5970,5.459245064397713
5971,5.459245064397713
5972,5.459245064397713
5973,5.459245064397713
5974,5.459245064397713
5975,5.459245064397713
5976,5.459245064397713
5977,5.459245064397713
5978,5.459245064397713
5979,5.459245064397713
5980,5.459245064397713
5981,5.459245064397713
5982,5.459245064397713
5983,5.459245064397713
5984,5.459245064397713
5985,5.459245064397713
5986,5.459245064397713
5987,5.459245064397713
5988,5.459245064397713
5989,5.459245064397713
5990,5.459245064397713
5991,5.459245064397713
5992,5.459245064397713
5993,5.459245064397713
5994,5.459245064397713
5995,5.459245064397713
5996,5.459245064397713
5997,5.459245064397713
5998,5.459245064397713
5999,5.459245064397713
6000,5.459245064397713
6001,5.459245064397713
6002,5.459245064397713
6003,5.459245064397713
6004,5.459245064397713
6005,5.459245064397713
6006,5.459245064397713
6007,5.459245064397713
6008,5.459245064397713
6009,5.459245064397713
6010,5.459245064397713
6011,5.459245064397713
6012,5.459245064397713
6013,5.459245064397713
6014,5.459245064397713
6015,5.459245064397713
6016,5.459245064397713
6017,5.459245064397713
6018,5.459245064397713
6019,5.459245064397713
6020,5.459245064397713
6021,5.459245064397713
6022,5.459245064397713
6023,5.459245064397713
6024,5.459245064397713
6025,5.459245064397713
6026,5.459245064397713
6027,5.459245064397713
6028,5.459245064397713
6029,5.459245064397713
6030,5.459245064397713
6031,5.459245064397713
6032,5.459245064397713
6033,5.459245064397713
6034,5.459245064397713
6035,5.459245064397713
6036,5.459245064397713
6037,5.459245064397713
6038,5.459245064397713
6039,5.459245064397713
6040,5.459245064397713
6041,5.459245064397713
6042,5.459245064397713
6043,5.459245064397713
6044,5.459245064397713
6045,5.459245064397713
6046,5.459245064397713
6047,5.459245064397713
6048,5.459245064397713
6049,5.459245064397713
6050,5.459245064397713
6051,5.459245064397713
6052,5.459245064397713
6053,5.459245064397713
6054,5.459245064397713
6055,5.459245064397713
6056,5.459245064397713
6057,5.459245064397713
6058,5.459245064397713
6059,5.459245064397713
6060,5.459245064397713
6061,5.459245064397713
6062,5.459245064397713
6063,5.459245064397713
6064,5.459245064397713
6065,5.459245064397713
6066,5.459245064397713
6067,5.459245064397713
6068,5.459245064397713
6069,5.459245064397713
6070,5.459245064397713
6071,18.262845937877035
6072,18.262845937877035
6073,18.262845937877035
6074,18.262845937877035
6075,18.262845937877035
6076,18.262845937877035
6077,18.262845937877035
6078,18.262845937877035
6079,18.262845937877035
6080,18.262845937877035
6081,18.262845937877035
6082,18.262845937877035
6083,18.262845937877035
6084,18.262845937877035
6085,18.262845937877035
6086,18.262845937877035
6087,18.262845937877035
6088,18.262845937877035
6089,18.262845937877035
6090,18.262845937877035
6091,18.262845937877035
6092,18.262845937877035
6093,18.262845937877035
6094,18.262845937877035
6095,18.262845937877035
6096,18.262845937877035
6097,18.262845937877035
6098,18.262845937877035
6099,18.262845937877035
6100,18.262845937877035
6101,18.262845937877035
6102,18.262845937877035
6103,18.262845937877035
6104,18.262845937877035
6105,18.262845937877035
6106,18.262845937877035
6107,18.262845937877035
6108,18.262845937877035
6109,18.262845937877035
6110,18.262845937877035
6111,18.262845937877035
6112,18.262845937877035
6113,18.262845937877035
6114,18.262845937877035
6115,18.262845937877035
6116,18.262845937877035
6117,18.262845937877035
6118,18.262845937877035
6119,18.262845937877035
6120,18.262845937877035
6121,18.262845937877035
6122,18.262845937877035
6123,18.262845937877035
6124,18.262845937877035
6125,18.262845937877035
6126,18.262845937877035
6127,18.262845937877035
6128,18.262845937877035
6129,18.262845937877035
6130,18.262845937877035
6131,18.262845937877035
6132,18.262845937877035
6133,18.262845937877035
6134,18.262845937877035
6135,18.262845937877035
6136,18.262845937877035
6137,18.262845937877035
6138,18.262845937877035
6139,18.262845937877035
6140,18.262845937877035
6141,18.262845937877035
6142,18.262845937877035
6143,18.262845937877035
6144,18.262845937877035
6145,18.262845937877035
6146,18.262845937877035
6147,18.262845937877035
6148,18.262845937877035
6149,18.262845937877035
6150,18.262845937877035
6151,18.262845937877035
6152,18.262845937877035
6153,18.262845937877035
6154,18.262845937877035
6155,18.262845937877035
6156,18.262845937877035
6157,18.262845937877035
6158,18.262845937877035
6159,18.262845937877035
6160,18.262845937877035
6161,18.262845937877035
6162,18.262845937877035
6163,18.262845937877035
6164,18.262845937877035
6165,18.262845937877035
6166,18.262845937877035
6167,18.262845937877035
6168,18.262845937877035
6169,18.262845937877035
6170,18.262845937877035
6171,18.262845937877035
6172,18.262845937877035
6173,18.262845937877035
6174,18.262845937877035
6175,18.262845937877035
6176,18.262845937877035
6177,18.262845937877035
6178,18.262845937877035
6179,18.262845937877035
6180,18.262845937877035
6181,18.262845937877035
6182,18.262845937877035
6183,18.262845937877035
6184,18.262845937877035
6185,18.262845937877035
6186,18.262845937877035
6187,18.262845937877035
6188,18.262845937877035
6189,18.262845937877035
6190,18.262845937877035
6191,18.262845937877035
6192,18.262845937877035
6193,18.262845937877035
6194,18.262845937877035
6195,18.262845937877035
6196,18.262845937877035
6197,18.262845937877035
6198,18.262845937877035
6199,18.262845937877035
6200,18.262845937877035
6201,18.262845937877035
6202,18.262845937877035
6203,18.262845937877035
6204,18.262845937877035
6205,18.262845937877035
6206,18.262845937877035
6207,18.262845937877035
6208,18.262845937877035
6209,18.262845937877035
6210,18.262845937877035
6211,18.262845937877035
6212,18.262845937877035
6213,18.262845937877035
6214,18.262845937877035
6215,18.262845937877035
6216,18.262845937877035
6217,18.262845937877035
6218,18.262845937877035
6219,18.262845937877035
6220,18.262845937877035
6221,18.262845937877035
6222,18.262845937877035
6223,18.262845937877035
6224,18.262845937877035
6225,18.262845937877035
6226,18.262845937877035
6227,18.262845937877035
6228,18.262845937877035
6229,18.262845937877035
6230,18.262845937877035
6231,18.262845937877035
6232,18.262845937877035
6233,18.262845937877035
6234,18.262845937877035
6235,18.262845937877035
6236,18.262845937877035
6237,18.262845937877035
6238,18.262845937877035
6239,18.262845937877035
6240,18.262845937877035
6241,18.262845937877035
6242,18.262845937877035
6243,18.262845937877035
6244,18.262845937877035
6245,18.262845937877035
6246,18.262845937877035
6247,18.262845937877035
6248,18.262845937877035
6249,18.262845937877035
6250,18.262845937877035
6251,18.262845937877035
6252,18.262845937877035
6253,18.262845937877035
6254,18.262845937877035
6255,18.262845937877035
6256,18.262845937877035
6257,18.262845937877035
6258,18.262845937877035
6259,18.262845937877035
6260,18.262845937877035
6261,18.262845937877035
6262,18.262845937877035
6263,18.262845937877035
6264,18.262845937877035
6265,18.262845937877035
6266,18.262845937877035
6267,18.262845937877035
6268,18.262845937877035
6269,18.262845937877035
6270,18.262845937877035
6271,18.262845937877035
6272,18.262845937877035
6273,18.262845937877035
6274,18.262845937877035
6275,18.262845937877035
6276,18.262845937877035
6277,18.262845937877035
6278,18.262845937877035
6279,18.262845937877035
6280,18.262845937877035
6281,18.262845937877035
6282,18.262845937877035
6283,18.262845937877035
6284,18.262845937877035
6285,18.262845937877035
6286,18.262845937877035
6287,18.262845937877035
6288,18.262845937877035
6289,18.262845937877035
6290,18.262845937877035
6291,18.262845937877035
6292,18.262845937877035
6293,18.262845937877035
6294,18.262845937877035
6295,18.262845937877035
6296,18.262845937877035
6297,18.262845937877035
6298,18.262845937877035
6299,18.262845937877035
6300,18.262845937877035
6301,18.262845937877035
6302,18.262845937877035
6303,18.262845937877035
6304,18.262845937877035
6305,18.262845937877035
6306,18.262845937877035
6307,18.262845937877035
6308,18.262845937877035
6309,18.262845937877035
6310,18.262845937877035
6311,18.262845937877035
6312,18.262845937877035
6313,18.262845937877035
6314,18.262845937877035
6315,18.262845937877035
6316,18.262845937877035
6317,18.262845937877035
6318,18.262845937877035
6319,18.262845937877035
6320,18.262845937877035
6321,18.262845937877035
6322,18.262845937877035
6323,18.262845937877035
6324,18.262845937877035
6325,18.262845937877035
6326,18.262845937877035
6327,18.262845937877035
6328,18.262845937877035
6329,18.262845937877035
6330,18.262845937877035
6331,18.262845937877035
6332,18.262845937877035
6333,18.262845937877035
6334,18.262845937877035
6335,18.262845937877035
6336,18.262845937877035
6337,18.262845937877035
6338,18.262845937877035
6339,18.262845937877035
6340,18.262845937877035
6341,18.262845937877035
6342,18.262845937877035
6343,18.262845937877035
6344,18.262845937877035
6345,18.262845937877035
6346,18.262845937877035
6347,18.262845937877035
6348,18.262845937877035
6349,18.262845937877035
6350,18.262845937877035
6351,18.262845937877035
6352,18.262845937877035
6353,18.262845937877035
6354,18.262845937877035
6355,18.262845937877035
6356,18.262845937877035
6357,18.262845937877035
6358,18.262845937877035
6359,18.262845937877035
6360,18.262845937877035
6361,18.262845937877035
6362,18.262845937877035
6363,18.262845937877035
6364,18.262845937877035
6365,18.262845937877035
6366,18.262845937877035
6367,18.262845937877035
6368,18.262845937877035
6369,18.262845937877035
6370,18.262845937877035
6371,18.262845937877035
6372,18.262845937877035
6373,18.262845937877035
6374,18.262845937877035
6375,18.262845937877035
6376,18.262845937877035
6377,18.262845937877035
6378,18.262845937877035
6379,18.262845937877035
6380,18.262845937877035
6381,18.262845937877035
6382,18.262845937877035
6383,18.262845937877035
6384,5.383484112483634
6385,5.383484112483634
6386,5.383484112483634
6387,5.383484112483634
6388,5.383484112483634
6389,5.383484112483634
6390,5.383484112483634
6391,5.383484112483634
6392,5.383484112483634
6393,5.383484112483634
6394,5.383484112483634
6395,5.383484112483634
6396,5.383484112483634
6397,5.383484112483634
6398,5.383484112483634
6399,5.383484112483634
6400,5.383484112483634
6401,5.383484112483634
6402,5.383484112483634
6403,5.383484112483634
6404,5.383484112483634
6405,5.383484112483634
6406,5.383484112483634
6407,5.383484112483634
6408,5.383484112483634
6409,5.383484112483634
6410,5.383484112483634
6411,5.383484112483634
6412,5.383484112483634
6413,5.383484112483634
6414,29.854271580731094
6415,29.854271580731094
6416,29.854271580731094
6417,29.854271580731094
6418,29.854271580731094
6419,29.854271580731094
6420,29.854271580731094
6421,29.854271580731094
6422,29.854271580731094
6423,29.854271580731094
6424,29.854271580731094
6425,29.854271580731094
6426,29.854271580731094
6427,29.854271580731094
6428,29.854271580731094
6429,29.854271580731094
6430,29.854271580731094
6431,29.854271580731094
6432,29.854271580731094
6433,29.854271580731094
6434,29.854271580731094
6435,29.854271580731094
6436,29.854271580731094
6437,29.854271580731094
6438,29.854271580731094
6439,29.854271580731094
6440,29.854271580731094
6441,29.854271580731094
6442,29.854271580731094
6443,29.854271580731094
6444,29.854271580731094
6445,29.854271580731094
6446,29.854271580731094
6447,29.854271580731094
6448,29.854271580731094
6449,29.854271580731094
6450,29.854271580731094
6451,29.854271580731094
6452,29.854271580731094
6453,29.854271580731094
6454,29.854271580731094
6455,29.854271580731094
6456,29.854271580731094
6457,29.854271580731094
6458,29.854271580731094
6459,29.854271580731094
6460,29.854271580731094
6461,29.854271580731094
6462,29.854271580731094
6463,29.854271580731094
6464,29.854271580731094
6465,29.854271580731094
6466,29.854271580731094
6467,29.854271580731094
6468,29.854271580731094
6469,29.854271580731094
6470,29.854271580731094
6471,29.854271580731094
6472,29.854271580731094
6473,29.854271580731094
6474,29.854271580731094
6475,29.854271580731094
6476,29.854271580731094
6477,29.854271580731094
6478,29.854271580731094
6479,29.854271580731094
6480,29.854271580731094
6481,29.854271580731094
6482,29.854271580731094
6483,29.854271580731094
6484,29.854271580731094
6485,29.854271580731094
6486,29.854271580731094
6487,29.854271580731094
6488,29.854271580731094
6489,29.854271580731094
6490,29.854271580731094
6491,29.854271580731094
6492,29.854271580731094
6493,29.854271580731094
6494,29.854271580731094
6495,29.854271580731094
6496,29.854271580731094
6497,29.854271580731094
6498,29.854271580731094
6499,29.854271580731094
6500,29.854271580731094
6501,29.854271580731094
6502,29.854271580731094
6503,29.854271580731094
6504,29.854271580731094
6505,29.854271580731094
6506,29.854271580731094
6507,29.854271580731094
6508,29.854271580731094
6509,29.854271580731094
6510,29.854271580731094
6511,29.854271580731094
6512,29.854271580731094
6513,29.854271580731094
6514,29.854271580731094
6515,29.854271580731094
6516,29.854271580731094
6517,29.854271580731094
6518,29.854271580731094
6519,29.854271580731094
6520,29.854271580731094
6521,29.854271580731094
6522,29.854271580731094
6523,29.854271580731094
6524,29.854271580731094
6525,29.854271580731094
6526,29.854271580731094
6527,29.854271580731094
6528,29.854271580731094
6529,29.854271580731094
6530,29.854271580731094
6531,29.854271580731094
6532,29.854271580731094
6533,29.854271580731094
6534,29.854271580731094
6535,29.854271580731094
6536,29.854271580731094
6537,29.854271580731094
6538,29.854271580731094
6539,29.854271580731094
6540,29.854271580731094
6541,29.854271580731094
6542,29.854271580731094
6543,29.854271580731094
6544,29.854271580731094
6545,29.854271580731094
6546,29.854271580731094
6547,29.854271580731094
6548,29.854271580731094
6549,29.854271580731094
6550,29.854271580731094
6551,29.854271580731094
6552,29.854271580731094
6553,29.854271580731094
6554,29.854271580731094
6555,29.854271580731094
6556,29.854271580731094
6557,29.854271580731094
6558,29.854271580731094
6559,29.854271580731094
6560,29.854271580731094
6561,29.854271580731094
6562,29.854271580731094
6563,29.854271580731094
6564,29.854271580731094
6565,29.854271580731094
6566,29.854271580731094
6567,29.854271580731094
6568,29.854271580731094
6569,29.854271580731094
6570,29.854271580731094
6571,29.854271580731094
6572,29.854271580731094
6573,29.854271580731094
6574,29.854271580731094
6575,29.854271580731094
6576,29.854271580731094
6577,29.854271580731094
6578,29.854271580731094
6579,29.854271580731094
6580,29.854271580731094
6581,29.854271580731094
6582,29.854271580731094
6583,29.854271580731094
6584,29.854271580731094
6585,29.854271580731094
6586,29.854271580731094
6587,29.854271580731094
6588,29.854271580731094
6589,29.854271580731094
6590,29.854271580731094
6591,29.854271580731094
6592,29.854271580731094
6593,29.854271580731094
6594,29.854271580731094
6595,29.854271580731094
6596,29.854271580731094
6597,29.854271580731094
6598,29.854271580731094
6599,29.854271580731094
6600,29.854271580731094
6601,29.854271580731094
6602,29.854271580731094
6603,29.854271580731094
6604,29.854271580731094
6605,29.854271580731094
6606,29.854271580731094
6607,29.854271580731094
6608,29.854271580731094
6609,29.854271580731094
6610,29.854271580731094
6611,29.854271580731094
6612,29.854271580731094
6613,29.854271580731094
6614,29.854271580731094
6615,29.854271580731094
6616,29.854271580731094
6617,29.854271580731094
6618,29.854271580731094
6619,29.854271580731094
6620,29.854271580731094
6621,29.854271580731094
6622,29.854271580731094
6623,29.854271580731094
6624,29.854271580731094
6625,29.854271580731094
6626,29.854271580731094
6627,29.854271580731094
6628,29.854271580731094
6629,29.854271580731094
6630,29.854271580731094
6631,29.854271580731094
6632,29.854271580731094
6633,29.854271580731094
6634,29.854271580731094
6635,29.854271580731094
6636,29.854271580731094
6637,29.854271580731094
6638,29.854271580731094
6639,29.854271580731094
6640,29.854271580731094
6641,29.854271580731094
6642,29.854271580731094
6643,29.854271580731094
6644,29.854271580731094
6645,29.854271580731094
6646,29.854271580731094
6647,29.854271580731094
6648,29.854271580731094
6649,29.854271580731094
6650,29.854271580731094
6651,29.854271580731094
6652,29.854271580731094
6653,29.854271580731094
6654,29.854271580731094
6655,29.854271580731094
6656,29.854271580731094
6657,29.854271580731094
6658,29.854271580731094
6659,29.854271580731094
6660,29.854271580731094
6661,29.854271580731094
6662,29.854271580731094
6663,29.854271580731094
6664,29.854271580731094
6665,29.854271580731094
6666,29.854271580731094
6667,29.854271580731094
6668,29.854271580731094
6669,29.854271580731094
6670,29.854271580731094
6671,29.854271580731094
6672,29.854271580731094
6673,29.854271580731094
6674,29.854271580731094
6675,29.854271580731094
6676,29.854271580731094
6677,29.854271580731094
6678,29.854271580731094
6679,29.854271580731094
6680,29.854271580731094
6681,29.854271580731094
6682,29.854271580731094
6683,29.854271580731094
6684,29.854271580731094
6685,29.854271580731094
6686,29.854271580731094
6687,29.854271580731094
6688,29.854271580731094
6689,29.854271580731094
6690,29.854271580731094
6691,29.854271580731094
6692,29.854271580731094
6693,29.854271580731094
6694,29.854271580731094
6695,29.854271580731094
6696,29.854271580731094
6697,29.854271580731094
6698,29.854271580731094
6699,29.854271580731094
6700,29.854271580731094
6701,29.854271580731094
6702,29.854271580731094
6703,29.854271580731094
6704,29.854271580731094
6705,29.854271580731094
6706,29.854271580731094
6707,29.854271580731094
6708,29.854271580731094
6709,29.854271580731094
6710,29.854271580731094
6711,29.854271580731094
6712,29.854271580731094
6713,29.854271580731094
6714,29.854271580731094
6715,29.854271580731094
6716,29.854271580731094
6717,29.854271580731094
6718,29.854271580731094
6719,29.854271580731094
6720,29.854271580731094
6721,29.854271580731094
6722,29.854271580731094
6723,29.854271580731094
6724,29.854271580731094
6725,29.854271580731094
6726,29.854271580731094
6727,29.854271580731094
6728,29.854271580731094
6729,29.854271580731094
6730,29.854271580731094
6731,29.854271580731094
6732,29.854271580731094
6733,29.854271580731094
6734,29.854271580731094
6735,29.854271580731094
6736,29.854271580731094
6737,29.854271580731094
6738,29.854271580731094
6739,29.854271580731094
6740,29.854271580731094
6741,29.854271580731094
6742,29.854271580731094
6743,29.854271580731094
6744,29.854271580731094
6745,29.854271580731094
6746,29.854271580731094
6747,29.854271580731094
6748,29.854271580731094
6749,29.854271580731094
6750,29.854271580731094
6751,29.854271580731094
6752,29.854271580731094
6753,29.854271580731094
6754,29.854271580731094
6755,29.854271580731094
6756,29.854271580731094
6757,29.854271580731094
6758,29.854271580731094
6759,29.854271580731094
6760,29.854271580731094
6761,29.854271580731094
6762,29.854271580731094
6763,29.854271580731094
6764,29.854271580731094
6765,29.854271580731094
6766,29.854271580731094
6767,29.854271580731094
6768,29.854271580731094
6769,29.854271580731094
6770,29.854271580731094
6771,29.854271580731094
6772,29.854271580731094
6773,29.854271580731094
6774,29.854271580731094
6775,29.854271580731094
6776,29.854271580731094
6777,29.854271580731094
6778,29.854271580731094
6779,29.854271580731094
6780,29.854271580731094
6781,29.854271580731094
6782,29.854271580731094
6783,29.854271580731094
6784,29.854271580731094
6785,29.854271580731094
6786,29.854271580731094
6787,29.854271580731094
6788,29.854271580731094
6789,29.854271580731094
6790,29.854271580731094
6791,29.854271580731094
6792,29.854271580731094
6793,29.854271580731094
6794,29.854271580731094
6795,29.854271580731094
6796,29.854271580731094
6797,29.854271580731094
6798,29.854271580731094
6799,29.854271580731094
6800,29.854271580731094
6801,29.854271580731094
6802,29.854271580731094
6803,29.854271580731094
6804,29.854271580731094
6805,29.854271580731094
6806,29.854271580731094
6807,29.854271580731094
6808,29.854271580731094
6809,29.854271580731094
6810,29.854271580731094
6811,29.854271580731094
6812,29.854271580731094
6813,29.854271580731094
6814,29.854271580731094
6815,29.854271580731094
6816,29.854271580731094
6817,29.854271580731094
6818,29.854271580731094
6819,29.854271580731094
6820,29.854271580731094
6821,29.854271580731094
6822,29.854271580731094
6823,29.854271580731094
6824,29.854271580731094
6825,29.854271580731094
6826,29.854271580731094
6827,29.854271580731094
6828,29.854271580731094
6829,29.854271580731094
6830,29.854271580731094
6831,29.854271580731094
6832,29.854271580731094
6833,29.854271580731094
6834,29.854271580731094
6835,29.854271580731094
6836,29.854271580731094
6837,29.854271580731094
6838,29.854271580731094
6839,29.854271580731094
6840,29.854271580731094
6841,29.854271580731094
6842,29.854271580731094
6843,29.854271580731094
6844,29.854271580731094
6845,29.854271580731094
6846,29.854271580731094
6847,29.854271580731094
6848,29.854271580731094
6849,29.854271580731094
6850,29.854271580731094
6851,29.854271580731094
6852,29.854271580731094
6853,29.854271580731094
6854,29.854271580731094
6855,29.854271580731094
6856,29.854271580731094
6857,29.854271580731094
6858,29.854271580731094
6859,29.854271580731094
6860,29.854271580731094
6861,29.854271580731094
6862,29.854271580731094
6863,29.854271580731094
6864,29.854271580731094
6865,29.854271580731094
6866,29.854271580731094
6867,29.854271580731094
6868,29.854271580731094
6869,29.854271580731094
6870,29.854271580731094
6871,29.854271580731094
6872,29.854271580731094
6873,29.854271580731094
6874,29.854271580731094
6875,29.854271580731094
6876,29.854271580731094
6877,29.854271580731094
6878,29.854271580731094
6879,29.854271580731094
6880,29.854271580731094
6881,29.854271580731094
6882,29.854271580731094
6883,29.854271580731094
6884,29.854271580731094
6885,29.854271580731094
6886,29.854271580731094
6887,29.854271580731094
6888,29.854271580731094
6889,29.854271580731094
6890,29.854271580731094
6891,29.854271580731094
6892,29.854271580731094
6893,29.854271580731094
6894,29.854271580731094
6895,29.854271580731094
6896,29.854271580731094
6897,29.854271580731094
6898,29.854271580731094
6899,29.854271580731094
6900,29.854271580731094
6901,29.854271580731094
6902,29.854271580731094
6903,29.854271580731094
6904,29.854271580731094
6905,29.854271580731094
6906,29.854271580731094
6907,29.854271580731094
6908,29.854271580731094
6909,29.854271580731094
6910,29.854271580731094
6911,29.854271580731094
6912,29.854271580731094
6913,29.854271580731094
6914,29.854271580731094
6915,29.854271580731094
6916,29.854271580731094
6917,29.854271580731094
6918,29.854271580731094
6919,29.854271580731094
6920,29.854271580731094
6921,29.854271580731094
6922,29.854271580731094
6923,29.854271580731094
6924,29.854271580731094
6925,29.854271580731094
6926,29.854271580731094
6927,29.854271580731094
6928,29.854271580731094
6929,29.854271580731094
6930,29.854271580731094
6931,29.854271580731094
6932,29.854271580731094
6933,29.854271580731094
6934,29.854271580731094
6935,29.854271580731094
6936,29.854271580731094
6937,29.854271580731094
6938,29.854271580731094
6939,29.854271580731094
6940,29.854271580731094
6941,29.854271580731094
6942,29.854271580731094
6943,29.854271580731094
6944,29.854271580731094
6945,29.854271580731094
6946,29.854271580731094
6947,29.854271580731094
6948,29.854271580731094
6949,29.854271580731094
6950,29.854271580731094
6951,29.854271580731094
6952,29.854271580731094
6953,29.854271580731094
6954,29.854271580731094
6955,29.854271580731094
6956,29.854271580731094
6957,29.854271580731094
6958,29.854271580731094
6959,29.854271580731094
6960,29.854271580731094
6961,29.854271580731094
6962,29.854271580731094
6963,29.854271580731094
6964,29.854271580731094
6965,29.854271580731094
6966,29.854271580731094
6967,29.854271580731094
6968,29.854271580731094
6969,29.854271580731094
6970,29.854271580731094
6971,29.854271580731094
6972,29.854271580731094
6973,29.854271580731094
6974,29.854271580731094
6975,29.854271580731094
6976,29.854271580731094
6977,29.854271580731094
6978,29.854271580731094
6979,29.854271580731094
6980,29.854271580731094
6981,29.854271580731094
6982,29.854271580731094
6983,29.854271580731094
6984,29.854271580731094
6985,29.854271580731094
6986,29.854271580731094
6987,29.854271580731094
6988,29.854271580731094
6989,29.854271580731094
6990,29.854271580731094
6991,29.854271580731094
6992,29.854271580731094
6993,29.854271580731094
6994,29.854271580731094
6995,29.854271580731094
6996,29.854271580731094
6997,29.854271580731094
6998,29.854271580731094
6999,29.854271580731094
7000,29.854271580731094
7001,29.854271580731094
7002,29.854271580731094
7003,29.854271580731094
7004,29.854271580731094
7005,29.854271580731094
7006,29.854271580731094
7007,29.854271580731094
7008,29.854271580731094
7009,29.854271580731094
7010,29.854271580731094
7011,29.854271580731094
7012,29.854271580731094
7013,29.854271580731094
7014,29.854271580731094
7015,29.854271580731094
7016,29.854271580731094
7017,29.854271580731094
7018,29.854271580731094
7019,29.854271580731094
7020,29.854271580731094
7021,29.854271580731094
7022,29.854271580731094
7023,29.854271580731094
7024,29.854271580731094
7025,29.854271580731094
7026,29.854271580731094
7027,29.854271580731094
7028,29.854271580731094
7029,29.854271580731094
7030,29.854271580731094
7031,29.854271580731094
7032,29.854271580731094
7033,29.854271580731094
7034,29.854271580731094
7035,29.854271580731094
7036,29.854271580731094
7037,29.854271580731094
7038,29.854271580731094
7039,29.854271580731094
7040,29.854271580731094
7041,29.854271580731094
7042,29.854271580731094
7043,29.854271580731094
7044,29.854271580731094
7045,29.854271580731094
7046,29.854271580731094
7047,29.854271580731094
7048,29.854271580731094
7049,29.854271580731094
7050,29.854271580731094
7051,29.854271580731094
7052,29.854271580731094
7053,29.854271580731094
7054,29.854271580731094
7055,29.854271580731094
7056,29.854271580731094
7057,29.854271580731094
7058,29.854271580731094
7059,29.854271580731094
7060,29.854271580731094
7061,29.854271580731094
7062,29.854271580731094
7063,29.854271580731094
7064,29.854271580731094
7065,29.854271580731094
7066,29.854271580731094
7067,29.854271580731094
7068,29.854271580731094
7069,29.854271580731094
7070,29.854271580731094
7071,29.854271580731094
7072,29.854271580731094
7073,29.854271580731094
7074,29.854271580731094
7075,29.854271580731094
7076,29.854271580731094
7077,29.854271580731094
7078,29.854271580731094
7079,29.854271580731094
7080,29.854271580731094
7081,29.854271580731094
7082,29.854271580731094
7083,29.854271580731094
7084,29.854271580731094
7085,29.854271580731094
7086,29.854271580731094
7087,29.854271580731094
7088,29.854271580731094
7089,29.854271580731094
7090,29.854271580731094
7091,29.854271580731094
7092,29.854271580731094
7093,29.854271580731094
7094,29.854271580731094
7095,29.854271580731094
7096,29.854271580731094
7097,29.854271580731094
7098,29.854271580731094
7099,29.854271580731094
7100,29.854271580731094
7101,29.854271580731094
7102,29.854271580731094
7103,29.854271580731094
7104,29.854271580731094
7105,29.854271580731094
7106,29.854271580731094
7107,29.854271580731094
7108,29.854271580731094
7109,29.854271580731094
7110,29.854271580731094
7111,29.854271580731094
7112,29.854271580731094
7113,29.854271580731094
7114,29.854271580731094
7115,29.854271580731094
7116,29.854271580731094
7117,29.854271580731094
7118,29.854271580731094
7119,29.854271580731094
7120,29.854271580731094
7121,29.854271580731094
7122,29.854271580731094
7123,29.854271580731094
7124,29.854271580731094
7125,29.854271580731094
7126,29.854271580731094
7127,29.854271580731094
7128,29.854271580731094
7129,29.854271580731094
7130,29.854271580731094
7131,29.854271580731094
7132,29.854271580731094
7133,29.854271580731094
7134,29.854271580731094
7135,29.854271580731094
7136,29.854271580731094
7137,29.854271580731094
7138,29.854271580731094
7139,29.854271580731094
7140,29.854271580731094
7141,29.854271580731094
7142,29.854271580731094
7143,29.854271580731094
7144,29.854271580731094
7145,29.854271580731094
7146,29.854271580731094
7147,29.854271580731094
7148,29.854271580731094
7149,29.854271580731094
7150,29.854271580731094
7151,29.854271580731094
7152,29.854271580731094
7153,29.854271580731094
7154,29.854271580731094
7155,29.854271580731094
7156,29.854271580731094
7157,29.854271580731094
7158,29.854271580731094
7159,29.854271580731094
7160,29.854271580731094
7161,29.854271580731094
7162,29.854271580731094
7163,29.854271580731094
7164,29.854271580731094
7165,29.854271580731094
7166,29.854271580731094
7167,29.854271580731094
7168,29.854271580731094
7169,29.854271580731094
7170,29.854271580731094
7171,29.854271580731094
7172,29.854271580731094
7173,29.854271580731094
7174,29.854271580731094
7175,29.854271580731094
7176,29.854271580731094
7177,29.854271580731094
7178,29.854271580731094
7179,29.854271580731094
7180,29.854271580731094
7181,29.854271580731094
7182,29.854271580731094
7183,29.854271580731094
7184,29.854271580731094
7185,29.854271580731094
7186,29.854271580731094
7187,29.854271580731094
7188,29.854271580731094
7189,29.854271580731094
7190,29.854271580731094
7191,29.854271580731094
7192,29.854271580731094
7193,29.854271580731094
7194,29.854271580731094
7195,29.854271580731094
7196,29.854271580731094
7197,29.854271580731094
7198,29.854271580731094
7199,29.854271580731094
7200,29.854271580731094
7201,29.854271580731094
7202,29.854271580731094
7203,29.854271580731094
7204,29.854271580731094
7205,29.854271580731094
7206,29.854271580731094
7207,29.854271580731094
7208,29.854271580731094
7209,29.854271580731094
7210,29.854271580731094
7211,29.854271580731094
7212,29.854271580731094
7213,29.854271580731094
7214,29.854271580731094
7215,29.854271580731094
7216,29.854271580731094
7217,29.854271580731094
7218,29.854271580731094
7219,29.854271580731094
7220,29.854271580731094
7221,29.854271580731094
7222,29.854271580731094
7223,29.854271580731094
7224,29.854271580731094
7225,29.854271580731094
7226,29.854271580731094
7227,29.854271580731094
7228,29.854271580731094
7229,29.854271580731094
7230,29.854271580731094
7231,29.854271580731094
7232,29.854271580731094
7233,29.854271580731094
7234,29.854271580731094
7235,29.854271580731094
7236,29.854271580731094
7237,29.854271580731094
7238,29.854271580731094
7239,29.854271580731094
7240,29.854271580731094
7241,29.854271580731094
7242,29.854271580731094
7243,29.854271580731094
7244,29.854271580731094
7245,29.854271580731094
7246,29.854271580731094
7247,29.854271580731094
7248,29.854271580731094
7249,29.854271580731094
7250,29.854271580731094
7251,29.854271580731094
7252,29.854271580731094
7253,29.854271580731094
7254,29.854271580731094
7255,29.854271580731094
7256,29.854271580731094
7257,29.854271580731094
7258,29.854271580731094
7259,29.854271580731094
7260,29.854271580731094
7261,29.854271580731094
7262,29.854271580731094
7263,29.854271580731094
7264,29.854271580731094
7265,29.854271580731094
7266,29.854271580731094
7267,29.854271580731094
7268,29.854271580731094
7269,29.854271580731094
7270,29.854271580731094
7271,29.854271580731094
7272,29.854271580731094
7273,29.854271580731094
7274,29.854271580731094
7275,29.854271580731094
7276,29.854271580731094
7277,29.854271580731094
7278,29.854271580731094
7279,29.854271580731094
7280,29.854271580731094
7281,29.854271580731094
7282,29.854271580731094
7283,29.854271580731094
7284,29.854271580731094
7285,29.854271580731094
7286,29.854271580731094
7287,29.854271580731094
7288,29.854271580731094
7289,29.854271580731094
7290,29.854271580731094
7291,29.854271580731094
7292,29.854271580731094
7293,29.854271580731094
7294,29.854271580731094
7295,29.854271580731094
7296,29.854271580731094
7297,29.854271580731094
7298,29.854271580731094
7299,29.854271580731094
7300,29.854271580731094
7301,29.854271580731094
7302,29.854271580731094
7303,29.854271580731094
7304,29.854271580731094
7305,29.854271580731094
7306,29.854271580731094
7307,29.854271580731094
7308,29.854271580731094
7309,29.854271580731094
7310,29.854271580731094
7311,29.854271580731094
7312,29.854271580731094
7313,29.854271580731094
7314,29.854271580731094
7315,29.854271580731094
7316,29.854271580731094
7317,29.854271580731094
7318,29.854271580731094
7319,29.854271580731094
7320,29.854271580731094
7321,29.854271580731094
7322,29.854271580731094
7323,29.854271580731094
7324,29.854271580731094
7325,29.854271580731094
7326,29.854271580731094
7327,29.854271580731094
7328,29.854271580731094
7329,29.854271580731094
7330,29.854271580731094
7331,29.854271580731094
7332,29.854271580731094
7333,29.854271580731094
7334,29.854271580731094
7335,29.854271580731094
7336,29.854271580731094
7337,29.854271580731094
7338,29.854271580731094
7339,29.854271580731094
7340,29.854271580731094
7341,29.854271580731094
7342,29.854271580731094
7343,29.854271580731094
7344,29.854271580731094
7345,29.854271580731094
7346,29.854271580731094
7347,29.854271580731094
7348,29.854271580731094
7349,29.854271580731094
7350,29.854271580731094
7351,29.854271580731094
7352,29.854271580731094
7353,29.854271580731094
7354,29.854271580731094
7355,29.854271580731094
7356,29.854271580731094
7357,29.854271580731094
7358,29.854271580731094
7359,29.854271580731094
7360,29.854271580731094
7361,29.854271580731094
7362,29.854271580731094
7363,29.854271580731094
7364,29.854271580731094
7365,29.854271580731094
7366,29.854271580731094
7367,29.854271580731094
7368,29.854271580731094
7369,29.854271580731094
7370,29.854271580731094
7371,29.854271580731094
7372,29.854271580731094
7373,29.854271580731094
7374,29.854271580731094
7375,29.854271580731094
7376,29.854271580731094
7377,29.854271580731094
7378,29.854271580731094
7379,29.854271580731094
7380,29.854271580731094
7381,29.854271580731094
7382,29.854271580731094
7383,29.854271580731094
7384,29.854271580731094
7385,29.854271580731094
7386,29.854271580731094
7387,29.854271580731094
7388,29.854271580731094
7389,29.854271580731094
7390,29.854271580731094
7391,29.854271580731094
7392,29.854271580731094
7393,29.854271580731094
7394,29.854271580731094
7395,29.854271580731094
7396,29.854271580731094
7397,29.854271580731094
7398,29.854271580731094
7399,29.854271580731094
7400,29.854271580731094
7401,29.854271580731094
7402,29.854271580731094
7403,29.854271580731094
7404,29.854271580731094
7405,29.854271580731094
7406,29.854271580731094
7407,29.854271580731094
7408,29.854271580731094
7409,29.854271580731094
7410,29.854271580731094
7411,29.854271580731094
7412,29.854271580731094
7413,29.854271580731094
7414,29.854271580731094
7415,29.854271580731094
7416,29.854271580731094
7417,29.854271580731094
7418,29.854271580731094
7419,29.854271580731094
7420,29.854271580731094
7421,29.854271580731094
7422,29.854271580731094
7423,29.854271580731094
7424,29.854271580731094
7425,29.854271580731094
7426,29.854271580731094
7427,29.854271580731094
7428,29.854271580731094
7429,29.854271580731094
7430,29.854271580731094
7431,29.854271580731094
7432,29.854271580731094
7433,29.854271580731094
7434,29.854271580731094
7435,29.854271580731094
7436,29.854271580731094
7437,29.854271580731094
7438,29.854271580731094
7439,29.854271580731094
7440,29.854271580731094
7441,29.854271580731094
7442,29.854271580731094
7443,29.854271580731094
7444,29.854271580731094
7445,29.854271580731094
7446,29.854271580731094
7447,29.854271580731094
7448,29.854271580731094
7449,29.854271580731094
7450,29.854271580731094
7451,29.854271580731094
7452,29.854271580731094
7453,29.854271580731094
7454,29.854271580731094
7455,29.854271580731094
7456,29.854271580731094
7457,29.854271580731094
7458,29.854271580731094
7459,29.854271580731094
7460,29.854271580731094
7461,29.854271580731094
7462,29.854271580731094
7463,29.854271580731094
7464,29.854271580731094
7465,29.854271580731094
7466,29.854271580731094
7467,29.854271580731094
7468,29.854271580731094
7469,29.854271580731094
7470,29.854271580731094
7471,29.854271580731094
7472,29.854271580731094
7473,29.854271580731094
7474,29.854271580731094
7475,29.854271580731094
7476,29.854271580731094
7477,29.854271580731094
7478,29.854271580731094
7479,29.854271580731094
7480,29.854271580731094
7481,29.854271580731094
7482,29.854271580731094
7483,29.854271580731094
7484,29.854271580731094
7485,29.854271580731094
7486,29.854271580731094
7487,29.854271580731094
7488,29.854271580731094
7489,29.854271580731094
7490,29.854271580731094
7491,29.854271580731094
7492,29.854271580731094
7493,29.854271580731094
7494,29.854271580731094
7495,29.854271580731094
7496,29.854271580731094
7497,29.854271580731094
7498,29.854271580731094
7499,29.854271580731094
7500,29.854271580731094
7501,29.854271580731094
7502,29.854271580731094
7503,29.854271580731094
7504,29.854271580731094
7505,29.854271580731094
7506,29.854271580731094
7507,29.854271580731094
7508,29.854271580731094
7509,29.854271580731094
7510,29.854271580731094
7511,29.854271580731094
7512,29.854271580731094
7513,29.854271580731094
7514,29.854271580731094
7515,29.854271580731094
7516,29.854271580731094
7517,29.854271580731094
7518,29.854271580731094
7519,29.854271580731094
7520,29.854271580731094
7521,29.854271580731094
7522,29.854271580731094
7523,29.854271580731094
7524,29.854271580731094
7525,29.854271580731094
7526,29.854271580731094
7527,29.854271580731094
7528,29.854271580731094
7529,29.854271580731094
7530,29.854271580731094
7531,29.854271580731094
7532,29.854271580731094
7533,29.854271580731094
7534,29.854271580731094
7535,29.854271580731094
7536,29.854271580731094
7537,29.854271580731094
7538,29.854271580731094
7539,29.854271580731094
7540,29.854271580731094
7541,29.854271580731094
7542,29.854271580731094
7543,29.854271580731094
7544,29.854271580731094
7545,29.854271580731094
7546,29.854271580731094
7547,29.854271580731094
7548,29.854271580731094
7549,29.854271580731094
7550,29.854271580731094
7551,29.854271580731094
7552,29.854271580731094
7553,29.854271580731094
7554,29.854271580731094
7555,29.854271580731094
7556,29.854271580731094
7557,29.854271580731094
7558,29.854271580731094
7559,29.854271580731094
7560,29.854271580731094
7561,29.854271580731094
7562,29.854271580731094
7563,29.854271580731094
7564,29.854271580731094
7565,29.854271580731094
7566,29.854271580731094
7567,29.854271580731094
7568,29.854271580731094
7569,29.854271580731094
7570,29.854271580731094
7571,29.854271580731094
7572,29.854271580731094
7573,29.854271580731094
7574,29.854271580731094
7575,29.854271580731094
7576,29.854271580731094
7577,29.854271580731094
7578,29.854271580731094
7579,29.854271580731094
7580,29.854271580731094
7581,29.854271580731094
7582,29.854271580731094
7583,29.854271580731094
7584,29.854271580731094
7585,29.854271580731094
7586,29.854271580731094
7587,29.854271580731094
7588,29.854271580731094
7589,29.854271580731094
7590,29.854271580731094
7591,29.854271580731094
7592,29.854271580731094
7593,29.854271580731094
7594,29.854271580731094
7595,29.854271580731094
7596,29.854271580731094
7597,29.854271580731094
7598,29.854271580731094
7599,29.854271580731094
7600,29.854271580731094
7601,29.854271580731094
7602,29.854271580731094
7603,29.854271580731094
7604,29.854271580731094
7605,29.854271580731094
7606,29.854271580731094
7607,29.854271580731094
7608,29.854271580731094
7609,29.854271580731094
7610,29.854271580731094
7611,29.854271580731094
7612,29.854271580731094
7613,29.854271580731094
7614,29.854271580731094
7615,29.854271580731094
7616,29.854271580731094
7617,29.854271580731094
7618,29.854271580731094
7619,29.854271580731094
7620,29.854271580731094
7621,29.854271580731094
7622,29.854271580731094
7623,29.854271580731094
7624,29.854271580731094
7625,29.854271580731094
7626,29.854271580731094
7627,29.854271580731094
7628,29.854271580731094
7629,29.854271580731094
7630,29.854271580731094
7631,29.854271580731094
7632,29.854271580731094
7633,29.854271580731094
7634,29.854271580731094
7635,29.854271580731094
7636,29.854271580731094
7637,29.854271580731094
7638,29.854271580731094
7639,29.854271580731094
7640,29.854271580731094
7641,29.854271580731094
7642,29.854271580731094
7643,29.854271580731094
7644,29.854271580731094
7645,29.854271580731094
7646,29.854271580731094
7647,29.854271580731094
7648,29.854271580731094
7649,29.854271580731094
7650,29.854271580731094
7651,29.854271580731094
7652,29.854271580731094
7653,29.854271580731094
7654,29.854271580731094
7655,29.854271580731094
7656,29.854271580731094
7657,29.854271580731094
7658,29.854271580731094
7659,29.854271580731094
7660,29.854271580731094
7661,29.854271580731094
7662,29.854271580731094
7663,29.854271580731094
7664,29.854271580731094
7665,29.854271580731094
7666,29.854271580731094
7667,29.854271580731094
7668,29.854271580731094
7669,29.854271580731094
7670,29.854271580731094
7671,29.854271580731094
7672,29.854271580731094
7673,29.854271580731094
7674,29.854271580731094
7675,29.854271580731094
7676,29.854271580731094
7677,29.854271580731094
7678,29.854271580731094
7679,29.854271580731094
7680,29.854271580731094
7681,29.854271580731094
7682,29.854271580731094
7683,29.854271580731094
7684,29.854271580731094
7685,29.854271580731094
7686,29.854271580731094
7687,29.854271580731094
7688,29.854271580731094
7689,29.854271580731094
7690,29.854271580731094
7691,29.854271580731094
7692,29.854271580731094
7693,29.854271580731094
7694,29.854271580731094
7695,29.854271580731094
7696,29.854271580731094
7697,29.854271580731094
7698,29.854271580731094
7699,29.854271580731094
7700,29.854271580731094
7701,29.854271580731094
7702,29.854271580731094
7703,29.854271580731094
7704,29.854271580731094
7705,29.854271580731094
7706,29.854271580731094
7707,29.854271580731094
7708,29.854271580731094
7709,29.854271580731094
7710,29.854271580731094
7711,29.854271580731094
7712,29.854271580731094
7713,29.854271580731094
7714,29.854271580731094
7715,29.854271580731094
7716,29.854271580731094
7717,29.854271580731094
7718,29.854271580731094
7719,29.854271580731094
7720,29.854271580731094
7721,29.854271580731094
7722,29.854271580731094
7723,29.854271580731094
7724,29.854271580731094
7725,29.854271580731094
7726,29.854271580731094
7727,29.854271580731094
7728,29.854271580731094
7729,29.854271580731094
7730,29.854271580731094
7731,29.854271580731094
7732,29.854271580731094
7733,29.854271580731094
7734,29.854271580731094
7735,29.854271580731094
7736,29.854271580731094
7737,29.854271580731094
7738,29.854271580731094
7739,29.854271580731094
7740,29.854271580731094
7741,29.854271580731094
7742,29.854271580731094
7743,29.854271580731094
7744,29.854271580731094
7745,29.854271580731094
7746,29.854271580731094
7747,29.854271580731094
7748,29.854271580731094
7749,29.854271580731094
7750,29.854271580731094
7751,29.854271580731094
7752,29.854271580731094
7753,29.854271580731094
7754,29.854271580731094
7755,29.854271580731094
7756,29.854271580731094
7757,29.854271580731094
7758,29.854271580731094
7759,29.854271580731094
7760,29.854271580731094
7761,29.854271580731094
7762,29.854271580731094
7763,29.854271580731094
7764,29.854271580731094
7765,29.854271580731094
7766,29.854271580731094
7767,29.854271580731094
7768,29.854271580731094
7769,29.854271580731094
7770,29.854271580731094
7771,29.854271580731094
7772,29.854271580731094
7773,29.854271580731094
7774,29.854271580731094
7775,29.854271580731094
7776,29.854271580731094
7777,29.854271580731094
7778,29.854271580731094
7779,29.854271580731094
7780,29.854271580731094
7781,29.854271580731094
7782,29.854271580731094
7783,29.854271580731094
7784,29.854271580731094
7785,29.854271580731094
7786,29.854271580731094
7787,29.854271580731094
7788,29.854271580731094
7789,29.854271580731094
7790,29.854271580731094
7791,29.854271580731094
7792,29.854271580731094
7793,29.854271580731094
7794,29.854271580731094
7795,29.854271580731094
7796,29.854271580731094
7797,29.854271580731094
7798,29.854271580731094
7799,29.854271580731094
7800,29.854271580731094
7801,29.854271580731094
7802,29.854271580731094
7803,29.854271580731094
7804,29.854271580731094
7805,29.854271580731094
7806,29.854271580731094
7807,29.854271580731094
7808,29.854271580731094
7809,29.854271580731094
7810,29.854271580731094
7811,29.854271580731094
7812,29.854271580731094
7813,29.854271580731094
7814,29.854271580731094
7815,29.854271580731094
7816,29.854271580731094
7817,29.854271580731094
7818,29.854271580731094
7819,29.854271580731094
7820,29.854271580731094
7821,29.854271580731094
7822,29.854271580731094
7823,29.854271580731094
7824,29.854271580731094
7825,29.854271580731094
7826,29.854271580731094
7827,29.854271580731094
7828,29.854271580731094
7829,29.854271580731094
7830,29.854271580731094
7831,29.854271580731094
7832,29.854271580731094
7833,29.854271580731094
7834,29.854271580731094
7835,29.854271580731094
7836,29.854271580731094
7837,29.854271580731094
7838,29.854271580731094
7839,29.854271580731094
7840,29.854271580731094
7841,29.854271580731094
7842,29.854271580731094
7843,29.854271580731094
7844,29.854271580731094
7845,29.854271580731094
7846,29.854271580731094
7847,29.854271580731094
7848,29.854271580731094
7849,29.854271580731094
7850,29.854271580731094
7851,29.854271580731094
7852,29.854271580731094
7853,29.854271580731094
7854,29.854271580731094
7855,29.854271580731094
7856,29.854271580731094
7857,29.854271580731094
7858,29.854271580731094
7859,29.854271580731094
7860,29.854271580731094
7861,29.854271580731094
7862,29.854271580731094
7863,29.854271580731094
7864,29.854271580731094
7865,29.854271580731094
7866,29.854271580731094
7867,29.854271580731094
7868,29.854271580731094
7869,29.854271580731094
7870,29.854271580731094
7871,29.854271580731094
7872,29.854271580731094
7873,29.854271580731094
7874,29.854271580731094
7875,29.854271580731094
7876,29.854271580731094
7877,29.854271580731094
7878,29.854271580731094
7879,29.854271580731094
7880,29.854271580731094
7881,29.854271580731094
7882,29.854271580731094
7883,29.854271580731094
7884,29.854271580731094
7885,29.854271580731094
7886,29.854271580731094
7887,29.854271580731094
7888,29.854271580731094
7889,29.854271580731094
7890,29.854271580731094
7891,29.854271580731094
7892,29.854271580731094
7893,29.854271580731094
7894,29.854271580731094
7895,29.854271580731094
7896,29.854271580731094
7897,29.854271580731094
7898,29.854271580731094
7899,29.854271580731094
7900,29.854271580731094
7901,29.854271580731094
7902,29.854271580731094
7903,29.854271580731094
7904,29.854271580731094
7905,29.854271580731094
7906,29.854271580731094
7907,29.854271580731094
7908,29.854271580731094
7909,29.854271580731094
7910,29.854271580731094
7911,29.854271580731094
7912,29.854271580731094
7913,29.854271580731094
7914,29.854271580731094
7915,29.854271580731094
7916,29.854271580731094
7917,29.854271580731094
7918,29.854271580731094
7919,29.854271580731094
7920,29.854271580731094
7921,29.854271580731094
7922,29.854271580731094
7923,29.854271580731094
7924,29.854271580731094
7925,29.854271580731094
7926,29.854271580731094
7927,29.854271580731094
7928,29.854271580731094
7929,29.854271580731094
7930,29.854271580731094
7931,29.854271580731094
7932,29.854271580731094
7933,29.854271580731094
7934,29.854271580731094
7935,29.854271580731094
7936,29.854271580731094
7937,29.854271580731094
7938,29.854271580731094
7939,29.854271580731094
7940,29.854271580731094
7941,29.854271580731094
7942,29.854271580731094
7943,29.854271580731094
7944,29.854271580731094
7945,29.854271580731094
7946,29.854271580731094
7947,29.854271580731094
7948,29.854271580731094
7949,29.854271580731094
7950,29.854271580731094
7951,29.854271580731094
7952,29.854271580731094
7953,29.854271580731094
7954,29.854271580731094
7955,29.854271580731094
7956,29.854271580731094
7957,29.854271580731094
7958,29.854271580731094
7959,29.854271580731094
7960,29.854271580731094
7961,29.854271580731094
7962,29.854271580731094
7963,29.854271580731094
7964,29.854271580731094
7965,29.854271580731094
7966,29.854271580731094
7967,29.854271580731094
7968,29.854271580731094
7969,29.854271580731094
7970,29.854271580731094
7971,29.854271580731094
7972,29.854271580731094
7973,29.854271580731094
7974,29.854271580731094
7975,29.854271580731094
7976,29.854271580731094
7977,29.854271580731094
7978,29.854271580731094
7979,29.854271580731094
7980,29.854271580731094
7981,29.854271580731094
7982,29.854271580731094
7983,29.854271580731094
7984,29.854271580731094
7985,29.854271580731094
7986,29.854271580731094
7987,29.854271580731094
7988,29.854271580731094
7989,29.854271580731094
7990,29.854271580731094
7991,29.854271580731094
7992,29.854271580731094
7993,29.854271580731094
7994,29.854271580731094
7995,29.854271580731094
7996,29.854271580731094
7997,29.854271580731094
7998,29.854271580731094
7999,29.854271580731094
8000,29.854271580731094
8001,29.854271580731094
8002,29.854271580731094
8003,29.854271580731094
8004,29.854271580731094
8005,29.854271580731094
8006,29.854271580731094
8007,29.854271580731094
8008,29.854271580731094
8009,29.854271580731094
8010,29.854271580731094
8011,29.854271580731094
8012,29.854271580731094
8013,29.854271580731094
8014,29.854271580731094
8015,29.854271580731094
8016,29.854271580731094
8017,29.854271580731094
8018,29.854271580731094
8019,29.854271580731094
8020,29.854271580731094
8021,29.854271580731094
8022,29.854271580731094
8023,29.854271580731094
8024,29.854271580731094
8025,29.854271580731094
8026,29.854271580731094
8027,29.854271580731094
8028,29.854271580731094
8029,29.854271580731094
8030,29.854271580731094
8031,29.854271580731094
8032,29.854271580731094
8033,29.854271580731094
8034,29.854271580731094
8035,29.854271580731094
8036,29.854271580731094
8037,29.854271580731094
8038,29.854271580731094
8039,29.854271580731094
8040,29.854271580731094
8041,29.854271580731094
8042,29.854271580731094
8043,29.854271580731094
8044,29.854271580731094
8045,29.854271580731094
8046,29.854271580731094
8047,29.854271580731094
8048,29.854271580731094
8049,29.854271580731094
8050,29.854271580731094
8051,29.854271580731094
8052,29.854271580731094
8053,29.854271580731094
8054,29.854271580731094
8055,29.854271580731094
8056,29.854271580731094
8057,29.854271580731094
8058,29.854271580731094
8059,29.854271580731094
8060,29.854271580731094
8061,29.854271580731094
8062,29.854271580731094
8063,29.854271580731094
8064,29.854271580731094
8065,29.854271580731094
8066,29.854271580731094
8067,29.854271580731094
8068,29.854271580731094
8069,29.854271580731094
8070,29.854271580731094
8071,29.854271580731094
8072,29.854271580731094
8073,29.854271580731094
8074,29.854271580731094
8075,29.854271580731094
8076,29.854271580731094
8077,29.854271580731094
8078,29.854271580731094
8079,29.854271580731094
8080,29.854271580731094
8081,29.854271580731094
8082,29.854271580731094
8083,29.854271580731094
8084,29.854271580731094
8085,29.854271580731094
8086,29.854271580731094
8087,29.854271580731094
8088,29.854271580731094
8089,29.854271580731094
8090,29.854271580731094
8091,29.854271580731094
8092,29.854271580731094
8093,29.854271580731094
8094,29.854271580731094
8095,29.854271580731094
8096,29.854271580731094
8097,29.854271580731094
8098,29.854271580731094
8099,29.854271580731094
8100,29.854271580731094
8101,29.854271580731094
8102,29.854271580731094
8103,29.854271580731094
8104,29.854271580731094
8105,29.854271580731094
8106,29.854271580731094
8107,29.854271580731094
8108,29.854271580731094
8109,29.854271580731094
8110,29.854271580731094
8111,29.854271580731094
8112,29.854271580731094
8113,29.854271580731094
8114,29.854271580731094
8115,29.854271580731094
8116,29.854271580731094
8117,29.854271580731094
8118,29.854271580731094
8119,29.854271580731094
8120,29.854271580731094
8121,29.854271580731094
8122,29.854271580731094
8123,29.854271580731094
8124,29.854271580731094
8125,29.854271580731094
8126,29.854271580731094
8127,29.854271580731094
8128,29.854271580731094
8129,29.854271580731094
8130,29.854271580731094
8131,29.854271580731094
8132,29.854271580731094
8133,29.854271580731094
8134,29.854271580731094
8135,29.854271580731094
8136,29.854271580731094
8137,29.854271580731094
8138,29.854271580731094
8139,29.854271580731094
8140,29.854271580731094
8141,29.854271580731094
8142,29.854271580731094
8143,29.854271580731094
8144,29.854271580731094
8145,29.854271580731094
8146,29.854271580731094
8147,29.854271580731094
8148,29.854271580731094
8149,29.854271580731094
8150,29.854271580731094
8151,29.854271580731094
8152,29.854271580731094
8153,29.854271580731094
8154,29.854271580731094
8155,29.854271580731094
8156,29.854271580731094
8157,29.854271580731094
8158,29.854271580731094
8159,29.854271580731094
8160,29.854271580731094
8161,29.854271580731094
8162,29.854271580731094
8163,29.854271580731094
8164,29.854271580731094
8165,29.854271580731094
8166,29.854271580731094
8167,29.854271580731094
8168,29.854271580731094
8169,29.854271580731094
8170,29.854271580731094
8171,29.854271580731094
8172,29.854271580731094
8173,29.854271580731094
8174,29.854271580731094
8175,29.854271580731094
8176,29.854271580731094
8177,29.854271580731094
8178,29.854271580731094
8179,29.854271580731094
8180,29.854271580731094
8181,29.854271580731094
8182,29.854271580731094
8183,29.854271580731094
8184,29.854271580731094
8185,29.854271580731094
8186,29.854271580731094
8187,29.854271580731094
8188,29.854271580731094
8189,29.854271580731094
8190,29.854271580731094
8191,29.854271580731094
8192,29.854271580731094
8193,29.854271580731094
8194,29.854271580731094
8195,29.854271580731094
8196,29.854271580731094
8197,29.854271580731094
8198,29.854271580731094
8199,29.854271580731094
8200,29.854271580731094
8201,29.854271580731094
8202,29.854271580731094
8203,29.854271580731094
8204,29.854271580731094
8205,29.854271580731094
8206,29.854271580731094
8207,29.854271580731094
8208,29.854271580731094
8209,29.854271580731094
8210,29.854271580731094
8211,29.854271580731094
8212,29.854271580731094
8213,29.854271580731094
8214,29.854271580731094
8215,29.854271580731094
8216,29.854271580731094
8217,29.854271580731094
8218,29.854271580731094
8219,29.854271580731094
8220,29.854271580731094
8221,29.854271580731094
8222,29.854271580731094
8223,29.854271580731094
8224,29.854271580731094
8225,29.854271580731094
8226,29.854271580731094
8227,29.854271580731094
8228,29.854271580731094
8229,29.854271580731094
8230,-13.48099291412199
8231,-13.48099291412199
8232,-13.48099291412199
8233,-13.48099291412199
8234,-13.48099291412199
8235,-13.48099291412199
8236,-13.48099291412199
8237,-13.48099291412199
8238,-13.48099291412199
8239,-13.48099291412199
8240,-13.48099291412199
8241,-13.48099291412199
8242,-13.48099291412199
8243,-13.48099291412199
8244,-13.48099291412199
8245,-13.48099291412199
8246,-13.48099291412199
8247,-13.48099291412199
8248,-13.48099291412199
8249,-13.48099291412199
8250,-13.48099291412199
8251,-13.48099291412199
8252,-13.48099291412199
8253,-13.48099291412199
8254,-13.48099291412199
8255,-13.48099291412199
8256,-13.48099291412199
8257,-13.48099291412199
8258,-13.48099291412199
8259,-13.48099291412199
8260,-13.48099291412199
8261,-13.48099291412199
8262,-13.48099291412199
8263,-13.48099291412199
8264,-13.48099291412199
8265,-13.48099291412199
8266,-13.48099291412199
8267,-13.48099291412199
8268,-13.48099291412199
8269,-13.48099291412199
8270,-13.48099291412199
8271,-13.48099291412199
8272,-13.48099291412199
8273,-13.48099291412199
8274,-13.48099291412199
8275,-13.48099291412199
8276,-13.48099291412199
8277,-13.48099291412199
8278,-13.48099291412199
8279,-13.48099291412199
8280,-13.48099291412199
8281,-13.48099291412199
8282,-13.48099291412199
8283,-13.48099291412199
8284,-13.48099291412199
8285,-13.48099291412199
8286,-13.48099291412199
8287,-13.48099291412199
8288,-13.48099291412199
8289,-13.48099291412199
8290,-13.48099291412199
8291,-13.48099291412199
8292,-13.48099291412199
8293,-13.48099291412199
8294,-13.48099291412199
8295,-13.48099291412199
8296,-13.48099291412199
8297,-13.48099291412199
8298,-13.48099291412199
8299,-13.48099291412199
8300,-13.48099291412199
8301,-13.48099291412199
8302,-13.48099291412199
8303,-13.48099291412199
8304,-13.48099291412199
8305,-13.48099291412199
8306,-13.48099291412199
8307,-13.48099291412199
8308,-13.48099291412199
8309,-13.48099291412199
8310,-13.48099291412199
8311,-13.48099291412199
8312,-13.48099291412199
8313,-13.48099291412199
8314,-13.48099291412199
8315,-13.48099291412199
8316,-13.48099291412199
8317,-13.48099291412199
8318,-13.48099291412199
8319,-13.48099291412199
8320,-13.48099291412199
8321,-13.48099291412199
8322,-13.48099291412199
8323,-13.48099291412199
8324,-13.48099291412199
8325,-13.48099291412199
8326,-13.48099291412199
8327,-13.48099291412199
8328,-13.48099291412199
8329,-13.48099291412199
8330,-13.48099291412199
8331,-13.48099291412199
8332,-13.48099291412199
8333,-13.48099291412199
8334,-13.48099291412199
8335,-13.48099291412199
8336,-13.48099291412199
8337,-13.48099291412199
8338,-13.48099291412199
8339,-13.48099291412199
8340,-13.48099291412199
8341,-13.48099291412199
8342,-13.48099291412199
8343,-13.48099291412199
8344,-13.48099291412199
8345,-13.48099291412199
8346,-13.48099291412199
8347,-13.48099291412199
8348,-13.48099291412199
8349,-13.48099291412199
8350,-13.48099291412199
8351,-13.48099291412199
8352,-13.48099291412199
8353,-13.48099291412199
8354,-13.48099291412199
8355,-13.48099291412199
8356,-13.48099291412199
8357,-13.48099291412199
8358,-13.48099291412199
8359,-13.48099291412199
8360,-13.48099291412199
8361,-13.48099291412199
8362,-13.48099291412199
8363,-13.48099291412199
8364,-13.48099291412199
8365,-13.48099291412199
8366,-13.48099291412199
8367,-13.48099291412199
8368,-13.48099291412199
8369,-13.48099291412199
8370,-13.48099291412199
8371,-13.48099291412199
8372,-13.48099291412199
8373,-13.48099291412199
8374,-13.48099291412199
8375,-13.48099291412199
8376,-13.48099291412199
8377,-13.48099291412199
8378,-13.48099291412199
8379,-13.48099291412199
8380,-13.48099291412199
8381,-13.48099291412199
8382,-13.48099291412199
8383,-13.48099291412199
8384,-13.48099291412199
8385,-13.48099291412199
8386,-13.48099291412199
8387,-13.48099291412199
8388,-13.48099291412199
8389,-13.48099291412199
8390,-13.48099291412199
8391,-13.48099291412199
8392,-13.48099291412199
8393,-13.48099291412199
8394,-13.48099291412199
8395,-13.48099291412199
8396,-13.48099291412199
8397,-13.48099291412199
8398,-13.48099291412199
8399,-13.48099291412199
8400,-13.48099291412199
8401,-13.48099291412199
8402,-13.48099291412199
8403,-13.48099291412199
8404,-13.48099291412199
8405,-13.48099291412199
8406,-13.48099291412199
8407,-13.48099291412199
8408,-13.48099291412199
8409,-13.48099291412199
8410,-13.48099291412199
8411,-13.48099291412199
8412,-13.48099291412199
8413,-13.48099291412199
8414,-13.48099291412199
8415,-13.48099291412199
8416,-13.48099291412199
8417,-13.48099291412199
8418,-13.48099291412199
8419,-13.48099291412199
8420,-13.48099291412199
8421,-13.48099291412199
8422,-13.48099291412199
8423,-13.48099291412199
8424,-13.48099291412199
8425,-13.48099291412199
8426,-13.48099291412199
8427,-13.48099291412199
8428,-13.48099291412199
8429,-13.48099291412199
8430,-13.48099291412199
8431,-13.48099291412199
8432,-13.48099291412199
8433,-13.48099291412199
8434,-13.48099291412199
8435,-13.48099291412199
8436,-13.48099291412199
8437,-13.48099291412199
8438,-13.48099291412199
8439,-13.48099291412199
8440,-13.48099291412199
8441,-13.48099291412199
8442,-13.48099291412199
8443,-13.48099291412199
8444,-13.48099291412199
8445,-13.48099291412199
8446,-13.48099291412199
8447,-13.48099291412199
8448,-13.48099291412199
8449,-13.48099291412199
8450,-13.48099291412199
8451,-13.48099291412199
8452,-13.48099291412199
8453,-13.48099291412199
8454,-13.48099291412199
8455,-13.48099291412199
8456,-13.48099291412199
8457,-13.48099291412199
8458,-13.48099291412199
8459,-13.48099291412199
8460,-13.48099291412199
8461,-13.48099291412199
8462,-13.48099291412199
8463,-13.48099291412199
8464,-13.48099291412199
8465,-13.48099291412199
8466,-13.48099291412199
8467,-13.48099291412199
8468,-13.48099291412199
8469,-13.48099291412199
8470,-13.48099291412199
8471,-13.48099291412199
8472,-13.48099291412199
8473,-13.48099291412199
8474,-13.48099291412199
8475,-13.48099291412199
8476,-13.48099291412199
8477,-13.48099291412199
8478,-13.48099291412199
8479,-13.48099291412199
8480,-13.48099291412199
8481,-13.48099291412199
8482,-13.48099291412199
8483,-13.48099291412199
8484,-13.48099291412199
8485,-13.48099291412199
8486,-13.48099291412199
8487,-13.48099291412199
8488,-13.48099291412199
8489,-13.48099291412199
8490,-13.48099291412199
8491,-13.48099291412199
8492,-13.48099291412199
8493,-13.48099291412199
8494,-13.48099291412199
8495,-13.48099291412199
8496,-13.48099291412199
8497,-13.48099291412199
8498,-13.48099291412199
8499,-13.48099291412199
8500,-13.48099291412199
8501,-13.48099291412199
8502,-13.48099291412199
8503,-13.48099291412199
8504,-13.48099291412199
8505,-13.48099291412199
8506,-13.48099291412199
8507,-13.48099291412199
8508,-13.48099291412199
8509,-13.48099291412199
8510,-13.48099291412199
8511,-13.48099291412199
8512,-13.48099291412199
8513,-13.48099291412199
8514,-13.48099291412199
8515,-13.48099291412199
8516,-13.48099291412199
8517,-13.48099291412199
8518,-13.48099291412199
8519,-13.48099291412199
8520,-13.48099291412199
8521,-13.48099291412199
8522,-13.48099291412199
8523,-13.48099291412199
8524,-13.48099291412199
8525,-13.48099291412199
8526,-13.48099291412199
8527,-13.48099291412199
8528,-13.48099291412199
8529,-13.48099291412199
8530,-13.48099291412199
8531,-13.48099291412199
8532,-13.48099291412199
8533,-13.48099291412199
8534,-13.48099291412199
8535,-13.48099291412199
8536,-13.48099291412199
8537,-13.48099291412199
8538,-13.48099291412199
8539,-13.48099291412199
8540,-13.48099291412199
8541,-13.48099291412199
8542,-13.48099291412199
8543,-13.48099291412199
8544,-13.48099291412199
8545,-13.48099291412199
8546,-13.48099291412199
8547,-13.48099291412199
8548,-13.48099291412199
8549,-13.48099291412199
8550,-13.48099291412199
8551,-13.48099291412199
8552,-13.48099291412199
8553,-13.48099291412199
8554,-13.48099291412199
8555,-13.48099291412199
8556,-13.48099291412199
8557,-13.48099291412199
8558,-13.48099291412199
8559,-13.48099291412199
