frame,pupil_norm
1,5.725947751396639
2,5.725947751396639
3,5.725947751396639
4,5.725947751396639
5,5.725947751396639
6,5.725947751396639
7,5.725947751396639
8,5.725947751396639
9,5.725947751396639
10,5.725947751396639
11,5.725947751396639
12,5.725947751396639
13,5.725947751396639
14,5.725947751396639
15,5.725947751396639
16,5.725947751396639
17,5.725947751396639
18,5.725947751396639
19,5.725947751396639
20,5.725947751396639
21,5.725947751396639
22,5.725947751396639
23,5.725947751396639
24,5.725947751396639
25,5.725947751396639
26,5.725947751396639
27,5.725947751396639
28,5.725947751396639
29,5.725947751396639
30,5.725947751396639
31,5.725947751396639
32,5.725947751396639
33,5.725947751396639
34,5.725947751396639
35,5.725947751396639
36,5.725947751396639
37,5.725947751396639
38,5.725947751396639
39,5.725947751396639
40,5.725947751396639
41,5.725947751396639
42,5.725947751396639
43,5.725947751396639
44,5.725947751396639
45,5.725947751396639
46,5.725947751396639
47,5.725947751396639
48,5.725947751396639
49,5.725947751396639
50,5.725947751396639
51,5.725947751396639
52,5.725947751396639
53,5.725947751396639
54,5.725947751396639
55,5.725947751396639
56,5.725947751396639
57,5.725947751396639
58,5.725947751396639
59,5.725947751396639
60,5.725947751396639
61,5.725947751396639
62,5.725947751396639
63,5.725947751396639
64,5.725947751396639
65,5.725947751396639
66,5.725947751396639
67,5.725947751396639
68,5.725947751396639
69,5.725947751396639
70,5.725947751396639
71,5.725947751396639
72,5.725947751396639
73,5.725947751396639
74,5.725947751396639
75,5.725947751396639
76,5.725947751396639
77,5.725947751396639
78,5.725947751396639
79,5.725947751396639
80,5.725947751396639
81,5.725947751396639
82,5.725947751396639
83,5.725947751396639
84,5.725947751396639
85,5.725947751396639
86,5.725947751396639
87,5.725947751396639
88,5.725947751396639
89,5.725947751396639
90,5.725947751396639
91,5.725947751396639
92,5.725947751396639
93,5.725947751396639
94,5.725947751396639
95,5.725947751396639
96,5.725947751396639
97,5.725947751396639
98,5.725947751396639
99,5.725947751396639
100,5.725947751396639
101,5.725947751396639
102,5.725947751396639
103,5.725947751396639
104,5.725947751396639
105,5.725947751396639
106,5.725947751396639
107,5.725947751396639
108,5.725947751396639
109,5.725947751396639
110,5.725947751396639
111,5.725947751396639
112,5.725947751396639
113,5.725947751396639
114,5.725947751396639
115,5.725947751396639
116,5.725947751396639
117,5.725947751396639
118,5.725947751396639
119,5.725947751396639
120,5.725947751396639
121,5.725947751396639
122,5.725947751396639
123,5.725947751396639
124,5.725947751396639
125,5.725947751396639
126,5.725947751396639
127,5.725947751396639
128,5.725947751396639
129,5.725947751396639
130,5.725947751396639
131,5.725947751396639
132,5.725947751396639
133,5.725947751396639
134,5.725947751396639
135,5.725947751396639
136,5.725947751396639
137,5.725947751396639
138,5.725947751396639
139,5.725947751396639
140,5.725947751396639
141,5.725947751396639
142,5.725947751396639
143,5.725947751396639
144,5.725947751396639
145,5.725947751396639
146,5.725947751396639
147,5.725947751396639
148,5.725947751396639
149,5.725947751396639
150,5.725947751396639
151,5.725947751396639
152,5.725947751396639
153,5.725947751396639
154,5.725947751396639
155,5.725947751396639
156,5.725947751396639
157,5.725947751396639
158,5.725947751396639
159,5.725947751396639
160,5.725947751396639
161,5.725947751396639
162,5.725947751396639
163,5.725947751396639
164,5.725947751396639
165,5.725947751396639
166,5.725947751396639
167,5.725947751396639
168,5.725947751396639
169,5.725947751396639
170,5.725947751396639
171,5.725947751396639
172,5.725947751396639
173,5.725947751396639
174,5.725947751396639
175,5.725947751396639
176,5.725947751396639
177,5.725947751396639
178,5.725947751396639
179,5.725947751396639
180,5.725947751396639
181,5.725947751396639
182,5.725947751396639
183,5.725947751396639
184,5.725947751396639
185,5.725947751396639
186,5.725947751396639
187,5.725947751396639
188,5.725947751396639
189,5.725947751396639
190,5.725947751396639
191,5.725947751396639
192,5.725947751396639
193,5.725947751396639
194,5.725947751396639
195,5.725947751396639
196,5.725947751396639
197,5.725947751396639
198,5.725947751396639
199,5.725947751396639
200,5.725947751396639
201,5.725947751396639
202,5.725947751396639
203,5.725947751396639
204,5.725947751396639
205,5.725947751396639
206,5.725947751396639
207,5.725947751396639
208,5.725947751396639
209,5.725947751396639
210,5.725947751396639
211,5.725947751396639
212,5.725947751396639
213,5.725947751396639
214,5.725947751396639
215,5.725947751396639
216,5.725947751396639
217,5.725947751396639
218,5.725947751396639
219,5.725947751396639
220,5.725947751396639
221,5.725947751396639
222,5.725947751396639
223,5.725947751396639
224,5.725947751396639
225,5.725947751396639
226,5.725947751396639
227,5.725947751396639
228,5.725947751396639
229,5.725947751396639
230,5.725947751396639
231,5.725947751396639
232,5.725947751396639
233,5.725947751396639
234,5.725947751396639
235,5.725947751396639
236,5.725947751396639
237,5.725947751396639
238,5.725947751396639
239,5.725947751396639
240,5.725947751396639
241,5.725947751396639
242,5.725947751396639
243,5.725947751396639
244,5.725947751396639
245,5.725947751396639
246,5.725947751396639
247,5.725947751396639
248,5.725947751396639
249,5.725947751396639
250,5.725947751396639
251,5.725947751396639
252,5.725947751396639
253,5.725947751396639
254,5.725947751396639
255,5.725947751396639
256,5.725947751396639
257,5.725947751396639
258,5.725947751396639
259,5.725947751396639
260,5.725947751396639
261,5.725947751396639
262,5.725947751396639
263,5.725947751396639
264,5.725947751396639
265,5.725947751396639
266,5.725947751396639
267,5.725947751396639
268,5.725947751396639
269,5.725947751396639
270,5.725947751396639
271,5.725947751396639
272,5.725947751396639
273,5.725947751396639
274,5.725947751396639
275,5.725947751396639
276,5.725947751396639
277,5.725947751396639
278,5.725947751396639
279,5.725947751396639
280,5.725947751396639
281,5.725947751396639
282,5.725947751396639
283,5.725947751396639
284,5.725947751396639
285,5.725947751396639
286,5.725947751396639
287,5.725947751396639
288,5.725947751396639
289,5.725947751396639
290,5.725947751396639
291,5.725947751396639
292,5.725947751396639
293,5.725947751396639
294,5.725947751396639
295,5.725947751396639
296,5.725947751396639
297,5.725947751396639
298,5.725947751396639
299,5.725947751396639
300,5.725947751396639
301,5.725947751396639
302,5.725947751396639
303,5.725947751396639
304,5.725947751396639
305,5.725947751396639
306,5.725947751396639
307,5.725947751396639
308,5.725947751396639
309,5.725947751396639
310,5.725947751396639
311,5.725947751396639
312,5.725947751396639
313,5.725947751396639
314,5.725947751396639
315,5.725947751396639
316,5.725947751396639
317,5.725947751396639
318,5.725947751396639
319,5.725947751396639
320,5.725947751396639
321,5.725947751396639
322,5.725947751396639
323,5.725947751396639
324,5.725947751396639
325,5.725947751396639
326,5.725947751396639
327,5.725947751396639
328,5.725947751396639
329,5.725947751396639
330,5.725947751396639
331,5.725947751396639
332,5.725947751396639
333,5.725947751396639
334,5.725947751396639
335,5.725947751396639
336,5.725947751396639
337,5.725947751396639
338,5.725947751396639
339,5.725947751396639
340,5.725947751396639
341,5.725947751396639
342,5.725947751396639
343,5.725947751396639
344,5.725947751396639
345,5.725947751396639
346,5.725947751396639
347,5.725947751396639
348,5.725947751396639
349,5.725947751396639
350,5.725947751396639
351,5.725947751396639
352,5.725947751396639
353,5.725947751396639
354,5.725947751396639
355,5.725947751396639
356,5.725947751396639
357,5.725947751396639
358,5.725947751396639
359,5.725947751396639
360,5.725947751396639
361,5.725947751396639
362,5.725947751396639
363,5.725947751396639
364,5.725947751396639
365,5.725947751396639
366,5.725947751396639
367,5.725947751396639
368,5.725947751396639
369,5.725947751396639
370,5.725947751396639
371,5.725947751396639
372,5.725947751396639
373,5.725947751396639
374,5.725947751396639
375,5.725947751396639
376,5.725947751396639
377,5.725947751396639
378,5.725947751396639
379,5.725947751396639
380,5.725947751396639
381,5.725947751396639
382,5.725947751396639
383,5.725947751396639
384,5.725947751396639
385,5.725947751396639
386,5.725947751396639
387,5.725947751396639
388,5.725947751396639
389,5.725947751396639
390,5.725947751396639
391,5.725947751396639
392,5.725947751396639
393,5.725947751396639
394,5.725947751396639
395,5.725947751396639
396,5.725947751396639
397,5.725947751396639
398,5.725947751396639
399,5.725947751396639
400,5.725947751396639
401,5.725947751396639
402,5.725947751396639
403,5.725947751396639
404,5.725947751396639
405,5.725947751396639
406,5.725947751396639
407,5.725947751396639
408,5.725947751396639
409,5.725947751396639
410,5.725947751396639
411,5.725947751396639
412,5.725947751396639
413,5.725947751396639
414,5.725947751396639
415,5.725947751396639
416,5.725947751396639
417,5.725947751396639
418,5.725947751396639
419,5.725947751396639
420,5.725947751396639
421,5.725947751396639
422,5.725947751396639
423,5.725947751396639
424,5.725947751396639
425,5.725947751396639
426,5.725947751396639
427,5.725947751396639
428,5.725947751396639
429,5.725947751396639
430,5.725947751396639
431,5.725947751396639
432,5.725947751396639
433,5.725947751396639
434,5.725947751396639
435,5.725947751396639
436,5.725947751396639
437,5.725947751396639
438,5.725947751396639
439,5.725947751396639
440,5.725947751396639
441,5.725947751396639
442,5.725947751396639
443,5.725947751396639
444,5.725947751396639
445,5.725947751396639
446,5.725947751396639
447,5.725947751396639
448,5.725947751396639
449,5.725947751396639
450,5.725947751396639
451,5.725947751396639
452,5.725947751396639
453,5.725947751396639
454,5.725947751396639
455,5.725947751396639
456,5.725947751396639
457,5.725947751396639
458,5.725947751396639
459,5.725947751396639
460,5.725947751396639
461,5.725947751396639
462,5.725947751396639
463,5.725947751396639
464,5.725947751396639
465,5.725947751396639
466,5.725947751396639
467,5.725947751396639
468,5.725947751396639
469,5.725947751396639
470,5.725947751396639
471,5.725947751396639
472,5.725947751396639
473,5.725947751396639
474,5.725947751396639
475,5.725947751396639
476,5.725947751396639
477,5.725947751396639
478,5.725947751396639
479,5.725947751396639
480,5.725947751396639
481,5.725947751396639
482,5.725947751396639
483,5.725947751396639
484,5.725947751396639
485,5.725947751396639
486,5.725947751396639
487,5.725947751396639
488,5.725947751396639
489,5.725947751396639
490,5.725947751396639
491,5.725947751396639
492,5.725947751396639
493,5.725947751396639
494,5.725947751396639
495,5.725947751396639
496,5.725947751396639
497,5.725947751396639
498,5.725947751396639
499,5.725947751396639
500,5.725947751396639
501,5.725947751396639
502,5.725947751396639
503,5.725947751396639
504,5.725947751396639
505,5.725947751396639
506,5.725947751396639
507,5.725947751396639
508,5.725947751396639
509,5.725947751396639
510,5.725947751396639
511,5.725947751396639
512,5.725947751396639
513,5.725947751396639
514,5.725947751396639
515,5.725947751396639
516,5.725947751396639
517,5.725947751396639
518,5.725947751396639
519,5.725947751396639
520,5.725947751396639
521,5.725947751396639
522,5.725947751396639
523,5.725947751396639
524,5.725947751396639
525,5.725947751396639
526,5.725947751396639
527,5.725947751396639
528,5.725947751396639
529,5.725947751396639
530,5.725947751396639
531,5.725947751396639
532,5.725947751396639
533,5.725947751396639
534,5.725947751396639
535,5.725947751396639
536,5.725947751396639
537,5.725947751396639
538,5.725947751396639
539,5.725947751396639
540,5.725947751396639
541,5.725947751396639
542,5.725947751396639
543,5.725947751396639
544,5.725947751396639
545,5.725947751396639
546,5.725947751396639
547,5.725947751396639
548,5.725947751396639
549,5.725947751396639
550,5.725947751396639
551,5.725947751396639
552,5.725947751396639
553,5.725947751396639
554,5.725947751396639
555,5.725947751396639
556,5.725947751396639
557,5.725947751396639
558,5.725947751396639
559,5.725947751396639
560,5.725947751396639
561,5.725947751396639
562,5.725947751396639
563,5.725947751396639
564,5.725947751396639
565,5.725947751396639
566,5.725947751396639
567,5.725947751396639
568,5.725947751396639
569,5.725947751396639
570,5.725947751396639
571,5.725947751396639
572,5.725947751396639
573,5.725947751396639
574,5.725947751396639
575,5.725947751396639
576,5.725947751396639
577,5.725947751396639
578,5.725947751396639
579,5.725947751396639
580,5.725947751396639
581,5.725947751396639
582,5.725947751396639
583,5.725947751396639
584,5.725947751396639
585,5.725947751396639
586,5.725947751396639
587,5.725947751396639
588,5.725947751396639
589,5.725947751396639
590,5.725947751396639
591,5.725947751396639
592,5.725947751396639
593,5.725947751396639
594,5.725947751396639
595,5.725947751396639
596,5.725947751396639
597,5.725947751396639
598,5.725947751396639
599,5.725947751396639
600,5.725947751396639
601,5.725947751396639
602,5.725947751396639
603,5.725947751396639
604,5.725947751396639
605,5.725947751396639
606,5.725947751396639
607,5.725947751396639
608,5.725947751396639
609,5.725947751396639
610,5.725947751396639
611,5.725947751396639
612,5.725947751396639
613,5.725947751396639
614,5.725947751396639
615,5.725947751396639
616,5.725947751396639
617,5.725947751396639
618,5.725947751396639
619,5.725947751396639
620,5.725947751396639
621,5.725947751396639
622,5.725947751396639
623,5.725947751396639
624,5.725947751396639
625,5.725947751396639
626,5.725947751396639
627,5.725947751396639
628,5.725947751396639
629,5.725947751396639
630,5.725947751396639
631,5.725947751396639
632,5.725947751396639
633,5.725947751396639
634,5.725947751396639
635,5.725947751396639
636,5.725947751396639
637,5.725947751396639
638,5.725947751396639
639,5.725947751396639
640,5.725947751396639
641,5.725947751396639
642,5.725947751396639
643,5.725947751396639
644,5.725947751396639
645,5.725947751396639
646,5.725947751396639
647,5.725947751396639
648,5.725947751396639
649,5.725947751396639
650,5.725947751396639
651,5.725947751396639
652,5.725947751396639
653,5.725947751396639
654,5.725947751396639
655,5.725947751396639
656,5.725947751396639
657,5.725947751396639
658,5.725947751396639
659,5.725947751396639
660,5.725947751396639
661,5.725947751396639
662,5.725947751396639
663,5.725947751396639
664,5.725947751396639
665,5.725947751396639
666,5.725947751396639
667,5.725947751396639
668,5.725947751396639
669,5.725947751396639
670,5.725947751396639
671,5.725947751396639
672,5.725947751396639
673,5.725947751396639
674,5.725947751396639
675,5.725947751396639
676,5.725947751396639
677,5.725947751396639
678,5.725947751396639
679,5.725947751396639
680,5.725947751396639
681,5.725947751396639
682,5.725947751396639
683,5.725947751396639
684,5.725947751396639
685,5.725947751396639
686,5.725947751396639
687,5.725947751396639
688,5.725947751396639
689,5.725947751396639
690,5.725947751396639
691,5.725947751396639
692,5.725947751396639
693,5.725947751396639
694,5.725947751396639
695,5.725947751396639
696,5.725947751396639
697,5.725947751396639
698,5.725947751396639
699,5.725947751396639
700,5.725947751396639
701,5.725947751396639
702,5.725947751396639
703,5.725947751396639
704,5.725947751396639
705,5.725947751396639
706,5.725947751396639
707,5.725947751396639
708,5.725947751396639
709,5.725947751396639
710,5.725947751396639
711,5.725947751396639
712,5.725947751396639
713,5.725947751396639
714,5.725947751396639
715,5.725947751396639
716,5.725947751396639
717,5.725947751396639
718,5.725947751396639
719,5.725947751396639
720,5.725947751396639
721,5.725947751396639
722,5.725947751396639
723,5.725947751396639
724,5.725947751396639
725,5.725947751396639
726,5.725947751396639
727,5.725947751396639
728,5.725947751396639
729,5.725947751396639
730,5.725947751396639
731,5.725947751396639
732,5.725947751396639
733,5.725947751396639
734,5.725947751396639
735,5.725947751396639
736,5.725947751396639
737,5.725947751396639
738,5.725947751396639
739,5.725947751396639
740,5.725947751396639
741,5.725947751396639
742,5.725947751396639
743,5.725947751396639
744,5.725947751396639
745,5.725947751396639
746,5.725947751396639
747,5.725947751396639
748,5.725947751396639
749,5.725947751396639
750,5.725947751396639
751,5.725947751396639
752,5.725947751396639
753,5.725947751396639
754,5.725947751396639
755,5.725947751396639
756,5.725947751396639
757,5.725947751396639
758,5.725947751396639
759,5.725947751396639
760,5.725947751396639
761,5.725947751396639
762,5.725947751396639
763,5.725947751396639
764,5.725947751396639
765,5.725947751396639
766,5.725947751396639
767,5.725947751396639
768,5.725947751396639
769,5.725947751396639
770,5.725947751396639
771,5.725947751396639
772,5.725947751396639
773,5.725947751396639
774,5.725947751396639
775,5.725947751396639
776,5.725947751396639
777,5.725947751396639
778,5.725947751396639
779,5.725947751396639
780,5.725947751396639
781,5.725947751396639
782,5.725947751396639
783,5.725947751396639
784,5.725947751396639
785,5.725947751396639
786,5.725947751396639
787,5.725947751396639
788,5.725947751396639
789,5.725947751396639
790,5.725947751396639
791,5.725947751396639
792,5.725947751396639
793,5.725947751396639
794,5.725947751396639
795,5.725947751396639
796,5.725947751396639
797,5.725947751396639
798,5.725947751396639
799,5.725947751396639
800,5.725947751396639
801,5.725947751396639
802,5.725947751396639
803,5.725947751396639
804,5.725947751396639
805,5.725947751396639
806,5.725947751396639
807,5.725947751396639
808,5.725947751396639
809,5.725947751396639
810,5.725947751396639
811,5.725947751396639
812,5.725947751396639
813,5.725947751396639
814,5.725947751396639
815,5.725947751396639
816,5.725947751396639
817,5.725947751396639
818,5.725947751396639
819,5.725947751396639
820,5.725947751396639
821,5.725947751396639
822,5.725947751396639
823,5.725947751396639
824,5.725947751396639
825,5.725947751396639
826,5.725947751396639
827,5.725947751396639
828,5.725947751396639
829,5.725947751396639
830,5.725947751396639
831,5.725947751396639
832,5.725947751396639
833,5.725947751396639
834,5.725947751396639
835,5.725947751396639
836,5.725947751396639
837,5.725947751396639
838,5.725947751396639
839,5.725947751396639
840,5.725947751396639
841,5.725947751396639
842,5.725947751396639
843,5.725947751396639
844,5.725947751396639
845,5.725947751396639
846,5.725947751396639
847,5.725947751396639
848,5.725947751396639
849,5.725947751396639
850,5.725947751396639
851,5.725947751396639
852,5.725947751396639
853,5.725947751396639
854,5.725947751396639
855,5.725947751396639
856,5.725947751396639
857,5.725947751396639
858,5.725947751396639
859,5.725947751396639
860,5.725947751396639
861,5.725947751396639
862,5.725947751396639
863,5.725947751396639
864,5.725947751396639
865,5.725947751396639
866,5.725947751396639
867,5.725947751396639
868,5.725947751396639
869,5.725947751396639
870,5.725947751396639
871,5.725947751396639
872,5.725947751396639
873,5.725947751396639
874,5.725947751396639
875,5.725947751396639
876,5.725947751396639
877,5.725947751396639
878,5.725947751396639
879,5.725947751396639
880,5.725947751396639
881,5.725947751396639
882,5.725947751396639
883,5.725947751396639
884,5.725947751396639
885,5.725947751396639
886,5.725947751396639
887,5.725947751396639
888,5.725947751396639
889,5.725947751396639
890,5.725947751396639
891,5.725947751396639
892,5.725947751396639
893,5.725947751396639
894,5.725947751396639
895,5.725947751396639
896,5.725947751396639
897,5.725947751396639
898,5.725947751396639
899,5.725947751396639
900,5.725947751396639
901,5.725947751396639
902,5.725947751396639
903,5.725947751396639
904,5.725947751396639
905,5.725947751396639
906,5.725947751396639
907,5.725947751396639
908,5.725947751396639
909,5.725947751396639
910,5.725947751396639
911,5.725947751396639
912,5.725947751396639
913,5.725947751396639
914,5.725947751396639
915,5.725947751396639
916,5.725947751396639
917,5.725947751396639
918,5.725947751396639
919,5.725947751396639
920,5.725947751396639
921,5.725947751396639
922,5.725947751396639
923,5.725947751396639
924,5.725947751396639
925,5.725947751396639
926,5.725947751396639
927,5.725947751396639
928,5.725947751396639
929,5.725947751396639
930,5.725947751396639
931,5.725947751396639
932,5.725947751396639
933,5.725947751396639
934,5.725947751396639
935,5.725947751396639
936,5.725947751396639
937,5.725947751396639
938,5.725947751396639
939,5.725947751396639
940,5.725947751396639
941,5.725947751396639
942,5.725947751396639
943,5.725947751396639
944,5.725947751396639
945,5.725947751396639
946,5.725947751396639
947,5.725947751396639
948,5.725947751396639
949,5.725947751396639
950,5.725947751396639
951,-9.059786295039283
952,-9.059786295039283
953,-9.059786295039283
954,-9.059786295039283
955,-9.059786295039283
956,-9.059786295039283
957,-9.059786295039283
958,-9.059786295039283
959,-9.059786295039283
960,-9.059786295039283
961,-9.059786295039283
962,-9.059786295039283
963,-9.059786295039283
964,-9.059786295039283
965,-9.059786295039283
966,-9.059786295039283
967,-9.059786295039283
968,-9.059786295039283
969,-9.059786295039283
970,-9.059786295039283
971,-9.059786295039283
972,-9.059786295039283
973,-9.059786295039283
974,-9.059786295039283
975,-9.059786295039283
976,-9.059786295039283
977,-9.059786295039283
978,-9.059786295039283
979,-9.059786295039283
980,-9.059786295039283
981,-9.059786295039283
982,-9.059786295039283
983,-9.059786295039283
984,-9.059786295039283
985,-9.059786295039283
986,-9.059786295039283
987,-9.059786295039283
988,-9.059786295039283
989,-9.059786295039283
990,-9.059786295039283
991,-9.059786295039283
992,-9.059786295039283
993,-9.059786295039283
994,-9.059786295039283
995,-9.059786295039283
996,-9.059786295039283
997,-9.059786295039283
998,-9.059786295039283
999,-9.059786295039283
1000,-9.059786295039283
1001,-9.059786295039283
1002,-9.059786295039283
1003,-9.059786295039283
1004,-9.059786295039283
1005,-9.059786295039283
1006,-9.059786295039283
1007,-9.059786295039283
1008,-9.059786295039283
1009,-9.059786295039283
1010,-9.059786295039283
1011,-9.059786295039283
1012,-9.059786295039283
1013,-9.059786295039283
1014,-9.059786295039283
1015,-9.059786295039283
1016,-9.059786295039283
1017,-9.059786295039283
1018,-9.059786295039283
1019,-9.059786295039283
1020,-9.059786295039283
1021,-9.059786295039283
1022,-9.059786295039283
1023,-9.059786295039283
1024,-9.059786295039283
1025,-9.059786295039283
1026,-9.059786295039283
1027,-9.059786295039283
1028,-9.059786295039283
1029,-9.059786295039283
1030,-9.059786295039283
1031,-9.059786295039283
1032,-9.059786295039283
1033,-9.059786295039283
1034,-9.059786295039283
1035,-9.059786295039283
1036,-9.059786295039283
1037,-9.059786295039283
1038,-9.059786295039283
1039,-9.059786295039283
1040,-9.059786295039283
1041,-9.059786295039283
1042,-9.059786295039283
1043,-9.059786295039283
1044,-9.059786295039283
1045,-9.059786295039283
1046,-9.059786295039283
1047,-9.059786295039283
1048,-9.059786295039283
1049,-9.059786295039283
1050,-9.059786295039283
1051,-9.059786295039283
1052,-9.059786295039283
1053,-9.059786295039283
1054,-9.059786295039283
1055,-9.059786295039283
1056,-9.059786295039283
1057,-9.059786295039283
1058,-9.059786295039283
1059,-9.059786295039283
1060,-9.059786295039283
1061,-9.059786295039283
1062,-9.059786295039283
1063,-9.059786295039283
1064,-9.059786295039283
1065,-9.059786295039283
1066,-9.059786295039283
1067,-9.059786295039283
1068,-9.059786295039283
1069,-9.059786295039283
1070,-9.059786295039283
1071,-9.059786295039283
1072,-9.059786295039283
1073,-9.059786295039283
1074,-9.059786295039283
1075,-9.059786295039283
1076,-9.059786295039283
1077,-9.059786295039283
1078,-9.059786295039283
1079,-9.059786295039283
1080,-9.059786295039283
1081,-9.059786295039283
1082,-9.059786295039283
1083,-9.059786295039283
1084,-9.059786295039283
1085,-9.059786295039283
1086,-9.059786295039283
1087,-9.059786295039283
1088,-9.059786295039283
1089,-9.059786295039283
1090,-9.059786295039283
1091,-9.059786295039283
1092,-9.059786295039283
1093,-9.059786295039283
1094,-9.059786295039283
1095,-9.059786295039283
1096,-9.059786295039283
1097,-9.059786295039283
1098,-9.059786295039283
1099,-9.059786295039283
1100,-9.059786295039283
1101,-9.059786295039283
1102,-9.059786295039283
1103,-9.059786295039283
1104,-9.059786295039283
1105,-9.059786295039283
1106,-9.059786295039283
1107,-9.059786295039283
1108,-9.059786295039283
1109,-9.059786295039283
1110,-9.059786295039283
1111,-9.059786295039283
1112,-9.059786295039283
1113,-9.059786295039283
1114,-9.059786295039283
1115,-9.059786295039283
1116,-9.059786295039283
1117,-9.059786295039283
1118,-9.059786295039283
1119,-9.059786295039283
1120,-9.059786295039283
1121,-9.059786295039283
1122,-9.059786295039283
1123,-9.059786295039283
1124,-9.059786295039283
1125,-9.059786295039283
1126,-9.059786295039283
1127,-9.059786295039283
1128,-9.059786295039283
1129,-9.059786295039283
1130,-9.059786295039283
1131,-9.059786295039283
1132,-9.059786295039283
1133,-9.059786295039283
1134,-9.059786295039283
1135,-9.059786295039283
1136,-9.059786295039283
1137,-9.059786295039283
1138,-9.059786295039283
1139,-9.059786295039283
1140,-9.059786295039283
1141,-9.059786295039283
1142,-9.059786295039283
1143,-9.059786295039283
1144,-9.059786295039283
1145,-9.059786295039283
1146,-9.059786295039283
1147,-9.059786295039283
1148,-9.059786295039283
1149,-9.059786295039283
1150,-9.059786295039283
1151,-9.059786295039283
1152,-9.059786295039283
1153,-9.059786295039283
1154,-9.059786295039283
1155,-9.059786295039283
1156,-9.059786295039283
1157,-9.059786295039283
1158,-9.059786295039283
1159,-9.059786295039283
1160,-9.059786295039283
1161,-9.059786295039283
1162,-9.059786295039283
1163,-9.059786295039283
1164,-9.059786295039283
1165,-9.059786295039283
1166,-9.059786295039283
1167,-9.059786295039283
1168,-9.059786295039283
1169,-9.059786295039283
1170,-9.059786295039283
1171,-9.059786295039283
1172,-9.059786295039283
1173,-9.059786295039283
1174,-9.059786295039283
1175,-9.059786295039283
1176,-9.059786295039283
1177,-9.059786295039283
1178,-9.059786295039283
1179,-9.059786295039283
1180,-9.059786295039283
1181,-9.059786295039283
1182,-9.059786295039283
1183,-9.059786295039283
1184,-9.059786295039283
1185,-9.059786295039283
1186,-9.059786295039283
1187,-9.059786295039283
1188,-9.059786295039283
1189,-9.059786295039283
1190,-9.059786295039283
1191,-9.059786295039283
1192,-9.059786295039283
1193,-9.059786295039283
1194,-9.059786295039283
1195,-9.059786295039283
1196,-9.059786295039283
1197,-9.059786295039283
1198,-9.059786295039283
1199,-9.059786295039283
1200,-9.059786295039283
1201,-9.059786295039283
1202,-9.059786295039283
1203,-9.059786295039283
1204,-9.059786295039283
1205,-9.059786295039283
1206,-9.059786295039283
1207,-9.059786295039283
1208,-9.059786295039283
1209,-9.059786295039283
1210,-9.059786295039283
1211,-9.059786295039283
1212,-9.059786295039283
1213,-9.059786295039283
1214,-9.059786295039283
1215,-9.059786295039283
1216,-9.059786295039283
1217,-9.059786295039283
1218,-9.059786295039283
1219,-9.059786295039283
1220,-9.059786295039283
1221,-9.059786295039283
1222,-9.059786295039283
1223,-9.059786295039283
1224,-9.059786295039283
1225,-9.059786295039283
1226,-9.059786295039283
1227,-9.059786295039283
1228,-9.059786295039283
1229,-9.059786295039283
1230,-9.059786295039283
1231,-9.059786295039283
1232,-9.059786295039283
1233,-9.059786295039283
1234,-9.059786295039283
1235,-9.059786295039283
1236,-9.059786295039283
1237,-9.059786295039283
1238,-9.059786295039283
1239,-9.059786295039283
1240,-9.059786295039283
1241,-9.059786295039283
1242,-9.059786295039283
1243,-9.059786295039283
1244,-9.059786295039283
1245,-9.059786295039283
1246,-9.059786295039283
1247,-9.059786295039283
1248,-9.059786295039283
1249,-9.059786295039283
1250,-9.059786295039283
1251,-9.059786295039283
1252,-9.059786295039283
1253,-9.059786295039283
1254,-9.059786295039283
1255,-9.059786295039283
1256,-9.059786295039283
1257,-9.059786295039283
1258,-9.059786295039283
1259,-9.059786295039283
1260,-9.059786295039283
1261,-9.059786295039283
1262,-9.059786295039283
1263,-9.059786295039283
1264,-9.059786295039283
1265,-9.059786295039283
1266,-9.059786295039283
1267,-9.059786295039283
1268,-9.059786295039283
1269,-9.059786295039283
1270,-9.059786295039283
1271,-9.059786295039283
1272,-9.059786295039283
1273,-9.059786295039283
1274,-9.059786295039283
1275,-9.059786295039283
1276,-9.059786295039283
1277,-9.059786295039283
1278,-9.059786295039283
1279,-9.059786295039283
1280,-9.059786295039283
1281,-9.059786295039283
1282,-9.059786295039283
1283,-9.059786295039283
1284,-9.059786295039283
1285,-9.059786295039283
1286,-9.059786295039283
1287,-9.059786295039283
1288,-3.8132355043684716
1289,-3.8132355043684716
1290,-3.8132355043684716
1291,-3.8132355043684716
1292,-3.8132355043684716
1293,-3.8132355043684716
1294,-3.8132355043684716
1295,-3.8132355043684716
1296,-3.8132355043684716
1297,-3.8132355043684716
1298,-3.8132355043684716
1299,-3.8132355043684716
1300,-3.8132355043684716
1301,-3.8132355043684716
1302,-3.8132355043684716
1303,-3.8132355043684716
1304,-3.8132355043684716
1305,-3.8132355043684716
1306,-3.8132355043684716
1307,-3.8132355043684716
1308,-3.8132355043684716
1309,-3.8132355043684716
1310,-3.8132355043684716
1311,-3.8132355043684716
1312,-3.8132355043684716
1313,-3.8132355043684716
1314,-3.8132355043684716
1315,-3.8132355043684716
1316,-3.8132355043684716
1317,-3.8132355043684716
1318,-3.8132355043684716
1319,-3.8132355043684716
1320,-3.8132355043684716
1321,-3.8132355043684716
1322,-3.8132355043684716
1323,-3.8132355043684716
1324,-3.8132355043684716
1325,-3.8132355043684716
1326,-3.8132355043684716
1327,-3.8132355043684716
1328,-3.8132355043684716
1329,-3.8132355043684716
1330,-3.8132355043684716
1331,-3.8132355043684716
1332,-3.8132355043684716
1333,-3.8132355043684716
1334,-3.8132355043684716
1335,-3.8132355043684716
1336,-3.8132355043684716
1337,-3.8132355043684716
1338,-3.8132355043684716
1339,-3.8132355043684716
1340,-3.8132355043684716
1341,-3.8132355043684716
1342,-3.8132355043684716
1343,-3.8132355043684716
1344,-3.8132355043684716
1345,-3.8132355043684716
1346,-3.8132355043684716
1347,-3.8132355043684716
1348,-3.8132355043684716
1349,-3.8132355043684716
1350,-3.8132355043684716
1351,-3.8132355043684716
1352,-3.8132355043684716
1353,-3.8132355043684716
1354,-3.8132355043684716
1355,-3.8132355043684716
1356,-3.8132355043684716
1357,-3.8132355043684716
1358,-3.8132355043684716
1359,-3.8132355043684716
1360,-3.8132355043684716
1361,-3.8132355043684716
1362,-3.8132355043684716
1363,-3.8132355043684716
1364,-3.8132355043684716
1365,-3.8132355043684716
1366,-3.8132355043684716
1367,-3.8132355043684716
1368,-3.8132355043684716
1369,-3.8132355043684716
1370,-3.8132355043684716
1371,-3.8132355043684716
1372,-3.8132355043684716
1373,-3.8132355043684716
1374,-3.8132355043684716
1375,-3.8132355043684716
1376,-3.8132355043684716
1377,-3.8132355043684716
1378,-3.8132355043684716
1379,-3.8132355043684716
1380,-3.8132355043684716
1381,-3.8132355043684716
1382,-3.8132355043684716
1383,-3.8132355043684716
1384,-3.8132355043684716
1385,-3.8132355043684716
1386,-3.8132355043684716
1387,-3.8132355043684716
1388,-3.8132355043684716
1389,-3.8132355043684716
1390,-3.8132355043684716
1391,-3.8132355043684716
1392,-3.8132355043684716
1393,-3.8132355043684716
1394,-3.8132355043684716
1395,-3.8132355043684716
1396,-3.8132355043684716
1397,-3.8132355043684716
1398,-3.8132355043684716
1399,-3.8132355043684716
1400,-3.8132355043684716
1401,-3.8132355043684716
1402,-3.8132355043684716
1403,-3.8132355043684716
1404,-3.8132355043684716
1405,-3.8132355043684716
1406,-3.8132355043684716
1407,-3.8132355043684716
1408,-3.8132355043684716
1409,-3.8132355043684716
1410,-3.8132355043684716
1411,-3.8132355043684716
1412,-3.8132355043684716
1413,-3.8132355043684716
1414,-3.8132355043684716
1415,-3.8132355043684716
1416,-3.8132355043684716
1417,-3.8132355043684716
1418,-3.8132355043684716
1419,-3.8132355043684716
1420,-3.8132355043684716
1421,-3.8132355043684716
1422,-3.8132355043684716
1423,-3.8132355043684716
1424,-3.8132355043684716
1425,-3.8132355043684716
1426,-3.8132355043684716
1427,-3.8132355043684716
1428,-3.8132355043684716
1429,-3.8132355043684716
1430,-3.8132355043684716
1431,-3.8132355043684716
1432,-3.8132355043684716
1433,-3.8132355043684716
1434,-3.8132355043684716
1435,-3.8132355043684716
1436,-3.8132355043684716
1437,-3.8132355043684716
1438,-3.8132355043684716
1439,-3.8132355043684716
1440,-3.8132355043684716
1441,-3.8132355043684716
1442,-3.8132355043684716
1443,-3.8132355043684716
1444,-3.8132355043684716
1445,-3.8132355043684716
1446,-3.8132355043684716
1447,-3.8132355043684716
1448,-3.8132355043684716
1449,-3.8132355043684716
1450,-3.8132355043684716
1451,-3.8132355043684716
1452,-3.8132355043684716
1453,-3.8132355043684716
1454,-3.8132355043684716
1455,-3.8132355043684716
1456,-3.8132355043684716
1457,-3.8132355043684716
1458,-3.8132355043684716
1459,-3.8132355043684716
1460,-3.8132355043684716
1461,-3.8132355043684716
1462,-3.8132355043684716
1463,-3.8132355043684716
1464,-3.8132355043684716
1465,-3.8132355043684716
1466,-3.8132355043684716
1467,-3.8132355043684716
1468,-3.8132355043684716
1469,-3.8132355043684716
1470,-3.8132355043684716
1471,-3.8132355043684716
1472,-3.8132355043684716
1473,-3.8132355043684716
1474,-3.8132355043684716
1475,-3.8132355043684716
1476,-3.8132355043684716
1477,-3.8132355043684716
1478,-3.8132355043684716
1479,-3.8132355043684716
1480,-3.8132355043684716
1481,-3.8132355043684716
1482,-3.8132355043684716
1483,-3.8132355043684716
1484,-3.8132355043684716
1485,-3.8132355043684716
1486,-3.8132355043684716
1487,-3.8132355043684716
1488,-3.8132355043684716
1489,-3.8132355043684716
1490,-3.8132355043684716
1491,-3.8132355043684716
1492,-3.8132355043684716
1493,-3.8132355043684716
1494,-3.8132355043684716
1495,-3.8132355043684716
1496,-3.8132355043684716
1497,-3.8132355043684716
1498,-3.8132355043684716
1499,-3.8132355043684716
1500,-3.8132355043684716
1501,-3.8132355043684716
1502,-3.8132355043684716
1503,-3.8132355043684716
1504,-3.8132355043684716
1505,-3.8132355043684716
1506,-3.8132355043684716
1507,-3.8132355043684716
1508,-3.8132355043684716
1509,-3.8132355043684716
1510,-3.8132355043684716
1511,-3.8132355043684716
1512,-3.8132355043684716
1513,-3.8132355043684716
1514,-3.8132355043684716
1515,-3.8132355043684716
1516,-3.8132355043684716
1517,-3.8132355043684716
1518,-3.8132355043684716
1519,-3.8132355043684716
1520,-3.8132355043684716
1521,-3.8132355043684716
1522,-3.8132355043684716
1523,-3.8132355043684716
1524,-3.8132355043684716
1525,-3.8132355043684716
1526,-3.8132355043684716
1527,-3.8132355043684716
1528,-3.8132355043684716
1529,-3.8132355043684716
1530,-3.8132355043684716
1531,-3.8132355043684716
1532,-3.8132355043684716
1533,-3.8132355043684716
1534,-3.8132355043684716
1535,-3.8132355043684716
1536,-3.8132355043684716
1537,-3.8132355043684716
1538,-3.8132355043684716
1539,-3.8132355043684716
1540,-3.8132355043684716
1541,-3.8132355043684716
1542,-3.8132355043684716
1543,-3.8132355043684716
1544,-3.8132355043684716
1545,-3.8132355043684716
1546,-3.8132355043684716
1547,-3.8132355043684716
1548,-3.8132355043684716
1549,-3.8132355043684716
1550,-3.8132355043684716
1551,-3.8132355043684716
1552,-3.8132355043684716
1553,-3.8132355043684716
1554,-3.8132355043684716
1555,-3.8132355043684716
1556,-3.8132355043684716
1557,-3.8132355043684716
1558,-3.8132355043684716
1559,-3.8132355043684716
1560,-3.8132355043684716
1561,-3.8132355043684716
1562,-3.8132355043684716
1563,-3.8132355043684716
1564,-3.8132355043684716
1565,-3.8132355043684716
1566,-3.8132355043684716
1567,-3.8132355043684716
1568,-3.8132355043684716
1569,-3.8132355043684716
1570,-3.8132355043684716
1571,-3.8132355043684716
1572,-3.8132355043684716
1573,-3.8132355043684716
1574,-3.8132355043684716
1575,-3.8132355043684716
1576,-3.8132355043684716
1577,-3.8132355043684716
1578,-3.8132355043684716
1579,-3.8132355043684716
1580,-3.8132355043684716
1581,-3.8132355043684716
1582,-3.8132355043684716
1583,-3.8132355043684716
1584,-3.8132355043684716
1585,-3.8132355043684716
1586,-3.8132355043684716
1587,-3.8132355043684716
1588,-3.8132355043684716
1589,-3.8132355043684716
1590,-3.8132355043684716
1591,-3.8132355043684716
1592,-3.8132355043684716
1593,-3.8132355043684716
1594,-3.8132355043684716
1595,-3.8132355043684716
1596,-3.8132355043684716
1597,-3.8132355043684716
1598,-3.8132355043684716
1599,-3.8132355043684716
1600,-3.8132355043684716
1601,-3.8132355043684716
1602,-3.8132355043684716
1603,-3.8132355043684716
1604,-3.8132355043684716
1605,-3.8132355043684716
1606,-3.8132355043684716
1607,-3.8132355043684716
1608,-3.8132355043684716
1609,-3.8132355043684716
1610,-3.8132355043684716
1611,-3.8132355043684716
1612,-3.8132355043684716
1613,-3.8132355043684716
1614,-3.8132355043684716
1615,-3.8132355043684716
1616,-3.8132355043684716
1617,-3.8132355043684716
1618,-3.8132355043684716
1619,-3.8132355043684716
1620,-3.8132355043684716
1621,-3.8132355043684716
1622,-3.8132355043684716
1623,-3.8132355043684716
1624,-3.8132355043684716
1625,-3.8132355043684716
1626,-3.8132355043684716
1627,-3.8132355043684716
1628,-3.8132355043684716
1629,-3.8132355043684716
1630,-3.8132355043684716
1631,-3.8132355043684716
1632,-3.8132355043684716
1633,-3.8132355043684716
1634,-3.8132355043684716
1635,-3.8132355043684716
1636,-3.8132355043684716
1637,-3.8132355043684716
1638,-3.8132355043684716
1639,-3.8132355043684716
1640,-3.8132355043684716
1641,-3.8132355043684716
1642,-3.8132355043684716
1643,-3.8132355043684716
1644,-3.8132355043684716
1645,-3.8132355043684716
1646,-3.8132355043684716
1647,-3.8132355043684716
1648,-3.8132355043684716
1649,-3.8132355043684716
1650,-3.8132355043684716
1651,-3.8132355043684716
1652,-3.8132355043684716
1653,-3.8132355043684716
1654,-3.8132355043684716
1655,-3.8132355043684716
1656,-3.8132355043684716
1657,-3.8132355043684716
1658,-3.8132355043684716
1659,-3.8132355043684716
1660,-3.8132355043684716
1661,-3.8132355043684716
1662,-3.8132355043684716
1663,-3.8132355043684716
1664,-3.8132355043684716
1665,-3.8132355043684716
1666,-3.8132355043684716
1667,-3.8132355043684716
1668,-3.8132355043684716
1669,-3.8132355043684716
1670,-3.8132355043684716
1671,-3.8132355043684716
1672,-3.8132355043684716
1673,-3.8132355043684716
1674,-3.8132355043684716
1675,-3.8132355043684716
1676,-3.8132355043684716
1677,-3.8132355043684716
1678,-3.8132355043684716
1679,-3.8132355043684716
1680,-3.8132355043684716
1681,-3.8132355043684716
1682,-3.8132355043684716
1683,-3.8132355043684716
1684,-3.8132355043684716
1685,-3.8132355043684716
1686,-3.8132355043684716
1687,-3.8132355043684716
1688,-3.8132355043684716
1689,-3.8132355043684716
1690,-3.8132355043684716
1691,-3.8132355043684716
1692,-3.8132355043684716
1693,-3.8132355043684716
1694,-3.8132355043684716
1695,-3.8132355043684716
1696,-3.8132355043684716
1697,-3.8132355043684716
1698,-3.8132355043684716
1699,-3.8132355043684716
1700,-3.8132355043684716
1701,-3.8132355043684716
1702,-3.8132355043684716
1703,-3.8132355043684716
1704,-3.8132355043684716
1705,-3.8132355043684716
1706,-3.8132355043684716
1707,-3.8132355043684716
1708,-3.8132355043684716
1709,-3.8132355043684716
1710,-3.8132355043684716
1711,-3.8132355043684716
1712,-3.8132355043684716
1713,-3.8132355043684716
1714,-3.8132355043684716
1715,-3.8132355043684716
1716,-3.8132355043684716
1717,-3.8132355043684716
1718,-3.8132355043684716
1719,-3.8132355043684716
1720,-3.8132355043684716
1721,-3.8132355043684716
1722,-3.8132355043684716
1723,-3.8132355043684716
1724,-3.8132355043684716
1725,-3.8132355043684716
1726,-3.8132355043684716
1727,-3.8132355043684716
1728,-3.8132355043684716
1729,-3.8132355043684716
1730,-3.8132355043684716
1731,-3.8132355043684716
1732,-3.8132355043684716
1733,-3.8132355043684716
1734,-3.8132355043684716
1735,-3.8132355043684716
1736,-3.8132355043684716
1737,-3.8132355043684716
1738,-3.8132355043684716
1739,-3.8132355043684716
1740,-3.8132355043684716
1741,-3.8132355043684716
1742,-3.8132355043684716
1743,-3.8132355043684716
1744,-3.8132355043684716
1745,-3.8132355043684716
1746,-3.8132355043684716
1747,-3.8132355043684716
1748,-3.8132355043684716
1749,-3.8132355043684716
1750,-3.8132355043684716
1751,-3.8132355043684716
1752,-3.8132355043684716
1753,-3.8132355043684716
1754,-3.8132355043684716
1755,-3.8132355043684716
1756,-3.8132355043684716
1757,-3.8132355043684716
1758,-3.8132355043684716
1759,-3.8132355043684716
1760,-3.8132355043684716
1761,-3.8132355043684716
1762,-3.8132355043684716
1763,-3.8132355043684716
1764,-3.8132355043684716
1765,-3.8132355043684716
1766,-3.8132355043684716
1767,-3.8132355043684716
1768,-3.8132355043684716
1769,-3.8132355043684716
1770,-3.8132355043684716
1771,-3.8132355043684716
1772,-3.8132355043684716
1773,-3.8132355043684716
1774,-3.8132355043684716
1775,-3.8132355043684716
1776,-3.8132355043684716
1777,-3.8132355043684716
1778,-3.8132355043684716
1779,-3.8132355043684716
1780,-3.8132355043684716
1781,-3.8132355043684716
1782,-3.8132355043684716
1783,-3.8132355043684716
1784,-3.8132355043684716
1785,-3.8132355043684716
1786,-3.8132355043684716
1787,-3.8132355043684716
1788,-3.8132355043684716
1789,-3.8132355043684716
1790,-3.8132355043684716
1791,-3.8132355043684716
1792,-3.8132355043684716
1793,-3.8132355043684716
1794,-3.8132355043684716
1795,-3.8132355043684716
1796,-3.8132355043684716
1797,-3.8132355043684716
1798,-3.8132355043684716
1799,-3.8132355043684716
1800,-3.8132355043684716
1801,-3.8132355043684716
1802,-3.8132355043684716
1803,-3.8132355043684716
1804,-3.8132355043684716
1805,-3.8132355043684716
1806,-3.8132355043684716
1807,-3.8132355043684716
1808,-3.8132355043684716
1809,-3.8132355043684716
1810,-3.8132355043684716
1811,-3.8132355043684716
1812,-3.8132355043684716
1813,-3.8132355043684716
1814,-3.8132355043684716
1815,-3.8132355043684716
1816,-3.8132355043684716
1817,-3.8132355043684716
1818,-3.8132355043684716
1819,-3.8132355043684716
1820,-3.8132355043684716
1821,-3.8132355043684716
1822,-3.8132355043684716
1823,-3.8132355043684716
1824,-3.8132355043684716
1825,-3.8132355043684716
1826,-3.8132355043684716
1827,-3.8132355043684716
1828,-3.8132355043684716
1829,-3.8132355043684716
1830,-3.8132355043684716
1831,-3.8132355043684716
1832,-3.8132355043684716
1833,-3.8132355043684716
1834,-3.8132355043684716
1835,-3.8132355043684716
1836,-3.8132355043684716
1837,-3.8132355043684716
1838,-3.8132355043684716
1839,-3.8132355043684716
1840,-3.8132355043684716
1841,-3.8132355043684716
1842,-3.8132355043684716
1843,-3.8132355043684716
1844,-3.8132355043684716
1845,-3.8132355043684716
1846,-3.8132355043684716
1847,-3.8132355043684716
1848,-3.8132355043684716
1849,-3.8132355043684716
1850,-3.8132355043684716
1851,-3.8132355043684716
1852,-3.8132355043684716
1853,-3.8132355043684716
1854,-3.8132355043684716
1855,-3.8132355043684716
1856,-3.8132355043684716
1857,-3.8132355043684716
1858,-3.8132355043684716
1859,-3.8132355043684716
1860,-3.8132355043684716
1861,-3.8132355043684716
1862,-3.8132355043684716
1863,-3.8132355043684716
1864,-3.8132355043684716
1865,-3.8132355043684716
1866,-3.8132355043684716
1867,-3.8132355043684716
1868,-3.8132355043684716
1869,-3.8132355043684716
1870,-3.8132355043684716
1871,-3.8132355043684716
1872,-3.8132355043684716
1873,-3.8132355043684716
1874,-3.8132355043684716
1875,-3.8132355043684716
1876,-3.8132355043684716
1877,-3.8132355043684716
1878,-3.8132355043684716
1879,-3.8132355043684716
1880,-3.8132355043684716
1881,-3.8132355043684716
1882,-3.8132355043684716
1883,-3.8132355043684716
1884,-3.8132355043684716
1885,-3.8132355043684716
1886,-3.8132355043684716
1887,-3.8132355043684716
1888,-3.8132355043684716
1889,-3.8132355043684716
1890,-3.8132355043684716
1891,-3.8132355043684716
1892,-3.8132355043684716
1893,-3.8132355043684716
1894,-3.8132355043684716
1895,-3.8132355043684716
1896,-3.8132355043684716
1897,-3.8132355043684716
1898,-3.8132355043684716
1899,-3.8132355043684716
1900,-3.8132355043684716
1901,-3.8132355043684716
1902,-3.8132355043684716
1903,-3.8132355043684716
1904,-3.8132355043684716
1905,-3.8132355043684716
1906,-3.8132355043684716
1907,-3.8132355043684716
1908,-3.8132355043684716
1909,-3.8132355043684716
1910,-3.8132355043684716
1911,-3.8132355043684716
1912,-3.8132355043684716
1913,-3.8132355043684716
1914,-3.8132355043684716
1915,-3.8132355043684716
1916,-3.8132355043684716
1917,-3.8132355043684716
1918,-3.8132355043684716
1919,-3.8132355043684716
1920,-3.8132355043684716
1921,-3.8132355043684716
1922,-3.8132355043684716
1923,-3.8132355043684716
1924,-3.8132355043684716
1925,-3.8132355043684716
1926,-3.8132355043684716
1927,-3.8132355043684716
1928,-3.8132355043684716
1929,-3.8132355043684716
1930,-3.8132355043684716
1931,-3.8132355043684716
1932,-3.8132355043684716
1933,-3.8132355043684716
1934,-3.8132355043684716
1935,-3.8132355043684716
1936,-3.8132355043684716
1937,-3.8132355043684716
1938,-3.8132355043684716
1939,-3.8132355043684716
1940,-3.8132355043684716
1941,-3.8132355043684716
1942,-3.8132355043684716
1943,-3.8132355043684716
1944,-3.8132355043684716
1945,-3.8132355043684716
1946,-3.8132355043684716
1947,-3.8132355043684716
1948,-3.8132355043684716
1949,-3.8132355043684716
1950,-3.8132355043684716
1951,-3.8132355043684716
1952,-3.8132355043684716
1953,-3.8132355043684716
1954,-3.8132355043684716
1955,-3.8132355043684716
1956,-3.8132355043684716
1957,-3.8132355043684716
1958,-3.8132355043684716
1959,-3.8132355043684716
1960,-3.8132355043684716
1961,-3.8132355043684716
1962,-3.8132355043684716
1963,-3.8132355043684716
1964,-3.8132355043684716
1965,-3.8132355043684716
1966,-3.8132355043684716
1967,-3.8132355043684716
1968,-3.8132355043684716
1969,-3.8132355043684716
1970,-3.8132355043684716
1971,-3.8132355043684716
1972,-3.8132355043684716
1973,-3.8132355043684716
1974,-3.8132355043684716
1975,-3.8132355043684716
1976,-3.8132355043684716
1977,-3.8132355043684716
1978,-3.8132355043684716
1979,-3.8132355043684716
1980,-3.8132355043684716
1981,-3.8132355043684716
1982,-3.8132355043684716
1983,-3.8132355043684716
1984,-3.8132355043684716
1985,-3.8132355043684716
1986,-3.8132355043684716
1987,-3.8132355043684716
1988,-3.8132355043684716
1989,-3.8132355043684716
1990,-3.8132355043684716
1991,-3.8132355043684716
1992,-3.8132355043684716
1993,-3.8132355043684716
1994,-3.8132355043684716
1995,-3.8132355043684716
1996,-3.8132355043684716
1997,-3.8132355043684716
1998,-3.8132355043684716
1999,-3.8132355043684716
2000,-3.8132355043684716
2001,-3.8132355043684716
2002,-3.8132355043684716
2003,-3.8132355043684716
2004,-3.8132355043684716
2005,-3.8132355043684716
2006,-3.8132355043684716
2007,-3.8132355043684716
2008,-3.8132355043684716
2009,-3.8132355043684716
2010,-3.8132355043684716
2011,-3.8132355043684716
2012,-3.8132355043684716
2013,-3.8132355043684716
2014,-3.8132355043684716
2015,-3.8132355043684716
2016,-3.8132355043684716
2017,-3.8132355043684716
2018,-3.8132355043684716
2019,-3.8132355043684716
2020,-3.8132355043684716
2021,-3.8132355043684716
2022,-3.8132355043684716
2023,-3.8132355043684716
2024,-3.8132355043684716
2025,-3.8132355043684716
2026,-3.8132355043684716
2027,-3.8132355043684716
2028,-3.8132355043684716
2029,-3.8132355043684716
2030,-3.8132355043684716
2031,-3.8132355043684716
2032,-3.8132355043684716
2033,-3.8132355043684716
2034,-3.8132355043684716
2035,-3.8132355043684716
2036,-3.8132355043684716
2037,-3.8132355043684716
2038,-3.8132355043684716
2039,-3.8132355043684716
2040,-3.8132355043684716
2041,-3.8132355043684716
2042,-3.8132355043684716
2043,-3.8132355043684716
2044,-3.8132355043684716
2045,-3.8132355043684716
2046,-3.8132355043684716
2047,-3.8132355043684716
2048,-3.8132355043684716
2049,-3.8132355043684716
2050,-3.8132355043684716
2051,-3.8132355043684716
2052,-3.8132355043684716
2053,-3.8132355043684716
2054,-3.8132355043684716
2055,-3.8132355043684716
2056,-3.8132355043684716
2057,-3.8132355043684716
2058,-3.8132355043684716
2059,-3.8132355043684716
2060,-3.8132355043684716
2061,-3.8132355043684716
2062,-3.8132355043684716
2063,-3.8132355043684716
2064,-3.8132355043684716
2065,-3.8132355043684716
2066,-3.8132355043684716
2067,-3.8132355043684716
2068,-3.8132355043684716
2069,-3.8132355043684716
2070,-3.8132355043684716
2071,-3.8132355043684716
2072,-3.8132355043684716
2073,-3.8132355043684716
2074,-3.8132355043684716
2075,-3.8132355043684716
2076,-3.8132355043684716
2077,-3.8132355043684716
2078,-3.8132355043684716
2079,-4.926140217541068
2080,-4.926140217541068
2081,-4.926140217541068
2082,-4.926140217541068
2083,-4.926140217541068
2084,-4.926140217541068
2085,-4.926140217541068
2086,-4.926140217541068
2087,-4.926140217541068
2088,-4.926140217541068
2089,-4.926140217541068
2090,-4.926140217541068
2091,-4.926140217541068
2092,-4.926140217541068
2093,-4.926140217541068
2094,-4.926140217541068
2095,-4.926140217541068
2096,-4.926140217541068
2097,-4.926140217541068
2098,-4.926140217541068
2099,-4.926140217541068
2100,-4.926140217541068
2101,-4.926140217541068
2102,-4.926140217541068
2103,-4.926140217541068
2104,-4.926140217541068
2105,-4.926140217541068
2106,-4.926140217541068
2107,-4.926140217541068
2108,-4.926140217541068
2109,-4.926140217541068
2110,-4.926140217541068
2111,-4.926140217541068
2112,-4.926140217541068
2113,-4.926140217541068
2114,-4.926140217541068
2115,-4.926140217541068
2116,-4.926140217541068
2117,-4.926140217541068
2118,-4.926140217541068
2119,-4.926140217541068
2120,-4.926140217541068
2121,-4.926140217541068
2122,-4.926140217541068
2123,-4.926140217541068
2124,-4.926140217541068
2125,-4.926140217541068
2126,-4.926140217541068
2127,-4.926140217541068
2128,-4.926140217541068
2129,-4.926140217541068
2130,-4.926140217541068
2131,-4.926140217541068
2132,-4.926140217541068
2133,-4.926140217541068
2134,-4.926140217541068
2135,-4.926140217541068
2136,-4.926140217541068
2137,-4.926140217541068
2138,-4.926140217541068
2139,-4.926140217541068
2140,-4.926140217541068
2141,-4.926140217541068
2142,-4.926140217541068
2143,-4.926140217541068
2144,-4.926140217541068
2145,-4.926140217541068
2146,-4.926140217541068
2147,-4.926140217541068
2148,-4.926140217541068
2149,-4.926140217541068
2150,-4.926140217541068
2151,-4.926140217541068
2152,-4.926140217541068
2153,-4.926140217541068
2154,-4.926140217541068
2155,-4.926140217541068
2156,-4.926140217541068
2157,-4.926140217541068
2158,-4.926140217541068
2159,-4.926140217541068
2160,-4.926140217541068
2161,-4.926140217541068
2162,-4.926140217541068
2163,-4.926140217541068
2164,-4.926140217541068
2165,-4.926140217541068
2166,-4.926140217541068
2167,-4.926140217541068
2168,-4.926140217541068
2169,-4.926140217541068
2170,-4.926140217541068
2171,-4.926140217541068
2172,-4.926140217541068
2173,-4.926140217541068
2174,-4.926140217541068
2175,-4.926140217541068
2176,-4.926140217541068
2177,-4.926140217541068
2178,-4.926140217541068
2179,-4.926140217541068
2180,-4.926140217541068
2181,-4.926140217541068
2182,-4.926140217541068
2183,-4.926140217541068
2184,-4.926140217541068
2185,-4.926140217541068
2186,-4.926140217541068
2187,-4.926140217541068
2188,-4.926140217541068
2189,-4.926140217541068
2190,-4.926140217541068
2191,-4.926140217541068
2192,-4.926140217541068
2193,-4.926140217541068
2194,-4.926140217541068
2195,-4.926140217541068
2196,-4.926140217541068
2197,-4.926140217541068
2198,-4.926140217541068
2199,-4.926140217541068
2200,-4.926140217541068
2201,-4.926140217541068
2202,-4.926140217541068
2203,-4.926140217541068
2204,-4.926140217541068
2205,-4.926140217541068
2206,-4.926140217541068
2207,-4.926140217541068
2208,-4.926140217541068
2209,-4.926140217541068
2210,-4.926140217541068
2211,-4.926140217541068
2212,-4.926140217541068
2213,-4.926140217541068
2214,-4.926140217541068
2215,-4.926140217541068
2216,-4.926140217541068
2217,-4.926140217541068
2218,-4.926140217541068
2219,-4.926140217541068
2220,-4.926140217541068
2221,-4.926140217541068
2222,-4.926140217541068
2223,-4.926140217541068
2224,-4.926140217541068
2225,-4.926140217541068
2226,-4.926140217541068
2227,-4.926140217541068
2228,-4.926140217541068
2229,-4.926140217541068
2230,-4.926140217541068
2231,-4.926140217541068
2232,-4.926140217541068
2233,-4.926140217541068
2234,-4.926140217541068
2235,-4.926140217541068
2236,-4.926140217541068
2237,-4.926140217541068
2238,-4.926140217541068
2239,-4.926140217541068
2240,-4.926140217541068
2241,-4.926140217541068
2242,-4.926140217541068
2243,-4.926140217541068
2244,-4.926140217541068
2245,-4.926140217541068
2246,-4.926140217541068
2247,-4.926140217541068
2248,-4.926140217541068
2249,-4.926140217541068
2250,-4.926140217541068
2251,-4.926140217541068
2252,-4.926140217541068
2253,-4.926140217541068
2254,-4.926140217541068
2255,-4.926140217541068
2256,-4.926140217541068
2257,-4.926140217541068
2258,-4.926140217541068
2259,-4.926140217541068
2260,-4.926140217541068
2261,-4.926140217541068
2262,-4.926140217541068
2263,-4.926140217541068
2264,-4.926140217541068
2265,-4.926140217541068
2266,-4.926140217541068
2267,-4.926140217541068
2268,-4.926140217541068
2269,-4.926140217541068
2270,-4.926140217541068
2271,-4.926140217541068
2272,-4.926140217541068
2273,-4.926140217541068
2274,-4.926140217541068
2275,-4.926140217541068
2276,-4.926140217541068
2277,-4.926140217541068
2278,-4.926140217541068
2279,-4.926140217541068
2280,-4.926140217541068
2281,-4.926140217541068
2282,-4.926140217541068
2283,-4.926140217541068
2284,-4.926140217541068
2285,-4.926140217541068
2286,-4.926140217541068
2287,-4.926140217541068
2288,-4.926140217541068
2289,-4.926140217541068
2290,-4.926140217541068
2291,-4.926140217541068
2292,-4.926140217541068
2293,-4.926140217541068
2294,-4.926140217541068
2295,-4.926140217541068
2296,-4.926140217541068
2297,-4.926140217541068
2298,-4.926140217541068
2299,-4.926140217541068
2300,-4.926140217541068
2301,-4.926140217541068
2302,-4.926140217541068
2303,-4.926140217541068
2304,-4.926140217541068
2305,-4.926140217541068
2306,-4.926140217541068
2307,-4.926140217541068
2308,-4.926140217541068
2309,-4.926140217541068
2310,-4.926140217541068
2311,-4.926140217541068
2312,-4.926140217541068
2313,-4.926140217541068
2314,-4.926140217541068
2315,-4.926140217541068
2316,-4.926140217541068
2317,-4.926140217541068
2318,-4.926140217541068
2319,-4.926140217541068
2320,-4.926140217541068
2321,-4.926140217541068
2322,-4.926140217541068
2323,-4.926140217541068
2324,-4.926140217541068
2325,-4.926140217541068
2326,-4.926140217541068
2327,-4.926140217541068
2328,-4.926140217541068
2329,-4.926140217541068
2330,-4.926140217541068
2331,-4.926140217541068
2332,-4.926140217541068
2333,-4.926140217541068
2334,-4.926140217541068
2335,-4.926140217541068
2336,-4.926140217541068
2337,-4.926140217541068
2338,-4.926140217541068
2339,-4.926140217541068
2340,-4.926140217541068
2341,-4.926140217541068
2342,-4.926140217541068
2343,-4.926140217541068
2344,-4.926140217541068
2345,-4.926140217541068
2346,-4.926140217541068
2347,-4.926140217541068
2348,-4.926140217541068
2349,-4.926140217541068
2350,-4.926140217541068
2351,-4.926140217541068
2352,-4.926140217541068
2353,-4.926140217541068
2354,-4.926140217541068
2355,-4.926140217541068
2356,-4.926140217541068
2357,-4.926140217541068
2358,-4.926140217541068
2359,-4.926140217541068
2360,-4.926140217541068
2361,-4.926140217541068
2362,-4.926140217541068
2363,-4.926140217541068
2364,-4.926140217541068
2365,-4.926140217541068
2366,-4.926140217541068
2367,-4.926140217541068
2368,-4.926140217541068
2369,-4.926140217541068
2370,-4.926140217541068
2371,-4.926140217541068
2372,-4.926140217541068
2373,-4.926140217541068
2374,-4.926140217541068
2375,-4.926140217541068
2376,-4.926140217541068
2377,-4.926140217541068
2378,-4.926140217541068
2379,-4.926140217541068
2380,-4.926140217541068
2381,-4.926140217541068
2382,-4.926140217541068
2383,-4.926140217541068
2384,-4.926140217541068
2385,-4.926140217541068
2386,-4.926140217541068
2387,-4.926140217541068
2388,-4.926140217541068
2389,-4.926140217541068
2390,-4.926140217541068
2391,-4.926140217541068
2392,-4.926140217541068
2393,-4.926140217541068
2394,-4.926140217541068
2395,-4.926140217541068
2396,-4.926140217541068
2397,-4.926140217541068
2398,-4.926140217541068
2399,-4.926140217541068
2400,-4.926140217541068
2401,-4.926140217541068
2402,-4.926140217541068
2403,-4.926140217541068
2404,-4.926140217541068
2405,-4.926140217541068
2406,-4.926140217541068
2407,-4.926140217541068
2408,-4.926140217541068
2409,-4.926140217541068
2410,-4.926140217541068
2411,-4.926140217541068
2412,-4.926140217541068
2413,-4.926140217541068
2414,-4.926140217541068
2415,-4.926140217541068
2416,-4.926140217541068
2417,-4.926140217541068
2418,-4.926140217541068
2419,-4.926140217541068
2420,-4.926140217541068
2421,-4.926140217541068
2422,-4.926140217541068
2423,-4.926140217541068
2424,-4.926140217541068
2425,-4.926140217541068
2426,-4.926140217541068
2427,-4.926140217541068
2428,-4.926140217541068
2429,-4.926140217541068
2430,-4.926140217541068
2431,-4.926140217541068
2432,-4.926140217541068
2433,-4.926140217541068
2434,-4.926140217541068
2435,-4.926140217541068
2436,-4.926140217541068
2437,-4.926140217541068
2438,-4.926140217541068
2439,-4.926140217541068
2440,-4.926140217541068
2441,-4.926140217541068
2442,-4.926140217541068
2443,-4.926140217541068
2444,-4.926140217541068
2445,-4.926140217541068
2446,-4.926140217541068
2447,-4.926140217541068
2448,-4.926140217541068
2449,-4.926140217541068
2450,-4.926140217541068
2451,-4.926140217541068
2452,-4.926140217541068
2453,-4.926140217541068
2454,-4.926140217541068
2455,-4.926140217541068
2456,-4.926140217541068
2457,-4.926140217541068
2458,-4.926140217541068
2459,-4.926140217541068
2460,-4.926140217541068
2461,-4.926140217541068
2462,-4.926140217541068
2463,-4.926140217541068
2464,-4.926140217541068
2465,-4.926140217541068
2466,-4.926140217541068
2467,-4.926140217541068
2468,-4.926140217541068
2469,-4.926140217541068
2470,-4.926140217541068
2471,-4.926140217541068
2472,-4.926140217541068
2473,-4.926140217541068
2474,-4.926140217541068
2475,-4.926140217541068
2476,-4.926140217541068
2477,-4.926140217541068
2478,-4.926140217541068
2479,-4.926140217541068
2480,-4.926140217541068
2481,-4.926140217541068
2482,-4.926140217541068
2483,-4.926140217541068
2484,-4.926140217541068
2485,-4.926140217541068
2486,-4.926140217541068
2487,-4.926140217541068
2488,-4.926140217541068
2489,-4.926140217541068
2490,-4.926140217541068
2491,-4.926140217541068
2492,-4.926140217541068
2493,-4.926140217541068
2494,-4.926140217541068
2495,-4.926140217541068
2496,-4.926140217541068
2497,-4.926140217541068
2498,-4.926140217541068
2499,-4.926140217541068
2500,-4.926140217541068
2501,-4.926140217541068
2502,-4.926140217541068
2503,-4.926140217541068
2504,-4.926140217541068
2505,-4.926140217541068
2506,-4.926140217541068
2507,-4.926140217541068
2508,-4.926140217541068
2509,-4.926140217541068
2510,-4.926140217541068
2511,-4.926140217541068
2512,-4.926140217541068
2513,-4.926140217541068
2514,-4.926140217541068
2515,-4.926140217541068
2516,-4.926140217541068
2517,-4.926140217541068
2518,-4.926140217541068
2519,-4.926140217541068
2520,-4.926140217541068
2521,-4.926140217541068
2522,-4.926140217541068
2523,-4.926140217541068
2524,-4.926140217541068
2525,-4.926140217541068
2526,-4.926140217541068
2527,-4.926140217541068
2528,-4.926140217541068
2529,-4.926140217541068
2530,-4.926140217541068
2531,-4.926140217541068
2532,-4.926140217541068
2533,-4.926140217541068
2534,-4.926140217541068
2535,-4.926140217541068
2536,-4.926140217541068
2537,-4.926140217541068
2538,-4.926140217541068
2539,-4.926140217541068
2540,-4.926140217541068
2541,-4.926140217541068
2542,-4.926140217541068
2543,-4.926140217541068
2544,-4.926140217541068
2545,-4.926140217541068
2546,-4.926140217541068
2547,-4.926140217541068
2548,-4.926140217541068
2549,-4.926140217541068
2550,-4.926140217541068
2551,-4.926140217541068
2552,-4.926140217541068
2553,-4.926140217541068
2554,-4.926140217541068
2555,-4.926140217541068
2556,-4.926140217541068
2557,-4.926140217541068
2558,-4.926140217541068
2559,-4.926140217541068
2560,-4.926140217541068
2561,-4.926140217541068
2562,-4.926140217541068
2563,-4.926140217541068
2564,-4.926140217541068
2565,-4.926140217541068
2566,-4.926140217541068
2567,-4.926140217541068
2568,-4.926140217541068
2569,-4.926140217541068
2570,-4.926140217541068
2571,-4.926140217541068
2572,-4.926140217541068
2573,-4.926140217541068
2574,-4.926140217541068
2575,-4.926140217541068
2576,-4.926140217541068
2577,-4.926140217541068
2578,-4.926140217541068
2579,-4.926140217541068
2580,-4.926140217541068
2581,-4.926140217541068
2582,-4.926140217541068
2583,-4.926140217541068
2584,-4.926140217541068
2585,-4.926140217541068
2586,-4.926140217541068
2587,-4.926140217541068
2588,-4.926140217541068
2589,-4.926140217541068
2590,-4.926140217541068
2591,-4.926140217541068
2592,-4.926140217541068
2593,-4.926140217541068
2594,-4.926140217541068
2595,-4.926140217541068
2596,-4.926140217541068
2597,-4.926140217541068
2598,-4.926140217541068
2599,-4.926140217541068
2600,-4.926140217541068
2601,-4.926140217541068
2602,-4.926140217541068
2603,-4.926140217541068
2604,-4.926140217541068
2605,-4.926140217541068
2606,-4.926140217541068
2607,-4.926140217541068
2608,-4.926140217541068
2609,-4.926140217541068
2610,-4.926140217541068
2611,-4.926140217541068
2612,-4.926140217541068
2613,-4.926140217541068
2614,-4.926140217541068
2615,-4.926140217541068
2616,-4.926140217541068
2617,-4.926140217541068
2618,-4.926140217541068
2619,-4.926140217541068
2620,-4.926140217541068
2621,-4.926140217541068
2622,-4.926140217541068
2623,-4.926140217541068
2624,-4.926140217541068
2625,-4.926140217541068
2626,-4.926140217541068
2627,-4.926140217541068
2628,-4.926140217541068
2629,-4.926140217541068
2630,-4.926140217541068
2631,-4.926140217541068
2632,-4.926140217541068
2633,-4.926140217541068
2634,-4.926140217541068
2635,-4.926140217541068
2636,-4.926140217541068
2637,-4.926140217541068
2638,-4.926140217541068
2639,-4.926140217541068
2640,-4.926140217541068
2641,-4.926140217541068
2642,-4.926140217541068
2643,-4.926140217541068
2644,-4.926140217541068
2645,-4.926140217541068
2646,-4.926140217541068
2647,-4.926140217541068
2648,-4.926140217541068
2649,-4.926140217541068
2650,-4.926140217541068
2651,-4.926140217541068
2652,-4.926140217541068
2653,-4.926140217541068
2654,-4.926140217541068
2655,-4.926140217541068
2656,-4.926140217541068
2657,-4.926140217541068
2658,-4.926140217541068
2659,-4.926140217541068
2660,-4.926140217541068
2661,-4.926140217541068
2662,-4.926140217541068
2663,-4.926140217541068
2664,-4.926140217541068
2665,-4.926140217541068
2666,-4.926140217541068
2667,-4.926140217541068
2668,-4.926140217541068
2669,-4.926140217541068
2670,-4.926140217541068
2671,-4.926140217541068
2672,-4.926140217541068
2673,-4.926140217541068
2674,-4.926140217541068
2675,-4.926140217541068
2676,-4.926140217541068
2677,-4.926140217541068
2678,-4.926140217541068
2679,-4.926140217541068
2680,-4.926140217541068
2681,-4.926140217541068
2682,-4.926140217541068
2683,-4.926140217541068
2684,-4.926140217541068
2685,-4.926140217541068
2686,-4.926140217541068
2687,-4.926140217541068
2688,-4.926140217541068
2689,-4.926140217541068
2690,-4.926140217541068
2691,-4.926140217541068
2692,-4.926140217541068
2693,-4.926140217541068
2694,-4.926140217541068
2695,-4.926140217541068
2696,-4.926140217541068
2697,-4.926140217541068
2698,-4.926140217541068
2699,-4.926140217541068
2700,-4.926140217541068
2701,-4.926140217541068
2702,-4.926140217541068
2703,-4.926140217541068
2704,-4.926140217541068
2705,-4.926140217541068
2706,-4.926140217541068
2707,-4.926140217541068
2708,-4.926140217541068
2709,-4.926140217541068
2710,-4.926140217541068
2711,-4.926140217541068
2712,-4.926140217541068
2713,-4.926140217541068
2714,-4.926140217541068
2715,-4.926140217541068
2716,-4.926140217541068
2717,-4.926140217541068
2718,-4.926140217541068
2719,-4.926140217541068
2720,-4.926140217541068
2721,-4.926140217541068
2722,-4.926140217541068
2723,-4.926140217541068
2724,-4.926140217541068
2725,-4.926140217541068
2726,-4.926140217541068
2727,-4.926140217541068
2728,-4.926140217541068
2729,-4.926140217541068
2730,-4.926140217541068
2731,-4.926140217541068
2732,-4.926140217541068
2733,-4.926140217541068
2734,-4.926140217541068
2735,-4.926140217541068
2736,-4.926140217541068
2737,-4.926140217541068
2738,-4.926140217541068
2739,-4.926140217541068
2740,-4.926140217541068
2741,-4.926140217541068
2742,-4.926140217541068
2743,-4.926140217541068
2744,-4.926140217541068
2745,-4.926140217541068
2746,-4.926140217541068
2747,-4.926140217541068
2748,-4.926140217541068
2749,-4.926140217541068
2750,-4.926140217541068
2751,-4.926140217541068
2752,-4.926140217541068
2753,-4.926140217541068
2754,-4.926140217541068
2755,-4.926140217541068
2756,-4.926140217541068
2757,-4.926140217541068
2758,-4.926140217541068
2759,-4.926140217541068
2760,-4.926140217541068
2761,-4.926140217541068
2762,-4.926140217541068
2763,-4.926140217541068
2764,-4.926140217541068
2765,-4.926140217541068
2766,-4.926140217541068
2767,-4.926140217541068
2768,-4.926140217541068
2769,-4.926140217541068
2770,-4.926140217541068
2771,-4.926140217541068
2772,-4.926140217541068
2773,-4.926140217541068
2774,-4.926140217541068
2775,-4.926140217541068
2776,-4.926140217541068
2777,-4.926140217541068
2778,-4.926140217541068
2779,-4.926140217541068
2780,-4.926140217541068
2781,-4.926140217541068
2782,-4.926140217541068
2783,-4.926140217541068
2784,-4.926140217541068
2785,-4.926140217541068
2786,-4.926140217541068
2787,-4.926140217541068
2788,-4.926140217541068
2789,-4.926140217541068
2790,-4.926140217541068
2791,-4.926140217541068
2792,-4.926140217541068
2793,-4.926140217541068
2794,-4.926140217541068
2795,-4.926140217541068
2796,-4.926140217541068
2797,-4.926140217541068
2798,-4.926140217541068
2799,-4.926140217541068
2800,-4.926140217541068
2801,-4.926140217541068
2802,-4.926140217541068
2803,-4.926140217541068
2804,-4.926140217541068
2805,-4.926140217541068
2806,-4.926140217541068
2807,-4.926140217541068
2808,-4.926140217541068
2809,-4.926140217541068
2810,-4.926140217541068
2811,-4.926140217541068
2812,-4.926140217541068
2813,-4.926140217541068
2814,-4.926140217541068
2815,-4.926140217541068
2816,-4.926140217541068
2817,-4.926140217541068
2818,-4.926140217541068
2819,-4.926140217541068
2820,-4.926140217541068
2821,-4.926140217541068
2822,-4.926140217541068
2823,-4.926140217541068
2824,-4.926140217541068
2825,-4.926140217541068
2826,-4.926140217541068
2827,-4.926140217541068
2828,-4.926140217541068
2829,-4.926140217541068
2830,-4.926140217541068
2831,-4.926140217541068
2832,-4.926140217541068
2833,-4.926140217541068
2834,-4.926140217541068
2835,-4.926140217541068
2836,-4.926140217541068
2837,-4.926140217541068
2838,-4.926140217541068
2839,-4.926140217541068
2840,-4.926140217541068
2841,-4.926140217541068
2842,-4.926140217541068
2843,-4.926140217541068
2844,-4.926140217541068
2845,-4.926140217541068
2846,-4.926140217541068
2847,-4.926140217541068
2848,-4.926140217541068
2849,-4.926140217541068
2850,-4.926140217541068
2851,-4.926140217541068
2852,-4.926140217541068
2853,-4.926140217541068
2854,-4.926140217541068
2855,-4.926140217541068
2856,-4.926140217541068
2857,-4.926140217541068
2858,-4.926140217541068
2859,-4.926140217541068
2860,-4.926140217541068
2861,-4.926140217541068
2862,-4.926140217541068
2863,-4.926140217541068
2864,-4.926140217541068
2865,-4.926140217541068
2866,-4.926140217541068
2867,-4.926140217541068
2868,-4.926140217541068
2869,-4.926140217541068
2870,-4.926140217541068
2871,-4.926140217541068
2872,-4.926140217541068
2873,-4.926140217541068
2874,-4.926140217541068
2875,-4.926140217541068
2876,-4.926140217541068
2877,-4.926140217541068
2878,-4.926140217541068
2879,-4.926140217541068
2880,-4.926140217541068
2881,-4.926140217541068
2882,-4.926140217541068
2883,-4.926140217541068
2884,-4.926140217541068
2885,-4.926140217541068
2886,-4.926140217541068
2887,-4.926140217541068
2888,-4.926140217541068
2889,-4.926140217541068
2890,-4.926140217541068
2891,-4.926140217541068
2892,-4.926140217541068
2893,-4.926140217541068
2894,-4.926140217541068
2895,-4.926140217541068
2896,-4.926140217541068
2897,-4.926140217541068
2898,-4.926140217541068
2899,-4.926140217541068
2900,-4.926140217541068
2901,-4.926140217541068
2902,-4.926140217541068
2903,-4.926140217541068
2904,-4.926140217541068
2905,-4.926140217541068
2906,-4.926140217541068
2907,-4.926140217541068
2908,-4.926140217541068
2909,-4.926140217541068
2910,-4.926140217541068
2911,-4.926140217541068
2912,-4.926140217541068
2913,-4.926140217541068
2914,-4.926140217541068
2915,-4.926140217541068
2916,-4.926140217541068
2917,-4.926140217541068
2918,-4.926140217541068
2919,-4.926140217541068
2920,-4.926140217541068
2921,-4.926140217541068
2922,-4.926140217541068
2923,-4.926140217541068
2924,-4.926140217541068
2925,-4.926140217541068
2926,-4.926140217541068
2927,-4.926140217541068
2928,-4.926140217541068
2929,-4.926140217541068
2930,-4.926140217541068
2931,-4.926140217541068
2932,-4.926140217541068
2933,-4.926140217541068
2934,-4.926140217541068
2935,-4.926140217541068
2936,-4.926140217541068
2937,-4.926140217541068
2938,-4.926140217541068
2939,-4.926140217541068
2940,-4.926140217541068
2941,-4.926140217541068
2942,-4.926140217541068
2943,-4.926140217541068
2944,-4.926140217541068
2945,-4.926140217541068
2946,-4.926140217541068
2947,-4.926140217541068
2948,-4.926140217541068
2949,-4.926140217541068
2950,-4.926140217541068
2951,-4.926140217541068
2952,-4.926140217541068
2953,-4.926140217541068
2954,-4.926140217541068
2955,-4.926140217541068
2956,-4.926140217541068
2957,-4.926140217541068
2958,-4.926140217541068
2959,-4.926140217541068
2960,-4.926140217541068
2961,-4.926140217541068
2962,-4.926140217541068
2963,-4.926140217541068
2964,-4.926140217541068
2965,-4.926140217541068
2966,-4.926140217541068
2967,-4.926140217541068
2968,-4.926140217541068
2969,-4.926140217541068
2970,-4.926140217541068
2971,-4.926140217541068
2972,-4.926140217541068
2973,-4.926140217541068
2974,-4.926140217541068
2975,-4.926140217541068
2976,-4.926140217541068
2977,-4.926140217541068
2978,-4.926140217541068
2979,-4.926140217541068
2980,-4.926140217541068
2981,-4.926140217541068
2982,-4.926140217541068
2983,-4.926140217541068
2984,-4.926140217541068
2985,-4.926140217541068
2986,-4.926140217541068
2987,-4.926140217541068
2988,-4.926140217541068
2989,-4.926140217541068
2990,-4.926140217541068
2991,-4.926140217541068
2992,-4.926140217541068
2993,-4.926140217541068
2994,-4.926140217541068
2995,-4.926140217541068
2996,-4.926140217541068
2997,-4.926140217541068
2998,-4.926140217541068
2999,-4.926140217541068
3000,-4.926140217541068
3001,-4.926140217541068
3002,-4.926140217541068
3003,-4.926140217541068
3004,-4.926140217541068
3005,-4.926140217541068
3006,-4.926140217541068
3007,-4.926140217541068
3008,-4.926140217541068
3009,-4.926140217541068
3010,-4.926140217541068
3011,-4.926140217541068
3012,-4.926140217541068
3013,-4.926140217541068
3014,-4.926140217541068
3015,-4.926140217541068
3016,-4.926140217541068
3017,-4.926140217541068
3018,-4.926140217541068
3019,-4.926140217541068
3020,-4.926140217541068
3021,-4.926140217541068
3022,-4.926140217541068
3023,-4.926140217541068
3024,-4.926140217541068
3025,-4.926140217541068
3026,-4.926140217541068
3027,-4.926140217541068
3028,-4.926140217541068
3029,-4.926140217541068
3030,-4.926140217541068
3031,-4.926140217541068
3032,-4.926140217541068
3033,-4.926140217541068
3034,-4.926140217541068
3035,-4.926140217541068
3036,-4.926140217541068
3037,-4.926140217541068
3038,-4.926140217541068
3039,-4.926140217541068
3040,-4.926140217541068
3041,-4.926140217541068
3042,-4.926140217541068
3043,-4.926140217541068
3044,-4.926140217541068
3045,-4.926140217541068
3046,-4.926140217541068
3047,-4.926140217541068
3048,-4.926140217541068
3049,-4.926140217541068
3050,-4.926140217541068
3051,-4.926140217541068
3052,-4.926140217541068
3053,-4.926140217541068
3054,-4.926140217541068
3055,-4.926140217541068
3056,-4.926140217541068
3057,-4.926140217541068
3058,-4.926140217541068
3059,-4.926140217541068
3060,-4.926140217541068
3061,-4.926140217541068
3062,-4.926140217541068
3063,-4.926140217541068
3064,-4.926140217541068
3065,-4.926140217541068
3066,-4.926140217541068
3067,-4.926140217541068
3068,-4.926140217541068
3069,-4.926140217541068
3070,-4.926140217541068
3071,-4.926140217541068
3072,-4.926140217541068
3073,-4.926140217541068
3074,-4.926140217541068
3075,-4.926140217541068
3076,-4.926140217541068
3077,-4.926140217541068
3078,-4.926140217541068
3079,-4.926140217541068
3080,-4.926140217541068
3081,-4.926140217541068
3082,-4.926140217541068
3083,-4.926140217541068
3084,-4.926140217541068
3085,-4.926140217541068
3086,-4.926140217541068
3087,-4.926140217541068
3088,-4.926140217541068
3089,-4.926140217541068
3090,-4.926140217541068
3091,-4.926140217541068
3092,-4.926140217541068
3093,-4.926140217541068
3094,-4.926140217541068
3095,-4.926140217541068
3096,-4.926140217541068
3097,-4.926140217541068
3098,-4.926140217541068
3099,-4.926140217541068
3100,-4.926140217541068
3101,-4.926140217541068
3102,-4.926140217541068
3103,-4.926140217541068
3104,-4.926140217541068
3105,-4.926140217541068
3106,-4.926140217541068
3107,-4.926140217541068
3108,-4.926140217541068
3109,-4.926140217541068
3110,-4.926140217541068
3111,-4.926140217541068
3112,-4.926140217541068
3113,-4.926140217541068
3114,-4.926140217541068
3115,-4.926140217541068
3116,-4.926140217541068
3117,-4.926140217541068
3118,-4.926140217541068
3119,-4.926140217541068
3120,-4.926140217541068
3121,-4.926140217541068
3122,-4.926140217541068
3123,-4.926140217541068
3124,-4.926140217541068
3125,-4.926140217541068
3126,-4.926140217541068
3127,-4.926140217541068
3128,-4.926140217541068
3129,-4.926140217541068
3130,-4.926140217541068
3131,-4.926140217541068
3132,-4.926140217541068
3133,-4.926140217541068
3134,-4.926140217541068
3135,-4.926140217541068
3136,-4.926140217541068
3137,-4.926140217541068
3138,-4.926140217541068
3139,-4.926140217541068
3140,-4.926140217541068
3141,-4.926140217541068
3142,-4.926140217541068
3143,-4.926140217541068
3144,-4.926140217541068
3145,-4.926140217541068
3146,-4.926140217541068
3147,-4.926140217541068
3148,-4.926140217541068
3149,-4.926140217541068
3150,-4.926140217541068
3151,-4.926140217541068
3152,-4.926140217541068
3153,-4.926140217541068
3154,-4.926140217541068
3155,-4.926140217541068
3156,-4.926140217541068
3157,-4.926140217541068
3158,-4.926140217541068
3159,-4.926140217541068
3160,-4.926140217541068
3161,-4.926140217541068
3162,-4.926140217541068
3163,-4.926140217541068
3164,-4.926140217541068
3165,-4.926140217541068
3166,-4.926140217541068
3167,-4.926140217541068
3168,-4.926140217541068
3169,-4.926140217541068
3170,-4.926140217541068
3171,-4.926140217541068
3172,-4.926140217541068
3173,-4.926140217541068
3174,-4.926140217541068
3175,-4.926140217541068
3176,-4.926140217541068
3177,-4.926140217541068
3178,-4.926140217541068
3179,-4.926140217541068
3180,-4.926140217541068
3181,-4.926140217541068
3182,-4.926140217541068
3183,-4.926140217541068
3184,-4.926140217541068
3185,-4.926140217541068
3186,-4.926140217541068
3187,-4.926140217541068
3188,-4.926140217541068
3189,-4.926140217541068
3190,-4.926140217541068
3191,-4.926140217541068
3192,-4.926140217541068
3193,-4.926140217541068
3194,-4.926140217541068
3195,-4.926140217541068
3196,-4.926140217541068
3197,-4.926140217541068
3198,-4.926140217541068
3199,-4.926140217541068
3200,-4.926140217541068
3201,-4.926140217541068
3202,-4.926140217541068
3203,-4.926140217541068
3204,-4.926140217541068
3205,-4.926140217541068
3206,-4.926140217541068
3207,-4.926140217541068
3208,-4.926140217541068
3209,-4.926140217541068
3210,-4.926140217541068
3211,-4.926140217541068
3212,-4.926140217541068
3213,-4.926140217541068
3214,-4.926140217541068
3215,-4.926140217541068
3216,-4.926140217541068
3217,-4.926140217541068
3218,-4.926140217541068
3219,-4.926140217541068
3220,-4.926140217541068
3221,-4.926140217541068
3222,-4.926140217541068
3223,-4.926140217541068
3224,-4.926140217541068
3225,-4.926140217541068
3226,-4.926140217541068
3227,-4.926140217541068
3228,-4.926140217541068
3229,-4.926140217541068
3230,-4.926140217541068
3231,-4.926140217541068
3232,-4.926140217541068
3233,-4.926140217541068
3234,-4.926140217541068
3235,-4.926140217541068
3236,-4.926140217541068
3237,-4.926140217541068
3238,-4.926140217541068
3239,-4.926140217541068
3240,-4.926140217541068
3241,-4.926140217541068
3242,-4.926140217541068
3243,-4.926140217541068
3244,-4.926140217541068
3245,-4.926140217541068
3246,-4.926140217541068
3247,-4.926140217541068
3248,-4.926140217541068
3249,-4.926140217541068
3250,-4.926140217541068
3251,-4.926140217541068
3252,-4.926140217541068
3253,-4.926140217541068
3254,-4.926140217541068
3255,-4.926140217541068
3256,-4.926140217541068
3257,-4.926140217541068
3258,-4.926140217541068
3259,-4.926140217541068
3260,-4.926140217541068
3261,-4.926140217541068
3262,-4.926140217541068
3263,-4.926140217541068
3264,-4.926140217541068
3265,-4.926140217541068
3266,-4.926140217541068
3267,-4.926140217541068
3268,-4.926140217541068
3269,-4.926140217541068
3270,-4.926140217541068
3271,-4.926140217541068
3272,-4.926140217541068
3273,-4.926140217541068
3274,-4.926140217541068
3275,-4.926140217541068
3276,-4.926140217541068
3277,-4.926140217541068
3278,-4.926140217541068
3279,-4.926140217541068
3280,-4.926140217541068
3281,-4.926140217541068
3282,-4.926140217541068
3283,-4.926140217541068
3284,-4.926140217541068
3285,-4.926140217541068
3286,-4.926140217541068
3287,-4.926140217541068
3288,-4.926140217541068
3289,-4.926140217541068
3290,-4.926140217541068
3291,-4.926140217541068
3292,-4.926140217541068
3293,-4.926140217541068
3294,-4.926140217541068
3295,-4.926140217541068
3296,-4.926140217541068
3297,-4.926140217541068
3298,-4.926140217541068
3299,-4.926140217541068
3300,-4.926140217541068
3301,-4.926140217541068
3302,-4.926140217541068
3303,-4.926140217541068
3304,-4.926140217541068
3305,-4.926140217541068
3306,-4.926140217541068
3307,-4.926140217541068
3308,-4.926140217541068
3309,-4.926140217541068
3310,-4.926140217541068
3311,-4.926140217541068
3312,-4.926140217541068
3313,-4.926140217541068
3314,-4.926140217541068
3315,-4.926140217541068
3316,-4.926140217541068
3317,-4.926140217541068
3318,-4.926140217541068
3319,-4.926140217541068
3320,-4.926140217541068
3321,-4.926140217541068
3322,-4.926140217541068
3323,-4.926140217541068
3324,-4.926140217541068
3325,-4.926140217541068
3326,-4.926140217541068
3327,-4.926140217541068
3328,-4.926140217541068
3329,-4.926140217541068
3330,-4.926140217541068
3331,-4.926140217541068
3332,-4.926140217541068
3333,-4.926140217541068
3334,-4.926140217541068
3335,-4.926140217541068
3336,-4.926140217541068
3337,-4.926140217541068
3338,-4.926140217541068
3339,-4.926140217541068
3340,-4.926140217541068
3341,-4.926140217541068
3342,-4.926140217541068
3343,-4.926140217541068
3344,-4.926140217541068
3345,-4.926140217541068
3346,-4.926140217541068
3347,-4.926140217541068
3348,-4.926140217541068
3349,-4.926140217541068
3350,-4.926140217541068
3351,-4.926140217541068
3352,-4.926140217541068
3353,-4.926140217541068
3354,-4.926140217541068
3355,-4.926140217541068
3356,-4.926140217541068
3357,-4.926140217541068
3358,-4.926140217541068
3359,-4.926140217541068
3360,-4.926140217541068
3361,-4.926140217541068
3362,-4.926140217541068
3363,-4.926140217541068
3364,-4.926140217541068
3365,-4.926140217541068
3366,-4.926140217541068
3367,-4.926140217541068
3368,-4.926140217541068
3369,-4.926140217541068
3370,-4.926140217541068
3371,-4.926140217541068
3372,-4.926140217541068
3373,-4.926140217541068
3374,-4.926140217541068
3375,-4.926140217541068
3376,-4.926140217541068
3377,-4.926140217541068
3378,-4.926140217541068
3379,-4.926140217541068
3380,-4.926140217541068
3381,-4.926140217541068
3382,-4.926140217541068
3383,-4.926140217541068
3384,-4.926140217541068
3385,-4.926140217541068
3386,-4.926140217541068
3387,-4.926140217541068
3388,-4.926140217541068
3389,-4.926140217541068
3390,-4.926140217541068
3391,-4.926140217541068
3392,-4.926140217541068
3393,-4.926140217541068
3394,-4.926140217541068
3395,-4.926140217541068
3396,-4.926140217541068
3397,-4.926140217541068
3398,-4.926140217541068
3399,-4.926140217541068
3400,-4.926140217541068
3401,-4.926140217541068
3402,-4.926140217541068
3403,-4.926140217541068
3404,-4.926140217541068
3405,-4.926140217541068
3406,-4.926140217541068
3407,-4.926140217541068
3408,-4.926140217541068
3409,-4.926140217541068
3410,-4.926140217541068
3411,-4.926140217541068
3412,-4.926140217541068
3413,-4.926140217541068
3414,-4.926140217541068
3415,-4.926140217541068
3416,-4.926140217541068
3417,-4.926140217541068
3418,-4.926140217541068
3419,-4.926140217541068
3420,-4.926140217541068
3421,-4.926140217541068
3422,-4.926140217541068
3423,-4.926140217541068
3424,-4.926140217541068
3425,-4.926140217541068
3426,-4.926140217541068
3427,-4.926140217541068
3428,-4.926140217541068
3429,-4.926140217541068
3430,-4.926140217541068
3431,-4.926140217541068
3432,-4.926140217541068
3433,-4.926140217541068
3434,-4.926140217541068
3435,-4.926140217541068
3436,-4.926140217541068
3437,-4.926140217541068
3438,-4.926140217541068
3439,-4.926140217541068
3440,-4.926140217541068
3441,-4.926140217541068
3442,-4.926140217541068
3443,-4.926140217541068
3444,-4.926140217541068
3445,-4.926140217541068
3446,-4.926140217541068
3447,-4.926140217541068
3448,-4.926140217541068
3449,-4.926140217541068
3450,-4.926140217541068
3451,-4.926140217541068
3452,-4.926140217541068
3453,-4.926140217541068
3454,-4.926140217541068
3455,-4.926140217541068
3456,-4.926140217541068
3457,-4.926140217541068
3458,-4.926140217541068
3459,-4.926140217541068
3460,-4.926140217541068
3461,-4.926140217541068
3462,-4.926140217541068
3463,-4.926140217541068
3464,-4.926140217541068
3465,-4.926140217541068
3466,-4.926140217541068
3467,-4.926140217541068
3468,-4.926140217541068
3469,-4.926140217541068
3470,-4.926140217541068
3471,-4.926140217541068
3472,-4.926140217541068
3473,-4.926140217541068
3474,-4.926140217541068
3475,-4.926140217541068
3476,-4.926140217541068
3477,-4.926140217541068
3478,-4.926140217541068
3479,-4.926140217541068
3480,-4.926140217541068
3481,-4.926140217541068
3482,-4.926140217541068
3483,-4.926140217541068
3484,-4.926140217541068
3485,-4.926140217541068
3486,-4.926140217541068
3487,-4.926140217541068
3488,-4.926140217541068
3489,-4.926140217541068
3490,-4.926140217541068
3491,-4.926140217541068
3492,-4.926140217541068
3493,-4.926140217541068
3494,-4.926140217541068
3495,-4.926140217541068
3496,-4.926140217541068
3497,-4.926140217541068
3498,-4.926140217541068
3499,-4.926140217541068
3500,-4.926140217541068
3501,-4.926140217541068
3502,-4.926140217541068
3503,-4.926140217541068
3504,-4.926140217541068
3505,-4.926140217541068
3506,-4.926140217541068
3507,-4.926140217541068
3508,-4.926140217541068
3509,-4.926140217541068
3510,-4.926140217541068
3511,-4.926140217541068
3512,-4.926140217541068
3513,-4.926140217541068
3514,-4.926140217541068
3515,-4.926140217541068
3516,-4.926140217541068
3517,-4.926140217541068
3518,-4.926140217541068
3519,-4.926140217541068
3520,-4.926140217541068
3521,-4.926140217541068
3522,-4.926140217541068
3523,-4.926140217541068
3524,-4.926140217541068
3525,-4.926140217541068
3526,-4.926140217541068
3527,-4.926140217541068
3528,-4.926140217541068
3529,-4.926140217541068
3530,-4.926140217541068
3531,-4.926140217541068
3532,-4.926140217541068
3533,-4.926140217541068
3534,-4.926140217541068
3535,-4.926140217541068
3536,-4.926140217541068
3537,-4.926140217541068
3538,-4.926140217541068
3539,-4.926140217541068
3540,-4.926140217541068
3541,-4.926140217541068
3542,-4.926140217541068
3543,-4.926140217541068
3544,-4.926140217541068
3545,-4.926140217541068
3546,-4.926140217541068
3547,-4.926140217541068
3548,-4.926140217541068
3549,-4.926140217541068
3550,-4.926140217541068
3551,-4.926140217541068
3552,-4.926140217541068
3553,-4.926140217541068
3554,-4.926140217541068
3555,-4.926140217541068
3556,-4.926140217541068
3557,-4.926140217541068
3558,-4.926140217541068
3559,-4.926140217541068
3560,-4.926140217541068
3561,-4.926140217541068
3562,-4.926140217541068
3563,-4.926140217541068
3564,-4.926140217541068
3565,-4.926140217541068
3566,-4.926140217541068
3567,-4.926140217541068
3568,-4.926140217541068
3569,-4.926140217541068
3570,-4.926140217541068
3571,-4.926140217541068
3572,-4.926140217541068
3573,-4.926140217541068
3574,-4.926140217541068
3575,-4.926140217541068
3576,-4.926140217541068
3577,-4.926140217541068
3578,-4.926140217541068
3579,-4.926140217541068
3580,-4.926140217541068
3581,-4.926140217541068
3582,-4.926140217541068
3583,-4.926140217541068
3584,-4.926140217541068
3585,-4.926140217541068
3586,-4.926140217541068
3587,-4.926140217541068
3588,-4.926140217541068
3589,-4.926140217541068
3590,-4.926140217541068
3591,-4.926140217541068
3592,-4.926140217541068
3593,-4.926140217541068
3594,-4.926140217541068
3595,-4.926140217541068
3596,-4.926140217541068
3597,-4.926140217541068
3598,-4.926140217541068
3599,-4.926140217541068
3600,-4.926140217541068
3601,-4.926140217541068
3602,-4.926140217541068
3603,-4.926140217541068
3604,-4.926140217541068
3605,-4.926140217541068
3606,-4.926140217541068
3607,-4.926140217541068
3608,-4.926140217541068
3609,-4.926140217541068
3610,-4.926140217541068
3611,-4.926140217541068
3612,-4.926140217541068
3613,-4.926140217541068
3614,-4.926140217541068
3615,-4.926140217541068
3616,-4.926140217541068
3617,-4.926140217541068
3618,-4.926140217541068
3619,-4.926140217541068
3620,-4.926140217541068
3621,-4.926140217541068
3622,-4.926140217541068
3623,-4.926140217541068
3624,-4.926140217541068
3625,-4.926140217541068
3626,-4.926140217541068
3627,-4.926140217541068
3628,-4.926140217541068
3629,-4.926140217541068
3630,-4.926140217541068
3631,-4.926140217541068
3632,-4.926140217541068
3633,-4.926140217541068
3634,-4.926140217541068
3635,-4.926140217541068
3636,-4.926140217541068
3637,-4.926140217541068
3638,-4.926140217541068
3639,-4.926140217541068
3640,-4.926140217541068
3641,-4.926140217541068
3642,-4.926140217541068
3643,-4.926140217541068
3644,-4.926140217541068
3645,-4.926140217541068
3646,-4.926140217541068
3647,-4.926140217541068
3648,-4.926140217541068
3649,-4.926140217541068
3650,-4.926140217541068
3651,-4.926140217541068
3652,-4.926140217541068
3653,-4.926140217541068
3654,-4.926140217541068
3655,-4.926140217541068
3656,-4.926140217541068
3657,-4.926140217541068
3658,-4.926140217541068
3659,-4.926140217541068
3660,-4.926140217541068
3661,-4.926140217541068
3662,-4.926140217541068
3663,-4.926140217541068
3664,-4.926140217541068
3665,-4.926140217541068
3666,-4.926140217541068
3667,-4.926140217541068
3668,-4.926140217541068
3669,-4.926140217541068
3670,-4.926140217541068
3671,-4.926140217541068
3672,-4.926140217541068
3673,-4.926140217541068
3674,-4.926140217541068
3675,-4.926140217541068
3676,-4.926140217541068
3677,-4.926140217541068
3678,-4.926140217541068
3679,-4.926140217541068
3680,-4.926140217541068
3681,-4.926140217541068
3682,-4.926140217541068
3683,-4.926140217541068
3684,-4.926140217541068
3685,-4.926140217541068
3686,-4.926140217541068
3687,-4.926140217541068
3688,-4.926140217541068
3689,-4.926140217541068
3690,-4.926140217541068
3691,-4.926140217541068
3692,-4.926140217541068
3693,-4.926140217541068
3694,-4.926140217541068
3695,-4.926140217541068
3696,-4.926140217541068
3697,-4.926140217541068
3698,-4.926140217541068
3699,-4.926140217541068
3700,-4.926140217541068
3701,-4.926140217541068
3702,-4.926140217541068
3703,-4.926140217541068
3704,-4.926140217541068
3705,-4.926140217541068
3706,-4.926140217541068
3707,-4.926140217541068
3708,-4.926140217541068
3709,-4.926140217541068
3710,-4.926140217541068
3711,-4.926140217541068
3712,-4.926140217541068
3713,-4.926140217541068
3714,-4.926140217541068
3715,-4.926140217541068
3716,-4.926140217541068
3717,-4.926140217541068
3718,-4.926140217541068
3719,-4.926140217541068
3720,-4.926140217541068
3721,-4.926140217541068
3722,-4.926140217541068
3723,-4.926140217541068
3724,-4.926140217541068
3725,-4.926140217541068
3726,-4.926140217541068
3727,-4.926140217541068
3728,-4.926140217541068
3729,-4.926140217541068
3730,-4.926140217541068
3731,-4.926140217541068
3732,-4.926140217541068
3733,-4.926140217541068
3734,-4.926140217541068
3735,-4.926140217541068
3736,-4.926140217541068
3737,-4.926140217541068
3738,-4.926140217541068
3739,-4.926140217541068
3740,-4.926140217541068
3741,-4.926140217541068
3742,-4.926140217541068
3743,-4.926140217541068
3744,-4.926140217541068
3745,-4.926140217541068
3746,-4.926140217541068
3747,-4.926140217541068
3748,-4.926140217541068
3749,-4.926140217541068
3750,-4.926140217541068
3751,-4.926140217541068
3752,-4.926140217541068
3753,-4.926140217541068
3754,-4.926140217541068
3755,-4.926140217541068
3756,-4.926140217541068
3757,-4.926140217541068
3758,-4.926140217541068
3759,-4.926140217541068
3760,-4.926140217541068
3761,-4.926140217541068
3762,-4.926140217541068
3763,-4.926140217541068
3764,-4.926140217541068
3765,-4.926140217541068
3766,-4.926140217541068
3767,-4.926140217541068
3768,-4.926140217541068
3769,-4.926140217541068
3770,-4.926140217541068
3771,-4.926140217541068
3772,-4.926140217541068
3773,-4.926140217541068
3774,-4.926140217541068
3775,-4.926140217541068
3776,-4.926140217541068
3777,-4.926140217541068
3778,-4.926140217541068
3779,-4.926140217541068
3780,-4.926140217541068
3781,-4.926140217541068
3782,-4.926140217541068
3783,-4.926140217541068
3784,-4.926140217541068
3785,-4.926140217541068
3786,-4.926140217541068
3787,-4.926140217541068
3788,-4.926140217541068
3789,-4.926140217541068
3790,-4.926140217541068
3791,-4.926140217541068
3792,-4.926140217541068
3793,-4.926140217541068
3794,-4.926140217541068
3795,-4.926140217541068
3796,-4.926140217541068
3797,-4.926140217541068
3798,-4.926140217541068
3799,-4.926140217541068
3800,-4.926140217541068
3801,-4.926140217541068
3802,-4.926140217541068
3803,-4.926140217541068
3804,-4.926140217541068
3805,-4.926140217541068
3806,-4.926140217541068
3807,-4.926140217541068
3808,-4.926140217541068
3809,-4.926140217541068
3810,-4.926140217541068
3811,-4.926140217541068
3812,-4.926140217541068
3813,-4.926140217541068
3814,-4.926140217541068
3815,-4.926140217541068
3816,-4.926140217541068
3817,-4.926140217541068
3818,-4.926140217541068
3819,-4.926140217541068
3820,-4.926140217541068
3821,-4.926140217541068
3822,-4.926140217541068
3823,-4.926140217541068
3824,-4.926140217541068
3825,-4.926140217541068
3826,-4.926140217541068
3827,-4.926140217541068
3828,-4.926140217541068
3829,-4.926140217541068
3830,-4.926140217541068
3831,-4.926140217541068
3832,-4.926140217541068
3833,-4.926140217541068
3834,-4.926140217541068
3835,-4.926140217541068
3836,-4.926140217541068
3837,-4.926140217541068
3838,-4.926140217541068
3839,-4.926140217541068
3840,-4.926140217541068
3841,-4.926140217541068
3842,-4.926140217541068
3843,-4.926140217541068
3844,-4.926140217541068
3845,-4.926140217541068
3846,-4.926140217541068
3847,-4.926140217541068
3848,-4.926140217541068
3849,-4.926140217541068
3850,-4.926140217541068
3851,-4.926140217541068
3852,-4.926140217541068
3853,-4.926140217541068
3854,-4.926140217541068
3855,-4.926140217541068
3856,-4.926140217541068
3857,-4.926140217541068
3858,-4.926140217541068
3859,-4.926140217541068
3860,-4.926140217541068
3861,-4.926140217541068
3862,-4.926140217541068
3863,-4.926140217541068
3864,-4.926140217541068
3865,-4.926140217541068
3866,-4.926140217541068
3867,-4.926140217541068
3868,-4.926140217541068
3869,-4.926140217541068
3870,-4.926140217541068
3871,-4.926140217541068
3872,-4.926140217541068
3873,-4.926140217541068
3874,-4.926140217541068
3875,-4.926140217541068
3876,-4.926140217541068
3877,-4.926140217541068
3878,-4.926140217541068
3879,-4.926140217541068
3880,-4.926140217541068
3881,-4.926140217541068
3882,-4.926140217541068
3883,-4.926140217541068
3884,-4.926140217541068
3885,-4.926140217541068
3886,-4.926140217541068
3887,-4.926140217541068
3888,-4.926140217541068
3889,-4.926140217541068
3890,-4.926140217541068
3891,-4.926140217541068
3892,-4.926140217541068
3893,-4.926140217541068
3894,-4.926140217541068
3895,-4.926140217541068
3896,-4.926140217541068
3897,-4.926140217541068
3898,-4.926140217541068
3899,-4.926140217541068
3900,-4.926140217541068
3901,-4.926140217541068
3902,-4.926140217541068
3903,-4.926140217541068
3904,-4.926140217541068
3905,-4.926140217541068
3906,-4.926140217541068
3907,-4.926140217541068
3908,-4.926140217541068
3909,-4.926140217541068
3910,-4.926140217541068
3911,-4.926140217541068
3912,-4.926140217541068
3913,-4.926140217541068
3914,-4.926140217541068
3915,-4.926140217541068
3916,-4.926140217541068
3917,-4.926140217541068
3918,-4.926140217541068
3919,-4.926140217541068
3920,-4.926140217541068
3921,-4.926140217541068
3922,-4.926140217541068
3923,-4.926140217541068
3924,-4.926140217541068
3925,-4.926140217541068
3926,-4.926140217541068
3927,-4.926140217541068
3928,-4.926140217541068
3929,-4.926140217541068
3930,-4.926140217541068
3931,-4.926140217541068
3932,-4.926140217541068
3933,-4.926140217541068
3934,-4.926140217541068
3935,-4.926140217541068
3936,-4.926140217541068
3937,-4.926140217541068
3938,-4.926140217541068
3939,-4.926140217541068
3940,-16.532146512055284
3941,-16.532146512055284
3942,-16.532146512055284
3943,-16.532146512055284
3944,-16.532146512055284
3945,-16.532146512055284
3946,-16.532146512055284
3947,-16.532146512055284
3948,-16.532146512055284
3949,-16.532146512055284
3950,-16.532146512055284
3951,-16.532146512055284
3952,-16.532146512055284
3953,-16.532146512055284
3954,-16.532146512055284
3955,-16.532146512055284
3956,-16.532146512055284
3957,-16.532146512055284
3958,-16.532146512055284
3959,-16.532146512055284
3960,-16.532146512055284
3961,-16.532146512055284
3962,-16.532146512055284
3963,-16.532146512055284
3964,-16.532146512055284
3965,-16.532146512055284
3966,-16.532146512055284
3967,-16.532146512055284
3968,-16.532146512055284
3969,-16.532146512055284
3970,-16.532146512055284
3971,-16.532146512055284
3972,-16.532146512055284
3973,-16.532146512055284
3974,-16.532146512055284
3975,-16.532146512055284
3976,-16.532146512055284
3977,-16.532146512055284
3978,-16.532146512055284
3979,-16.532146512055284
3980,-16.532146512055284
3981,-16.532146512055284
3982,-16.532146512055284
3983,-16.532146512055284
3984,-16.532146512055284
3985,-16.532146512055284
3986,-16.532146512055284
3987,-16.532146512055284
3988,-16.532146512055284
3989,-16.532146512055284
3990,-16.532146512055284
3991,-16.532146512055284
3992,-16.532146512055284
3993,-16.532146512055284
3994,-16.532146512055284
3995,-16.532146512055284
3996,-16.532146512055284
3997,-16.532146512055284
3998,-16.532146512055284
3999,-16.532146512055284
4000,-16.532146512055284
4001,-16.532146512055284
4002,-16.532146512055284
4003,-16.532146512055284
4004,-16.532146512055284
4005,-16.532146512055284
4006,-16.532146512055284
4007,-16.532146512055284
4008,-16.532146512055284
4009,-16.532146512055284
4010,-16.532146512055284
4011,-16.532146512055284
4012,-16.532146512055284
4013,-16.532146512055284
4014,-16.532146512055284
4015,-16.532146512055284
4016,-16.532146512055284
4017,-16.532146512055284
4018,-16.532146512055284
4019,-16.532146512055284
4020,-16.532146512055284
4021,-16.532146512055284
4022,-16.532146512055284
4023,-16.532146512055284
4024,-16.532146512055284
4025,-16.532146512055284
4026,-16.532146512055284
4027,-16.532146512055284
4028,-16.532146512055284
4029,-16.532146512055284
4030,-16.532146512055284
4031,-16.532146512055284
4032,-16.532146512055284
4033,-16.532146512055284
4034,-16.532146512055284
4035,-16.532146512055284
4036,-16.532146512055284
4037,-16.532146512055284
4038,-16.532146512055284
4039,-16.532146512055284
4040,-16.532146512055284
4041,-16.532146512055284
4042,-16.532146512055284
4043,-16.532146512055284
4044,-16.532146512055284
4045,-16.532146512055284
4046,-16.532146512055284
4047,-16.532146512055284
4048,-16.532146512055284
4049,-16.532146512055284
4050,-16.532146512055284
4051,-16.532146512055284
4052,-16.532146512055284
4053,-16.532146512055284
4054,-16.532146512055284
4055,-16.532146512055284
4056,-16.532146512055284
4057,-16.532146512055284
4058,-16.532146512055284
4059,-16.532146512055284
4060,-16.532146512055284
4061,-16.532146512055284
4062,-16.532146512055284
4063,-16.532146512055284
4064,-16.532146512055284
4065,-16.532146512055284
4066,-16.532146512055284
4067,-16.532146512055284
4068,-16.532146512055284
4069,-16.532146512055284
4070,-16.532146512055284
4071,-16.532146512055284
4072,-16.532146512055284
4073,-16.532146512055284
4074,-16.532146512055284
4075,-16.532146512055284
4076,-16.532146512055284
4077,-16.532146512055284
4078,-16.532146512055284
4079,-16.532146512055284
4080,-16.532146512055284
4081,-16.532146512055284
4082,-16.532146512055284
4083,-16.532146512055284
4084,-16.532146512055284
4085,-16.532146512055284
4086,-16.532146512055284
4087,-16.532146512055284
4088,-16.532146512055284
4089,-16.532146512055284
4090,-16.532146512055284
4091,-16.532146512055284
4092,-16.532146512055284
4093,-8.582827132251028
4094,-8.582827132251028
4095,-8.582827132251028
4096,-8.582827132251028
4097,-8.582827132251028
4098,-8.582827132251028
4099,-8.582827132251028
4100,-8.582827132251028
4101,-8.582827132251028
4102,-8.582827132251028
4103,-8.582827132251028
4104,-8.582827132251028
4105,-8.582827132251028
4106,-8.582827132251028
4107,-8.582827132251028
4108,-8.582827132251028
4109,-8.582827132251028
4110,-8.582827132251028
4111,-8.582827132251028
4112,-8.582827132251028
4113,-8.582827132251028
4114,-8.582827132251028
4115,-8.582827132251028
4116,-8.582827132251028
4117,-8.582827132251028
4118,-8.582827132251028
4119,-8.582827132251028
4120,-8.582827132251028
4121,-8.582827132251028
4122,-8.582827132251028
4123,-8.582827132251028
4124,-8.582827132251028
4125,-8.582827132251028
4126,-8.582827132251028
4127,-8.582827132251028
4128,-8.582827132251028
4129,-8.582827132251028
4130,-8.582827132251028
4131,-8.582827132251028
4132,-8.582827132251028
4133,-8.582827132251028
4134,-8.582827132251028
4135,-8.582827132251028
4136,-8.582827132251028
4137,-8.582827132251028
4138,-8.582827132251028
4139,-8.582827132251028
4140,-8.582827132251028
4141,-8.582827132251028
4142,-8.582827132251028
4143,-8.582827132251028
4144,-8.582827132251028
4145,-8.582827132251028
4146,-8.582827132251028
4147,-8.582827132251028
4148,-8.582827132251028
4149,-8.582827132251028
4150,-8.582827132251028
4151,-8.582827132251028
4152,-8.582827132251028
4153,-8.582827132251028
4154,-8.582827132251028
4155,-8.582827132251028
4156,-8.582827132251028
4157,-8.582827132251028
4158,-8.582827132251028
4159,-8.582827132251028
4160,-8.582827132251028
4161,-8.582827132251028
4162,-8.582827132251028
4163,-8.582827132251028
4164,-8.582827132251028
4165,-8.582827132251028
4166,-8.582827132251028
4167,-8.582827132251028
4168,-8.582827132251028
4169,-8.582827132251028
4170,-8.582827132251028
4171,-8.582827132251028
4172,-8.582827132251028
4173,-8.582827132251028
4174,-8.582827132251028
4175,-8.582827132251028
4176,-8.582827132251028
4177,-8.582827132251028
4178,-8.582827132251028
4179,-8.582827132251028
4180,-8.582827132251028
4181,-8.582827132251028
4182,-8.582827132251028
4183,-8.582827132251028
4184,-8.582827132251028
4185,-8.582827132251028
4186,-8.582827132251028
4187,-8.582827132251028
4188,-8.582827132251028
4189,-8.582827132251028
4190,-8.582827132251028
4191,-8.582827132251028
4192,-8.582827132251028
4193,-8.582827132251028
4194,-8.582827132251028
4195,-8.582827132251028
4196,-8.582827132251028
4197,-8.582827132251028
4198,-8.582827132251028
4199,-8.582827132251028
4200,-8.582827132251028
4201,-8.582827132251028
4202,-8.582827132251028
4203,-8.582827132251028
4204,-8.582827132251028
4205,-8.582827132251028
4206,-8.582827132251028
4207,-8.582827132251028
4208,-8.582827132251028
4209,-8.582827132251028
4210,-8.582827132251028
4211,-8.582827132251028
4212,-8.582827132251028
4213,-8.582827132251028
4214,-8.582827132251028
4215,-8.582827132251028
4216,-8.582827132251028
4217,-8.582827132251028
4218,-8.582827132251028
4219,-8.582827132251028
4220,-8.582827132251028
4221,-8.582827132251028
4222,-8.582827132251028
4223,-8.582827132251028
4224,-8.582827132251028
4225,-8.582827132251028
4226,-8.582827132251028
4227,-8.582827132251028
4228,-8.582827132251028
4229,-8.582827132251028
4230,-8.582827132251028
4231,-8.582827132251028
4232,-8.582827132251028
4233,-8.582827132251028
4234,-8.582827132251028
4235,-8.582827132251028
4236,-8.582827132251028
4237,-8.582827132251028
4238,-8.582827132251028
4239,-8.582827132251028
4240,-8.582827132251028
4241,-8.582827132251028
4242,-8.582827132251028
4243,-8.582827132251028
4244,-8.582827132251028
4245,-8.582827132251028
4246,-8.582827132251028
4247,-8.582827132251028
4248,-8.582827132251028
4249,-8.582827132251028
4250,-8.582827132251028
4251,-8.582827132251028
4252,-8.582827132251028
4253,-8.582827132251028
4254,-8.582827132251028
4255,-8.582827132251028
4256,-8.582827132251028
4257,-8.582827132251028
4258,-8.582827132251028
4259,-8.582827132251028
4260,-8.582827132251028
4261,-8.582827132251028
4262,-8.582827132251028
4263,-8.582827132251028
4264,-8.582827132251028
4265,-8.582827132251028
4266,-8.582827132251028
4267,-8.582827132251028
4268,-8.582827132251028
4269,-8.582827132251028
4270,-8.582827132251028
4271,-8.582827132251028
4272,-8.582827132251028
4273,-8.582827132251028
4274,-8.582827132251028
4275,-8.582827132251028
4276,-8.582827132251028
4277,-8.582827132251028
4278,-8.582827132251028
4279,-8.582827132251028
4280,-8.582827132251028
4281,-8.582827132251028
4282,-8.582827132251028
4283,-8.582827132251028
4284,-8.582827132251028
4285,-8.582827132251028
4286,-8.582827132251028
4287,-8.582827132251028
4288,-8.582827132251028
4289,-8.582827132251028
4290,-8.582827132251028
4291,-8.582827132251028
4292,-8.582827132251028
4293,-8.582827132251028
4294,-8.582827132251028
4295,-8.582827132251028
4296,-8.582827132251028
4297,-8.582827132251028
4298,-8.582827132251028
4299,-8.582827132251028
4300,-8.582827132251028
4301,-8.582827132251028
4302,-8.582827132251028
4303,-8.582827132251028
4304,-8.582827132251028
4305,-8.582827132251028
4306,-8.582827132251028
4307,-8.582827132251028
4308,-8.582827132251028
4309,-8.582827132251028
4310,-8.582827132251028
4311,-8.582827132251028
4312,-8.582827132251028
4313,-8.582827132251028
4314,-8.582827132251028
4315,-8.582827132251028
4316,-8.582827132251028
4317,-8.582827132251028
4318,-8.582827132251028
4319,-8.582827132251028
4320,-8.582827132251028
4321,-8.582827132251028
4322,-8.582827132251028
4323,-8.582827132251028
4324,-8.582827132251028
4325,-8.582827132251028
4326,-8.582827132251028
4327,-8.582827132251028
4328,-8.582827132251028
4329,-8.582827132251028
4330,-8.582827132251028
4331,-8.582827132251028
4332,-8.582827132251028
4333,-8.582827132251028
4334,-8.582827132251028
4335,-8.582827132251028
4336,-8.582827132251028
4337,-8.582827132251028
4338,-8.582827132251028
4339,-8.582827132251028
4340,-8.582827132251028
4341,-8.582827132251028
4342,-8.582827132251028
4343,-8.582827132251028
4344,-8.582827132251028
4345,-8.582827132251028
4346,-8.582827132251028
4347,-8.582827132251028
4348,-8.582827132251028
4349,-8.582827132251028
4350,-8.582827132251028
4351,-8.582827132251028
4352,-8.582827132251028
4353,-8.582827132251028
4354,-8.582827132251028
4355,-8.582827132251028
4356,-8.582827132251028
4357,-8.582827132251028
4358,-8.582827132251028
4359,-8.582827132251028
4360,-8.582827132251028
4361,-8.582827132251028
4362,-8.582827132251028
4363,-8.582827132251028
4364,-8.582827132251028
4365,-8.582827132251028
4366,-8.582827132251028
4367,-8.582827132251028
4368,-8.582827132251028
4369,-8.582827132251028
4370,-8.582827132251028
4371,-8.582827132251028
4372,-8.582827132251028
4373,-8.582827132251028
4374,-8.582827132251028
4375,-8.582827132251028
4376,-8.582827132251028
4377,-8.582827132251028
4378,-8.582827132251028
4379,-8.582827132251028
4380,-8.582827132251028
4381,-8.582827132251028
4382,-8.582827132251028
4383,-8.582827132251028
4384,-8.582827132251028
4385,-8.582827132251028
4386,-8.582827132251028
4387,-8.582827132251028
4388,-8.582827132251028
4389,-8.582827132251028
4390,-8.582827132251028
4391,-8.582827132251028
4392,-8.582827132251028
4393,-8.582827132251028
4394,-8.582827132251028
4395,-8.582827132251028
4396,-8.582827132251028
4397,-8.582827132251028
4398,-8.582827132251028
4399,-8.582827132251028
4400,-8.582827132251028
4401,-8.582827132251028
4402,-8.582827132251028
4403,-8.582827132251028
4404,-8.582827132251028
4405,-8.582827132251028
4406,-8.582827132251028
4407,-8.582827132251028
4408,-8.582827132251028
4409,-8.582827132251028
4410,-8.582827132251028
4411,-8.582827132251028
4412,-8.582827132251028
4413,-8.582827132251028
4414,-8.582827132251028
4415,-8.582827132251028
4416,-8.582827132251028
4417,-8.582827132251028
4418,-8.582827132251028
4419,-8.582827132251028
4420,-8.582827132251028
4421,-8.582827132251028
4422,-8.582827132251028
4423,-8.582827132251028
4424,-8.582827132251028
4425,-8.582827132251028
4426,-8.582827132251028
4427,-8.582827132251028
4428,2.546219999474935
4429,2.546219999474935
4430,2.546219999474935
4431,2.546219999474935
4432,2.546219999474935
4433,2.546219999474935
4434,2.546219999474935
4435,2.546219999474935
4436,2.546219999474935
4437,2.546219999474935
4438,2.546219999474935
4439,2.546219999474935
4440,2.546219999474935
4441,2.546219999474935
4442,2.546219999474935
4443,2.546219999474935
4444,2.546219999474935
4445,2.546219999474935
4446,2.546219999474935
4447,2.546219999474935
4448,2.546219999474935
4449,2.546219999474935
4450,2.546219999474935
4451,2.546219999474935
4452,2.546219999474935
4453,2.546219999474935
4454,2.546219999474935
4455,2.546219999474935
4456,2.546219999474935
4457,2.546219999474935
4458,2.546219999474935
4459,2.546219999474935
4460,2.546219999474935
4461,2.546219999474935
4462,2.546219999474935
4463,2.546219999474935
4464,2.546219999474935
4465,2.546219999474935
4466,2.546219999474935
4467,2.546219999474935
4468,2.546219999474935
4469,2.546219999474935
4470,2.546219999474935
4471,2.546219999474935
4472,2.546219999474935
4473,2.546219999474935
4474,2.546219999474935
4475,2.546219999474935
4476,2.546219999474935
4477,2.546219999474935
4478,2.546219999474935
4479,2.546219999474935
4480,2.546219999474935
4481,2.546219999474935
4482,2.546219999474935
4483,2.546219999474935
4484,2.546219999474935
4485,2.546219999474935
4486,2.546219999474935
4487,2.546219999474935
4488,2.546219999474935
4489,2.546219999474935
4490,2.546219999474935
4491,2.546219999474935
4492,2.546219999474935
4493,2.546219999474935
4494,2.546219999474935
4495,2.546219999474935
4496,2.546219999474935
4497,2.546219999474935
4498,2.546219999474935
4499,2.546219999474935
4500,2.546219999474935
4501,2.546219999474935
4502,2.546219999474935
4503,2.546219999474935
4504,2.546219999474935
4505,2.546219999474935
4506,2.546219999474935
4507,2.546219999474935
4508,2.546219999474935
4509,2.546219999474935
4510,2.546219999474935
4511,2.546219999474935
4512,2.546219999474935
4513,2.546219999474935
4514,2.546219999474935
4515,2.546219999474935
4516,2.546219999474935
4517,2.546219999474935
4518,2.546219999474935
4519,2.546219999474935
4520,2.546219999474935
4521,2.546219999474935
4522,2.546219999474935
4523,2.546219999474935
4524,2.546219999474935
4525,2.546219999474935
4526,2.546219999474935
4527,2.546219999474935
4528,2.546219999474935
4529,2.546219999474935
4530,2.546219999474935
4531,2.546219999474935
4532,2.546219999474935
4533,2.546219999474935
4534,2.546219999474935
4535,2.546219999474935
4536,2.546219999474935
4537,2.546219999474935
4538,2.546219999474935
4539,2.546219999474935
4540,2.546219999474935
4541,2.546219999474935
4542,2.546219999474935
4543,2.546219999474935
4544,2.546219999474935
4545,2.546219999474935
4546,2.546219999474935
4547,2.546219999474935
4548,2.546219999474935
4549,2.546219999474935
4550,2.546219999474935
4551,2.546219999474935
4552,2.546219999474935
4553,2.546219999474935
4554,2.546219999474935
4555,2.546219999474935
4556,2.546219999474935
4557,2.546219999474935
4558,2.546219999474935
4559,2.546219999474935
4560,2.546219999474935
4561,2.546219999474935
4562,2.546219999474935
4563,2.546219999474935
4564,2.546219999474935
4565,2.546219999474935
4566,2.546219999474935
4567,2.546219999474935
4568,2.546219999474935
4569,2.546219999474935
4570,2.546219999474935
4571,2.546219999474935
4572,2.546219999474935
4573,2.546219999474935
4574,2.546219999474935
4575,2.546219999474935
4576,2.546219999474935
4577,2.546219999474935
4578,2.546219999474935
4579,2.546219999474935
4580,2.546219999474935
4581,2.546219999474935
4582,2.546219999474935
4583,2.546219999474935
4584,2.546219999474935
4585,2.546219999474935
4586,2.546219999474935
4587,2.546219999474935
4588,2.546219999474935
4589,2.546219999474935
4590,2.546219999474935
4591,2.546219999474935
4592,2.546219999474935
4593,2.546219999474935
4594,2.546219999474935
4595,2.546219999474935
4596,2.546219999474935
4597,2.546219999474935
4598,2.546219999474935
4599,2.546219999474935
4600,2.546219999474935
4601,2.546219999474935
4602,2.546219999474935
4603,2.546219999474935
4604,2.546219999474935
4605,2.546219999474935
4606,2.546219999474935
4607,2.546219999474935
4608,2.546219999474935
4609,2.546219999474935
4610,2.546219999474935
4611,2.546219999474935
4612,2.546219999474935
4613,2.546219999474935
4614,2.546219999474935
4615,2.546219999474935
4616,2.546219999474935
4617,2.546219999474935
4618,2.546219999474935
4619,2.546219999474935
4620,2.546219999474935
4621,2.546219999474935
4622,2.546219999474935
4623,2.546219999474935
4624,2.546219999474935
4625,2.546219999474935
4626,2.546219999474935
4627,2.546219999474935
4628,2.546219999474935
4629,2.546219999474935
4630,2.546219999474935
4631,2.546219999474935
4632,2.546219999474935
4633,2.546219999474935
4634,2.546219999474935
4635,2.546219999474935
4636,2.546219999474935
4637,2.546219999474935
4638,2.546219999474935
4639,2.546219999474935
4640,2.546219999474935
4641,2.546219999474935
4642,2.546219999474935
4643,2.546219999474935
4644,2.546219999474935
4645,2.546219999474935
4646,2.546219999474935
4647,2.546219999474935
4648,2.546219999474935
4649,2.546219999474935
4650,2.546219999474935
4651,2.546219999474935
4652,2.546219999474935
4653,2.546219999474935
4654,2.546219999474935
4655,2.546219999474935
4656,2.546219999474935
4657,2.546219999474935
4658,2.546219999474935
4659,2.546219999474935
4660,2.546219999474935
4661,2.546219999474935
4662,2.546219999474935
4663,2.546219999474935
4664,2.546219999474935
4665,2.546219999474935
4666,2.546219999474935
4667,2.546219999474935
4668,2.546219999474935
4669,2.546219999474935
4670,2.546219999474935
4671,2.546219999474935
4672,2.546219999474935
4673,2.546219999474935
4674,2.546219999474935
4675,2.546219999474935
4676,2.546219999474935
4677,2.546219999474935
4678,2.546219999474935
4679,2.546219999474935
4680,2.546219999474935
4681,2.546219999474935
4682,2.546219999474935
4683,2.546219999474935
4684,2.546219999474935
4685,2.546219999474935
4686,2.546219999474935
4687,2.546219999474935
4688,2.546219999474935
4689,2.546219999474935
4690,2.546219999474935
4691,2.546219999474935
4692,2.546219999474935
4693,2.546219999474935
4694,2.546219999474935
4695,2.546219999474935
4696,2.546219999474935
4697,2.546219999474935
4698,2.546219999474935
4699,2.546219999474935
4700,2.546219999474935
4701,2.546219999474935
4702,2.546219999474935
4703,2.546219999474935
4704,2.546219999474935
4705,2.546219999474935
4706,2.546219999474935
4707,2.546219999474935
4708,2.546219999474935
4709,2.546219999474935
4710,2.546219999474935
4711,2.546219999474935
4712,2.546219999474935
4713,2.546219999474935
4714,2.546219999474935
4715,2.546219999474935
4716,2.546219999474935
4717,2.546219999474935
4718,2.546219999474935
4719,2.546219999474935
4720,2.546219999474935
4721,2.546219999474935
4722,2.546219999474935
4723,2.546219999474935
4724,2.546219999474935
4725,2.546219999474935
4726,2.546219999474935
4727,2.546219999474935
4728,2.546219999474935
4729,2.546219999474935
4730,2.546219999474935
4731,2.546219999474935
4732,2.546219999474935
4733,2.546219999474935
4734,2.546219999474935
4735,2.546219999474935
4736,2.546219999474935
4737,2.546219999474935
4738,2.546219999474935
4739,2.546219999474935
4740,2.546219999474935
4741,2.546219999474935
4742,2.546219999474935
4743,2.546219999474935
4744,2.546219999474935
4745,2.546219999474935
4746,2.546219999474935
4747,2.546219999474935
4748,2.546219999474935
4749,2.546219999474935
4750,2.546219999474935
4751,2.546219999474935
4752,2.546219999474935
4753,2.546219999474935
4754,2.546219999474935
4755,2.546219999474935
4756,2.546219999474935
4757,2.546219999474935
4758,2.546219999474935
4759,2.546219999474935
4760,2.546219999474935
4761,2.546219999474935
4762,2.546219999474935
4763,2.546219999474935
4764,2.546219999474935
4765,2.546219999474935
4766,2.546219999474935
4767,2.546219999474935
4768,2.546219999474935
4769,2.546219999474935
4770,2.546219999474935
4771,2.546219999474935
4772,2.546219999474935
4773,2.546219999474935
4774,2.546219999474935
4775,2.546219999474935
4776,2.546219999474935
4777,2.546219999474935
4778,2.546219999474935
4779,2.546219999474935
4780,2.546219999474935
4781,2.546219999474935
4782,2.546219999474935
4783,2.546219999474935
4784,2.546219999474935
4785,2.546219999474935
4786,2.546219999474935
4787,2.546219999474935
4788,2.546219999474935
4789,2.546219999474935
4790,2.546219999474935
4791,2.546219999474935
4792,2.546219999474935
4793,2.546219999474935
4794,2.546219999474935
4795,2.546219999474935
4796,2.546219999474935
4797,2.546219999474935
4798,2.546219999474935
4799,2.546219999474935
4800,2.546219999474935
4801,2.546219999474935
4802,2.546219999474935
4803,2.546219999474935
4804,2.546219999474935
4805,2.546219999474935
4806,2.546219999474935
4807,2.546219999474935
4808,2.546219999474935
4809,2.546219999474935
4810,2.546219999474935
4811,2.546219999474935
4812,2.546219999474935
4813,2.546219999474935
4814,2.546219999474935
4815,2.546219999474935
4816,2.546219999474935
4817,2.546219999474935
4818,2.546219999474935
4819,2.546219999474935
4820,2.546219999474935
4821,2.546219999474935
4822,2.546219999474935
4823,2.546219999474935
4824,2.546219999474935
4825,2.546219999474935
4826,2.546219999474935
4827,2.546219999474935
4828,2.546219999474935
4829,2.546219999474935
4830,2.546219999474935
4831,2.546219999474935
4832,2.546219999474935
4833,2.546219999474935
4834,2.546219999474935
4835,2.546219999474935
4836,2.546219999474935
4837,2.546219999474935
4838,2.546219999474935
4839,2.546219999474935
4840,2.546219999474935
4841,2.546219999474935
4842,2.546219999474935
4843,2.546219999474935
4844,2.546219999474935
4845,2.546219999474935
4846,2.546219999474935
4847,2.546219999474935
4848,2.546219999474935
4849,2.546219999474935
4850,2.546219999474935
4851,2.546219999474935
4852,2.546219999474935
4853,2.546219999474935
4854,2.546219999474935
4855,2.546219999474935
4856,2.546219999474935
4857,2.546219999474935
4858,2.546219999474935
4859,2.546219999474935
4860,2.546219999474935
4861,2.546219999474935
4862,2.546219999474935
4863,2.546219999474935
4864,2.546219999474935
4865,2.546219999474935
4866,2.546219999474935
4867,2.546219999474935
4868,2.546219999474935
4869,2.546219999474935
4870,2.546219999474935
4871,2.546219999474935
4872,2.546219999474935
4873,2.546219999474935
4874,2.546219999474935
4875,2.546219999474935
4876,2.546219999474935
4877,2.546219999474935
4878,2.546219999474935
4879,2.546219999474935
4880,2.546219999474935
4881,2.546219999474935
4882,2.546219999474935
4883,2.546219999474935
4884,2.546219999474935
4885,2.546219999474935
4886,2.546219999474935
4887,2.546219999474935
4888,2.546219999474935
4889,2.546219999474935
4890,2.546219999474935
4891,2.546219999474935
4892,2.546219999474935
4893,2.546219999474935
4894,2.546219999474935
4895,2.546219999474935
4896,2.546219999474935
4897,2.546219999474935
4898,2.546219999474935
4899,2.546219999474935
4900,2.546219999474935
4901,2.546219999474935
4902,2.546219999474935
4903,2.546219999474935
4904,2.546219999474935
4905,2.546219999474935
4906,2.546219999474935
4907,2.546219999474935
4908,2.546219999474935
4909,2.546219999474935
4910,2.546219999474935
4911,2.546219999474935
4912,2.546219999474935
4913,2.546219999474935
4914,2.546219999474935
4915,2.546219999474935
4916,2.546219999474935
4917,2.546219999474935
4918,2.546219999474935
4919,2.546219999474935
4920,2.546219999474935
4921,2.546219999474935
4922,2.546219999474935
4923,2.546219999474935
4924,2.546219999474935
4925,2.546219999474935
4926,2.546219999474935
4927,2.546219999474935
4928,2.546219999474935
4929,2.546219999474935
4930,2.546219999474935
4931,2.546219999474935
4932,2.546219999474935
4933,2.546219999474935
4934,2.546219999474935
4935,2.546219999474935
4936,2.546219999474935
4937,2.546219999474935
4938,2.546219999474935
4939,2.546219999474935
4940,2.546219999474935
4941,2.546219999474935
4942,2.546219999474935
4943,2.546219999474935
4944,2.546219999474935
4945,2.546219999474935
4946,2.546219999474935
4947,2.546219999474935
4948,2.546219999474935
4949,2.546219999474935
4950,2.546219999474935
4951,2.546219999474935
4952,2.546219999474935
4953,2.546219999474935
4954,2.546219999474935
4955,2.546219999474935
4956,2.546219999474935
4957,2.546219999474935
4958,2.546219999474935
4959,2.546219999474935
4960,2.546219999474935
4961,2.546219999474935
4962,2.546219999474935
4963,2.546219999474935
4964,2.546219999474935
4965,2.546219999474935
4966,2.546219999474935
4967,2.546219999474935
4968,2.546219999474935
4969,2.546219999474935
4970,2.546219999474935
4971,2.546219999474935
4972,2.546219999474935
4973,2.546219999474935
4974,2.546219999474935
4975,2.546219999474935
4976,2.546219999474935
4977,2.546219999474935
4978,2.546219999474935
4979,2.546219999474935
4980,2.546219999474935
4981,2.546219999474935
4982,2.546219999474935
4983,2.546219999474935
4984,2.546219999474935
4985,2.546219999474935
4986,2.546219999474935
4987,2.546219999474935
4988,2.546219999474935
4989,2.546219999474935
4990,2.546219999474935
4991,2.546219999474935
4992,2.546219999474935
4993,2.546219999474935
4994,2.546219999474935
4995,2.546219999474935
4996,2.546219999474935
4997,2.546219999474935
4998,2.546219999474935
4999,2.546219999474935
5000,2.546219999474935
5001,2.546219999474935
5002,2.546219999474935
5003,2.546219999474935
5004,2.546219999474935
5005,2.546219999474935
5006,2.546219999474935
5007,2.546219999474935
5008,2.546219999474935
5009,2.546219999474935
5010,2.546219999474935
5011,2.546219999474935
5012,2.546219999474935
5013,2.546219999474935
5014,2.546219999474935
5015,2.546219999474935
5016,2.546219999474935
5017,2.546219999474935
5018,2.546219999474935
5019,2.546219999474935
5020,2.546219999474935
5021,2.546219999474935
5022,2.546219999474935
5023,2.546219999474935
5024,2.546219999474935
5025,2.546219999474935
5026,2.546219999474935
5027,2.546219999474935
5028,2.546219999474935
5029,2.546219999474935
5030,2.546219999474935
5031,2.546219999474935
5032,2.546219999474935
5033,2.546219999474935
5034,2.546219999474935
5035,2.546219999474935
5036,2.546219999474935
5037,2.546219999474935
5038,2.546219999474935
5039,2.546219999474935
5040,2.546219999474935
5041,2.546219999474935
5042,2.546219999474935
5043,2.546219999474935
5044,2.546219999474935
5045,2.546219999474935
5046,2.546219999474935
5047,2.546219999474935
5048,2.546219999474935
5049,2.546219999474935
5050,2.546219999474935
5051,2.546219999474935
5052,2.546219999474935
5053,2.546219999474935
5054,2.546219999474935
5055,2.546219999474935
5056,2.546219999474935
5057,2.546219999474935
5058,2.546219999474935
5059,2.546219999474935
5060,2.546219999474935
5061,2.546219999474935
5062,2.546219999474935
5063,2.546219999474935
5064,2.546219999474935
5065,2.546219999474935
5066,2.546219999474935
5067,2.546219999474935
5068,2.546219999474935
5069,2.546219999474935
5070,2.546219999474935
5071,2.546219999474935
5072,2.546219999474935
5073,2.546219999474935
5074,2.546219999474935
5075,2.546219999474935
5076,2.546219999474935
5077,2.546219999474935
5078,2.546219999474935
5079,2.546219999474935
5080,2.546219999474935
5081,2.546219999474935
5082,2.546219999474935
5083,2.546219999474935
5084,2.546219999474935
5085,2.546219999474935
5086,2.546219999474935
5087,2.546219999474935
5088,2.546219999474935
5089,2.546219999474935
5090,2.546219999474935
5091,2.546219999474935
5092,2.546219999474935
5093,2.546219999474935
5094,2.546219999474935
5095,2.546219999474935
5096,2.546219999474935
5097,2.546219999474935
5098,2.546219999474935
5099,2.546219999474935
5100,2.546219999474935
5101,2.546219999474935
5102,2.546219999474935
5103,2.546219999474935
5104,2.546219999474935
5105,2.546219999474935
5106,2.546219999474935
5107,2.546219999474935
5108,2.546219999474935
5109,2.546219999474935
5110,2.546219999474935
5111,2.546219999474935
5112,2.546219999474935
5113,2.546219999474935
5114,2.546219999474935
5115,2.546219999474935
5116,2.546219999474935
5117,2.546219999474935
5118,2.546219999474935
5119,2.546219999474935
5120,2.546219999474935
5121,2.546219999474935
5122,2.546219999474935
5123,2.546219999474935
5124,2.546219999474935
5125,2.546219999474935
5126,2.546219999474935
5127,2.546219999474935
5128,2.546219999474935
5129,2.546219999474935
5130,2.546219999474935
5131,2.546219999474935
5132,2.546219999474935
5133,2.546219999474935
5134,2.546219999474935
5135,2.546219999474935
5136,2.546219999474935
5137,2.546219999474935
5138,2.546219999474935
5139,2.546219999474935
5140,2.546219999474935
5141,2.546219999474935
5142,2.546219999474935
5143,2.546219999474935
5144,2.546219999474935
5145,2.546219999474935
5146,2.546219999474935
5147,2.546219999474935
5148,2.546219999474935
5149,2.546219999474935
5150,2.546219999474935
5151,2.546219999474935
5152,2.546219999474935
5153,2.546219999474935
5154,2.546219999474935
5155,2.546219999474935
5156,2.546219999474935
5157,2.546219999474935
5158,2.546219999474935
5159,2.546219999474935
5160,2.546219999474935
5161,2.546219999474935
5162,2.546219999474935
5163,2.546219999474935
5164,2.546219999474935
5165,2.546219999474935
5166,2.546219999474935
5167,2.546219999474935
5168,2.546219999474935
5169,2.546219999474935
5170,2.546219999474935
5171,2.546219999474935
5172,2.546219999474935
5173,2.546219999474935
5174,2.546219999474935
5175,2.546219999474935
5176,2.546219999474935
5177,2.546219999474935
5178,2.546219999474935
5179,2.546219999474935
5180,2.546219999474935
5181,2.546219999474935
5182,2.546219999474935
5183,2.546219999474935
5184,2.546219999474935
5185,2.546219999474935
5186,2.546219999474935
5187,2.546219999474935
5188,2.546219999474935
5189,2.546219999474935
5190,2.546219999474935
5191,2.546219999474935
5192,2.546219999474935
5193,2.546219999474935
5194,2.546219999474935
5195,2.546219999474935
5196,2.546219999474935
5197,2.546219999474935
5198,2.546219999474935
5199,2.546219999474935
5200,2.546219999474935
5201,2.546219999474935
5202,2.546219999474935
5203,2.546219999474935
5204,2.546219999474935
5205,2.546219999474935
5206,2.546219999474935
5207,2.546219999474935
5208,2.546219999474935
5209,2.546219999474935
5210,2.546219999474935
5211,2.546219999474935
5212,2.546219999474935
5213,2.546219999474935
5214,2.546219999474935
5215,2.546219999474935
5216,2.546219999474935
5217,2.546219999474935
5218,2.546219999474935
5219,2.546219999474935
5220,2.546219999474935
5221,2.546219999474935
5222,2.546219999474935
5223,2.546219999474935
5224,2.546219999474935
5225,2.546219999474935
5226,2.546219999474935
5227,2.546219999474935
5228,2.546219999474935
5229,2.546219999474935
5230,2.546219999474935
5231,2.546219999474935
5232,2.546219999474935
5233,2.546219999474935
5234,2.546219999474935
5235,2.546219999474935
5236,2.546219999474935
5237,2.546219999474935
5238,2.546219999474935
5239,2.546219999474935
5240,2.546219999474935
5241,2.546219999474935
5242,2.546219999474935
5243,2.546219999474935
5244,2.546219999474935
5245,2.546219999474935
5246,2.546219999474935
5247,2.546219999474935
5248,2.546219999474935
5249,2.546219999474935
5250,2.546219999474935
5251,2.546219999474935
5252,2.546219999474935
5253,2.546219999474935
5254,2.546219999474935
5255,2.546219999474935
5256,2.546219999474935
5257,2.546219999474935
5258,2.546219999474935
5259,2.546219999474935
5260,2.546219999474935
5261,2.546219999474935
5262,2.546219999474935
5263,2.546219999474935
5264,2.546219999474935
5265,2.546219999474935
5266,2.546219999474935
5267,2.546219999474935
5268,2.546219999474935
5269,2.546219999474935
5270,2.546219999474935
5271,2.546219999474935
5272,2.546219999474935
5273,2.546219999474935
5274,2.546219999474935
5275,2.546219999474935
5276,2.546219999474935
5277,2.546219999474935
5278,2.546219999474935
5279,2.546219999474935
5280,2.546219999474935
5281,2.546219999474935
5282,2.546219999474935
5283,2.546219999474935
5284,2.546219999474935
5285,2.546219999474935
5286,2.546219999474935
5287,2.546219999474935
5288,2.546219999474935
5289,2.546219999474935
5290,2.546219999474935
5291,2.546219999474935
5292,2.546219999474935
5293,2.546219999474935
5294,2.546219999474935
5295,2.546219999474935
5296,2.546219999474935
5297,2.546219999474935
5298,2.546219999474935
5299,2.546219999474935
5300,2.546219999474935
5301,2.546219999474935
5302,2.546219999474935
5303,2.546219999474935
5304,2.546219999474935
5305,2.546219999474935
5306,2.546219999474935
5307,2.546219999474935
5308,2.546219999474935
5309,2.546219999474935
5310,2.546219999474935
5311,2.546219999474935
5312,2.546219999474935
5313,2.546219999474935
5314,2.546219999474935
5315,2.546219999474935
5316,2.546219999474935
5317,2.546219999474935
5318,2.546219999474935
5319,2.546219999474935
5320,2.546219999474935
5321,2.546219999474935
5322,2.546219999474935
5323,2.546219999474935
5324,2.546219999474935
5325,2.546219999474935
5326,2.546219999474935
5327,2.546219999474935
5328,2.546219999474935
5329,2.546219999474935
5330,2.546219999474935
5331,2.546219999474935
5332,2.546219999474935
5333,2.546219999474935
5334,2.546219999474935
5335,2.546219999474935
5336,2.546219999474935
5337,2.546219999474935
5338,2.546219999474935
5339,2.546219999474935
5340,2.546219999474935
5341,2.546219999474935
5342,2.546219999474935
5343,2.546219999474935
5344,2.546219999474935
5345,2.546219999474935
5346,2.546219999474935
5347,2.546219999474935
5348,2.546219999474935
5349,2.546219999474935
5350,2.546219999474935
5351,2.546219999474935
5352,2.546219999474935
5353,2.546219999474935
5354,2.546219999474935
5355,2.546219999474935
5356,2.546219999474935
5357,2.546219999474935
5358,2.546219999474935
5359,2.546219999474935
5360,2.546219999474935
5361,2.546219999474935
5362,2.546219999474935
5363,2.546219999474935
5364,2.546219999474935
5365,2.546219999474935
5366,2.546219999474935
5367,2.546219999474935
5368,2.546219999474935
5369,2.546219999474935
5370,2.546219999474935
5371,2.546219999474935
5372,2.546219999474935
5373,2.546219999474935
5374,2.546219999474935
5375,2.546219999474935
5376,2.546219999474935
5377,2.546219999474935
5378,2.546219999474935
5379,2.546219999474935
5380,2.546219999474935
5381,2.546219999474935
5382,2.546219999474935
5383,2.546219999474935
5384,2.546219999474935
5385,2.546219999474935
5386,2.546219999474935
5387,2.546219999474935
5388,2.546219999474935
5389,2.546219999474935
5390,2.546219999474935
5391,2.546219999474935
5392,2.546219999474935
5393,2.546219999474935
5394,2.546219999474935
5395,2.546219999474935
5396,2.546219999474935
5397,2.546219999474935
5398,2.546219999474935
5399,2.546219999474935
5400,2.546219999474935
5401,2.546219999474935
5402,2.546219999474935
5403,2.546219999474935
5404,2.546219999474935
5405,2.546219999474935
5406,2.546219999474935
5407,2.546219999474935
5408,2.546219999474935
5409,2.546219999474935
5410,2.546219999474935
5411,2.546219999474935
5412,2.546219999474935
5413,2.546219999474935
5414,2.546219999474935
5415,2.546219999474935
5416,2.546219999474935
5417,2.546219999474935
5418,2.546219999474935
5419,2.546219999474935
5420,2.546219999474935
5421,2.546219999474935
5422,2.546219999474935
5423,2.546219999474935
5424,2.546219999474935
5425,2.546219999474935
5426,2.546219999474935
5427,2.546219999474935
5428,2.546219999474935
5429,2.546219999474935
5430,2.546219999474935
5431,2.546219999474935
5432,2.546219999474935
5433,2.546219999474935
5434,2.546219999474935
5435,2.546219999474935
5436,2.546219999474935
5437,2.546219999474935
5438,2.546219999474935
5439,2.546219999474935
5440,2.546219999474935
5441,2.546219999474935
5442,2.546219999474935
5443,2.546219999474935
5444,2.546219999474935
5445,2.546219999474935
5446,2.546219999474935
5447,2.546219999474935
5448,2.546219999474935
5449,2.546219999474935
5450,2.546219999474935
5451,2.546219999474935
5452,2.546219999474935
5453,2.546219999474935
5454,2.546219999474935
5455,2.546219999474935
5456,2.546219999474935
5457,2.546219999474935
5458,2.546219999474935
5459,2.546219999474935
5460,2.546219999474935
5461,2.546219999474935
5462,2.546219999474935
5463,2.546219999474935
5464,2.546219999474935
5465,2.546219999474935
5466,2.546219999474935
5467,2.546219999474935
5468,2.546219999474935
5469,2.546219999474935
5470,2.546219999474935
5471,2.546219999474935
5472,2.546219999474935
5473,2.546219999474935
5474,2.546219999474935
5475,2.546219999474935
5476,2.546219999474935
5477,2.546219999474935
5478,2.546219999474935
5479,2.546219999474935
5480,2.546219999474935
5481,2.546219999474935
5482,2.546219999474935
5483,2.546219999474935
5484,2.546219999474935
5485,2.546219999474935
5486,2.546219999474935
5487,2.546219999474935
5488,2.546219999474935
5489,2.546219999474935
5490,2.546219999474935
5491,2.546219999474935
5492,2.546219999474935
5493,2.546219999474935
5494,2.546219999474935
5495,2.546219999474935
5496,2.546219999474935
5497,2.546219999474935
5498,2.546219999474935
5499,2.546219999474935
5500,2.546219999474935
5501,2.546219999474935
5502,2.546219999474935
5503,2.546219999474935
5504,2.546219999474935
5505,2.546219999474935
5506,2.546219999474935
5507,2.546219999474935
5508,2.546219999474935
5509,2.546219999474935
5510,2.546219999474935
5511,2.546219999474935
5512,2.546219999474935
5513,2.546219999474935
5514,2.546219999474935
5515,2.546219999474935
5516,2.546219999474935
5517,2.546219999474935
5518,2.546219999474935
5519,2.546219999474935
5520,2.546219999474935
5521,2.546219999474935
5522,2.546219999474935
5523,2.546219999474935
5524,2.546219999474935
5525,2.546219999474935
5526,2.546219999474935
5527,2.546219999474935
5528,2.546219999474935
5529,2.546219999474935
5530,2.546219999474935
5531,2.546219999474935
5532,2.546219999474935
5533,2.546219999474935
5534,2.546219999474935
5535,2.546219999474935
5536,2.546219999474935
5537,2.546219999474935
5538,2.546219999474935
5539,2.546219999474935
5540,2.546219999474935
5541,2.546219999474935
5542,2.546219999474935
5543,2.546219999474935
5544,2.546219999474935
5545,2.546219999474935
5546,2.546219999474935
5547,2.546219999474935
5548,2.546219999474935
5549,2.546219999474935
5550,2.546219999474935
5551,2.546219999474935
5552,2.546219999474935
5553,2.546219999474935
5554,2.546219999474935
5555,2.546219999474935
5556,2.546219999474935
5557,2.546219999474935
5558,2.546219999474935
5559,2.546219999474935
5560,2.546219999474935
5561,2.546219999474935
5562,2.546219999474935
5563,2.546219999474935
5564,2.546219999474935
5565,2.546219999474935
5566,2.546219999474935
5567,2.546219999474935
5568,2.546219999474935
5569,2.546219999474935
5570,2.546219999474935
5571,2.546219999474935
5572,2.546219999474935
5573,2.546219999474935
5574,2.546219999474935
5575,2.546219999474935
5576,2.546219999474935
5577,2.546219999474935
5578,2.546219999474935
5579,2.546219999474935
5580,2.546219999474935
5581,2.546219999474935
5582,2.546219999474935
5583,2.546219999474935
5584,2.546219999474935
5585,2.546219999474935
5586,2.546219999474935
5587,2.546219999474935
5588,2.546219999474935
5589,2.546219999474935
5590,2.546219999474935
5591,2.546219999474935
5592,2.546219999474935
5593,2.546219999474935
5594,2.546219999474935
5595,2.546219999474935
5596,2.546219999474935
5597,2.546219999474935
5598,2.546219999474935
5599,2.546219999474935
5600,2.546219999474935
5601,2.546219999474935
5602,2.546219999474935
5603,2.546219999474935
5604,2.546219999474935
5605,2.546219999474935
5606,2.546219999474935
5607,2.546219999474935
5608,2.546219999474935
5609,2.546219999474935
5610,2.546219999474935
5611,2.546219999474935
5612,2.546219999474935
5613,2.546219999474935
5614,2.546219999474935
5615,2.546219999474935
5616,2.546219999474935
5617,2.546219999474935
5618,2.546219999474935
5619,2.546219999474935
5620,2.546219999474935
5621,2.546219999474935
5622,2.546219999474935
5623,2.546219999474935
5624,2.546219999474935
5625,2.546219999474935
5626,2.546219999474935
5627,2.546219999474935
5628,2.546219999474935
5629,2.546219999474935
5630,2.546219999474935
5631,2.546219999474935
5632,2.546219999474935
5633,2.546219999474935
5634,2.546219999474935
5635,2.546219999474935
5636,2.546219999474935
5637,2.546219999474935
5638,2.546219999474935
5639,2.546219999474935
5640,2.546219999474935
5641,2.546219999474935
5642,2.546219999474935
5643,2.546219999474935
5644,2.546219999474935
5645,2.546219999474935
5646,2.546219999474935
5647,2.546219999474935
5648,2.546219999474935
5649,2.546219999474935
5650,2.546219999474935
5651,2.546219999474935
5652,2.546219999474935
5653,2.546219999474935
5654,2.546219999474935
5655,2.546219999474935
5656,2.546219999474935
5657,2.546219999474935
5658,2.546219999474935
5659,2.546219999474935
5660,2.546219999474935
5661,2.546219999474935
5662,2.546219999474935
5663,2.546219999474935
5664,2.546219999474935
5665,2.546219999474935
5666,2.546219999474935
5667,2.546219999474935
5668,2.546219999474935
5669,2.546219999474935
5670,2.546219999474935
5671,2.546219999474935
5672,2.546219999474935
5673,2.546219999474935
5674,2.546219999474935
5675,2.546219999474935
5676,2.546219999474935
5677,2.546219999474935
5678,2.546219999474935
5679,2.546219999474935
5680,2.546219999474935
5681,2.546219999474935
5682,2.546219999474935
5683,2.546219999474935
5684,2.546219999474935
5685,2.546219999474935
5686,2.546219999474935
5687,2.546219999474935
5688,2.546219999474935
5689,2.546219999474935
5690,2.546219999474935
5691,2.546219999474935
5692,2.546219999474935
5693,2.546219999474935
5694,2.546219999474935
5695,2.546219999474935
5696,2.546219999474935
5697,2.546219999474935
5698,2.546219999474935
5699,2.546219999474935
5700,2.546219999474935
5701,2.546219999474935
5702,2.546219999474935
5703,2.546219999474935
5704,2.546219999474935
5705,2.546219999474935
5706,2.546219999474935
5707,2.546219999474935
5708,2.546219999474935
5709,2.546219999474935
5710,2.546219999474935
5711,2.546219999474935
5712,2.546219999474935
5713,2.546219999474935
5714,2.546219999474935
5715,2.546219999474935
5716,2.546219999474935
5717,2.546219999474935
5718,2.546219999474935
5719,2.546219999474935
5720,2.546219999474935
5721,2.546219999474935
5722,2.546219999474935
5723,2.546219999474935
5724,2.546219999474935
5725,2.546219999474935
5726,2.546219999474935
5727,2.546219999474935
5728,2.546219999474935
5729,2.546219999474935
5730,2.546219999474935
5731,2.546219999474935
5732,2.546219999474935
5733,2.546219999474935
5734,2.546219999474935
5735,2.546219999474935
5736,2.546219999474935
5737,2.546219999474935
5738,2.546219999474935
5739,2.546219999474935
5740,2.546219999474935
5741,2.546219999474935
5742,2.546219999474935
5743,2.546219999474935
5744,2.546219999474935
5745,2.546219999474935
5746,2.546219999474935
5747,2.546219999474935
5748,2.546219999474935
5749,2.546219999474935
5750,2.546219999474935
5751,2.546219999474935
5752,2.546219999474935
5753,2.546219999474935
5754,2.546219999474935
5755,2.546219999474935
5756,2.546219999474935
5757,2.546219999474935
5758,2.546219999474935
5759,2.546219999474935
5760,2.546219999474935
5761,2.546219999474935
5762,2.546219999474935
5763,2.546219999474935
5764,2.546219999474935
5765,2.546219999474935
5766,2.546219999474935
5767,2.546219999474935
5768,2.546219999474935
5769,2.546219999474935
5770,2.546219999474935
5771,2.546219999474935
5772,2.546219999474935
5773,2.546219999474935
5774,2.546219999474935
5775,2.546219999474935
5776,2.546219999474935
5777,2.546219999474935
5778,2.546219999474935
5779,2.546219999474935
5780,2.546219999474935
5781,2.546219999474935
5782,2.546219999474935
5783,2.546219999474935
5784,2.546219999474935
5785,2.546219999474935
5786,2.546219999474935
5787,2.546219999474935
5788,2.546219999474935
5789,2.546219999474935
5790,2.546219999474935
5791,2.546219999474935
5792,2.546219999474935
5793,2.546219999474935
5794,2.546219999474935
5795,2.546219999474935
5796,2.546219999474935
5797,2.546219999474935
5798,2.546219999474935
5799,2.546219999474935
5800,2.546219999474935
5801,2.546219999474935
5802,2.546219999474935
5803,2.546219999474935
5804,2.546219999474935
5805,2.546219999474935
5806,2.546219999474935
5807,2.546219999474935
5808,2.546219999474935
5809,2.546219999474935
5810,2.546219999474935
5811,2.546219999474935
5812,2.546219999474935
5813,2.546219999474935
5814,2.546219999474935
5815,2.546219999474935
5816,2.546219999474935
5817,2.546219999474935
5818,2.546219999474935
5819,2.546219999474935
5820,2.546219999474935
5821,2.546219999474935
5822,2.546219999474935
5823,2.546219999474935
5824,2.546219999474935
5825,2.546219999474935
5826,2.546219999474935
5827,2.546219999474935
5828,2.546219999474935
5829,2.546219999474935
5830,2.546219999474935
5831,2.546219999474935
5832,2.546219999474935
5833,2.546219999474935
5834,2.546219999474935
5835,2.546219999474935
5836,2.546219999474935
5837,2.546219999474935
5838,2.546219999474935
5839,2.546219999474935
5840,2.546219999474935
5841,2.546219999474935
5842,2.546219999474935
5843,2.546219999474935
5844,2.546219999474935
5845,2.546219999474935
5846,2.546219999474935
5847,2.546219999474935
5848,2.546219999474935
5849,2.546219999474935
5850,2.546219999474935
5851,2.546219999474935
5852,2.546219999474935
5853,2.546219999474935
5854,2.546219999474935
5855,2.546219999474935
5856,2.546219999474935
5857,2.546219999474935
5858,2.546219999474935
5859,2.546219999474935
5860,2.546219999474935
5861,2.546219999474935
5862,2.546219999474935
5863,2.546219999474935
5864,2.546219999474935
5865,2.546219999474935
5866,2.546219999474935
5867,2.546219999474935
5868,2.546219999474935
5869,2.546219999474935
5870,2.546219999474935
5871,2.546219999474935
5872,2.546219999474935
5873,2.546219999474935
5874,2.546219999474935
5875,2.546219999474935
5876,2.546219999474935
5877,2.546219999474935
5878,2.546219999474935
5879,2.546219999474935
5880,2.546219999474935
5881,2.546219999474935
5882,2.546219999474935
5883,2.546219999474935
5884,2.546219999474935
5885,2.546219999474935
5886,2.546219999474935
5887,2.546219999474935
5888,2.546219999474935
5889,2.546219999474935
5890,2.546219999474935
5891,2.546219999474935
5892,2.546219999474935
5893,2.546219999474935
5894,2.546219999474935
5895,2.546219999474935
5896,2.546219999474935
5897,2.546219999474935
5898,2.546219999474935
5899,2.546219999474935
5900,2.546219999474935
5901,2.546219999474935
5902,2.546219999474935
5903,2.546219999474935
5904,2.546219999474935
5905,2.546219999474935
5906,2.546219999474935
5907,2.546219999474935
5908,2.546219999474935
5909,2.546219999474935
5910,2.546219999474935
5911,2.546219999474935
5912,2.546219999474935
5913,2.546219999474935
5914,2.546219999474935
5915,2.546219999474935
5916,2.546219999474935
5917,2.546219999474935
5918,2.546219999474935
5919,2.546219999474935
5920,2.546219999474935
5921,2.546219999474935
5922,2.546219999474935
5923,2.546219999474935
5924,2.546219999474935
5925,2.546219999474935
5926,2.546219999474935
5927,2.546219999474935
5928,2.546219999474935
5929,2.546219999474935
5930,2.546219999474935
5931,2.546219999474935
5932,2.546219999474935
5933,2.546219999474935
5934,2.546219999474935
5935,2.546219999474935
5936,2.546219999474935
5937,2.546219999474935
5938,2.546219999474935
5939,2.546219999474935
5940,2.546219999474935
5941,2.546219999474935
5942,2.546219999474935
5943,2.546219999474935
5944,2.546219999474935
5945,2.546219999474935
5946,2.546219999474935
5947,2.546219999474935
5948,2.546219999474935
5949,2.546219999474935
5950,2.546219999474935
5951,2.546219999474935
5952,2.546219999474935
5953,2.546219999474935
5954,2.546219999474935
5955,2.546219999474935
5956,2.546219999474935
5957,2.546219999474935
5958,2.546219999474935
5959,2.546219999474935
5960,2.546219999474935
5961,2.546219999474935
5962,2.546219999474935
5963,2.546219999474935
5964,2.546219999474935
5965,2.546219999474935
5966,2.546219999474935
5967,2.546219999474935
5968,2.546219999474935
5969,2.546219999474935
5970,2.546219999474935
5971,2.546219999474935
5972,2.546219999474935
5973,2.546219999474935
5974,2.546219999474935
5975,2.546219999474935
5976,2.546219999474935
5977,2.546219999474935
5978,2.546219999474935
5979,2.546219999474935
5980,2.546219999474935
5981,2.546219999474935
5982,2.546219999474935
5983,2.546219999474935
5984,2.546219999474935
5985,2.546219999474935
5986,2.546219999474935
5987,2.546219999474935
5988,2.546219999474935
5989,2.546219999474935
5990,2.546219999474935
5991,2.546219999474935
5992,2.546219999474935
5993,2.546219999474935
5994,2.546219999474935
5995,2.546219999474935
5996,2.546219999474935
5997,2.546219999474935
5998,2.546219999474935
5999,2.546219999474935
6000,2.546219999474935
6001,2.546219999474935
6002,2.546219999474935
6003,2.546219999474935
6004,2.546219999474935
6005,2.546219999474935
6006,2.546219999474935
6007,2.546219999474935
6008,2.546219999474935
6009,2.546219999474935
6010,2.546219999474935
6011,2.546219999474935
6012,2.546219999474935
6013,2.546219999474935
6014,2.546219999474935
6015,2.546219999474935
6016,2.546219999474935
6017,2.546219999474935
6018,2.546219999474935
6019,2.546219999474935
6020,2.546219999474935
6021,2.546219999474935
6022,2.546219999474935
6023,2.546219999474935
6024,2.546219999474935
6025,2.546219999474935
6026,2.546219999474935
6027,2.546219999474935
6028,2.546219999474935
6029,2.546219999474935
6030,2.546219999474935
6031,2.546219999474935
6032,2.546219999474935
6033,2.546219999474935
6034,2.546219999474935
6035,2.546219999474935
6036,2.546219999474935
6037,2.546219999474935
6038,2.546219999474935
6039,2.546219999474935
6040,2.546219999474935
6041,2.546219999474935
6042,2.546219999474935
6043,2.546219999474935
6044,2.546219999474935
6045,2.546219999474935
6046,2.546219999474935
6047,2.546219999474935
6048,2.546219999474935
6049,2.546219999474935
6050,2.546219999474935
6051,2.546219999474935
6052,2.546219999474935
6053,2.546219999474935
6054,2.546219999474935
6055,2.546219999474935
6056,2.546219999474935
6057,2.546219999474935
6058,2.546219999474935
6059,2.546219999474935
6060,2.546219999474935
6061,2.546219999474935
6062,2.546219999474935
6063,2.546219999474935
6064,2.546219999474935
6065,2.546219999474935
6066,2.546219999474935
6067,2.546219999474935
6068,2.546219999474935
6069,2.546219999474935
6070,2.546219999474935
6071,2.546219999474935
6072,2.546219999474935
6073,2.546219999474935
6074,2.546219999474935
6075,2.546219999474935
6076,2.546219999474935
6077,2.546219999474935
6078,2.546219999474935
6079,2.546219999474935
6080,2.546219999474935
6081,2.546219999474935
6082,2.546219999474935
6083,2.546219999474935
6084,2.546219999474935
6085,2.546219999474935
6086,2.546219999474935
6087,2.546219999474935
6088,2.546219999474935
6089,2.546219999474935
6090,2.546219999474935
6091,2.546219999474935
6092,2.546219999474935
6093,2.546219999474935
6094,2.546219999474935
6095,2.546219999474935
6096,2.546219999474935
6097,2.546219999474935
6098,2.546219999474935
6099,2.546219999474935
6100,2.546219999474935
6101,2.546219999474935
6102,2.546219999474935
6103,2.546219999474935
6104,2.546219999474935
6105,2.546219999474935
6106,2.546219999474935
6107,2.546219999474935
6108,2.546219999474935
6109,2.546219999474935
6110,2.546219999474935
6111,2.546219999474935
6112,2.546219999474935
6113,2.546219999474935
6114,2.546219999474935
6115,2.546219999474935
6116,2.546219999474935
6117,2.546219999474935
6118,2.546219999474935
6119,2.546219999474935
6120,2.546219999474935
6121,2.546219999474935
6122,2.546219999474935
6123,2.546219999474935
6124,2.546219999474935
6125,2.546219999474935
6126,2.546219999474935
6127,2.546219999474935
6128,2.546219999474935
6129,2.546219999474935
6130,2.546219999474935
6131,2.546219999474935
6132,2.546219999474935
6133,2.546219999474935
6134,2.546219999474935
6135,2.546219999474935
6136,2.546219999474935
6137,2.546219999474935
6138,2.546219999474935
6139,2.546219999474935
6140,2.546219999474935
6141,2.546219999474935
6142,2.546219999474935
6143,2.546219999474935
6144,2.546219999474935
6145,2.546219999474935
6146,2.546219999474935
6147,2.546219999474935
6148,2.546219999474935
6149,2.546219999474935
6150,2.546219999474935
6151,2.546219999474935
6152,2.546219999474935
6153,2.546219999474935
6154,2.546219999474935
6155,2.546219999474935
6156,2.546219999474935
6157,2.546219999474935
6158,2.546219999474935
6159,2.546219999474935
6160,2.546219999474935
6161,2.546219999474935
6162,2.546219999474935
6163,2.546219999474935
6164,2.546219999474935
6165,2.546219999474935
6166,2.546219999474935
6167,2.546219999474935
6168,2.546219999474935
6169,2.546219999474935
6170,2.546219999474935
6171,2.546219999474935
6172,2.546219999474935
6173,2.546219999474935
6174,2.546219999474935
6175,2.546219999474935
6176,2.546219999474935
6177,2.546219999474935
6178,2.546219999474935
6179,2.546219999474935
6180,2.546219999474935
6181,2.546219999474935
6182,2.546219999474935
6183,2.546219999474935
6184,2.546219999474935
6185,2.546219999474935
6186,2.546219999474935
6187,2.546219999474935
6188,2.546219999474935
6189,2.546219999474935
6190,2.546219999474935
6191,2.546219999474935
6192,2.546219999474935
6193,2.546219999474935
6194,2.546219999474935
6195,2.546219999474935
6196,2.546219999474935
6197,2.546219999474935
6198,2.546219999474935
6199,2.546219999474935
6200,2.546219999474935
6201,2.546219999474935
6202,2.546219999474935
6203,2.546219999474935
6204,2.546219999474935
6205,2.546219999474935
6206,2.546219999474935
6207,2.546219999474935
6208,2.546219999474935
6209,2.546219999474935
6210,2.546219999474935
6211,2.546219999474935
6212,2.546219999474935
6213,2.546219999474935
6214,2.546219999474935
6215,2.546219999474935
6216,2.546219999474935
6217,2.546219999474935
6218,2.546219999474935
6219,2.546219999474935
6220,2.546219999474935
6221,2.546219999474935
6222,2.546219999474935
6223,2.546219999474935
6224,2.546219999474935
6225,2.546219999474935
6226,2.546219999474935
6227,2.546219999474935
6228,2.546219999474935
6229,2.546219999474935
6230,2.546219999474935
6231,2.546219999474935
6232,2.546219999474935
6233,2.546219999474935
6234,2.546219999474935
6235,2.546219999474935
6236,2.546219999474935
6237,2.546219999474935
6238,2.546219999474935
6239,2.546219999474935
6240,2.546219999474935
6241,2.546219999474935
6242,2.546219999474935
6243,2.546219999474935
6244,2.546219999474935
6245,2.546219999474935
6246,2.546219999474935
6247,2.546219999474935
6248,2.546219999474935
6249,2.546219999474935
6250,2.546219999474935
6251,2.546219999474935
6252,2.546219999474935
6253,2.546219999474935
6254,2.546219999474935
6255,2.546219999474935
6256,2.546219999474935
6257,2.546219999474935
6258,2.546219999474935
6259,2.546219999474935
6260,2.546219999474935
6261,2.546219999474935
6262,2.546219999474935
6263,2.546219999474935
6264,2.546219999474935
6265,2.546219999474935
6266,2.546219999474935
6267,2.546219999474935
6268,2.546219999474935
6269,2.546219999474935
6270,2.546219999474935
6271,2.546219999474935
6272,2.546219999474935
6273,2.546219999474935
6274,2.546219999474935
6275,2.546219999474935
6276,2.546219999474935
6277,2.546219999474935
6278,2.546219999474935
6279,2.546219999474935
6280,2.546219999474935
6281,2.546219999474935
6282,2.546219999474935
6283,2.546219999474935
6284,2.546219999474935
6285,2.546219999474935
6286,2.546219999474935
6287,2.546219999474935
6288,2.546219999474935
6289,2.546219999474935
6290,2.546219999474935
6291,2.546219999474935
6292,2.546219999474935
6293,2.546219999474935
6294,2.546219999474935
6295,2.546219999474935
6296,2.546219999474935
6297,2.546219999474935
6298,2.546219999474935
6299,2.546219999474935
6300,2.546219999474935
6301,2.546219999474935
6302,2.546219999474935
6303,2.546219999474935
6304,2.546219999474935
6305,2.546219999474935
6306,2.546219999474935
6307,2.546219999474935
6308,2.546219999474935
6309,2.546219999474935
6310,2.546219999474935
6311,6.997838852165319
6312,6.997838852165319
6313,6.997838852165319
6314,6.997838852165319
6315,6.997838852165319
6316,6.997838852165319
6317,6.997838852165319
6318,6.997838852165319
6319,6.997838852165319
6320,6.997838852165319
6321,6.997838852165319
6322,6.997838852165319
6323,6.997838852165319
6324,6.997838852165319
6325,6.997838852165319
6326,6.997838852165319
6327,6.997838852165319
6328,6.997838852165319
6329,6.997838852165319
6330,6.997838852165319
6331,6.997838852165319
6332,6.997838852165319
6333,6.997838852165319
6334,6.997838852165319
6335,6.997838852165319
6336,6.997838852165319
6337,6.997838852165319
6338,6.997838852165319
6339,6.997838852165319
6340,6.997838852165319
6341,6.997838852165319
6342,6.997838852165319
6343,6.997838852165319
6344,6.997838852165319
6345,6.997838852165319
6346,6.997838852165319
6347,6.997838852165319
6348,6.997838852165319
6349,6.997838852165319
6350,6.997838852165319
6351,6.997838852165319
6352,6.997838852165319
6353,6.997838852165319
6354,6.997838852165319
6355,6.997838852165319
6356,6.997838852165319
6357,6.997838852165319
6358,6.997838852165319
6359,6.997838852165319
6360,6.997838852165319
6361,6.997838852165319
6362,6.997838852165319
6363,6.997838852165319
6364,6.997838852165319
6365,6.997838852165319
6366,6.997838852165319
6367,6.997838852165319
6368,6.997838852165319
6369,6.997838852165319
6370,6.997838852165319
6371,6.997838852165319
6372,6.997838852165319
6373,6.997838852165319
6374,6.997838852165319
6375,6.997838852165319
6376,6.997838852165319
6377,6.997838852165319
6378,6.997838852165319
6379,6.997838852165319
6380,6.997838852165319
6381,6.997838852165319
6382,6.997838852165319
6383,6.997838852165319
6384,6.997838852165319
6385,6.997838852165319
6386,6.997838852165319
6387,6.997838852165319
6388,6.997838852165319
6389,6.997838852165319
6390,6.997838852165319
6391,6.997838852165319
6392,6.997838852165319
6393,6.997838852165319
6394,6.997838852165319
6395,6.997838852165319
6396,6.997838852165319
6397,6.997838852165319
6398,6.997838852165319
6399,6.997838852165319
6400,6.997838852165319
6401,6.997838852165319
6402,6.997838852165319
6403,6.997838852165319
6404,6.997838852165319
6405,6.997838852165319
6406,6.997838852165319
6407,6.997838852165319
6408,6.997838852165319
6409,6.997838852165319
6410,6.997838852165319
6411,6.997838852165319
6412,6.997838852165319
6413,6.997838852165319
6414,6.997838852165319
6415,6.997838852165319
6416,6.997838852165319
6417,6.997838852165319
6418,6.997838852165319
6419,6.997838852165319
6420,6.997838852165319
6421,6.997838852165319
6422,6.997838852165319
6423,6.997838852165319
6424,6.997838852165319
6425,6.997838852165319
6426,6.997838852165319
6427,6.997838852165319
6428,6.997838852165319
6429,6.997838852165319
6430,6.997838852165319
6431,6.997838852165319
6432,6.997838852165319
6433,6.997838852165319
6434,6.997838852165319
6435,6.997838852165319
6436,6.997838852165319
6437,6.997838852165319
6438,6.997838852165319
6439,6.997838852165319
6440,6.997838852165319
6441,6.997838852165319
6442,6.997838852165319
6443,6.997838852165319
6444,6.997838852165319
6445,6.997838852165319
6446,6.997838852165319
6447,6.997838852165319
6448,6.997838852165319
6449,6.997838852165319
6450,6.997838852165319
6451,6.997838852165319
6452,6.997838852165319
6453,6.997838852165319
6454,6.997838852165319
6455,6.997838852165319
6456,6.997838852165319
6457,6.997838852165319
6458,6.997838852165319
6459,6.997838852165319
6460,6.997838852165319
6461,6.997838852165319
6462,6.997838852165319
6463,6.997838852165319
6464,6.997838852165319
6465,6.997838852165319
6466,6.997838852165319
6467,6.997838852165319
6468,6.997838852165319
6469,6.997838852165319
6470,6.997838852165319
6471,6.997838852165319
6472,6.997838852165319
6473,6.997838852165319
6474,6.997838852165319
6475,6.997838852165319
6476,6.997838852165319
6477,6.997838852165319
6478,6.997838852165319
6479,6.997838852165319
6480,6.997838852165319
6481,6.997838852165319
6482,6.997838852165319
6483,6.997838852165319
6484,6.997838852165319
6485,6.997838852165319
6486,6.997838852165319
6487,6.997838852165319
6488,6.997838852165319
6489,6.997838852165319
6490,6.997838852165319
6491,6.997838852165319
6492,6.997838852165319
6493,6.997838852165319
6494,6.997838852165319
6495,6.997838852165319
6496,6.997838852165319
6497,6.997838852165319
6498,6.997838852165319
6499,6.997838852165319
6500,6.997838852165319
6501,6.997838852165319
6502,6.997838852165319
6503,6.997838852165319
6504,6.997838852165319
6505,6.997838852165319
6506,6.997838852165319
6507,6.997838852165319
6508,6.997838852165319
6509,6.997838852165319
6510,6.997838852165319
6511,6.997838852165319
6512,6.997838852165319
6513,6.997838852165319
6514,6.997838852165319
6515,6.997838852165319
6516,6.997838852165319
6517,6.997838852165319
6518,6.997838852165319
6519,6.997838852165319
6520,6.997838852165319
6521,6.997838852165319
6522,6.997838852165319
6523,6.997838852165319
6524,6.997838852165319
6525,6.997838852165319
6526,6.997838852165319
6527,6.997838852165319
6528,6.997838852165319
6529,6.997838852165319
6530,6.997838852165319
6531,6.997838852165319
6532,6.997838852165319
6533,6.997838852165319
6534,6.997838852165319
6535,6.997838852165319
6536,6.997838852165319
6537,6.997838852165319
6538,6.997838852165319
6539,6.997838852165319
6540,6.997838852165319
6541,6.997838852165319
6542,6.997838852165319
6543,6.997838852165319
6544,6.997838852165319
6545,6.997838852165319
6546,6.997838852165319
6547,6.997838852165319
6548,6.997838852165319
6549,6.997838852165319
6550,6.997838852165319
6551,6.997838852165319
6552,6.997838852165319
6553,6.997838852165319
6554,6.997838852165319
6555,6.997838852165319
6556,6.997838852165319
6557,6.997838852165319
6558,6.997838852165319
6559,6.997838852165319
6560,6.997838852165319
6561,6.997838852165319
6562,6.997838852165319
6563,6.997838852165319
6564,6.997838852165319
6565,6.997838852165319
6566,6.997838852165319
6567,6.997838852165319
6568,6.997838852165319
6569,6.997838852165319
6570,6.997838852165319
6571,6.997838852165319
6572,6.997838852165319
6573,6.997838852165319
6574,6.997838852165319
6575,6.997838852165319
6576,6.997838852165319
6577,6.997838852165319
6578,6.997838852165319
6579,6.997838852165319
6580,6.997838852165319
6581,6.997838852165319
6582,6.997838852165319
6583,6.997838852165319
6584,6.997838852165319
6585,6.997838852165319
6586,6.997838852165319
6587,6.997838852165319
6588,6.997838852165319
6589,6.997838852165319
6590,6.997838852165319
6591,6.997838852165319
6592,6.997838852165319
6593,6.997838852165319
6594,6.997838852165319
6595,6.997838852165319
6596,6.997838852165319
6597,6.997838852165319
6598,6.997838852165319
6599,6.997838852165319
6600,6.997838852165319
6601,6.997838852165319
6602,6.997838852165319
6603,6.997838852165319
6604,6.997838852165319
6605,6.997838852165319
6606,6.997838852165319
6607,6.997838852165319
6608,6.997838852165319
6609,6.997838852165319
6610,6.997838852165319
6611,6.997838852165319
6612,6.997838852165319
6613,6.997838852165319
6614,6.997838852165319
6615,6.997838852165319
6616,6.997838852165319
6617,6.997838852165319
6618,6.997838852165319
6619,6.997838852165319
6620,6.997838852165319
6621,6.997838852165319
6622,6.997838852165319
6623,6.997838852165319
6624,6.997838852165319
6625,6.997838852165319
6626,6.997838852165319
6627,6.997838852165319
6628,6.997838852165319
6629,6.997838852165319
6630,6.997838852165319
6631,6.997838852165319
6632,6.997838852165319
6633,6.997838852165319
6634,6.997838852165319
6635,6.997838852165319
6636,6.997838852165319
6637,6.997838852165319
6638,6.997838852165319
6639,6.997838852165319
6640,6.997838852165319
6641,6.997838852165319
6642,6.997838852165319
6643,6.997838852165319
6644,6.997838852165319
6645,6.997838852165319
6646,6.997838852165319
6647,6.997838852165319
6648,6.997838852165319
6649,6.997838852165319
6650,6.997838852165319
6651,6.997838852165319
6652,6.997838852165319
6653,6.997838852165319
6654,6.997838852165319
6655,6.997838852165319
6656,6.997838852165319
6657,6.997838852165319
6658,6.997838852165319
6659,6.997838852165319
6660,6.997838852165319
6661,6.997838852165319
6662,6.997838852165319
6663,6.997838852165319
6664,6.997838852165319
6665,6.997838852165319
6666,6.997838852165319
6667,6.997838852165319
6668,6.997838852165319
6669,6.997838852165319
6670,6.997838852165319
6671,6.997838852165319
6672,6.997838852165319
6673,6.997838852165319
6674,6.997838852165319
6675,6.997838852165319
6676,6.997838852165319
6677,6.997838852165319
6678,6.997838852165319
6679,6.997838852165319
6680,6.997838852165319
6681,6.997838852165319
6682,6.997838852165319
6683,6.997838852165319
6684,6.997838852165319
6685,6.997838852165319
6686,6.997838852165319
6687,6.997838852165319
6688,6.997838852165319
6689,6.997838852165319
6690,6.997838852165319
6691,6.997838852165319
6692,6.997838852165319
6693,6.997838852165319
6694,6.997838852165319
6695,6.997838852165319
6696,6.997838852165319
6697,6.997838852165319
6698,6.997838852165319
6699,6.997838852165319
6700,6.997838852165319
6701,6.997838852165319
6702,6.997838852165319
6703,6.997838852165319
6704,6.997838852165319
6705,6.997838852165319
6706,6.997838852165319
6707,6.997838852165319
6708,6.997838852165319
6709,6.997838852165319
6710,6.997838852165319
6711,6.997838852165319
6712,6.997838852165319
6713,6.997838852165319
6714,6.997838852165319
6715,6.997838852165319
6716,6.997838852165319
6717,6.997838852165319
6718,6.997838852165319
6719,6.997838852165319
6720,6.997838852165319
6721,6.997838852165319
6722,6.997838852165319
6723,6.997838852165319
6724,6.997838852165319
6725,6.997838852165319
6726,6.997838852165319
6727,6.997838852165319
6728,6.997838852165319
6729,6.997838852165319
6730,6.997838852165319
6731,6.997838852165319
6732,6.997838852165319
6733,6.997838852165319
6734,6.997838852165319
6735,6.997838852165319
6736,6.997838852165319
6737,6.997838852165319
6738,6.997838852165319
6739,6.997838852165319
6740,6.997838852165319
6741,6.997838852165319
6742,6.997838852165319
6743,6.997838852165319
6744,6.997838852165319
6745,6.997838852165319
6746,6.997838852165319
6747,6.997838852165319
6748,6.997838852165319
6749,6.997838852165319
6750,6.997838852165319
6751,6.997838852165319
6752,6.997838852165319
6753,6.997838852165319
6754,6.997838852165319
6755,6.997838852165319
6756,6.997838852165319
6757,6.997838852165319
6758,6.997838852165319
6759,6.997838852165319
6760,6.997838852165319
6761,6.997838852165319
6762,6.997838852165319
6763,6.997838852165319
6764,6.997838852165319
6765,6.997838852165319
6766,6.997838852165319
6767,6.997838852165319
6768,6.997838852165319
6769,6.997838852165319
6770,6.997838852165319
6771,6.997838852165319
6772,6.997838852165319
6773,6.997838852165319
6774,6.997838852165319
6775,6.997838852165319
6776,6.997838852165319
6777,6.997838852165319
6778,6.997838852165319
6779,6.997838852165319
6780,-5.403099380329324
6781,-5.403099380329324
6782,-5.403099380329324
6783,-5.403099380329324
6784,-5.403099380329324
6785,-5.403099380329324
6786,-5.403099380329324
6787,-5.403099380329324
6788,-5.403099380329324
6789,-5.403099380329324
6790,-5.403099380329324
6791,-5.403099380329324
6792,-5.403099380329324
6793,-5.403099380329324
6794,-5.403099380329324
6795,-5.403099380329324
6796,-5.403099380329324
6797,-5.403099380329324
6798,-5.403099380329324
6799,-5.403099380329324
6800,-5.403099380329324
6801,-5.403099380329324
6802,-5.403099380329324
6803,-5.403099380329324
6804,-5.403099380329324
6805,-5.403099380329324
6806,-5.403099380329324
6807,-5.403099380329324
6808,-5.403099380329324
6809,-5.403099380329324
6810,-5.403099380329324
6811,-5.403099380329324
6812,-5.403099380329324
6813,-5.403099380329324
6814,-5.403099380329324
6815,-5.403099380329324
6816,-5.403099380329324
6817,-5.403099380329324
6818,-5.403099380329324
6819,-5.403099380329324
6820,-5.403099380329324
6821,-5.403099380329324
6822,-5.403099380329324
6823,-5.403099380329324
6824,-5.403099380329324
6825,-5.403099380329324
6826,-5.403099380329324
6827,-5.403099380329324
6828,-5.403099380329324
6829,-5.403099380329324
6830,-5.403099380329324
6831,-5.403099380329324
6832,-5.403099380329324
6833,-5.403099380329324
6834,-5.403099380329324
6835,-5.403099380329324
6836,-5.403099380329324
6837,-5.403099380329324
6838,-5.403099380329324
6839,-5.403099380329324
6840,-5.403099380329324
6841,-5.403099380329324
6842,-5.403099380329324
6843,-5.403099380329324
6844,-5.403099380329324
6845,-5.403099380329324
6846,-5.403099380329324
6847,-5.403099380329324
6848,-5.403099380329324
6849,-5.403099380329324
6850,-5.403099380329324
6851,-5.403099380329324
6852,-5.403099380329324
6853,-5.403099380329324
6854,-5.403099380329324
6855,-5.403099380329324
6856,-5.403099380329324
6857,-5.403099380329324
6858,-5.403099380329324
6859,-5.403099380329324
6860,-5.403099380329324
6861,-5.403099380329324
6862,-5.403099380329324
6863,-5.403099380329324
6864,-5.403099380329324
6865,-5.403099380329324
6866,-5.403099380329324
6867,-5.403099380329324
6868,-5.403099380329324
6869,-5.403099380329324
6870,-5.403099380329324
6871,-5.403099380329324
6872,-5.403099380329324
6873,-5.403099380329324
6874,-5.403099380329324
6875,-5.403099380329324
6876,-5.403099380329324
6877,-5.403099380329324
6878,-5.403099380329324
6879,-5.403099380329324
6880,-5.403099380329324
6881,-5.403099380329324
6882,-5.403099380329324
6883,-5.403099380329324
6884,-5.403099380329324
6885,-5.403099380329324
6886,-5.403099380329324
6887,-5.403099380329324
6888,-5.403099380329324
6889,-5.403099380329324
6890,-5.403099380329324
6891,-5.403099380329324
6892,-5.403099380329324
6893,-5.403099380329324
6894,-5.403099380329324
6895,-5.403099380329324
6896,-5.403099380329324
6897,-5.403099380329324
6898,-5.403099380329324
6899,-5.403099380329324
6900,-5.403099380329324
6901,-5.403099380329324
6902,-5.403099380329324
6903,-5.403099380329324
6904,-5.403099380329324
6905,-5.403099380329324
6906,-5.403099380329324
6907,-5.403099380329324
6908,-5.403099380329324
6909,-5.403099380329324
6910,-5.403099380329324
6911,-5.403099380329324
6912,-5.403099380329324
6913,-5.403099380329324
6914,-5.403099380329324
6915,-5.403099380329324
6916,-5.403099380329324
6917,-5.403099380329324
6918,-5.403099380329324
6919,-5.403099380329324
6920,-5.403099380329324
6921,-5.403099380329324
6922,-5.403099380329324
6923,-5.403099380329324
6924,-5.403099380329324
6925,-5.403099380329324
6926,-5.403099380329324
6927,-5.403099380329324
6928,-5.403099380329324
6929,-5.403099380329324
6930,-5.403099380329324
6931,-5.403099380329324
6932,-5.403099380329324
6933,-5.403099380329324
6934,-5.403099380329324
6935,-5.403099380329324
6936,-5.403099380329324
6937,-5.403099380329324
6938,-5.403099380329324
6939,-5.403099380329324
6940,-5.403099380329324
6941,-5.403099380329324
6942,-5.403099380329324
6943,-5.403099380329324
6944,-5.403099380329324
6945,-5.403099380329324
6946,-5.403099380329324
6947,-5.403099380329324
6948,-5.403099380329324
6949,-5.403099380329324
6950,-5.403099380329324
6951,-5.403099380329324
6952,-5.403099380329324
6953,-5.403099380329324
6954,-5.403099380329324
6955,-5.403099380329324
6956,-5.403099380329324
6957,-5.403099380329324
6958,-5.403099380329324
6959,-5.403099380329324
6960,-5.403099380329324
6961,-5.403099380329324
6962,-5.403099380329324
6963,-5.403099380329324
6964,-5.403099380329324
6965,-5.403099380329324
6966,-5.403099380329324
6967,-5.403099380329324
6968,-5.403099380329324
6969,-5.403099380329324
6970,-5.403099380329324
6971,-5.403099380329324
6972,-5.403099380329324
6973,-5.403099380329324
6974,-5.403099380329324
6975,-5.403099380329324
6976,-5.403099380329324
6977,-5.403099380329324
6978,-5.403099380329324
6979,-5.403099380329324
6980,-5.403099380329324
6981,-5.403099380329324
6982,-5.403099380329324
6983,-5.403099380329324
6984,-5.403099380329324
6985,-5.403099380329324
6986,-5.403099380329324
6987,-5.403099380329324
6988,-5.403099380329324
6989,-5.403099380329324
6990,-5.403099380329324
6991,-5.403099380329324
6992,-5.403099380329324
6993,-5.403099380329324
6994,-5.403099380329324
6995,-5.403099380329324
6996,-5.403099380329324
6997,-5.403099380329324
6998,-5.403099380329324
6999,-5.403099380329324
7000,-5.403099380329324
7001,-5.403099380329324
7002,-5.403099380329324
7003,-5.403099380329324
7004,-5.403099380329324
7005,-5.403099380329324
7006,-5.403099380329324
7007,-5.403099380329324
7008,-5.403099380329324
7009,-5.403099380329324
7010,-5.403099380329324
7011,-5.403099380329324
7012,-5.403099380329324
7013,-5.403099380329324
7014,-5.403099380329324
7015,-5.403099380329324
7016,-5.403099380329324
7017,-5.403099380329324
7018,-5.403099380329324
7019,-5.403099380329324
7020,-5.403099380329324
7021,-5.403099380329324
7022,-5.403099380329324
7023,-5.403099380329324
7024,-5.403099380329324
7025,-5.403099380329324
7026,-5.403099380329324
7027,-5.403099380329324
7028,-5.403099380329324
7029,-5.403099380329324
7030,-5.403099380329324
7031,-5.403099380329324
7032,-5.403099380329324
7033,-5.403099380329324
7034,-5.403099380329324
7035,-5.403099380329324
7036,-5.403099380329324
7037,-5.403099380329324
7038,-5.403099380329324
7039,-5.403099380329324
7040,-5.403099380329324
7041,-5.403099380329324
7042,-5.403099380329324
7043,-5.403099380329324
7044,-5.403099380329324
7045,-5.403099380329324
7046,-5.403099380329324
7047,-5.403099380329324
7048,-5.403099380329324
7049,-5.403099380329324
7050,-5.403099380329324
7051,-5.403099380329324
7052,-5.403099380329324
7053,-5.403099380329324
7054,-5.403099380329324
7055,-5.403099380329324
7056,-5.403099380329324
7057,-5.403099380329324
7058,-5.403099380329324
7059,-5.403099380329324
7060,-5.403099380329324
7061,-5.403099380329324
7062,-5.403099380329324
7063,-5.403099380329324
7064,-5.403099380329324
7065,-5.403099380329324
7066,-5.403099380329324
7067,-5.403099380329324
7068,-5.403099380329324
7069,-5.403099380329324
7070,-5.403099380329324
7071,-5.403099380329324
7072,-5.403099380329324
7073,-5.403099380329324
7074,-5.403099380329324
7075,-5.403099380329324
7076,-5.403099380329324
7077,-5.403099380329324
7078,-5.403099380329324
7079,-5.403099380329324
7080,-5.403099380329324
7081,-5.403099380329324
7082,-5.403099380329324
7083,-5.403099380329324
7084,-5.403099380329324
7085,-5.403099380329324
7086,-5.403099380329324
7087,-5.403099380329324
7088,-5.403099380329324
7089,-5.403099380329324
7090,-5.403099380329324
7091,-5.403099380329324
7092,-5.403099380329324
7093,-5.403099380329324
7094,-5.403099380329324
7095,-5.403099380329324
7096,-5.403099380329324
7097,-5.403099380329324
7098,-5.403099380329324
7099,-5.403099380329324
7100,-5.403099380329324
7101,-5.403099380329324
7102,-5.403099380329324
7103,-5.403099380329324
7104,-5.403099380329324
7105,-5.403099380329324
7106,-5.403099380329324
7107,-5.403099380329324
7108,-5.403099380329324
7109,-5.403099380329324
7110,-5.403099380329324
7111,-5.403099380329324
7112,-5.403099380329324
7113,-5.403099380329324
7114,-5.403099380329324
7115,-5.403099380329324
7116,-5.403099380329324
7117,-5.403099380329324
7118,-5.403099380329324
7119,-5.403099380329324
7120,-5.403099380329324
7121,-5.403099380329324
7122,-5.403099380329324
7123,-5.403099380329324
7124,-5.403099380329324
7125,-5.403099380329324
7126,-5.403099380329324
7127,-5.403099380329324
7128,-5.403099380329324
7129,-5.403099380329324
7130,-5.403099380329324
7131,-5.403099380329324
7132,-5.403099380329324
7133,-5.403099380329324
7134,-5.403099380329324
7135,-5.403099380329324
7136,-5.403099380329324
7137,-5.403099380329324
7138,-5.403099380329324
7139,-5.403099380329324
7140,-5.403099380329324
7141,-5.403099380329324
7142,-5.403099380329324
7143,-5.403099380329324
7144,-5.403099380329324
7145,-5.403099380329324
7146,-5.403099380329324
7147,-5.403099380329324
7148,-5.403099380329324
7149,-5.403099380329324
7150,-5.403099380329324
7151,-5.403099380329324
7152,-5.403099380329324
7153,-5.403099380329324
7154,-5.403099380329324
7155,-5.403099380329324
7156,-5.403099380329324
7157,-5.403099380329324
7158,-5.403099380329324
7159,-5.403099380329324
7160,-5.403099380329324
7161,-5.403099380329324
7162,-5.403099380329324
7163,-5.403099380329324
7164,-5.403099380329324
7165,-5.403099380329324
7166,-5.403099380329324
7167,-5.403099380329324
7168,-5.403099380329324
7169,-5.403099380329324
7170,-5.403099380329324
7171,-5.403099380329324
7172,-5.403099380329324
7173,-5.403099380329324
7174,-5.403099380329324
7175,-5.403099380329324
7176,-5.403099380329324
7177,-5.403099380329324
7178,-5.403099380329324
7179,-5.403099380329324
7180,-5.403099380329324
7181,-5.403099380329324
7182,-5.403099380329324
7183,-5.403099380329324
7184,-5.403099380329324
7185,-5.403099380329324
7186,-5.403099380329324
7187,-5.403099380329324
7188,-5.403099380329324
7189,-5.403099380329324
7190,-5.403099380329324
7191,-5.403099380329324
7192,-5.403099380329324
7193,-5.403099380329324
7194,-5.403099380329324
7195,-5.403099380329324
7196,-5.403099380329324
7197,-5.403099380329324
7198,-5.403099380329324
7199,-5.403099380329324
7200,-5.403099380329324
7201,-5.403099380329324
7202,-5.403099380329324
7203,-5.403099380329324
7204,-5.403099380329324
7205,-5.403099380329324
7206,-5.403099380329324
7207,-5.403099380329324
7208,-5.403099380329324
7209,-5.403099380329324
7210,-5.403099380329324
7211,-5.403099380329324
7212,-5.403099380329324
7213,-5.403099380329324
7214,-5.403099380329324
7215,-5.403099380329324
7216,-5.403099380329324
7217,-5.403099380329324
7218,-5.403099380329324
7219,-5.403099380329324
7220,-5.403099380329324
7221,-5.403099380329324
7222,-5.403099380329324
7223,-5.403099380329324
7224,-5.403099380329324
7225,-5.403099380329324
7226,-5.403099380329324
7227,-5.403099380329324
7228,-5.403099380329324
7229,-5.403099380329324
7230,-5.403099380329324
7231,-5.403099380329324
7232,-5.403099380329324
7233,-5.403099380329324
7234,-5.403099380329324
7235,-5.403099380329324
7236,-5.403099380329324
7237,-5.403099380329324
7238,-5.403099380329324
7239,-5.403099380329324
7240,-5.403099380329324
7241,-5.403099380329324
7242,-5.403099380329324
7243,-5.403099380329324
7244,-5.403099380329324
7245,-5.403099380329324
7246,-5.403099380329324
7247,-5.403099380329324
7248,-5.403099380329324
7249,-5.403099380329324
7250,-5.403099380329324
7251,-5.403099380329324
7252,-5.403099380329324
7253,-5.403099380329324
7254,-5.403099380329324
7255,-5.403099380329324
7256,-5.403099380329324
7257,-5.403099380329324
7258,-5.403099380329324
7259,-5.403099380329324
7260,-5.403099380329324
7261,-5.403099380329324
7262,-5.403099380329324
7263,-5.403099380329324
7264,-5.403099380329324
7265,-5.403099380329324
7266,-5.403099380329324
7267,-5.403099380329324
7268,-5.403099380329324
7269,-5.403099380329324
7270,-5.403099380329324
7271,-5.403099380329324
7272,-5.403099380329324
7273,-5.403099380329324
7274,-5.403099380329324
7275,-5.403099380329324
7276,-5.403099380329324
7277,-5.403099380329324
7278,-5.403099380329324
7279,-5.403099380329324
7280,-5.403099380329324
7281,-5.403099380329324
7282,-5.403099380329324
7283,-5.403099380329324
7284,-5.403099380329324
7285,-5.403099380329324
7286,-5.403099380329324
7287,-5.403099380329324
7288,-5.403099380329324
7289,-5.403099380329324
7290,-5.403099380329324
7291,-5.403099380329324
7292,-5.403099380329324
7293,-5.403099380329324
7294,-5.403099380329324
7295,-5.403099380329324
7296,-5.403099380329324
7297,-5.403099380329324
7298,-5.403099380329324
7299,-5.403099380329324
7300,-5.403099380329324
7301,-5.403099380329324
7302,-5.403099380329324
7303,-5.403099380329324
7304,-5.403099380329324
7305,-5.403099380329324
7306,-5.403099380329324
7307,-5.403099380329324
7308,-5.403099380329324
7309,-5.403099380329324
7310,-5.403099380329324
7311,-5.403099380329324
7312,-5.403099380329324
7313,-5.403099380329324
7314,-5.403099380329324
7315,-5.403099380329324
7316,-5.403099380329324
7317,-5.403099380329324
7318,-5.403099380329324
7319,-5.403099380329324
7320,-5.403099380329324
7321,-5.403099380329324
7322,-5.403099380329324
7323,-5.403099380329324
7324,-5.403099380329324
7325,-5.403099380329324
7326,-5.403099380329324
7327,-5.403099380329324
7328,-5.403099380329324
7329,-5.403099380329324
7330,-5.403099380329324
7331,-5.403099380329324
7332,-5.403099380329324
7333,-5.403099380329324
7334,-5.403099380329324
7335,-5.403099380329324
7336,-5.403099380329324
7337,-5.403099380329324
7338,-5.403099380329324
7339,-5.403099380329324
7340,-5.403099380329324
7341,-5.403099380329324
7342,-5.403099380329324
7343,-5.403099380329324
7344,-5.403099380329324
7345,-5.403099380329324
7346,-5.403099380329324
7347,-5.403099380329324
7348,-5.403099380329324
7349,-5.403099380329324
7350,-5.403099380329324
7351,-5.403099380329324
7352,-5.403099380329324
7353,-5.403099380329324
7354,-5.403099380329324
7355,-5.403099380329324
7356,-5.403099380329324
7357,-5.403099380329324
7358,-5.403099380329324
7359,-5.403099380329324
7360,-5.403099380329324
7361,-5.403099380329324
7362,-5.403099380329324
7363,-5.403099380329324
7364,-5.403099380329324
7365,-5.403099380329324
7366,-5.403099380329324
7367,-5.403099380329324
7368,-5.403099380329324
7369,-5.403099380329324
7370,-5.403099380329324
7371,-5.403099380329324
7372,-5.403099380329324
7373,-5.403099380329324
7374,-5.403099380329324
7375,-5.403099380329324
7376,-5.403099380329324
7377,-5.403099380329324
7378,-5.403099380329324
7379,-5.403099380329324
7380,-5.403099380329324
7381,-5.403099380329324
7382,-5.403099380329324
7383,-5.403099380329324
7384,-5.403099380329324
7385,-5.403099380329324
7386,-5.403099380329324
7387,-5.403099380329324
7388,-5.403099380329324
7389,-5.403099380329324
7390,-5.403099380329324
7391,-5.403099380329324
7392,-5.403099380329324
7393,-5.403099380329324
7394,-5.403099380329324
7395,-5.403099380329324
7396,-5.403099380329324
7397,-5.403099380329324
7398,-5.403099380329324
7399,-5.403099380329324
7400,-5.403099380329324
7401,-5.403099380329324
7402,-5.403099380329324
7403,-5.403099380329324
7404,-5.403099380329324
7405,-5.403099380329324
7406,-5.403099380329324
7407,-5.403099380329324
7408,-5.403099380329324
7409,-5.403099380329324
7410,-5.403099380329324
7411,-5.403099380329324
7412,-5.403099380329324
7413,-5.403099380329324
7414,-5.403099380329324
7415,-5.403099380329324
7416,-5.403099380329324
7417,-5.403099380329324
7418,-5.403099380329324
7419,-5.403099380329324
7420,-5.403099380329324
7421,-5.403099380329324
7422,-5.403099380329324
7423,-5.403099380329324
7424,-5.403099380329324
7425,-5.403099380329324
7426,-5.403099380329324
7427,-5.403099380329324
7428,-5.403099380329324
7429,-5.403099380329324
7430,-5.403099380329324
7431,-5.403099380329324
7432,-5.403099380329324
7433,-5.403099380329324
7434,-5.403099380329324
7435,-5.403099380329324
7436,-5.403099380329324
7437,-5.403099380329324
7438,-5.403099380329324
7439,-5.403099380329324
7440,-5.403099380329324
7441,-5.403099380329324
7442,-5.403099380329324
7443,-5.403099380329324
7444,-5.403099380329324
7445,-5.403099380329324
7446,-5.403099380329324
7447,-5.403099380329324
7448,-5.403099380329324
7449,-5.403099380329324
7450,-5.403099380329324
7451,-5.403099380329324
7452,-5.403099380329324
7453,-5.403099380329324
7454,-5.403099380329324
7455,-5.403099380329324
7456,-5.403099380329324
7457,-5.403099380329324
7458,-5.403099380329324
7459,-5.403099380329324
7460,-5.403099380329324
7461,-5.403099380329324
7462,-5.403099380329324
7463,-5.403099380329324
7464,-5.403099380329324
7465,-5.403099380329324
7466,-5.403099380329324
7467,-5.403099380329324
7468,-5.403099380329324
7469,-5.403099380329324
7470,-5.403099380329324
7471,-5.403099380329324
7472,-5.403099380329324
7473,-5.403099380329324
7474,-5.403099380329324
7475,-5.403099380329324
7476,-5.403099380329324
7477,-5.403099380329324
7478,-5.403099380329324
7479,-5.403099380329324
7480,-5.403099380329324
7481,-5.403099380329324
7482,-5.403099380329324
7483,-5.403099380329324
7484,-5.403099380329324
7485,-5.403099380329324
7486,-5.403099380329324
7487,-5.403099380329324
7488,-5.403099380329324
7489,-5.403099380329324
7490,-5.403099380329324
7491,-5.403099380329324
7492,-5.403099380329324
7493,-5.403099380329324
7494,-5.403099380329324
7495,-5.403099380329324
7496,-5.403099380329324
7497,-5.403099380329324
7498,-5.403099380329324
7499,-5.403099380329324
7500,-5.403099380329324
7501,-5.403099380329324
7502,-5.403099380329324
7503,-5.403099380329324
7504,-5.403099380329324
7505,-5.403099380329324
7506,-5.403099380329324
7507,-5.403099380329324
7508,-5.403099380329324
7509,-5.403099380329324
7510,-5.403099380329324
7511,-5.403099380329324
7512,-5.403099380329324
7513,-5.403099380329324
7514,-5.403099380329324
7515,-5.403099380329324
7516,-5.403099380329324
7517,-5.403099380329324
7518,-5.403099380329324
7519,-5.403099380329324
7520,-5.403099380329324
7521,-5.403099380329324
7522,-5.403099380329324
7523,-5.403099380329324
7524,-5.403099380329324
7525,-5.403099380329324
7526,-5.403099380329324
7527,-5.403099380329324
7528,-5.403099380329324
7529,-5.403099380329324
7530,-5.403099380329324
7531,-5.403099380329324
7532,-5.403099380329324
7533,-5.403099380329324
7534,-5.403099380329324
7535,-5.403099380329324
7536,-5.403099380329324
7537,-5.403099380329324
7538,-5.403099380329324
7539,-5.403099380329324
7540,-5.403099380329324
7541,-5.403099380329324
7542,-5.403099380329324
7543,-5.403099380329324
7544,-5.403099380329324
7545,-5.403099380329324
7546,-5.403099380329324
7547,-5.403099380329324
7548,-5.403099380329324
7549,-5.403099380329324
7550,-5.403099380329324
7551,-5.403099380329324
7552,-5.403099380329324
7553,-5.403099380329324
7554,-5.403099380329324
7555,-5.403099380329324
7556,-5.403099380329324
7557,-5.403099380329324
7558,-5.403099380329324
7559,-5.403099380329324
7560,-5.403099380329324
7561,-5.403099380329324
7562,-5.403099380329324
7563,-5.403099380329324
7564,-5.403099380329324
7565,-5.403099380329324
7566,-5.403099380329324
7567,-5.403099380329324
7568,-5.403099380329324
7569,-5.403099380329324
7570,-5.403099380329324
7571,-5.403099380329324
7572,-5.403099380329324
7573,-5.403099380329324
7574,-5.403099380329324
7575,-5.403099380329324
7576,-5.403099380329324
7577,-5.403099380329324
7578,-5.403099380329324
7579,-5.403099380329324
7580,-5.403099380329324
7581,-5.403099380329324
7582,-5.403099380329324
7583,-5.403099380329324
7584,-5.403099380329324
7585,-5.403099380329324
7586,-5.403099380329324
7587,-5.403099380329324
7588,-5.403099380329324
7589,-5.403099380329324
7590,-5.403099380329324
7591,-5.403099380329324
7592,-5.403099380329324
7593,-5.403099380329324
7594,-5.403099380329324
7595,-5.403099380329324
7596,-5.403099380329324
7597,-5.403099380329324
7598,-5.403099380329324
7599,-5.403099380329324
7600,-5.403099380329324
7601,-5.403099380329324
7602,-5.403099380329324
7603,-5.403099380329324
7604,-5.403099380329324
7605,-5.403099380329324
7606,-5.403099380329324
7607,-5.403099380329324
7608,-5.403099380329324
7609,-5.403099380329324
7610,-5.403099380329324
7611,-5.403099380329324
7612,-5.403099380329324
7613,-5.403099380329324
7614,-5.403099380329324
7615,-5.403099380329324
7616,-5.403099380329324
7617,-5.403099380329324
7618,-5.403099380329324
7619,-5.403099380329324
7620,-5.403099380329324
7621,-5.403099380329324
7622,-5.403099380329324
7623,-5.403099380329324
7624,-5.403099380329324
7625,-5.403099380329324
7626,-5.403099380329324
7627,-5.403099380329324
7628,-5.403099380329324
7629,-5.403099380329324
7630,-5.403099380329324
7631,-5.403099380329324
7632,-5.403099380329324
7633,-5.403099380329324
7634,-5.403099380329324
7635,-5.403099380329324
7636,-5.403099380329324
7637,-15.896200961670946
7638,-15.896200961670946
7639,-15.896200961670946
7640,-15.896200961670946
7641,-15.896200961670946
7642,-15.896200961670946
7643,-15.896200961670946
7644,-15.896200961670946
7645,-15.896200961670946
7646,-15.896200961670946
7647,-15.896200961670946
7648,-15.896200961670946
7649,-15.896200961670946
7650,-15.896200961670946
7651,-15.896200961670946
7652,-15.896200961670946
7653,-15.896200961670946
7654,-15.896200961670946
7655,-15.896200961670946
7656,-15.896200961670946
7657,-15.896200961670946
7658,-15.896200961670946
7659,-15.896200961670946
7660,-15.896200961670946
7661,-15.896200961670946
7662,-15.896200961670946
7663,-15.896200961670946
7664,-15.896200961670946
7665,-15.896200961670946
7666,-15.896200961670946
7667,-15.896200961670946
7668,-15.896200961670946
7669,-15.896200961670946
7670,-15.896200961670946
7671,-15.896200961670946
7672,-15.896200961670946
7673,-15.896200961670946
7674,-15.896200961670946
7675,-15.896200961670946
7676,-15.896200961670946
7677,-15.896200961670946
7678,-15.896200961670946
7679,-15.896200961670946
7680,-15.896200961670946
7681,-15.896200961670946
7682,-15.896200961670946
7683,-15.896200961670946
7684,-15.896200961670946
7685,-15.896200961670946
7686,-15.896200961670946
7687,-15.896200961670946
7688,-15.896200961670946
7689,-15.896200961670946
7690,-15.896200961670946
7691,-15.896200961670946
7692,-15.896200961670946
7693,-15.896200961670946
7694,-15.896200961670946
7695,-15.896200961670946
7696,-15.896200961670946
7697,-15.896200961670946
7698,-15.896200961670946
7699,-15.896200961670946
7700,-15.896200961670946
7701,-15.896200961670946
7702,-15.896200961670946
7703,-15.896200961670946
7704,-15.896200961670946
7705,-15.896200961670946
7706,-15.896200961670946
7707,-15.896200961670946
7708,-15.896200961670946
7709,-15.896200961670946
7710,-15.896200961670946
7711,-15.896200961670946
7712,-15.896200961670946
7713,-15.896200961670946
7714,-15.896200961670946
7715,-15.896200961670946
7716,-15.896200961670946
7717,-15.896200961670946
7718,-15.896200961670946
7719,-15.896200961670946
7720,-15.896200961670946
7721,-15.896200961670946
7722,-15.896200961670946
7723,-15.896200961670946
7724,-15.896200961670946
7725,-15.896200961670946
7726,-15.896200961670946
7727,-15.896200961670946
7728,-15.896200961670946
7729,-15.896200961670946
7730,-15.896200961670946
7731,-15.896200961670946
7732,-15.896200961670946
7733,-15.896200961670946
7734,-15.896200961670946
7735,-15.896200961670946
7736,-14.46532347330618
7737,-14.46532347330618
7738,-14.46532347330618
7739,-14.46532347330618
7740,-14.46532347330618
7741,-14.46532347330618
7742,-14.46532347330618
7743,-14.46532347330618
7744,-14.46532347330618
7745,-14.46532347330618
7746,-14.46532347330618
7747,-14.46532347330618
7748,-14.46532347330618
7749,-14.46532347330618
7750,-14.46532347330618
7751,-14.46532347330618
7752,-14.46532347330618
7753,-14.46532347330618
7754,-14.46532347330618
7755,-14.46532347330618
7756,-14.46532347330618
7757,-14.46532347330618
7758,-14.46532347330618
7759,-14.46532347330618
7760,-14.46532347330618
7761,-14.46532347330618
7762,-14.46532347330618
7763,-14.46532347330618
7764,-14.46532347330618
7765,-14.46532347330618
7766,-14.46532347330618
7767,-14.46532347330618
7768,-14.46532347330618
7769,-14.46532347330618
7770,-14.46532347330618
7771,-14.46532347330618
7772,-14.46532347330618
7773,-14.46532347330618
7774,-14.46532347330618
7775,-14.46532347330618
7776,-14.46532347330618
7777,-14.46532347330618
7778,-14.46532347330618
7779,-14.46532347330618
7780,-14.46532347330618
7781,-14.46532347330618
7782,-14.46532347330618
7783,-14.46532347330618
7784,-14.46532347330618
7785,-14.46532347330618
7786,-14.46532347330618
7787,-14.46532347330618
7788,-14.46532347330618
7789,-14.46532347330618
7790,-14.46532347330618
7791,-14.46532347330618
7792,-14.46532347330618
7793,-14.46532347330618
7794,-14.46532347330618
7795,-14.46532347330618
7796,-14.46532347330618
7797,-14.46532347330618
7798,-14.46532347330618
7799,-14.46532347330618
7800,-14.46532347330618
7801,-14.46532347330618
7802,-14.46532347330618
7803,-14.46532347330618
7804,-14.46532347330618
7805,-14.46532347330618
7806,-14.46532347330618
7807,-14.46532347330618
7808,-14.46532347330618
7809,-14.46532347330618
7810,-14.46532347330618
7811,-14.46532347330618
7812,-14.46532347330618
7813,-14.46532347330618
7814,-14.46532347330618
7815,-14.46532347330618
7816,-14.46532347330618
7817,-14.46532347330618
7818,-14.46532347330618
7819,-14.46532347330618
7820,-14.46532347330618
7821,-14.46532347330618
7822,-14.46532347330618
7823,-14.46532347330618
7824,-14.46532347330618
7825,-14.46532347330618
7826,-14.46532347330618
7827,-14.46532347330618
7828,-14.46532347330618
7829,-14.46532347330618
7830,-14.46532347330618
7831,-14.46532347330618
7832,-14.46532347330618
7833,-14.46532347330618
7834,-14.46532347330618
7835,-14.46532347330618
7836,-14.46532347330618
7837,-14.46532347330618
7838,-14.46532347330618
7839,-14.46532347330618
7840,-14.46532347330618
7841,-14.46532347330618
7842,-14.46532347330618
7843,-14.46532347330618
7844,-14.46532347330618
7845,-14.46532347330618
7846,-14.46532347330618
7847,-14.46532347330618
7848,-14.46532347330618
7849,-14.46532347330618
7850,-14.46532347330618
7851,-14.46532347330618
7852,-14.46532347330618
7853,-14.46532347330618
7854,-14.46532347330618
7855,-14.46532347330618
7856,-14.46532347330618
7857,-14.46532347330618
7858,-14.46532347330618
7859,-14.46532347330618
7860,-14.46532347330618
7861,-14.46532347330618
7862,-14.46532347330618
7863,-14.46532347330618
7864,-14.46532347330618
7865,-14.46532347330618
7866,-14.46532347330618
7867,-14.46532347330618
7868,-14.46532347330618
7869,-14.46532347330618
7870,-14.46532347330618
7871,-14.46532347330618
7872,-14.46532347330618
7873,-14.46532347330618
7874,-14.46532347330618
7875,-14.46532347330618
7876,-14.46532347330618
7877,-14.46532347330618
7878,-14.46532347330618
7879,-14.46532347330618
7880,-14.46532347330618
7881,-14.46532347330618
7882,-14.46532347330618
7883,-14.46532347330618
7884,-14.46532347330618
7885,-14.46532347330618
7886,-14.46532347330618
7887,-14.46532347330618
7888,-14.46532347330618
7889,-14.46532347330618
7890,-14.46532347330618
7891,-14.46532347330618
7892,-14.46532347330618
7893,-14.46532347330618
7894,-14.46532347330618
7895,-14.46532347330618
7896,-14.46532347330618
7897,-14.46532347330618
7898,-14.46532347330618
7899,-14.46532347330618
7900,-14.46532347330618
7901,-14.46532347330618
7902,-14.46532347330618
7903,-14.46532347330618
7904,-14.46532347330618
7905,-14.46532347330618
7906,-14.46532347330618
7907,-14.46532347330618
7908,-14.46532347330618
7909,-14.46532347330618
7910,-14.46532347330618
7911,-14.46532347330618
7912,-14.46532347330618
7913,-14.46532347330618
7914,-14.46532347330618
7915,-14.46532347330618
7916,-14.46532347330618
7917,-14.46532347330618
7918,-14.46532347330618
7919,-14.46532347330618
7920,-14.46532347330618
7921,-14.46532347330618
7922,-14.46532347330618
7923,-14.46532347330618
7924,-14.46532347330618
7925,-14.46532347330618
7926,-14.46532347330618
7927,-14.46532347330618
7928,-14.46532347330618
7929,-14.46532347330618
7930,-14.46532347330618
7931,-14.46532347330618
7932,-14.46532347330618
7933,-14.46532347330618
7934,-14.46532347330618
7935,-14.46532347330618
7936,-14.46532347330618
7937,-14.46532347330618
7938,-14.46532347330618
7939,-14.46532347330618
7940,-14.46532347330618
7941,-14.46532347330618
7942,-14.46532347330618
7943,-14.46532347330618
7944,-14.46532347330618
7945,-14.46532347330618
7946,-14.46532347330618
7947,-14.46532347330618
7948,-14.46532347330618
7949,-14.46532347330618
7950,-14.46532347330618
7951,-14.46532347330618
7952,-14.46532347330618
7953,-14.46532347330618
7954,-14.46532347330618
7955,-14.46532347330618
7956,-14.46532347330618
7957,-14.46532347330618
7958,-14.46532347330618
7959,-14.46532347330618
7960,-14.46532347330618
7961,-14.46532347330618
7962,-14.46532347330618
7963,-14.46532347330618
7964,-14.46532347330618
7965,-14.46532347330618
7966,-14.46532347330618
7967,-14.46532347330618
7968,-14.46532347330618
7969,-14.46532347330618
7970,-14.46532347330618
7971,-14.46532347330618
7972,-14.46532347330618
7973,-14.46532347330618
7974,-14.46532347330618
7975,-14.46532347330618
7976,-14.46532347330618
7977,-14.46532347330618
7978,-14.46532347330618
7979,-14.46532347330618
7980,-14.46532347330618
7981,-14.46532347330618
7982,-14.46532347330618
7983,-14.46532347330618
7984,-14.46532347330618
7985,-14.46532347330618
7986,-14.46532347330618
7987,-14.46532347330618
7988,-14.46532347330618
7989,-14.46532347330618
7990,-14.46532347330618
7991,-14.46532347330618
7992,-14.46532347330618
7993,-14.46532347330618
7994,-14.46532347330618
7995,-14.46532347330618
7996,-14.46532347330618
7997,-14.46532347330618
7998,-14.46532347330618
7999,-14.46532347330618
8000,-14.46532347330618
8001,-14.46532347330618
8002,-14.46532347330618
8003,-14.46532347330618
8004,-14.46532347330618
8005,-14.46532347330618
8006,-14.46532347330618
8007,-14.46532347330618
8008,-14.46532347330618
8009,-14.46532347330618
8010,-14.46532347330618
8011,-14.46532347330618
8012,-14.46532347330618
8013,-14.46532347330618
8014,-14.46532347330618
8015,-14.46532347330618
8016,-14.46532347330618
8017,-14.46532347330618
8018,-14.46532347330618
8019,-14.46532347330618
8020,-14.46532347330618
8021,-14.46532347330618
8022,-14.46532347330618
8023,-14.46532347330618
8024,-14.46532347330618
8025,-14.46532347330618
8026,-14.46532347330618
8027,-14.46532347330618
8028,-14.46532347330618
8029,-14.46532347330618
8030,-14.46532347330618
8031,-14.46532347330618
8032,-14.46532347330618
8033,-14.46532347330618
8034,-14.46532347330618
8035,-14.46532347330618
8036,-14.46532347330618
8037,-14.46532347330618
8038,-14.46532347330618
8039,-14.46532347330618
8040,-14.46532347330618
8041,-14.46532347330618
8042,-14.46532347330618
8043,-14.46532347330618
8044,-14.46532347330618
8045,-14.46532347330618
8046,-14.46532347330618
8047,-14.46532347330618
8048,-14.46532347330618
8049,-14.46532347330618
8050,-14.46532347330618
8051,-14.46532347330618
8052,-14.46532347330618
8053,-14.46532347330618
8054,-14.46532347330618
8055,-14.46532347330618
8056,-14.46532347330618
8057,-14.46532347330618
8058,-14.46532347330618
8059,-14.46532347330618
8060,-14.46532347330618
8061,-14.46532347330618
8062,-14.46532347330618
8063,-14.46532347330618
8064,-14.46532347330618
8065,-14.46532347330618
8066,-14.46532347330618
8067,-14.46532347330618
8068,-14.46532347330618
8069,-14.46532347330618
8070,-14.46532347330618
8071,-14.46532347330618
8072,-14.46532347330618
8073,-14.46532347330618
8074,-14.46532347330618
8075,-14.46532347330618
8076,-14.46532347330618
8077,-14.46532347330618
8078,-14.46532347330618
8079,-14.46532347330618
8080,-14.46532347330618
8081,-14.46532347330618
8082,-14.46532347330618
8083,-14.46532347330618
8084,-14.46532347330618
8085,-14.46532347330618
8086,-14.46532347330618
8087,-14.46532347330618
8088,-14.46532347330618
8089,-14.46532347330618
8090,-14.46532347330618
8091,-14.46532347330618
8092,-14.46532347330618
8093,-14.46532347330618
8094,-14.46532347330618
8095,-14.46532347330618
8096,-14.46532347330618
8097,-14.46532347330618
8098,-14.46532347330618
8099,-14.46532347330618
8100,-14.46532347330618
8101,-14.46532347330618
8102,-14.46532347330618
8103,-14.46532347330618
8104,-14.46532347330618
8105,-14.46532347330618
8106,-14.46532347330618
8107,-14.46532347330618
8108,-14.46532347330618
8109,-14.46532347330618
8110,-14.46532347330618
8111,-14.46532347330618
8112,-14.46532347330618
8113,-14.46532347330618
8114,-14.46532347330618
8115,-14.46532347330618
8116,-14.46532347330618
8117,-14.46532347330618
8118,-14.46532347330618
8119,-14.46532347330618
8120,-14.46532347330618
8121,-14.46532347330618
8122,-14.46532347330618
8123,-14.46532347330618
8124,-14.46532347330618
8125,-14.46532347330618
8126,-14.46532347330618
8127,-14.46532347330618
8128,-14.46532347330618
8129,-14.46532347330618
8130,-14.46532347330618
8131,-14.46532347330618
8132,-14.46532347330618
8133,-14.46532347330618
8134,-14.46532347330618
8135,-14.46532347330618
8136,-14.46532347330618
8137,-14.46532347330618
8138,-14.46532347330618
8139,-14.46532347330618
8140,-14.46532347330618
8141,-14.46532347330618
8142,-14.46532347330618
8143,-14.46532347330618
8144,-14.46532347330618
8145,-14.46532347330618
8146,-14.46532347330618
8147,-14.46532347330618
8148,-14.46532347330618
8149,-14.46532347330618
8150,-14.46532347330618
8151,-14.46532347330618
8152,-14.46532347330618
8153,-14.46532347330618
8154,-14.46532347330618
8155,-14.46532347330618
8156,-14.46532347330618
8157,-14.46532347330618
8158,-14.46532347330618
8159,-14.46532347330618
8160,-14.46532347330618
8161,-14.46532347330618
8162,-14.46532347330618
8163,-14.46532347330618
8164,-14.46532347330618
8165,-14.46532347330618
8166,-14.46532347330618
8167,-14.46532347330618
8168,-14.46532347330618
8169,-12.398500434557072
8170,-12.398500434557072
8171,-12.398500434557072
8172,-12.398500434557072
8173,-12.398500434557072
8174,-12.398500434557072
8175,-12.398500434557072
8176,-12.398500434557072
8177,-12.398500434557072
8178,-12.398500434557072
8179,-12.398500434557072
8180,-12.398500434557072
8181,-12.398500434557072
8182,-12.398500434557072
8183,-12.398500434557072
8184,-12.398500434557072
8185,-12.398500434557072
8186,-12.398500434557072
8187,-12.398500434557072
8188,-12.398500434557072
8189,-12.398500434557072
8190,-12.398500434557072
8191,-12.398500434557072
8192,-12.398500434557072
8193,-12.398500434557072
8194,-12.398500434557072
8195,-12.398500434557072
8196,-12.398500434557072
8197,-12.398500434557072
8198,-12.398500434557072
8199,-12.398500434557072
8200,-12.398500434557072
8201,-12.398500434557072
8202,-12.398500434557072
8203,-12.398500434557072
8204,-12.398500434557072
8205,-12.398500434557072
8206,-12.398500434557072
8207,-12.398500434557072
8208,-12.398500434557072
8209,-12.398500434557072
8210,-12.398500434557072
8211,-12.398500434557072
8212,-12.398500434557072
8213,-12.398500434557072
8214,-12.398500434557072
8215,-12.398500434557072
8216,-12.398500434557072
8217,-12.398500434557072
8218,-12.398500434557072
8219,-12.398500434557072
8220,-12.398500434557072
8221,-12.398500434557072
8222,-12.398500434557072
8223,-12.398500434557072
8224,-12.398500434557072
8225,-12.398500434557072
8226,-12.398500434557072
8227,-12.398500434557072
8228,-12.398500434557072
8229,-12.398500434557072
8230,-12.398500434557072
8231,-12.398500434557072
8232,-12.398500434557072
8233,-12.398500434557072
8234,-12.398500434557072
8235,-12.398500434557072
8236,-12.398500434557072
8237,-12.398500434557072
8238,-12.398500434557072
8239,-12.398500434557072
8240,-12.398500434557072
8241,-12.398500434557072
8242,-12.398500434557072
8243,-12.398500434557072
8244,-12.398500434557072
8245,-12.398500434557072
8246,-12.398500434557072
8247,-12.398500434557072
8248,-12.398500434557072
8249,-12.398500434557072
8250,-12.398500434557072
8251,-12.398500434557072
8252,-12.398500434557072
8253,-12.398500434557072
8254,-12.398500434557072
8255,-12.398500434557072
8256,-12.398500434557072
8257,-12.398500434557072
8258,-12.398500434557072
8259,-12.398500434557072
8260,-12.398500434557072
8261,-12.398500434557072
8262,-12.398500434557072
8263,-12.398500434557072
8264,-12.398500434557072
8265,-12.398500434557072
8266,-12.398500434557072
8267,-12.398500434557072
8268,-12.398500434557072
8269,-12.398500434557072
8270,-12.398500434557072
8271,-12.398500434557072
8272,-12.398500434557072
8273,-12.398500434557072
8274,-12.398500434557072
8275,-12.398500434557072
8276,-12.398500434557072
8277,-12.398500434557072
8278,-12.398500434557072
8279,-12.398500434557072
8280,-12.398500434557072
8281,-12.398500434557072
8282,-12.398500434557072
8283,-12.398500434557072
8284,-12.398500434557072
8285,-12.398500434557072
8286,-12.398500434557072
8287,-12.398500434557072
8288,-12.398500434557072
8289,-12.398500434557072
8290,-12.398500434557072
8291,-12.398500434557072
8292,-12.398500434557072
8293,-12.398500434557072
8294,-12.398500434557072
8295,-12.398500434557072
8296,-12.398500434557072
8297,-12.398500434557072
8298,-12.398500434557072
8299,-12.398500434557072
8300,-12.398500434557072
8301,-12.398500434557072
8302,-12.398500434557072
8303,-12.398500434557072
8304,-12.398500434557072
8305,-12.398500434557072
8306,-12.398500434557072
8307,-12.398500434557072
8308,-12.398500434557072
8309,-12.398500434557072
8310,-12.398500434557072
8311,-12.398500434557072
8312,-12.398500434557072
8313,-12.398500434557072
8314,-12.398500434557072
8315,-12.398500434557072
8316,-12.398500434557072
8317,-12.398500434557072
8318,-12.398500434557072
8319,-12.398500434557072
8320,-12.398500434557072
8321,-12.398500434557072
8322,-12.398500434557072
8323,-12.398500434557072
8324,-12.398500434557072
8325,-12.398500434557072
8326,-12.398500434557072
8327,-12.398500434557072
8328,-12.398500434557072
8329,-12.398500434557072
8330,-12.398500434557072
8331,-12.398500434557072
8332,-12.398500434557072
8333,-12.398500434557072
8334,-12.398500434557072
8335,-12.398500434557072
8336,-12.398500434557072
8337,-12.398500434557072
8338,-12.398500434557072
8339,-12.398500434557072
8340,-12.398500434557072
8341,-12.398500434557072
8342,-12.398500434557072
8343,-12.398500434557072
8344,-12.398500434557072
8345,-12.398500434557072
8346,-12.398500434557072
8347,-12.398500434557072
8348,-12.398500434557072
8349,-12.398500434557072
8350,-12.398500434557072
8351,-12.398500434557072
8352,-12.398500434557072
8353,-12.398500434557072
8354,-12.398500434557072
8355,-12.398500434557072
8356,-12.398500434557072
8357,-12.398500434557072
8358,-12.398500434557072
8359,-12.398500434557072
8360,-12.398500434557072
8361,-12.398500434557072
8362,-12.398500434557072
8363,-12.398500434557072
8364,-12.398500434557072
8365,-12.398500434557072
8366,-12.398500434557072
8367,-12.398500434557072
8368,-12.398500434557072
8369,-12.398500434557072
8370,-12.398500434557072
8371,-12.398500434557072
8372,-12.398500434557072
8373,-12.398500434557072
8374,-12.398500434557072
8375,-12.398500434557072
8376,-12.398500434557072
8377,-12.398500434557072
8378,-12.398500434557072
8379,-12.398500434557072
8380,-12.398500434557072
8381,-12.398500434557072
8382,-12.398500434557072
8383,-12.398500434557072
8384,-12.398500434557072
8385,-12.398500434557072
8386,-12.398500434557072
8387,-12.398500434557072
8388,-12.398500434557072
8389,-12.398500434557072
8390,-12.398500434557072
8391,-12.398500434557072
8392,-12.398500434557072
8393,-12.398500434557072
8394,-12.398500434557072
8395,-12.398500434557072
8396,-12.398500434557072
8397,-12.398500434557072
8398,-12.398500434557072
8399,-12.398500434557072
8400,-12.398500434557072
8401,-12.398500434557072
8402,-12.398500434557072
8403,-12.398500434557072
8404,-12.398500434557072
8405,-12.398500434557072
8406,-12.398500434557072
8407,-12.398500434557072
8408,-12.398500434557072
8409,-12.398500434557072
8410,-12.398500434557072
8411,-12.398500434557072
8412,-12.398500434557072
8413,-12.398500434557072
8414,-12.398500434557072
8415,-12.398500434557072
8416,-12.398500434557072
8417,-12.398500434557072
8418,-12.398500434557072
8419,-12.398500434557072
8420,-12.398500434557072
8421,-12.398500434557072
8422,-12.398500434557072
8423,-12.398500434557072
8424,-12.398500434557072
8425,-12.398500434557072
8426,-12.398500434557072
8427,-12.398500434557072
8428,-12.398500434557072
8429,-12.398500434557072
8430,-12.398500434557072
8431,-12.398500434557072
8432,-12.398500434557072
8433,-12.398500434557072
8434,-12.398500434557072
8435,-12.398500434557072
8436,-12.398500434557072
8437,-12.398500434557072
8438,-12.398500434557072
8439,-12.398500434557072
8440,-12.398500434557072
8441,-12.398500434557072
8442,-12.398500434557072
8443,-12.398500434557072
8444,-12.398500434557072
8445,-12.398500434557072
8446,-12.398500434557072
8447,-12.398500434557072
8448,-12.398500434557072
8449,-12.398500434557072
8450,-12.398500434557072
8451,-12.398500434557072
8452,-12.398500434557072
8453,-12.398500434557072
8454,-12.398500434557072
8455,-12.398500434557072
8456,-12.398500434557072
8457,-12.398500434557072
8458,-12.398500434557072
8459,-12.398500434557072
8460,-12.398500434557072
8461,-12.398500434557072
8462,-12.398500434557072
8463,-12.398500434557072
8464,-12.398500434557072
8465,-12.398500434557072
8466,-12.398500434557072
8467,-12.398500434557072
8468,-12.398500434557072
8469,-12.398500434557072
8470,-12.398500434557072
8471,-12.398500434557072
8472,-12.398500434557072
8473,-12.398500434557072
8474,-12.398500434557072
8475,-12.398500434557072
8476,-12.398500434557072
8477,-12.398500434557072
8478,-12.398500434557072
8479,-12.398500434557072
8480,-12.398500434557072
8481,-12.398500434557072
8482,-12.398500434557072
8483,-12.398500434557072
8484,-12.398500434557072
8485,-12.398500434557072
8486,-12.398500434557072
8487,-12.398500434557072
8488,-12.398500434557072
8489,-12.398500434557072
8490,-12.398500434557072
8491,-12.398500434557072
8492,-12.398500434557072
8493,-12.398500434557072
8494,-12.398500434557072
8495,-12.398500434557072
8496,-12.398500434557072
8497,-12.398500434557072
8498,-12.398500434557072
8499,-12.398500434557072
8500,-12.398500434557072
8501,-12.398500434557072
8502,-12.398500434557072
8503,-12.398500434557072
8504,-12.398500434557072
8505,-12.398500434557072
8506,-12.398500434557072
8507,-12.398500434557072
8508,-12.398500434557072
8509,-12.398500434557072
8510,-12.398500434557072
8511,-12.398500434557072
8512,-12.398500434557072
8513,-12.398500434557072
8514,-12.398500434557072
8515,-12.398500434557072
8516,-12.398500434557072
8517,-12.398500434557072
8518,-12.398500434557072
8519,-12.398500434557072
8520,-12.398500434557072
8521,-12.398500434557072
8522,-12.398500434557072
8523,-12.398500434557072
8524,-12.398500434557072
8525,-12.398500434557072
8526,-12.398500434557072
8527,-12.398500434557072
8528,-12.398500434557072
8529,-12.398500434557072
8530,-12.398500434557072
8531,-12.398500434557072
8532,-12.398500434557072
8533,-12.398500434557072
8534,-12.398500434557072
8535,-12.398500434557072
8536,-12.398500434557072
8537,-12.398500434557072
8538,-12.398500434557072
8539,-12.398500434557072
8540,-12.398500434557072
8541,-12.398500434557072
8542,-12.398500434557072
8543,-12.398500434557072
8544,-12.398500434557072
8545,-12.398500434557072
8546,-12.398500434557072
8547,-12.398500434557072
8548,-12.398500434557072
8549,-12.398500434557072
8550,-12.398500434557072
8551,-12.398500434557072
8552,-12.398500434557072
8553,-12.398500434557072
8554,-12.398500434557072
8555,-12.398500434557072
8556,-12.398500434557072
8557,-12.398500434557072
8558,-12.398500434557072
8559,-12.398500434557072
8560,-12.398500434557072
8561,-12.398500434557072
8562,-12.398500434557072
8563,-12.398500434557072
8564,-12.398500434557072
8565,-12.398500434557072
8566,-12.398500434557072
8567,-12.398500434557072
8568,-12.398500434557072
8569,-12.398500434557072
8570,-12.398500434557072
8571,-12.398500434557072
8572,-12.398500434557072
8573,-12.398500434557072
8574,-12.398500434557072
8575,-12.398500434557072
8576,-12.398500434557072
8577,-12.398500434557072
8578,-12.398500434557072
8579,-12.398500434557072
8580,-12.398500434557072
8581,-12.398500434557072
8582,-12.398500434557072
8583,-12.398500434557072
8584,-12.398500434557072
8585,-12.398500434557072
8586,-12.398500434557072
8587,-12.398500434557072
8588,-12.398500434557072
8589,-12.398500434557072
8590,-12.398500434557072
8591,-12.398500434557072
8592,-12.398500434557072
8593,-12.398500434557072
8594,-12.398500434557072
8595,-12.398500434557072
8596,-12.398500434557072
8597,-12.398500434557072
8598,-12.398500434557072
8599,-12.398500434557072
8600,-12.398500434557072
8601,-12.398500434557072
8602,-12.398500434557072
8603,-12.398500434557072
8604,-12.398500434557072
8605,-12.398500434557072
8606,-12.398500434557072
8607,-12.398500434557072
8608,-12.398500434557072
8609,-12.398500434557072
8610,-12.398500434557072
8611,-12.398500434557072
8612,-12.398500434557072
8613,-12.398500434557072
8614,-12.398500434557072
8615,-12.398500434557072
8616,-12.398500434557072
8617,-12.398500434557072
8618,-12.398500434557072
8619,-12.398500434557072
8620,-12.398500434557072
8621,-12.398500434557072
8622,-12.398500434557072
8623,-12.398500434557072
8624,-12.398500434557072
8625,-12.398500434557072
8626,-12.398500434557072
8627,-12.398500434557072
8628,-12.398500434557072
8629,-12.398500434557072
8630,-12.398500434557072
8631,-12.398500434557072
8632,-12.398500434557072
8633,-12.398500434557072
8634,-12.398500434557072
8635,-12.398500434557072
8636,-12.398500434557072
8637,-12.398500434557072
8638,-12.398500434557072
8639,-12.398500434557072
8640,-12.398500434557072
8641,-12.398500434557072
8642,-12.398500434557072
8643,-12.398500434557072
8644,-12.398500434557072
8645,-12.398500434557072
8646,-12.398500434557072
8647,-12.398500434557072
8648,-12.398500434557072
8649,-12.398500434557072
8650,-12.398500434557072
8651,-12.398500434557072
8652,-12.398500434557072
8653,-12.398500434557072
8654,-12.398500434557072
8655,-12.398500434557072
8656,-12.398500434557072
8657,-12.398500434557072
8658,-12.398500434557072
8659,-12.398500434557072
8660,-12.398500434557072
8661,-12.398500434557072
8662,-12.398500434557072
8663,-12.398500434557072
8664,-12.398500434557072
8665,-12.398500434557072
8666,-12.398500434557072
8667,-12.398500434557072
8668,-12.398500434557072
8669,-12.398500434557072
8670,-12.398500434557072
8671,-12.398500434557072
8672,-12.398500434557072
8673,-12.398500434557072
8674,-12.398500434557072
8675,-12.398500434557072
8676,-12.398500434557072
8677,-12.398500434557072
8678,-12.398500434557072
8679,-12.398500434557072
8680,-12.398500434557072
8681,-12.398500434557072
8682,-12.398500434557072
8683,-12.398500434557072
8684,-12.398500434557072
8685,-12.398500434557072
8686,-12.398500434557072
8687,-12.398500434557072
8688,-12.398500434557072
8689,-12.398500434557072
8690,-12.398500434557072
8691,-12.398500434557072
8692,-12.398500434557072
8693,-12.398500434557072
8694,-12.398500434557072
8695,-12.398500434557072
8696,-12.398500434557072
8697,-12.398500434557072
8698,-12.398500434557072
8699,-12.398500434557072
8700,-12.398500434557072
8701,-12.398500434557072
8702,-12.398500434557072
8703,-12.398500434557072
8704,-12.398500434557072
8705,-12.398500434557072
8706,-12.398500434557072
8707,-12.398500434557072
8708,-12.398500434557072
8709,-12.398500434557072
8710,-12.398500434557072
8711,-12.398500434557072
8712,-12.398500434557072
8713,-12.398500434557072
8714,-12.398500434557072
8715,-12.398500434557072
8716,-12.398500434557072
8717,-12.398500434557072
8718,-12.398500434557072
8719,-12.398500434557072
8720,-12.398500434557072
8721,-12.398500434557072
8722,-12.398500434557072
8723,-12.398500434557072
8724,-12.398500434557072
8725,-12.398500434557072
8726,-12.398500434557072
8727,-12.398500434557072
8728,-12.398500434557072
8729,-12.398500434557072
8730,-12.398500434557072
8731,-12.398500434557072
8732,-12.398500434557072
8733,-12.398500434557072
8734,-12.398500434557072
8735,-12.398500434557072
8736,-12.398500434557072
8737,-12.398500434557072
8738,-12.398500434557072
8739,-12.398500434557072
8740,-12.398500434557072
8741,-12.398500434557072
8742,-12.398500434557072
8743,-12.398500434557072
8744,-12.398500434557072
8745,-12.398500434557072
8746,-12.398500434557072
8747,-12.398500434557072
8748,-12.398500434557072
8749,-12.398500434557072
8750,-12.398500434557072
8751,-12.398500434557072
8752,-12.398500434557072
8753,-12.398500434557072
8754,-12.398500434557072
8755,-12.398500434557072
8756,-12.398500434557072
8757,-12.398500434557072
8758,-12.398500434557072
8759,-12.398500434557072
8760,-12.398500434557072
8761,-12.398500434557072
8762,-12.398500434557072
8763,-12.398500434557072
8764,-12.398500434557072
8765,-12.398500434557072
8766,-12.398500434557072
8767,-12.398500434557072
8768,-12.398500434557072
8769,-12.398500434557072
8770,-12.398500434557072
8771,-12.398500434557072
8772,-12.398500434557072
8773,-12.398500434557072
8774,-12.398500434557072
8775,-12.398500434557072
8776,-12.398500434557072
8777,-12.398500434557072
8778,-12.398500434557072
8779,-12.398500434557072
8780,-12.398500434557072
8781,-12.398500434557072
8782,-12.398500434557072
8783,-12.398500434557072
8784,-12.398500434557072
8785,-12.398500434557072
8786,-12.398500434557072
8787,-12.398500434557072
8788,-12.398500434557072
8789,-12.398500434557072
8790,-12.398500434557072
8791,-12.398500434557072
8792,-12.398500434557072
8793,-12.398500434557072
8794,-12.398500434557072
8795,-12.398500434557072
8796,-12.398500434557072
8797,-12.398500434557072
8798,-12.398500434557072
8799,-12.398500434557072
8800,-12.398500434557072
8801,-12.398500434557072
8802,-12.398500434557072
8803,-12.398500434557072
8804,-12.398500434557072
8805,-12.398500434557072
8806,-12.398500434557072
8807,-12.398500434557072
8808,-12.398500434557072
8809,-12.398500434557072
8810,-12.398500434557072
8811,-12.398500434557072
8812,-12.398500434557072
8813,-12.398500434557072
8814,-12.398500434557072
8815,-12.398500434557072
8816,-12.398500434557072
8817,-12.398500434557072
8818,-12.398500434557072
8819,-12.398500434557072
8820,-12.398500434557072
8821,-12.398500434557072
8822,-12.398500434557072
8823,-12.398500434557072
8824,-12.398500434557072
8825,-12.398500434557072
8826,-12.398500434557072
8827,-12.398500434557072
8828,-12.398500434557072
8829,-12.398500434557072
8830,-12.398500434557072
8831,-12.398500434557072
8832,-12.398500434557072
8833,-12.398500434557072
8834,-12.398500434557072
8835,-12.398500434557072
8836,-12.398500434557072
8837,-12.398500434557072
8838,-12.398500434557072
8839,-12.398500434557072
8840,-12.398500434557072
8841,-12.398500434557072
8842,-12.398500434557072
8843,-12.398500434557072
8844,-12.398500434557072
8845,-12.398500434557072
8846,-12.398500434557072
8847,-12.398500434557072
8848,-12.398500434557072
8849,-12.398500434557072
8850,-12.398500434557072
8851,-12.398500434557072
8852,-12.398500434557072
8853,-12.398500434557072
8854,-12.398500434557072
8855,-12.398500434557072
8856,-12.398500434557072
8857,-12.398500434557072
8858,-12.398500434557072
8859,-12.398500434557072
8860,-12.398500434557072
8861,-12.398500434557072
8862,-12.398500434557072
8863,-12.398500434557072
8864,-12.398500434557072
8865,-12.398500434557072
8866,-12.398500434557072
8867,-12.398500434557072
8868,-12.398500434557072
8869,-12.398500434557072
8870,-12.398500434557072
8871,-12.398500434557072
8872,-12.398500434557072
8873,-12.398500434557072
8874,-12.398500434557072
8875,-12.398500434557072
8876,-12.398500434557072
8877,-12.398500434557072
8878,-12.398500434557072
8879,-12.398500434557072
8880,-12.398500434557072
8881,-12.398500434557072
8882,-12.398500434557072
8883,-12.398500434557072
8884,-12.398500434557072
8885,-12.398500434557072
8886,-12.398500434557072
8887,-12.398500434557072
8888,-12.398500434557072
8889,-12.398500434557072
8890,-12.398500434557072
8891,-12.398500434557072
8892,-12.398500434557072
8893,-12.398500434557072
8894,-12.398500434557072
8895,-12.398500434557072
8896,-12.398500434557072
8897,-12.398500434557072
8898,-12.398500434557072
8899,-12.398500434557072
8900,-12.398500434557072
8901,-12.398500434557072
8902,-12.398500434557072
8903,-12.398500434557072
8904,-12.398500434557072
8905,-12.398500434557072
8906,-12.398500434557072
8907,-12.398500434557072
8908,-12.398500434557072
8909,-12.398500434557072
8910,-12.398500434557072
8911,-12.398500434557072
8912,-12.398500434557072
8913,-12.398500434557072
8914,-12.398500434557072
8915,-12.398500434557072
8916,-12.398500434557072
8917,-12.398500434557072
8918,-12.398500434557072
8919,-12.398500434557072
8920,-12.398500434557072
8921,-12.398500434557072
8922,-12.398500434557072
8923,-12.398500434557072
8924,-12.398500434557072
8925,-12.398500434557072
8926,-12.398500434557072
8927,-12.398500434557072
8928,-12.398500434557072
8929,-12.398500434557072
8930,-12.398500434557072
8931,-12.398500434557072
8932,-12.398500434557072
8933,-12.398500434557072
8934,-12.398500434557072
8935,-12.398500434557072
8936,-12.398500434557072
8937,-12.398500434557072
8938,-12.398500434557072
8939,-12.398500434557072
8940,-12.398500434557072
8941,-12.398500434557072
8942,-12.398500434557072
8943,-12.398500434557072
8944,-12.398500434557072
8945,-12.398500434557072
8946,-12.398500434557072
8947,-12.398500434557072
8948,-12.398500434557072
8949,-12.398500434557072
8950,-12.398500434557072
8951,-12.398500434557072
8952,-12.398500434557072
8953,-12.398500434557072
8954,-12.398500434557072
8955,-12.398500434557072
8956,-12.398500434557072
8957,-12.398500434557072
8958,-12.398500434557072
8959,-12.398500434557072
8960,-12.398500434557072
8961,-12.398500434557072
8962,-12.398500434557072
8963,-12.398500434557072
8964,-12.398500434557072
8965,-12.398500434557072
8966,-12.398500434557072
8967,-12.398500434557072
8968,-12.398500434557072
8969,-12.398500434557072
8970,-12.398500434557072
8971,-12.398500434557072
8972,-12.398500434557072
8973,-12.398500434557072
8974,-12.398500434557072
8975,-12.398500434557072
8976,-12.398500434557072
8977,-12.398500434557072
8978,-12.398500434557072
8979,-12.398500434557072
8980,-12.398500434557072
8981,-12.398500434557072
8982,-12.398500434557072
8983,-12.398500434557072
8984,-12.398500434557072
8985,-12.398500434557072
8986,-12.398500434557072
8987,-12.398500434557072
8988,-12.398500434557072
8989,-12.398500434557072
8990,-12.398500434557072
8991,-12.398500434557072
8992,-12.398500434557072
8993,-12.398500434557072
8994,-12.398500434557072
8995,-12.398500434557072
8996,-12.398500434557072
8997,-12.398500434557072
8998,-12.398500434557072
8999,-12.398500434557072
9000,-12.398500434557072
9001,-12.398500434557072
9002,-12.398500434557072
9003,-12.398500434557072
9004,-12.398500434557072
9005,-12.398500434557072
9006,-12.398500434557072
9007,-12.398500434557072
9008,-12.398500434557072
9009,-12.398500434557072
9010,-12.398500434557072
9011,-12.398500434557072
9012,-12.398500434557072
9013,-12.398500434557072
9014,-12.398500434557072
9015,-12.398500434557072
9016,-12.398500434557072
9017,-12.398500434557072
9018,-12.398500434557072
9019,-12.398500434557072
9020,-12.398500434557072
9021,-12.398500434557072
9022,-12.398500434557072
9023,-12.398500434557072
9024,-12.398500434557072
9025,-12.398500434557072
9026,-12.398500434557072
9027,-12.398500434557072
9028,-12.398500434557072
9029,-12.398500434557072
9030,-12.398500434557072
9031,-12.398500434557072
9032,-12.398500434557072
9033,-12.398500434557072
9034,-12.398500434557072
9035,-12.398500434557072
9036,-12.398500434557072
9037,-12.398500434557072
9038,-12.398500434557072
9039,-12.398500434557072
9040,-12.398500434557072
9041,-12.398500434557072
9042,-12.398500434557072
9043,-12.398500434557072
9044,-12.398500434557072
9045,-12.398500434557072
9046,-12.398500434557072
9047,-12.398500434557072
9048,-12.398500434557072
9049,-12.398500434557072
9050,-12.398500434557072
9051,-12.398500434557072
9052,-12.398500434557072
9053,-12.398500434557072
9054,-12.398500434557072
9055,-12.398500434557072
9056,-12.398500434557072
9057,-12.398500434557072
9058,-12.398500434557072
9059,-12.398500434557072
9060,-12.398500434557072
9061,-12.398500434557072
9062,-12.398500434557072
9063,-12.398500434557072
9064,-12.398500434557072
9065,-12.398500434557072
9066,-12.398500434557072
9067,-12.398500434557072
9068,-12.398500434557072
9069,-12.398500434557072
9070,-12.398500434557072
9071,-12.398500434557072
9072,-12.398500434557072
9073,-12.398500434557072
9074,-12.398500434557072
9075,-12.398500434557072
9076,-12.398500434557072
9077,-12.398500434557072
9078,-12.398500434557072
9079,-12.398500434557072
9080,-12.398500434557072
9081,-12.398500434557072
9082,-12.398500434557072
9083,-12.398500434557072
9084,-12.398500434557072
9085,-12.398500434557072
9086,-12.398500434557072
9087,-12.398500434557072
9088,-12.398500434557072
9089,-12.398500434557072
9090,-12.398500434557072
9091,-12.398500434557072
9092,-12.398500434557072
9093,-12.398500434557072
9094,-12.398500434557072
9095,-12.398500434557072
9096,-12.398500434557072
9097,-12.398500434557072
9098,-12.398500434557072
9099,-12.398500434557072
9100,-12.398500434557072
9101,-12.398500434557072
9102,-12.398500434557072
9103,-12.398500434557072
9104,-12.398500434557072
9105,-12.398500434557072
9106,-12.398500434557072
9107,-12.398500434557072
9108,-12.398500434557072
9109,-12.398500434557072
9110,-12.398500434557072
9111,-12.398500434557072
9112,-12.398500434557072
9113,-12.398500434557072
9114,-12.398500434557072
9115,-12.398500434557072
9116,-12.398500434557072
9117,-12.398500434557072
9118,-12.398500434557072
9119,-12.398500434557072
9120,-12.398500434557072
9121,-12.398500434557072
9122,-12.398500434557072
9123,-12.398500434557072
9124,-12.398500434557072
9125,-12.398500434557072
9126,-12.398500434557072
9127,-12.398500434557072
9128,-12.398500434557072
9129,-12.398500434557072
9130,-12.398500434557072
9131,-12.398500434557072
9132,-12.398500434557072
9133,-12.398500434557072
9134,-12.398500434557072
9135,-12.398500434557072
9136,-12.398500434557072
9137,-12.398500434557072
9138,-12.398500434557072
9139,-12.398500434557072
9140,-12.398500434557072
9141,-12.398500434557072
9142,-12.398500434557072
9143,-12.398500434557072
9144,-12.398500434557072
9145,-12.398500434557072
9146,-12.398500434557072
9147,-12.398500434557072
9148,-12.398500434557072
9149,-12.398500434557072
9150,-12.398500434557072
9151,-12.398500434557072
9152,-12.398500434557072
9153,-12.398500434557072
9154,-12.398500434557072
9155,-12.398500434557072
9156,-12.398500434557072
9157,-12.398500434557072
9158,-12.398500434557072
9159,-12.398500434557072
9160,-12.398500434557072
9161,-12.398500434557072
9162,-12.398500434557072
9163,-12.398500434557072
9164,-12.398500434557072
9165,-12.398500434557072
9166,-12.398500434557072
9167,-12.398500434557072
9168,-12.398500434557072
9169,-12.398500434557072
9170,-12.398500434557072
9171,-12.398500434557072
9172,-12.398500434557072
9173,-12.398500434557072
9174,-12.398500434557072
9175,-12.398500434557072
9176,-12.398500434557072
9177,-12.398500434557072
9178,-3.6542491167723865
9179,-3.6542491167723865
9180,-3.6542491167723865
9181,-3.6542491167723865
9182,-3.6542491167723865
9183,-3.6542491167723865
9184,-3.6542491167723865
9185,-3.6542491167723865
9186,-3.6542491167723865
9187,-3.6542491167723865
9188,-3.6542491167723865
9189,-3.6542491167723865
9190,-3.6542491167723865
9191,-3.6542491167723865
9192,-3.6542491167723865
9193,-3.6542491167723865
9194,-3.6542491167723865
9195,-3.6542491167723865
9196,-3.6542491167723865
9197,-3.6542491167723865
9198,-3.6542491167723865
9199,-3.6542491167723865
9200,-3.6542491167723865
9201,-3.6542491167723865
9202,-3.6542491167723865
9203,-3.6542491167723865
9204,-3.6542491167723865
9205,-3.6542491167723865
9206,-3.6542491167723865
9207,-3.6542491167723865
9208,-3.6542491167723865
9209,-3.6542491167723865
9210,-3.6542491167723865
9211,-3.6542491167723865
9212,-3.6542491167723865
9213,-3.6542491167723865
9214,-3.6542491167723865
9215,-3.6542491167723865
9216,-3.6542491167723865
9217,-3.6542491167723865
9218,-3.6542491167723865
9219,-3.6542491167723865
9220,-3.6542491167723865
9221,-3.6542491167723865
9222,-3.6542491167723865
9223,-3.6542491167723865
9224,-3.6542491167723865
9225,-3.6542491167723865
9226,-3.6542491167723865
9227,-3.6542491167723865
9228,-3.6542491167723865
9229,-3.6542491167723865
9230,-3.6542491167723865
9231,-3.6542491167723865
9232,-3.6542491167723865
9233,-3.6542491167723865
9234,-3.6542491167723865
9235,-3.6542491167723865
9236,-3.6542491167723865
9237,-3.6542491167723865
9238,-3.6542491167723865
9239,-3.6542491167723865
9240,-3.6542491167723865
9241,-3.6542491167723865
9242,-3.6542491167723865
9243,-3.6542491167723865
9244,-3.6542491167723865
9245,-3.6542491167723865
9246,-3.6542491167723865
9247,-3.6542491167723865
9248,-3.6542491167723865
9249,-3.6542491167723865
9250,-3.6542491167723865
9251,-3.6542491167723865
9252,-3.6542491167723865
9253,-3.6542491167723865
9254,-3.6542491167723865
9255,-3.6542491167723865
9256,-3.6542491167723865
9257,-3.6542491167723865
9258,-3.6542491167723865
9259,-3.6542491167723865
9260,-3.6542491167723865
9261,-3.6542491167723865
9262,-3.6542491167723865
9263,-3.6542491167723865
9264,-3.6542491167723865
9265,-3.6542491167723865
9266,-3.6542491167723865
9267,-3.6542491167723865
9268,-3.6542491167723865
9269,-3.6542491167723865
9270,-3.6542491167723865
9271,-3.6542491167723865
9272,-3.6542491167723865
9273,-3.6542491167723865
9274,-3.6542491167723865
9275,-3.6542491167723865
9276,-3.6542491167723865
9277,-3.6542491167723865
9278,-3.6542491167723865
9279,-3.6542491167723865
9280,-3.6542491167723865
9281,-3.6542491167723865
9282,-3.6542491167723865
9283,-3.6542491167723865
9284,-3.6542491167723865
9285,-3.6542491167723865
9286,-3.6542491167723865
9287,-3.6542491167723865
9288,-3.6542491167723865
9289,-3.6542491167723865
9290,-3.6542491167723865
9291,-3.6542491167723865
9292,-3.6542491167723865
9293,-3.6542491167723865
9294,-3.6542491167723865
9295,-3.6542491167723865
9296,-3.6542491167723865
9297,-3.6542491167723865
9298,-3.6542491167723865
9299,-3.6542491167723865
9300,-3.6542491167723865
9301,-3.6542491167723865
9302,-3.6542491167723865
9303,-3.6542491167723865
9304,-3.6542491167723865
9305,-3.6542491167723865
9306,-3.6542491167723865
9307,-3.6542491167723865
9308,-3.6542491167723865
9309,-3.6542491167723865
9310,-3.6542491167723865
9311,-3.6542491167723865
9312,-3.6542491167723865
9313,-3.6542491167723865
9314,-3.6542491167723865
9315,-3.6542491167723865
9316,-3.6542491167723865
9317,-3.6542491167723865
9318,-3.6542491167723865
9319,-3.6542491167723865
9320,-3.6542491167723865
9321,-3.6542491167723865
9322,-3.6542491167723865
9323,-3.6542491167723865
9324,-3.6542491167723865
9325,-3.6542491167723865
9326,-3.6542491167723865
9327,-3.6542491167723865
9328,-3.6542491167723865
9329,-3.6542491167723865
9330,-3.6542491167723865
9331,-3.6542491167723865
9332,-3.6542491167723865
9333,-3.6542491167723865
9334,-3.6542491167723865
9335,-3.6542491167723865
9336,-3.6542491167723865
9337,-3.6542491167723865
9338,-3.6542491167723865
9339,-3.6542491167723865
9340,-3.6542491167723865
9341,-3.6542491167723865
9342,-3.6542491167723865
9343,-3.6542491167723865
9344,-3.6542491167723865
9345,-3.6542491167723865
9346,-3.6542491167723865
9347,-3.6542491167723865
9348,-3.6542491167723865
9349,-3.6542491167723865
9350,-3.6542491167723865
9351,-3.6542491167723865
9352,-3.6542491167723865
9353,-3.6542491167723865
9354,-3.6542491167723865
9355,-3.6542491167723865
9356,-3.6542491167723865
9357,-3.6542491167723865
9358,-3.6542491167723865
9359,-3.6542491167723865
9360,-3.6542491167723865
9361,-3.6542491167723865
9362,-3.6542491167723865
9363,-3.6542491167723865
9364,-3.6542491167723865
9365,-3.6542491167723865
9366,-3.6542491167723865
9367,-3.6542491167723865
9368,-3.6542491167723865
9369,-3.6542491167723865
9370,-3.6542491167723865
9371,-3.6542491167723865
9372,-3.6542491167723865
9373,-3.6542491167723865
9374,-3.6542491167723865
9375,-3.6542491167723865
9376,-3.6542491167723865
9377,-3.6542491167723865
9378,-3.6542491167723865
9379,-3.6542491167723865
9380,-3.6542491167723865
9381,-3.6542491167723865
9382,-3.6542491167723865
9383,-3.6542491167723865
9384,-3.6542491167723865
9385,-3.6542491167723865
9386,-3.6542491167723865
9387,-3.6542491167723865
9388,-3.6542491167723865
9389,-3.6542491167723865
9390,-3.6542491167723865
9391,-3.6542491167723865
9392,-3.6542491167723865
9393,-3.6542491167723865
9394,-3.6542491167723865
9395,-3.6542491167723865
9396,-3.6542491167723865
9397,-3.6542491167723865
9398,-3.6542491167723865
9399,-3.6542491167723865
9400,-3.6542491167723865
9401,-3.6542491167723865
9402,-3.6542491167723865
9403,-3.6542491167723865
9404,-3.6542491167723865
9405,-3.6542491167723865
9406,-3.6542491167723865
9407,-3.6542491167723865
9408,-3.6542491167723865
9409,-3.6542491167723865
9410,-3.6542491167723865
9411,-3.6542491167723865
9412,-3.6542491167723865
9413,-3.6542491167723865
9414,-3.6542491167723865
9415,-3.6542491167723865
9416,-3.6542491167723865
9417,-3.6542491167723865
9418,-3.6542491167723865
9419,-3.6542491167723865
9420,-3.6542491167723865
9421,-3.6542491167723865
9422,-3.6542491167723865
9423,-3.6542491167723865
9424,-3.6542491167723865
9425,-3.6542491167723865
9426,-3.6542491167723865
9427,-3.6542491167723865
9428,-3.6542491167723865
9429,-3.6542491167723865
9430,-3.6542491167723865
9431,-3.6542491167723865
9432,-3.6542491167723865
9433,-3.6542491167723865
9434,-3.6542491167723865
9435,-3.6542491167723865
9436,-3.6542491167723865
9437,-3.6542491167723865
9438,-3.6542491167723865
9439,-3.6542491167723865
9440,-3.6542491167723865
9441,-3.6542491167723865
9442,-3.6542491167723865
9443,-3.6542491167723865
9444,-3.6542491167723865
9445,-3.6542491167723865
9446,-3.6542491167723865
9447,-3.6542491167723865
9448,-3.6542491167723865
9449,-3.6542491167723865
9450,-3.6542491167723865
9451,-3.6542491167723865
9452,-3.6542491167723865
9453,-3.6542491167723865
9454,-3.6542491167723865
9455,-3.6542491167723865
9456,-3.6542491167723865
9457,-3.6542491167723865
9458,-3.6542491167723865
9459,-3.6542491167723865
9460,-3.6542491167723865
9461,-3.6542491167723865
9462,-3.6542491167723865
9463,-3.6542491167723865
9464,-3.6542491167723865
9465,-3.6542491167723865
9466,-3.6542491167723865
9467,-3.6542491167723865
9468,-3.6542491167723865
9469,-3.6542491167723865
9470,-3.6542491167723865
9471,-3.6542491167723865
9472,-3.6542491167723865
9473,-3.6542491167723865
9474,-3.6542491167723865
9475,-3.6542491167723865
9476,-3.6542491167723865
9477,-3.6542491167723865
9478,-3.6542491167723865
9479,-3.6542491167723865
9480,-3.6542491167723865
9481,-3.6542491167723865
9482,-3.6542491167723865
9483,-3.6542491167723865
9484,-3.6542491167723865
9485,-3.6542491167723865
9486,-3.6542491167723865
9487,-3.6542491167723865
9488,-3.6542491167723865
9489,-3.6542491167723865
9490,-3.6542491167723865
9491,-3.6542491167723865
9492,-3.6542491167723865
9493,-3.6542491167723865
9494,-3.6542491167723865
9495,-3.6542491167723865
9496,-3.6542491167723865
9497,-3.6542491167723865
9498,-3.6542491167723865
9499,-3.6542491167723865
9500,-3.6542491167723865
9501,-3.6542491167723865
9502,-3.6542491167723865
9503,-3.6542491167723865
9504,-3.6542491167723865
9505,-3.6542491167723865
9506,-3.6542491167723865
9507,-3.6542491167723865
9508,-3.6542491167723865
9509,-3.6542491167723865
9510,-3.6542491167723865
9511,-3.6542491167723865
9512,-3.6542491167723865
9513,-3.6542491167723865
9514,-3.6542491167723865
9515,-3.6542491167723865
9516,-3.6542491167723865
9517,-3.6542491167723865
9518,-3.6542491167723865
9519,-3.6542491167723865
9520,-3.6542491167723865
9521,-3.6542491167723865
9522,-3.6542491167723865
9523,-3.6542491167723865
9524,-3.6542491167723865
9525,-3.6542491167723865
9526,-3.6542491167723865
9527,-3.6542491167723865
9528,-3.6542491167723865
9529,-3.6542491167723865
9530,-3.6542491167723865
9531,-3.6542491167723865
9532,-3.6542491167723865
9533,-3.6542491167723865
9534,-3.6542491167723865
9535,-3.6542491167723865
9536,-3.6542491167723865
9537,-3.6542491167723865
9538,-3.6542491167723865
9539,-3.6542491167723865
9540,-3.6542491167723865
9541,-3.6542491167723865
9542,-3.6542491167723865
9543,-3.6542491167723865
9544,-3.6542491167723865
9545,-3.6542491167723865
9546,-3.6542491167723865
9547,-3.6542491167723865
9548,-3.6542491167723865
9549,-3.6542491167723865
9550,-3.6542491167723865
9551,-3.6542491167723865
9552,-3.6542491167723865
9553,-3.6542491167723865
9554,-3.6542491167723865
9555,-3.6542491167723865
9556,-3.6542491167723865
9557,-3.6542491167723865
9558,-3.6542491167723865
9559,-3.6542491167723865
9560,-3.6542491167723865
9561,-3.6542491167723865
9562,-3.6542491167723865
9563,-3.6542491167723865
9564,-3.6542491167723865
9565,-3.6542491167723865
9566,-3.6542491167723865
9567,-3.6542491167723865
9568,-3.6542491167723865
9569,-3.6542491167723865
9570,-3.6542491167723865
9571,-3.6542491167723865
9572,-3.6542491167723865
9573,-3.6542491167723865
9574,-3.6542491167723865
9575,-3.6542491167723865
9576,-3.6542491167723865
9577,-3.6542491167723865
9578,-3.6542491167723865
9579,-3.6542491167723865
9580,-3.6542491167723865
9581,-3.6542491167723865
9582,-3.6542491167723865
9583,-3.6542491167723865
9584,-3.6542491167723865
9585,-3.6542491167723865
9586,-3.6542491167723865
9587,-3.6542491167723865
9588,-3.6542491167723865
9589,-3.6542491167723865
9590,-3.6542491167723865
9591,-3.6542491167723865
9592,-3.6542491167723865
9593,-3.6542491167723865
9594,-3.6542491167723865
9595,-3.6542491167723865
9596,-3.6542491167723865
9597,-3.6542491167723865
9598,-3.6542491167723865
9599,-3.6542491167723865
9600,-3.6542491167723865
9601,-3.6542491167723865
9602,-3.6542491167723865
9603,-3.6542491167723865
9604,-3.6542491167723865
9605,-3.6542491167723865
9606,-3.6542491167723865
9607,-3.6542491167723865
9608,-3.6542491167723865
9609,-3.6542491167723865
9610,-3.6542491167723865
9611,-3.6542491167723865
9612,-3.6542491167723865
9613,-3.6542491167723865
9614,-3.6542491167723865
9615,-3.6542491167723865
9616,-3.6542491167723865
9617,-3.6542491167723865
9618,-3.6542491167723865
9619,-3.6542491167723865
9620,-3.6542491167723865
9621,-3.6542491167723865
9622,-3.6542491167723865
9623,-3.6542491167723865
9624,-3.6542491167723865
9625,-3.6542491167723865
9626,-3.6542491167723865
9627,-3.6542491167723865
9628,-3.6542491167723865
9629,-3.6542491167723865
9630,-3.6542491167723865
9631,-3.6542491167723865
9632,-3.6542491167723865
9633,-3.6542491167723865
9634,-3.6542491167723865
9635,-3.6542491167723865
9636,-3.6542491167723865
9637,-3.6542491167723865
9638,-3.6542491167723865
9639,-3.6542491167723865
9640,-3.6542491167723865
9641,-3.6542491167723865
9642,-3.6542491167723865
9643,-3.6542491167723865
9644,-3.6542491167723865
9645,-3.6542491167723865
9646,-3.6542491167723865
9647,-3.6542491167723865
9648,-3.6542491167723865
9649,-3.6542491167723865
9650,-3.6542491167723865
9651,-3.6542491167723865
9652,-3.6542491167723865
9653,-3.6542491167723865
9654,-3.6542491167723865
9655,-3.6542491167723865
9656,-3.6542491167723865
9657,-3.6542491167723865
9658,-3.6542491167723865
9659,-3.6542491167723865
9660,-3.6542491167723865
9661,-3.6542491167723865
9662,-3.6542491167723865
9663,-3.6542491167723865
9664,-3.6542491167723865
9665,-3.6542491167723865
9666,-3.6542491167723865
9667,-3.6542491167723865
9668,-3.6542491167723865
9669,-3.6542491167723865
9670,-3.6542491167723865
9671,-3.6542491167723865
9672,-3.6542491167723865
9673,-3.6542491167723865
9674,-3.6542491167723865
9675,-3.6542491167723865
9676,-3.6542491167723865
9677,-3.6542491167723865
9678,-3.6542491167723865
9679,-3.6542491167723865
9680,-3.6542491167723865
9681,-3.6542491167723865
9682,-3.6542491167723865
9683,-3.6542491167723865
9684,-3.6542491167723865
9685,-3.6542491167723865
9686,-3.6542491167723865
9687,-3.6542491167723865
9688,-3.6542491167723865
9689,-3.6542491167723865
9690,-3.6542491167723865
9691,-3.6542491167723865
9692,-3.6542491167723865
9693,-3.6542491167723865
9694,-3.6542491167723865
9695,-3.6542491167723865
9696,-3.6542491167723865
9697,-3.6542491167723865
9698,-3.6542491167723865
9699,-3.6542491167723865
9700,-3.6542491167723865
9701,-3.6542491167723865
9702,-3.6542491167723865
9703,-3.6542491167723865
9704,-3.6542491167723865
9705,-3.6542491167723865
9706,-3.6542491167723865
9707,-3.6542491167723865
9708,-3.6542491167723865
9709,-3.6542491167723865
9710,-3.6542491167723865
9711,-3.6542491167723865
9712,-3.6542491167723865
9713,-3.6542491167723865
9714,-3.6542491167723865
9715,-3.6542491167723865
9716,-3.6542491167723865
9717,-3.6542491167723865
9718,-3.6542491167723865
9719,-3.6542491167723865
9720,-3.6542491167723865
9721,-3.6542491167723865
9722,-3.6542491167723865
9723,-3.6542491167723865
9724,-3.6542491167723865
9725,-3.6542491167723865
9726,-3.6542491167723865
9727,-3.6542491167723865
9728,-3.6542491167723865
9729,-3.6542491167723865
9730,-3.6542491167723865
9731,-3.6542491167723865
9732,-3.6542491167723865
9733,-3.6542491167723865
9734,-3.6542491167723865
9735,-3.6542491167723865
9736,-3.6542491167723865
9737,-3.6542491167723865
9738,-3.6542491167723865
9739,-3.6542491167723865
9740,-3.6542491167723865
9741,-3.6542491167723865
9742,-3.6542491167723865
9743,-3.6542491167723865
9744,-3.6542491167723865
9745,-3.6542491167723865
9746,-3.6542491167723865
9747,-3.6542491167723865
9748,-3.6542491167723865
9749,-3.6542491167723865
9750,-3.6542491167723865
9751,-3.6542491167723865
9752,-3.6542491167723865
9753,-3.6542491167723865
9754,-3.6542491167723865
9755,-3.6542491167723865
9756,-3.6542491167723865
9757,-3.6542491167723865
9758,-3.6542491167723865
9759,-3.6542491167723865
9760,-3.6542491167723865
9761,-3.6542491167723865
9762,-3.6542491167723865
9763,-3.6542491167723865
9764,-3.6542491167723865
9765,-3.6542491167723865
9766,-3.6542491167723865
9767,-3.6542491167723865
9768,-3.6542491167723865
9769,-3.6542491167723865
9770,-3.6542491167723865
9771,-3.6542491167723865
9772,-3.6542491167723865
9773,-3.6542491167723865
9774,-3.6542491167723865
9775,-3.6542491167723865
9776,-3.6542491167723865
9777,-3.6542491167723865
9778,-3.6542491167723865
9779,-3.6542491167723865
9780,-3.6542491167723865
9781,-3.6542491167723865
9782,-3.6542491167723865
9783,-3.6542491167723865
9784,-3.6542491167723865
9785,-3.6542491167723865
9786,-3.6542491167723865
9787,-3.6542491167723865
9788,-3.6542491167723865
9789,-3.6542491167723865
9790,-3.6542491167723865
9791,-3.6542491167723865
9792,-3.6542491167723865
9793,-3.6542491167723865
9794,-3.6542491167723865
9795,-3.6542491167723865
9796,-3.6542491167723865
9797,-3.6542491167723865
9798,-3.6542491167723865
9799,-3.6542491167723865
9800,-3.6542491167723865
9801,-3.6542491167723865
9802,-3.6542491167723865
9803,-3.6542491167723865
9804,-3.6542491167723865
9805,-3.6542491167723865
9806,-3.6542491167723865
9807,-3.6542491167723865
9808,-3.6542491167723865
9809,-3.6542491167723865
9810,-3.6542491167723865
9811,-3.6542491167723865
9812,-3.6542491167723865
9813,-3.6542491167723865
9814,-3.6542491167723865
9815,-3.6542491167723865
9816,-3.6542491167723865
9817,-3.6542491167723865
9818,-3.6542491167723865
9819,-3.6542491167723865
9820,-3.6542491167723865
9821,-3.6542491167723865
9822,-3.6542491167723865
9823,-3.6542491167723865
9824,-3.6542491167723865
9825,-3.6542491167723865
9826,-3.6542491167723865
9827,-3.6542491167723865
9828,-3.6542491167723865
9829,-3.6542491167723865
9830,-3.6542491167723865
9831,-3.6542491167723865
9832,-3.6542491167723865
9833,-3.6542491167723865
9834,-3.6542491167723865
9835,-3.6542491167723865
9836,-3.6542491167723865
9837,-3.6542491167723865
9838,-3.6542491167723865
9839,-3.6542491167723865
9840,-3.6542491167723865
9841,-3.6542491167723865
9842,-3.6542491167723865
9843,-3.6542491167723865
9844,-3.6542491167723865
9845,-3.6542491167723865
9846,-3.6542491167723865
9847,-3.6542491167723865
9848,-3.6542491167723865
9849,-3.6542491167723865
9850,-3.6542491167723865
9851,-3.6542491167723865
9852,-3.6542491167723865
9853,-3.6542491167723865
9854,-3.6542491167723865
9855,-3.6542491167723865
9856,-3.6542491167723865
9857,-3.6542491167723865
9858,-3.6542491167723865
9859,-3.6542491167723865
9860,-3.6542491167723865
9861,-3.6542491167723865
9862,-3.6542491167723865
9863,-3.6542491167723865
9864,-3.6542491167723865
9865,-3.6542491167723865
9866,-3.6542491167723865
9867,-3.6542491167723865
9868,-3.6542491167723865
9869,-3.6542491167723865
9870,-3.6542491167723865
9871,-3.6542491167723865
9872,-3.6542491167723865
9873,-3.6542491167723865
9874,-3.6542491167723865
9875,-3.6542491167723865
9876,-3.6542491167723865
9877,-3.6542491167723865
9878,-3.6542491167723865
9879,-3.6542491167723865
9880,-3.6542491167723865
9881,-3.6542491167723865
9882,-3.6542491167723865
9883,-3.6542491167723865
9884,-3.6542491167723865
9885,-3.6542491167723865
9886,-3.6542491167723865
9887,-3.6542491167723865
9888,-3.6542491167723865
9889,-3.6542491167723865
9890,-3.6542491167723865
9891,-3.6542491167723865
9892,-3.6542491167723865
9893,-3.6542491167723865
9894,-3.6542491167723865
9895,-3.6542491167723865
9896,-3.6542491167723865
9897,-3.6542491167723865
9898,-3.6542491167723865
9899,-3.6542491167723865
9900,-3.6542491167723865
9901,-3.6542491167723865
9902,-3.6542491167723865
9903,-3.6542491167723865
9904,-3.6542491167723865
9905,-3.6542491167723865
9906,-3.6542491167723865
9907,-3.6542491167723865
9908,-3.6542491167723865
9909,-3.6542491167723865
9910,-3.6542491167723865
9911,-3.6542491167723865
9912,-3.6542491167723865
9913,-3.6542491167723865
9914,-3.6542491167723865
9915,-3.6542491167723865
9916,-3.6542491167723865
9917,-3.6542491167723865
9918,-3.6542491167723865
9919,-3.6542491167723865
9920,-3.6542491167723865
9921,-3.6542491167723865
9922,-3.6542491167723865
9923,-3.6542491167723865
9924,-3.6542491167723865
9925,-3.6542491167723865
9926,-3.6542491167723865
9927,-3.6542491167723865
9928,-3.6542491167723865
9929,-3.6542491167723865
9930,-3.6542491167723865
9931,-3.6542491167723865
9932,-3.6542491167723865
9933,-3.6542491167723865
9934,-3.6542491167723865
9935,-3.6542491167723865
9936,-3.6542491167723865
9937,-3.6542491167723865
9938,-3.6542491167723865
9939,-3.6542491167723865
9940,-3.6542491167723865
9941,-3.6542491167723865
9942,-3.6542491167723865
9943,-3.6542491167723865
9944,-3.6542491167723865
9945,-3.6542491167723865
9946,-3.6542491167723865
9947,-3.6542491167723865
9948,-3.6542491167723865
9949,-3.6542491167723865
9950,-3.6542491167723865
9951,-3.6542491167723865
9952,-3.6542491167723865
9953,-3.6542491167723865
9954,-3.6542491167723865
9955,-3.6542491167723865
9956,-3.6542491167723865
9957,-3.6542491167723865
9958,-3.6542491167723865
9959,-3.6542491167723865
9960,-3.6542491167723865
9961,-3.6542491167723865
9962,-3.6542491167723865
9963,-3.6542491167723865
9964,-3.6542491167723865
9965,-3.6542491167723865
9966,-3.6542491167723865
9967,-3.6542491167723865
9968,-3.6542491167723865
9969,-3.6542491167723865
9970,-3.6542491167723865
9971,-3.6542491167723865
9972,-3.6542491167723865
9973,-3.6542491167723865
9974,-3.6542491167723865
9975,-3.6542491167723865
9976,-3.6542491167723865
9977,-3.6542491167723865
9978,-3.6542491167723865
9979,-3.6542491167723865
9980,-3.6542491167723865
9981,-3.6542491167723865
9982,-3.6542491167723865
9983,-3.6542491167723865
9984,-3.6542491167723865
9985,-3.6542491167723865
9986,-3.6542491167723865
9987,-3.6542491167723865
9988,-3.6542491167723865
9989,-3.6542491167723865
9990,-3.6542491167723865
9991,-3.6542491167723865
9992,-3.6542491167723865
9993,-3.6542491167723865
9994,-3.6542491167723865
9995,-3.6542491167723865
9996,-3.6542491167723865
9997,-3.6542491167723865
9998,-3.6542491167723865
9999,-3.6542491167723865
10000,-3.6542491167723865
10001,-3.6542491167723865
10002,-3.6542491167723865
10003,-3.6542491167723865
10004,-3.6542491167723865
10005,-3.6542491167723865
10006,-3.6542491167723865
10007,-3.6542491167723865
10008,-3.6542491167723865
10009,-3.6542491167723865
10010,-3.6542491167723865
10011,-3.6542491167723865
10012,-3.6542491167723865
10013,-3.6542491167723865
10014,-3.6542491167723865
10015,-3.6542491167723865
10016,-3.6542491167723865
10017,-3.6542491167723865
10018,-3.6542491167723865
10019,-3.6542491167723865
10020,-3.6542491167723865
10021,-3.6542491167723865
10022,-3.6542491167723865
10023,-3.6542491167723865
10024,-3.6542491167723865
10025,-3.6542491167723865
10026,-3.6542491167723865
10027,-3.6542491167723865
10028,-3.6542491167723865
10029,-3.6542491167723865
10030,-3.6542491167723865
10031,-3.6542491167723865
10032,-3.6542491167723865
10033,-3.6542491167723865
10034,-3.6542491167723865
10035,-3.6542491167723865
10036,-3.6542491167723865
10037,-3.6542491167723865
10038,-3.6542491167723865
10039,-3.6542491167723865
10040,-3.6542491167723865
10041,-3.6542491167723865
10042,-3.6542491167723865
10043,-3.6542491167723865
10044,-3.6542491167723865
10045,-3.6542491167723865
10046,-3.6542491167723865
10047,-3.6542491167723865
10048,-3.6542491167723865
10049,-3.6542491167723865
10050,-3.6542491167723865
10051,-3.6542491167723865
10052,-3.6542491167723865
10053,-3.6542491167723865
10054,-3.6542491167723865
10055,-3.6542491167723865
10056,-3.6542491167723865
10057,-3.6542491167723865
10058,-3.6542491167723865
10059,-3.6542491167723865
10060,-3.6542491167723865
10061,-3.6542491167723865
10062,-3.6542491167723865
10063,-3.6542491167723865
10064,-3.6542491167723865
10065,-3.6542491167723865
10066,-3.6542491167723865
10067,-3.6542491167723865
10068,-3.6542491167723865
10069,-3.6542491167723865
10070,-3.6542491167723865
10071,-3.6542491167723865
10072,-3.6542491167723865
10073,-3.6542491167723865
10074,-3.6542491167723865
10075,-3.6542491167723865
10076,-3.6542491167723865
10077,-3.6542491167723865
10078,-3.6542491167723865
10079,-3.6542491167723865
10080,-3.6542491167723865
10081,-3.6542491167723865
10082,-3.6542491167723865
10083,-3.6542491167723865
10084,-3.6542491167723865
10085,-3.6542491167723865
10086,-3.6542491167723865
10087,-3.6542491167723865
10088,-3.6542491167723865
10089,-3.6542491167723865
10090,-3.6542491167723865
10091,-3.6542491167723865
10092,-3.6542491167723865
10093,-3.6542491167723865
10094,-3.6542491167723865
10095,-3.6542491167723865
10096,-3.6542491167723865
10097,-3.6542491167723865
10098,-3.6542491167723865
10099,-3.6542491167723865
10100,-3.6542491167723865
10101,-3.6542491167723865
10102,-3.6542491167723865
10103,-3.6542491167723865
10104,-3.6542491167723865
10105,-3.6542491167723865
10106,-3.6542491167723865
10107,-3.6542491167723865
10108,-3.6542491167723865
10109,-3.6542491167723865
10110,-3.6542491167723865
10111,-3.6542491167723865
10112,-3.6542491167723865
10113,-3.6542491167723865
10114,-3.6542491167723865
10115,-3.6542491167723865
10116,-3.6542491167723865
10117,-3.6542491167723865
10118,-3.6542491167723865
10119,-3.6542491167723865
10120,-3.6542491167723865
10121,-3.6542491167723865
10122,-3.6542491167723865
10123,-3.6542491167723865
10124,-3.6542491167723865
10125,-3.6542491167723865
10126,-3.6542491167723865
10127,-3.6542491167723865
10128,-3.6542491167723865
10129,-3.6542491167723865
10130,-3.6542491167723865
10131,-3.6542491167723865
10132,-3.6542491167723865
10133,-3.6542491167723865
10134,-3.6542491167723865
10135,-3.6542491167723865
10136,-3.6542491167723865
10137,-3.6542491167723865
10138,-3.6542491167723865
10139,-3.6542491167723865
10140,-3.6542491167723865
10141,-3.6542491167723865
10142,-3.6542491167723865
10143,-3.6542491167723865
10144,-3.6542491167723865
10145,-3.6542491167723865
10146,-3.6542491167723865
10147,-3.6542491167723865
10148,-3.6542491167723865
10149,-3.6542491167723865
10150,-3.6542491167723865
10151,-3.6542491167723865
10152,-3.6542491167723865
10153,-3.6542491167723865
10154,-3.6542491167723865
10155,-3.6542491167723865
10156,-3.6542491167723865
10157,-3.6542491167723865
10158,-3.6542491167723865
10159,-3.6542491167723865
10160,-3.6542491167723865
10161,-3.6542491167723865
10162,-3.6542491167723865
10163,-3.6542491167723865
10164,-3.6542491167723865
10165,-3.6542491167723865
10166,-3.6542491167723865
10167,-3.6542491167723865
10168,-3.6542491167723865
10169,-3.6542491167723865
10170,-3.6542491167723865
10171,-3.6542491167723865
10172,-3.6542491167723865
10173,-3.6542491167723865
10174,-3.6542491167723865
10175,-3.6542491167723865
10176,-3.6542491167723865
10177,-3.6542491167723865
10178,-3.6542491167723865
10179,-3.6542491167723865
10180,-3.6542491167723865
10181,-3.6542491167723865
10182,-3.6542491167723865
10183,-3.6542491167723865
10184,-3.6542491167723865
10185,-3.6542491167723865
10186,-3.6542491167723865
10187,-3.6542491167723865
10188,-3.6542491167723865
10189,-3.6542491167723865
10190,-3.6542491167723865
10191,-3.6542491167723865
10192,-3.6542491167723865
10193,-3.6542491167723865
10194,-3.6542491167723865
10195,-3.6542491167723865
10196,-3.6542491167723865
10197,-3.6542491167723865
10198,-3.6542491167723865
10199,-3.6542491167723865
10200,-3.6542491167723865
10201,-3.6542491167723865
10202,-3.6542491167723865
10203,-3.6542491167723865
10204,-3.6542491167723865
10205,-3.6542491167723865
10206,-3.6542491167723865
10207,-3.6542491167723865
10208,-3.6542491167723865
10209,-3.6542491167723865
10210,-3.6542491167723865
10211,-3.6542491167723865
10212,-3.6542491167723865
10213,-3.6542491167723865
10214,-3.6542491167723865
10215,-3.6542491167723865
10216,-3.6542491167723865
10217,-3.6542491167723865
10218,-3.6542491167723865
10219,-3.6542491167723865
10220,-3.6542491167723865
10221,-3.6542491167723865
10222,-3.6542491167723865
10223,-3.6542491167723865
10224,-3.6542491167723865
10225,-3.6542491167723865
10226,-3.6542491167723865
10227,-3.6542491167723865
10228,-3.6542491167723865
10229,-3.6542491167723865
10230,-3.6542491167723865
10231,-3.6542491167723865
10232,-3.6542491167723865
10233,-3.6542491167723865
10234,-3.6542491167723865
10235,-3.6542491167723865
10236,-3.6542491167723865
10237,-3.6542491167723865
10238,-3.6542491167723865
10239,-3.6542491167723865
10240,-3.6542491167723865
10241,-3.6542491167723865
10242,-3.6542491167723865
10243,-3.6542491167723865
10244,-3.6542491167723865
10245,-3.6542491167723865
10246,-3.6542491167723865
10247,-3.6542491167723865
10248,-3.6542491167723865
10249,-3.6542491167723865
10250,-3.6542491167723865
10251,-3.6542491167723865
10252,-3.6542491167723865
10253,-3.6542491167723865
10254,-3.6542491167723865
10255,-3.6542491167723865
10256,-3.6542491167723865
10257,-3.6542491167723865
10258,-3.6542491167723865
10259,-3.6542491167723865
10260,-3.6542491167723865
10261,-3.6542491167723865
10262,-3.6542491167723865
10263,-3.6542491167723865
10264,-3.6542491167723865
10265,-3.6542491167723865
10266,-3.6542491167723865
10267,-3.6542491167723865
10268,-3.6542491167723865
10269,-3.6542491167723865
10270,-3.6542491167723865
10271,-3.6542491167723865
10272,-3.6542491167723865
10273,-3.6542491167723865
10274,-3.6542491167723865
10275,-3.6542491167723865
10276,-3.6542491167723865
10277,-3.6542491167723865
10278,-3.6542491167723865
10279,-3.6542491167723865
10280,-3.6542491167723865
10281,-3.6542491167723865
10282,-3.6542491167723865
10283,-3.6542491167723865
10284,-3.6542491167723865
10285,-3.6542491167723865
10286,-3.6542491167723865
10287,-3.6542491167723865
10288,-3.6542491167723865
10289,-3.6542491167723865
10290,-3.6542491167723865
10291,-3.6542491167723865
10292,-3.6542491167723865
10293,-3.6542491167723865
10294,-3.6542491167723865
10295,-3.6542491167723865
10296,-3.6542491167723865
10297,-3.6542491167723865
10298,-3.6542491167723865
10299,-3.6542491167723865
10300,-3.6542491167723865
10301,-3.6542491167723865
10302,-3.6542491167723865
10303,-3.6542491167723865
10304,-3.6542491167723865
10305,-3.6542491167723865
10306,-3.6542491167723865
10307,-3.6542491167723865
10308,-3.6542491167723865
10309,-3.6542491167723865
10310,-3.6542491167723865
10311,-3.6542491167723865
10312,-3.6542491167723865
10313,-3.6542491167723865
10314,-3.6542491167723865
10315,-3.6542491167723865
10316,-3.6542491167723865
10317,-3.6542491167723865
10318,-3.6542491167723865
10319,-3.6542491167723865
10320,-3.6542491167723865
10321,-3.6542491167723865
10322,-3.6542491167723865
10323,-3.6542491167723865
10324,-3.6542491167723865
10325,-3.6542491167723865
10326,-3.6542491167723865
10327,-3.6542491167723865
10328,-3.6542491167723865
10329,-3.6542491167723865
10330,-3.6542491167723865
10331,-3.6542491167723865
10332,-3.6542491167723865
10333,-3.6542491167723865
10334,-3.6542491167723865
10335,-3.6542491167723865
10336,-3.6542491167723865
10337,-3.6542491167723865
10338,-3.6542491167723865
10339,-3.6542491167723865
10340,-3.6542491167723865
10341,-3.6542491167723865
10342,-3.6542491167723865
10343,-3.6542491167723865
10344,-3.6542491167723865
10345,-3.6542491167723865
10346,-3.6542491167723865
10347,-3.6542491167723865
10348,-3.6542491167723865
10349,-3.6542491167723865
10350,-3.6542491167723865
10351,-3.6542491167723865
10352,-3.6542491167723865
10353,-3.6542491167723865
10354,-3.6542491167723865
10355,-3.6542491167723865
10356,-3.6542491167723865
10357,-3.6542491167723865
10358,-3.6542491167723865
10359,-3.6542491167723865
10360,-3.6542491167723865
10361,-3.6542491167723865
10362,-3.6542491167723865
10363,-3.6542491167723865
10364,-3.6542491167723865
10365,-3.6542491167723865
10366,-3.6542491167723865
10367,-3.6542491167723865
10368,-3.6542491167723865
10369,-3.6542491167723865
10370,-3.6542491167723865
10371,-3.6542491167723865
10372,-3.6542491167723865
10373,-3.6542491167723865
10374,-3.6542491167723865
10375,-3.6542491167723865
10376,-3.6542491167723865
10377,-3.6542491167723865
10378,-3.6542491167723865
10379,-3.6542491167723865
10380,-3.6542491167723865
10381,-3.6542491167723865
10382,-3.6542491167723865
10383,-3.6542491167723865
10384,-3.6542491167723865
10385,-3.6542491167723865
10386,-3.6542491167723865
10387,-3.6542491167723865
10388,-3.6542491167723865
10389,-3.6542491167723865
10390,-3.6542491167723865
10391,-3.6542491167723865
10392,-3.6542491167723865
10393,-3.6542491167723865
10394,-3.6542491167723865
10395,-3.6542491167723865
10396,-3.6542491167723865
10397,-3.6542491167723865
10398,-3.6542491167723865
10399,-3.6542491167723865
10400,-3.6542491167723865
10401,-3.6542491167723865
10402,-3.6542491167723865
10403,-3.6542491167723865
10404,-3.6542491167723865
10405,-3.6542491167723865
10406,-3.6542491167723865
10407,-3.6542491167723865
10408,-3.6542491167723865
10409,-3.6542491167723865
10410,-3.6542491167723865
10411,-3.6542491167723865
10412,-3.6542491167723865
10413,-3.6542491167723865
10414,-3.6542491167723865
10415,-3.6542491167723865
10416,-3.6542491167723865
10417,-3.6542491167723865
10418,-3.6542491167723865
10419,-3.6542491167723865
10420,-3.6542491167723865
10421,-3.6542491167723865
10422,-3.6542491167723865
10423,-3.6542491167723865
10424,-3.6542491167723865
10425,-3.6542491167723865
10426,-3.6542491167723865
10427,-3.6542491167723865
10428,-3.6542491167723865
10429,-3.6542491167723865
10430,-3.6542491167723865
10431,-3.6542491167723865
10432,-3.6542491167723865
10433,-3.6542491167723865
10434,-3.6542491167723865
10435,-3.6542491167723865
10436,13.516280743604812
10437,13.516280743604812
10438,13.516280743604812
10439,13.516280743604812
10440,13.516280743604812
10441,13.516280743604812
10442,13.516280743604812
10443,13.516280743604812
10444,13.516280743604812
10445,13.516280743604812
10446,13.516280743604812
10447,13.516280743604812
10448,13.516280743604812
10449,13.516280743604812
10450,13.516280743604812
10451,13.516280743604812
10452,13.516280743604812
10453,13.516280743604812
10454,13.516280743604812
10455,13.516280743604812
10456,13.516280743604812
10457,13.516280743604812
10458,13.516280743604812
10459,13.516280743604812
10460,13.516280743604812
10461,13.516280743604812
10462,13.516280743604812
10463,13.516280743604812
10464,13.516280743604812
10465,13.516280743604812
10466,13.516280743604812
10467,13.516280743604812
10468,13.516280743604812
10469,13.516280743604812
10470,13.516280743604812
10471,13.516280743604812
10472,13.516280743604812
10473,13.516280743604812
10474,13.516280743604812
10475,13.516280743604812
10476,13.516280743604812
10477,13.516280743604812
10478,13.516280743604812
10479,13.516280743604812
10480,13.516280743604812
10481,13.516280743604812
10482,13.516280743604812
10483,13.516280743604812
10484,13.516280743604812
10485,13.516280743604812
10486,13.516280743604812
10487,13.516280743604812
10488,13.516280743604812
10489,13.516280743604812
10490,13.516280743604812
10491,13.516280743604812
10492,13.516280743604812
10493,13.516280743604812
10494,13.516280743604812
10495,13.516280743604812
10496,13.516280743604812
10497,13.516280743604812
10498,13.516280743604812
10499,13.516280743604812
10500,13.516280743604812
10501,13.516280743604812
10502,13.516280743604812
10503,13.516280743604812
10504,13.516280743604812
10505,13.516280743604812
10506,13.516280743604812
10507,13.516280743604812
10508,13.516280743604812
10509,13.516280743604812
10510,13.516280743604812
10511,13.516280743604812
10512,13.516280743604812
10513,13.516280743604812
10514,13.516280743604812
10515,13.516280743604812
10516,13.516280743604812
10517,13.516280743604812
10518,13.516280743604812
10519,13.516280743604812
10520,13.516280743604812
10521,13.516280743604812
10522,13.516280743604812
10523,13.516280743604812
10524,13.516280743604812
10525,13.516280743604812
10526,13.516280743604812
10527,13.516280743604812
10528,13.516280743604812
10529,13.516280743604812
10530,13.516280743604812
10531,13.516280743604812
10532,13.516280743604812
10533,13.516280743604812
10534,13.516280743604812
10535,13.516280743604812
10536,13.516280743604812
10537,13.516280743604812
10538,13.516280743604812
10539,13.516280743604812
10540,13.516280743604812
10541,13.516280743604812
10542,13.516280743604812
10543,13.516280743604812
10544,13.516280743604812
10545,13.516280743604812
10546,13.516280743604812
10547,13.516280743604812
10548,13.516280743604812
10549,13.516280743604812
10550,13.516280743604812
10551,13.516280743604812
10552,13.516280743604812
10553,13.516280743604812
10554,13.516280743604812
10555,13.516280743604812
10556,13.516280743604812
10557,13.516280743604812
10558,13.516280743604812
10559,13.516280743604812
10560,13.516280743604812
10561,13.516280743604812
10562,13.516280743604812
10563,13.516280743604812
10564,13.516280743604812
10565,13.516280743604812
10566,13.516280743604812
10567,13.516280743604812
10568,13.516280743604812
10569,13.516280743604812
10570,13.516280743604812
10571,13.516280743604812
10572,13.516280743604812
10573,13.516280743604812
10574,13.516280743604812
10575,13.516280743604812
10576,13.516280743604812
10577,13.516280743604812
10578,13.516280743604812
10579,13.516280743604812
10580,13.516280743604812
10581,13.516280743604812
10582,13.516280743604812
10583,13.516280743604812
10584,13.516280743604812
10585,13.516280743604812
10586,13.516280743604812
10587,13.516280743604812
10588,13.516280743604812
10589,13.516280743604812
10590,13.516280743604812
10591,13.516280743604812
10592,13.516280743604812
10593,13.516280743604812
10594,13.516280743604812
10595,13.516280743604812
10596,13.516280743604812
10597,13.516280743604812
10598,13.516280743604812
10599,13.516280743604812
10600,13.516280743604812
10601,13.516280743604812
10602,13.516280743604812
10603,13.516280743604812
10604,13.516280743604812
10605,13.516280743604812
10606,13.516280743604812
10607,13.516280743604812
10608,13.516280743604812
10609,13.516280743604812
10610,13.516280743604812
10611,13.516280743604812
10612,13.516280743604812
10613,13.516280743604812
10614,13.516280743604812
10615,13.516280743604812
10616,13.516280743604812
10617,13.516280743604812
10618,13.516280743604812
10619,13.516280743604812
10620,13.516280743604812
10621,13.516280743604812
10622,13.516280743604812
10623,13.516280743604812
10624,13.516280743604812
10625,13.516280743604812
10626,13.516280743604812
10627,13.516280743604812
10628,13.516280743604812
10629,13.516280743604812
10630,13.516280743604812
10631,13.516280743604812
10632,13.516280743604812
10633,13.516280743604812
10634,13.516280743604812
10635,13.516280743604812
10636,13.516280743604812
10637,13.516280743604812
10638,13.516280743604812
10639,13.516280743604812
10640,13.516280743604812
10641,13.516280743604812
10642,13.516280743604812
10643,13.516280743604812
10644,13.516280743604812
10645,13.516280743604812
10646,13.516280743604812
10647,13.516280743604812
10648,13.516280743604812
10649,13.516280743604812
10650,13.516280743604812
10651,13.516280743604812
10652,13.516280743604812
10653,13.516280743604812
10654,13.516280743604812
10655,13.516280743604812
10656,13.516280743604812
10657,13.516280743604812
10658,13.516280743604812
10659,13.516280743604812
10660,13.516280743604812
10661,13.516280743604812
10662,13.516280743604812
10663,13.516280743604812
10664,13.516280743604812
10665,13.516280743604812
10666,13.516280743604812
10667,13.516280743604812
10668,13.516280743604812
10669,13.516280743604812
10670,13.516280743604812
10671,13.516280743604812
10672,13.516280743604812
10673,13.516280743604812
10674,13.516280743604812
10675,13.516280743604812
10676,13.516280743604812
10677,13.516280743604812
10678,13.516280743604812
10679,13.516280743604812
10680,13.516280743604812
10681,13.516280743604812
10682,13.516280743604812
10683,13.516280743604812
10684,13.516280743604812
10685,13.516280743604812
10686,13.516280743604812
10687,13.516280743604812
10688,13.516280743604812
10689,13.516280743604812
10690,13.516280743604812
10691,13.516280743604812
10692,13.516280743604812
10693,13.516280743604812
10694,13.516280743604812
10695,13.516280743604812
10696,13.516280743604812
10697,13.516280743604812
10698,13.516280743604812
10699,13.516280743604812
10700,13.516280743604812
10701,13.516280743604812
10702,13.516280743604812
10703,13.516280743604812
10704,13.516280743604812
10705,13.516280743604812
10706,13.516280743604812
10707,13.516280743604812
10708,13.516280743604812
10709,13.516280743604812
10710,13.516280743604812
10711,13.516280743604812
10712,13.516280743604812
10713,13.516280743604812
10714,13.516280743604812
10715,13.516280743604812
10716,13.516280743604812
10717,13.516280743604812
10718,13.516280743604812
10719,13.516280743604812
10720,13.516280743604812
10721,13.516280743604812
10722,13.516280743604812
10723,13.516280743604812
10724,13.516280743604812
10725,13.516280743604812
10726,13.516280743604812
10727,13.516280743604812
10728,13.516280743604812
10729,13.516280743604812
10730,13.516280743604812
10731,13.516280743604812
10732,13.516280743604812
10733,13.516280743604812
10734,13.516280743604812
10735,13.516280743604812
10736,13.516280743604812
10737,13.516280743604812
10738,13.516280743604812
10739,13.516280743604812
10740,13.516280743604812
10741,13.516280743604812
10742,13.516280743604812
10743,13.516280743604812
10744,13.516280743604812
10745,13.516280743604812
10746,13.516280743604812
10747,13.516280743604812
10748,13.516280743604812
10749,13.516280743604812
10750,13.516280743604812
10751,13.516280743604812
10752,13.516280743604812
10753,13.516280743604812
10754,13.516280743604812
10755,13.516280743604812
10756,13.516280743604812
10757,13.516280743604812
10758,13.516280743604812
10759,13.516280743604812
10760,13.516280743604812
10761,13.516280743604812
10762,13.516280743604812
10763,13.516280743604812
10764,13.516280743604812
10765,13.516280743604812
10766,13.516280743604812
10767,13.516280743604812
10768,13.516280743604812
10769,13.516280743604812
10770,13.516280743604812
10771,13.516280743604812
10772,13.516280743604812
10773,13.516280743604812
10774,13.516280743604812
10775,13.516280743604812
10776,13.516280743604812
10777,13.516280743604812
10778,13.516280743604812
10779,13.516280743604812
10780,13.516280743604812
10781,13.516280743604812
10782,13.516280743604812
10783,13.516280743604812
10784,13.516280743604812
10785,13.516280743604812
10786,13.516280743604812
10787,13.516280743604812
10788,13.516280743604812
10789,13.516280743604812
10790,13.516280743604812
10791,13.516280743604812
10792,13.516280743604812
10793,13.516280743604812
10794,13.516280743604812
10795,13.516280743604812
10796,13.516280743604812
10797,13.516280743604812
10798,13.516280743604812
10799,13.516280743604812
10800,13.516280743604812
10801,13.516280743604812
10802,13.516280743604812
10803,13.516280743604812
10804,13.516280743604812
10805,13.516280743604812
10806,13.516280743604812
10807,13.516280743604812
10808,13.516280743604812
10809,13.516280743604812
10810,13.516280743604812
10811,13.516280743604812
10812,13.516280743604812
10813,13.516280743604812
10814,13.516280743604812
10815,13.516280743604812
10816,13.516280743604812
10817,13.516280743604812
10818,13.516280743604812
10819,13.516280743604812
10820,13.516280743604812
10821,13.516280743604812
10822,13.516280743604812
10823,13.516280743604812
10824,13.516280743604812
10825,13.516280743604812
10826,13.516280743604812
10827,13.516280743604812
10828,13.516280743604812
10829,13.516280743604812
10830,13.516280743604812
10831,13.516280743604812
10832,13.516280743604812
10833,13.516280743604812
10834,13.516280743604812
10835,13.516280743604812
10836,13.516280743604812
10837,13.516280743604812
10838,13.516280743604812
10839,13.516280743604812
10840,13.516280743604812
10841,13.516280743604812
10842,13.516280743604812
10843,13.516280743604812
10844,13.516280743604812
10845,13.516280743604812
10846,13.516280743604812
10847,13.516280743604812
10848,13.516280743604812
10849,13.516280743604812
10850,13.516280743604812
10851,13.516280743604812
10852,13.516280743604812
10853,13.516280743604812
10854,13.516280743604812
10855,13.516280743604812
10856,13.516280743604812
10857,13.516280743604812
10858,13.516280743604812
10859,13.516280743604812
10860,13.516280743604812
10861,13.516280743604812
10862,13.516280743604812
10863,13.516280743604812
10864,13.516280743604812
10865,13.516280743604812
10866,13.516280743604812
10867,13.516280743604812
10868,13.516280743604812
10869,13.516280743604812
10870,13.516280743604812
10871,13.516280743604812
10872,13.516280743604812
10873,13.516280743604812
10874,13.516280743604812
10875,13.516280743604812
10876,13.516280743604812
10877,13.516280743604812
10878,13.516280743604812
10879,13.516280743604812
10880,13.516280743604812
10881,13.516280743604812
10882,13.516280743604812
10883,13.516280743604812
10884,13.516280743604812
10885,13.516280743604812
10886,13.516280743604812
10887,13.516280743604812
10888,13.516280743604812
10889,13.516280743604812
10890,13.516280743604812
10891,13.516280743604812
10892,13.516280743604812
10893,13.516280743604812
10894,13.516280743604812
10895,13.516280743604812
10896,13.516280743604812
10897,13.516280743604812
10898,13.516280743604812
10899,13.516280743604812
10900,13.516280743604812
10901,13.516280743604812
10902,13.516280743604812
10903,13.516280743604812
10904,13.516280743604812
10905,13.516280743604812
10906,13.516280743604812
10907,13.516280743604812
10908,13.516280743604812
10909,13.516280743604812
10910,13.516280743604812
10911,13.516280743604812
10912,13.516280743604812
10913,13.516280743604812
10914,13.516280743604812
10915,13.516280743604812
10916,13.516280743604812
10917,13.516280743604812
10918,13.516280743604812
10919,13.516280743604812
10920,13.516280743604812
10921,13.516280743604812
10922,13.516280743604812
10923,13.516280743604812
10924,13.516280743604812
10925,13.516280743604812
10926,13.516280743604812
10927,13.516280743604812
10928,13.516280743604812
10929,13.516280743604812
10930,13.516280743604812
10931,13.516280743604812
10932,13.516280743604812
10933,13.516280743604812
10934,13.516280743604812
10935,13.516280743604812
10936,13.516280743604812
10937,13.516280743604812
10938,13.516280743604812
10939,13.516280743604812
10940,13.516280743604812
10941,13.516280743604812
10942,13.516280743604812
10943,13.516280743604812
10944,13.516280743604812
10945,13.516280743604812
10946,13.516280743604812
10947,13.516280743604812
10948,13.516280743604812
10949,13.516280743604812
10950,13.516280743604812
10951,13.516280743604812
10952,13.516280743604812
10953,13.516280743604812
10954,13.516280743604812
10955,13.516280743604812
10956,13.516280743604812
10957,13.516280743604812
10958,13.516280743604812
10959,13.516280743604812
10960,13.516280743604812
10961,13.516280743604812
10962,13.516280743604812
10963,13.516280743604812
10964,13.516280743604812
10965,13.516280743604812
10966,13.516280743604812
10967,13.516280743604812
10968,13.516280743604812
10969,13.516280743604812
10970,13.516280743604812
10971,13.516280743604812
10972,13.516280743604812
10973,13.516280743604812
10974,13.516280743604812
10975,13.516280743604812
10976,13.516280743604812
10977,13.516280743604812
10978,13.516280743604812
10979,13.516280743604812
10980,13.516280743604812
10981,13.516280743604812
10982,13.516280743604812
10983,13.516280743604812
10984,13.516280743604812
10985,13.516280743604812
10986,13.516280743604812
10987,13.516280743604812
10988,13.516280743604812
10989,13.516280743604812
10990,13.516280743604812
10991,13.516280743604812
10992,13.516280743604812
10993,13.516280743604812
10994,13.516280743604812
10995,13.516280743604812
10996,13.516280743604812
10997,13.516280743604812
10998,13.516280743604812
10999,13.516280743604812
11000,13.516280743604812
11001,13.516280743604812
11002,13.516280743604812
11003,13.516280743604812
11004,13.516280743604812
11005,13.516280743604812
11006,13.516280743604812
11007,13.516280743604812
11008,13.516280743604812
11009,13.516280743604812
11010,13.516280743604812
11011,13.516280743604812
11012,13.516280743604812
11013,13.516280743604812
11014,13.516280743604812
11015,13.516280743604812
11016,13.516280743604812
11017,13.516280743604812
11018,13.516280743604812
11019,13.516280743604812
11020,13.516280743604812
11021,13.516280743604812
11022,13.516280743604812
11023,13.516280743604812
11024,13.516280743604812
11025,13.516280743604812
11026,13.516280743604812
11027,13.516280743604812
11028,13.516280743604812
11029,13.516280743604812
11030,13.516280743604812
11031,13.516280743604812
11032,13.516280743604812
11033,13.516280743604812
11034,13.516280743604812
11035,13.516280743604812
11036,13.516280743604812
11037,13.516280743604812
11038,13.516280743604812
11039,13.516280743604812
11040,13.516280743604812
11041,13.516280743604812
11042,13.516280743604812
11043,13.516280743604812
11044,13.516280743604812
11045,13.516280743604812
11046,13.516280743604812
11047,13.516280743604812
11048,13.516280743604812
11049,13.516280743604812
11050,13.516280743604812
11051,13.516280743604812
11052,13.516280743604812
11053,13.516280743604812
11054,13.516280743604812
11055,13.516280743604812
11056,13.516280743604812
11057,13.516280743604812
11058,13.516280743604812
11059,13.516280743604812
11060,13.516280743604812
11061,13.516280743604812
11062,13.516280743604812
11063,13.516280743604812
11064,13.516280743604812
11065,13.516280743604812
11066,13.516280743604812
11067,13.516280743604812
11068,13.516280743604812
11069,13.516280743604812
11070,13.516280743604812
11071,13.516280743604812
11072,13.516280743604812
11073,13.516280743604812
11074,13.516280743604812
11075,13.516280743604812
11076,13.516280743604812
11077,13.516280743604812
11078,13.516280743604812
11079,13.516280743604812
11080,13.516280743604812
11081,13.516280743604812
11082,13.516280743604812
11083,13.516280743604812
11084,13.516280743604812
11085,13.516280743604812
11086,13.516280743604812
11087,13.516280743604812
11088,13.516280743604812
11089,13.516280743604812
11090,13.516280743604812
11091,13.516280743604812
11092,13.516280743604812
11093,13.516280743604812
11094,13.516280743604812
11095,13.516280743604812
11096,13.516280743604812
11097,13.516280743604812
11098,13.516280743604812
11099,13.516280743604812
11100,13.516280743604812
11101,13.516280743604812
11102,13.516280743604812
11103,13.516280743604812
11104,13.516280743604812
11105,13.516280743604812
11106,13.516280743604812
11107,13.516280743604812
11108,13.516280743604812
11109,13.516280743604812
11110,13.516280743604812
11111,13.516280743604812
11112,13.516280743604812
11113,13.516280743604812
11114,13.516280743604812
11115,13.516280743604812
11116,13.516280743604812
11117,13.516280743604812
11118,13.516280743604812
11119,13.516280743604812
11120,13.516280743604812
11121,13.516280743604812
11122,13.516280743604812
11123,13.516280743604812
11124,13.516280743604812
11125,13.516280743604812
11126,13.516280743604812
11127,13.516280743604812
11128,13.516280743604812
11129,13.516280743604812
11130,13.516280743604812
11131,13.516280743604812
11132,13.516280743604812
11133,13.516280743604812
11134,13.516280743604812
11135,13.516280743604812
11136,13.516280743604812
11137,13.516280743604812
11138,13.516280743604812
11139,13.516280743604812
11140,13.516280743604812
11141,13.516280743604812
11142,13.516280743604812
11143,13.516280743604812
11144,13.516280743604812
11145,13.516280743604812
11146,13.516280743604812
11147,13.516280743604812
11148,13.516280743604812
11149,13.516280743604812
11150,13.516280743604812
11151,13.516280743604812
11152,13.516280743604812
11153,13.516280743604812
11154,13.516280743604812
11155,13.516280743604812
11156,13.516280743604812
11157,13.516280743604812
11158,13.516280743604812
11159,13.516280743604812
11160,13.516280743604812
11161,13.516280743604812
11162,13.516280743604812
11163,13.516280743604812
11164,13.516280743604812
11165,13.516280743604812
11166,13.516280743604812
11167,13.516280743604812
11168,13.516280743604812
11169,13.516280743604812
11170,13.516280743604812
11171,13.516280743604812
11172,13.516280743604812
11173,13.516280743604812
11174,13.516280743604812
11175,13.516280743604812
11176,13.516280743604812
11177,13.516280743604812
11178,13.516280743604812
11179,13.516280743604812
11180,13.516280743604812
11181,13.516280743604812
11182,13.516280743604812
11183,13.516280743604812
11184,13.516280743604812
11185,13.516280743604812
11186,13.516280743604812
11187,13.516280743604812
11188,13.516280743604812
11189,13.516280743604812
11190,13.516280743604812
11191,13.516280743604812
11192,13.516280743604812
11193,13.516280743604812
11194,13.516280743604812
11195,13.516280743604812
11196,13.516280743604812
11197,13.516280743604812
11198,13.516280743604812
11199,13.516280743604812
11200,13.516280743604812
11201,13.516280743604812
11202,13.516280743604812
11203,13.516280743604812
11204,13.516280743604812
11205,13.516280743604812
11206,13.516280743604812
11207,13.516280743604812
11208,13.516280743604812
11209,13.516280743604812
11210,13.516280743604812
11211,13.516280743604812
11212,13.516280743604812
11213,13.516280743604812
11214,13.516280743604812
11215,13.516280743604812
11216,13.516280743604812
11217,13.516280743604812
11218,13.516280743604812
11219,13.516280743604812
11220,13.516280743604812
11221,13.516280743604812
11222,13.516280743604812
11223,13.516280743604812
11224,13.516280743604812
11225,13.516280743604812
11226,13.516280743604812
11227,13.516280743604812
11228,13.516280743604812
11229,13.516280743604812
11230,13.516280743604812
11231,13.516280743604812
11232,13.516280743604812
11233,13.516280743604812
11234,13.516280743604812
11235,13.516280743604812
11236,13.516280743604812
11237,13.516280743604812
11238,13.516280743604812
11239,13.516280743604812
11240,13.516280743604812
11241,13.516280743604812
11242,13.516280743604812
11243,13.516280743604812
11244,13.516280743604812
11245,13.516280743604812
11246,13.516280743604812
11247,13.516280743604812
11248,13.516280743604812
11249,13.516280743604812
11250,13.516280743604812
11251,13.516280743604812
11252,13.516280743604812
11253,13.516280743604812
11254,13.516280743604812
11255,13.516280743604812
11256,13.516280743604812
11257,13.516280743604812
11258,13.516280743604812
11259,13.516280743604812
11260,13.516280743604812
11261,13.516280743604812
11262,13.516280743604812
11263,13.516280743604812
11264,13.516280743604812
11265,13.516280743604812
11266,13.516280743604812
11267,13.516280743604812
11268,13.516280743604812
11269,13.516280743604812
11270,13.516280743604812
11271,13.516280743604812
11272,13.516280743604812
11273,13.516280743604812
11274,13.516280743604812
11275,13.516280743604812
11276,13.516280743604812
11277,13.516280743604812
11278,13.516280743604812
11279,13.516280743604812
11280,13.516280743604812
11281,13.516280743604812
11282,13.516280743604812
11283,13.516280743604812
11284,13.516280743604812
11285,13.516280743604812
11286,13.516280743604812
11287,13.516280743604812
11288,13.516280743604812
11289,13.516280743604812
11290,13.516280743604812
11291,13.516280743604812
11292,13.516280743604812
11293,13.516280743604812
11294,13.516280743604812
11295,13.516280743604812
11296,13.516280743604812
11297,13.516280743604812
11298,13.516280743604812
11299,13.516280743604812
11300,13.516280743604812
11301,13.516280743604812
11302,13.516280743604812
11303,13.516280743604812
11304,13.516280743604812
11305,13.516280743604812
11306,13.516280743604812
11307,13.516280743604812
11308,13.516280743604812
11309,13.516280743604812
11310,13.516280743604812
11311,13.516280743604812
11312,13.516280743604812
11313,13.516280743604812
11314,13.516280743604812
11315,13.516280743604812
11316,13.516280743604812
11317,13.516280743604812
11318,13.516280743604812
11319,13.516280743604812
11320,13.516280743604812
11321,13.516280743604812
11322,13.516280743604812
11323,4.136083875435787
11324,4.136083875435787
11325,4.136083875435787
11326,4.136083875435787
11327,4.136083875435787
11328,4.136083875435787
11329,4.136083875435787
11330,4.136083875435787
11331,4.136083875435787
11332,4.136083875435787
11333,4.136083875435787
11334,4.136083875435787
11335,4.136083875435787
11336,4.136083875435787
11337,4.136083875435787
11338,4.136083875435787
11339,4.136083875435787
11340,4.136083875435787
11341,4.136083875435787
11342,4.136083875435787
11343,4.136083875435787
11344,4.136083875435787
11345,4.136083875435787
11346,4.136083875435787
11347,4.136083875435787
11348,4.136083875435787
11349,4.136083875435787
11350,4.136083875435787
11351,4.136083875435787
11352,4.136083875435787
11353,4.136083875435787
11354,4.136083875435787
11355,4.136083875435787
11356,4.136083875435787
11357,4.136083875435787
11358,4.136083875435787
11359,4.136083875435787
11360,4.136083875435787
11361,4.136083875435787
11362,4.136083875435787
11363,4.136083875435787
11364,4.136083875435787
11365,4.136083875435787
11366,4.136083875435787
11367,4.136083875435787
11368,4.136083875435787
11369,4.136083875435787
11370,4.136083875435787
11371,4.136083875435787
11372,4.136083875435787
11373,4.136083875435787
11374,4.136083875435787
11375,4.136083875435787
11376,4.136083875435787
11377,4.136083875435787
11378,4.136083875435787
11379,4.136083875435787
11380,4.136083875435787
11381,4.136083875435787
11382,4.136083875435787
11383,4.136083875435787
11384,4.136083875435787
11385,4.136083875435787
11386,4.136083875435787
11387,4.136083875435787
11388,4.136083875435787
11389,4.136083875435787
11390,4.136083875435787
11391,4.136083875435787
11392,4.136083875435787
11393,4.136083875435787
11394,4.136083875435787
11395,4.136083875435787
11396,4.136083875435787
11397,4.136083875435787
11398,4.136083875435787
11399,4.136083875435787
11400,4.136083875435787
11401,4.136083875435787
11402,4.136083875435787
11403,4.136083875435787
11404,4.136083875435787
11405,4.136083875435787
11406,4.136083875435787
11407,4.136083875435787
11408,4.136083875435787
11409,4.136083875435787
11410,4.136083875435787
11411,4.136083875435787
11412,4.136083875435787
11413,4.136083875435787
11414,4.136083875435787
11415,4.136083875435787
11416,4.136083875435787
11417,4.136083875435787
11418,4.136083875435787
11419,4.136083875435787
11420,4.136083875435787
11421,4.136083875435787
11422,4.136083875435787
11423,4.136083875435787
11424,4.136083875435787
11425,4.136083875435787
11426,4.136083875435787
11427,4.136083875435787
11428,4.136083875435787
11429,4.136083875435787
11430,4.136083875435787
11431,4.136083875435787
11432,4.136083875435787
11433,4.136083875435787
11434,4.136083875435787
11435,4.136083875435787
11436,4.136083875435787
11437,4.136083875435787
11438,4.136083875435787
11439,4.136083875435787
11440,4.136083875435787
11441,4.136083875435787
11442,4.136083875435787
11443,4.136083875435787
11444,4.136083875435787
11445,4.136083875435787
11446,4.136083875435787
11447,4.136083875435787
11448,4.136083875435787
11449,4.136083875435787
11450,4.136083875435787
11451,4.136083875435787
11452,4.136083875435787
11453,4.136083875435787
11454,4.136083875435787
11455,4.136083875435787
11456,4.136083875435787
11457,4.136083875435787
11458,4.136083875435787
11459,4.136083875435787
11460,4.136083875435787
11461,4.136083875435787
11462,4.136083875435787
11463,4.136083875435787
11464,4.136083875435787
11465,4.136083875435787
11466,4.136083875435787
11467,4.136083875435787
11468,4.136083875435787
11469,4.136083875435787
11470,4.136083875435787
11471,4.136083875435787
11472,4.136083875435787
11473,4.136083875435787
11474,4.136083875435787
11475,4.136083875435787
11476,4.136083875435787
11477,4.136083875435787
11478,4.136083875435787
11479,4.136083875435787
11480,4.136083875435787
11481,4.136083875435787
11482,4.136083875435787
11483,4.136083875435787
11484,4.136083875435787
11485,4.136083875435787
11486,4.136083875435787
11487,4.136083875435787
11488,4.136083875435787
11489,4.136083875435787
11490,4.136083875435787
11491,4.136083875435787
11492,4.136083875435787
11493,4.136083875435787
11494,4.136083875435787
11495,4.136083875435787
11496,4.136083875435787
11497,4.136083875435787
11498,4.136083875435787
11499,4.136083875435787
11500,4.136083875435787
11501,4.136083875435787
11502,4.136083875435787
11503,4.136083875435787
11504,4.136083875435787
11505,4.136083875435787
11506,4.136083875435787
11507,4.136083875435787
11508,4.136083875435787
11509,4.136083875435787
11510,4.136083875435787
11511,4.136083875435787
11512,4.136083875435787
11513,4.136083875435787
11514,4.136083875435787
11515,4.136083875435787
11516,4.136083875435787
11517,4.136083875435787
11518,4.136083875435787
11519,4.136083875435787
11520,4.136083875435787
11521,4.136083875435787
11522,4.136083875435787
11523,4.136083875435787
11524,4.136083875435787
11525,4.136083875435787
11526,4.136083875435787
11527,4.136083875435787
11528,4.136083875435787
11529,4.136083875435787
11530,4.136083875435787
11531,4.136083875435787
11532,4.136083875435787
11533,4.136083875435787
11534,4.136083875435787
11535,4.136083875435787
11536,4.136083875435787
11537,4.136083875435787
11538,4.136083875435787
11539,4.136083875435787
11540,4.136083875435787
11541,4.136083875435787
11542,4.136083875435787
11543,4.136083875435787
11544,4.136083875435787
11545,4.136083875435787
11546,4.136083875435787
11547,4.136083875435787
11548,4.136083875435787
11549,4.136083875435787
11550,4.136083875435787
11551,4.136083875435787
11552,4.136083875435787
11553,4.136083875435787
11554,4.136083875435787
11555,4.136083875435787
11556,4.136083875435787
11557,4.136083875435787
11558,4.136083875435787
11559,4.136083875435787
11560,4.136083875435787
11561,4.136083875435787
11562,4.136083875435787
11563,4.136083875435787
11564,4.136083875435787
11565,4.136083875435787
11566,4.136083875435787
11567,4.136083875435787
11568,4.136083875435787
11569,4.136083875435787
11570,4.136083875435787
11571,4.136083875435787
11572,4.136083875435787
11573,4.136083875435787
11574,4.136083875435787
11575,4.136083875435787
11576,4.136083875435787
11577,4.136083875435787
11578,4.136083875435787
11579,4.136083875435787
11580,4.136083875435787
11581,4.136083875435787
11582,4.136083875435787
11583,4.136083875435787
11584,4.136083875435787
11585,4.136083875435787
11586,4.136083875435787
11587,4.136083875435787
11588,4.136083875435787
11589,4.136083875435787
11590,4.136083875435787
11591,4.136083875435787
11592,4.136083875435787
11593,4.136083875435787
11594,4.136083875435787
11595,4.136083875435787
11596,4.136083875435787
11597,4.136083875435787
11598,4.136083875435787
11599,4.136083875435787
11600,4.136083875435787
11601,4.136083875435787
11602,4.136083875435787
11603,4.136083875435787
11604,4.136083875435787
11605,4.136083875435787
11606,4.136083875435787
11607,4.136083875435787
11608,4.136083875435787
11609,4.136083875435787
11610,4.136083875435787
11611,4.136083875435787
11612,4.136083875435787
11613,4.136083875435787
11614,4.136083875435787
11615,4.136083875435787
11616,4.136083875435787
11617,4.136083875435787
11618,4.136083875435787
11619,4.136083875435787
11620,4.136083875435787
11621,4.136083875435787
11622,4.136083875435787
11623,4.136083875435787
11624,4.136083875435787
11625,4.136083875435787
11626,4.136083875435787
11627,4.136083875435787
11628,4.136083875435787
11629,4.136083875435787
11630,4.136083875435787
11631,4.136083875435787
11632,4.136083875435787
11633,4.136083875435787
11634,4.136083875435787
11635,4.136083875435787
11636,4.136083875435787
11637,4.136083875435787
11638,4.136083875435787
11639,4.136083875435787
11640,4.136083875435787
11641,4.136083875435787
11642,4.136083875435787
11643,4.136083875435787
11644,4.136083875435787
11645,4.136083875435787
11646,4.136083875435787
11647,4.136083875435787
11648,4.136083875435787
11649,4.136083875435787
11650,4.136083875435787
11651,4.136083875435787
11652,4.136083875435787
11653,4.136083875435787
11654,4.136083875435787
11655,4.136083875435787
11656,4.136083875435787
11657,4.136083875435787
11658,4.136083875435787
11659,4.136083875435787
11660,4.136083875435787
11661,4.136083875435787
11662,4.136083875435787
11663,4.136083875435787
11664,4.136083875435787
11665,4.136083875435787
11666,4.136083875435787
11667,4.136083875435787
11668,4.136083875435787
11669,4.136083875435787
11670,4.136083875435787
11671,4.136083875435787
11672,4.136083875435787
11673,4.136083875435787
11674,4.136083875435787
11675,4.136083875435787
11676,4.136083875435787
11677,4.136083875435787
11678,4.136083875435787
11679,4.136083875435787
11680,4.136083875435787
11681,4.136083875435787
11682,4.136083875435787
11683,4.136083875435787
11684,4.136083875435787
11685,4.136083875435787
11686,4.136083875435787
11687,4.136083875435787
11688,4.136083875435787
11689,4.136083875435787
11690,4.136083875435787
11691,4.136083875435787
11692,4.136083875435787
11693,4.136083875435787
11694,4.136083875435787
11695,4.136083875435787
11696,4.136083875435787
11697,4.136083875435787
11698,4.136083875435787
11699,4.136083875435787
11700,4.136083875435787
11701,4.136083875435787
11702,4.136083875435787
11703,4.136083875435787
11704,4.136083875435787
11705,4.136083875435787
11706,4.136083875435787
11707,4.136083875435787
11708,4.136083875435787
11709,4.136083875435787
11710,4.136083875435787
11711,4.136083875435787
11712,4.136083875435787
11713,4.136083875435787
11714,4.136083875435787
11715,4.136083875435787
11716,4.136083875435787
11717,4.136083875435787
11718,4.136083875435787
11719,4.136083875435787
11720,4.136083875435787
11721,4.136083875435787
11722,4.136083875435787
11723,4.136083875435787
11724,4.136083875435787
11725,4.136083875435787
11726,4.136083875435787
11727,4.136083875435787
11728,4.136083875435787
11729,4.136083875435787
11730,4.136083875435787
11731,4.136083875435787
11732,4.136083875435787
11733,4.136083875435787
11734,4.136083875435787
11735,4.136083875435787
11736,0.16142418553365756
11737,0.16142418553365756
11738,0.16142418553365756
11739,0.16142418553365756
11740,0.16142418553365756
11741,0.16142418553365756
11742,0.16142418553365756
11743,0.16142418553365756
11744,0.16142418553365756
11745,0.16142418553365756
11746,0.16142418553365756
11747,0.16142418553365756
11748,0.16142418553365756
11749,0.16142418553365756
11750,0.16142418553365756
11751,0.16142418553365756
11752,0.16142418553365756
11753,0.16142418553365756
11754,0.16142418553365756
11755,0.16142418553365756
11756,0.16142418553365756
11757,0.16142418553365756
11758,0.16142418553365756
11759,0.16142418553365756
11760,0.16142418553365756
11761,0.16142418553365756
11762,0.16142418553365756
11763,0.16142418553365756
11764,0.16142418553365756
11765,0.16142418553365756
11766,0.16142418553365756
11767,0.16142418553365756
11768,0.16142418553365756
11769,0.16142418553365756
11770,0.16142418553365756
11771,0.16142418553365756
11772,0.16142418553365756
11773,0.16142418553365756
11774,0.16142418553365756
11775,0.16142418553365756
11776,0.16142418553365756
11777,0.16142418553365756
11778,0.16142418553365756
11779,0.16142418553365756
11780,0.16142418553365756
11781,0.16142418553365756
11782,0.16142418553365756
11783,0.16142418553365756
11784,0.16142418553365756
11785,0.16142418553365756
11786,0.16142418553365756
11787,0.16142418553365756
11788,0.16142418553365756
11789,0.16142418553365756
11790,0.16142418553365756
11791,0.16142418553365756
11792,0.16142418553365756
11793,0.16142418553365756
11794,0.16142418553365756
11795,0.16142418553365756
11796,0.16142418553365756
11797,0.16142418553365756
11798,0.16142418553365756
11799,0.16142418553365756
11800,0.16142418553365756
11801,0.16142418553365756
11802,0.16142418553365756
11803,0.16142418553365756
11804,0.16142418553365756
11805,0.16142418553365756
11806,0.16142418553365756
11807,0.16142418553365756
11808,0.16142418553365756
11809,-3.177289953984131
11810,-3.177289953984131
11811,-3.177289953984131
11812,-3.177289953984131
11813,-3.177289953984131
11814,-3.177289953984131
11815,-3.177289953984131
11816,-3.177289953984131
11817,-3.177289953984131
11818,-3.177289953984131
11819,-3.177289953984131
11820,-3.177289953984131
11821,-3.177289953984131
11822,-3.177289953984131
11823,-3.177289953984131
11824,-3.177289953984131
11825,-3.177289953984131
11826,-3.177289953984131
11827,-3.177289953984131
11828,-3.177289953984131
11829,-3.177289953984131
11830,-3.177289953984131
11831,-3.177289953984131
11832,-3.177289953984131
11833,-3.177289953984131
11834,-3.177289953984131
11835,-3.177289953984131
11836,-3.177289953984131
11837,-3.177289953984131
11838,-3.177289953984131
11839,-3.177289953984131
11840,-3.177289953984131
11841,-3.177289953984131
11842,-3.177289953984131
11843,-3.177289953984131
11844,-3.177289953984131
11845,-3.177289953984131
11846,-3.177289953984131
11847,-3.177289953984131
11848,-3.177289953984131
11849,-3.177289953984131
11850,-3.177289953984131
11851,-3.177289953984131
11852,-3.177289953984131
11853,-3.177289953984131
11854,-3.177289953984131
11855,-3.177289953984131
11856,-3.177289953984131
11857,-3.177289953984131
11858,-3.177289953984131
11859,-3.177289953984131
11860,-3.177289953984131
11861,-3.177289953984131
11862,-3.177289953984131
11863,-3.177289953984131
11864,-3.177289953984131
11865,-3.177289953984131
11866,-3.177289953984131
11867,-3.177289953984131
11868,-3.177289953984131
11869,-3.177289953984131
11870,-3.177289953984131
11871,-3.177289953984131
11872,-3.177289953984131
11873,-3.177289953984131
11874,-3.177289953984131
11875,-3.177289953984131
11876,-3.177289953984131
11877,-3.177289953984131
11878,-3.177289953984131
11879,-3.177289953984131
11880,-3.177289953984131
11881,-3.177289953984131
11882,-3.177289953984131
11883,-3.177289953984131
11884,-3.177289953984131
11885,-3.177289953984131
11886,-3.177289953984131
11887,-3.177289953984131
11888,-3.177289953984131
11889,-3.177289953984131
11890,-3.177289953984131
11891,-3.177289953984131
11892,-3.177289953984131
11893,-3.177289953984131
11894,-3.177289953984131
11895,-3.177289953984131
11896,-3.177289953984131
11897,-3.177289953984131
11898,-3.177289953984131
11899,-3.177289953984131
11900,-3.177289953984131
11901,-3.177289953984131
11902,-3.177289953984131
11903,-3.177289953984131
11904,-3.177289953984131
11905,-3.177289953984131
11906,-3.177289953984131
11907,-3.177289953984131
11908,-3.177289953984131
11909,-3.177289953984131
11910,-3.177289953984131
11911,-3.177289953984131
11912,-3.177289953984131
11913,-3.177289953984131
11914,-3.177289953984131
11915,-3.177289953984131
11916,-3.177289953984131
11917,-3.177289953984131
11918,-3.177289953984131
11919,-3.177289953984131
11920,-3.177289953984131
11921,-3.177289953984131
11922,-3.177289953984131
11923,-3.177289953984131
11924,-3.177289953984131
11925,-3.177289953984131
11926,-3.177289953984131
11927,-3.177289953984131
11928,-3.177289953984131
11929,-3.177289953984131
11930,-3.177289953984131
11931,-3.177289953984131
11932,-3.177289953984131
11933,-3.177289953984131
11934,-3.177289953984131
11935,-3.177289953984131
11936,-3.177289953984131
11937,-3.177289953984131
11938,-3.177289953984131
11939,-3.177289953984131
11940,-3.177289953984131
11941,-3.177289953984131
11942,-3.177289953984131
11943,-3.177289953984131
11944,-3.177289953984131
11945,-3.177289953984131
11946,-3.177289953984131
11947,-3.177289953984131
11948,-3.177289953984131
11949,-3.177289953984131
11950,-3.177289953984131
11951,-3.177289953984131
11952,-3.177289953984131
11953,-3.177289953984131
11954,-3.177289953984131
11955,-3.177289953984131
11956,-3.177289953984131
11957,-3.177289953984131
11958,-3.177289953984131
11959,-3.177289953984131
11960,-3.177289953984131
11961,-3.177289953984131
11962,-3.177289953984131
11963,-3.177289953984131
11964,-3.177289953984131
11965,-3.177289953984131
11966,-3.177289953984131
11967,-3.177289953984131
11968,-3.177289953984131
11969,-3.177289953984131
11970,-3.177289953984131
11971,-3.177289953984131
11972,-3.177289953984131
11973,-3.177289953984131
11974,-3.177289953984131
11975,-3.177289953984131
11976,-3.177289953984131
11977,-3.177289953984131
11978,-3.177289953984131
11979,-3.177289953984131
11980,-3.177289953984131
11981,-3.177289953984131
11982,-3.177289953984131
11983,-3.177289953984131
11984,-3.177289953984131
11985,-3.177289953984131
11986,-3.177289953984131
11987,-3.177289953984131
11988,-3.177289953984131
11989,-3.177289953984131
11990,-3.177289953984131
11991,-3.177289953984131
11992,-3.177289953984131
11993,-3.177289953984131
11994,-3.177289953984131
11995,-3.177289953984131
11996,-3.177289953984131
11997,-3.177289953984131
11998,-3.177289953984131
11999,-3.177289953984131
12000,-3.177289953984131
12001,-3.177289953984131
12002,-3.177289953984131
12003,-3.177289953984131
12004,-3.177289953984131
12005,-3.177289953984131
12006,-3.177289953984131
12007,-3.177289953984131
12008,-3.177289953984131
12009,-3.177289953984131
12010,-3.177289953984131
12011,-3.177289953984131
12012,-3.177289953984131
12013,-3.177289953984131
12014,-3.177289953984131
12015,-3.177289953984131
12016,-3.177289953984131
12017,-3.177289953984131
12018,-3.177289953984131
12019,-3.177289953984131
12020,-3.177289953984131
12021,-3.177289953984131
12022,-3.177289953984131
12023,-3.177289953984131
12024,-3.177289953984131
12025,-3.177289953984131
12026,-3.177289953984131
12027,-3.177289953984131
12028,-3.177289953984131
12029,-3.177289953984131
12030,-3.177289953984131
12031,-3.177289953984131
12032,-3.177289953984131
12033,-3.177289953984131
12034,-3.177289953984131
12035,-3.177289953984131
12036,-3.177289953984131
12037,-3.177289953984131
12038,-3.177289953984131
12039,-3.177289953984131
12040,-3.177289953984131
12041,-3.177289953984131
12042,-3.177289953984131
12043,-3.177289953984131
12044,-3.177289953984131
12045,-3.177289953984131
12046,-3.177289953984131
12047,-3.177289953984131
12048,-3.177289953984131
12049,-3.177289953984131
12050,-3.177289953984131
12051,-3.177289953984131
12052,-3.177289953984131
12053,-3.177289953984131
12054,-3.177289953984131
12055,-3.177289953984131
12056,-3.177289953984131
12057,-3.177289953984131
12058,-3.177289953984131
12059,-3.177289953984131
12060,-3.177289953984131
12061,-3.177289953984131
12062,-3.177289953984131
12063,-3.177289953984131
12064,-3.177289953984131
12065,-3.177289953984131
12066,-3.177289953984131
12067,-3.177289953984131
12068,-3.177289953984131
12069,-3.177289953984131
12070,-3.177289953984131
12071,-3.177289953984131
12072,-3.177289953984131
12073,-3.177289953984131
12074,-3.177289953984131
12075,-3.177289953984131
12076,-3.177289953984131
12077,-3.177289953984131
12078,-3.177289953984131
12079,-3.177289953984131
12080,-3.177289953984131
12081,-3.177289953984131
12082,-3.177289953984131
12083,-3.177289953984131
12084,-3.177289953984131
12085,-3.177289953984131
12086,-3.177289953984131
12087,-3.177289953984131
12088,-3.177289953984131
12089,-3.177289953984131
12090,-3.177289953984131
12091,-3.177289953984131
12092,-3.177289953984131
12093,-3.177289953984131
12094,-3.177289953984131
12095,-3.177289953984131
12096,-3.177289953984131
12097,-3.177289953984131
12098,-3.177289953984131
12099,-3.177289953984131
12100,-3.177289953984131
12101,-3.177289953984131
12102,-3.177289953984131
12103,-3.177289953984131
12104,-3.177289953984131
12105,-3.177289953984131
12106,-3.177289953984131
12107,-3.177289953984131
12108,-3.177289953984131
12109,-3.177289953984131
12110,-3.177289953984131
12111,-3.177289953984131
12112,-3.177289953984131
12113,-3.177289953984131
12114,-3.177289953984131
12115,-3.177289953984131
12116,-3.177289953984131
12117,-3.177289953984131
12118,-3.177289953984131
12119,-3.177289953984131
12120,-3.177289953984131
12121,-3.177289953984131
12122,-3.177289953984131
12123,-3.177289953984131
12124,-3.177289953984131
12125,-3.177289953984131
12126,-3.177289953984131
12127,-3.177289953984131
12128,-3.177289953984131
12129,-3.177289953984131
12130,-3.177289953984131
12131,-3.177289953984131
12132,-3.177289953984131
12133,-3.177289953984131
12134,-3.177289953984131
12135,-3.177289953984131
12136,-3.177289953984131
12137,-3.177289953984131
12138,-3.177289953984131
12139,-3.177289953984131
12140,-3.177289953984131
12141,-3.177289953984131
12142,-3.177289953984131
12143,-3.177289953984131
12144,-3.177289953984131
12145,-3.177289953984131
12146,-3.177289953984131
12147,-3.177289953984131
12148,-3.177289953984131
12149,-3.177289953984131
12150,-3.177289953984131
12151,-3.177289953984131
12152,-3.177289953984131
12153,-3.177289953984131
12154,-3.177289953984131
12155,-3.177289953984131
12156,-3.177289953984131
12157,-3.177289953984131
12158,-3.177289953984131
12159,-3.177289953984131
12160,-3.177289953984131
12161,-3.177289953984131
12162,-3.177289953984131
12163,-3.177289953984131
12164,-3.177289953984131
12165,-3.177289953984131
12166,-3.177289953984131
12167,-3.177289953984131
12168,-3.177289953984131
12169,-3.177289953984131
12170,-3.177289953984131
12171,-3.177289953984131
12172,-3.177289953984131
12173,-3.177289953984131
12174,-3.177289953984131
12175,-3.177289953984131
12176,-3.177289953984131
12177,-3.177289953984131
12178,-3.177289953984131
12179,-3.177289953984131
12180,-3.177289953984131
12181,-3.177289953984131
12182,-3.177289953984131
12183,-3.177289953984131
12184,-3.177289953984131
12185,-3.177289953984131
12186,-3.177289953984131
12187,-3.177289953984131
12188,-3.177289953984131
12189,-3.177289953984131
12190,-3.177289953984131
12191,-3.177289953984131
12192,-3.177289953984131
12193,-3.177289953984131
12194,-3.177289953984131
12195,-3.177289953984131
12196,-3.177289953984131
12197,-3.177289953984131
12198,-3.177289953984131
12199,-3.177289953984131
12200,-3.177289953984131
12201,-3.177289953984131
12202,-3.177289953984131
12203,-3.177289953984131
12204,-3.177289953984131
12205,-3.177289953984131
12206,-3.177289953984131
12207,-3.177289953984131
12208,-3.177289953984131
12209,-3.177289953984131
12210,-3.177289953984131
12211,-3.177289953984131
12212,-3.177289953984131
12213,-3.177289953984131
12214,-3.177289953984131
12215,-3.177289953984131
12216,-3.177289953984131
12217,-3.177289953984131
12218,-3.177289953984131
12219,-3.177289953984131
12220,-3.177289953984131
12221,-3.177289953984131
12222,-3.177289953984131
12223,-3.177289953984131
12224,-3.177289953984131
12225,-3.177289953984131
12226,-3.177289953984131
12227,-3.177289953984131
12228,-3.177289953984131
12229,-3.177289953984131
12230,-3.177289953984131
12231,-3.177289953984131
12232,-3.177289953984131
12233,-3.177289953984131
12234,-3.177289953984131
12235,-3.177289953984131
12236,-3.177289953984131
12237,-3.177289953984131
12238,-3.177289953984131
12239,-3.177289953984131
12240,-3.177289953984131
12241,-3.177289953984131
12242,-3.177289953984131
12243,-3.177289953984131
12244,-3.177289953984131
12245,-3.177289953984131
12246,-3.177289953984131
12247,-3.177289953984131
12248,-3.177289953984131
12249,-3.177289953984131
12250,-3.177289953984131
12251,-3.177289953984131
12252,-3.177289953984131
12253,-3.177289953984131
12254,-3.177289953984131
12255,-3.177289953984131
12256,-3.177289953984131
12257,-3.177289953984131
12258,-3.177289953984131
12259,-3.177289953984131
12260,-3.177289953984131
12261,-3.177289953984131
12262,-3.177289953984131
12263,-3.177289953984131
12264,-3.177289953984131
12265,-3.177289953984131
12266,-3.177289953984131
12267,-3.177289953984131
12268,-3.177289953984131
12269,-3.177289953984131
12270,-3.177289953984131
12271,-3.177289953984131
12272,-3.177289953984131
12273,-3.177289953984131
12274,-3.177289953984131
12275,-3.177289953984131
12276,-3.177289953984131
12277,-3.177289953984131
12278,-3.177289953984131
12279,-3.177289953984131
12280,-3.177289953984131
12281,-3.177289953984131
12282,-3.177289953984131
12283,-3.177289953984131
12284,-3.177289953984131
12285,-3.177289953984131
12286,-3.177289953984131
12287,-3.177289953984131
12288,-3.177289953984131
12289,-3.177289953984131
12290,-3.177289953984131
12291,-3.177289953984131
12292,-3.177289953984131
12293,-3.177289953984131
12294,-3.177289953984131
12295,-3.177289953984131
12296,-3.177289953984131
12297,-3.177289953984131
12298,-3.177289953984131
12299,-3.177289953984131
12300,-3.177289953984131
12301,-3.177289953984131
12302,-3.177289953984131
12303,-3.177289953984131
12304,-3.177289953984131
12305,-3.177289953984131
12306,-3.177289953984131
12307,-3.177289953984131
12308,-3.177289953984131
12309,-3.177289953984131
12310,-3.177289953984131
12311,-3.177289953984131
12312,-3.177289953984131
12313,-3.177289953984131
12314,-3.177289953984131
12315,-3.177289953984131
12316,-3.177289953984131
12317,-3.177289953984131
12318,-3.177289953984131
12319,-3.177289953984131
12320,-3.177289953984131
12321,-3.177289953984131
12322,-3.177289953984131
12323,-3.177289953984131
12324,-3.177289953984131
12325,-3.177289953984131
12326,-3.177289953984131
12327,-3.177289953984131
12328,-3.177289953984131
12329,-3.177289953984131
12330,-3.177289953984131
12331,-3.177289953984131
12332,-3.177289953984131
12333,-3.177289953984131
12334,-3.177289953984131
12335,-3.177289953984131
12336,-3.177289953984131
12337,-3.177289953984131
12338,-3.177289953984131
12339,-3.177289953984131
12340,-3.177289953984131
12341,-3.177289953984131
12342,-3.177289953984131
12343,-3.177289953984131
12344,-3.177289953984131
12345,-3.177289953984131
12346,-3.177289953984131
12347,-3.177289953984131
12348,-3.177289953984131
12349,-3.177289953984131
12350,-3.177289953984131
12351,-3.177289953984131
12352,-3.177289953984131
12353,-3.177289953984131
12354,-3.177289953984131
12355,-3.177289953984131
12356,-3.177289953984131
12357,-3.177289953984131
12358,-3.177289953984131
12359,-3.177289953984131
12360,-3.177289953984131
12361,-3.177289953984131
12362,-3.177289953984131
12363,-3.177289953984131
12364,-3.177289953984131
12365,-3.177289953984131
12366,-3.177289953984131
12367,-3.177289953984131
12368,-3.177289953984131
12369,-3.177289953984131
12370,-3.177289953984131
12371,-3.177289953984131
12372,-3.177289953984131
12373,-3.177289953984131
12374,-3.177289953984131
12375,-3.177289953984131
12376,-3.177289953984131
12377,-3.177289953984131
12378,-3.177289953984131
12379,-3.177289953984131
12380,-3.177289953984131
12381,-3.177289953984131
12382,-3.177289953984131
12383,-3.177289953984131
12384,-3.177289953984131
12385,-3.177289953984131
12386,-3.177289953984131
12387,-3.177289953984131
12388,-3.177289953984131
12389,-3.177289953984131
12390,-3.177289953984131
12391,-3.177289953984131
12392,-3.177289953984131
12393,-3.177289953984131
12394,-3.177289953984131
12395,-3.177289953984131
12396,-3.177289953984131
12397,-3.177289953984131
12398,-3.177289953984131
12399,-3.177289953984131
12400,-3.177289953984131
12401,-3.177289953984131
12402,-3.177289953984131
12403,-3.177289953984131
12404,-3.177289953984131
12405,-3.177289953984131
12406,-3.177289953984131
12407,-3.177289953984131
12408,-3.177289953984131
12409,-3.177289953984131
12410,-3.177289953984131
12411,-3.177289953984131
12412,-3.177289953984131
12413,-3.177289953984131
12414,-3.177289953984131
12415,-3.177289953984131
12416,-3.177289953984131
12417,-3.177289953984131
12418,-3.177289953984131
12419,-3.177289953984131
12420,-3.177289953984131
12421,-3.177289953984131
12422,-3.177289953984131
12423,-3.177289953984131
12424,-3.177289953984131
12425,-3.177289953984131
12426,-3.177289953984131
12427,-3.177289953984131
12428,-3.177289953984131
12429,-3.177289953984131
12430,-3.177289953984131
12431,-3.177289953984131
12432,-3.177289953984131
12433,-3.177289953984131
12434,-3.177289953984131
12435,-3.177289953984131
12436,-3.177289953984131
12437,-3.177289953984131
12438,-3.177289953984131
12439,-3.177289953984131
12440,-3.177289953984131
12441,-3.177289953984131
12442,-3.177289953984131
12443,-3.177289953984131
12444,-3.177289953984131
12445,-3.177289953984131
12446,-3.177289953984131
12447,-3.177289953984131
12448,-3.177289953984131
12449,-3.177289953984131
12450,-3.177289953984131
12451,-3.177289953984131
12452,-3.177289953984131
12453,-3.177289953984131
12454,-3.177289953984131
12455,-3.177289953984131
12456,-3.177289953984131
12457,-3.177289953984131
12458,-3.177289953984131
12459,-3.177289953984131
12460,-3.177289953984131
12461,-3.177289953984131
12462,-3.177289953984131
12463,-3.177289953984131
12464,-3.177289953984131
12465,-3.177289953984131
12466,-3.177289953984131
12467,-3.177289953984131
12468,-3.177289953984131
12469,-3.177289953984131
12470,-3.177289953984131
12471,-3.177289953984131
12472,-3.177289953984131
12473,-3.177289953984131
12474,-3.177289953984131
12475,-3.177289953984131
12476,-3.177289953984131
12477,-3.177289953984131
12478,-3.177289953984131
12479,-3.177289953984131
12480,-3.177289953984131
12481,-3.177289953984131
12482,-3.177289953984131
12483,-3.177289953984131
12484,-3.177289953984131
12485,-3.177289953984131
12486,-3.177289953984131
12487,-3.177289953984131
12488,-3.177289953984131
12489,-3.177289953984131
12490,-3.177289953984131
12491,-3.177289953984131
12492,-3.177289953984131
12493,-3.177289953984131
12494,-3.177289953984131
12495,-3.177289953984131
12496,-3.177289953984131
12497,-3.177289953984131
12498,-3.177289953984131
12499,-3.177289953984131
12500,-3.177289953984131
12501,-3.177289953984131
12502,-3.177289953984131
12503,-3.177289953984131
12504,-3.177289953984131
12505,-3.177289953984131
12506,-3.177289953984131
12507,-3.177289953984131
12508,-3.177289953984131
12509,-3.177289953984131
12510,-3.177289953984131
12511,-3.177289953984131
12512,-3.177289953984131
12513,-3.177289953984131
12514,-3.177289953984131
12515,-3.177289953984131
12516,-3.177289953984131
12517,-3.177289953984131
12518,-3.177289953984131
12519,-3.177289953984131
12520,-3.177289953984131
12521,-3.177289953984131
12522,-3.177289953984131
12523,-3.177289953984131
12524,-3.177289953984131
12525,-3.177289953984131
12526,-3.177289953984131
12527,-3.177289953984131
12528,-3.177289953984131
12529,-3.177289953984131
12530,-3.177289953984131
12531,-3.177289953984131
12532,-3.177289953984131
12533,-3.177289953984131
12534,-3.177289953984131
12535,-3.177289953984131
12536,-3.177289953984131
12537,-3.177289953984131
12538,-3.177289953984131
12539,-3.177289953984131
12540,-3.177289953984131
12541,-3.177289953984131
12542,-3.177289953984131
12543,-3.177289953984131
12544,-3.177289953984131
12545,-3.177289953984131
12546,-3.177289953984131
12547,-3.177289953984131
12548,-3.177289953984131
12549,-3.177289953984131
12550,-3.177289953984131
12551,-3.177289953984131
12552,-3.177289953984131
12553,-3.177289953984131
12554,-3.177289953984131
12555,-3.177289953984131
12556,-3.177289953984131
12557,-3.177289953984131
12558,-3.177289953984131
12559,-3.177289953984131
12560,-3.177289953984131
12561,-3.177289953984131
12562,-3.177289953984131
12563,-3.177289953984131
12564,-3.177289953984131
12565,-3.177289953984131
12566,-3.177289953984131
12567,-3.177289953984131
12568,-3.177289953984131
12569,-3.177289953984131
12570,-3.177289953984131
12571,-3.177289953984131
12572,-3.177289953984131
12573,-3.177289953984131
12574,-3.177289953984131
12575,-3.177289953984131
12576,-3.177289953984131
12577,-3.177289953984131
12578,-3.177289953984131
12579,-3.177289953984131
12580,-3.177289953984131
12581,-3.177289953984131
12582,-3.177289953984131
12583,-3.177289953984131
12584,-3.177289953984131
12585,-3.177289953984131
12586,-3.177289953984131
12587,-3.177289953984131
12588,-3.177289953984131
12589,-3.177289953984131
12590,-3.177289953984131
12591,-3.177289953984131
12592,-3.177289953984131
12593,-3.177289953984131
12594,-3.177289953984131
12595,-3.177289953984131
12596,-3.177289953984131
12597,-3.177289953984131
12598,-3.177289953984131
12599,-3.177289953984131
12600,-3.177289953984131
12601,-3.177289953984131
12602,-3.177289953984131
12603,-3.177289953984131
12604,-3.177289953984131
12605,-3.177289953984131
12606,-3.177289953984131
12607,-3.177289953984131
12608,-3.177289953984131
12609,-3.177289953984131
12610,-3.177289953984131
12611,-3.177289953984131
12612,-3.177289953984131
12613,-3.177289953984131
12614,-3.177289953984131
12615,-3.177289953984131
12616,-3.177289953984131
12617,-3.177289953984131
12618,-3.177289953984131
12619,-3.177289953984131
12620,-3.177289953984131
12621,-3.177289953984131
12622,-3.177289953984131
12623,-3.177289953984131
12624,-3.177289953984131
12625,-3.177289953984131
12626,-3.177289953984131
12627,-3.177289953984131
12628,-3.177289953984131
12629,-3.177289953984131
12630,-3.177289953984131
12631,-3.177289953984131
12632,-3.177289953984131
12633,-3.177289953984131
12634,-3.177289953984131
12635,-3.177289953984131
12636,-3.177289953984131
12637,-3.177289953984131
12638,-3.177289953984131
12639,-3.177289953984131
12640,-3.177289953984131
12641,-3.177289953984131
12642,-3.177289953984131
12643,-3.177289953984131
12644,-3.177289953984131
12645,-3.177289953984131
12646,-3.177289953984131
12647,-3.177289953984131
12648,-3.177289953984131
12649,-3.177289953984131
12650,-3.177289953984131
12651,-3.177289953984131
12652,-3.177289953984131
12653,-3.177289953984131
12654,-3.177289953984131
12655,-3.177289953984131
12656,-3.177289953984131
12657,-3.177289953984131
12658,-3.177289953984131
12659,-3.177289953984131
12660,-3.177289953984131
12661,-3.177289953984131
12662,-3.177289953984131
12663,-3.177289953984131
12664,-3.177289953984131
12665,-3.177289953984131
12666,-3.177289953984131
12667,-3.177289953984131
12668,-3.177289953984131
12669,-3.177289953984131
12670,-3.177289953984131
12671,-3.177289953984131
12672,-3.177289953984131
12673,-3.177289953984131
12674,-3.177289953984131
12675,-3.177289953984131
12676,-3.177289953984131
12677,-3.177289953984131
12678,-3.177289953984131
12679,-3.177289953984131
12680,-3.177289953984131
12681,-3.177289953984131
12682,-3.177289953984131
12683,-3.177289953984131
12684,-3.177289953984131
12685,-3.177289953984131
12686,-3.177289953984131
12687,-3.177289953984131
12688,-3.177289953984131
12689,-3.177289953984131
12690,-3.177289953984131
12691,-3.177289953984131
12692,-3.177289953984131
12693,-3.177289953984131
12694,-3.177289953984131
12695,-3.177289953984131
12696,-3.177289953984131
12697,-3.177289953984131
12698,-3.177289953984131
12699,-3.177289953984131
12700,-3.177289953984131
12701,-3.177289953984131
12702,-3.177289953984131
12703,-3.177289953984131
12704,-3.177289953984131
12705,-3.177289953984131
12706,-3.177289953984131
12707,-3.177289953984131
12708,-3.177289953984131
12709,-3.177289953984131
12710,-3.177289953984131
12711,-3.177289953984131
12712,-3.177289953984131
12713,-3.177289953984131
12714,-3.177289953984131
12715,-3.177289953984131
12716,-3.177289953984131
12717,-3.177289953984131
12718,-3.177289953984131
12719,-3.177289953984131
12720,-3.177289953984131
12721,-3.177289953984131
12722,-3.177289953984131
12723,-3.177289953984131
12724,-3.177289953984131
12725,-3.177289953984131
12726,-3.177289953984131
12727,-3.177289953984131
12728,-3.177289953984131
12729,-3.177289953984131
12730,-3.177289953984131
12731,-3.177289953984131
12732,-3.177289953984131
12733,-3.177289953984131
12734,-3.177289953984131
12735,-3.177289953984131
12736,-3.177289953984131
12737,-3.177289953984131
12738,-3.177289953984131
12739,-3.177289953984131
12740,-3.177289953984131
12741,-3.177289953984131
12742,-3.177289953984131
12743,-3.177289953984131
12744,-3.177289953984131
12745,-3.177289953984131
12746,-3.177289953984131
12747,-3.177289953984131
12748,-3.177289953984131
12749,-3.177289953984131
12750,-3.177289953984131
12751,-3.177289953984131
12752,-3.177289953984131
12753,-3.177289953984131
12754,-3.177289953984131
12755,-3.177289953984131
12756,-3.177289953984131
12757,-3.177289953984131
12758,-3.177289953984131
12759,-3.177289953984131
12760,-3.177289953984131
12761,-3.177289953984131
12762,-3.177289953984131
12763,-3.177289953984131
12764,-3.177289953984131
12765,-3.177289953984131
12766,-3.177289953984131
12767,-3.177289953984131
12768,4.931015813416213
12769,4.931015813416213
12770,4.931015813416213
12771,4.931015813416213
12772,4.931015813416213
12773,4.931015813416213
12774,4.931015813416213
12775,4.931015813416213
12776,4.931015813416213
12777,4.931015813416213
12778,4.931015813416213
12779,4.931015813416213
12780,4.931015813416213
12781,4.931015813416213
12782,4.931015813416213
12783,4.931015813416213
12784,4.931015813416213
12785,4.931015813416213
12786,4.931015813416213
12787,4.931015813416213
12788,4.931015813416213
12789,4.931015813416213
12790,4.931015813416213
12791,4.931015813416213
12792,4.931015813416213
12793,4.931015813416213
12794,4.931015813416213
12795,4.931015813416213
12796,4.931015813416213
12797,4.931015813416213
12798,4.931015813416213
12799,4.931015813416213
12800,4.931015813416213
12801,4.931015813416213
12802,4.931015813416213
12803,4.931015813416213
12804,4.931015813416213
12805,4.931015813416213
12806,4.931015813416213
12807,4.931015813416213
12808,4.931015813416213
12809,4.931015813416213
12810,4.931015813416213
12811,4.931015813416213
12812,4.931015813416213
12813,4.931015813416213
12814,4.931015813416213
12815,4.931015813416213
12816,4.931015813416213
12817,4.931015813416213
12818,4.931015813416213
12819,4.931015813416213
12820,4.931015813416213
12821,4.931015813416213
12822,4.931015813416213
12823,4.931015813416213
12824,4.931015813416213
12825,4.931015813416213
12826,4.931015813416213
12827,4.931015813416213
12828,4.931015813416213
12829,4.931015813416213
12830,4.931015813416213
12831,4.931015813416213
12832,4.931015813416213
12833,4.931015813416213
12834,4.931015813416213
12835,4.931015813416213
12836,4.931015813416213
12837,4.931015813416213
12838,4.931015813416213
12839,4.931015813416213
12840,4.931015813416213
12841,4.931015813416213
12842,4.931015813416213
12843,4.931015813416213
12844,4.931015813416213
12845,4.931015813416213
12846,4.931015813416213
12847,4.931015813416213
12848,4.931015813416213
12849,4.931015813416213
12850,4.931015813416213
12851,4.931015813416213
12852,4.931015813416213
12853,4.931015813416213
12854,4.931015813416213
12855,4.931015813416213
12856,4.931015813416213
12857,4.931015813416213
12858,4.931015813416213
12859,4.931015813416213
12860,4.931015813416213
12861,4.931015813416213
12862,4.931015813416213
12863,4.931015813416213
12864,4.931015813416213
12865,4.931015813416213
12866,4.931015813416213
12867,4.931015813416213
12868,4.931015813416213
12869,4.931015813416213
12870,4.931015813416213
12871,4.931015813416213
12872,4.931015813416213
12873,4.931015813416213
12874,4.931015813416213
12875,4.931015813416213
12876,4.931015813416213
12877,4.931015813416213
12878,4.931015813416213
12879,4.931015813416213
12880,4.931015813416213
12881,4.931015813416213
12882,4.931015813416213
12883,4.931015813416213
12884,4.931015813416213
12885,4.931015813416213
12886,4.931015813416213
12887,4.931015813416213
12888,4.931015813416213
12889,4.931015813416213
12890,4.931015813416213
12891,4.931015813416213
12892,4.931015813416213
12893,4.931015813416213
12894,4.931015813416213
12895,4.931015813416213
12896,4.931015813416213
12897,4.931015813416213
12898,4.931015813416213
12899,4.931015813416213
12900,4.931015813416213
12901,4.931015813416213
12902,4.931015813416213
12903,4.931015813416213
12904,4.931015813416213
12905,4.931015813416213
12906,4.931015813416213
12907,4.931015813416213
12908,4.931015813416213
12909,4.931015813416213
12910,4.931015813416213
12911,4.931015813416213
12912,4.931015813416213
12913,4.931015813416213
12914,4.931015813416213
12915,4.931015813416213
12916,4.931015813416213
12917,4.931015813416213
12918,4.931015813416213
12919,4.931015813416213
12920,4.931015813416213
12921,4.931015813416213
12922,4.931015813416213
12923,4.931015813416213
12924,4.931015813416213
12925,4.931015813416213
12926,4.931015813416213
12927,4.931015813416213
12928,4.931015813416213
12929,4.931015813416213
12930,4.931015813416213
12931,4.931015813416213
12932,4.931015813416213
12933,4.931015813416213
12934,4.931015813416213
12935,4.931015813416213
12936,4.931015813416213
12937,4.931015813416213
12938,4.931015813416213
12939,4.931015813416213
12940,4.931015813416213
12941,4.931015813416213
12942,4.931015813416213
12943,4.931015813416213
12944,4.931015813416213
12945,4.931015813416213
12946,4.931015813416213
12947,4.931015813416213
12948,4.931015813416213
12949,4.931015813416213
12950,4.931015813416213
12951,4.931015813416213
12952,4.931015813416213
12953,4.931015813416213
12954,4.931015813416213
12955,4.931015813416213
12956,4.931015813416213
12957,4.931015813416213
12958,4.931015813416213
12959,4.931015813416213
12960,4.931015813416213
12961,4.931015813416213
12962,4.931015813416213
12963,4.931015813416213
12964,4.931015813416213
12965,4.931015813416213
12966,4.931015813416213
12967,4.931015813416213
12968,4.931015813416213
12969,4.931015813416213
12970,4.931015813416213
12971,4.931015813416213
12972,4.931015813416213
12973,4.931015813416213
12974,4.931015813416213
12975,4.931015813416213
12976,4.931015813416213
12977,4.931015813416213
12978,4.931015813416213
12979,4.931015813416213
12980,4.931015813416213
12981,4.931015813416213
12982,4.931015813416213
12983,4.931015813416213
12984,4.931015813416213
12985,4.931015813416213
12986,4.931015813416213
12987,4.931015813416213
12988,4.931015813416213
12989,4.931015813416213
12990,4.931015813416213
12991,4.931015813416213
12992,4.931015813416213
12993,4.931015813416213
12994,4.931015813416213
12995,4.931015813416213
12996,4.931015813416213
12997,4.931015813416213
12998,4.931015813416213
12999,4.931015813416213
13000,4.931015813416213
13001,4.931015813416213
13002,4.931015813416213
13003,4.931015813416213
13004,4.931015813416213
13005,4.931015813416213
13006,4.931015813416213
13007,4.931015813416213
13008,4.931015813416213
13009,4.931015813416213
13010,4.931015813416213
13011,4.931015813416213
13012,4.931015813416213
13013,4.931015813416213
13014,4.931015813416213
13015,4.931015813416213
13016,4.931015813416213
13017,4.931015813416213
13018,4.931015813416213
13019,4.931015813416213
13020,4.931015813416213
13021,4.931015813416213
13022,4.931015813416213
13023,4.931015813416213
13024,4.931015813416213
13025,4.931015813416213
13026,4.931015813416213
13027,4.931015813416213
13028,4.931015813416213
13029,4.931015813416213
13030,4.931015813416213
13031,4.931015813416213
13032,4.931015813416213
13033,4.931015813416213
13034,4.931015813416213
13035,4.931015813416213
13036,4.931015813416213
13037,4.931015813416213
13038,4.931015813416213
13039,4.931015813416213
13040,4.931015813416213
13041,4.931015813416213
13042,4.931015813416213
13043,4.931015813416213
13044,4.931015813416213
13045,4.931015813416213
13046,4.931015813416213
13047,4.931015813416213
13048,4.931015813416213
13049,4.931015813416213
13050,4.931015813416213
13051,4.931015813416213
13052,4.931015813416213
13053,4.931015813416213
13054,4.931015813416213
13055,4.931015813416213
13056,4.931015813416213
13057,4.931015813416213
13058,4.931015813416213
13059,4.931015813416213
13060,4.931015813416213
13061,4.931015813416213
13062,4.931015813416213
13063,4.931015813416213
13064,4.931015813416213
13065,4.931015813416213
13066,4.931015813416213
13067,4.931015813416213
13068,4.931015813416213
13069,4.931015813416213
13070,4.931015813416213
13071,4.931015813416213
13072,4.931015813416213
13073,4.931015813416213
13074,4.931015813416213
13075,4.931015813416213
13076,4.931015813416213
13077,4.931015813416213
13078,4.931015813416213
13079,4.931015813416213
13080,4.931015813416213
13081,4.931015813416213
13082,4.931015813416213
13083,4.931015813416213
13084,4.931015813416213
13085,4.931015813416213
13086,4.931015813416213
13087,4.931015813416213
13088,4.931015813416213
13089,4.931015813416213
13090,4.931015813416213
13091,4.931015813416213
13092,4.931015813416213
13093,4.931015813416213
13094,4.931015813416213
13095,4.931015813416213
13096,4.931015813416213
13097,4.931015813416213
13098,4.931015813416213
13099,4.931015813416213
13100,4.931015813416213
13101,4.931015813416213
13102,4.931015813416213
13103,4.931015813416213
13104,4.931015813416213
13105,4.931015813416213
13106,4.931015813416213
13107,4.931015813416213
13108,4.931015813416213
13109,12.24438964283613
13110,12.24438964283613
13111,12.24438964283613
13112,12.24438964283613
13113,12.24438964283613
13114,12.24438964283613
13115,12.24438964283613
13116,12.24438964283613
13117,12.24438964283613
13118,12.24438964283613
13119,12.24438964283613
13120,12.24438964283613
13121,12.24438964283613
13122,12.24438964283613
13123,12.24438964283613
13124,12.24438964283613
13125,12.24438964283613
13126,12.24438964283613
13127,12.24438964283613
13128,12.24438964283613
13129,12.24438964283613
13130,12.24438964283613
13131,12.24438964283613
13132,12.24438964283613
13133,12.24438964283613
13134,12.24438964283613
13135,12.24438964283613
13136,12.24438964283613
13137,12.24438964283613
13138,12.24438964283613
13139,12.24438964283613
13140,12.24438964283613
13141,12.24438964283613
13142,12.24438964283613
13143,12.24438964283613
13144,12.24438964283613
13145,12.24438964283613
13146,12.24438964283613
13147,12.24438964283613
13148,12.24438964283613
13149,12.24438964283613
13150,12.24438964283613
13151,12.24438964283613
13152,12.24438964283613
13153,12.24438964283613
13154,12.24438964283613
13155,12.24438964283613
13156,12.24438964283613
13157,12.24438964283613
13158,12.24438964283613
13159,12.24438964283613
13160,12.24438964283613
13161,12.24438964283613
13162,12.24438964283613
13163,12.24438964283613
13164,12.24438964283613
13165,12.24438964283613
13166,12.24438964283613
13167,12.24438964283613
13168,12.24438964283613
13169,12.24438964283613
13170,12.24438964283613
13171,12.24438964283613
13172,12.24438964283613
13173,12.24438964283613
13174,12.24438964283613
13175,12.24438964283613
13176,12.24438964283613
13177,12.24438964283613
13178,12.24438964283613
13179,12.24438964283613
13180,12.24438964283613
13181,12.24438964283613
13182,12.24438964283613
13183,12.24438964283613
13184,12.24438964283613
13185,12.24438964283613
13186,12.24438964283613
13187,12.24438964283613
13188,12.24438964283613
13189,12.24438964283613
13190,12.24438964283613
13191,12.24438964283613
13192,12.24438964283613
13193,12.24438964283613
13194,12.24438964283613
13195,12.24438964283613
13196,12.24438964283613
13197,12.24438964283613
13198,12.24438964283613
13199,12.24438964283613
13200,12.24438964283613
13201,12.24438964283613
13202,12.24438964283613
13203,12.24438964283613
13204,12.24438964283613
13205,12.24438964283613
13206,12.24438964283613
13207,12.24438964283613
13208,12.24438964283613
13209,12.24438964283613
13210,12.24438964283613
13211,12.24438964283613
13212,12.24438964283613
13213,12.24438964283613
13214,12.24438964283613
13215,12.24438964283613
13216,12.24438964283613
13217,12.24438964283613
13218,12.24438964283613
13219,12.24438964283613
13220,12.24438964283613
13221,12.24438964283613
13222,12.24438964283613
13223,12.24438964283613
13224,12.24438964283613
13225,12.24438964283613
13226,12.24438964283613
13227,12.24438964283613
13228,12.24438964283613
13229,12.24438964283613
13230,12.24438964283613
13231,12.24438964283613
13232,12.24438964283613
13233,12.24438964283613
13234,12.24438964283613
13235,12.24438964283613
13236,12.24438964283613
13237,12.24438964283613
13238,12.24438964283613
13239,12.24438964283613
13240,12.24438964283613
13241,12.24438964283613
13242,12.24438964283613
13243,12.24438964283613
13244,12.24438964283613
13245,12.24438964283613
13246,12.24438964283613
13247,12.24438964283613
13248,12.24438964283613
13249,12.24438964283613
13250,12.24438964283613
13251,12.24438964283613
13252,12.24438964283613
13253,12.24438964283613
13254,12.24438964283613
13255,12.24438964283613
13256,12.24438964283613
13257,12.24438964283613
13258,12.24438964283613
13259,12.24438964283613
13260,12.24438964283613
13261,12.24438964283613
13262,12.24438964283613
13263,12.24438964283613
13264,12.24438964283613
13265,12.24438964283613
13266,12.24438964283613
13267,12.24438964283613
13268,12.24438964283613
13269,12.24438964283613
13270,12.24438964283613
13271,12.24438964283613
13272,12.24438964283613
13273,12.24438964283613
13274,12.24438964283613
13275,12.24438964283613
13276,12.24438964283613
13277,12.24438964283613
13278,12.24438964283613
13279,12.24438964283613
13280,12.24438964283613
13281,12.24438964283613
13282,12.24438964283613
13283,12.24438964283613
13284,12.24438964283613
13285,12.24438964283613
13286,12.24438964283613
13287,12.24438964283613
13288,12.24438964283613
13289,12.24438964283613
13290,12.24438964283613
13291,12.24438964283613
13292,12.24438964283613
13293,12.24438964283613
13294,12.24438964283613
13295,12.24438964283613
13296,12.24438964283613
13297,12.24438964283613
13298,12.24438964283613
13299,12.24438964283613
13300,12.24438964283613
13301,12.24438964283613
13302,12.24438964283613
13303,12.24438964283613
13304,12.24438964283613
13305,12.24438964283613
13306,12.24438964283613
13307,12.24438964283613
13308,12.24438964283613
13309,12.24438964283613
13310,12.24438964283613
13311,12.24438964283613
13312,12.24438964283613
13313,12.24438964283613
13314,12.24438964283613
13315,12.24438964283613
13316,12.24438964283613
13317,12.24438964283613
13318,12.24438964283613
13319,12.24438964283613
13320,12.24438964283613
13321,12.24438964283613
13322,12.24438964283613
13323,12.24438964283613
13324,12.24438964283613
13325,12.24438964283613
13326,12.24438964283613
13327,12.24438964283613
13328,12.24438964283613
13329,12.24438964283613
13330,12.24438964283613
13331,12.24438964283613
13332,12.24438964283613
13333,12.24438964283613
13334,12.24438964283613
13335,12.24438964283613
13336,12.24438964283613
13337,12.24438964283613
13338,12.24438964283613
13339,12.24438964283613
13340,12.24438964283613
13341,12.24438964283613
13342,12.24438964283613
13343,12.24438964283613
13344,12.24438964283613
13345,12.24438964283613
13346,12.24438964283613
13347,12.24438964283613
13348,12.24438964283613
13349,12.24438964283613
13350,12.24438964283613
13351,12.24438964283613
13352,12.24438964283613
13353,12.24438964283613
13354,12.24438964283613
13355,12.24438964283613
13356,12.24438964283613
13357,12.24438964283613
13358,12.24438964283613
13359,12.24438964283613
13360,12.24438964283613
13361,12.24438964283613
13362,12.24438964283613
13363,12.24438964283613
13364,12.24438964283613
13365,12.24438964283613
13366,12.24438964283613
13367,12.24438964283613
13368,12.24438964283613
13369,12.24438964283613
13370,12.24438964283613
13371,12.24438964283613
13372,12.24438964283613
13373,12.24438964283613
13374,12.24438964283613
13375,12.24438964283613
13376,12.24438964283613
13377,12.24438964283613
13378,12.24438964283613
13379,12.24438964283613
13380,12.24438964283613
13381,12.24438964283613
13382,12.24438964283613
13383,12.24438964283613
13384,12.24438964283613
13385,12.24438964283613
13386,12.24438964283613
13387,12.24438964283613
13388,12.24438964283613
13389,12.24438964283613
13390,12.24438964283613
13391,12.24438964283613
13392,12.24438964283613
13393,12.24438964283613
13394,12.24438964283613
13395,12.24438964283613
13396,12.24438964283613
13397,12.24438964283613
13398,12.24438964283613
13399,12.24438964283613
13400,12.24438964283613
13401,12.24438964283613
13402,12.24438964283613
13403,12.24438964283613
13404,12.24438964283613
13405,12.24438964283613
13406,12.24438964283613
13407,12.24438964283613
13408,12.24438964283613
13409,12.24438964283613
13410,12.24438964283613
13411,12.24438964283613
13412,12.24438964283613
13413,12.24438964283613
13414,12.24438964283613
13415,12.24438964283613
13416,12.24438964283613
13417,12.24438964283613
13418,12.24438964283613
13419,12.24438964283613
13420,12.24438964283613
13421,12.24438964283613
13422,12.24438964283613
13423,12.24438964283613
13424,12.24438964283613
13425,12.24438964283613
13426,12.24438964283613
13427,12.24438964283613
13428,12.24438964283613
13429,12.24438964283613
13430,12.24438964283613
13431,12.24438964283613
13432,12.24438964283613
13433,12.24438964283613
13434,12.24438964283613
13435,12.24438964283613
13436,12.24438964283613
13437,12.24438964283613
13438,12.24438964283613
13439,12.24438964283613
13440,12.24438964283613
13441,12.24438964283613
13442,12.24438964283613
13443,12.24438964283613
13444,12.24438964283613
13445,12.24438964283613
13446,12.24438964283613
13447,12.24438964283613
13448,12.24438964283613
13449,12.24438964283613
13450,12.24438964283613
13451,12.24438964283613
13452,12.24438964283613
13453,12.24438964283613
13454,12.24438964283613
13455,12.24438964283613
13456,12.24438964283613
13457,12.24438964283613
13458,12.24438964283613
13459,12.24438964283613
13460,12.24438964283613
13461,12.24438964283613
13462,12.24438964283613
13463,12.24438964283613
13464,12.24438964283613
13465,12.24438964283613
13466,12.24438964283613
13467,12.24438964283613
13468,12.24438964283613
13469,12.24438964283613
13470,12.24438964283613
13471,12.24438964283613
13472,12.24438964283613
13473,12.24438964283613
13474,12.24438964283613
13475,12.24438964283613
13476,12.24438964283613
13477,12.24438964283613
13478,12.24438964283613
13479,12.24438964283613
13480,12.24438964283613
13481,12.24438964283613
13482,12.24438964283613
13483,12.24438964283613
13484,12.24438964283613
13485,12.24438964283613
13486,12.24438964283613
13487,12.24438964283613
13488,12.24438964283613
13489,12.24438964283613
13490,12.24438964283613
13491,12.24438964283613
13492,12.24438964283613
13493,12.24438964283613
13494,12.24438964283613
13495,12.24438964283613
13496,12.24438964283613
13497,12.24438964283613
13498,12.24438964283613
13499,12.24438964283613
13500,12.24438964283613
13501,12.24438964283613
13502,12.24438964283613
13503,12.24438964283613
13504,12.24438964283613
13505,12.24438964283613
13506,12.24438964283613
13507,12.24438964283613
13508,9.700607441298768
13509,9.700607441298768
13510,9.700607441298768
13511,9.700607441298768
13512,9.700607441298768
13513,9.700607441298768
13514,9.700607441298768
13515,9.700607441298768
13516,9.700607441298768
13517,9.700607441298768
13518,9.700607441298768
13519,9.700607441298768
13520,9.700607441298768
13521,9.700607441298768
13522,9.700607441298768
13523,9.700607441298768
13524,9.700607441298768
13525,9.700607441298768
13526,9.700607441298768
13527,9.700607441298768
13528,9.700607441298768
13529,9.700607441298768
13530,9.700607441298768
13531,9.700607441298768
13532,9.700607441298768
13533,9.700607441298768
13534,9.700607441298768
13535,9.700607441298768
13536,9.700607441298768
13537,9.700607441298768
13538,9.700607441298768
13539,9.700607441298768
13540,9.700607441298768
13541,9.700607441298768
13542,9.700607441298768
13543,9.700607441298768
13544,9.700607441298768
13545,9.700607441298768
13546,9.700607441298768
13547,9.700607441298768
13548,9.700607441298768
13549,9.700607441298768
13550,9.700607441298768
13551,9.700607441298768
13552,9.700607441298768
13553,9.700607441298768
13554,9.700607441298768
13555,9.700607441298768
13556,9.700607441298768
13557,9.700607441298768
13558,9.700607441298768
13559,9.700607441298768
13560,9.700607441298768
13561,9.700607441298768
13562,9.700607441298768
13563,9.700607441298768
13564,9.700607441298768
13565,9.700607441298768
13566,9.700607441298768
13567,9.700607441298768
13568,9.700607441298768
13569,9.700607441298768
13570,9.700607441298768
13571,9.700607441298768
13572,9.700607441298768
13573,9.700607441298768
13574,9.700607441298768
13575,9.700607441298768
13576,9.700607441298768
13577,9.700607441298768
13578,9.700607441298768
13579,9.700607441298768
13580,9.700607441298768
13581,9.700607441298768
13582,9.700607441298768
13583,9.700607441298768
13584,9.700607441298768
13585,9.700607441298768
13586,9.700607441298768
13587,9.700607441298768
13588,9.700607441298768
13589,9.700607441298768
13590,9.700607441298768
13591,9.700607441298768
13592,9.700607441298768
13593,9.700607441298768
13594,9.700607441298768
13595,9.700607441298768
13596,9.700607441298768
13597,9.700607441298768
13598,9.700607441298768
13599,9.700607441298768
13600,9.700607441298768
13601,9.700607441298768
13602,9.700607441298768
13603,9.700607441298768
13604,9.700607441298768
13605,9.700607441298768
13606,9.700607441298768
13607,9.700607441298768
13608,9.700607441298768
13609,9.700607441298768
13610,9.700607441298768
13611,9.700607441298768
13612,9.700607441298768
13613,9.700607441298768
13614,9.700607441298768
13615,9.700607441298768
13616,9.700607441298768
13617,9.700607441298768
13618,9.700607441298768
13619,9.700607441298768
13620,9.700607441298768
13621,9.700607441298768
13622,9.700607441298768
13623,9.700607441298768
13624,9.700607441298768
13625,9.700607441298768
13626,9.700607441298768
13627,9.700607441298768
13628,9.700607441298768
13629,9.700607441298768
13630,9.700607441298768
13631,9.700607441298768
13632,9.700607441298768
13633,9.700607441298768
13634,9.700607441298768
13635,9.700607441298768
13636,9.700607441298768
13637,9.700607441298768
13638,9.700607441298768
13639,9.700607441298768
13640,9.700607441298768
13641,9.700607441298768
13642,9.700607441298768
13643,9.700607441298768
13644,9.700607441298768
13645,9.700607441298768
13646,9.700607441298768
13647,9.700607441298768
13648,9.700607441298768
13649,9.700607441298768
13650,9.700607441298768
13651,9.700607441298768
13652,9.700607441298768
13653,9.700607441298768
13654,9.700607441298768
13655,9.700607441298768
13656,9.700607441298768
13657,9.700607441298768
13658,9.700607441298768
13659,9.700607441298768
13660,9.700607441298768
13661,9.700607441298768
13662,9.700607441298768
13663,9.700607441298768
13664,9.700607441298768
13665,9.700607441298768
13666,9.700607441298768
13667,9.700607441298768
13668,9.700607441298768
13669,9.700607441298768
13670,9.700607441298768
13671,9.700607441298768
13672,9.700607441298768
13673,9.700607441298768
13674,9.700607441298768
13675,9.700607441298768
13676,9.700607441298768
13677,9.700607441298768
13678,9.700607441298768
13679,9.700607441298768
13680,9.700607441298768
13681,9.700607441298768
13682,9.700607441298768
13683,9.700607441298768
13684,9.700607441298768
13685,9.700607441298768
13686,9.700607441298768
13687,9.700607441298768
13688,9.700607441298768
13689,9.700607441298768
13690,9.700607441298768
13691,9.700607441298768
13692,9.700607441298768
13693,9.700607441298768
13694,9.700607441298768
13695,9.700607441298768
13696,9.700607441298768
13697,9.700607441298768
13698,9.700607441298768
13699,9.700607441298768
13700,9.700607441298768
13701,9.700607441298768
13702,9.700607441298768
13703,9.700607441298768
13704,9.700607441298768
13705,9.700607441298768
13706,9.700607441298768
13707,9.700607441298768
13708,9.700607441298768
13709,9.700607441298768
13710,9.700607441298768
13711,9.700607441298768
13712,9.700607441298768
13713,9.700607441298768
13714,9.700607441298768
13715,9.700607441298768
13716,9.700607441298768
13717,9.700607441298768
13718,9.700607441298768
13719,9.700607441298768
13720,9.700607441298768
13721,9.700607441298768
13722,9.700607441298768
13723,9.700607441298768
13724,9.700607441298768
13725,9.700607441298768
13726,9.700607441298768
13727,9.700607441298768
13728,9.700607441298768
13729,9.700607441298768
13730,9.700607441298768
13731,9.700607441298768
13732,9.700607441298768
13733,9.700607441298768
13734,9.700607441298768
13735,9.700607441298768
13736,9.700607441298768
13737,9.700607441298768
13738,9.700607441298768
13739,9.700607441298768
13740,9.700607441298768
13741,9.700607441298768
13742,9.700607441298768
13743,9.700607441298768
13744,9.700607441298768
13745,9.700607441298768
13746,9.700607441298768
13747,9.700607441298768
13748,9.700607441298768
13749,9.700607441298768
13750,9.700607441298768
13751,9.700607441298768
13752,9.700607441298768
13753,9.700607441298768
13754,9.700607441298768
13755,9.700607441298768
13756,9.700607441298768
13757,9.700607441298768
13758,9.700607441298768
13759,9.700607441298768
13760,9.700607441298768
13761,9.700607441298768
13762,9.700607441298768
13763,9.700607441298768
13764,9.700607441298768
13765,9.700607441298768
13766,9.700607441298768
13767,9.700607441298768
13768,9.700607441298768
13769,9.700607441298768
13770,9.700607441298768
13771,9.700607441298768
13772,9.700607441298768
13773,9.700607441298768
13774,9.700607441298768
13775,9.700607441298768
13776,9.700607441298768
13777,9.700607441298768
13778,9.700607441298768
13779,9.700607441298768
13780,9.700607441298768
13781,9.700607441298768
13782,9.700607441298768
13783,9.700607441298768
13784,9.700607441298768
13785,9.700607441298768
13786,9.700607441298768
13787,9.700607441298768
13788,9.700607441298768
13789,9.700607441298768
13790,9.700607441298768
13791,9.700607441298768
13792,9.700607441298768
13793,9.700607441298768
13794,9.700607441298768
13795,9.700607441298768
13796,9.700607441298768
13797,9.700607441298768
13798,9.700607441298768
13799,9.700607441298768
13800,9.700607441298768
13801,9.700607441298768
13802,9.700607441298768
13803,9.700607441298768
13804,9.700607441298768
13805,9.700607441298768
13806,9.700607441298768
13807,9.700607441298768
13808,9.700607441298768
13809,9.700607441298768
13810,9.700607441298768
13811,9.700607441298768
13812,9.700607441298768
13813,9.700607441298768
13814,9.700607441298768
13815,9.700607441298768
13816,9.700607441298768
13817,9.700607441298768
13818,9.700607441298768
13819,9.700607441298768
13820,9.700607441298768
13821,8.587702728126171
13822,8.587702728126171
13823,8.587702728126171
13824,8.587702728126171
13825,8.587702728126171
13826,8.587702728126171
13827,8.587702728126171
13828,8.587702728126171
13829,8.587702728126171
13830,8.587702728126171
13831,8.587702728126171
13832,8.587702728126171
13833,8.587702728126171
13834,8.587702728126171
13835,8.587702728126171
13836,8.587702728126171
13837,8.587702728126171
13838,8.587702728126171
13839,8.587702728126171
13840,8.587702728126171
13841,8.587702728126171
13842,8.587702728126171
13843,8.587702728126171
13844,8.587702728126171
13845,8.587702728126171
13846,8.587702728126171
13847,8.587702728126171
13848,8.587702728126171
13849,8.587702728126171
13850,8.587702728126171
13851,8.587702728126171
13852,8.587702728126171
13853,8.587702728126171
13854,8.587702728126171
13855,8.587702728126171
13856,8.587702728126171
13857,8.587702728126171
13858,8.587702728126171
13859,8.587702728126171
13860,8.587702728126171
13861,8.587702728126171
13862,8.587702728126171
13863,8.587702728126171
13864,8.587702728126171
13865,8.587702728126171
13866,8.587702728126171
13867,8.587702728126171
13868,8.587702728126171
13869,8.587702728126171
13870,8.587702728126171
13871,8.587702728126171
13872,8.587702728126171
13873,8.587702728126171
13874,8.587702728126171
13875,8.587702728126171
13876,8.587702728126171
13877,8.587702728126171
13878,8.587702728126171
13879,8.587702728126171
13880,8.587702728126171
13881,8.587702728126171
13882,8.587702728126171
13883,8.587702728126171
13884,8.587702728126171
13885,8.587702728126171
13886,8.587702728126171
13887,8.587702728126171
13888,8.587702728126171
13889,8.587702728126171
13890,8.587702728126171
13891,8.587702728126171
13892,8.587702728126171
13893,8.587702728126171
13894,8.587702728126171
13895,8.587702728126171
13896,8.587702728126171
13897,8.587702728126171
13898,8.587702728126171
13899,8.587702728126171
13900,8.587702728126171
13901,8.587702728126171
13902,8.587702728126171
13903,8.587702728126171
13904,8.587702728126171
13905,8.587702728126171
13906,8.587702728126171
13907,8.587702728126171
13908,8.587702728126171
13909,8.587702728126171
13910,8.587702728126171
13911,8.587702728126171
13912,8.587702728126171
13913,8.587702728126171
13914,8.587702728126171
13915,8.587702728126171
13916,8.587702728126171
13917,8.587702728126171
13918,8.587702728126171
13919,8.587702728126171
13920,8.587702728126171
13921,8.587702728126171
13922,8.587702728126171
13923,8.587702728126171
13924,8.587702728126171
13925,8.587702728126171
13926,8.587702728126171
13927,8.587702728126171
13928,8.587702728126171
13929,8.587702728126171
13930,8.587702728126171
13931,8.587702728126171
13932,8.587702728126171
13933,8.587702728126171
13934,8.587702728126171
13935,8.587702728126171
13936,8.587702728126171
13937,8.587702728126171
13938,8.587702728126171
13939,8.587702728126171
13940,8.587702728126171
13941,8.587702728126171
13942,8.587702728126171
13943,8.587702728126171
13944,8.587702728126171
13945,8.587702728126171
13946,8.587702728126171
13947,8.587702728126171
13948,8.587702728126171
13949,8.587702728126171
13950,8.587702728126171
13951,8.587702728126171
13952,8.587702728126171
13953,8.587702728126171
13954,8.587702728126171
13955,8.587702728126171
13956,8.587702728126171
13957,8.587702728126171
13958,8.587702728126171
13959,8.587702728126171
13960,8.587702728126171
13961,8.587702728126171
13962,8.587702728126171
13963,8.587702728126171
13964,8.587702728126171
13965,8.587702728126171
13966,8.587702728126171
13967,8.587702728126171
13968,8.587702728126171
13969,8.587702728126171
13970,8.587702728126171
13971,8.587702728126171
13972,8.587702728126171
13973,8.587702728126171
13974,8.587702728126171
13975,8.587702728126171
13976,8.587702728126171
13977,8.587702728126171
13978,8.587702728126171
13979,8.587702728126171
13980,8.587702728126171
13981,8.587702728126171
13982,8.587702728126171
13983,8.587702728126171
13984,8.587702728126171
13985,8.587702728126171
13986,8.587702728126171
13987,8.587702728126171
13988,8.587702728126171
13989,8.587702728126171
13990,8.587702728126171
13991,8.587702728126171
13992,8.587702728126171
13993,8.587702728126171
13994,8.587702728126171
13995,8.587702728126171
13996,8.587702728126171
13997,8.587702728126171
13998,8.587702728126171
13999,8.587702728126171
14000,8.587702728126171
14001,8.587702728126171
14002,8.587702728126171
14003,8.587702728126171
14004,8.587702728126171
14005,8.587702728126171
14006,8.587702728126171
14007,8.587702728126171
14008,8.587702728126171
14009,8.587702728126171
14010,8.587702728126171
14011,8.587702728126171
14012,8.587702728126171
14013,8.587702728126171
14014,8.587702728126171
14015,8.587702728126171
14016,8.587702728126171
14017,8.587702728126171
14018,8.587702728126171
14019,8.587702728126171
14020,8.587702728126171
14021,8.587702728126171
14022,8.587702728126171
14023,8.587702728126171
14024,8.587702728126171
14025,8.587702728126171
14026,8.587702728126171
14027,8.587702728126171
14028,8.587702728126171
14029,8.587702728126171
14030,8.587702728126171
14031,8.587702728126171
14032,8.587702728126171
14033,8.587702728126171
14034,8.587702728126171
14035,8.587702728126171
14036,8.587702728126171
14037,8.587702728126171
14038,8.587702728126171
14039,8.587702728126171
14040,8.587702728126171
14041,8.587702728126171
14042,8.587702728126171
14043,8.587702728126171
14044,8.587702728126171
14045,8.587702728126171
14046,8.587702728126171
14047,8.587702728126171
14048,8.587702728126171
14049,8.587702728126171
14050,8.587702728126171
14051,8.587702728126171
14052,8.587702728126171
14053,8.587702728126171
14054,8.587702728126171
14055,8.587702728126171
14056,8.587702728126171
14057,8.587702728126171
14058,8.587702728126171
14059,8.587702728126171
14060,8.587702728126171
14061,8.587702728126171
14062,8.587702728126171
14063,8.587702728126171
14064,8.587702728126171
14065,8.587702728126171
14066,8.587702728126171
14067,8.587702728126171
14068,8.587702728126171
14069,8.587702728126171
14070,8.587702728126171
14071,8.587702728126171
14072,8.587702728126171
14073,8.587702728126171
14074,8.587702728126171
14075,8.587702728126171
14076,8.587702728126171
14077,8.587702728126171
14078,8.587702728126171
14079,8.587702728126171
14080,8.587702728126171
14081,8.587702728126171
14082,8.587702728126171
14083,8.587702728126171
14084,8.587702728126171
14085,8.587702728126171
14086,8.587702728126171
14087,8.587702728126171
14088,8.587702728126171
14089,8.587702728126171
14090,8.587702728126171
14091,8.587702728126171
14092,8.587702728126171
14093,8.587702728126171
14094,8.587702728126171
14095,8.587702728126171
14096,8.587702728126171
14097,8.587702728126171
14098,8.587702728126171
14099,8.587702728126171
14100,8.587702728126171
14101,8.587702728126171
14102,8.587702728126171
14103,8.587702728126171
14104,8.587702728126171
14105,8.587702728126171
14106,8.587702728126171
14107,8.587702728126171
14108,8.587702728126171
14109,8.587702728126171
14110,8.587702728126171
14111,8.587702728126171
14112,8.587702728126171
14113,8.587702728126171
14114,8.587702728126171
14115,8.587702728126171
14116,8.587702728126171
14117,8.587702728126171
14118,8.587702728126171
14119,8.587702728126171
14120,8.587702728126171
14121,8.587702728126171
14122,8.587702728126171
14123,8.587702728126171
14124,8.587702728126171
14125,8.587702728126171
14126,8.587702728126171
14127,8.587702728126171
14128,8.587702728126171
14129,8.587702728126171
14130,8.587702728126171
14131,8.587702728126171
14132,8.587702728126171
14133,8.587702728126171
14134,8.587702728126171
14135,8.587702728126171
14136,8.587702728126171
14137,8.587702728126171
14138,8.587702728126171
14139,8.587702728126171
14140,8.587702728126171
14141,8.587702728126171
14142,8.587702728126171
14143,8.587702728126171
14144,8.587702728126171
14145,8.587702728126171
14146,8.587702728126171
14147,8.587702728126171
14148,8.587702728126171
14149,8.587702728126171
14150,8.587702728126171
14151,8.587702728126171
14152,8.587702728126171
14153,8.587702728126171
14154,8.587702728126171
14155,8.587702728126171
14156,8.587702728126171
14157,8.587702728126171
14158,8.587702728126171
14159,8.587702728126171
14160,8.587702728126171
14161,8.587702728126171
14162,8.587702728126171
14163,8.587702728126171
14164,8.587702728126171
14165,8.587702728126171
14166,8.587702728126171
14167,8.587702728126171
14168,8.587702728126171
14169,8.587702728126171
14170,8.587702728126171
14171,8.587702728126171
14172,8.587702728126171
14173,8.587702728126171
14174,8.587702728126171
14175,8.587702728126171
14176,8.587702728126171
14177,8.587702728126171
14178,8.587702728126171
14179,8.587702728126171
14180,8.587702728126171
14181,8.587702728126171
14182,8.587702728126171
14183,8.587702728126171
14184,8.587702728126171
14185,8.587702728126171
14186,8.587702728126171
14187,8.587702728126171
14188,8.587702728126171
14189,8.587702728126171
14190,8.587702728126171
14191,8.587702728126171
14192,8.587702728126171
14193,8.587702728126171
14194,8.587702728126171
14195,8.587702728126171
14196,8.587702728126171
14197,8.587702728126171
14198,8.587702728126171
14199,8.587702728126171
14200,8.587702728126171
14201,8.587702728126171
14202,8.587702728126171
14203,8.587702728126171
14204,8.587702728126171
14205,8.587702728126171
14206,8.587702728126171
14207,8.587702728126171
14208,8.587702728126171
14209,8.587702728126171
14210,8.587702728126171
14211,8.587702728126171
14212,8.587702728126171
14213,8.587702728126171
14214,8.587702728126171
14215,8.587702728126171
14216,8.587702728126171
14217,8.587702728126171
14218,8.587702728126171
14219,8.587702728126171
14220,8.587702728126171
14221,8.587702728126171
14222,8.587702728126171
14223,8.587702728126171
14224,8.587702728126171
14225,8.587702728126171
14226,8.587702728126171
14227,8.587702728126171
14228,8.587702728126171
14229,8.587702728126171
14230,8.587702728126171
14231,8.587702728126171
14232,8.587702728126171
14233,8.587702728126171
14234,8.587702728126171
14235,8.587702728126171
14236,8.587702728126171
14237,8.587702728126171
14238,8.587702728126171
14239,8.587702728126171
14240,8.587702728126171
14241,8.587702728126171
14242,8.587702728126171
14243,8.587702728126171
14244,8.587702728126171
14245,8.587702728126171
14246,8.587702728126171
14247,8.587702728126171
14248,8.587702728126171
14249,8.587702728126171
14250,8.587702728126171
14251,8.587702728126171
14252,8.587702728126171
14253,8.587702728126171
14254,8.587702728126171
14255,8.587702728126171
14256,8.587702728126171
14257,8.587702728126171
14258,8.587702728126171
14259,8.587702728126171
14260,8.587702728126171
14261,8.587702728126171
14262,8.587702728126171
14263,8.587702728126171
14264,8.587702728126171
14265,8.587702728126171
14266,8.587702728126171
14267,8.587702728126171
14268,8.587702728126171
14269,8.587702728126171
14270,8.587702728126171
14271,8.587702728126171
14272,8.587702728126171
14273,8.587702728126171
14274,8.587702728126171
14275,8.587702728126171
14276,8.587702728126171
14277,8.587702728126171
14278,8.587702728126171
14279,8.587702728126171
14280,8.587702728126171
14281,8.587702728126171
14282,8.587702728126171
14283,8.587702728126171
14284,8.587702728126171
14285,8.587702728126171
14286,8.587702728126171
14287,8.587702728126171
14288,8.587702728126171
14289,8.587702728126171
14290,8.587702728126171
14291,8.587702728126171
14292,8.587702728126171
14293,8.587702728126171
14294,8.587702728126171
14295,8.587702728126171
14296,8.587702728126171
14297,8.587702728126171
14298,8.587702728126171
14299,8.587702728126171
14300,8.587702728126171
14301,8.587702728126171
14302,8.587702728126171
14303,8.587702728126171
14304,8.587702728126171
14305,8.587702728126171
14306,8.587702728126171
14307,8.587702728126171
14308,8.587702728126171
14309,8.587702728126171
14310,8.587702728126171
14311,8.587702728126171
14312,8.587702728126171
14313,8.587702728126171
14314,8.587702728126171
14315,8.587702728126171
14316,8.587702728126171
14317,8.587702728126171
14318,8.587702728126171
14319,8.587702728126171
14320,8.587702728126171
14321,8.587702728126171
14322,8.587702728126171
14323,8.587702728126171
14324,8.587702728126171
14325,8.587702728126171
14326,8.587702728126171
14327,8.587702728126171
14328,8.587702728126171
14329,8.587702728126171
14330,8.587702728126171
14331,8.587702728126171
14332,8.587702728126171
14333,8.587702728126171
14334,8.587702728126171
14335,8.587702728126171
14336,8.587702728126171
14337,8.587702728126171
14338,8.587702728126171
14339,8.587702728126171
14340,8.587702728126171
14341,8.587702728126171
14342,8.587702728126171
14343,8.587702728126171
14344,8.587702728126171
14345,8.587702728126171
14346,8.587702728126171
14347,8.587702728126171
14348,8.587702728126171
14349,8.587702728126171
14350,8.587702728126171
14351,8.587702728126171
14352,8.587702728126171
14353,8.587702728126171
14354,8.587702728126171
14355,8.587702728126171
14356,8.587702728126171
14357,8.587702728126171
14358,8.587702728126171
14359,8.587702728126171
14360,8.587702728126171
14361,8.587702728126171
14362,8.587702728126171
14363,8.587702728126171
14364,8.587702728126171
14365,8.587702728126171
14366,8.587702728126171
14367,8.587702728126171
14368,8.587702728126171
14369,8.587702728126171
14370,8.587702728126171
14371,8.587702728126171
14372,8.587702728126171
14373,8.587702728126171
14374,8.587702728126171
14375,8.587702728126171
14376,8.587702728126171
14377,8.587702728126171
14378,8.587702728126171
14379,8.587702728126171
14380,8.587702728126171
14381,8.587702728126171
14382,8.587702728126171
14383,8.587702728126171
14384,8.587702728126171
14385,8.587702728126171
14386,8.587702728126171
14387,8.587702728126171
14388,8.587702728126171
14389,8.587702728126171
14390,8.587702728126171
14391,8.587702728126171
14392,8.587702728126171
14393,8.587702728126171
14394,8.587702728126171
14395,8.587702728126171
14396,8.587702728126171
14397,8.587702728126171
14398,8.587702728126171
14399,8.587702728126171
14400,8.587702728126171
14401,8.587702728126171
14402,8.587702728126171
14403,8.587702728126171
14404,8.587702728126171
14405,8.587702728126171
14406,8.587702728126171
14407,8.587702728126171
14408,8.587702728126171
14409,8.587702728126171
14410,8.587702728126171
14411,8.587702728126171
14412,8.587702728126171
14413,8.587702728126171
14414,8.587702728126171
14415,8.587702728126171
14416,8.587702728126171
14417,8.587702728126171
14418,8.587702728126171
14419,8.587702728126171
14420,8.587702728126171
14421,8.587702728126171
14422,8.587702728126171
14423,8.587702728126171
14424,8.587702728126171
14425,8.587702728126171
14426,8.587702728126171
14427,8.587702728126171
14428,8.587702728126171
14429,8.587702728126171
14430,8.587702728126171
14431,8.587702728126171
14432,8.587702728126171
14433,8.587702728126171
14434,8.587702728126171
14435,8.587702728126171
14436,8.587702728126171
14437,8.587702728126171
14438,8.587702728126171
14439,8.587702728126171
14440,8.587702728126171
14441,8.587702728126171
14442,8.587702728126171
14443,8.587702728126171
14444,8.587702728126171
14445,8.587702728126171
14446,8.587702728126171
14447,8.587702728126171
14448,8.587702728126171
14449,8.587702728126171
14450,8.587702728126171
14451,8.587702728126171
14452,8.587702728126171
14453,8.587702728126171
14454,8.587702728126171
14455,8.587702728126171
14456,8.587702728126171
14457,8.587702728126171
14458,8.587702728126171
14459,8.587702728126171
14460,8.587702728126171
14461,8.587702728126171
14462,8.587702728126171
14463,8.587702728126171
14464,8.587702728126171
14465,8.587702728126171
14466,8.587702728126171
14467,8.587702728126171
14468,8.587702728126171
14469,8.587702728126171
14470,8.587702728126171
14471,8.587702728126171
14472,8.587702728126171
14473,8.587702728126171
14474,8.587702728126171
14475,8.587702728126171
14476,8.587702728126171
14477,8.587702728126171
14478,8.587702728126171
14479,8.587702728126171
14480,8.587702728126171
14481,8.587702728126171
14482,8.587702728126171
14483,8.587702728126171
14484,8.587702728126171
14485,8.587702728126171
14486,8.587702728126171
14487,8.587702728126171
14488,8.587702728126171
14489,8.587702728126171
14490,8.587702728126171
14491,8.587702728126171
14492,8.587702728126171
14493,8.587702728126171
14494,8.587702728126171
14495,8.587702728126171
14496,8.587702728126171
14497,8.587702728126171
14498,8.587702728126171
14499,8.587702728126171
14500,8.587702728126171
14501,8.587702728126171
14502,8.587702728126171
14503,8.587702728126171
14504,8.587702728126171
14505,8.587702728126171
14506,8.587702728126171
14507,8.587702728126171
14508,8.587702728126171
14509,8.587702728126171
14510,8.587702728126171
14511,8.587702728126171
14512,8.587702728126171
14513,8.587702728126171
14514,8.587702728126171
14515,8.587702728126171
14516,8.587702728126171
14517,8.587702728126171
14518,8.587702728126171
14519,8.587702728126171
14520,8.587702728126171
14521,8.587702728126171
14522,8.587702728126171
14523,8.587702728126171
14524,8.587702728126171
14525,8.587702728126171
14526,8.587702728126171
14527,8.587702728126171
14528,8.587702728126171
14529,8.587702728126171
14530,8.587702728126171
14531,8.587702728126171
14532,8.587702728126171
14533,8.587702728126171
14534,8.587702728126171
14535,8.587702728126171
14536,8.587702728126171
14537,8.587702728126171
14538,8.587702728126171
14539,8.587702728126171
14540,8.587702728126171
14541,8.587702728126171
14542,8.587702728126171
14543,8.587702728126171
14544,8.587702728126171
14545,8.587702728126171
14546,8.587702728126171
14547,8.587702728126171
14548,8.587702728126171
14549,8.587702728126171
14550,8.587702728126171
14551,8.587702728126171
14552,8.587702728126171
14553,8.587702728126171
14554,8.587702728126171
14555,8.587702728126171
14556,8.587702728126171
14557,8.587702728126171
14558,8.587702728126171
14559,8.587702728126171
14560,8.587702728126171
14561,8.587702728126171
14562,8.587702728126171
14563,8.587702728126171
14564,8.587702728126171
14565,8.587702728126171
14566,8.587702728126171
14567,8.587702728126171
14568,8.587702728126171
14569,8.587702728126171
14570,8.587702728126171
14571,8.587702728126171
14572,8.587702728126171
14573,8.587702728126171
14574,8.587702728126171
14575,8.587702728126171
14576,8.587702728126171
14577,8.587702728126171
14578,8.587702728126171
14579,8.587702728126171
14580,8.587702728126171
14581,8.587702728126171
14582,8.587702728126171
14583,8.587702728126171
14584,8.587702728126171
14585,8.587702728126171
14586,8.587702728126171
14587,8.587702728126171
14588,8.587702728126171
14589,8.587702728126171
14590,8.587702728126171
14591,8.587702728126171
14592,8.587702728126171
14593,8.587702728126171
14594,8.587702728126171
14595,8.587702728126171
14596,8.587702728126171
14597,8.587702728126171
14598,8.587702728126171
14599,8.587702728126171
14600,8.587702728126171
14601,8.587702728126171
14602,8.587702728126171
14603,8.587702728126171
14604,8.587702728126171
14605,8.587702728126171
14606,8.587702728126171
14607,8.587702728126171
14608,8.587702728126171
14609,8.587702728126171
14610,8.587702728126171
14611,8.587702728126171
14612,8.587702728126171
14613,8.587702728126171
14614,8.587702728126171
14615,8.587702728126171
14616,8.587702728126171
14617,8.587702728126171
14618,8.587702728126171
14619,8.587702728126171
14620,8.587702728126171
14621,8.587702728126171
14622,8.587702728126171
14623,8.587702728126171
14624,8.587702728126171
14625,8.587702728126171
14626,8.587702728126171
14627,8.587702728126171
14628,8.587702728126171
14629,8.587702728126171
14630,8.587702728126171
14631,8.587702728126171
14632,8.587702728126171
14633,8.587702728126171
14634,8.587702728126171
14635,8.587702728126171
14636,8.587702728126171
14637,8.587702728126171
14638,8.587702728126171
14639,8.587702728126171
14640,8.587702728126171
14641,8.587702728126171
14642,8.587702728126171
14643,8.587702728126171
14644,8.587702728126171
14645,8.587702728126171
14646,8.587702728126171
14647,8.587702728126171
14648,8.587702728126171
14649,8.587702728126171
14650,8.587702728126171
14651,8.587702728126171
14652,8.587702728126171
14653,8.587702728126171
14654,8.587702728126171
14655,8.587702728126171
14656,8.587702728126171
14657,8.587702728126171
14658,8.587702728126171
14659,8.587702728126171
14660,8.587702728126171
14661,8.587702728126171
14662,8.587702728126171
14663,8.587702728126171
14664,8.587702728126171
14665,8.587702728126171
14666,8.587702728126171
14667,8.587702728126171
14668,8.587702728126171
14669,8.587702728126171
14670,8.587702728126171
14671,8.587702728126171
14672,8.587702728126171
14673,8.587702728126171
14674,8.587702728126171
14675,8.587702728126171
14676,8.587702728126171
14677,8.587702728126171
14678,8.587702728126171
14679,8.587702728126171
14680,8.587702728126171
14681,8.587702728126171
14682,8.587702728126171
14683,8.587702728126171
14684,8.587702728126171
14685,8.587702728126171
14686,8.587702728126171
14687,8.587702728126171
14688,8.587702728126171
14689,8.587702728126171
14690,8.587702728126171
14691,8.587702728126171
14692,8.587702728126171
14693,8.587702728126171
14694,8.587702728126171
14695,8.587702728126171
14696,8.587702728126171
14697,8.587702728126171
14698,8.587702728126171
14699,8.587702728126171
14700,8.587702728126171
14701,8.587702728126171
14702,8.587702728126171
14703,8.587702728126171
14704,8.587702728126171
14705,8.587702728126171
14706,8.587702728126171
14707,8.587702728126171
14708,8.587702728126171
14709,8.587702728126171
14710,8.587702728126171
14711,8.587702728126171
14712,8.587702728126171
14713,8.587702728126171
14714,8.587702728126171
14715,8.587702728126171
14716,8.587702728126171
14717,8.587702728126171
14718,8.587702728126171
14719,8.587702728126171
14720,8.587702728126171
14721,8.587702728126171
14722,8.587702728126171
14723,8.587702728126171
14724,8.587702728126171
14725,8.587702728126171
14726,8.587702728126171
14727,8.587702728126171
14728,8.587702728126171
14729,8.587702728126171
14730,8.587702728126171
14731,8.587702728126171
14732,8.587702728126171
14733,8.587702728126171
14734,8.587702728126171
14735,8.587702728126171
14736,8.587702728126171
14737,8.587702728126171
14738,8.587702728126171
14739,8.587702728126171
14740,8.587702728126171
14741,8.587702728126171
14742,8.587702728126171
14743,8.587702728126171
14744,8.587702728126171
14745,8.587702728126171
14746,8.587702728126171
14747,8.587702728126171
14748,8.587702728126171
14749,8.587702728126171
14750,8.587702728126171
14751,8.587702728126171
14752,8.587702728126171
14753,8.587702728126171
14754,8.587702728126171
14755,8.587702728126171
14756,8.587702728126171
14757,8.587702728126171
14758,8.587702728126171
14759,8.587702728126171
14760,8.587702728126171
14761,8.587702728126171
14762,8.587702728126171
14763,8.587702728126171
14764,8.587702728126171
14765,8.587702728126171
14766,8.587702728126171
14767,8.587702728126171
14768,8.587702728126171
14769,8.587702728126171
14770,8.587702728126171
14771,8.587702728126171
14772,8.587702728126171
14773,8.587702728126171
14774,8.587702728126171
14775,8.587702728126171
14776,8.587702728126171
14777,8.587702728126171
14778,8.587702728126171
14779,8.587702728126171
14780,8.587702728126171
14781,8.587702728126171
14782,8.587702728126171
14783,8.587702728126171
14784,8.587702728126171
14785,8.587702728126171
14786,8.587702728126171
14787,8.587702728126171
14788,8.587702728126171
14789,8.587702728126171
14790,8.587702728126171
14791,8.587702728126171
14792,8.587702728126171
14793,8.587702728126171
14794,8.587702728126171
14795,8.587702728126171
14796,8.587702728126171
14797,8.587702728126171
14798,8.587702728126171
14799,8.587702728126171
14800,8.587702728126171
14801,8.587702728126171
14802,8.587702728126171
14803,8.587702728126171
14804,8.587702728126171
14805,8.587702728126171
14806,8.587702728126171
14807,8.587702728126171
14808,8.587702728126171
14809,8.587702728126171
14810,8.587702728126171
14811,8.587702728126171
14812,8.587702728126171
14813,8.587702728126171
14814,8.587702728126171
14815,8.587702728126171
14816,8.587702728126171
14817,8.587702728126171
14818,8.587702728126171
14819,8.587702728126171
14820,8.587702728126171
14821,8.587702728126171
14822,8.587702728126171
14823,8.587702728126171
14824,8.587702728126171
14825,8.587702728126171
14826,8.587702728126171
14827,8.587702728126171
14828,8.587702728126171
14829,8.587702728126171
14830,8.587702728126171
14831,8.587702728126171
14832,8.587702728126171
14833,8.587702728126171
14834,8.587702728126171
14835,8.587702728126171
14836,8.587702728126171
14837,8.587702728126171
14838,8.587702728126171
14839,8.587702728126171
14840,8.587702728126171
14841,8.587702728126171
14842,8.587702728126171
14843,8.587702728126171
14844,8.587702728126171
14845,8.587702728126171
14846,8.587702728126171
14847,8.587702728126171
14848,8.587702728126171
14849,8.587702728126171
14850,8.587702728126171
14851,8.587702728126171
14852,8.587702728126171
14853,8.587702728126171
14854,8.587702728126171
14855,8.587702728126171
14856,8.587702728126171
14857,8.587702728126171
14858,8.587702728126171
14859,8.587702728126171
14860,8.587702728126171
14861,8.587702728126171
14862,8.587702728126171
14863,8.587702728126171
14864,8.587702728126171
14865,8.587702728126171
14866,8.587702728126171
14867,8.587702728126171
14868,8.587702728126171
14869,8.587702728126171
14870,8.587702728126171
14871,8.587702728126171
14872,8.587702728126171
14873,8.587702728126171
14874,8.587702728126171
14875,8.587702728126171
14876,8.587702728126171
14877,8.587702728126171
14878,8.587702728126171
14879,8.587702728126171
14880,8.587702728126171
14881,8.587702728126171
14882,8.587702728126171
14883,8.587702728126171
14884,8.587702728126171
14885,8.587702728126171
14886,8.587702728126171
14887,8.587702728126171
14888,8.587702728126171
14889,8.587702728126171
14890,8.587702728126171
14891,8.587702728126171
14892,8.587702728126171
14893,8.587702728126171
14894,8.587702728126171
14895,8.587702728126171
14896,8.587702728126171
14897,8.587702728126171
14898,8.587702728126171
14899,8.587702728126171
14900,8.587702728126171
14901,8.587702728126171
14902,8.587702728126171
14903,8.587702728126171
14904,8.587702728126171
14905,8.587702728126171
14906,8.587702728126171
14907,8.587702728126171
14908,8.587702728126171
14909,8.587702728126171
14910,8.587702728126171
14911,8.587702728126171
14912,8.587702728126171
14913,8.587702728126171
14914,8.587702728126171
14915,8.587702728126171
14916,8.587702728126171
14917,8.587702728126171
14918,8.587702728126171
14919,8.587702728126171
14920,8.587702728126171
14921,8.587702728126171
14922,8.587702728126171
14923,8.587702728126171
14924,8.587702728126171
14925,8.587702728126171
14926,8.587702728126171
14927,8.587702728126171
14928,8.587702728126171
14929,8.587702728126171
14930,8.587702728126171
14931,8.587702728126171
14932,8.587702728126171
14933,8.587702728126171
14934,8.587702728126171
14935,8.587702728126171
14936,8.587702728126171
14937,8.587702728126171
14938,8.587702728126171
14939,8.587702728126171
14940,8.587702728126171
14941,8.587702728126171
14942,8.587702728126171
14943,8.587702728126171
14944,8.587702728126171
14945,8.587702728126171
14946,8.587702728126171
14947,8.587702728126171
14948,8.587702728126171
14949,8.587702728126171
14950,8.587702728126171
14951,8.587702728126171
14952,8.587702728126171
14953,8.587702728126171
14954,8.587702728126171
14955,8.587702728126171
14956,8.587702728126171
14957,8.587702728126171
14958,8.587702728126171
14959,8.587702728126171
14960,8.587702728126171
14961,8.587702728126171
14962,8.587702728126171
14963,8.587702728126171
14964,8.587702728126171
14965,8.587702728126171
14966,8.587702728126171
14967,8.587702728126171
14968,8.587702728126171
14969,8.587702728126171
14970,8.587702728126171
14971,8.587702728126171
14972,8.587702728126171
14973,8.587702728126171
14974,8.587702728126171
14975,8.587702728126171
14976,8.587702728126171
14977,8.587702728126171
14978,8.587702728126171
14979,8.587702728126171
14980,8.587702728126171
14981,8.587702728126171
14982,8.587702728126171
14983,8.587702728126171
14984,8.587702728126171
14985,8.587702728126171
14986,8.587702728126171
14987,8.587702728126171
14988,8.587702728126171
14989,8.587702728126171
14990,8.587702728126171
14991,8.587702728126171
14992,8.587702728126171
14993,8.587702728126171
14994,8.587702728126171
14995,8.587702728126171
14996,8.587702728126171
14997,8.587702728126171
14998,8.587702728126171
14999,8.587702728126171
15000,8.587702728126171
15001,8.587702728126171
15002,8.587702728126171
15003,8.587702728126171
15004,8.587702728126171
15005,8.587702728126171
15006,8.587702728126171
15007,8.587702728126171
15008,8.587702728126171
15009,8.587702728126171
15010,8.587702728126171
15011,8.587702728126171
15012,8.587702728126171
15013,8.587702728126171
15014,8.587702728126171
15015,8.587702728126171
15016,8.587702728126171
15017,8.587702728126171
15018,8.587702728126171
15019,8.587702728126171
15020,8.587702728126171
15021,8.587702728126171
15022,8.587702728126171
15023,8.587702728126171
15024,8.587702728126171
15025,8.587702728126171
15026,8.587702728126171
15027,8.587702728126171
15028,8.587702728126171
15029,8.587702728126171
15030,8.587702728126171
15031,8.587702728126171
15032,8.587702728126171
15033,8.587702728126171
15034,8.587702728126171
15035,8.587702728126171
15036,8.587702728126171
15037,8.587702728126171
15038,8.587702728126171
15039,8.587702728126171
15040,8.587702728126171
15041,8.587702728126171
15042,8.587702728126171
15043,8.587702728126171
15044,8.587702728126171
15045,8.587702728126171
15046,8.587702728126171
15047,8.587702728126171
15048,8.587702728126171
15049,8.587702728126171
15050,8.587702728126171
15051,8.587702728126171
15052,8.587702728126171
15053,8.587702728126171
15054,8.587702728126171
15055,8.587702728126171
15056,8.587702728126171
15057,8.587702728126171
15058,8.587702728126171
15059,8.587702728126171
15060,8.587702728126171
15061,8.587702728126171
15062,8.587702728126171
15063,8.587702728126171
15064,8.587702728126171
15065,8.587702728126171
15066,8.587702728126171
15067,8.587702728126171
15068,8.587702728126171
15069,8.587702728126171
15070,8.587702728126171
15071,8.587702728126171
15072,8.587702728126171
15073,8.587702728126171
15074,8.587702728126171
15075,8.587702728126171
15076,8.587702728126171
15077,8.587702728126171
15078,8.587702728126171
15079,8.587702728126171
15080,8.587702728126171
15081,8.587702728126171
15082,8.587702728126171
15083,8.587702728126171
15084,8.587702728126171
15085,8.587702728126171
15086,8.587702728126171
15087,8.587702728126171
15088,8.587702728126171
15089,8.587702728126171
15090,8.587702728126171
15091,8.587702728126171
15092,8.587702728126171
15093,8.587702728126171
15094,8.587702728126171
15095,8.587702728126171
15096,8.587702728126171
15097,8.587702728126171
15098,8.587702728126171
15099,8.587702728126171
15100,8.587702728126171
15101,8.587702728126171
15102,8.587702728126171
15103,8.587702728126171
15104,8.587702728126171
15105,8.587702728126171
15106,8.587702728126171
15107,8.587702728126171
15108,8.587702728126171
15109,8.587702728126171
15110,8.587702728126171
15111,8.587702728126171
15112,8.587702728126171
15113,8.587702728126171
15114,8.587702728126171
15115,8.587702728126171
15116,8.587702728126171
15117,8.587702728126171
15118,8.587702728126171
15119,8.587702728126171
15120,8.587702728126171
15121,8.587702728126171
15122,8.587702728126171
15123,8.587702728126171
15124,8.587702728126171
15125,8.587702728126171
15126,8.587702728126171
15127,8.587702728126171
15128,8.587702728126171
15129,8.587702728126171
15130,8.587702728126171
15131,8.587702728126171
15132,8.587702728126171
15133,8.587702728126171
15134,8.587702728126171
15135,8.587702728126171
15136,8.587702728126171
15137,8.587702728126171
15138,8.587702728126171
15139,8.587702728126171
15140,8.587702728126171
15141,8.587702728126171
15142,8.587702728126171
15143,8.587702728126171
15144,8.587702728126171
15145,8.587702728126171
15146,8.587702728126171
15147,8.587702728126171
15148,8.587702728126171
15149,8.587702728126171
15150,8.587702728126171
15151,8.587702728126171
15152,8.587702728126171
15153,8.587702728126171
15154,8.587702728126171
15155,8.587702728126171
15156,8.587702728126171
15157,8.587702728126171
15158,8.587702728126171
15159,8.587702728126171
15160,8.587702728126171
15161,8.587702728126171
15162,8.587702728126171
15163,8.587702728126171
15164,8.587702728126171
15165,8.587702728126171
15166,8.587702728126171
15167,8.587702728126171
15168,8.587702728126171
15169,8.587702728126171
15170,8.587702728126171
15171,8.587702728126171
15172,8.587702728126171
15173,8.587702728126171
15174,8.587702728126171
15175,8.587702728126171
15176,8.587702728126171
15177,8.587702728126171
15178,8.587702728126171
15179,8.587702728126171
15180,6.679866076973149
15181,6.679866076973149
15182,6.679866076973149
15183,6.679866076973149
15184,6.679866076973149
15185,6.679866076973149
15186,6.679866076973149
15187,6.679866076973149
15188,6.679866076973149
15189,6.679866076973149
15190,6.679866076973149
15191,6.679866076973149
15192,6.679866076973149
15193,6.679866076973149
15194,6.679866076973149
15195,6.679866076973149
15196,6.679866076973149
15197,6.679866076973149
15198,6.679866076973149
15199,6.679866076973149
15200,6.679866076973149
15201,6.679866076973149
15202,6.679866076973149
15203,6.679866076973149
15204,6.679866076973149
15205,6.679866076973149
15206,6.679866076973149
15207,6.679866076973149
15208,6.679866076973149
15209,6.679866076973149
15210,6.679866076973149
15211,6.679866076973149
15212,6.679866076973149
15213,6.679866076973149
15214,6.679866076973149
15215,6.679866076973149
15216,6.679866076973149
15217,6.679866076973149
15218,6.679866076973149
15219,6.679866076973149
15220,6.679866076973149
15221,6.679866076973149
15222,6.679866076973149
15223,6.679866076973149
15224,6.679866076973149
15225,6.679866076973149
15226,6.679866076973149
15227,6.679866076973149
15228,6.679866076973149
15229,6.679866076973149
15230,6.679866076973149
15231,6.679866076973149
15232,6.679866076973149
15233,6.679866076973149
15234,6.679866076973149
15235,6.679866076973149
15236,6.679866076973149
15237,6.679866076973149
15238,6.679866076973149
15239,6.679866076973149
15240,6.679866076973149
15241,6.679866076973149
15242,6.679866076973149
15243,6.679866076973149
15244,6.679866076973149
15245,6.679866076973149
15246,6.679866076973149
15247,6.679866076973149
15248,6.679866076973149
15249,6.679866076973149
15250,6.679866076973149
15251,6.679866076973149
15252,6.679866076973149
15253,6.679866076973149
15254,6.679866076973149
15255,6.679866076973149
15256,6.679866076973149
15257,6.679866076973149
15258,6.679866076973149
15259,6.679866076973149
15260,6.679866076973149
15261,6.679866076973149
15262,6.679866076973149
15263,6.679866076973149
15264,6.679866076973149
15265,6.679866076973149
15266,6.679866076973149
15267,6.679866076973149
15268,6.679866076973149
15269,6.679866076973149
15270,6.679866076973149
15271,6.679866076973149
15272,6.679866076973149
15273,6.679866076973149
15274,6.679866076973149
15275,6.679866076973149
15276,6.679866076973149
15277,6.679866076973149
15278,6.679866076973149
15279,6.679866076973149
15280,6.679866076973149
15281,6.679866076973149
15282,6.679866076973149
15283,6.679866076973149
15284,6.679866076973149
15285,6.679866076973149
15286,6.679866076973149
15287,6.679866076973149
15288,6.679866076973149
15289,6.679866076973149
15290,6.679866076973149
15291,6.679866076973149
15292,6.679866076973149
15293,6.679866076973149
15294,6.679866076973149
15295,6.679866076973149
15296,6.679866076973149
15297,6.679866076973149
15298,6.679866076973149
15299,6.679866076973149
15300,6.679866076973149
15301,6.679866076973149
15302,6.679866076973149
15303,6.679866076973149
15304,6.679866076973149
15305,6.679866076973149
15306,6.679866076973149
15307,6.679866076973149
15308,6.679866076973149
15309,6.679866076973149
15310,6.679866076973149
15311,6.679866076973149
15312,6.679866076973149
15313,6.679866076973149
15314,6.679866076973149
15315,6.679866076973149
15316,6.679866076973149
15317,6.679866076973149
15318,6.679866076973149
15319,6.679866076973149
15320,6.679866076973149
15321,6.679866076973149
15322,6.679866076973149
15323,6.679866076973149
15324,6.679866076973149
15325,6.679866076973149
15326,6.679866076973149
15327,6.679866076973149
15328,6.679866076973149
15329,6.679866076973149
15330,6.679866076973149
15331,6.679866076973149
15332,6.679866076973149
15333,6.679866076973149
15334,6.679866076973149
15335,6.679866076973149
15336,6.679866076973149
15337,6.679866076973149
15338,6.679866076973149
15339,6.679866076973149
15340,6.679866076973149
15341,6.679866076973149
15342,6.679866076973149
15343,6.679866076973149
15344,6.679866076973149
15345,6.679866076973149
15346,6.679866076973149
15347,6.679866076973149
15348,6.679866076973149
15349,6.679866076973149
15350,6.679866076973149
15351,6.679866076973149
15352,6.679866076973149
15353,6.679866076973149
15354,6.679866076973149
15355,6.679866076973149
15356,6.679866076973149
15357,6.679866076973149
15358,6.679866076973149
15359,6.679866076973149
15360,6.679866076973149
15361,6.679866076973149
15362,6.679866076973149
15363,6.679866076973149
15364,6.679866076973149
15365,6.679866076973149
15366,6.679866076973149
15367,6.679866076973149
15368,6.679866076973149
15369,6.679866076973149
15370,6.679866076973149
15371,6.679866076973149
15372,6.679866076973149
15373,6.679866076973149
15374,6.679866076973149
15375,6.679866076973149
15376,6.679866076973149
15377,6.679866076973149
15378,6.679866076973149
15379,6.679866076973149
15380,6.679866076973149
15381,6.679866076973149
15382,6.679866076973149
15383,6.679866076973149
15384,6.679866076973149
15385,6.679866076973149
15386,6.679866076973149
15387,6.679866076973149
15388,6.679866076973149
15389,6.679866076973149
15390,6.679866076973149
15391,6.679866076973149
15392,6.679866076973149
15393,6.679866076973149
15394,6.679866076973149
15395,6.679866076973149
15396,6.679866076973149
15397,6.679866076973149
15398,6.679866076973149
15399,6.679866076973149
15400,6.679866076973149
15401,6.679866076973149
15402,6.679866076973149
15403,6.679866076973149
15404,6.679866076973149
15405,6.679866076973149
15406,6.679866076973149
15407,6.679866076973149
15408,6.679866076973149
15409,6.679866076973149
15410,6.679866076973149
15411,6.679866076973149
15412,6.679866076973149
15413,6.679866076973149
15414,6.679866076973149
15415,6.679866076973149
15416,6.679866076973149
15417,6.679866076973149
15418,6.679866076973149
15419,6.679866076973149
15420,6.679866076973149
15421,6.679866076973149
15422,6.679866076973149
15423,6.679866076973149
15424,6.679866076973149
15425,6.679866076973149
15426,6.679866076973149
15427,6.679866076973149
15428,6.679866076973149
15429,6.679866076973149
15430,6.679866076973149
15431,6.679866076973149
15432,6.679866076973149
15433,6.679866076973149
15434,6.679866076973149
15435,6.679866076973149
15436,6.679866076973149
15437,6.679866076973149
15438,6.679866076973149
15439,6.679866076973149
15440,6.679866076973149
15441,6.679866076973149
15442,6.679866076973149
15443,6.679866076973149
15444,6.679866076973149
15445,6.679866076973149
15446,6.679866076973149
15447,6.679866076973149
15448,6.679866076973149
15449,6.679866076973149
15450,6.679866076973149
15451,6.679866076973149
15452,6.679866076973149
15453,6.679866076973149
15454,6.679866076973149
15455,6.679866076973149
15456,6.679866076973149
15457,6.679866076973149
15458,6.679866076973149
15459,6.679866076973149
15460,6.679866076973149
15461,6.679866076973149
15462,6.679866076973149
15463,6.679866076973149
15464,6.679866076973149
15465,6.679866076973149
15466,6.679866076973149
15467,6.679866076973149
15468,6.679866076973149
15469,6.679866076973149
15470,6.679866076973149
15471,6.679866076973149
15472,6.679866076973149
15473,6.679866076973149
15474,6.679866076973149
15475,6.679866076973149
15476,6.679866076973149
15477,6.679866076973149
15478,6.679866076973149
15479,6.679866076973149
15480,6.679866076973149
15481,6.679866076973149
15482,6.679866076973149
15483,6.679866076973149
15484,6.679866076973149
15485,6.679866076973149
15486,6.679866076973149
15487,6.679866076973149
15488,6.679866076973149
15489,6.679866076973149
15490,6.679866076973149
15491,6.679866076973149
15492,6.679866076973149
15493,6.679866076973149
15494,6.679866076973149
15495,6.679866076973149
15496,6.679866076973149
15497,6.679866076973149
15498,6.679866076973149
15499,6.679866076973149
15500,6.679866076973149
15501,6.679866076973149
15502,6.679866076973149
15503,6.679866076973149
15504,6.679866076973149
15505,6.679866076973149
15506,6.679866076973149
15507,6.679866076973149
15508,6.679866076973149
15509,6.679866076973149
15510,6.679866076973149
15511,6.679866076973149
15512,6.679866076973149
15513,6.679866076973149
15514,6.679866076973149
15515,6.679866076973149
15516,6.679866076973149
15517,6.679866076973149
15518,6.679866076973149
15519,6.679866076973149
15520,6.679866076973149
15521,6.679866076973149
15522,6.679866076973149
15523,6.679866076973149
15524,6.679866076973149
15525,6.679866076973149
15526,6.679866076973149
15527,6.679866076973149
15528,6.679866076973149
15529,6.679866076973149
15530,6.679866076973149
15531,6.679866076973149
15532,6.679866076973149
15533,6.679866076973149
15534,6.679866076973149
15535,6.679866076973149
15536,6.679866076973149
15537,6.679866076973149
15538,6.679866076973149
15539,6.679866076973149
15540,6.679866076973149
15541,6.679866076973149
15542,6.679866076973149
15543,6.679866076973149
15544,6.679866076973149
15545,6.679866076973149
15546,6.679866076973149
15547,6.679866076973149
15548,6.679866076973149
15549,6.679866076973149
15550,6.679866076973149
15551,6.679866076973149
15552,6.679866076973149
15553,6.679866076973149
15554,6.679866076973149
15555,6.679866076973149
15556,6.679866076973149
15557,6.679866076973149
15558,6.679866076973149
15559,6.679866076973149
15560,6.679866076973149
15561,6.679866076973149
15562,6.679866076973149
15563,6.679866076973149
15564,6.679866076973149
15565,6.679866076973149
15566,6.679866076973149
15567,6.679866076973149
15568,6.679866076973149
15569,6.679866076973149
15570,6.679866076973149
15571,6.679866076973149
15572,6.679866076973149
15573,6.679866076973149
15574,6.679866076973149
15575,6.679866076973149
15576,6.679866076973149
15577,6.679866076973149
15578,6.679866076973149
15579,6.679866076973149
15580,6.679866076973149
15581,6.679866076973149
15582,6.679866076973149
15583,6.679866076973149
15584,6.679866076973149
15585,6.679866076973149
15586,6.679866076973149
15587,6.679866076973149
15588,6.679866076973149
15589,6.679866076973149
15590,6.679866076973149
15591,6.679866076973149
15592,6.679866076973149
15593,6.679866076973149
15594,6.679866076973149
15595,6.679866076973149
15596,6.679866076973149
15597,6.679866076973149
15598,6.679866076973149
15599,6.679866076973149
15600,6.679866076973149
15601,6.679866076973149
15602,6.679866076973149
15603,6.679866076973149
15604,6.679866076973149
15605,6.679866076973149
15606,6.679866076973149
15607,6.679866076973149
15608,6.679866076973149
15609,6.679866076973149
15610,6.679866076973149
15611,6.679866076973149
15612,6.679866076973149
15613,6.679866076973149
15614,6.679866076973149
15615,6.679866076973149
15616,6.679866076973149
15617,6.679866076973149
15618,6.679866076973149
15619,6.679866076973149
15620,6.679866076973149
15621,6.679866076973149
15622,6.679866076973149
15623,6.679866076973149
15624,6.679866076973149
15625,6.679866076973149
15626,6.679866076973149
15627,6.679866076973149
15628,6.679866076973149
15629,6.679866076973149
15630,6.679866076973149
15631,6.679866076973149
15632,6.679866076973149
15633,6.679866076973149
15634,6.679866076973149
15635,6.679866076973149
15636,6.679866076973149
15637,6.679866076973149
15638,6.679866076973149
15639,6.679866076973149
15640,6.679866076973149
15641,6.679866076973149
15642,6.679866076973149
15643,6.679866076973149
15644,6.679866076973149
15645,6.679866076973149
15646,6.679866076973149
15647,6.679866076973149
15648,6.679866076973149
15649,6.679866076973149
15650,6.679866076973149
15651,6.679866076973149
15652,6.679866076973149
15653,6.679866076973149
15654,6.679866076973149
15655,6.679866076973149
15656,6.679866076973149
15657,6.679866076973149
15658,6.679866076973149
15659,6.679866076973149
15660,6.679866076973149
15661,6.679866076973149
15662,6.679866076973149
15663,6.679866076973149
15664,6.679866076973149
15665,6.679866076973149
15666,6.679866076973149
15667,6.679866076973149
15668,6.679866076973149
15669,6.679866076973149
15670,6.679866076973149
15671,6.679866076973149
15672,6.679866076973149
15673,6.679866076973149
15674,6.679866076973149
15675,6.679866076973149
15676,6.679866076973149
15677,6.679866076973149
15678,6.679866076973149
15679,6.679866076973149
15680,6.679866076973149
15681,6.679866076973149
15682,6.679866076973149
15683,6.679866076973149
15684,6.679866076973149
15685,6.679866076973149
15686,6.679866076973149
15687,6.679866076973149
15688,6.679866076973149
15689,6.679866076973149
15690,6.679866076973149
15691,6.679866076973149
15692,6.679866076973149
15693,6.679866076973149
15694,6.679866076973149
15695,6.679866076973149
15696,6.679866076973149
15697,6.679866076973149
15698,6.679866076973149
15699,6.679866076973149
15700,6.679866076973149
15701,6.679866076973149
15702,6.679866076973149
15703,6.679866076973149
15704,6.679866076973149
15705,6.679866076973149
15706,6.679866076973149
15707,6.679866076973149
15708,6.679866076973149
15709,6.679866076973149
15710,6.679866076973149
15711,6.679866076973149
15712,6.679866076973149
15713,6.679866076973149
15714,6.679866076973149
15715,6.679866076973149
15716,6.679866076973149
15717,6.679866076973149
15718,6.679866076973149
15719,6.679866076973149
15720,6.679866076973149
15721,6.679866076973149
15722,6.679866076973149
15723,6.679866076973149
15724,6.679866076973149
15725,6.679866076973149
15726,6.679866076973149
15727,6.679866076973149
15728,6.679866076973149
15729,6.679866076973149
15730,6.679866076973149
15731,6.679866076973149
15732,6.679866076973149
15733,6.679866076973149
15734,6.679866076973149
15735,6.679866076973149
15736,6.679866076973149
15737,6.679866076973149
15738,6.679866076973149
15739,6.679866076973149
15740,6.679866076973149
15741,6.679866076973149
15742,6.679866076973149
15743,6.679866076973149
15744,6.679866076973149
15745,6.679866076973149
15746,6.679866076973149
15747,6.679866076973149
15748,6.679866076973149
15749,6.679866076973149
15750,6.679866076973149
15751,6.679866076973149
15752,6.679866076973149
15753,6.679866076973149
15754,6.679866076973149
15755,6.679866076973149
15756,6.679866076973149
15757,6.679866076973149
15758,6.679866076973149
15759,6.679866076973149
15760,6.679866076973149
15761,6.679866076973149
15762,6.679866076973149
15763,6.679866076973149
15764,6.679866076973149
15765,6.679866076973149
15766,6.679866076973149
15767,6.679866076973149
15768,6.679866076973149
15769,6.679866076973149
15770,6.679866076973149
15771,6.679866076973149
15772,6.679866076973149
15773,6.679866076973149
15774,6.679866076973149
15775,6.679866076973149
15776,6.679866076973149
15777,6.679866076973149
15778,6.679866076973149
15779,6.679866076973149
15780,6.679866076973149
15781,6.679866076973149
15782,6.679866076973149
15783,6.679866076973149
15784,6.679866076973149
15785,6.679866076973149
15786,6.679866076973149
15787,6.679866076973149
15788,6.679866076973149
15789,6.679866076973149
15790,6.679866076973149
15791,6.679866076973149
15792,6.679866076973149
15793,6.679866076973149
15794,6.679866076973149
15795,6.679866076973149
15796,6.679866076973149
15797,6.679866076973149
15798,6.679866076973149
15799,6.679866076973149
15800,6.679866076973149
15801,6.679866076973149
15802,6.679866076973149
15803,6.679866076973149
15804,6.679866076973149
15805,6.679866076973149
15806,6.679866076973149
15807,6.679866076973149
15808,6.679866076973149
15809,6.679866076973149
15810,6.679866076973149
15811,6.679866076973149
15812,6.679866076973149
15813,6.679866076973149
15814,6.679866076973149
15815,6.679866076973149
