frame,pupil_norm
1,23.991225273521522
2,23.991225273521522
3,23.991225273521522
4,23.991225273521522
5,23.991225273521522
6,23.991225273521522
7,23.991225273521522
8,23.991225273521522
9,23.991225273521522
10,23.991225273521522
11,23.991225273521522
12,23.991225273521522
13,23.991225273521522
14,23.991225273521522
15,23.991225273521522
16,23.991225273521522
17,23.991225273521522
18,23.991225273521522
19,23.991225273521522
20,23.991225273521522
21,23.991225273521522
22,23.991225273521522
23,23.991225273521522
24,23.991225273521522
25,23.991225273521522
26,23.991225273521522
27,23.991225273521522
28,23.991225273521522
29,23.991225273521522
30,23.991225273521522
31,23.991225273521522
32,23.991225273521522
33,23.991225273521522
34,23.991225273521522
35,23.991225273521522
36,23.991225273521522
37,23.991225273521522
38,23.991225273521522
39,23.991225273521522
40,23.991225273521522
41,23.991225273521522
42,23.991225273521522
43,23.991225273521522
44,23.991225273521522
45,23.991225273521522
46,23.991225273521522
47,23.991225273521522
48,23.991225273521522
49,23.991225273521522
50,23.991225273521522
51,23.991225273521522
52,23.991225273521522
53,23.991225273521522
54,23.991225273521522
55,23.991225273521522
56,23.991225273521522
57,23.991225273521522
58,23.991225273521522
59,23.991225273521522
60,23.991225273521522
61,23.991225273521522
62,23.991225273521522
63,23.991225273521522
64,23.991225273521522
65,23.991225273521522
66,23.991225273521522
67,23.991225273521522
68,23.991225273521522
69,23.991225273521522
70,23.991225273521522
71,23.991225273521522
72,23.991225273521522
73,23.991225273521522
74,23.991225273521522
75,23.991225273521522
76,23.991225273521522
77,23.991225273521522
78,23.991225273521522
79,23.991225273521522
80,23.991225273521522
81,23.991225273521522
82,23.991225273521522
83,23.991225273521522
84,23.991225273521522
85,23.991225273521522
86,23.991225273521522
87,23.991225273521522
88,23.991225273521522
89,23.991225273521522
90,23.991225273521522
91,23.991225273521522
92,23.991225273521522
93,23.991225273521522
94,23.991225273521522
95,23.991225273521522
96,23.991225273521522
97,23.991225273521522
98,23.991225273521522
99,23.991225273521522
100,23.991225273521522
101,23.991225273521522
102,23.991225273521522
103,23.991225273521522
104,23.991225273521522
105,23.991225273521522
106,23.991225273521522
107,23.991225273521522
108,23.991225273521522
109,23.991225273521522
110,23.991225273521522
111,23.991225273521522
112,23.991225273521522
113,23.991225273521522
114,23.991225273521522
115,23.991225273521522
116,23.991225273521522
117,23.991225273521522
118,23.991225273521522
119,23.991225273521522
120,23.991225273521522
121,23.991225273521522
122,23.991225273521522
123,23.991225273521522
124,23.991225273521522
125,23.991225273521522
126,23.991225273521522
127,23.991225273521522
128,23.991225273521522
129,23.991225273521522
130,23.991225273521522
131,23.991225273521522
132,23.991225273521522
133,23.991225273521522
134,23.991225273521522
135,23.991225273521522
136,23.991225273521522
137,23.991225273521522
138,23.991225273521522
139,23.991225273521522
140,23.991225273521522
141,23.991225273521522
142,23.991225273521522
143,23.991225273521522
144,23.991225273521522
145,23.991225273521522
146,23.991225273521522
147,23.991225273521522
148,23.991225273521522
149,23.991225273521522
150,23.991225273521522
151,23.991225273521522
152,23.991225273521522
153,23.991225273521522
154,23.991225273521522
155,23.991225273521522
156,23.991225273521522
157,23.991225273521522
158,23.991225273521522
159,23.991225273521522
160,23.991225273521522
161,23.991225273521522
162,23.991225273521522
163,23.991225273521522
164,23.991225273521522
165,23.991225273521522
166,23.991225273521522
167,23.991225273521522
168,23.991225273521522
169,23.991225273521522
170,23.991225273521522
171,23.991225273521522
172,23.991225273521522
173,23.991225273521522
174,23.991225273521522
175,23.991225273521522
176,23.991225273521522
177,23.991225273521522
178,23.991225273521522
179,23.991225273521522
180,23.991225273521522
181,23.991225273521522
182,23.991225273521522
183,23.991225273521522
184,23.991225273521522
185,23.991225273521522
186,23.991225273521522
187,23.991225273521522
188,23.991225273521522
189,23.991225273521522
190,23.991225273521522
191,23.991225273521522
192,23.991225273521522
193,23.991225273521522
194,23.991225273521522
195,23.991225273521522
196,23.991225273521522
197,23.991225273521522
198,23.991225273521522
199,23.991225273521522
200,23.991225273521522
201,23.991225273521522
202,23.991225273521522
203,23.991225273521522
204,23.991225273521522
205,23.991225273521522
206,23.991225273521522
207,23.991225273521522
208,23.991225273521522
209,23.991225273521522
210,23.991225273521522
211,23.991225273521522
212,23.991225273521522
213,23.991225273521522
214,23.991225273521522
215,23.991225273521522
216,23.991225273521522
217,23.991225273521522
218,23.991225273521522
219,23.991225273521522
220,23.991225273521522
221,23.991225273521522
222,23.991225273521522
223,23.991225273521522
224,23.991225273521522
225,23.991225273521522
226,23.991225273521522
227,23.991225273521522
228,23.991225273521522
229,23.991225273521522
230,23.991225273521522
231,23.991225273521522
232,23.991225273521522
233,23.991225273521522
234,23.991225273521522
235,23.991225273521522
236,23.991225273521522
237,23.991225273521522
238,23.991225273521522
239,23.991225273521522
240,23.991225273521522
241,23.991225273521522
242,23.991225273521522
243,23.991225273521522
244,23.991225273521522
245,23.991225273521522
246,23.991225273521522
247,23.991225273521522
248,23.991225273521522
249,23.991225273521522
250,23.991225273521522
251,23.991225273521522
252,23.991225273521522
253,23.991225273521522
254,23.991225273521522
255,23.991225273521522
256,23.991225273521522
257,23.991225273521522
258,23.991225273521522
259,23.991225273521522
260,23.991225273521522
261,23.991225273521522
262,23.991225273521522
263,23.991225273521522
264,23.991225273521522
265,23.991225273521522
266,23.991225273521522
267,23.991225273521522
268,23.991225273521522
269,23.991225273521522
270,23.991225273521522
271,23.991225273521522
272,23.991225273521522
273,23.991225273521522
274,23.991225273521522
275,23.991225273521522
276,23.991225273521522
277,23.991225273521522
278,23.991225273521522
279,23.991225273521522
280,23.991225273521522
281,23.991225273521522
282,23.991225273521522
283,23.991225273521522
284,23.991225273521522
285,23.991225273521522
286,23.991225273521522
287,23.991225273521522
288,23.991225273521522
289,23.991225273521522
290,23.991225273521522
291,23.991225273521522
292,23.991225273521522
293,23.991225273521522
294,23.991225273521522
295,23.991225273521522
296,23.991225273521522
297,23.991225273521522
298,23.991225273521522
299,23.991225273521522
300,23.991225273521522
301,23.991225273521522
302,23.991225273521522
303,23.991225273521522
304,23.991225273521522
305,23.991225273521522
306,23.991225273521522
307,23.991225273521522
308,23.991225273521522
309,23.991225273521522
310,23.991225273521522
311,23.991225273521522
312,23.991225273521522
313,23.991225273521522
314,23.991225273521522
315,23.991225273521522
316,23.991225273521522
317,23.991225273521522
318,23.991225273521522
319,23.991225273521522
320,23.991225273521522
321,23.991225273521522
322,23.991225273521522
323,23.991225273521522
324,23.991225273521522
325,23.991225273521522
326,23.991225273521522
327,23.991225273521522
328,23.991225273521522
329,23.991225273521522
330,23.991225273521522
331,23.991225273521522
332,23.991225273521522
333,23.991225273521522
334,23.991225273521522
335,23.991225273521522
336,23.991225273521522
337,23.991225273521522
338,23.991225273521522
339,23.991225273521522
340,23.991225273521522
341,23.991225273521522
342,23.991225273521522
343,23.991225273521522
344,23.991225273521522
345,23.991225273521522
346,23.991225273521522
347,23.991225273521522
348,23.991225273521522
349,23.991225273521522
350,23.991225273521522
351,23.991225273521522
352,23.991225273521522
353,23.991225273521522
354,23.991225273521522
355,23.991225273521522
356,23.991225273521522
357,23.991225273521522
358,23.991225273521522
359,23.991225273521522
360,23.991225273521522
361,23.991225273521522
362,23.991225273521522
363,23.991225273521522
364,23.991225273521522
365,64.67149244191285
366,64.67149244191285
367,64.67149244191285
368,64.67149244191285
369,64.67149244191285
370,64.67149244191285
371,64.67149244191285
372,64.67149244191285
373,64.67149244191285
374,64.67149244191285
375,64.67149244191285
376,64.67149244191285
377,64.67149244191285
378,64.67149244191285
379,64.67149244191285
380,64.67149244191285
381,64.67149244191285
382,64.67149244191285
383,64.67149244191285
384,64.67149244191285
385,64.67149244191285
386,64.67149244191285
387,64.67149244191285
388,64.67149244191285
389,64.67149244191285
390,64.67149244191285
391,64.67149244191285
392,64.67149244191285
393,64.67149244191285
394,64.67149244191285
395,64.67149244191285
396,64.67149244191285
397,64.67149244191285
398,64.67149244191285
399,64.67149244191285
400,64.67149244191285
401,64.67149244191285
402,64.67149244191285
403,64.67149244191285
404,64.67149244191285
405,64.67149244191285
406,64.67149244191285
407,64.67149244191285
408,64.67149244191285
409,64.67149244191285
410,64.67149244191285
411,64.67149244191285
412,64.67149244191285
413,64.67149244191285
414,64.67149244191285
415,64.67149244191285
416,64.67149244191285
417,64.67149244191285
418,64.67149244191285
419,64.67149244191285
420,64.67149244191285
421,64.67149244191285
422,64.67149244191285
423,64.67149244191285
424,64.67149244191285
425,64.67149244191285
426,64.67149244191285
427,64.67149244191285
428,64.67149244191285
429,64.67149244191285
430,64.67149244191285
431,64.67149244191285
432,64.67149244191285
433,64.67149244191285
434,64.67149244191285
435,64.67149244191285
436,64.67149244191285
437,64.67149244191285
438,64.67149244191285
439,64.67149244191285
440,64.67149244191285
441,64.67149244191285
442,64.67149244191285
443,64.67149244191285
444,64.67149244191285
445,64.67149244191285
446,64.67149244191285
447,64.67149244191285
448,64.67149244191285
449,64.67149244191285
450,64.67149244191285
451,64.67149244191285
452,64.67149244191285
453,64.67149244191285
454,64.67149244191285
455,64.67149244191285
456,64.67149244191285
457,64.67149244191285
458,64.67149244191285
459,64.67149244191285
460,64.67149244191285
461,64.67149244191285
462,64.67149244191285
463,64.67149244191285
464,64.67149244191285
465,64.67149244191285
466,64.67149244191285
467,64.67149244191285
468,64.67149244191285
469,64.67149244191285
470,64.67149244191285
471,64.67149244191285
472,64.67149244191285
473,64.67149244191285
474,64.67149244191285
475,64.67149244191285
476,64.67149244191285
477,64.67149244191285
478,64.67149244191285
479,64.67149244191285
480,64.67149244191285
481,64.67149244191285
482,64.67149244191285
483,64.67149244191285
484,64.67149244191285
485,64.67149244191285
486,64.67149244191285
487,64.67149244191285
488,64.67149244191285
489,64.67149244191285
490,64.67149244191285
491,64.67149244191285
492,64.67149244191285
493,64.67149244191285
494,64.67149244191285
495,64.67149244191285
496,64.67149244191285
497,64.67149244191285
498,64.67149244191285
499,64.67149244191285
500,64.67149244191285
501,64.67149244191285
502,64.67149244191285
503,64.67149244191285
504,64.67149244191285
505,64.67149244191285
506,64.67149244191285
507,64.67149244191285
508,64.67149244191285
509,64.67149244191285
510,64.67149244191285
511,64.67149244191285
512,64.67149244191285
513,64.67149244191285
514,64.67149244191285
515,64.67149244191285
516,64.67149244191285
517,64.67149244191285
518,64.67149244191285
519,64.67149244191285
520,64.67149244191285
521,64.67149244191285
522,64.67149244191285
523,64.67149244191285
524,64.67149244191285
525,64.67149244191285
526,64.67149244191285
527,64.67149244191285
528,64.67149244191285
529,64.67149244191285
530,64.67149244191285
531,64.67149244191285
532,64.67149244191285
533,64.67149244191285
534,64.67149244191285
535,64.67149244191285
536,64.67149244191285
537,64.67149244191285
538,64.67149244191285
539,64.67149244191285
540,64.67149244191285
541,64.67149244191285
542,64.67149244191285
543,64.67149244191285
544,64.67149244191285
545,64.67149244191285
546,64.67149244191285
547,64.67149244191285
548,64.67149244191285
549,64.67149244191285
550,64.67149244191285
551,64.67149244191285
552,64.67149244191285
553,64.67149244191285
554,64.67149244191285
555,64.67149244191285
556,64.67149244191285
557,64.67149244191285
558,64.67149244191285
559,64.67149244191285
560,64.67149244191285
561,64.67149244191285
562,64.67149244191285
563,64.67149244191285
564,64.67149244191285
565,64.67149244191285
566,64.67149244191285
567,64.67149244191285
568,64.67149244191285
569,64.67149244191285
570,64.67149244191285
571,64.67149244191285
572,64.67149244191285
573,64.67149244191285
574,64.67149244191285
575,64.67149244191285
576,64.67149244191285
577,64.67149244191285
578,64.67149244191285
579,64.67149244191285
580,64.67149244191285
581,64.67149244191285
582,64.67149244191285
583,64.67149244191285
584,64.67149244191285
585,64.67149244191285
586,64.67149244191285
587,64.67149244191285
588,64.67149244191285
589,64.67149244191285
590,64.67149244191285
591,64.67149244191285
592,64.67149244191285
593,64.67149244191285
594,64.67149244191285
595,64.67149244191285
596,64.67149244191285
597,64.67149244191285
598,64.67149244191285
599,64.67149244191285
600,64.67149244191285
601,64.67149244191285
602,64.67149244191285
603,64.67149244191285
604,64.67149244191285
605,64.67149244191285
606,64.67149244191285
607,64.67149244191285
608,64.67149244191285
609,64.67149244191285
610,64.67149244191285
611,64.67149244191285
612,64.67149244191285
613,64.67149244191285
614,64.67149244191285
615,64.67149244191285
616,64.67149244191285
617,64.67149244191285
618,64.67149244191285
619,64.67149244191285
620,64.67149244191285
621,64.67149244191285
622,64.67149244191285
623,64.67149244191285
624,64.67149244191285
625,64.67149244191285
626,64.67149244191285
627,64.67149244191285
628,64.67149244191285
629,64.67149244191285
630,64.67149244191285
631,64.67149244191285
632,64.67149244191285
633,64.67149244191285
634,64.67149244191285
635,64.67149244191285
636,64.67149244191285
637,64.67149244191285
638,64.67149244191285
639,64.67149244191285
640,64.67149244191285
641,64.67149244191285
642,64.67149244191285
643,64.67149244191285
644,64.67149244191285
645,64.67149244191285
646,64.67149244191285
647,64.67149244191285
648,64.67149244191285
649,64.67149244191285
650,64.67149244191285
651,64.67149244191285
652,64.67149244191285
653,64.67149244191285
654,64.67149244191285
655,64.67149244191285
656,64.67149244191285
657,64.67149244191285
658,64.67149244191285
659,64.67149244191285
660,64.67149244191285
661,64.67149244191285
662,64.67149244191285
663,64.67149244191285
664,64.67149244191285
665,64.67149244191285
666,64.67149244191285
667,64.67149244191285
668,64.67149244191285
669,64.67149244191285
670,64.67149244191285
671,64.67149244191285
672,64.67149244191285
673,64.67149244191285
674,64.67149244191285
675,64.67149244191285
676,64.67149244191285
677,64.67149244191285
678,64.67149244191285
679,64.67149244191285
680,64.67149244191285
681,64.67149244191285
682,64.67149244191285
683,64.67149244191285
684,64.67149244191285
685,64.67149244191285
686,64.67149244191285
687,64.67149244191285
688,64.67149244191285
689,64.67149244191285
690,64.67149244191285
691,64.67149244191285
692,64.67149244191285
693,64.67149244191285
694,64.67149244191285
695,64.67149244191285
696,64.67149244191285
697,64.67149244191285
698,64.67149244191285
699,64.67149244191285
700,64.67149244191285
701,64.67149244191285
702,64.67149244191285
703,64.67149244191285
704,64.67149244191285
705,64.67149244191285
706,64.67149244191285
707,64.67149244191285
708,64.67149244191285
709,64.67149244191285
710,64.67149244191285
711,64.67149244191285
712,64.67149244191285
713,64.67149244191285
714,64.67149244191285
715,64.67149244191285
716,64.67149244191285
717,64.67149244191285
718,64.67149244191285
719,64.67149244191285
720,64.67149244191285
721,64.67149244191285
722,64.67149244191285
723,64.67149244191285
724,64.67149244191285
725,64.67149244191285
726,64.67149244191285
727,64.67149244191285
728,64.67149244191285
729,64.67149244191285
730,64.67149244191285
731,64.67149244191285
732,64.67149244191285
733,64.67149244191285
734,64.67149244191285
735,64.67149244191285
736,64.67149244191285
737,64.67149244191285
738,64.67149244191285
739,64.67149244191285
740,64.67149244191285
741,64.67149244191285
742,64.67149244191285
743,64.67149244191285
744,64.67149244191285
745,64.67149244191285
746,64.67149244191285
747,64.67149244191285
748,64.67149244191285
749,64.67149244191285
750,64.67149244191285
751,64.67149244191285
752,64.67149244191285
753,64.67149244191285
754,64.67149244191285
755,64.67149244191285
756,64.67149244191285
757,64.67149244191285
758,64.67149244191285
759,64.67149244191285
760,64.67149244191285
761,64.67149244191285
762,64.67149244191285
763,64.67149244191285
764,64.67149244191285
765,64.67149244191285
766,64.67149244191285
767,64.67149244191285
768,64.67149244191285
769,64.67149244191285
770,64.67149244191285
771,64.67149244191285
772,64.67149244191285
773,64.67149244191285
774,64.67149244191285
775,64.67149244191285
776,64.67149244191285
777,64.67149244191285
778,64.67149244191285
779,64.67149244191285
780,64.67149244191285
781,64.67149244191285
782,64.67149244191285
783,64.67149244191285
784,64.67149244191285
785,64.67149244191285
786,64.67149244191285
787,64.67149244191285
788,64.67149244191285
789,64.67149244191285
790,64.67149244191285
791,64.67149244191285
792,64.67149244191285
793,64.67149244191285
794,64.67149244191285
795,64.67149244191285
796,64.67149244191285
797,64.67149244191285
798,64.67149244191285
799,64.67149244191285
800,64.67149244191285
801,64.67149244191285
802,64.67149244191285
803,64.67149244191285
804,64.67149244191285
805,64.67149244191285
806,64.67149244191285
807,64.67149244191285
808,64.67149244191285
809,64.67149244191285
810,64.67149244191285
811,64.67149244191285
812,64.67149244191285
813,64.67149244191285
814,64.67149244191285
815,64.67149244191285
816,64.67149244191285
817,64.67149244191285
818,64.67149244191285
819,64.67149244191285
820,64.67149244191285
821,64.67149244191285
822,64.67149244191285
823,64.67149244191285
824,64.67149244191285
825,64.67149244191285
826,64.67149244191285
827,64.67149244191285
828,64.67149244191285
829,64.67149244191285
830,64.67149244191285
831,64.67149244191285
832,64.67149244191285
833,64.67149244191285
834,64.67149244191285
835,64.67149244191285
836,64.67149244191285
837,64.67149244191285
838,64.67149244191285
839,64.67149244191285
840,64.67149244191285
841,64.67149244191285
842,64.67149244191285
843,64.67149244191285
844,64.67149244191285
845,64.67149244191285
846,64.67149244191285
847,64.67149244191285
848,64.67149244191285
849,64.67149244191285
850,64.67149244191285
851,64.67149244191285
852,64.67149244191285
853,64.67149244191285
854,64.67149244191285
855,64.67149244191285
856,64.67149244191285
857,64.67149244191285
858,64.67149244191285
859,64.67149244191285
860,64.67149244191285
861,64.67149244191285
862,64.67149244191285
863,64.67149244191285
864,64.67149244191285
865,64.67149244191285
866,64.67149244191285
867,64.67149244191285
868,64.67149244191285
869,64.67149244191285
870,64.67149244191285
871,64.67149244191285
872,64.67149244191285
873,64.67149244191285
874,64.67149244191285
875,64.67149244191285
876,64.67149244191285
877,64.67149244191285
878,64.67149244191285
879,64.67149244191285
880,64.67149244191285
881,64.67149244191285
882,64.67149244191285
883,64.67149244191285
884,64.67149244191285
885,64.67149244191285
886,64.67149244191285
887,64.67149244191285
888,64.67149244191285
889,64.67149244191285
890,64.67149244191285
891,64.67149244191285
892,64.67149244191285
893,64.67149244191285
894,64.67149244191285
895,64.67149244191285
896,64.67149244191285
897,64.67149244191285
898,64.67149244191285
899,64.67149244191285
900,64.67149244191285
901,64.67149244191285
902,64.67149244191285
903,64.67149244191285
904,64.67149244191285
905,64.67149244191285
906,64.67149244191285
907,64.67149244191285
908,64.67149244191285
909,64.67149244191285
910,64.67149244191285
911,64.67149244191285
912,64.67149244191285
913,64.67149244191285
914,64.67149244191285
915,64.67149244191285
916,64.67149244191285
917,64.67149244191285
918,64.67149244191285
919,64.67149244191285
920,64.67149244191285
921,64.67149244191285
922,64.67149244191285
923,64.67149244191285
924,64.67149244191285
925,64.67149244191285
926,64.67149244191285
927,64.67149244191285
928,64.67149244191285
929,64.67149244191285
930,64.67149244191285
931,64.67149244191285
932,64.67149244191285
933,64.67149244191285
934,64.67149244191285
935,64.67149244191285
936,64.67149244191285
937,64.67149244191285
938,64.67149244191285
939,64.67149244191285
940,64.67149244191285
941,64.67149244191285
942,64.67149244191285
943,64.67149244191285
944,64.67149244191285
945,64.67149244191285
946,64.67149244191285
947,64.67149244191285
948,64.67149244191285
949,64.67149244191285
950,64.67149244191285
951,64.67149244191285
952,64.67149244191285
953,64.67149244191285
954,64.67149244191285
955,64.67149244191285
956,64.67149244191285
957,64.67149244191285
958,64.67149244191285
959,64.67149244191285
960,64.67149244191285
961,64.67149244191285
962,64.67149244191285
963,64.67149244191285
964,64.67149244191285
965,64.67149244191285
966,64.67149244191285
967,64.67149244191285
968,64.67149244191285
969,64.67149244191285
970,64.67149244191285
971,64.67149244191285
972,64.67149244191285
973,64.67149244191285
974,64.67149244191285
975,64.67149244191285
976,64.67149244191285
977,64.67149244191285
978,64.67149244191285
979,64.67149244191285
980,64.67149244191285
981,64.67149244191285
982,64.67149244191285
983,64.67149244191285
984,64.67149244191285
985,64.67149244191285
986,64.67149244191285
987,64.67149244191285
988,64.67149244191285
989,64.67149244191285
990,64.67149244191285
991,64.67149244191285
992,64.67149244191285
993,64.67149244191285
994,64.67149244191285
995,64.67149244191285
996,64.67149244191285
997,64.67149244191285
998,64.67149244191285
999,64.67149244191285
1000,64.67149244191285
1001,64.67149244191285
1002,64.67149244191285
1003,64.67149244191285
1004,64.67149244191285
1005,64.67149244191285
1006,64.67149244191285
1007,64.67149244191285
1008,64.67149244191285
1009,64.67149244191285
1010,64.67149244191285
1011,64.67149244191285
1012,64.67149244191285
1013,64.67149244191285
1014,64.67149244191285
1015,64.67149244191285
1016,64.67149244191285
1017,64.67149244191285
1018,64.67149244191285
1019,64.67149244191285
1020,64.67149244191285
1021,64.67149244191285
1022,64.67149244191285
1023,64.67149244191285
1024,64.67149244191285
1025,64.67149244191285
1026,64.67149244191285
1027,64.67149244191285
1028,64.67149244191285
1029,64.67149244191285
1030,64.67149244191285
1031,64.67149244191285
1032,64.67149244191285
1033,64.67149244191285
1034,64.67149244191285
1035,64.67149244191285
1036,64.67149244191285
1037,64.67149244191285
1038,64.67149244191285
1039,64.67149244191285
1040,64.67149244191285
1041,64.67149244191285
1042,64.67149244191285
1043,64.67149244191285
1044,64.67149244191285
1045,64.67149244191285
1046,64.67149244191285
1047,64.67149244191285
1048,64.67149244191285
1049,64.67149244191285
1050,64.67149244191285
1051,64.67149244191285
1052,64.67149244191285
1053,64.67149244191285
1054,64.67149244191285
1055,64.67149244191285
1056,64.67149244191285
1057,64.67149244191285
1058,64.67149244191285
1059,64.67149244191285
1060,64.67149244191285
1061,64.67149244191285
1062,64.67149244191285
1063,64.67149244191285
1064,64.67149244191285
1065,64.67149244191285
1066,64.67149244191285
1067,64.67149244191285
1068,64.67149244191285
1069,64.67149244191285
1070,64.67149244191285
1071,64.67149244191285
1072,64.67149244191285
1073,64.67149244191285
1074,64.67149244191285
1075,64.67149244191285
1076,64.67149244191285
1077,64.67149244191285
1078,64.67149244191285
1079,64.67149244191285
1080,64.67149244191285
1081,64.67149244191285
1082,64.67149244191285
1083,64.67149244191285
1084,64.67149244191285
1085,64.67149244191285
1086,64.67149244191285
1087,64.67149244191285
1088,64.67149244191285
1089,64.67149244191285
1090,64.67149244191285
1091,64.67149244191285
1092,64.67149244191285
1093,64.67149244191285
1094,64.67149244191285
1095,64.67149244191285
1096,64.67149244191285
1097,64.67149244191285
1098,64.67149244191285
1099,64.67149244191285
1100,64.67149244191285
1101,64.67149244191285
1102,64.67149244191285
1103,64.67149244191285
1104,64.67149244191285
1105,64.67149244191285
1106,64.67149244191285
1107,64.67149244191285
1108,64.67149244191285
1109,64.67149244191285
1110,64.67149244191285
1111,64.67149244191285
1112,64.67149244191285
1113,64.67149244191285
1114,64.67149244191285
1115,64.67149244191285
1116,64.67149244191285
1117,64.67149244191285
1118,64.67149244191285
1119,64.67149244191285
1120,64.67149244191285
1121,64.67149244191285
1122,64.67149244191285
1123,64.67149244191285
1124,64.67149244191285
1125,64.67149244191285
1126,64.67149244191285
1127,64.67149244191285
1128,64.67149244191285
1129,64.67149244191285
1130,64.67149244191285
1131,64.67149244191285
1132,64.67149244191285
1133,64.67149244191285
1134,64.67149244191285
1135,64.67149244191285
1136,64.67149244191285
1137,64.67149244191285
1138,64.67149244191285
1139,64.67149244191285
1140,64.67149244191285
1141,64.67149244191285
1142,64.67149244191285
1143,64.67149244191285
1144,64.67149244191285
1145,64.67149244191285
1146,64.67149244191285
1147,64.67149244191285
1148,64.67149244191285
1149,64.67149244191285
1150,64.67149244191285
1151,64.67149244191285
1152,64.67149244191285
1153,64.67149244191285
1154,64.67149244191285
1155,64.67149244191285
1156,64.67149244191285
1157,64.67149244191285
1158,64.67149244191285
1159,64.67149244191285
1160,64.67149244191285
1161,64.67149244191285
1162,64.67149244191285
1163,64.67149244191285
1164,64.67149244191285
1165,64.67149244191285
1166,64.67149244191285
1167,64.67149244191285
1168,64.67149244191285
1169,64.67149244191285
1170,64.67149244191285
1171,64.67149244191285
1172,64.67149244191285
1173,64.67149244191285
1174,64.67149244191285
1175,64.67149244191285
1176,64.67149244191285
1177,64.67149244191285
1178,64.67149244191285
1179,64.67149244191285
1180,64.67149244191285
1181,64.67149244191285
1182,64.67149244191285
1183,64.67149244191285
1184,64.67149244191285
1185,64.67149244191285
1186,64.67149244191285
1187,64.67149244191285
1188,64.67149244191285
1189,64.67149244191285
1190,64.67149244191285
1191,64.67149244191285
1192,64.67149244191285
1193,64.67149244191285
1194,64.67149244191285
1195,64.67149244191285
1196,64.67149244191285
1197,64.67149244191285
1198,64.67149244191285
1199,5.183567507313202
1200,5.183567507313202
1201,5.183567507313202
1202,5.183567507313202
1203,5.183567507313202
1204,5.183567507313202
1205,5.183567507313202
1206,5.183567507313202
1207,5.183567507313202
1208,5.183567507313202
1209,5.183567507313202
1210,5.183567507313202
1211,5.183567507313202
1212,5.183567507313202
1213,5.183567507313202
1214,5.183567507313202
1215,5.183567507313202
1216,5.183567507313202
1217,5.183567507313202
1218,5.183567507313202
1219,5.183567507313202
1220,5.183567507313202
1221,5.183567507313202
1222,5.183567507313202
1223,5.183567507313202
1224,5.183567507313202
1225,5.183567507313202
1226,5.183567507313202
1227,5.183567507313202
1228,5.183567507313202
1229,5.183567507313202
1230,5.183567507313202
1231,5.183567507313202
1232,5.183567507313202
1233,5.183567507313202
1234,5.183567507313202
1235,5.183567507313202
1236,5.183567507313202
1237,5.183567507313202
1238,5.183567507313202
1239,5.183567507313202
1240,5.183567507313202
1241,5.183567507313202
1242,5.183567507313202
1243,5.183567507313202
1244,5.183567507313202
1245,5.183567507313202
1246,5.183567507313202
1247,5.183567507313202
1248,5.183567507313202
1249,5.183567507313202
1250,5.183567507313202
1251,5.183567507313202
1252,5.183567507313202
1253,5.183567507313202
1254,5.183567507313202
1255,5.183567507313202
1256,5.183567507313202
1257,5.183567507313202
1258,5.183567507313202
1259,5.183567507313202
1260,5.183567507313202
1261,5.183567507313202
1262,5.183567507313202
1263,5.183567507313202
1264,5.183567507313202
1265,5.183567507313202
1266,5.183567507313202
1267,5.183567507313202
1268,5.183567507313202
1269,5.183567507313202
1270,5.183567507313202
1271,5.183567507313202
1272,5.183567507313202
1273,5.183567507313202
1274,5.183567507313202
1275,5.183567507313202
1276,5.183567507313202
1277,5.183567507313202
1278,5.183567507313202
1279,5.183567507313202
1280,5.183567507313202
1281,5.183567507313202
1282,5.183567507313202
1283,5.183567507313202
1284,5.183567507313202
1285,5.183567507313202
1286,5.183567507313202
1287,5.183567507313202
1288,5.183567507313202
1289,5.183567507313202
1290,5.183567507313202
1291,5.183567507313202
1292,5.183567507313202
1293,5.183567507313202
1294,5.183567507313202
1295,5.183567507313202
1296,5.183567507313202
1297,5.183567507313202
1298,5.183567507313202
1299,5.183567507313202
1300,5.183567507313202
1301,5.183567507313202
1302,5.183567507313202
1303,5.183567507313202
1304,5.183567507313202
1305,5.183567507313202
1306,5.183567507313202
1307,5.183567507313202
1308,5.183567507313202
1309,5.183567507313202
1310,5.183567507313202
1311,5.183567507313202
1312,5.183567507313202
1313,5.183567507313202
1314,5.183567507313202
1315,5.183567507313202
1316,5.183567507313202
1317,5.183567507313202
1318,5.183567507313202
1319,5.183567507313202
1320,5.183567507313202
1321,5.183567507313202
1322,5.183567507313202
1323,5.183567507313202
1324,5.183567507313202
1325,5.183567507313202
1326,5.183567507313202
1327,5.183567507313202
1328,5.183567507313202
1329,5.183567507313202
1330,5.183567507313202
1331,5.183567507313202
1332,5.183567507313202
1333,5.183567507313202
1334,5.183567507313202
1335,5.183567507313202
1336,5.183567507313202
1337,5.183567507313202
1338,5.183567507313202
1339,5.183567507313202
1340,5.183567507313202
1341,5.183567507313202
1342,5.183567507313202
1343,5.183567507313202
1344,5.183567507313202
1345,5.183567507313202
1346,5.183567507313202
1347,5.183567507313202
1348,5.183567507313202
1349,5.183567507313202
1350,5.183567507313202
1351,5.183567507313202
1352,5.183567507313202
1353,5.183567507313202
1354,5.183567507313202
1355,5.183567507313202
1356,5.183567507313202
1357,5.183567507313202
1358,5.183567507313202
1359,5.183567507313202
1360,5.183567507313202
1361,5.183567507313202
1362,5.183567507313202
1363,5.183567507313202
1364,5.183567507313202
1365,5.183567507313202
1366,5.183567507313202
1367,5.183567507313202
1368,5.183567507313202
1369,5.183567507313202
1370,5.183567507313202
1371,5.183567507313202
1372,5.183567507313202
1373,5.183567507313202
1374,5.183567507313202
1375,5.183567507313202
1376,5.183567507313202
1377,5.183567507313202
1378,5.183567507313202
1379,5.183567507313202
1380,5.183567507313202
1381,5.183567507313202
1382,5.183567507313202
1383,5.183567507313202
1384,5.183567507313202
1385,5.183567507313202
1386,5.183567507313202
1387,5.183567507313202
1388,5.183567507313202
1389,5.183567507313202
1390,5.183567507313202
1391,5.183567507313202
1392,5.183567507313202
1393,5.183567507313202
1394,5.183567507313202
1395,5.183567507313202
1396,5.183567507313202
1397,5.183567507313202
1398,5.183567507313202
1399,5.183567507313202
1400,5.183567507313202
1401,5.183567507313202
1402,5.183567507313202
1403,5.183567507313202
1404,5.183567507313202
1405,5.183567507313202
1406,5.183567507313202
1407,5.183567507313202
1408,5.183567507313202
1409,5.183567507313202
1410,5.183567507313202
1411,5.183567507313202
1412,5.183567507313202
1413,5.183567507313202
1414,5.183567507313202
1415,5.183567507313202
1416,5.183567507313202
1417,5.183567507313202
1418,5.183567507313202
1419,5.183567507313202
1420,5.183567507313202
1421,5.183567507313202
1422,5.183567507313202
1423,5.183567507313202
1424,5.183567507313202
1425,5.183567507313202
1426,5.183567507313202
1427,5.183567507313202
1428,5.183567507313202
1429,5.183567507313202
1430,5.183567507313202
1431,5.183567507313202
1432,5.183567507313202
1433,5.183567507313202
1434,5.183567507313202
1435,5.183567507313202
1436,5.183567507313202
1437,5.183567507313202
1438,5.183567507313202
1439,5.183567507313202
1440,5.183567507313202
1441,5.183567507313202
1442,5.183567507313202
1443,5.183567507313202
1444,5.183567507313202
1445,5.183567507313202
1446,5.183567507313202
1447,5.183567507313202
1448,5.183567507313202
1449,5.183567507313202
1450,5.183567507313202
1451,5.183567507313202
1452,5.183567507313202
1453,5.183567507313202
1454,5.183567507313202
1455,5.183567507313202
1456,5.183567507313202
1457,5.183567507313202
1458,5.183567507313202
1459,5.183567507313202
1460,5.183567507313202
1461,5.183567507313202
1462,5.183567507313202
1463,5.183567507313202
1464,5.183567507313202
1465,5.183567507313202
1466,5.183567507313202
1467,5.183567507313202
1468,5.183567507313202
1469,5.183567507313202
1470,5.183567507313202
1471,5.183567507313202
1472,5.183567507313202
1473,5.183567507313202
1474,5.183567507313202
1475,5.183567507313202
1476,5.183567507313202
1477,5.183567507313202
1478,5.183567507313202
1479,5.183567507313202
1480,5.183567507313202
1481,5.183567507313202
1482,5.183567507313202
1483,5.183567507313202
1484,5.183567507313202
1485,5.183567507313202
1486,5.183567507313202
1487,5.183567507313202
1488,5.183567507313202
1489,5.183567507313202
1490,5.183567507313202
1491,5.183567507313202
1492,5.183567507313202
1493,5.183567507313202
1494,5.183567507313202
1495,5.183567507313202
1496,5.183567507313202
1497,5.183567507313202
1498,5.183567507313202
1499,5.183567507313202
1500,5.183567507313202
1501,5.183567507313202
1502,5.183567507313202
1503,5.183567507313202
1504,5.183567507313202
1505,5.183567507313202
1506,5.183567507313202
1507,5.183567507313202
1508,5.183567507313202
1509,5.183567507313202
1510,5.183567507313202
1511,5.183567507313202
1512,5.183567507313202
1513,5.183567507313202
1514,5.183567507313202
1515,5.183567507313202
1516,5.183567507313202
1517,5.183567507313202
1518,5.183567507313202
1519,5.183567507313202
1520,5.183567507313202
1521,5.183567507313202
1522,5.183567507313202
1523,5.183567507313202
1524,5.183567507313202
1525,5.183567507313202
1526,5.183567507313202
1527,5.183567507313202
1528,5.183567507313202
1529,5.183567507313202
1530,5.183567507313202
1531,5.183567507313202
1532,5.183567507313202
1533,5.183567507313202
1534,5.183567507313202
1535,5.183567507313202
1536,5.183567507313202
1537,5.183567507313202
1538,5.183567507313202
1539,5.183567507313202
1540,5.183567507313202
1541,5.183567507313202
1542,5.183567507313202
1543,5.183567507313202
1544,5.183567507313202
1545,5.183567507313202
1546,5.183567507313202
1547,5.183567507313202
1548,5.183567507313202
1549,5.183567507313202
1550,5.183567507313202
1551,5.183567507313202
1552,5.183567507313202
1553,5.183567507313202
1554,5.183567507313202
1555,5.183567507313202
1556,5.183567507313202
1557,5.183567507313202
1558,5.183567507313202
1559,5.183567507313202
1560,5.183567507313202
1561,5.183567507313202
1562,5.183567507313202
1563,5.183567507313202
1564,5.183567507313202
1565,5.183567507313202
1566,5.183567507313202
1567,5.183567507313202
1568,5.183567507313202
1569,5.183567507313202
1570,5.183567507313202
1571,5.183567507313202
1572,5.183567507313202
1573,5.183567507313202
1574,5.183567507313202
1575,5.183567507313202
1576,5.183567507313202
1577,5.183567507313202
1578,5.183567507313202
1579,5.183567507313202
1580,5.183567507313202
1581,5.183567507313202
1582,5.183567507313202
1583,5.183567507313202
1584,5.183567507313202
1585,5.183567507313202
1586,5.183567507313202
1587,5.183567507313202
1588,5.183567507313202
1589,5.183567507313202
1590,5.183567507313202
1591,5.183567507313202
1592,5.183567507313202
1593,5.183567507313202
1594,5.183567507313202
1595,5.183567507313202
1596,5.183567507313202
1597,5.183567507313202
1598,5.183567507313202
1599,5.183567507313202
1600,5.183567507313202
1601,5.183567507313202
1602,5.183567507313202
1603,5.183567507313202
1604,5.183567507313202
1605,5.183567507313202
1606,5.183567507313202
1607,5.183567507313202
1608,5.183567507313202
1609,5.183567507313202
1610,5.183567507313202
1611,5.183567507313202
1612,5.183567507313202
1613,5.183567507313202
1614,5.183567507313202
1615,5.183567507313202
1616,5.183567507313202
1617,5.183567507313202
1618,5.183567507313202
1619,5.183567507313202
1620,5.183567507313202
1621,5.183567507313202
1622,5.183567507313202
1623,5.183567507313202
1624,5.183567507313202
1625,5.183567507313202
1626,5.183567507313202
1627,5.183567507313202
1628,5.183567507313202
1629,5.183567507313202
1630,5.183567507313202
1631,5.183567507313202
1632,5.183567507313202
1633,5.183567507313202
1634,5.183567507313202
1635,5.183567507313202
1636,5.183567507313202
1637,5.183567507313202
1638,5.183567507313202
1639,5.183567507313202
1640,5.183567507313202
1641,5.183567507313202
1642,5.183567507313202
1643,5.183567507313202
1644,5.183567507313202
1645,5.183567507313202
1646,5.183567507313202
1647,5.183567507313202
1648,5.183567507313202
1649,5.183567507313202
1650,5.183567507313202
1651,5.183567507313202
1652,5.183567507313202
1653,5.183567507313202
1654,5.183567507313202
1655,5.183567507313202
1656,5.183567507313202
1657,5.183567507313202
1658,5.183567507313202
1659,5.183567507313202
1660,5.183567507313202
1661,5.183567507313202
1662,5.183567507313202
1663,5.183567507313202
1664,5.183567507313202
1665,5.183567507313202
1666,5.183567507313202
1667,5.183567507313202
1668,5.183567507313202
1669,5.183567507313202
1670,5.183567507313202
1671,5.183567507313202
1672,5.183567507313202
1673,5.183567507313202
1674,5.183567507313202
1675,5.183567507313202
1676,5.183567507313202
1677,5.183567507313202
1678,5.183567507313202
1679,5.183567507313202
1680,5.183567507313202
1681,5.183567507313202
1682,5.183567507313202
1683,5.183567507313202
1684,5.183567507313202
1685,5.183567507313202
1686,5.183567507313202
1687,5.183567507313202
1688,5.183567507313202
1689,5.183567507313202
1690,5.183567507313202
1691,5.183567507313202
1692,5.183567507313202
1693,5.183567507313202
1694,5.183567507313202
1695,5.183567507313202
1696,5.183567507313202
1697,5.183567507313202
1698,5.183567507313202
1699,5.183567507313202
1700,5.183567507313202
1701,5.183567507313202
1702,5.183567507313202
1703,5.183567507313202
1704,5.183567507313202
1705,5.183567507313202
1706,5.183567507313202
1707,5.183567507313202
1708,5.183567507313202
1709,5.183567507313202
1710,5.183567507313202
1711,5.183567507313202
1712,5.183567507313202
1713,5.183567507313202
1714,5.183567507313202
1715,5.183567507313202
1716,5.183567507313202
1717,5.183567507313202
1718,5.183567507313202
1719,5.183567507313202
1720,5.183567507313202
1721,5.183567507313202
1722,5.183567507313202
1723,5.183567507313202
1724,5.183567507313202
1725,5.183567507313202
1726,5.183567507313202
1727,5.183567507313202
1728,5.183567507313202
1729,5.183567507313202
1730,5.183567507313202
1731,5.183567507313202
1732,5.183567507313202
1733,5.183567507313202
1734,5.183567507313202
1735,5.183567507313202
1736,5.183567507313202
1737,5.183567507313202
1738,5.183567507313202
1739,5.183567507313202
1740,5.183567507313202
1741,5.183567507313202
1742,5.183567507313202
1743,5.183567507313202
1744,5.183567507313202
1745,5.183567507313202
1746,5.183567507313202
1747,5.183567507313202
1748,5.183567507313202
1749,5.183567507313202
1750,5.183567507313202
1751,5.183567507313202
1752,5.183567507313202
1753,5.183567507313202
1754,5.183567507313202
1755,5.183567507313202
1756,5.183567507313202
1757,5.183567507313202
1758,5.183567507313202
1759,5.183567507313202
1760,5.183567507313202
1761,5.183567507313202
1762,5.183567507313202
1763,5.183567507313202
1764,5.183567507313202
1765,5.183567507313202
1766,5.183567507313202
1767,5.183567507313202
1768,5.183567507313202
1769,5.183567507313202
1770,5.183567507313202
1771,5.183567507313202
1772,5.183567507313202
1773,5.183567507313202
1774,5.183567507313202
1775,5.183567507313202
1776,5.183567507313202
1777,5.183567507313202
1778,5.183567507313202
1779,5.183567507313202
1780,5.183567507313202
1781,5.183567507313202
1782,5.183567507313202
1783,5.183567507313202
1784,5.183567507313202
1785,5.183567507313202
1786,5.183567507313202
1787,5.183567507313202
1788,5.183567507313202
1789,5.183567507313202
1790,5.183567507313202
1791,5.183567507313202
1792,5.183567507313202
1793,5.183567507313202
1794,5.183567507313202
1795,5.183567507313202
1796,5.183567507313202
1797,5.183567507313202
1798,5.183567507313202
1799,5.183567507313202
1800,5.183567507313202
1801,5.183567507313202
1802,5.183567507313202
1803,5.183567507313202
1804,5.183567507313202
1805,5.183567507313202
1806,5.183567507313202
1807,5.183567507313202
1808,5.183567507313202
1809,5.183567507313202
1810,5.183567507313202
1811,5.183567507313202
1812,5.183567507313202
1813,5.183567507313202
1814,5.183567507313202
1815,5.183567507313202
1816,5.183567507313202
1817,5.183567507313202
1818,5.183567507313202
1819,5.183567507313202
1820,5.183567507313202
1821,5.183567507313202
1822,5.183567507313202
1823,5.183567507313202
1824,5.183567507313202
1825,5.183567507313202
1826,5.183567507313202
1827,5.183567507313202
1828,5.183567507313202
1829,5.183567507313202
1830,5.183567507313202
1831,5.183567507313202
1832,5.183567507313202
1833,5.183567507313202
1834,5.183567507313202
1835,5.183567507313202
1836,5.183567507313202
1837,5.183567507313202
1838,5.183567507313202
1839,5.183567507313202
1840,5.183567507313202
1841,5.183567507313202
1842,5.183567507313202
1843,5.183567507313202
1844,5.183567507313202
1845,5.183567507313202
1846,5.183567507313202
1847,5.183567507313202
1848,5.183567507313202
1849,5.183567507313202
1850,5.183567507313202
1851,5.183567507313202
1852,5.183567507313202
1853,5.183567507313202
1854,5.183567507313202
1855,5.183567507313202
1856,5.183567507313202
1857,5.183567507313202
1858,5.183567507313202
1859,5.183567507313202
1860,5.183567507313202
1861,5.183567507313202
1862,5.183567507313202
1863,5.183567507313202
1864,5.183567507313202
1865,5.183567507313202
1866,5.183567507313202
1867,5.183567507313202
1868,5.183567507313202
1869,5.183567507313202
1870,5.183567507313202
1871,5.183567507313202
1872,5.183567507313202
1873,5.183567507313202
1874,5.183567507313202
1875,5.183567507313202
1876,5.183567507313202
1877,5.183567507313202
1878,5.183567507313202
1879,5.183567507313202
1880,5.183567507313202
1881,5.183567507313202
1882,5.183567507313202
1883,5.183567507313202
1884,5.183567507313202
1885,5.183567507313202
1886,5.183567507313202
1887,5.183567507313202
1888,5.183567507313202
1889,5.183567507313202
1890,5.183567507313202
1891,5.183567507313202
1892,5.183567507313202
1893,5.183567507313202
1894,5.183567507313202
1895,5.183567507313202
1896,5.183567507313202
1897,5.183567507313202
1898,5.183567507313202
1899,5.183567507313202
1900,5.183567507313202
1901,5.183567507313202
1902,5.183567507313202
1903,5.183567507313202
1904,5.183567507313202
1905,5.183567507313202
1906,5.183567507313202
1907,5.183567507313202
1908,5.183567507313202
1909,5.183567507313202
1910,5.183567507313202
1911,5.183567507313202
1912,5.183567507313202
1913,5.183567507313202
1914,5.183567507313202
1915,5.183567507313202
1916,5.183567507313202
1917,5.183567507313202
1918,5.183567507313202
1919,5.183567507313202
1920,5.183567507313202
1921,5.183567507313202
1922,5.183567507313202
1923,5.183567507313202
1924,5.183567507313202
1925,5.183567507313202
1926,5.183567507313202
1927,5.183567507313202
1928,5.183567507313202
1929,5.183567507313202
1930,5.183567507313202
1931,5.183567507313202
1932,5.183567507313202
1933,5.183567507313202
1934,5.183567507313202
1935,5.183567507313202
1936,5.183567507313202
1937,5.183567507313202
1938,5.183567507313202
1939,5.183567507313202
1940,5.183567507313202
1941,5.183567507313202
1942,5.183567507313202
1943,5.183567507313202
1944,5.183567507313202
1945,5.183567507313202
1946,5.183567507313202
1947,5.183567507313202
1948,5.183567507313202
1949,5.183567507313202
1950,5.183567507313202
1951,5.183567507313202
1952,5.183567507313202
1953,5.183567507313202
1954,5.183567507313202
1955,5.183567507313202
1956,5.183567507313202
1957,5.183567507313202
1958,5.183567507313202
1959,5.183567507313202
1960,5.183567507313202
1961,5.183567507313202
1962,5.183567507313202
1963,5.183567507313202
1964,5.183567507313202
1965,5.183567507313202
1966,5.183567507313202
1967,5.183567507313202
1968,5.183567507313202
1969,5.183567507313202
1970,5.183567507313202
1971,5.183567507313202
1972,5.183567507313202
1973,5.183567507313202
1974,5.183567507313202
1975,5.183567507313202
1976,5.183567507313202
1977,5.183567507313202
1978,5.183567507313202
1979,5.183567507313202
1980,5.183567507313202
1981,5.183567507313202
1982,5.183567507313202
1983,5.183567507313202
1984,5.183567507313202
1985,5.183567507313202
1986,5.183567507313202
1987,5.183567507313202
1988,5.183567507313202
1989,5.183567507313202
1990,5.183567507313202
1991,5.183567507313202
1992,5.183567507313202
1993,5.183567507313202
1994,5.183567507313202
1995,5.183567507313202
1996,5.183567507313202
1997,5.183567507313202
1998,5.183567507313202
1999,5.183567507313202
2000,5.183567507313202
2001,5.183567507313202
2002,5.183567507313202
2003,5.183567507313202
2004,5.183567507313202
2005,5.183567507313202
2006,5.183567507313202
2007,5.183567507313202
2008,5.183567507313202
2009,5.183567507313202
2010,5.183567507313202
2011,5.183567507313202
2012,5.183567507313202
2013,5.183567507313202
2014,5.183567507313202
2015,5.183567507313202
2016,5.183567507313202
2017,5.183567507313202
2018,5.183567507313202
2019,5.183567507313202
2020,5.183567507313202
2021,5.183567507313202
2022,5.183567507313202
2023,5.183567507313202
2024,5.183567507313202
2025,5.183567507313202
2026,5.183567507313202
2027,5.183567507313202
2028,5.183567507313202
2029,5.183567507313202
2030,5.183567507313202
2031,5.183567507313202
2032,5.183567507313202
2033,5.183567507313202
2034,5.183567507313202
2035,5.183567507313202
2036,5.183567507313202
2037,5.183567507313202
2038,5.183567507313202
2039,5.183567507313202
2040,5.183567507313202
2041,5.183567507313202
2042,5.183567507313202
2043,5.183567507313202
2044,5.183567507313202
2045,5.183567507313202
2046,5.183567507313202
2047,5.183567507313202
2048,5.183567507313202
2049,5.183567507313202
2050,5.183567507313202
2051,5.183567507313202
2052,5.183567507313202
2053,5.183567507313202
2054,5.183567507313202
2055,5.183567507313202
2056,5.183567507313202
2057,5.183567507313202
2058,5.183567507313202
2059,5.183567507313202
2060,5.183567507313202
2061,5.183567507313202
2062,5.183567507313202
2063,5.183567507313202
2064,5.183567507313202
2065,5.183567507313202
2066,5.183567507313202
2067,5.183567507313202
2068,5.183567507313202
2069,5.183567507313202
2070,5.183567507313202
2071,5.183567507313202
2072,5.183567507313202
2073,5.183567507313202
2074,5.183567507313202
2075,5.183567507313202
2076,5.183567507313202
2077,5.183567507313202
2078,5.183567507313202
2079,5.183567507313202
2080,5.183567507313202
2081,5.183567507313202
2082,5.183567507313202
2083,5.183567507313202
2084,5.183567507313202
2085,5.183567507313202
2086,5.183567507313202
2087,5.183567507313202
2088,5.183567507313202
2089,5.183567507313202
2090,5.183567507313202
2091,5.183567507313202
2092,5.183567507313202
2093,5.183567507313202
2094,5.183567507313202
2095,5.183567507313202
2096,5.183567507313202
2097,5.183567507313202
2098,5.183567507313202
2099,5.183567507313202
2100,5.183567507313202
2101,5.183567507313202
2102,5.183567507313202
2103,5.183567507313202
2104,5.183567507313202
2105,5.183567507313202
2106,5.183567507313202
2107,5.183567507313202
2108,5.183567507313202
2109,5.183567507313202
2110,5.183567507313202
2111,5.183567507313202
2112,5.183567507313202
2113,5.183567507313202
2114,5.183567507313202
2115,5.183567507313202
2116,5.183567507313202
2117,5.183567507313202
2118,5.183567507313202
2119,5.183567507313202
2120,5.183567507313202
2121,5.183567507313202
2122,5.183567507313202
2123,5.183567507313202
2124,5.183567507313202
2125,5.183567507313202
2126,5.183567507313202
2127,5.183567507313202
2128,5.183567507313202
2129,5.183567507313202
2130,5.183567507313202
2131,5.183567507313202
2132,5.183567507313202
2133,5.183567507313202
2134,5.183567507313202
2135,5.183567507313202
2136,5.183567507313202
2137,5.183567507313202
2138,5.183567507313202
2139,5.183567507313202
2140,5.183567507313202
2141,5.183567507313202
2142,5.183567507313202
2143,5.183567507313202
2144,5.183567507313202
2145,5.183567507313202
2146,5.183567507313202
2147,5.183567507313202
2148,5.183567507313202
2149,5.183567507313202
2150,5.183567507313202
2151,5.183567507313202
2152,5.183567507313202
2153,5.183567507313202
2154,5.183567507313202
2155,5.183567507313202
2156,5.183567507313202
2157,5.183567507313202
2158,5.183567507313202
2159,5.183567507313202
2160,5.183567507313202
2161,5.183567507313202
2162,5.183567507313202
2163,5.183567507313202
2164,5.183567507313202
2165,5.183567507313202
2166,5.183567507313202
2167,5.183567507313202
2168,5.183567507313202
2169,5.183567507313202
2170,5.183567507313202
2171,5.183567507313202
2172,5.183567507313202
2173,5.183567507313202
2174,5.183567507313202
2175,5.183567507313202
2176,5.183567507313202
2177,5.183567507313202
2178,5.183567507313202
2179,5.183567507313202
2180,5.183567507313202
2181,5.183567507313202
2182,5.183567507313202
2183,5.183567507313202
2184,5.183567507313202
2185,5.183567507313202
2186,5.183567507313202
2187,5.183567507313202
2188,5.183567507313202
2189,5.183567507313202
2190,5.183567507313202
2191,5.183567507313202
2192,5.183567507313202
2193,5.183567507313202
2194,5.183567507313202
2195,5.183567507313202
2196,5.183567507313202
2197,5.183567507313202
2198,5.183567507313202
2199,5.183567507313202
2200,5.183567507313202
2201,5.183567507313202
2202,5.183567507313202
2203,5.183567507313202
2204,5.183567507313202
2205,5.183567507313202
2206,5.183567507313202
2207,5.183567507313202
2208,5.183567507313202
2209,5.183567507313202
2210,5.183567507313202
2211,5.183567507313202
2212,5.183567507313202
2213,5.183567507313202
2214,5.183567507313202
2215,5.183567507313202
2216,5.183567507313202
2217,5.183567507313202
2218,5.183567507313202
2219,5.183567507313202
2220,5.183567507313202
2221,5.183567507313202
2222,5.183567507313202
2223,5.183567507313202
2224,5.183567507313202
2225,5.183567507313202
2226,5.183567507313202
2227,5.183567507313202
2228,5.183567507313202
2229,5.183567507313202
2230,5.183567507313202
2231,5.183567507313202
2232,5.183567507313202
2233,5.183567507313202
2234,5.183567507313202
2235,5.183567507313202
2236,5.183567507313202
2237,5.183567507313202
2238,5.183567507313202
2239,5.183567507313202
2240,5.183567507313202
2241,5.183567507313202
2242,5.183567507313202
2243,5.183567507313202
2244,5.183567507313202
2245,5.183567507313202
2246,5.183567507313202
2247,5.183567507313202
2248,5.183567507313202
2249,5.183567507313202
2250,5.183567507313202
2251,5.183567507313202
2252,5.183567507313202
2253,5.183567507313202
2254,5.183567507313202
2255,5.183567507313202
2256,5.183567507313202
2257,5.183567507313202
2258,5.183567507313202
2259,5.183567507313202
2260,5.183567507313202
2261,5.183567507313202
2262,5.183567507313202
2263,5.183567507313202
2264,5.183567507313202
2265,5.183567507313202
2266,5.183567507313202
2267,5.183567507313202
2268,5.183567507313202
2269,5.183567507313202
2270,5.183567507313202
2271,5.183567507313202
2272,5.183567507313202
2273,5.183567507313202
2274,5.183567507313202
2275,5.183567507313202
2276,5.183567507313202
2277,5.183567507313202
2278,5.183567507313202
2279,5.183567507313202
2280,5.183567507313202
2281,5.183567507313202
2282,5.183567507313202
2283,5.183567507313202
2284,5.183567507313202
2285,5.183567507313202
2286,5.183567507313202
2287,5.183567507313202
2288,5.183567507313202
2289,5.183567507313202
2290,5.183567507313202
2291,5.183567507313202
2292,5.183567507313202
2293,5.183567507313202
2294,5.183567507313202
2295,5.183567507313202
2296,5.183567507313202
2297,5.183567507313202
2298,5.183567507313202
2299,5.183567507313202
2300,5.183567507313202
2301,5.183567507313202
2302,5.183567507313202
2303,5.183567507313202
2304,5.183567507313202
2305,5.183567507313202
2306,5.183567507313202
2307,5.183567507313202
2308,5.183567507313202
2309,5.183567507313202
2310,5.183567507313202
2311,5.183567507313202
2312,5.183567507313202
2313,5.183567507313202
2314,5.183567507313202
2315,5.183567507313202
2316,5.183567507313202
2317,5.183567507313202
2318,5.183567507313202
2319,5.183567507313202
2320,5.183567507313202
2321,5.183567507313202
2322,5.183567507313202
2323,5.183567507313202
2324,5.183567507313202
2325,5.183567507313202
2326,5.183567507313202
2327,5.183567507313202
2328,5.183567507313202
2329,5.183567507313202
2330,5.183567507313202
2331,5.183567507313202
2332,5.183567507313202
2333,5.183567507313202
2334,5.183567507313202
2335,5.183567507313202
2336,5.183567507313202
2337,5.183567507313202
2338,5.183567507313202
2339,5.183567507313202
2340,5.183567507313202
2341,5.183567507313202
2342,5.183567507313202
2343,5.183567507313202
2344,5.183567507313202
2345,5.183567507313202
2346,5.183567507313202
2347,5.183567507313202
2348,5.183567507313202
2349,5.183567507313202
2350,5.183567507313202
2351,5.183567507313202
2352,5.183567507313202
2353,5.183567507313202
2354,5.183567507313202
2355,5.183567507313202
2356,5.183567507313202
2357,5.183567507313202
2358,5.183567507313202
2359,5.183567507313202
2360,5.183567507313202
2361,5.183567507313202
2362,5.183567507313202
2363,5.183567507313202
2364,5.183567507313202
2365,5.183567507313202
2366,5.183567507313202
2367,5.183567507313202
2368,5.183567507313202
2369,5.183567507313202
2370,5.183567507313202
2371,5.183567507313202
2372,5.183567507313202
2373,5.183567507313202
2374,5.183567507313202
2375,5.183567507313202
2376,5.183567507313202
2377,5.183567507313202
2378,5.183567507313202
2379,5.183567507313202
2380,5.183567507313202
2381,5.183567507313202
2382,5.183567507313202
2383,5.183567507313202
2384,5.183567507313202
2385,5.183567507313202
2386,5.183567507313202
2387,5.183567507313202
2388,5.183567507313202
2389,5.183567507313202
2390,5.183567507313202
2391,5.183567507313202
2392,5.183567507313202
2393,5.183567507313202
2394,5.183567507313202
2395,5.183567507313202
2396,5.183567507313202
2397,5.183567507313202
2398,5.183567507313202
2399,5.183567507313202
2400,5.183567507313202
2401,5.183567507313202
2402,5.183567507313202
2403,5.183567507313202
2404,5.183567507313202
2405,5.183567507313202
2406,5.183567507313202
2407,5.183567507313202
2408,5.183567507313202
2409,5.183567507313202
2410,5.183567507313202
2411,5.183567507313202
2412,5.183567507313202
2413,5.183567507313202
2414,5.183567507313202
2415,5.183567507313202
2416,5.183567507313202
2417,5.183567507313202
2418,5.183567507313202
2419,5.183567507313202
2420,5.183567507313202
2421,5.183567507313202
2422,5.183567507313202
2423,5.183567507313202
2424,5.183567507313202
2425,5.183567507313202
2426,5.183567507313202
2427,5.183567507313202
2428,5.183567507313202
2429,5.183567507313202
2430,5.183567507313202
2431,5.183567507313202
2432,5.183567507313202
2433,5.183567507313202
2434,5.183567507313202
2435,5.183567507313202
2436,5.183567507313202
2437,5.183567507313202
2438,5.183567507313202
2439,5.183567507313202
2440,5.183567507313202
2441,5.183567507313202
2442,5.183567507313202
2443,5.183567507313202
2444,5.183567507313202
2445,5.183567507313202
2446,5.183567507313202
2447,5.183567507313202
2448,5.183567507313202
2449,5.183567507313202
2450,5.183567507313202
2451,5.183567507313202
2452,5.183567507313202
2453,5.183567507313202
2454,5.183567507313202
2455,5.183567507313202
2456,5.183567507313202
2457,5.183567507313202
2458,5.183567507313202
2459,5.183567507313202
2460,5.183567507313202
2461,5.183567507313202
2462,5.183567507313202
2463,5.183567507313202
2464,5.183567507313202
2465,5.183567507313202
2466,5.183567507313202
2467,5.183567507313202
2468,5.183567507313202
2469,5.183567507313202
2470,5.183567507313202
2471,5.183567507313202
2472,5.183567507313202
2473,5.183567507313202
2474,5.183567507313202
2475,5.183567507313202
2476,5.183567507313202
2477,5.183567507313202
2478,5.183567507313202
2479,5.183567507313202
2480,5.183567507313202
2481,5.183567507313202
2482,5.183567507313202
2483,5.183567507313202
2484,5.183567507313202
2485,5.183567507313202
2486,5.183567507313202
2487,5.183567507313202
2488,5.183567507313202
2489,5.183567507313202
2490,5.183567507313202
2491,5.183567507313202
2492,5.183567507313202
2493,5.183567507313202
2494,5.183567507313202
2495,5.183567507313202
2496,5.183567507313202
2497,5.183567507313202
2498,5.183567507313202
2499,5.183567507313202
2500,5.183567507313202
2501,5.183567507313202
2502,5.183567507313202
2503,5.183567507313202
2504,5.183567507313202
2505,5.183567507313202
2506,5.183567507313202
2507,5.183567507313202
2508,5.183567507313202
2509,5.183567507313202
2510,-2.2001796157167313
2511,-2.2001796157167313
2512,-2.2001796157167313
2513,-2.2001796157167313
2514,-2.2001796157167313
2515,-2.2001796157167313
2516,-2.2001796157167313
2517,-2.2001796157167313
2518,-2.2001796157167313
2519,-2.2001796157167313
2520,-2.2001796157167313
2521,-2.2001796157167313
2522,-2.2001796157167313
2523,-2.2001796157167313
2524,-2.2001796157167313
2525,-2.2001796157167313
2526,-2.2001796157167313
2527,-2.2001796157167313
2528,-2.2001796157167313
2529,-2.2001796157167313
2530,-2.2001796157167313
2531,-2.2001796157167313
2532,-2.2001796157167313
2533,-2.2001796157167313
2534,-2.2001796157167313
2535,-2.2001796157167313
2536,-2.2001796157167313
2537,-2.2001796157167313
2538,-2.2001796157167313
2539,-2.2001796157167313
2540,-2.2001796157167313
2541,-2.2001796157167313
2542,-2.2001796157167313
2543,-2.2001796157167313
2544,-2.2001796157167313
2545,-2.2001796157167313
2546,-2.2001796157167313
2547,-2.2001796157167313
2548,-2.2001796157167313
2549,-2.2001796157167313
2550,-2.2001796157167313
2551,-2.2001796157167313
2552,-2.2001796157167313
2553,-2.2001796157167313
2554,-2.2001796157167313
2555,-2.2001796157167313
2556,-2.2001796157167313
2557,-2.2001796157167313
2558,-2.2001796157167313
2559,-2.2001796157167313
2560,-2.2001796157167313
2561,-2.2001796157167313
2562,-2.2001796157167313
2563,-2.2001796157167313
2564,-2.2001796157167313
2565,-2.2001796157167313
2566,-2.2001796157167313
2567,-2.2001796157167313
2568,-2.2001796157167313
2569,-2.2001796157167313
2570,-2.2001796157167313
2571,-2.2001796157167313
2572,-2.2001796157167313
2573,-2.2001796157167313
2574,-2.2001796157167313
2575,-2.2001796157167313
2576,-2.2001796157167313
2577,-2.2001796157167313
2578,-2.2001796157167313
2579,-2.2001796157167313
2580,-2.2001796157167313
2581,-2.2001796157167313
2582,-2.2001796157167313
2583,-2.2001796157167313
2584,-2.2001796157167313
2585,-2.2001796157167313
2586,-2.2001796157167313
2587,-2.2001796157167313
2588,-2.2001796157167313
2589,-2.2001796157167313
2590,-2.2001796157167313
2591,-2.2001796157167313
2592,-2.2001796157167313
2593,-2.2001796157167313
2594,-2.2001796157167313
2595,-2.2001796157167313
2596,-2.2001796157167313
2597,-2.2001796157167313
2598,-2.2001796157167313
2599,-2.2001796157167313
2600,-2.2001796157167313
2601,-2.2001796157167313
2602,-2.2001796157167313
2603,-2.2001796157167313
2604,-2.2001796157167313
2605,-2.2001796157167313
2606,-2.2001796157167313
2607,-2.2001796157167313
2608,-2.2001796157167313
2609,-2.2001796157167313
2610,-2.2001796157167313
2611,-2.2001796157167313
2612,-2.2001796157167313
2613,-2.2001796157167313
2614,-2.2001796157167313
2615,-2.2001796157167313
2616,-2.2001796157167313
2617,-2.2001796157167313
2618,-2.2001796157167313
2619,-2.2001796157167313
2620,-2.2001796157167313
2621,-2.2001796157167313
2622,-2.2001796157167313
2623,-2.2001796157167313
2624,-2.2001796157167313
2625,-2.2001796157167313
2626,-2.2001796157167313
2627,-2.2001796157167313
2628,-2.2001796157167313
2629,-2.2001796157167313
2630,-2.2001796157167313
2631,-2.2001796157167313
2632,-2.2001796157167313
2633,-2.2001796157167313
2634,-2.2001796157167313
2635,-2.2001796157167313
2636,-2.2001796157167313
2637,-2.2001796157167313
2638,-2.2001796157167313
2639,-2.2001796157167313
2640,-2.2001796157167313
2641,-2.2001796157167313
2642,-2.2001796157167313
2643,-2.2001796157167313
2644,-2.2001796157167313
2645,-2.2001796157167313
2646,-2.2001796157167313
2647,-2.2001796157167313
2648,-2.2001796157167313
2649,-2.2001796157167313
2650,-2.2001796157167313
2651,-2.2001796157167313
2652,-2.2001796157167313
2653,-2.2001796157167313
2654,-2.2001796157167313
2655,-2.2001796157167313
2656,-2.2001796157167313
2657,-2.2001796157167313
2658,-2.2001796157167313
2659,-2.2001796157167313
2660,-2.2001796157167313
2661,-2.2001796157167313
2662,-2.2001796157167313
2663,-2.2001796157167313
2664,-2.2001796157167313
2665,-2.2001796157167313
2666,-2.2001796157167313
2667,-2.2001796157167313
2668,-2.2001796157167313
2669,-2.2001796157167313
2670,-2.2001796157167313
2671,-2.2001796157167313
2672,-2.2001796157167313
2673,-2.2001796157167313
2674,-2.2001796157167313
2675,-2.2001796157167313
2676,-2.2001796157167313
2677,-2.2001796157167313
2678,-2.2001796157167313
2679,-2.2001796157167313
2680,-2.2001796157167313
2681,-2.2001796157167313
2682,-2.2001796157167313
2683,-2.2001796157167313
2684,-2.2001796157167313
2685,-2.2001796157167313
2686,-2.2001796157167313
2687,-2.2001796157167313
2688,-2.2001796157167313
2689,-2.2001796157167313
2690,-2.2001796157167313
2691,-2.2001796157167313
2692,-2.2001796157167313
2693,-2.2001796157167313
2694,-2.2001796157167313
2695,-2.2001796157167313
2696,-2.2001796157167313
2697,-2.2001796157167313
2698,-2.2001796157167313
2699,-2.2001796157167313
2700,-2.2001796157167313
2701,-2.2001796157167313
2702,-2.2001796157167313
2703,-2.2001796157167313
2704,-2.2001796157167313
2705,-2.2001796157167313
2706,-2.2001796157167313
2707,-2.2001796157167313
2708,-2.2001796157167313
2709,-2.2001796157167313
2710,-2.2001796157167313
2711,-2.2001796157167313
2712,-2.2001796157167313
2713,-2.2001796157167313
2714,-2.2001796157167313
2715,-2.2001796157167313
2716,-2.2001796157167313
2717,-2.2001796157167313
2718,-2.2001796157167313
2719,-2.2001796157167313
2720,-2.2001796157167313
2721,-2.2001796157167313
2722,-2.2001796157167313
2723,-2.2001796157167313
2724,-2.2001796157167313
2725,-2.2001796157167313
2726,-2.2001796157167313
2727,-2.2001796157167313
2728,-2.2001796157167313
2729,-2.2001796157167313
2730,-2.2001796157167313
2731,-2.2001796157167313
2732,-2.2001796157167313
2733,-2.2001796157167313
2734,-2.2001796157167313
2735,-2.2001796157167313
2736,-2.2001796157167313
2737,-2.2001796157167313
2738,-2.2001796157167313
2739,-2.2001796157167313
2740,-2.2001796157167313
2741,-2.2001796157167313
2742,-2.2001796157167313
2743,-2.2001796157167313
2744,-2.2001796157167313
2745,-2.2001796157167313
2746,-2.2001796157167313
2747,-2.2001796157167313
2748,-2.2001796157167313
2749,-2.2001796157167313
2750,-2.2001796157167313
2751,-2.2001796157167313
2752,-2.2001796157167313
2753,-2.2001796157167313
2754,-2.2001796157167313
2755,-2.2001796157167313
2756,-2.2001796157167313
2757,-2.2001796157167313
2758,-2.2001796157167313
2759,-2.2001796157167313
2760,-2.2001796157167313
2761,-2.2001796157167313
2762,-2.2001796157167313
2763,-2.2001796157167313
2764,-2.2001796157167313
2765,-2.2001796157167313
2766,-2.2001796157167313
2767,-2.2001796157167313
2768,-2.2001796157167313
2769,-2.2001796157167313
2770,-2.2001796157167313
2771,-2.2001796157167313
2772,-2.2001796157167313
2773,-2.2001796157167313
2774,-2.2001796157167313
2775,-2.2001796157167313
2776,-2.2001796157167313
2777,-2.2001796157167313
2778,-2.2001796157167313
2779,-2.2001796157167313
2780,-2.2001796157167313
2781,-2.2001796157167313
2782,-2.2001796157167313
2783,-2.2001796157167313
2784,-2.2001796157167313
2785,-2.2001796157167313
2786,-2.2001796157167313
2787,-2.2001796157167313
2788,-2.2001796157167313
2789,-2.2001796157167313
2790,-2.2001796157167313
2791,-2.2001796157167313
2792,-2.2001796157167313
2793,-2.2001796157167313
2794,-2.2001796157167313
2795,-2.2001796157167313
2796,-2.2001796157167313
2797,-2.2001796157167313
2798,-2.2001796157167313
2799,-2.2001796157167313
2800,-2.2001796157167313
2801,-2.2001796157167313
2802,-2.2001796157167313
2803,-2.2001796157167313
2804,-2.2001796157167313
2805,-2.2001796157167313
2806,-2.2001796157167313
2807,-2.2001796157167313
2808,-2.2001796157167313
2809,-2.2001796157167313
2810,-2.2001796157167313
2811,-2.2001796157167313
2812,-2.2001796157167313
2813,-2.2001796157167313
2814,-2.2001796157167313
2815,-2.2001796157167313
2816,-2.2001796157167313
2817,-2.2001796157167313
2818,-2.2001796157167313
2819,-2.2001796157167313
2820,-2.2001796157167313
2821,-2.2001796157167313
2822,-2.2001796157167313
2823,-2.2001796157167313
2824,-2.2001796157167313
2825,-2.2001796157167313
2826,-2.2001796157167313
2827,-2.2001796157167313
2828,-2.2001796157167313
2829,-2.2001796157167313
2830,-2.2001796157167313
2831,-2.2001796157167313
2832,-2.2001796157167313
2833,-2.2001796157167313
2834,-2.2001796157167313
2835,-2.2001796157167313
2836,-2.2001796157167313
2837,-2.2001796157167313
2838,-2.2001796157167313
2839,-2.2001796157167313
2840,-2.2001796157167313
2841,-2.2001796157167313
2842,-2.2001796157167313
2843,-2.2001796157167313
2844,-2.2001796157167313
2845,-2.2001796157167313
2846,-2.2001796157167313
2847,-2.2001796157167313
2848,-2.2001796157167313
2849,-2.2001796157167313
2850,-2.2001796157167313
2851,-2.2001796157167313
2852,-2.2001796157167313
2853,-2.2001796157167313
2854,-2.2001796157167313
2855,-2.2001796157167313
2856,-2.2001796157167313
2857,-2.2001796157167313
2858,-2.2001796157167313
2859,-2.2001796157167313
2860,-2.2001796157167313
2861,-2.2001796157167313
2862,-2.2001796157167313
2863,-2.2001796157167313
2864,-2.2001796157167313
2865,-2.2001796157167313
2866,-2.2001796157167313
2867,-2.2001796157167313
2868,-2.2001796157167313
2869,-2.2001796157167313
2870,-2.2001796157167313
2871,-2.2001796157167313
2872,-2.2001796157167313
2873,-2.2001796157167313
2874,-2.2001796157167313
2875,-2.2001796157167313
2876,-2.2001796157167313
2877,-2.2001796157167313
2878,-2.2001796157167313
2879,-2.2001796157167313
2880,-2.2001796157167313
2881,-2.2001796157167313
2882,-2.2001796157167313
2883,-2.2001796157167313
2884,-2.2001796157167313
2885,-2.2001796157167313
2886,-2.2001796157167313
2887,-2.2001796157167313
2888,-2.2001796157167313
2889,-2.2001796157167313
2890,-2.2001796157167313
2891,-2.2001796157167313
2892,-2.2001796157167313
2893,-2.2001796157167313
2894,-2.2001796157167313
2895,-2.2001796157167313
2896,-2.2001796157167313
2897,-2.2001796157167313
2898,-2.2001796157167313
2899,-2.2001796157167313
2900,-2.2001796157167313
2901,-2.2001796157167313
2902,-2.2001796157167313
2903,-2.2001796157167313
2904,-2.2001796157167313
2905,-2.2001796157167313
2906,-2.2001796157167313
2907,-2.2001796157167313
2908,-2.2001796157167313
2909,-2.2001796157167313
2910,-2.2001796157167313
2911,-2.2001796157167313
2912,-2.2001796157167313
2913,-2.2001796157167313
2914,-2.2001796157167313
2915,-2.2001796157167313
2916,-2.2001796157167313
2917,-2.2001796157167313
2918,-2.2001796157167313
2919,-2.2001796157167313
2920,-2.2001796157167313
2921,-2.2001796157167313
2922,-2.2001796157167313
2923,-2.2001796157167313
2924,-2.2001796157167313
2925,-2.2001796157167313
2926,-2.2001796157167313
2927,-2.2001796157167313
2928,-2.2001796157167313
2929,-2.2001796157167313
2930,-2.2001796157167313
2931,-2.2001796157167313
2932,-2.2001796157167313
2933,-2.2001796157167313
2934,-2.2001796157167313
2935,-2.2001796157167313
2936,-2.2001796157167313
2937,-2.2001796157167313
2938,-2.2001796157167313
2939,-2.2001796157167313
2940,-2.2001796157167313
2941,-2.2001796157167313
2942,-2.2001796157167313
2943,-2.2001796157167313
2944,-2.2001796157167313
2945,-2.2001796157167313
2946,-2.2001796157167313
2947,-2.2001796157167313
2948,-2.2001796157167313
2949,-2.2001796157167313
2950,-2.2001796157167313
2951,-2.2001796157167313
2952,-2.2001796157167313
2953,-2.2001796157167313
2954,-2.2001796157167313
2955,-2.2001796157167313
2956,-2.2001796157167313
2957,-2.2001796157167313
2958,-2.2001796157167313
2959,-2.2001796157167313
2960,-2.2001796157167313
2961,-2.2001796157167313
2962,-2.2001796157167313
2963,-2.2001796157167313
2964,-2.2001796157167313
2965,-2.2001796157167313
2966,-2.2001796157167313
2967,-2.2001796157167313
2968,-2.2001796157167313
2969,-2.2001796157167313
2970,-2.2001796157167313
2971,-2.2001796157167313
2972,-2.2001796157167313
2973,-2.2001796157167313
2974,-2.2001796157167313
2975,-2.2001796157167313
2976,-2.2001796157167313
2977,-2.2001796157167313
2978,-2.2001796157167313
2979,-2.2001796157167313
2980,-2.2001796157167313
2981,-2.2001796157167313
2982,-2.2001796157167313
2983,-2.2001796157167313
2984,-2.2001796157167313
2985,-2.2001796157167313
2986,-2.2001796157167313
2987,-2.2001796157167313
2988,-2.2001796157167313
2989,-2.2001796157167313
2990,-2.2001796157167313
2991,-2.2001796157167313
2992,-2.2001796157167313
2993,-2.2001796157167313
2994,-2.2001796157167313
2995,-2.2001796157167313
2996,-2.2001796157167313
2997,-2.2001796157167313
2998,-2.2001796157167313
2999,-2.2001796157167313
3000,-2.2001796157167313
3001,-2.2001796157167313
3002,-2.2001796157167313
3003,-2.2001796157167313
3004,-2.2001796157167313
3005,-2.2001796157167313
3006,-2.2001796157167313
3007,-2.2001796157167313
3008,-2.2001796157167313
3009,-11.395034523640799
3010,-11.395034523640799
3011,-11.395034523640799
3012,-11.395034523640799
3013,-11.395034523640799
3014,-11.395034523640799
3015,-11.395034523640799
3016,-11.395034523640799
3017,-11.395034523640799
3018,-11.395034523640799
3019,-11.395034523640799
3020,-11.395034523640799
3021,-11.395034523640799
3022,-11.395034523640799
3023,-11.395034523640799
3024,-11.395034523640799
3025,-11.395034523640799
3026,-11.395034523640799
3027,-11.395034523640799
3028,-11.395034523640799
3029,-11.395034523640799
3030,-11.395034523640799
3031,-11.395034523640799
3032,-11.395034523640799
3033,-11.395034523640799
3034,-11.395034523640799
3035,-11.395034523640799
3036,-11.395034523640799
3037,-11.395034523640799
3038,-11.395034523640799
3039,-11.395034523640799
3040,-11.395034523640799
3041,-11.395034523640799
3042,-11.395034523640799
3043,-11.395034523640799
3044,-11.395034523640799
3045,-11.395034523640799
3046,-11.395034523640799
3047,-11.395034523640799
3048,-11.395034523640799
3049,-11.395034523640799
3050,-11.395034523640799
3051,-11.395034523640799
3052,-11.395034523640799
3053,-11.395034523640799
3054,-11.395034523640799
3055,-11.395034523640799
3056,-11.395034523640799
3057,-11.395034523640799
3058,-11.395034523640799
3059,-11.395034523640799
3060,-11.395034523640799
3061,-11.395034523640799
3062,-11.395034523640799
3063,-11.395034523640799
3064,-11.395034523640799
3065,-11.395034523640799
3066,-11.395034523640799
3067,-11.395034523640799
3068,-11.395034523640799
3069,-11.395034523640799
3070,-11.395034523640799
3071,-11.395034523640799
3072,-11.395034523640799
3073,-11.395034523640799
3074,-11.395034523640799
3075,-11.395034523640799
3076,-11.395034523640799
3077,-11.395034523640799
3078,-11.395034523640799
3079,-11.395034523640799
3080,-11.395034523640799
3081,-11.395034523640799
3082,-11.395034523640799
3083,-11.395034523640799
3084,-11.395034523640799
3085,-11.395034523640799
3086,-11.395034523640799
3087,-11.395034523640799
3088,-11.395034523640799
3089,-11.395034523640799
3090,-11.395034523640799
3091,-11.395034523640799
3092,-11.395034523640799
3093,-11.395034523640799
3094,-11.395034523640799
3095,-11.395034523640799
3096,-11.395034523640799
3097,-11.395034523640799
3098,-11.395034523640799
3099,-11.395034523640799
3100,-11.395034523640799
3101,-11.395034523640799
3102,-11.395034523640799
3103,-11.395034523640799
3104,-11.395034523640799
3105,-11.395034523640799
3106,-11.395034523640799
3107,-11.395034523640799
3108,-11.395034523640799
3109,-11.395034523640799
3110,-11.395034523640799
3111,-11.395034523640799
3112,-11.395034523640799
3113,-11.395034523640799
3114,-11.395034523640799
3115,-11.395034523640799
3116,-11.395034523640799
3117,-11.395034523640799
3118,-11.395034523640799
3119,-11.395034523640799
3120,-11.395034523640799
3121,-11.395034523640799
3122,-11.395034523640799
3123,-11.395034523640799
3124,-11.395034523640799
3125,-11.395034523640799
3126,-11.395034523640799
3127,-11.395034523640799
3128,-11.395034523640799
3129,-11.395034523640799
3130,-11.395034523640799
3131,-11.395034523640799
3132,-11.395034523640799
3133,-11.395034523640799
3134,-11.395034523640799
3135,-11.395034523640799
3136,-11.395034523640799
3137,-11.395034523640799
3138,-11.395034523640799
3139,-11.395034523640799
3140,-11.395034523640799
3141,-11.395034523640799
3142,-11.395034523640799
3143,-11.395034523640799
3144,-11.395034523640799
3145,-11.395034523640799
3146,-11.395034523640799
3147,-11.395034523640799
3148,-11.395034523640799
3149,-11.395034523640799
3150,-11.395034523640799
3151,-11.395034523640799
3152,-11.395034523640799
3153,-11.395034523640799
3154,-11.395034523640799
3155,-11.395034523640799
3156,-11.395034523640799
3157,-11.395034523640799
3158,-11.395034523640799
3159,-11.395034523640799
3160,-11.395034523640799
3161,-11.395034523640799
3162,-11.395034523640799
3163,-11.395034523640799
3164,-11.395034523640799
3165,-11.395034523640799
3166,-11.395034523640799
3167,-11.395034523640799
3168,-11.395034523640799
3169,-11.395034523640799
3170,-11.395034523640799
3171,-11.395034523640799
3172,-11.395034523640799
3173,-11.395034523640799
3174,-11.395034523640799
3175,-11.395034523640799
3176,-11.395034523640799
3177,-11.395034523640799
3178,-11.395034523640799
3179,-11.395034523640799
3180,-11.395034523640799
3181,-11.395034523640799
3182,-11.395034523640799
3183,-11.395034523640799
3184,-11.395034523640799
3185,-11.395034523640799
3186,-11.395034523640799
3187,-11.395034523640799
3188,-11.395034523640799
3189,-11.395034523640799
3190,-11.395034523640799
3191,-11.395034523640799
3192,-11.395034523640799
3193,-11.395034523640799
3194,-11.395034523640799
3195,-11.395034523640799
3196,-11.395034523640799
3197,-11.395034523640799
3198,-11.395034523640799
3199,-11.395034523640799
3200,-11.395034523640799
3201,-11.395034523640799
3202,-11.395034523640799
3203,-11.395034523640799
3204,-11.395034523640799
3205,-11.395034523640799
3206,-11.395034523640799
3207,-11.395034523640799
3208,-11.395034523640799
3209,-11.395034523640799
3210,-11.395034523640799
3211,-11.395034523640799
3212,-11.395034523640799
3213,-11.395034523640799
3214,-11.395034523640799
3215,-11.395034523640799
3216,-11.395034523640799
3217,-11.395034523640799
3218,-11.395034523640799
3219,-11.395034523640799
3220,-11.395034523640799
3221,-11.395034523640799
3222,-11.395034523640799
3223,-11.395034523640799
3224,-11.395034523640799
3225,-11.395034523640799
3226,-11.395034523640799
3227,-11.395034523640799
3228,-11.395034523640799
3229,-11.395034523640799
3230,-11.395034523640799
3231,-11.395034523640799
3232,-11.395034523640799
3233,-11.395034523640799
3234,-11.395034523640799
3235,-11.395034523640799
3236,-11.395034523640799
3237,-11.395034523640799
3238,-11.395034523640799
3239,-11.395034523640799
3240,-11.395034523640799
3241,-11.395034523640799
3242,-11.395034523640799
3243,-11.395034523640799
3244,-11.395034523640799
3245,-11.395034523640799
3246,-11.395034523640799
3247,-11.395034523640799
3248,-11.395034523640799
3249,-11.395034523640799
3250,-11.395034523640799
3251,-11.395034523640799
3252,-11.395034523640799
3253,-11.395034523640799
3254,-11.395034523640799
3255,-11.395034523640799
3256,-11.395034523640799
3257,-11.395034523640799
3258,-11.395034523640799
3259,-11.395034523640799
3260,-11.395034523640799
3261,-11.395034523640799
3262,-11.395034523640799
3263,-11.395034523640799
3264,-11.395034523640799
3265,-11.395034523640799
3266,-11.395034523640799
3267,-11.395034523640799
3268,-11.395034523640799
3269,-11.395034523640799
3270,-11.395034523640799
3271,-11.395034523640799
3272,-11.395034523640799
3273,-11.395034523640799
3274,-11.395034523640799
3275,-11.395034523640799
3276,-11.395034523640799
3277,-11.395034523640799
3278,-11.395034523640799
3279,-11.395034523640799
3280,-11.395034523640799
3281,-11.395034523640799
3282,-11.395034523640799
3283,-11.395034523640799
3284,-11.395034523640799
3285,-11.395034523640799
3286,-11.395034523640799
3287,-11.395034523640799
3288,-11.395034523640799
3289,-11.395034523640799
3290,-11.395034523640799
3291,-11.395034523640799
3292,-11.395034523640799
3293,-11.395034523640799
3294,-11.395034523640799
3295,-11.395034523640799
3296,-11.395034523640799
3297,-11.395034523640799
3298,-11.395034523640799
3299,-11.395034523640799
3300,-11.395034523640799
3301,-11.395034523640799
3302,-11.395034523640799
3303,-11.395034523640799
3304,-11.395034523640799
3305,-11.395034523640799
3306,-11.395034523640799
3307,-11.395034523640799
3308,-11.395034523640799
3309,-11.395034523640799
3310,-11.395034523640799
3311,-11.395034523640799
3312,-11.395034523640799
3313,-11.395034523640799
3314,-11.395034523640799
3315,-11.395034523640799
3316,-11.395034523640799
3317,-11.395034523640799
3318,-11.395034523640799
3319,-11.395034523640799
3320,-11.395034523640799
3321,-11.395034523640799
3322,-11.395034523640799
3323,-11.395034523640799
3324,-11.395034523640799
3325,-11.395034523640799
3326,-11.395034523640799
3327,-11.395034523640799
3328,-11.395034523640799
3329,-11.395034523640799
3330,-11.395034523640799
3331,-11.395034523640799
3332,-11.395034523640799
3333,-11.395034523640799
3334,-11.395034523640799
3335,-11.395034523640799
3336,-11.395034523640799
3337,-11.395034523640799
3338,-11.395034523640799
3339,-11.395034523640799
3340,-11.395034523640799
3341,-11.395034523640799
3342,-11.395034523640799
3343,-11.395034523640799
3344,-11.395034523640799
3345,-11.395034523640799
3346,-11.395034523640799
3347,-11.395034523640799
3348,-11.395034523640799
3349,-11.395034523640799
3350,-11.395034523640799
3351,-11.395034523640799
3352,-11.395034523640799
3353,-11.395034523640799
3354,-11.395034523640799
3355,-11.395034523640799
3356,-11.395034523640799
3357,-11.395034523640799
3358,-11.395034523640799
3359,-11.395034523640799
3360,-11.395034523640799
3361,-11.395034523640799
3362,-11.395034523640799
3363,-11.395034523640799
3364,-11.395034523640799
3365,-11.395034523640799
3366,-11.395034523640799
3367,-11.395034523640799
3368,-11.395034523640799
3369,-11.395034523640799
3370,-11.395034523640799
3371,-11.395034523640799
3372,-11.395034523640799
3373,-11.395034523640799
3374,-11.395034523640799
3375,-11.395034523640799
3376,-11.395034523640799
3377,-11.395034523640799
3378,-11.395034523640799
3379,-11.395034523640799
3380,-11.395034523640799
3381,-11.395034523640799
3382,-11.395034523640799
3383,-11.395034523640799
3384,-11.395034523640799
3385,-11.395034523640799
3386,-11.395034523640799
3387,-11.395034523640799
3388,-11.395034523640799
3389,-11.395034523640799
3390,-11.395034523640799
3391,-11.395034523640799
3392,-11.395034523640799
3393,-11.395034523640799
3394,-11.395034523640799
3395,-11.395034523640799
3396,-11.395034523640799
3397,-11.395034523640799
3398,-11.395034523640799
3399,-11.395034523640799
3400,-11.395034523640799
3401,-11.395034523640799
3402,-11.395034523640799
3403,-11.395034523640799
3404,-11.395034523640799
3405,-11.395034523640799
3406,-11.395034523640799
3407,-11.395034523640799
3408,-11.395034523640799
3409,-11.395034523640799
3410,-11.395034523640799
3411,-11.395034523640799
3412,-11.395034523640799
3413,-11.395034523640799
3414,-11.395034523640799
3415,-11.395034523640799
3416,-11.395034523640799
3417,-11.395034523640799
3418,-11.395034523640799
3419,-11.395034523640799
3420,-11.395034523640799
3421,-11.395034523640799
3422,-11.395034523640799
3423,-11.395034523640799
3424,-11.395034523640799
3425,-11.395034523640799
3426,-11.395034523640799
3427,-11.395034523640799
3428,-11.395034523640799
3429,-11.395034523640799
3430,-11.395034523640799
3431,-11.395034523640799
3432,-11.395034523640799
3433,-11.395034523640799
3434,-11.395034523640799
3435,-11.395034523640799
3436,-11.395034523640799
3437,-11.395034523640799
3438,-11.395034523640799
3439,-11.395034523640799
3440,-11.395034523640799
3441,-11.395034523640799
3442,-11.395034523640799
3443,-11.395034523640799
3444,-11.395034523640799
3445,-11.395034523640799
3446,-11.395034523640799
3447,-11.395034523640799
3448,-11.395034523640799
3449,-11.395034523640799
3450,-11.395034523640799
3451,-11.395034523640799
3452,-11.395034523640799
3453,-11.395034523640799
3454,-11.395034523640799
3455,-11.395034523640799
3456,-11.395034523640799
3457,-11.395034523640799
3458,-11.395034523640799
3459,-11.395034523640799
3460,-11.395034523640799
3461,-11.395034523640799
3462,-11.395034523640799
3463,-11.395034523640799
3464,-11.395034523640799
3465,-11.395034523640799
3466,-11.395034523640799
3467,-11.395034523640799
3468,-11.395034523640799
3469,-11.395034523640799
3470,-11.395034523640799
3471,-11.395034523640799
3472,-11.395034523640799
3473,-11.395034523640799
3474,-11.395034523640799
3475,-11.395034523640799
3476,-11.395034523640799
3477,-11.395034523640799
3478,-11.395034523640799
3479,-11.395034523640799
3480,-11.395034523640799
3481,-11.395034523640799
3482,-11.395034523640799
3483,-11.395034523640799
3484,-11.395034523640799
3485,-11.395034523640799
3486,-11.395034523640799
3487,-11.395034523640799
3488,-11.395034523640799
3489,-11.395034523640799
3490,-11.395034523640799
3491,-11.395034523640799
3492,-11.395034523640799
3493,-11.395034523640799
3494,-11.395034523640799
3495,-11.395034523640799
3496,-11.395034523640799
3497,-11.395034523640799
3498,-11.395034523640799
3499,-11.395034523640799
3500,-11.395034523640799
3501,-11.395034523640799
3502,-11.395034523640799
3503,-11.395034523640799
3504,-11.395034523640799
3505,-11.395034523640799
3506,-11.395034523640799
3507,-11.395034523640799
3508,-11.395034523640799
3509,-11.395034523640799
3510,-11.395034523640799
3511,-11.395034523640799
3512,-11.395034523640799
3513,-11.395034523640799
3514,-11.395034523640799
3515,-11.395034523640799
3516,-11.395034523640799
3517,-11.395034523640799
3518,-11.395034523640799
3519,-11.395034523640799
3520,-11.395034523640799
3521,-11.395034523640799
3522,-11.395034523640799
3523,-11.395034523640799
3524,-11.395034523640799
3525,-11.395034523640799
3526,-11.395034523640799
3527,-11.395034523640799
3528,-11.395034523640799
3529,-11.395034523640799
3530,-11.395034523640799
3531,-11.395034523640799
3532,-11.395034523640799
3533,-11.395034523640799
3534,-11.395034523640799
3535,-11.395034523640799
3536,-11.395034523640799
3537,-11.395034523640799
3538,-11.395034523640799
3539,-11.395034523640799
3540,-11.395034523640799
3541,-11.395034523640799
3542,-11.395034523640799
3543,-11.395034523640799
3544,-11.395034523640799
3545,-11.395034523640799
3546,-11.395034523640799
3547,-11.395034523640799
3548,-11.395034523640799
3549,-11.395034523640799
3550,-11.395034523640799
3551,-11.395034523640799
3552,-11.395034523640799
3553,-11.395034523640799
3554,-11.395034523640799
3555,-11.395034523640799
3556,-11.395034523640799
3557,-11.395034523640799
3558,-11.395034523640799
3559,-11.395034523640799
3560,-11.395034523640799
3561,-11.395034523640799
3562,-11.395034523640799
3563,-11.395034523640799
3564,-11.395034523640799
3565,-11.395034523640799
3566,-11.395034523640799
3567,-11.395034523640799
3568,-11.395034523640799
3569,-11.395034523640799
3570,-11.395034523640799
3571,-11.395034523640799
3572,-11.395034523640799
3573,-11.395034523640799
3574,-11.395034523640799
3575,-11.395034523640799
3576,-11.395034523640799
3577,-11.395034523640799
3578,-11.395034523640799
3579,-11.395034523640799
3580,-11.395034523640799
3581,-11.395034523640799
3582,-11.395034523640799
3583,-11.395034523640799
3584,-11.395034523640799
3585,-11.395034523640799
3586,-11.395034523640799
3587,-11.395034523640799
3588,-11.395034523640799
3589,-11.395034523640799
3590,-11.395034523640799
3591,-11.395034523640799
3592,-11.395034523640799
3593,-11.395034523640799
3594,-11.395034523640799
3595,-11.395034523640799
3596,-11.395034523640799
3597,-11.395034523640799
3598,-11.395034523640799
3599,-11.395034523640799
3600,-11.395034523640799
3601,-11.395034523640799
3602,-11.395034523640799
3603,-11.395034523640799
3604,-11.395034523640799
3605,-11.395034523640799
3606,-11.395034523640799
3607,-11.395034523640799
3608,-11.395034523640799
3609,-11.395034523640799
3610,-11.395034523640799
3611,-11.395034523640799
3612,-11.395034523640799
3613,-11.395034523640799
3614,-11.395034523640799
3615,-11.395034523640799
3616,-11.395034523640799
3617,-11.395034523640799
3618,-11.395034523640799
3619,-11.395034523640799
3620,-11.395034523640799
3621,-11.395034523640799
3622,-11.395034523640799
3623,-11.395034523640799
3624,-11.395034523640799
3625,-11.395034523640799
3626,-11.395034523640799
3627,-11.395034523640799
3628,-11.395034523640799
3629,-11.395034523640799
3630,-11.395034523640799
3631,-11.395034523640799
3632,-11.395034523640799
3633,-11.395034523640799
3634,-11.395034523640799
3635,-11.395034523640799
3636,-11.395034523640799
3637,-11.395034523640799
3638,-11.395034523640799
3639,-11.395034523640799
3640,-11.395034523640799
3641,-11.395034523640799
3642,-11.395034523640799
3643,-11.395034523640799
3644,-11.395034523640799
3645,-11.395034523640799
3646,-11.395034523640799
3647,-11.395034523640799
3648,-11.395034523640799
3649,-11.395034523640799
3650,-11.395034523640799
3651,-11.395034523640799
3652,-11.395034523640799
3653,-11.395034523640799
3654,-11.395034523640799
3655,-11.395034523640799
3656,-11.395034523640799
3657,-11.395034523640799
3658,-11.395034523640799
3659,-11.395034523640799
3660,-11.395034523640799
3661,-11.395034523640799
3662,-11.395034523640799
3663,-11.395034523640799
3664,-11.395034523640799
3665,-11.395034523640799
3666,-11.395034523640799
3667,-11.395034523640799
3668,-11.395034523640799
3669,-11.395034523640799
3670,-11.395034523640799
3671,-11.395034523640799
3672,-11.395034523640799
3673,-11.395034523640799
3674,-11.395034523640799
3675,-11.395034523640799
3676,-11.395034523640799
3677,-11.395034523640799
3678,-11.395034523640799
3679,-11.395034523640799
3680,-11.395034523640799
3681,-11.395034523640799
3682,-11.395034523640799
3683,-11.395034523640799
3684,-11.395034523640799
3685,-11.395034523640799
3686,-11.395034523640799
3687,-11.395034523640799
3688,-11.395034523640799
3689,-11.395034523640799
3690,-11.395034523640799
3691,-11.395034523640799
3692,-11.395034523640799
3693,-11.395034523640799
3694,-11.395034523640799
3695,-11.395034523640799
3696,-11.395034523640799
3697,-11.395034523640799
3698,-11.395034523640799
3699,-11.395034523640799
3700,-11.395034523640799
3701,-11.395034523640799
3702,-11.395034523640799
3703,-11.395034523640799
3704,-11.395034523640799
3705,-11.395034523640799
3706,-11.395034523640799
3707,-11.395034523640799
3708,-11.395034523640799
3709,-11.395034523640799
3710,-11.395034523640799
3711,-11.395034523640799
3712,-11.395034523640799
3713,-11.395034523640799
3714,-11.395034523640799
3715,-11.395034523640799
3716,-11.395034523640799
3717,-11.395034523640799
3718,-11.395034523640799
3719,-11.395034523640799
3720,-11.395034523640799
3721,-11.395034523640799
3722,-11.395034523640799
3723,-11.395034523640799
3724,-11.395034523640799
3725,-11.395034523640799
3726,-11.395034523640799
3727,-11.395034523640799
3728,-11.395034523640799
3729,-11.395034523640799
3730,-11.395034523640799
3731,-11.395034523640799
3732,-11.395034523640799
3733,-11.395034523640799
3734,-11.395034523640799
3735,-11.395034523640799
3736,-11.395034523640799
3737,-11.395034523640799
3738,-11.395034523640799
3739,-11.395034523640799
3740,-11.395034523640799
3741,-11.395034523640799
3742,-11.395034523640799
3743,-11.395034523640799
3744,-11.395034523640799
3745,-11.395034523640799
3746,-11.395034523640799
3747,-11.395034523640799
3748,-11.395034523640799
3749,-11.395034523640799
3750,-11.395034523640799
3751,-11.395034523640799
3752,-11.395034523640799
3753,-11.395034523640799
3754,-11.395034523640799
3755,-11.395034523640799
3756,-11.395034523640799
3757,-11.395034523640799
3758,-11.395034523640799
3759,-11.395034523640799
3760,-11.395034523640799
3761,-11.395034523640799
3762,-11.395034523640799
3763,-11.395034523640799
3764,-11.395034523640799
3765,-11.395034523640799
3766,-11.395034523640799
3767,-11.395034523640799
3768,-11.395034523640799
3769,-11.395034523640799
3770,-11.395034523640799
3771,-11.395034523640799
3772,-11.395034523640799
3773,-11.395034523640799
3774,-11.395034523640799
3775,-11.395034523640799
3776,-11.395034523640799
3777,-11.395034523640799
3778,-11.395034523640799
3779,-11.395034523640799
3780,-11.395034523640799
3781,-11.395034523640799
3782,-11.395034523640799
3783,-11.395034523640799
3784,-11.395034523640799
3785,-11.395034523640799
3786,-11.395034523640799
3787,-11.395034523640799
3788,-11.395034523640799
3789,-11.395034523640799
3790,-11.395034523640799
3791,-11.395034523640799
3792,-11.395034523640799
3793,-11.395034523640799
3794,-11.395034523640799
3795,-11.395034523640799
3796,-11.395034523640799
3797,-11.395034523640799
3798,-11.395034523640799
3799,-11.395034523640799
3800,-11.395034523640799
3801,-11.395034523640799
3802,-11.395034523640799
3803,-11.395034523640799
3804,-11.395034523640799
3805,-11.395034523640799
3806,-11.395034523640799
3807,-11.395034523640799
3808,-11.395034523640799
3809,-11.395034523640799
3810,-11.395034523640799
3811,-11.395034523640799
3812,-11.395034523640799
3813,-11.395034523640799
3814,-11.395034523640799
3815,-11.395034523640799
3816,-11.395034523640799
3817,-11.395034523640799
3818,-11.395034523640799
3819,-11.395034523640799
3820,-11.395034523640799
3821,-11.395034523640799
3822,-11.395034523640799
3823,-11.395034523640799
3824,-11.395034523640799
3825,-11.395034523640799
3826,-11.395034523640799
3827,-11.395034523640799
3828,-11.395034523640799
3829,-11.395034523640799
3830,-11.395034523640799
3831,-11.395034523640799
3832,-11.395034523640799
3833,-11.395034523640799
3834,-11.395034523640799
3835,-11.395034523640799
3836,-11.395034523640799
3837,-11.395034523640799
3838,-11.395034523640799
3839,-11.395034523640799
3840,-11.395034523640799
3841,-11.395034523640799
3842,-11.395034523640799
3843,-11.395034523640799
3844,-11.395034523640799
3845,-11.395034523640799
3846,-11.395034523640799
3847,-11.395034523640799
3848,-11.395034523640799
3849,-11.395034523640799
3850,-11.395034523640799
3851,-11.395034523640799
3852,-11.395034523640799
3853,-11.395034523640799
3854,-11.395034523640799
3855,-11.395034523640799
3856,-11.395034523640799
3857,-11.395034523640799
3858,-11.395034523640799
3859,-11.395034523640799
3860,-11.395034523640799
3861,-11.395034523640799
3862,-11.395034523640799
3863,-11.395034523640799
3864,-11.395034523640799
3865,-11.395034523640799
3866,-11.395034523640799
3867,-11.395034523640799
3868,-11.395034523640799
3869,-11.395034523640799
3870,-11.395034523640799
3871,-11.395034523640799
3872,-11.395034523640799
3873,-11.395034523640799
3874,-11.395034523640799
3875,-11.395034523640799
3876,-11.395034523640799
3877,-11.395034523640799
3878,-11.395034523640799
3879,-11.395034523640799
3880,-11.395034523640799
3881,-11.395034523640799
3882,-11.395034523640799
3883,-11.395034523640799
3884,-11.395034523640799
3885,-11.395034523640799
3886,-11.395034523640799
3887,-11.395034523640799
3888,-11.395034523640799
3889,-11.395034523640799
3890,-11.395034523640799
3891,-11.395034523640799
3892,-11.395034523640799
3893,-11.395034523640799
3894,-11.395034523640799
3895,-11.395034523640799
3896,-11.395034523640799
3897,-11.395034523640799
3898,-11.395034523640799
3899,-11.395034523640799
3900,-11.395034523640799
3901,-11.395034523640799
3902,-11.395034523640799
3903,-11.395034523640799
3904,-11.395034523640799
3905,-11.395034523640799
3906,-11.395034523640799
3907,-11.395034523640799
3908,-11.395034523640799
3909,-11.395034523640799
3910,-11.395034523640799
3911,-11.395034523640799
3912,-11.395034523640799
3913,-11.395034523640799
3914,-11.395034523640799
3915,-11.395034523640799
3916,-11.395034523640799
3917,-11.395034523640799
3918,-11.395034523640799
3919,-11.395034523640799
3920,-11.395034523640799
3921,-11.395034523640799
3922,-11.395034523640799
3923,-11.395034523640799
3924,-11.395034523640799
3925,-11.395034523640799
3926,-11.395034523640799
3927,-11.395034523640799
3928,-11.395034523640799
3929,-11.395034523640799
3930,-11.395034523640799
3931,-11.395034523640799
3932,-11.395034523640799
3933,-11.395034523640799
3934,-11.395034523640799
3935,-11.395034523640799
3936,-11.395034523640799
3937,-11.395034523640799
3938,-11.395034523640799
3939,-11.395034523640799
3940,-11.395034523640799
3941,-11.395034523640799
3942,-11.395034523640799
3943,-11.395034523640799
3944,-11.395034523640799
3945,-11.395034523640799
3946,-11.395034523640799
3947,-11.395034523640799
3948,-11.395034523640799
3949,-11.395034523640799
3950,-11.395034523640799
3951,-11.395034523640799
3952,-11.395034523640799
3953,-11.395034523640799
3954,-11.395034523640799
3955,-11.395034523640799
3956,-11.395034523640799
3957,-11.395034523640799
3958,-11.395034523640799
3959,-11.395034523640799
3960,-11.395034523640799
3961,-11.395034523640799
3962,-11.395034523640799
3963,-11.395034523640799
3964,-11.395034523640799
3965,-11.395034523640799
3966,-11.395034523640799
3967,-11.395034523640799
3968,-11.395034523640799
3969,-11.395034523640799
3970,-11.395034523640799
3971,-11.395034523640799
3972,-11.395034523640799
3973,-11.395034523640799
3974,-11.395034523640799
3975,-11.395034523640799
3976,-11.395034523640799
3977,-11.395034523640799
3978,-11.395034523640799
3979,-11.395034523640799
3980,-11.395034523640799
3981,-11.395034523640799
3982,-11.395034523640799
3983,-11.395034523640799
3984,-11.395034523640799
3985,-11.395034523640799
3986,-11.395034523640799
3987,-11.395034523640799
3988,-11.395034523640799
3989,-11.395034523640799
3990,-11.395034523640799
3991,-11.395034523640799
3992,-11.395034523640799
3993,-11.395034523640799
3994,-11.395034523640799
3995,-11.395034523640799
3996,-11.395034523640799
3997,-11.395034523640799
3998,-11.395034523640799
3999,-11.395034523640799
4000,-11.395034523640799
4001,-11.395034523640799
4002,-11.395034523640799
4003,-11.395034523640799
4004,-11.395034523640799
4005,-11.395034523640799
4006,-11.395034523640799
4007,-11.395034523640799
4008,-11.395034523640799
4009,-11.395034523640799
4010,-11.395034523640799
4011,-11.395034523640799
4012,-11.395034523640799
4013,-11.395034523640799
4014,-11.395034523640799
4015,-11.395034523640799
4016,-11.395034523640799
4017,-11.395034523640799
4018,-11.395034523640799
4019,-11.395034523640799
4020,-11.395034523640799
4021,-11.395034523640799
4022,-11.395034523640799
4023,-11.395034523640799
4024,-11.395034523640799
4025,-11.395034523640799
4026,-11.395034523640799
4027,-11.395034523640799
4028,-11.395034523640799
4029,-11.395034523640799
4030,-11.395034523640799
4031,-11.395034523640799
4032,-11.395034523640799
4033,-11.395034523640799
4034,-11.395034523640799
4035,-11.395034523640799
4036,-11.395034523640799
4037,-11.395034523640799
4038,-11.395034523640799
4039,-11.395034523640799
4040,-11.395034523640799
4041,-11.395034523640799
4042,-0.6677037977293868
4043,-0.6677037977293868
4044,-0.6677037977293868
4045,-0.6677037977293868
4046,-0.6677037977293868
4047,-0.6677037977293868
4048,-0.6677037977293868
4049,-0.6677037977293868
4050,-0.6677037977293868
4051,-0.6677037977293868
4052,-0.6677037977293868
4053,-0.6677037977293868
4054,-0.6677037977293868
4055,-0.6677037977293868
4056,-0.6677037977293868
4057,-0.6677037977293868
4058,-0.6677037977293868
4059,-0.6677037977293868
4060,-0.6677037977293868
4061,-0.6677037977293868
4062,-0.6677037977293868
4063,-0.6677037977293868
4064,-0.6677037977293868
4065,-0.6677037977293868
4066,-0.6677037977293868
4067,-0.6677037977293868
4068,-0.6677037977293868
4069,-0.6677037977293868
4070,-0.6677037977293868
4071,-0.6677037977293868
4072,-0.6677037977293868
4073,-0.6677037977293868
4074,-0.6677037977293868
4075,-0.6677037977293868
4076,-0.6677037977293868
4077,-0.6677037977293868
4078,-0.6677037977293868
4079,-0.6677037977293868
4080,-0.6677037977293868
4081,-0.6677037977293868
4082,-0.6677037977293868
4083,-0.6677037977293868
4084,-0.6677037977293868
4085,-0.6677037977293868
4086,-0.6677037977293868
4087,-0.6677037977293868
4088,-0.6677037977293868
4089,-0.6677037977293868
4090,-0.6677037977293868
4091,-0.6677037977293868
4092,-0.6677037977293868
4093,-0.6677037977293868
4094,-0.6677037977293868
4095,-0.6677037977293868
4096,-0.6677037977293868
4097,-0.6677037977293868
4098,-0.6677037977293868
4099,-0.6677037977293868
4100,-0.6677037977293868
4101,-0.6677037977293868
4102,-0.6677037977293868
4103,-0.6677037977293868
4104,-0.6677037977293868
4105,-0.6677037977293868
4106,-0.6677037977293868
4107,-0.6677037977293868
4108,-0.6677037977293868
4109,-0.6677037977293868
4110,-0.6677037977293868
4111,-0.6677037977293868
4112,-0.6677037977293868
4113,-0.6677037977293868
4114,-0.6677037977293868
4115,-0.6677037977293868
4116,-0.6677037977293868
4117,-0.6677037977293868
4118,-0.6677037977293868
4119,-0.6677037977293868
4120,-0.6677037977293868
4121,-0.6677037977293868
4122,-0.6677037977293868
4123,-0.6677037977293868
4124,-0.6677037977293868
4125,-0.6677037977293868
4126,-0.6677037977293868
4127,-0.6677037977293868
4128,-0.6677037977293868
4129,-0.6677037977293868
4130,-0.6677037977293868
4131,-0.6677037977293868
4132,-0.6677037977293868
4133,-0.6677037977293868
4134,-0.6677037977293868
4135,-0.6677037977293868
4136,-0.6677037977293868
4137,-0.6677037977293868
4138,-0.6677037977293868
4139,-0.6677037977293868
4140,-0.6677037977293868
4141,-0.6677037977293868
4142,-0.6677037977293868
4143,-0.6677037977293868
4144,-0.6677037977293868
4145,-0.6677037977293868
4146,-0.6677037977293868
4147,-0.6677037977293868
4148,-0.6677037977293868
4149,-0.6677037977293868
4150,-0.6677037977293868
4151,-0.6677037977293868
4152,-0.6677037977293868
4153,-0.6677037977293868
4154,-0.6677037977293868
4155,-0.6677037977293868
4156,-0.6677037977293868
4157,-0.6677037977293868
4158,-0.6677037977293868
4159,-0.6677037977293868
4160,-0.6677037977293868
4161,-0.6677037977293868
4162,-0.6677037977293868
4163,-0.6677037977293868
4164,-0.6677037977293868
4165,-0.6677037977293868
4166,-0.6677037977293868
4167,-0.6677037977293868
4168,-0.6677037977293868
4169,-0.6677037977293868
4170,-0.6677037977293868
4171,-0.6677037977293868
4172,-0.6677037977293868
4173,-0.6677037977293868
4174,-0.6677037977293868
4175,-0.6677037977293868
4176,-0.6677037977293868
4177,-0.6677037977293868
4178,-0.6677037977293868
4179,-0.6677037977293868
4180,-0.6677037977293868
4181,-0.6677037977293868
4182,-0.6677037977293868
4183,-0.6677037977293868
4184,-0.6677037977293868
4185,-0.6677037977293868
4186,-0.6677037977293868
4187,-0.6677037977293868
4188,-0.6677037977293868
4189,-0.6677037977293868
4190,-0.6677037977293868
4191,-0.6677037977293868
4192,-0.6677037977293868
4193,-0.6677037977293868
4194,-0.6677037977293868
4195,-0.6677037977293868
4196,-0.6677037977293868
4197,-0.6677037977293868
4198,-0.6677037977293868
4199,-0.6677037977293868
4200,-0.6677037977293868
4201,-0.6677037977293868
4202,-0.6677037977293868
4203,-0.6677037977293868
4204,-0.6677037977293868
4205,-0.6677037977293868
4206,-0.6677037977293868
4207,-0.6677037977293868
4208,-0.6677037977293868
4209,-0.6677037977293868
4210,-0.6677037977293868
4211,-0.6677037977293868
4212,-0.6677037977293868
4213,-0.6677037977293868
4214,-0.6677037977293868
4215,-0.6677037977293868
4216,-0.6677037977293868
4217,-0.6677037977293868
4218,-0.6677037977293868
4219,-0.6677037977293868
4220,-0.6677037977293868
4221,-0.6677037977293868
4222,-0.6677037977293868
4223,-0.6677037977293868
4224,-0.6677037977293868
4225,-0.6677037977293868
4226,-0.6677037977293868
4227,-0.6677037977293868
4228,-0.6677037977293868
4229,-0.6677037977293868
4230,-0.6677037977293868
4231,-0.6677037977293868
4232,-0.6677037977293868
4233,-0.6677037977293868
4234,-0.6677037977293868
4235,-0.6677037977293868
4236,-0.6677037977293868
4237,-0.6677037977293868
4238,-0.6677037977293868
4239,-0.6677037977293868
4240,-0.6677037977293868
4241,-0.6677037977293868
4242,-0.6677037977293868
4243,-0.6677037977293868
4244,-0.6677037977293868
4245,-0.6677037977293868
4246,-0.6677037977293868
4247,-0.6677037977293868
4248,-0.6677037977293868
4249,-0.6677037977293868
4250,-0.6677037977293868
4251,-0.6677037977293868
4252,-0.6677037977293868
4253,-0.6677037977293868
4254,-0.6677037977293868
4255,-0.6677037977293868
4256,-0.6677037977293868
4257,-0.6677037977293868
4258,-0.6677037977293868
4259,-0.6677037977293868
4260,-0.6677037977293868
4261,-0.6677037977293868
4262,-0.6677037977293868
4263,-0.6677037977293868
4264,-0.6677037977293868
4265,-0.6677037977293868
4266,-0.6677037977293868
4267,-0.6677037977293868
4268,-0.6677037977293868
4269,-0.6677037977293868
4270,-0.6677037977293868
4271,-0.6677037977293868
4272,-0.6677037977293868
4273,-0.6677037977293868
4274,-0.6677037977293868
4275,-0.6677037977293868
4276,-0.6677037977293868
4277,-0.6677037977293868
4278,-0.6677037977293868
4279,-0.6677037977293868
4280,-0.6677037977293868
4281,-0.6677037977293868
4282,-0.6677037977293868
4283,-0.6677037977293868
4284,-0.6677037977293868
4285,-0.6677037977293868
4286,-0.6677037977293868
4287,-0.6677037977293868
4288,-0.6677037977293868
4289,-0.6677037977293868
4290,-0.6677037977293868
4291,-0.6677037977293868
4292,-0.6677037977293868
4293,-0.6677037977293868
4294,-0.6677037977293868
4295,-0.6677037977293868
4296,-0.6677037977293868
4297,-0.6677037977293868
4298,-0.6677037977293868
4299,-0.6677037977293868
4300,-0.6677037977293868
4301,-0.6677037977293868
4302,-0.6677037977293868
4303,-0.6677037977293868
4304,-0.6677037977293868
4305,-0.6677037977293868
4306,-0.6677037977293868
4307,-0.6677037977293868
4308,-0.6677037977293868
4309,-0.6677037977293868
4310,-0.6677037977293868
4311,-0.6677037977293868
4312,-0.6677037977293868
4313,-0.6677037977293868
4314,-0.6677037977293868
4315,-0.6677037977293868
4316,-0.6677037977293868
4317,-0.6677037977293868
4318,-0.6677037977293868
4319,-0.6677037977293868
4320,-0.6677037977293868
4321,-0.6677037977293868
4322,-0.6677037977293868
4323,-0.6677037977293868
4324,-0.6677037977293868
4325,-0.6677037977293868
4326,-0.6677037977293868
4327,-0.6677037977293868
4328,-0.6677037977293868
4329,-0.6677037977293868
4330,-0.6677037977293868
4331,-0.6677037977293868
4332,-0.6677037977293868
4333,-0.6677037977293868
4334,-0.6677037977293868
4335,-0.6677037977293868
4336,-0.6677037977293868
4337,-0.6677037977293868
4338,-0.6677037977293868
4339,-0.6677037977293868
4340,-0.6677037977293868
4341,-0.6677037977293868
4342,-0.6677037977293868
4343,-0.6677037977293868
4344,-0.6677037977293868
4345,-0.6677037977293868
4346,-0.6677037977293868
4347,-0.6677037977293868
4348,-0.6677037977293868
4349,-0.6677037977293868
4350,-0.6677037977293868
4351,-0.6677037977293868
4352,-0.6677037977293868
4353,-0.6677037977293868
4354,-0.6677037977293868
4355,-0.6677037977293868
4356,-0.6677037977293868
4357,-0.6677037977293868
4358,-0.6677037977293868
4359,-0.6677037977293868
4360,-0.6677037977293868
4361,-0.6677037977293868
4362,-0.6677037977293868
4363,-0.6677037977293868
4364,-0.6677037977293868
4365,-0.6677037977293868
4366,-0.6677037977293868
4367,-0.6677037977293868
4368,-0.6677037977293868
4369,-0.6677037977293868
4370,-0.6677037977293868
4371,-0.6677037977293868
4372,-0.6677037977293868
4373,-0.6677037977293868
4374,-0.6677037977293868
4375,-0.6677037977293868
4376,-0.6677037977293868
4377,-0.6677037977293868
4378,-0.6677037977293868
4379,-0.6677037977293868
4380,-0.6677037977293868
4381,-0.6677037977293868
4382,-0.6677037977293868
4383,-0.6677037977293868
4384,-0.6677037977293868
4385,-0.6677037977293868
4386,-0.6677037977293868
4387,-0.6677037977293868
4388,-0.6677037977293868
4389,-0.6677037977293868
4390,-0.6677037977293868
4391,-0.6677037977293868
4392,-0.6677037977293868
4393,-0.6677037977293868
4394,-0.6677037977293868
4395,-0.6677037977293868
4396,-0.6677037977293868
4397,-0.6677037977293868
4398,-0.6677037977293868
4399,-0.6677037977293868
4400,-0.6677037977293868
4401,-0.6677037977293868
4402,-0.6677037977293868
4403,-0.6677037977293868
4404,-0.6677037977293868
4405,-0.6677037977293868
4406,-0.6677037977293868
4407,-0.6677037977293868
4408,-0.6677037977293868
4409,-0.6677037977293868
4410,-0.6677037977293868
4411,-0.6677037977293868
4412,-0.6677037977293868
4413,-0.6677037977293868
4414,-0.6677037977293868
4415,-0.6677037977293868
4416,-0.6677037977293868
4417,-0.6677037977293868
4418,-0.6677037977293868
4419,-0.6677037977293868
4420,-0.6677037977293868
4421,-0.6677037977293868
4422,-0.6677037977293868
4423,-0.6677037977293868
4424,-0.6677037977293868
4425,-0.6677037977293868
4426,-0.6677037977293868
4427,-0.6677037977293868
4428,-0.6677037977293868
4429,-0.6677037977293868
4430,-0.6677037977293868
4431,-0.6677037977293868
4432,-0.6677037977293868
4433,-0.6677037977293868
4434,-0.6677037977293868
4435,-0.6677037977293868
4436,-0.6677037977293868
4437,-0.6677037977293868
4438,-0.6677037977293868
4439,-0.6677037977293868
4440,-0.6677037977293868
4441,-0.6677037977293868
4442,-0.6677037977293868
4443,-0.6677037977293868
4444,-0.6677037977293868
4445,-0.6677037977293868
4446,-0.6677037977293868
4447,-0.6677037977293868
4448,-0.6677037977293868
4449,-0.6677037977293868
4450,-0.6677037977293868
4451,-0.6677037977293868
4452,-0.6677037977293868
4453,-0.6677037977293868
4454,-0.6677037977293868
4455,-0.6677037977293868
4456,-0.6677037977293868
4457,-0.6677037977293868
4458,-0.6677037977293868
4459,-0.6677037977293868
4460,-0.6677037977293868
4461,-0.6677037977293868
4462,-0.6677037977293868
4463,-0.6677037977293868
4464,-0.6677037977293868
4465,-0.6677037977293868
4466,-0.6677037977293868
4467,-0.6677037977293868
4468,-0.6677037977293868
4469,-0.6677037977293868
4470,-0.6677037977293868
4471,-0.6677037977293868
4472,-0.6677037977293868
4473,-0.6677037977293868
4474,-0.6677037977293868
4475,-0.6677037977293868
4476,-0.6677037977293868
4477,-0.6677037977293868
4478,-0.6677037977293868
4479,-0.6677037977293868
4480,-0.6677037977293868
4481,-0.6677037977293868
4482,-0.6677037977293868
4483,-0.6677037977293868
4484,-0.6677037977293868
4485,-0.6677037977293868
4486,-0.6677037977293868
4487,-0.6677037977293868
4488,-0.6677037977293868
4489,-0.6677037977293868
4490,-0.6677037977293868
4491,-0.6677037977293868
4492,-0.6677037977293868
4493,-0.6677037977293868
4494,-0.6677037977293868
4495,-0.6677037977293868
4496,-0.6677037977293868
4497,-0.6677037977293868
4498,-0.6677037977293868
4499,-0.6677037977293868
4500,-0.6677037977293868
4501,-0.6677037977293868
4502,-0.6677037977293868
4503,-0.6677037977293868
4504,-0.6677037977293868
4505,-0.6677037977293868
4506,-0.6677037977293868
4507,-0.6677037977293868
4508,-0.6677037977293868
4509,-0.6677037977293868
4510,-0.6677037977293868
4511,-0.6677037977293868
4512,-0.6677037977293868
4513,-0.6677037977293868
4514,-0.6677037977293868
4515,-0.6677037977293868
4516,-0.6677037977293868
4517,-0.6677037977293868
4518,-0.6677037977293868
4519,-0.6677037977293868
4520,-0.6677037977293868
4521,-0.6677037977293868
4522,-0.6677037977293868
4523,-0.6677037977293868
4524,-0.6677037977293868
4525,-0.6677037977293868
4526,-0.6677037977293868
4527,-0.6677037977293868
4528,-0.6677037977293868
4529,-0.6677037977293868
4530,-0.6677037977293868
4531,-0.6677037977293868
4532,-0.6677037977293868
4533,-0.6677037977293868
4534,-0.6677037977293868
4535,-0.6677037977293868
4536,-0.6677037977293868
4537,-0.6677037977293868
4538,-0.6677037977293868
4539,-0.6677037977293868
4540,-0.6677037977293868
4541,-0.6677037977293868
4542,-0.6677037977293868
4543,-0.6677037977293868
4544,-0.6677037977293868
4545,-0.6677037977293868
4546,-0.6677037977293868
4547,-0.6677037977293868
4548,-0.6677037977293868
4549,-0.6677037977293868
4550,-0.6677037977293868
4551,-0.6677037977293868
4552,-0.6677037977293868
4553,-0.6677037977293868
4554,-0.6677037977293868
4555,-0.6677037977293868
4556,-0.6677037977293868
4557,-0.6677037977293868
4558,-0.6677037977293868
4559,-0.6677037977293868
4560,-0.6677037977293868
4561,-0.6677037977293868
4562,-0.6677037977293868
4563,-0.6677037977293868
4564,-0.6677037977293868
4565,-0.6677037977293868
4566,-0.6677037977293868
4567,-0.6677037977293868
4568,-0.6677037977293868
4569,-0.6677037977293868
4570,-0.6677037977293868
4571,-0.6677037977293868
4572,-0.6677037977293868
4573,-0.6677037977293868
4574,-0.6677037977293868
4575,-0.6677037977293868
4576,-0.6677037977293868
4577,-0.6677037977293868
4578,-0.6677037977293868
4579,-0.6677037977293868
4580,-0.6677037977293868
4581,-0.6677037977293868
4582,-0.6677037977293868
4583,-0.6677037977293868
4584,-0.6677037977293868
4585,-0.6677037977293868
4586,-0.6677037977293868
4587,-0.6677037977293868
4588,-0.6677037977293868
4589,-0.6677037977293868
4590,-0.6677037977293868
4591,-0.6677037977293868
4592,-0.6677037977293868
4593,-0.6677037977293868
4594,-0.6677037977293868
4595,-0.6677037977293868
4596,-0.6677037977293868
4597,-0.6677037977293868
4598,-0.6677037977293868
4599,-0.6677037977293868
4600,-0.6677037977293868
4601,-0.6677037977293868
4602,-0.6677037977293868
4603,-0.6677037977293868
4604,-0.6677037977293868
4605,-0.6677037977293868
4606,-0.6677037977293868
4607,-0.6677037977293868
4608,-0.6677037977293868
4609,-0.6677037977293868
4610,-0.6677037977293868
4611,-0.6677037977293868
4612,-0.6677037977293868
4613,-0.6677037977293868
4614,-0.6677037977293868
4615,-0.6677037977293868
4616,-0.6677037977293868
4617,-0.6677037977293868
4618,-0.6677037977293868
4619,-0.6677037977293868
4620,-0.6677037977293868
4621,-0.6677037977293868
4622,-0.6677037977293868
4623,-0.6677037977293868
4624,-0.6677037977293868
4625,-0.6677037977293868
4626,-0.6677037977293868
4627,-0.6677037977293868
4628,-0.6677037977293868
4629,-0.6677037977293868
4630,-0.6677037977293868
4631,-0.6677037977293868
4632,-0.6677037977293868
4633,-0.6677037977293868
4634,-0.6677037977293868
4635,-0.6677037977293868
4636,-0.6677037977293868
4637,-0.6677037977293868
4638,-0.6677037977293868
4639,-0.6677037977293868
4640,-0.6677037977293868
4641,-0.6677037977293868
4642,-0.6677037977293868
4643,-0.6677037977293868
4644,-0.6677037977293868
4645,-0.6677037977293868
4646,-0.6677037977293868
4647,-0.6677037977293868
4648,-0.6677037977293868
4649,-0.6677037977293868
4650,-0.6677037977293868
4651,-0.6677037977293868
4652,-0.6677037977293868
4653,-0.6677037977293868
4654,-0.6677037977293868
4655,-0.6677037977293868
4656,-0.6677037977293868
4657,-0.6677037977293868
4658,-0.6677037977293868
4659,-0.6677037977293868
4660,-0.6677037977293868
4661,-0.6677037977293868
4662,-0.6677037977293868
4663,-0.6677037977293868
4664,-0.6677037977293868
4665,-0.6677037977293868
4666,-0.6677037977293868
4667,-0.6677037977293868
4668,-0.6677037977293868
4669,-0.6677037977293868
4670,-0.6677037977293868
4671,-0.6677037977293868
4672,-0.6677037977293868
4673,-0.6677037977293868
4674,-0.6677037977293868
4675,-0.6677037977293868
4676,-0.6677037977293868
4677,-0.6677037977293868
4678,-0.6677037977293868
4679,-0.6677037977293868
4680,-0.6677037977293868
4681,-0.6677037977293868
4682,-0.6677037977293868
4683,-0.6677037977293868
4684,-0.6677037977293868
4685,-0.6677037977293868
4686,-0.6677037977293868
4687,-0.6677037977293868
4688,-0.6677037977293868
4689,-0.6677037977293868
4690,-0.6677037977293868
4691,-0.6677037977293868
4692,-0.6677037977293868
4693,-0.6677037977293868
4694,-0.6677037977293868
4695,-0.6677037977293868
4696,-0.6677037977293868
4697,-0.6677037977293868
4698,-0.6677037977293868
4699,-0.6677037977293868
4700,-0.6677037977293868
4701,-0.6677037977293868
4702,-0.6677037977293868
4703,-0.6677037977293868
4704,-0.6677037977293868
4705,-0.6677037977293868
4706,-0.6677037977293868
4707,-0.6677037977293868
4708,-0.6677037977293868
4709,-0.6677037977293868
4710,-0.6677037977293868
4711,-0.6677037977293868
4712,-0.6677037977293868
4713,-0.6677037977293868
4714,-0.6677037977293868
4715,-0.6677037977293868
4716,-0.6677037977293868
4717,-0.6677037977293868
4718,-0.6677037977293868
4719,-0.6677037977293868
4720,-0.6677037977293868
4721,-0.6677037977293868
4722,-0.6677037977293868
4723,-0.6677037977293868
4724,-0.6677037977293868
4725,-0.6677037977293868
4726,-0.6677037977293868
4727,-0.6677037977293868
4728,-0.6677037977293868
4729,-0.6677037977293868
4730,-0.6677037977293868
4731,-0.6677037977293868
4732,-0.6677037977293868
4733,-0.6677037977293868
4734,-0.6677037977293868
4735,-0.6677037977293868
4736,-0.6677037977293868
4737,-0.6677037977293868
4738,-0.6677037977293868
4739,-0.6677037977293868
4740,-0.6677037977293868
4741,-0.6677037977293868
4742,-0.6677037977293868
4743,-0.6677037977293868
4744,-0.6677037977293868
4745,-0.6677037977293868
4746,-0.6677037977293868
4747,-0.6677037977293868
4748,-0.6677037977293868
4749,-0.6677037977293868
4750,-0.6677037977293868
4751,-0.6677037977293868
4752,-0.6677037977293868
4753,-0.6677037977293868
4754,-0.6677037977293868
4755,-0.6677037977293868
4756,-0.6677037977293868
4757,-0.6677037977293868
4758,-0.6677037977293868
4759,-0.6677037977293868
4760,-0.6677037977293868
4761,-0.6677037977293868
4762,-0.6677037977293868
4763,-0.6677037977293868
4764,-0.6677037977293868
4765,-0.6677037977293868
4766,-0.6677037977293868
4767,-0.6677037977293868
4768,-0.6677037977293868
4769,-0.6677037977293868
4770,-0.6677037977293868
4771,-0.6677037977293868
4772,-0.6677037977293868
4773,-0.6677037977293868
4774,-0.6677037977293868
4775,-0.6677037977293868
4776,-0.6677037977293868
4777,-0.6677037977293868
4778,-0.6677037977293868
4779,-0.6677037977293868
4780,-0.6677037977293868
4781,-0.6677037977293868
4782,-0.6677037977293868
4783,-0.6677037977293868
4784,-0.6677037977293868
4785,-0.6677037977293868
4786,-0.6677037977293868
4787,-0.6677037977293868
4788,-0.6677037977293868
4789,-0.6677037977293868
4790,-0.6677037977293868
4791,-0.6677037977293868
4792,-0.6677037977293868
4793,-0.6677037977293868
4794,-0.6677037977293868
4795,-0.6677037977293868
4796,-0.6677037977293868
4797,-0.6677037977293868
4798,-0.6677037977293868
4799,-0.6677037977293868
4800,-0.6677037977293868
4801,-0.6677037977293868
4802,-0.6677037977293868
4803,-0.6677037977293868
4804,-0.6677037977293868
4805,-0.6677037977293868
4806,-0.6677037977293868
4807,-0.6677037977293868
4808,-0.6677037977293868
4809,-0.6677037977293868
4810,-0.6677037977293868
4811,-0.6677037977293868
4812,-0.6677037977293868
4813,-0.6677037977293868
4814,-0.6677037977293868
4815,-0.6677037977293868
4816,-0.6677037977293868
4817,-0.6677037977293868
4818,-0.6677037977293868
4819,-0.6677037977293868
4820,-0.6677037977293868
4821,-0.6677037977293868
4822,-0.6677037977293868
4823,-0.6677037977293868
4824,-0.6677037977293868
4825,-0.6677037977293868
4826,-0.6677037977293868
4827,-0.6677037977293868
4828,-0.6677037977293868
4829,-0.6677037977293868
4830,-0.6677037977293868
4831,-0.6677037977293868
4832,-0.6677037977293868
4833,-0.6677037977293868
4834,-0.6677037977293868
4835,-0.6677037977293868
4836,-0.6677037977293868
4837,-0.6677037977293868
4838,-0.6677037977293868
4839,-0.6677037977293868
4840,-0.6677037977293868
4841,-0.6677037977293868
4842,-0.6677037977293868
4843,-0.6677037977293868
4844,-0.6677037977293868
4845,-0.6677037977293868
4846,-0.6677037977293868
4847,-0.6677037977293868
4848,-0.6677037977293868
4849,-0.6677037977293868
4850,-0.6677037977293868
4851,-0.6677037977293868
4852,-0.6677037977293868
4853,-0.6677037977293868
4854,-0.6677037977293868
4855,-0.6677037977293868
4856,-0.6677037977293868
4857,-0.6677037977293868
4858,-0.6677037977293868
4859,-0.6677037977293868
4860,-0.6677037977293868
4861,-0.6677037977293868
4862,-0.6677037977293868
4863,-0.6677037977293868
4864,-0.6677037977293868
4865,-0.6677037977293868
4866,-0.6677037977293868
4867,-0.6677037977293868
4868,-0.6677037977293868
4869,-0.6677037977293868
4870,-0.6677037977293868
4871,-0.6677037977293868
4872,-0.6677037977293868
4873,-0.6677037977293868
4874,-0.6677037977293868
4875,-0.6677037977293868
4876,-0.6677037977293868
4877,-0.6677037977293868
4878,-0.6677037977293868
4879,-0.6677037977293868
4880,-0.6677037977293868
4881,-0.6677037977293868
4882,-0.6677037977293868
4883,-0.6677037977293868
4884,-0.6677037977293868
4885,-0.6677037977293868
4886,-0.6677037977293868
4887,-0.6677037977293868
4888,-0.6677037977293868
4889,-0.6677037977293868
4890,-0.6677037977293868
4891,-0.6677037977293868
4892,-0.6677037977293868
4893,-0.6677037977293868
4894,-0.6677037977293868
4895,-0.6677037977293868
4896,-0.6677037977293868
4897,-0.6677037977293868
4898,-0.6677037977293868
4899,-0.6677037977293868
4900,-0.6677037977293868
4901,-0.6677037977293868
4902,-0.6677037977293868
4903,-0.6677037977293868
4904,-0.6677037977293868
4905,-0.6677037977293868
4906,-0.6677037977293868
4907,-0.6677037977293868
4908,-0.6677037977293868
4909,-0.6677037977293868
4910,-0.6677037977293868
4911,-0.6677037977293868
4912,-0.6677037977293868
4913,-0.6677037977293868
4914,-0.6677037977293868
4915,-0.6677037977293868
4916,-0.6677037977293868
4917,-0.6677037977293868
4918,-0.6677037977293868
4919,-0.6677037977293868
4920,-0.6677037977293868
4921,-0.6677037977293868
4922,-0.6677037977293868
4923,-0.6677037977293868
4924,-0.6677037977293868
4925,-0.6677037977293868
4926,-0.6677037977293868
4927,-0.6677037977293868
4928,-0.6677037977293868
4929,-0.6677037977293868
4930,-0.6677037977293868
4931,-0.6677037977293868
4932,-0.6677037977293868
4933,-0.6677037977293868
4934,-0.6677037977293868
4935,-0.6677037977293868
4936,-0.6677037977293868
4937,-0.6677037977293868
4938,-0.6677037977293868
4939,-0.6677037977293868
4940,-0.6677037977293868
4941,-0.6677037977293868
4942,-0.6677037977293868
4943,-0.6677037977293868
4944,-0.6677037977293868
4945,-0.6677037977293868
4946,-0.6677037977293868
4947,-0.6677037977293868
4948,-0.6677037977293868
4949,-0.6677037977293868
4950,-0.6677037977293868
4951,-0.6677037977293868
4952,-0.6677037977293868
4953,-0.6677037977293868
4954,-0.6677037977293868
4955,-0.6677037977293868
4956,-0.6677037977293868
4957,-0.6677037977293868
4958,-0.6677037977293868
4959,-0.6677037977293868
4960,-0.6677037977293868
4961,-0.6677037977293868
4962,-0.6677037977293868
4963,-0.6677037977293868
4964,-0.6677037977293868
4965,-0.6677037977293868
4966,-0.6677037977293868
4967,-0.6677037977293868
4968,-0.6677037977293868
4969,-0.6677037977293868
4970,-0.6677037977293868
4971,-0.6677037977293868
4972,-0.6677037977293868
4973,-0.6677037977293868
4974,-0.6677037977293868
4975,-0.6677037977293868
4976,-0.6677037977293868
4977,-0.6677037977293868
4978,-0.6677037977293868
4979,-0.6677037977293868
4980,-0.6677037977293868
4981,-0.6677037977293868
4982,-0.6677037977293868
4983,-0.6677037977293868
4984,-0.6677037977293868
4985,-0.6677037977293868
4986,-0.6677037977293868
4987,-0.6677037977293868
4988,-0.6677037977293868
4989,-0.6677037977293868
4990,-0.6677037977293868
4991,-0.6677037977293868
4992,-0.6677037977293868
4993,-0.6677037977293868
4994,-0.6677037977293868
4995,-0.6677037977293868
4996,-0.6677037977293868
4997,-0.6677037977293868
4998,-0.6677037977293868
4999,-0.6677037977293868
5000,-0.6677037977293868
5001,-0.6677037977293868
5002,-0.6677037977293868
5003,-0.6677037977293868
5004,-0.6677037977293868
5005,-0.6677037977293868
5006,-0.6677037977293868
5007,-0.6677037977293868
5008,-0.6677037977293868
5009,-0.6677037977293868
5010,-0.6677037977293868
5011,-0.6677037977293868
5012,-0.6677037977293868
5013,-0.6677037977293868
5014,-0.6677037977293868
5015,-0.6677037977293868
5016,-0.6677037977293868
5017,-0.6677037977293868
5018,-0.6677037977293868
5019,-0.6677037977293868
5020,-0.6677037977293868
5021,-0.6677037977293868
5022,-0.6677037977293868
5023,-0.6677037977293868
5024,-0.6677037977293868
5025,-0.6677037977293868
5026,-0.6677037977293868
5027,-0.6677037977293868
5028,-0.6677037977293868
5029,-0.6677037977293868
5030,-0.6677037977293868
5031,-0.6677037977293868
5032,-0.6677037977293868
5033,-0.6677037977293868
5034,-0.6677037977293868
5035,-0.6677037977293868
5036,-0.6677037977293868
5037,-0.6677037977293868
5038,-0.6677037977293868
5039,-0.6677037977293868
5040,-0.6677037977293868
5041,-0.6677037977293868
5042,-0.6677037977293868
5043,10.338258895088817
5044,10.338258895088817
5045,10.338258895088817
5046,10.338258895088817
5047,10.338258895088817
5048,10.338258895088817
5049,10.338258895088817
5050,10.338258895088817
5051,10.338258895088817
5052,10.338258895088817
5053,10.338258895088817
5054,10.338258895088817
5055,10.338258895088817
5056,10.338258895088817
5057,10.338258895088817
5058,10.338258895088817
5059,10.338258895088817
5060,10.338258895088817
5061,10.338258895088817
5062,10.338258895088817
5063,10.338258895088817
5064,10.338258895088817
5065,10.338258895088817
5066,10.338258895088817
5067,10.338258895088817
5068,10.338258895088817
5069,10.338258895088817
5070,10.338258895088817
5071,10.338258895088817
5072,10.338258895088817
5073,10.338258895088817
5074,10.338258895088817
5075,10.338258895088817
5076,10.338258895088817
5077,10.338258895088817
5078,10.338258895088817
5079,10.338258895088817
5080,10.338258895088817
5081,10.338258895088817
5082,10.338258895088817
5083,10.338258895088817
5084,10.338258895088817
5085,10.338258895088817
5086,10.338258895088817
5087,10.338258895088817
5088,10.338258895088817
5089,10.338258895088817
5090,10.338258895088817
5091,10.338258895088817
5092,10.338258895088817
5093,10.338258895088817
5094,10.338258895088817
5095,10.338258895088817
5096,10.338258895088817
5097,10.338258895088817
5098,10.338258895088817
5099,10.338258895088817
5100,10.338258895088817
5101,10.338258895088817
5102,10.338258895088817
5103,10.338258895088817
5104,10.338258895088817
5105,10.338258895088817
5106,10.338258895088817
5107,10.338258895088817
5108,10.338258895088817
5109,10.338258895088817
5110,10.338258895088817
5111,10.338258895088817
5112,10.338258895088817
5113,10.338258895088817
5114,10.338258895088817
5115,10.338258895088817
5116,10.338258895088817
5117,10.338258895088817
5118,10.338258895088817
5119,10.338258895088817
5120,10.338258895088817
5121,10.338258895088817
5122,10.338258895088817
5123,10.338258895088817
5124,10.338258895088817
5125,10.338258895088817
5126,10.338258895088817
5127,10.338258895088817
5128,10.338258895088817
5129,10.338258895088817
5130,10.338258895088817
5131,10.338258895088817
5132,10.338258895088817
5133,10.338258895088817
5134,10.338258895088817
5135,10.338258895088817
5136,10.338258895088817
5137,10.338258895088817
5138,10.338258895088817
5139,10.338258895088817
5140,10.338258895088817
5141,10.338258895088817
5142,10.338258895088817
5143,10.338258895088817
5144,10.338258895088817
5145,10.338258895088817
5146,10.338258895088817
5147,10.338258895088817
5148,10.338258895088817
5149,10.338258895088817
5150,10.338258895088817
5151,10.338258895088817
5152,10.338258895088817
5153,10.338258895088817
5154,10.338258895088817
5155,10.338258895088817
5156,10.338258895088817
5157,10.338258895088817
5158,10.338258895088817
5159,10.338258895088817
5160,10.338258895088817
5161,10.338258895088817
5162,10.338258895088817
5163,10.338258895088817
5164,10.338258895088817
5165,10.338258895088817
5166,10.338258895088817
5167,10.338258895088817
5168,10.338258895088817
5169,10.338258895088817
5170,10.338258895088817
5171,10.338258895088817
5172,10.338258895088817
5173,10.338258895088817
5174,10.338258895088817
5175,10.338258895088817
5176,10.338258895088817
5177,10.338258895088817
5178,10.338258895088817
5179,10.338258895088817
5180,10.338258895088817
5181,10.338258895088817
5182,10.338258895088817
5183,10.338258895088817
5184,10.338258895088817
5185,10.338258895088817
5186,10.338258895088817
5187,10.338258895088817
5188,10.338258895088817
5189,10.338258895088817
5190,10.338258895088817
5191,10.338258895088817
5192,10.338258895088817
5193,10.338258895088817
5194,10.338258895088817
5195,10.338258895088817
5196,10.338258895088817
5197,10.338258895088817
5198,10.338258895088817
5199,10.338258895088817
5200,10.338258895088817
5201,10.338258895088817
5202,10.338258895088817
5203,10.338258895088817
5204,10.338258895088817
5205,10.338258895088817
5206,10.338258895088817
5207,10.338258895088817
5208,10.338258895088817
5209,10.338258895088817
5210,10.338258895088817
5211,10.338258895088817
5212,10.338258895088817
5213,10.338258895088817
5214,10.338258895088817
5215,10.338258895088817
5216,10.338258895088817
5217,10.338258895088817
5218,10.338258895088817
5219,10.338258895088817
5220,10.338258895088817
5221,10.338258895088817
5222,10.338258895088817
5223,10.338258895088817
5224,10.338258895088817
5225,10.338258895088817
5226,10.338258895088817
5227,10.338258895088817
5228,10.338258895088817
5229,10.338258895088817
5230,10.338258895088817
5231,10.338258895088817
5232,10.338258895088817
5233,10.338258895088817
5234,10.338258895088817
5235,10.338258895088817
5236,10.338258895088817
5237,10.338258895088817
5238,10.338258895088817
5239,10.338258895088817
5240,10.338258895088817
5241,10.338258895088817
5242,10.338258895088817
5243,10.338258895088817
5244,10.338258895088817
5245,10.338258895088817
5246,10.338258895088817
5247,10.338258895088817
5248,10.338258895088817
5249,10.338258895088817
5250,10.338258895088817
5251,10.338258895088817
5252,10.338258895088817
5253,10.338258895088817
5254,10.338258895088817
5255,10.338258895088817
5256,10.338258895088817
5257,10.338258895088817
5258,10.338258895088817
5259,10.338258895088817
5260,10.338258895088817
5261,10.338258895088817
5262,10.338258895088817
5263,10.338258895088817
5264,10.338258895088817
5265,10.338258895088817
5266,10.338258895088817
5267,10.338258895088817
5268,10.338258895088817
5269,10.338258895088817
5270,10.338258895088817
5271,10.338258895088817
5272,10.338258895088817
5273,10.338258895088817
5274,10.338258895088817
5275,10.338258895088817
5276,10.338258895088817
5277,10.338258895088817
5278,10.338258895088817
5279,10.338258895088817
5280,10.338258895088817
5281,10.338258895088817
5282,10.338258895088817
5283,10.338258895088817
5284,10.338258895088817
5285,10.338258895088817
5286,10.338258895088817
5287,10.338258895088817
5288,10.338258895088817
5289,10.338258895088817
5290,10.338258895088817
5291,10.338258895088817
5292,10.338258895088817
5293,10.338258895088817
5294,10.338258895088817
5295,10.338258895088817
5296,10.338258895088817
5297,10.338258895088817
5298,10.338258895088817
5299,10.338258895088817
5300,10.338258895088817
5301,10.338258895088817
5302,10.338258895088817
5303,10.338258895088817
5304,10.338258895088817
5305,10.338258895088817
5306,10.338258895088817
5307,10.338258895088817
5308,10.338258895088817
5309,10.338258895088817
5310,10.338258895088817
5311,10.338258895088817
5312,10.338258895088817
5313,10.338258895088817
5314,10.338258895088817
5315,10.338258895088817
5316,10.338258895088817
5317,10.338258895088817
5318,10.338258895088817
5319,10.338258895088817
5320,10.338258895088817
5321,10.338258895088817
5322,10.338258895088817
5323,10.338258895088817
5324,10.338258895088817
5325,10.338258895088817
5326,10.338258895088817
5327,10.338258895088817
5328,10.338258895088817
5329,10.338258895088817
5330,10.338258895088817
5331,10.338258895088817
5332,10.338258895088817
5333,10.338258895088817
5334,10.338258895088817
5335,10.338258895088817
5336,10.338258895088817
5337,10.338258895088817
5338,10.338258895088817
5339,10.338258895088817
5340,10.338258895088817
5341,10.338258895088817
5342,10.338258895088817
5343,10.338258895088817
5344,10.338258895088817
5345,10.338258895088817
5346,10.338258895088817
5347,10.338258895088817
5348,10.338258895088817
5349,10.338258895088817
5350,10.338258895088817
5351,10.338258895088817
5352,10.338258895088817
5353,10.338258895088817
5354,10.338258895088817
5355,10.338258895088817
5356,10.338258895088817
5357,10.338258895088817
5358,10.338258895088817
5359,10.338258895088817
5360,10.338258895088817
5361,10.338258895088817
5362,10.338258895088817
5363,10.338258895088817
5364,10.338258895088817
5365,10.338258895088817
5366,10.338258895088817
5367,10.338258895088817
5368,10.338258895088817
5369,10.338258895088817
5370,10.338258895088817
5371,10.338258895088817
5372,10.338258895088817
5373,10.338258895088817
5374,10.338258895088817
5375,10.338258895088817
5376,10.338258895088817
5377,10.338258895088817
5378,10.338258895088817
5379,10.338258895088817
5380,10.338258895088817
5381,10.338258895088817
5382,10.338258895088817
5383,10.338258895088817
5384,10.338258895088817
5385,10.338258895088817
5386,10.338258895088817
5387,10.338258895088817
5388,10.338258895088817
5389,10.338258895088817
5390,10.338258895088817
5391,10.338258895088817
5392,10.338258895088817
5393,10.338258895088817
5394,10.338258895088817
5395,10.338258895088817
5396,10.338258895088817
5397,10.338258895088817
5398,10.338258895088817
5399,10.338258895088817
5400,10.338258895088817
5401,10.338258895088817
5402,10.338258895088817
5403,10.338258895088817
5404,10.338258895088817
5405,10.338258895088817
5406,10.338258895088817
5407,10.338258895088817
5408,10.338258895088817
5409,10.338258895088817
5410,10.338258895088817
5411,10.338258895088817
5412,10.338258895088817
5413,10.338258895088817
5414,10.338258895088817
5415,10.338258895088817
5416,10.338258895088817
5417,10.338258895088817
5418,10.338258895088817
5419,10.338258895088817
5420,10.338258895088817
5421,10.338258895088817
5422,10.338258895088817
5423,10.338258895088817
5424,10.338258895088817
5425,10.338258895088817
5426,10.338258895088817
5427,10.338258895088817
5428,10.338258895088817
5429,10.338258895088817
5430,10.338258895088817
5431,10.338258895088817
5432,10.338258895088817
5433,10.338258895088817
5434,10.338258895088817
5435,10.338258895088817
5436,10.338258895088817
5437,10.338258895088817
5438,10.338258895088817
5439,10.338258895088817
5440,10.338258895088817
5441,10.338258895088817
5442,10.338258895088817
5443,10.338258895088817
5444,10.338258895088817
5445,10.338258895088817
5446,10.338258895088817
5447,10.338258895088817
5448,10.338258895088817
5449,10.338258895088817
5450,10.338258895088817
5451,10.338258895088817
5452,10.338258895088817
5453,10.338258895088817
5454,10.338258895088817
5455,10.338258895088817
5456,10.338258895088817
5457,10.338258895088817
5458,10.338258895088817
5459,10.338258895088817
5460,10.338258895088817
5461,10.338258895088817
5462,10.338258895088817
5463,10.338258895088817
5464,10.338258895088817
5465,10.338258895088817
5466,10.338258895088817
5467,10.338258895088817
5468,10.338258895088817
5469,10.338258895088817
5470,10.338258895088817
5471,10.338258895088817
5472,10.338258895088817
5473,10.338258895088817
5474,10.338258895088817
5475,10.338258895088817
5476,10.338258895088817
5477,10.338258895088817
5478,10.338258895088817
5479,10.338258895088817
5480,10.338258895088817
5481,10.338258895088817
5482,10.338258895088817
5483,10.338258895088817
5484,10.338258895088817
5485,10.338258895088817
5486,10.338258895088817
5487,10.338258895088817
5488,10.338258895088817
5489,10.338258895088817
5490,10.338258895088817
5491,10.338258895088817
5492,10.338258895088817
5493,10.338258895088817
5494,10.338258895088817
5495,10.338258895088817
5496,10.338258895088817
5497,10.338258895088817
5498,10.338258895088817
5499,10.338258895088817
5500,10.338258895088817
5501,10.338258895088817
5502,10.338258895088817
5503,10.338258895088817
5504,10.338258895088817
5505,10.338258895088817
5506,10.338258895088817
5507,10.338258895088817
5508,10.338258895088817
5509,10.338258895088817
5510,10.338258895088817
5511,10.338258895088817
5512,10.338258895088817
5513,10.338258895088817
5514,10.338258895088817
5515,10.338258895088817
5516,10.338258895088817
5517,10.338258895088817
5518,10.338258895088817
5519,10.338258895088817
5520,10.338258895088817
5521,10.338258895088817
5522,10.338258895088817
5523,10.338258895088817
5524,10.338258895088817
5525,10.338258895088817
5526,10.338258895088817
5527,10.338258895088817
5528,10.338258895088817
5529,10.338258895088817
5530,10.338258895088817
5531,10.338258895088817
5532,10.338258895088817
5533,10.338258895088817
5534,10.338258895088817
5535,10.338258895088817
5536,10.338258895088817
5537,10.338258895088817
5538,10.338258895088817
5539,10.338258895088817
5540,10.338258895088817
5541,10.338258895088817
5542,10.338258895088817
5543,10.338258895088817
5544,10.338258895088817
5545,10.338258895088817
5546,10.338258895088817
5547,10.338258895088817
5548,10.338258895088817
5549,10.338258895088817
5550,10.338258895088817
5551,10.338258895088817
5552,10.338258895088817
5553,10.338258895088817
5554,10.338258895088817
5555,10.338258895088817
5556,10.338258895088817
5557,10.338258895088817
5558,10.338258895088817
5559,10.338258895088817
5560,10.338258895088817
5561,10.338258895088817
5562,10.338258895088817
5563,10.338258895088817
5564,10.338258895088817
5565,10.338258895088817
5566,10.338258895088817
5567,10.338258895088817
5568,10.338258895088817
5569,10.338258895088817
5570,10.338258895088817
5571,10.338258895088817
5572,10.338258895088817
5573,10.338258895088817
5574,10.338258895088817
5575,10.338258895088817
5576,10.338258895088817
5577,10.338258895088817
5578,10.338258895088817
5579,10.338258895088817
5580,10.338258895088817
5581,10.338258895088817
5582,10.338258895088817
5583,10.338258895088817
5584,10.338258895088817
5585,10.338258895088817
5586,10.338258895088817
5587,10.338258895088817
5588,10.338258895088817
5589,10.338258895088817
5590,10.338258895088817
5591,10.338258895088817
5592,10.338258895088817
5593,10.338258895088817
5594,10.338258895088817
5595,10.338258895088817
5596,10.338258895088817
5597,10.338258895088817
5598,10.338258895088817
5599,10.338258895088817
5600,10.338258895088817
5601,10.338258895088817
5602,10.338258895088817
5603,10.338258895088817
5604,10.338258895088817
5605,10.338258895088817
5606,10.338258895088817
5607,10.338258895088817
5608,10.338258895088817
5609,10.338258895088817
5610,10.338258895088817
5611,10.338258895088817
5612,10.338258895088817
5613,10.338258895088817
5614,10.338258895088817
5615,10.338258895088817
5616,10.338258895088817
5617,10.338258895088817
5618,10.338258895088817
5619,10.338258895088817
5620,10.338258895088817
5621,10.338258895088817
5622,10.338258895088817
5623,10.338258895088817
5624,10.338258895088817
5625,10.338258895088817
5626,10.338258895088817
5627,10.338258895088817
5628,10.338258895088817
5629,10.338258895088817
5630,10.338258895088817
5631,10.338258895088817
5632,10.338258895088817
5633,10.338258895088817
5634,10.338258895088817
5635,10.338258895088817
5636,10.338258895088817
5637,10.338258895088817
5638,10.338258895088817
5639,10.338258895088817
5640,10.338258895088817
5641,10.338258895088817
5642,10.338258895088817
5643,10.338258895088817
5644,10.338258895088817
5645,10.338258895088817
5646,10.338258895088817
5647,10.338258895088817
5648,10.338258895088817
5649,10.338258895088817
5650,10.338258895088817
5651,10.338258895088817
5652,10.338258895088817
5653,10.338258895088817
5654,10.338258895088817
5655,10.338258895088817
5656,10.338258895088817
5657,10.338258895088817
5658,10.338258895088817
5659,10.338258895088817
5660,10.338258895088817
5661,10.338258895088817
5662,10.338258895088817
5663,10.338258895088817
5664,10.338258895088817
5665,10.338258895088817
5666,10.338258895088817
5667,10.338258895088817
5668,10.338258895088817
5669,10.338258895088817
5670,10.338258895088817
5671,10.338258895088817
5672,10.338258895088817
5673,10.338258895088817
5674,10.338258895088817
5675,10.338258895088817
5676,10.338258895088817
5677,10.338258895088817
5678,10.338258895088817
5679,10.338258895088817
5680,10.338258895088817
5681,10.338258895088817
5682,10.338258895088817
5683,10.338258895088817
5684,10.338258895088817
5685,10.338258895088817
5686,10.338258895088817
5687,10.338258895088817
5688,10.338258895088817
5689,10.338258895088817
5690,10.338258895088817
5691,10.338258895088817
5692,10.338258895088817
5693,10.338258895088817
5694,10.338258895088817
5695,10.338258895088817
5696,10.338258895088817
5697,10.338258895088817
5698,10.338258895088817
5699,10.338258895088817
5700,10.338258895088817
5701,10.338258895088817
5702,10.338258895088817
5703,10.338258895088817
5704,10.338258895088817
5705,10.338258895088817
5706,10.338258895088817
5707,10.338258895088817
5708,10.338258895088817
5709,10.338258895088817
5710,10.338258895088817
5711,10.338258895088817
5712,10.338258895088817
5713,10.338258895088817
5714,10.338258895088817
5715,10.338258895088817
5716,10.338258895088817
5717,10.338258895088817
5718,10.338258895088817
5719,10.338258895088817
5720,10.338258895088817
5721,10.338258895088817
5722,10.338258895088817
5723,10.338258895088817
5724,10.338258895088817
5725,10.338258895088817
5726,10.338258895088817
5727,10.338258895088817
5728,10.338258895088817
5729,10.338258895088817
5730,10.338258895088817
5731,10.338258895088817
5732,10.338258895088817
5733,10.338258895088817
5734,10.338258895088817
5735,10.338258895088817
5736,10.338258895088817
5737,10.338258895088817
5738,10.338258895088817
5739,10.338258895088817
5740,10.338258895088817
5741,10.338258895088817
5742,10.338258895088817
5743,10.338258895088817
5744,10.338258895088817
5745,10.338258895088817
5746,10.338258895088817
5747,10.338258895088817
5748,10.338258895088817
5749,10.338258895088817
5750,10.338258895088817
5751,10.338258895088817
5752,10.338258895088817
5753,10.338258895088817
5754,10.338258895088817
5755,10.338258895088817
5756,10.338258895088817
5757,10.338258895088817
5758,10.338258895088817
5759,10.338258895088817
5760,10.338258895088817
5761,10.338258895088817
5762,10.338258895088817
5763,10.338258895088817
5764,10.338258895088817
5765,10.338258895088817
5766,10.338258895088817
5767,10.338258895088817
5768,10.338258895088817
5769,10.338258895088817
5770,10.338258895088817
5771,10.338258895088817
5772,10.338258895088817
5773,10.338258895088817
5774,10.338258895088817
5775,10.338258895088817
5776,10.338258895088817
5777,10.338258895088817
5778,10.338258895088817
5779,10.338258895088817
5780,10.338258895088817
5781,10.338258895088817
5782,10.338258895088817
5783,10.338258895088817
5784,10.338258895088817
5785,10.338258895088817
5786,10.338258895088817
5787,10.338258895088817
5788,10.338258895088817
5789,10.338258895088817
5790,10.338258895088817
5791,10.338258895088817
5792,10.338258895088817
5793,10.338258895088817
5794,10.338258895088817
5795,10.338258895088817
5796,10.338258895088817
5797,10.338258895088817
5798,10.338258895088817
5799,10.338258895088817
5800,10.338258895088817
5801,10.338258895088817
5802,10.338258895088817
5803,10.338258895088817
5804,10.338258895088817
5805,10.338258895088817
5806,10.338258895088817
5807,10.338258895088817
5808,10.338258895088817
5809,10.338258895088817
5810,10.338258895088817
5811,10.338258895088817
5812,10.338258895088817
5813,10.338258895088817
5814,10.338258895088817
5815,10.338258895088817
5816,10.338258895088817
5817,10.338258895088817
5818,10.338258895088817
5819,10.338258895088817
5820,10.338258895088817
5821,10.338258895088817
5822,10.338258895088817
5823,10.338258895088817
5824,10.338258895088817
5825,10.338258895088817
5826,10.338258895088817
5827,10.338258895088817
5828,10.338258895088817
5829,10.338258895088817
5830,10.338258895088817
5831,10.338258895088817
5832,10.338258895088817
5833,10.338258895088817
5834,10.338258895088817
5835,10.338258895088817
5836,10.338258895088817
5837,10.338258895088817
5838,10.338258895088817
5839,10.338258895088817
5840,10.338258895088817
5841,10.338258895088817
5842,10.338258895088817
5843,10.338258895088817
5844,10.338258895088817
5845,10.338258895088817
5846,10.338258895088817
5847,10.338258895088817
5848,10.338258895088817
5849,10.338258895088817
5850,10.338258895088817
5851,10.338258895088817
5852,10.338258895088817
5853,10.338258895088817
5854,10.338258895088817
5855,10.338258895088817
5856,10.338258895088817
5857,10.338258895088817
5858,10.338258895088817
5859,10.338258895088817
5860,10.338258895088817
5861,10.338258895088817
5862,10.338258895088817
5863,10.338258895088817
5864,10.338258895088817
5865,10.338258895088817
5866,10.338258895088817
5867,10.338258895088817
5868,10.338258895088817
5869,10.338258895088817
5870,10.338258895088817
5871,10.338258895088817
5872,10.338258895088817
5873,10.338258895088817
5874,10.338258895088817
5875,10.338258895088817
5876,10.338258895088817
5877,10.338258895088817
5878,10.338258895088817
5879,10.338258895088817
5880,10.338258895088817
5881,10.338258895088817
5882,10.338258895088817
5883,10.338258895088817
5884,10.338258895088817
5885,10.338258895088817
5886,10.338258895088817
5887,10.338258895088817
5888,10.338258895088817
5889,10.338258895088817
5890,10.338258895088817
5891,10.338258895088817
5892,10.338258895088817
5893,10.338258895088817
5894,10.338258895088817
5895,10.338258895088817
5896,10.338258895088817
5897,10.338258895088817
5898,10.338258895088817
5899,10.338258895088817
5900,10.338258895088817
5901,10.338258895088817
5902,10.338258895088817
5903,10.338258895088817
5904,10.338258895088817
5905,10.338258895088817
5906,10.338258895088817
5907,10.338258895088817
5908,10.338258895088817
5909,10.338258895088817
5910,10.338258895088817
5911,10.338258895088817
5912,10.338258895088817
5913,10.338258895088817
5914,10.338258895088817
5915,10.338258895088817
5916,10.338258895088817
5917,10.338258895088817
5918,10.338258895088817
5919,10.338258895088817
5920,10.338258895088817
5921,10.338258895088817
5922,10.338258895088817
5923,10.338258895088817
5924,10.338258895088817
5925,10.338258895088817
5926,10.338258895088817
5927,10.338258895088817
5928,10.338258895088817
5929,10.338258895088817
5930,10.338258895088817
5931,10.338258895088817
5932,10.338258895088817
5933,10.338258895088817
5934,10.338258895088817
5935,10.338258895088817
5936,10.338258895088817
5937,10.338258895088817
5938,10.338258895088817
5939,10.338258895088817
5940,10.338258895088817
5941,10.338258895088817
5942,10.338258895088817
5943,10.338258895088817
5944,10.338258895088817
5945,10.338258895088817
5946,10.338258895088817
5947,10.338258895088817
5948,10.338258895088817
5949,10.338258895088817
5950,10.338258895088817
5951,10.338258895088817
5952,10.338258895088817
5953,10.338258895088817
5954,10.338258895088817
5955,10.338258895088817
5956,10.338258895088817
5957,10.338258895088817
5958,10.338258895088817
5959,10.338258895088817
5960,10.338258895088817
5961,10.338258895088817
5962,10.338258895088817
5963,10.338258895088817
5964,10.338258895088817
5965,10.338258895088817
5966,10.338258895088817
5967,10.338258895088817
5968,10.338258895088817
5969,10.338258895088817
5970,10.338258895088817
5971,10.338258895088817
5972,10.338258895088817
5973,10.338258895088817
5974,10.338258895088817
5975,10.338258895088817
5976,10.338258895088817
5977,10.338258895088817
5978,10.338258895088817
5979,10.338258895088817
5980,10.338258895088817
5981,10.338258895088817
5982,10.338258895088817
5983,10.338258895088817
5984,10.338258895088817
5985,10.338258895088817
5986,10.338258895088817
5987,10.338258895088817
5988,10.338258895088817
5989,10.338258895088817
5990,10.338258895088817
5991,10.338258895088817
5992,10.338258895088817
5993,10.338258895088817
5994,10.338258895088817
5995,10.338258895088817
5996,10.338258895088817
5997,10.338258895088817
5998,10.338258895088817
5999,10.338258895088817
6000,10.338258895088817
6001,10.338258895088817
6002,10.338258895088817
6003,10.338258895088817
6004,10.338258895088817
6005,10.338258895088817
6006,10.338258895088817
6007,10.338258895088817
6008,10.338258895088817
6009,10.338258895088817
6010,10.338258895088817
6011,10.338258895088817
6012,10.338258895088817
6013,10.338258895088817
6014,10.338258895088817
6015,10.338258895088817
6016,10.338258895088817
6017,-7.633502970399134
6018,-7.633502970399134
6019,-7.633502970399134
6020,-7.633502970399134
6021,-7.633502970399134
6022,-7.633502970399134
6023,-7.633502970399134
6024,-7.633502970399134
6025,-7.633502970399134
6026,-7.633502970399134
6027,-7.633502970399134
6028,-7.633502970399134
6029,-7.633502970399134
6030,-7.633502970399134
6031,-7.633502970399134
6032,-7.633502970399134
6033,-7.633502970399134
6034,-7.633502970399134
6035,-7.633502970399134
6036,-7.633502970399134
6037,-7.633502970399134
6038,-7.633502970399134
6039,-7.633502970399134
6040,-7.633502970399134
6041,-7.633502970399134
6042,-7.633502970399134
6043,-7.633502970399134
6044,-7.633502970399134
6045,-7.633502970399134
6046,-7.633502970399134
6047,-7.633502970399134
6048,-7.633502970399134
6049,-7.633502970399134
6050,-7.633502970399134
6051,-7.633502970399134
6052,-7.633502970399134
6053,-7.633502970399134
6054,-7.633502970399134
6055,-7.633502970399134
6056,-7.633502970399134
6057,-7.633502970399134
6058,-7.633502970399134
6059,-7.633502970399134
6060,-7.633502970399134
6061,-7.633502970399134
6062,-7.633502970399134
6063,-7.633502970399134
6064,-7.633502970399134
6065,-7.633502970399134
6066,-7.633502970399134
6067,-7.633502970399134
6068,-7.633502970399134
6069,-7.633502970399134
6070,-7.633502970399134
6071,-7.633502970399134
6072,-7.633502970399134
6073,-7.633502970399134
6074,-7.633502970399134
6075,-7.633502970399134
6076,-7.633502970399134
6077,-7.633502970399134
6078,-7.633502970399134
6079,-7.633502970399134
6080,-7.633502970399134
6081,-7.633502970399134
6082,-7.633502970399134
6083,-7.633502970399134
6084,-7.633502970399134
6085,-7.633502970399134
6086,-7.633502970399134
6087,-7.633502970399134
6088,-7.633502970399134
6089,-7.633502970399134
6090,-7.633502970399134
6091,-7.633502970399134
6092,-7.633502970399134
6093,-7.633502970399134
6094,-7.633502970399134
6095,-7.633502970399134
6096,-7.633502970399134
6097,-7.633502970399134
6098,-7.633502970399134
6099,-7.633502970399134
6100,-7.633502970399134
6101,-7.633502970399134
6102,-7.633502970399134
6103,-7.633502970399134
6104,-7.633502970399134
6105,-7.633502970399134
6106,-7.633502970399134
6107,-7.633502970399134
6108,-7.633502970399134
6109,-7.633502970399134
6110,-7.633502970399134
6111,-7.633502970399134
6112,-7.633502970399134
6113,-7.633502970399134
6114,-7.633502970399134
6115,-7.633502970399134
6116,-7.633502970399134
6117,-7.633502970399134
6118,-7.633502970399134
6119,-7.633502970399134
6120,-7.633502970399134
6121,-7.633502970399134
6122,-7.633502970399134
6123,-7.633502970399134
6124,-7.633502970399134
6125,-7.633502970399134
6126,-7.633502970399134
6127,-7.633502970399134
6128,-7.633502970399134
6129,-7.633502970399134
6130,-7.633502970399134
6131,-7.633502970399134
6132,-7.633502970399134
6133,-7.633502970399134
6134,-7.633502970399134
6135,-7.633502970399134
6136,-7.633502970399134
6137,-7.633502970399134
6138,-7.633502970399134
6139,-7.633502970399134
6140,-7.633502970399134
6141,-7.633502970399134
6142,-7.633502970399134
6143,-7.633502970399134
6144,-7.633502970399134
6145,-7.633502970399134
6146,-7.633502970399134
6147,-7.633502970399134
6148,-7.633502970399134
6149,-7.633502970399134
6150,-7.633502970399134
6151,-7.633502970399134
6152,-7.633502970399134
6153,-7.633502970399134
6154,-7.633502970399134
6155,-7.633502970399134
6156,-7.633502970399134
6157,-7.633502970399134
6158,-7.633502970399134
6159,-7.633502970399134
6160,-7.633502970399134
6161,-7.633502970399134
6162,-7.633502970399134
6163,-7.633502970399134
6164,-7.633502970399134
6165,-7.633502970399134
6166,-7.633502970399134
6167,-7.633502970399134
6168,-7.633502970399134
6169,-7.633502970399134
6170,-7.633502970399134
6171,-7.633502970399134
6172,-7.633502970399134
6173,-7.633502970399134
6174,-7.633502970399134
6175,-7.633502970399134
6176,-7.633502970399134
6177,-7.633502970399134
6178,-7.633502970399134
6179,-7.633502970399134
6180,-7.633502970399134
6181,-7.633502970399134
6182,-7.633502970399134
6183,-7.633502970399134
6184,-7.633502970399134
6185,-7.633502970399134
6186,-7.633502970399134
6187,-7.633502970399134
6188,-7.633502970399134
6189,-7.633502970399134
6190,-7.633502970399134
6191,-7.633502970399134
6192,-7.633502970399134
6193,-7.633502970399134
6194,-7.633502970399134
6195,-7.633502970399134
6196,-7.633502970399134
6197,-7.633502970399134
6198,-7.633502970399134
6199,-7.633502970399134
6200,-7.633502970399134
6201,-7.633502970399134
6202,-7.633502970399134
6203,-7.633502970399134
6204,-7.633502970399134
6205,-7.633502970399134
6206,-7.633502970399134
6207,-7.633502970399134
6208,-7.633502970399134
6209,-7.633502970399134
6210,-7.633502970399134
6211,-7.633502970399134
6212,-7.633502970399134
6213,-7.633502970399134
6214,-7.633502970399134
6215,-7.633502970399134
6216,-7.633502970399134
6217,-7.633502970399134
6218,-7.633502970399134
6219,-7.633502970399134
6220,-7.633502970399134
6221,-7.633502970399134
6222,-7.633502970399134
6223,-7.633502970399134
6224,-7.633502970399134
6225,-7.633502970399134
6226,-7.633502970399134
6227,-7.633502970399134
6228,-7.633502970399134
6229,-7.633502970399134
6230,-7.633502970399134
6231,-7.633502970399134
6232,-7.633502970399134
6233,-7.633502970399134
6234,-7.633502970399134
6235,-7.633502970399134
6236,-7.633502970399134
6237,-7.633502970399134
6238,-7.633502970399134
6239,-7.633502970399134
6240,-7.633502970399134
6241,-7.633502970399134
6242,-7.633502970399134
6243,-7.633502970399134
6244,-7.633502970399134
6245,-7.633502970399134
6246,-7.633502970399134
6247,-7.633502970399134
6248,-7.633502970399134
6249,-7.633502970399134
6250,-7.633502970399134
6251,-7.633502970399134
6252,-7.633502970399134
6253,-7.633502970399134
6254,-7.633502970399134
6255,-7.633502970399134
6256,-7.633502970399134
6257,-7.633502970399134
6258,-7.633502970399134
6259,-7.633502970399134
6260,-7.633502970399134
6261,-7.633502970399134
6262,-7.633502970399134
6263,-7.633502970399134
6264,-7.633502970399134
6265,-7.633502970399134
6266,-7.633502970399134
6267,-7.633502970399134
6268,-7.633502970399134
6269,-7.633502970399134
6270,-7.633502970399134
6271,-7.633502970399134
6272,-7.633502970399134
6273,-7.633502970399134
6274,-7.633502970399134
6275,-7.633502970399134
6276,-7.633502970399134
6277,-7.633502970399134
6278,-7.633502970399134
6279,-7.633502970399134
6280,-7.633502970399134
6281,-7.633502970399134
6282,-7.633502970399134
6283,-7.633502970399134
6284,-7.633502970399134
6285,-7.633502970399134
6286,-7.633502970399134
6287,-7.633502970399134
6288,-7.633502970399134
6289,-7.633502970399134
6290,-7.633502970399134
6291,-7.633502970399134
6292,-7.633502970399134
6293,-7.633502970399134
6294,-7.633502970399134
6295,-7.633502970399134
6296,-7.633502970399134
6297,-7.633502970399134
6298,-7.633502970399134
6299,-7.633502970399134
6300,-7.633502970399134
6301,-7.633502970399134
6302,-7.633502970399134
6303,-7.633502970399134
6304,-7.633502970399134
6305,-7.633502970399134
6306,-7.633502970399134
6307,-7.633502970399134
6308,-7.633502970399134
6309,-7.633502970399134
6310,-7.633502970399134
6311,-7.633502970399134
6312,-7.633502970399134
6313,-7.633502970399134
6314,-7.633502970399134
6315,-7.633502970399134
6316,-7.633502970399134
6317,-7.633502970399134
6318,-7.633502970399134
6319,-7.633502970399134
6320,-7.633502970399134
6321,-7.633502970399134
6322,-7.633502970399134
6323,-7.633502970399134
6324,-7.633502970399134
6325,-7.633502970399134
6326,-7.633502970399134
6327,-7.633502970399134
6328,-7.633502970399134
6329,-7.633502970399134
6330,-7.633502970399134
6331,-7.633502970399134
6332,-7.633502970399134
6333,-7.633502970399134
6334,-7.633502970399134
6335,-7.633502970399134
6336,-7.633502970399134
6337,-7.633502970399134
6338,-7.633502970399134
6339,-7.633502970399134
6340,-7.633502970399134
6341,-7.633502970399134
6342,-7.633502970399134
6343,-7.633502970399134
6344,-7.633502970399134
6345,-7.633502970399134
6346,-7.633502970399134
6347,-7.633502970399134
6348,-7.633502970399134
6349,-7.633502970399134
6350,-7.633502970399134
6351,-7.633502970399134
6352,-7.633502970399134
6353,-7.633502970399134
6354,-7.633502970399134
6355,-7.633502970399134
6356,-7.633502970399134
6357,-7.633502970399134
6358,-7.633502970399134
6359,-7.633502970399134
6360,-7.633502970399134
6361,-7.633502970399134
6362,-7.633502970399134
6363,-7.633502970399134
6364,-7.633502970399134
6365,-7.633502970399134
6366,-7.633502970399134
6367,-7.633502970399134
6368,-7.633502970399134
6369,-7.633502970399134
6370,-7.633502970399134
6371,-7.633502970399134
6372,-7.633502970399134
6373,-7.633502970399134
6374,-7.633502970399134
6375,-7.633502970399134
6376,-7.633502970399134
6377,-7.633502970399134
6378,-7.633502970399134
6379,-7.633502970399134
6380,-7.633502970399134
6381,-7.633502970399134
6382,-7.633502970399134
6383,-7.633502970399134
6384,-7.633502970399134
6385,-7.633502970399134
6386,-7.633502970399134
6387,-7.633502970399134
6388,-7.633502970399134
6389,-7.633502970399134
6390,-7.633502970399134
6391,-7.633502970399134
6392,-7.633502970399134
6393,-7.633502970399134
6394,-7.633502970399134
6395,-7.633502970399134
6396,-7.633502970399134
6397,-7.633502970399134
6398,-7.633502970399134
6399,-7.633502970399134
6400,-7.633502970399134
6401,-7.633502970399134
6402,-7.633502970399134
6403,-7.633502970399134
6404,-7.633502970399134
6405,-7.633502970399134
6406,-7.633502970399134
6407,-7.633502970399134
6408,-7.633502970399134
6409,-7.633502970399134
6410,-7.633502970399134
6411,-7.633502970399134
6412,-7.633502970399134
6413,-7.633502970399134
6414,-7.633502970399134
6415,-7.633502970399134
6416,-7.633502970399134
6417,-7.633502970399134
6418,-7.633502970399134
6419,-7.633502970399134
6420,-7.633502970399134
6421,-7.633502970399134
6422,-7.633502970399134
6423,-7.633502970399134
6424,-7.633502970399134
6425,-7.633502970399134
6426,-7.633502970399134
6427,-7.633502970399134
6428,-7.633502970399134
6429,-7.633502970399134
6430,-7.633502970399134
6431,-7.633502970399134
6432,-7.633502970399134
6433,-7.633502970399134
6434,-7.633502970399134
6435,-7.633502970399134
6436,-7.633502970399134
6437,-7.633502970399134
6438,-7.633502970399134
6439,-7.633502970399134
6440,-7.633502970399134
6441,-7.633502970399134
6442,-7.633502970399134
6443,-7.633502970399134
6444,-7.633502970399134
6445,-7.633502970399134
6446,-7.633502970399134
6447,-7.633502970399134
6448,-7.633502970399134
6449,-7.633502970399134
6450,-7.633502970399134
6451,-7.633502970399134
6452,-7.633502970399134
6453,-7.633502970399134
6454,-7.633502970399134
6455,-7.633502970399134
6456,-7.633502970399134
6457,-7.633502970399134
6458,-7.633502970399134
6459,-7.633502970399134
6460,-7.633502970399134
6461,-7.633502970399134
6462,-7.633502970399134
6463,-7.633502970399134
6464,-7.633502970399134
6465,-7.633502970399134
6466,-7.633502970399134
6467,-7.633502970399134
6468,-7.633502970399134
6469,-7.633502970399134
6470,-7.633502970399134
6471,-7.633502970399134
6472,-7.633502970399134
6473,-7.633502970399134
6474,-7.633502970399134
6475,-7.633502970399134
6476,-7.633502970399134
6477,-7.633502970399134
6478,-7.633502970399134
6479,-7.633502970399134
6480,-7.633502970399134
6481,-7.633502970399134
6482,-7.633502970399134
6483,-7.633502970399134
6484,-7.633502970399134
6485,-7.633502970399134
6486,-7.633502970399134
6487,-7.633502970399134
6488,-7.633502970399134
6489,-7.633502970399134
6490,-7.633502970399134
6491,-7.633502970399134
6492,-7.633502970399134
6493,-7.633502970399134
6494,-7.633502970399134
6495,-7.633502970399134
6496,-7.633502970399134
6497,-7.633502970399134
6498,-7.633502970399134
6499,-7.633502970399134
6500,-7.633502970399134
6501,-7.633502970399134
6502,-7.633502970399134
6503,-7.633502970399134
6504,-7.633502970399134
6505,-7.633502970399134
6506,-7.633502970399134
6507,-7.633502970399134
6508,-7.633502970399134
6509,-7.633502970399134
6510,-7.633502970399134
6511,-7.633502970399134
6512,-7.633502970399134
6513,-7.633502970399134
6514,-7.633502970399134
6515,-7.633502970399134
6516,-7.633502970399134
6517,-7.633502970399134
6518,-7.633502970399134
6519,-7.633502970399134
6520,-7.633502970399134
6521,-7.633502970399134
6522,-7.633502970399134
6523,-7.633502970399134
6524,-7.633502970399134
6525,-7.633502970399134
6526,-7.633502970399134
6527,-7.633502970399134
6528,-7.633502970399134
6529,-7.633502970399134
6530,-7.633502970399134
6531,-7.633502970399134
6532,-7.633502970399134
6533,-7.633502970399134
6534,-7.633502970399134
6535,-7.633502970399134
6536,-7.633502970399134
6537,-7.633502970399134
6538,-7.633502970399134
6539,-7.633502970399134
6540,-7.633502970399134
6541,-7.633502970399134
6542,-7.633502970399134
6543,-7.633502970399134
6544,-7.633502970399134
6545,-7.633502970399134
6546,-7.633502970399134
6547,-7.633502970399134
6548,-7.633502970399134
6549,-7.633502970399134
6550,-7.633502970399134
6551,-7.633502970399134
6552,-7.633502970399134
6553,-7.633502970399134
6554,-7.633502970399134
6555,-7.633502970399134
6556,-7.633502970399134
6557,-7.633502970399134
6558,-7.633502970399134
6559,-7.633502970399134
6560,-7.633502970399134
6561,-7.633502970399134
6562,-7.633502970399134
6563,-7.633502970399134
6564,-7.633502970399134
6565,-7.633502970399134
6566,-7.633502970399134
6567,-7.633502970399134
6568,-7.633502970399134
6569,-7.633502970399134
6570,-7.633502970399134
6571,-7.633502970399134
6572,-7.633502970399134
6573,-7.633502970399134
6574,-7.633502970399134
6575,-7.633502970399134
6576,-7.633502970399134
6577,-7.633502970399134
6578,-7.633502970399134
6579,-7.633502970399134
6580,-7.633502970399134
6581,-7.633502970399134
6582,-7.633502970399134
6583,-7.633502970399134
6584,-7.633502970399134
6585,-7.633502970399134
6586,-7.633502970399134
6587,-7.633502970399134
6588,-7.633502970399134
6589,-7.633502970399134
6590,-7.633502970399134
6591,-7.633502970399134
6592,-7.633502970399134
6593,-7.633502970399134
6594,-7.633502970399134
6595,-7.633502970399134
6596,-7.633502970399134
6597,-7.633502970399134
6598,-7.633502970399134
6599,-7.633502970399134
6600,-7.633502970399134
6601,-7.633502970399134
6602,-7.633502970399134
6603,-7.633502970399134
6604,-7.633502970399134
6605,-7.633502970399134
6606,-7.633502970399134
6607,-7.633502970399134
6608,-7.633502970399134
6609,-7.633502970399134
6610,-7.633502970399134
6611,-7.633502970399134
6612,-7.633502970399134
6613,-7.633502970399134
6614,-7.633502970399134
6615,-7.633502970399134
6616,-7.633502970399134
6617,-7.633502970399134
6618,-7.633502970399134
6619,-7.633502970399134
6620,-7.633502970399134
6621,-7.633502970399134
6622,-7.633502970399134
6623,-7.633502970399134
6624,-7.633502970399134
6625,-7.633502970399134
6626,-7.633502970399134
6627,-7.633502970399134
6628,-7.633502970399134
6629,-7.633502970399134
6630,-7.633502970399134
6631,-7.633502970399134
6632,-7.633502970399134
6633,-7.633502970399134
6634,-7.633502970399134
6635,-7.633502970399134
6636,-7.633502970399134
6637,-7.633502970399134
6638,-7.633502970399134
6639,-7.633502970399134
6640,-7.633502970399134
6641,-7.633502970399134
6642,-7.633502970399134
6643,-7.633502970399134
6644,-7.633502970399134
6645,-7.633502970399134
6646,-7.633502970399134
6647,-7.633502970399134
6648,-7.633502970399134
6649,-7.633502970399134
6650,-7.633502970399134
6651,-7.633502970399134
6652,-7.633502970399134
6653,-7.633502970399134
6654,-7.633502970399134
6655,-7.633502970399134
6656,-7.633502970399134
6657,-7.633502970399134
6658,-7.633502970399134
6659,-7.633502970399134
6660,-7.633502970399134
6661,-7.633502970399134
6662,-7.633502970399134
6663,-7.633502970399134
6664,-7.633502970399134
6665,-7.633502970399134
6666,-7.633502970399134
6667,-7.633502970399134
6668,-7.633502970399134
6669,-7.633502970399134
6670,-7.633502970399134
6671,-7.633502970399134
6672,-7.633502970399134
6673,-7.633502970399134
6674,-7.633502970399134
6675,-7.633502970399134
6676,-7.633502970399134
6677,-7.633502970399134
6678,-7.633502970399134
6679,-7.633502970399134
6680,-7.633502970399134
6681,-7.633502970399134
6682,-7.633502970399134
6683,-7.633502970399134
6684,-7.633502970399134
6685,-7.633502970399134
6686,-7.633502970399134
6687,-7.633502970399134
6688,-7.633502970399134
6689,-7.633502970399134
6690,-7.633502970399134
6691,-7.633502970399134
6692,-7.633502970399134
6693,-7.633502970399134
6694,-7.633502970399134
6695,-7.633502970399134
6696,-7.633502970399134
6697,-7.633502970399134
6698,-7.633502970399134
6699,-7.633502970399134
6700,-7.633502970399134
6701,-7.633502970399134
6702,-7.633502970399134
6703,-7.633502970399134
6704,-7.633502970399134
6705,-7.633502970399134
6706,-7.633502970399134
6707,-7.633502970399134
6708,-7.633502970399134
6709,-7.633502970399134
6710,-7.633502970399134
6711,-7.633502970399134
6712,-7.633502970399134
6713,-7.633502970399134
6714,-7.633502970399134
6715,-7.633502970399134
6716,-7.633502970399134
6717,-7.633502970399134
6718,-7.633502970399134
6719,-7.633502970399134
6720,-7.633502970399134
6721,-7.633502970399134
6722,-7.633502970399134
6723,-7.633502970399134
6724,-7.633502970399134
6725,-7.633502970399134
6726,-7.633502970399134
6727,-7.633502970399134
6728,-7.633502970399134
6729,-7.633502970399134
6730,-7.633502970399134
6731,-7.633502970399134
6732,-7.633502970399134
6733,-7.633502970399134
6734,-7.633502970399134
6735,-7.633502970399134
6736,-7.633502970399134
6737,-7.633502970399134
6738,-7.633502970399134
6739,-7.633502970399134
6740,-7.633502970399134
6741,-7.633502970399134
6742,-7.633502970399134
6743,-7.633502970399134
6744,-7.633502970399134
6745,-7.633502970399134
6746,-7.633502970399134
6747,-7.633502970399134
6748,-7.633502970399134
6749,-7.633502970399134
6750,-7.633502970399134
6751,-7.633502970399134
6752,-7.633502970399134
6753,-7.633502970399134
6754,-7.633502970399134
6755,-7.633502970399134
6756,-7.633502970399134
6757,-7.633502970399134
6758,-7.633502970399134
6759,-7.633502970399134
6760,-7.633502970399134
6761,-7.633502970399134
6762,-7.633502970399134
6763,-7.633502970399134
6764,-7.633502970399134
6765,-7.633502970399134
6766,-7.633502970399134
6767,-7.633502970399134
6768,-7.633502970399134
6769,-7.633502970399134
6770,-7.633502970399134
6771,-7.633502970399134
6772,-7.633502970399134
6773,-7.633502970399134
6774,-7.633502970399134
6775,-7.633502970399134
6776,-7.633502970399134
6777,-7.633502970399134
6778,-7.633502970399134
6779,-7.633502970399134
6780,-7.633502970399134
6781,-7.633502970399134
6782,-7.633502970399134
6783,-7.633502970399134
6784,-7.633502970399134
6785,-7.633502970399134
6786,-7.633502970399134
6787,-7.633502970399134
6788,-7.633502970399134
6789,-7.633502970399134
6790,-7.633502970399134
6791,-7.633502970399134
6792,-7.633502970399134
6793,-7.633502970399134
6794,-7.633502970399134
6795,-7.633502970399134
6796,-7.633502970399134
6797,-7.633502970399134
6798,-7.633502970399134
6799,-7.633502970399134
6800,-7.633502970399134
6801,-7.633502970399134
6802,-7.633502970399134
6803,-7.633502970399134
6804,-7.633502970399134
6805,-7.633502970399134
6806,-7.633502970399134
6807,-7.633502970399134
6808,-7.633502970399134
6809,-7.633502970399134
6810,-7.633502970399134
6811,-7.633502970399134
6812,-7.633502970399134
6813,-7.633502970399134
6814,-7.633502970399134
6815,-7.633502970399134
6816,-7.633502970399134
6817,-7.633502970399134
6818,-7.633502970399134
6819,-7.633502970399134
6820,-7.633502970399134
6821,-7.633502970399134
6822,-7.633502970399134
6823,-7.633502970399134
6824,-7.633502970399134
6825,-7.633502970399134
6826,-7.633502970399134
6827,-7.633502970399134
6828,-7.633502970399134
6829,-7.633502970399134
6830,-7.633502970399134
6831,-7.633502970399134
6832,-7.633502970399134
6833,-7.633502970399134
6834,-7.633502970399134
6835,-7.633502970399134
6836,-7.633502970399134
6837,-7.633502970399134
6838,-7.633502970399134
6839,-7.633502970399134
6840,-7.633502970399134
6841,-7.633502970399134
6842,-7.633502970399134
6843,-7.633502970399134
6844,-7.633502970399134
6845,-7.633502970399134
6846,-7.633502970399134
6847,-7.633502970399134
6848,-7.633502970399134
6849,-7.633502970399134
6850,-7.633502970399134
6851,-7.633502970399134
6852,-7.633502970399134
6853,-7.633502970399134
6854,-7.633502970399134
6855,-7.633502970399134
6856,-7.633502970399134
6857,-7.633502970399134
6858,-7.633502970399134
6859,-7.633502970399134
6860,-7.633502970399134
6861,-7.633502970399134
6862,-7.633502970399134
6863,-7.633502970399134
6864,-7.633502970399134
6865,-7.633502970399134
6866,-7.633502970399134
6867,-7.633502970399134
6868,-7.633502970399134
6869,-7.633502970399134
6870,-7.633502970399134
6871,-7.633502970399134
6872,-7.633502970399134
6873,-7.633502970399134
6874,-7.633502970399134
6875,-7.633502970399134
6876,-7.633502970399134
6877,-7.633502970399134
6878,-7.633502970399134
6879,-7.633502970399134
6880,-7.633502970399134
6881,-7.633502970399134
6882,-7.633502970399134
6883,-7.633502970399134
6884,-7.633502970399134
6885,-7.633502970399134
6886,-7.633502970399134
6887,-7.633502970399134
6888,-7.633502970399134
6889,-7.633502970399134
6890,-7.633502970399134
6891,-7.633502970399134
6892,-7.633502970399134
6893,-7.633502970399134
6894,-7.633502970399134
6895,-7.633502970399134
6896,-7.633502970399134
6897,-7.633502970399134
6898,-7.633502970399134
6899,-7.633502970399134
6900,-7.633502970399134
6901,-7.633502970399134
6902,-7.633502970399134
6903,-7.633502970399134
6904,-7.633502970399134
6905,-7.633502970399134
6906,-7.633502970399134
6907,-7.633502970399134
6908,-7.633502970399134
6909,-7.633502970399134
6910,-7.633502970399134
6911,-7.633502970399134
6912,-7.633502970399134
6913,-7.633502970399134
6914,-7.633502970399134
6915,-7.633502970399134
6916,-7.633502970399134
6917,-7.633502970399134
6918,-7.633502970399134
6919,-7.633502970399134
6920,-7.633502970399134
6921,-7.633502970399134
6922,-7.633502970399134
6923,-7.633502970399134
6924,-7.633502970399134
6925,-7.633502970399134
6926,-7.633502970399134
6927,-7.633502970399134
6928,-7.633502970399134
6929,-7.633502970399134
6930,-7.633502970399134
6931,-7.633502970399134
6932,-7.633502970399134
6933,-7.633502970399134
6934,-7.633502970399134
6935,-7.633502970399134
6936,-7.633502970399134
6937,-7.633502970399134
6938,-7.633502970399134
6939,-7.633502970399134
6940,-7.633502970399134
6941,-7.633502970399134
6942,-7.633502970399134
6943,-7.633502970399134
6944,-7.633502970399134
6945,-7.633502970399134
6946,-7.633502970399134
6947,-7.633502970399134
6948,-7.633502970399134
6949,-7.633502970399134
6950,-7.633502970399134
6951,-7.633502970399134
6952,-7.633502970399134
6953,-7.633502970399134
6954,-7.633502970399134
6955,-7.633502970399134
6956,-7.633502970399134
6957,-7.633502970399134
6958,-7.633502970399134
6959,-7.633502970399134
6960,-7.633502970399134
6961,-7.633502970399134
6962,-7.633502970399134
6963,-7.633502970399134
6964,-7.633502970399134
6965,-7.633502970399134
6966,-7.633502970399134
6967,-7.633502970399134
6968,-7.633502970399134
6969,-7.633502970399134
6970,-7.633502970399134
6971,-7.633502970399134
6972,-7.633502970399134
6973,-7.633502970399134
6974,-7.633502970399134
6975,-7.633502970399134
6976,-7.633502970399134
6977,-7.633502970399134
6978,-7.633502970399134
6979,-7.633502970399134
6980,-7.633502970399134
6981,-7.633502970399134
6982,-7.633502970399134
6983,-7.633502970399134
6984,-7.633502970399134
6985,-7.633502970399134
6986,-7.633502970399134
6987,-7.633502970399134
6988,-7.633502970399134
6989,-7.633502970399134
6990,-7.633502970399134
6991,-7.633502970399134
6992,-7.633502970399134
6993,-7.633502970399134
6994,-7.633502970399134
6995,-7.633502970399134
6996,-7.633502970399134
6997,-7.633502970399134
6998,-7.633502970399134
6999,-7.633502970399134
7000,-7.633502970399134
7001,-7.633502970399134
7002,-7.633502970399134
7003,-7.633502970399134
7004,-7.633502970399134
7005,-7.633502970399134
7006,-7.633502970399134
7007,-7.633502970399134
7008,-7.633502970399134
7009,-7.633502970399134
7010,-7.633502970399134
7011,-7.633502970399134
7012,-7.633502970399134
7013,-7.633502970399134
7014,-7.633502970399134
7015,-7.633502970399134
7016,-7.633502970399134
7017,-7.633502970399134
7018,-7.633502970399134
7019,-7.633502970399134
7020,-7.633502970399134
7021,-7.633502970399134
7022,-7.633502970399134
7023,-7.633502970399134
7024,-7.633502970399134
7025,-7.633502970399134
7026,-7.633502970399134
7027,-7.633502970399134
7028,-7.633502970399134
7029,-7.633502970399134
7030,-7.633502970399134
7031,-7.633502970399134
7032,-5.125815268238026
7033,-5.125815268238026
7034,-5.125815268238026
7035,-5.125815268238026
7036,-5.125815268238026
7037,-5.125815268238026
7038,-5.125815268238026
7039,-5.125815268238026
7040,-5.125815268238026
7041,-5.125815268238026
7042,-5.125815268238026
7043,-5.125815268238026
7044,-5.125815268238026
7045,-5.125815268238026
7046,-5.125815268238026
7047,-5.125815268238026
7048,-5.125815268238026
7049,-5.125815268238026
7050,-5.125815268238026
7051,-5.125815268238026
7052,-5.125815268238026
7053,-5.125815268238026
7054,-5.125815268238026
7055,-5.125815268238026
7056,-5.125815268238026
7057,-5.125815268238026
7058,-5.125815268238026
7059,-5.125815268238026
7060,-5.125815268238026
7061,-5.125815268238026
7062,-5.125815268238026
7063,-5.125815268238026
7064,-5.125815268238026
7065,-5.125815268238026
7066,-5.125815268238026
7067,-5.125815268238026
7068,-5.125815268238026
7069,-5.125815268238026
7070,-5.125815268238026
7071,-5.125815268238026
7072,-5.125815268238026
7073,-5.125815268238026
7074,-5.125815268238026
7075,-5.125815268238026
7076,-5.125815268238026
7077,-5.125815268238026
7078,-5.125815268238026
7079,-5.125815268238026
7080,-5.125815268238026
7081,-5.125815268238026
7082,-5.125815268238026
7083,-5.125815268238026
7084,-5.125815268238026
7085,-5.125815268238026
7086,-5.125815268238026
7087,-5.125815268238026
7088,-5.125815268238026
7089,-5.125815268238026
7090,-5.125815268238026
7091,-5.125815268238026
7092,-5.125815268238026
7093,-5.125815268238026
7094,-5.125815268238026
7095,-5.125815268238026
7096,-5.125815268238026
7097,-5.125815268238026
7098,-5.125815268238026
7099,-5.125815268238026
7100,-5.125815268238026
7101,-5.125815268238026
7102,-5.125815268238026
7103,-5.125815268238026
7104,-5.125815268238026
7105,-5.125815268238026
7106,-5.125815268238026
7107,-5.125815268238026
7108,-5.125815268238026
7109,-5.125815268238026
7110,-5.125815268238026
7111,-5.125815268238026
7112,-5.125815268238026
7113,-5.125815268238026
7114,-5.125815268238026
7115,-5.125815268238026
7116,-5.125815268238026
7117,-5.125815268238026
7118,-5.125815268238026
7119,-5.125815268238026
7120,-5.125815268238026
7121,-5.125815268238026
7122,-5.125815268238026
7123,-5.125815268238026
7124,-5.125815268238026
7125,-5.125815268238026
7126,-5.125815268238026
7127,-5.125815268238026
7128,-5.125815268238026
7129,-5.125815268238026
7130,-5.125815268238026
7131,-5.125815268238026
7132,-5.125815268238026
7133,-5.125815268238026
7134,-5.125815268238026
7135,-5.125815268238026
7136,-5.125815268238026
7137,-5.125815268238026
7138,-5.125815268238026
7139,-5.125815268238026
7140,-5.125815268238026
7141,-5.125815268238026
7142,-5.125815268238026
7143,-5.125815268238026
7144,-5.125815268238026
7145,-5.125815268238026
7146,-5.125815268238026
7147,-5.125815268238026
7148,-5.125815268238026
7149,-5.125815268238026
7150,-5.125815268238026
7151,-5.125815268238026
7152,-5.125815268238026
7153,-5.125815268238026
7154,-5.125815268238026
7155,-5.125815268238026
7156,-5.125815268238026
7157,-5.125815268238026
7158,-5.125815268238026
7159,-5.125815268238026
7160,-5.125815268238026
7161,-5.125815268238026
7162,-5.125815268238026
7163,-5.125815268238026
7164,-5.125815268238026
7165,-5.125815268238026
7166,-5.125815268238026
7167,-5.125815268238026
7168,-5.125815268238026
7169,-5.125815268238026
7170,-5.125815268238026
7171,-5.125815268238026
7172,-5.125815268238026
7173,-5.125815268238026
7174,-5.125815268238026
7175,-5.125815268238026
7176,-5.125815268238026
7177,-5.125815268238026
7178,-5.125815268238026
7179,-5.125815268238026
7180,-5.125815268238026
7181,-5.125815268238026
7182,-5.125815268238026
7183,-5.125815268238026
7184,-5.125815268238026
7185,-5.125815268238026
7186,-5.125815268238026
7187,-5.125815268238026
7188,-5.125815268238026
7189,-5.125815268238026
7190,-5.125815268238026
7191,-5.125815268238026
7192,-5.125815268238026
7193,-5.125815268238026
7194,-5.125815268238026
7195,-5.125815268238026
7196,-5.125815268238026
7197,-5.125815268238026
7198,-5.125815268238026
7199,-5.125815268238026
7200,-5.125815268238026
7201,-5.125815268238026
7202,-5.125815268238026
7203,-5.125815268238026
7204,-5.125815268238026
7205,-5.125815268238026
7206,-5.125815268238026
7207,-5.125815268238026
7208,-5.125815268238026
7209,-5.125815268238026
7210,-5.125815268238026
7211,-5.125815268238026
7212,-5.125815268238026
7213,-5.125815268238026
7214,-5.125815268238026
7215,-5.125815268238026
7216,-5.125815268238026
7217,-5.125815268238026
7218,-5.125815268238026
7219,-5.125815268238026
7220,-5.125815268238026
7221,-5.125815268238026
7222,-5.125815268238026
7223,-5.125815268238026
7224,-5.125815268238026
7225,-5.125815268238026
7226,-5.125815268238026
7227,-5.125815268238026
7228,-5.125815268238026
7229,-5.125815268238026
7230,-5.125815268238026
7231,-5.125815268238026
7232,-5.125815268238026
7233,-5.125815268238026
7234,-5.125815268238026
7235,-5.125815268238026
7236,-5.125815268238026
7237,-5.125815268238026
7238,-5.125815268238026
7239,-5.125815268238026
7240,-5.125815268238026
7241,-5.125815268238026
7242,-5.125815268238026
7243,-5.125815268238026
7244,-5.125815268238026
7245,-5.125815268238026
7246,-5.125815268238026
7247,-5.125815268238026
7248,-5.125815268238026
7249,-5.125815268238026
7250,-5.125815268238026
7251,-5.125815268238026
7252,-5.125815268238026
7253,-5.125815268238026
7254,-5.125815268238026
7255,-5.125815268238026
7256,-5.125815268238026
7257,-5.125815268238026
7258,-5.125815268238026
7259,-5.125815268238026
7260,-5.125815268238026
7261,-5.125815268238026
7262,-5.125815268238026
7263,-5.125815268238026
7264,-5.125815268238026
7265,-5.125815268238026
7266,-5.125815268238026
7267,-5.125815268238026
7268,-5.125815268238026
7269,-5.125815268238026
7270,-5.125815268238026
7271,-5.125815268238026
7272,-5.125815268238026
7273,-5.125815268238026
7274,-5.125815268238026
7275,-5.125815268238026
7276,-5.125815268238026
7277,-5.125815268238026
7278,-5.125815268238026
7279,-5.125815268238026
7280,-5.125815268238026
7281,-5.125815268238026
7282,-5.125815268238026
7283,-5.125815268238026
7284,-5.125815268238026
7285,-5.125815268238026
7286,-5.125815268238026
7287,-5.125815268238026
7288,-5.125815268238026
7289,-5.125815268238026
7290,-5.125815268238026
7291,-5.125815268238026
7292,-5.125815268238026
7293,-5.125815268238026
7294,-5.125815268238026
7295,-5.125815268238026
7296,-5.125815268238026
7297,-5.125815268238026
7298,-5.125815268238026
7299,-5.125815268238026
7300,-5.125815268238026
7301,-5.125815268238026
7302,-5.125815268238026
7303,-5.125815268238026
7304,-5.125815268238026
7305,-5.125815268238026
7306,-5.125815268238026
7307,-5.125815268238026
7308,-5.125815268238026
7309,-5.125815268238026
7310,-5.125815268238026
7311,-5.125815268238026
7312,-5.125815268238026
7313,-5.125815268238026
7314,-5.125815268238026
7315,-5.125815268238026
7316,-5.125815268238026
7317,-5.125815268238026
7318,-5.125815268238026
7319,-5.125815268238026
7320,-5.125815268238026
7321,-5.125815268238026
7322,-5.125815268238026
7323,-5.125815268238026
7324,-5.125815268238026
7325,-5.125815268238026
7326,-5.125815268238026
7327,-5.125815268238026
7328,-5.125815268238026
7329,-5.125815268238026
7330,-5.125815268238026
7331,-5.125815268238026
7332,-5.125815268238026
7333,-5.125815268238026
7334,-5.125815268238026
7335,-5.125815268238026
7336,-5.125815268238026
7337,-5.125815268238026
7338,-5.125815268238026
7339,-5.125815268238026
7340,-5.125815268238026
7341,-5.125815268238026
7342,-5.125815268238026
7343,-5.125815268238026
7344,-5.125815268238026
7345,-5.125815268238026
7346,-5.125815268238026
7347,-5.125815268238026
7348,-5.125815268238026
7349,-5.125815268238026
7350,-5.125815268238026
7351,-5.125815268238026
7352,-5.125815268238026
7353,-5.125815268238026
7354,-5.125815268238026
7355,-5.125815268238026
7356,-5.125815268238026
7357,-5.125815268238026
7358,-5.125815268238026
7359,-5.125815268238026
7360,-5.125815268238026
7361,-5.125815268238026
7362,-5.125815268238026
7363,-5.125815268238026
7364,-5.125815268238026
7365,-5.125815268238026
7366,-5.125815268238026
7367,-5.125815268238026
7368,-5.125815268238026
7369,-5.125815268238026
7370,-5.125815268238026
7371,-5.125815268238026
7372,-5.125815268238026
7373,-5.125815268238026
7374,-5.125815268238026
7375,-5.125815268238026
7376,-5.125815268238026
7377,-5.125815268238026
7378,-5.125815268238026
7379,-5.125815268238026
7380,-5.125815268238026
7381,-5.125815268238026
7382,-5.125815268238026
7383,-5.125815268238026
7384,-5.125815268238026
7385,-5.125815268238026
7386,-5.125815268238026
7387,-5.125815268238026
7388,-5.125815268238026
7389,-5.125815268238026
7390,-5.125815268238026
7391,-5.125815268238026
7392,-5.125815268238026
7393,-5.125815268238026
7394,-5.125815268238026
7395,-5.125815268238026
7396,-5.125815268238026
7397,-5.125815268238026
7398,-5.125815268238026
7399,-5.125815268238026
7400,-5.125815268238026
7401,-5.125815268238026
7402,-5.125815268238026
7403,-5.125815268238026
7404,-5.125815268238026
7405,-5.125815268238026
7406,-5.125815268238026
7407,-5.125815268238026
7408,-5.125815268238026
7409,-5.125815268238026
7410,-5.125815268238026
7411,-5.125815268238026
7412,-5.125815268238026
7413,-5.125815268238026
7414,-5.125815268238026
7415,-5.125815268238026
7416,-5.125815268238026
7417,-5.125815268238026
7418,-5.125815268238026
7419,-5.125815268238026
7420,-5.125815268238026
7421,-5.125815268238026
7422,-5.125815268238026
7423,-5.125815268238026
7424,-5.125815268238026
7425,-5.125815268238026
7426,-5.125815268238026
7427,-5.125815268238026
7428,-5.125815268238026
7429,-5.125815268238026
7430,-5.125815268238026
7431,-5.125815268238026
7432,-5.125815268238026
7433,-5.125815268238026
7434,-5.125815268238026
7435,-5.125815268238026
7436,-5.125815268238026
7437,-5.125815268238026
7438,-5.125815268238026
7439,-5.125815268238026
7440,-5.125815268238026
7441,-5.125815268238026
7442,-5.125815268238026
7443,-5.125815268238026
7444,-5.125815268238026
7445,-5.125815268238026
7446,-5.125815268238026
7447,-5.125815268238026
7448,-5.125815268238026
7449,-5.125815268238026
7450,-5.125815268238026
7451,-5.125815268238026
7452,-5.125815268238026
7453,-5.125815268238026
7454,-5.125815268238026
7455,-5.125815268238026
7456,-5.125815268238026
7457,-5.125815268238026
7458,-5.125815268238026
7459,-5.125815268238026
7460,-5.125815268238026
7461,-5.125815268238026
7462,-5.125815268238026
7463,-5.125815268238026
7464,-5.125815268238026
7465,-5.125815268238026
7466,-5.125815268238026
7467,-5.125815268238026
7468,-5.125815268238026
7469,-5.125815268238026
7470,-5.125815268238026
7471,-5.125815268238026
7472,-5.125815268238026
7473,-5.125815268238026
7474,-5.125815268238026
7475,-5.125815268238026
7476,-5.125815268238026
7477,-5.125815268238026
7478,-5.125815268238026
7479,-5.125815268238026
7480,-5.125815268238026
7481,-5.125815268238026
7482,-5.125815268238026
7483,-5.125815268238026
7484,-5.125815268238026
7485,-5.125815268238026
7486,-5.125815268238026
7487,-5.125815268238026
7488,-5.125815268238026
7489,-5.125815268238026
7490,-5.125815268238026
7491,-5.125815268238026
7492,-5.125815268238026
7493,-5.125815268238026
7494,-5.125815268238026
7495,-5.125815268238026
7496,-5.125815268238026
7497,-5.125815268238026
7498,-5.125815268238026
7499,-5.125815268238026
7500,-5.125815268238026
7501,-5.125815268238026
7502,-5.125815268238026
7503,-5.125815268238026
7504,-5.125815268238026
7505,-5.125815268238026
7506,-5.125815268238026
7507,-5.125815268238026
7508,-5.125815268238026
7509,-5.125815268238026
7510,-5.125815268238026
7511,-5.125815268238026
7512,-5.125815268238026
7513,-5.125815268238026
7514,-5.125815268238026
7515,-5.125815268238026
7516,-5.125815268238026
7517,-5.125815268238026
7518,-5.125815268238026
7519,-5.125815268238026
7520,-5.125815268238026
7521,-5.125815268238026
7522,-5.125815268238026
7523,-5.125815268238026
7524,-5.125815268238026
7525,-5.125815268238026
7526,-5.125815268238026
7527,-5.125815268238026
7528,-5.125815268238026
7529,-5.125815268238026
7530,-5.125815268238026
7531,-5.125815268238026
7532,-5.125815268238026
7533,-5.125815268238026
7534,-5.125815268238026
7535,-5.125815268238026
7536,-5.125815268238026
7537,-5.125815268238026
7538,-5.125815268238026
7539,-5.125815268238026
7540,-5.125815268238026
7541,-5.125815268238026
7542,-5.125815268238026
7543,-5.125815268238026
7544,-5.125815268238026
7545,-5.125815268238026
7546,-5.125815268238026
7547,-5.125815268238026
7548,-5.125815268238026
7549,-5.125815268238026
7550,-5.125815268238026
7551,-5.125815268238026
7552,-5.125815268238026
7553,-5.125815268238026
7554,-5.125815268238026
7555,-5.125815268238026
7556,-5.125815268238026
7557,-5.125815268238026
7558,-5.125815268238026
7559,-5.125815268238026
7560,-5.125815268238026
7561,-5.125815268238026
7562,-5.125815268238026
7563,-5.125815268238026
7564,-5.125815268238026
7565,-5.125815268238026
7566,-5.125815268238026
7567,-5.125815268238026
7568,-5.125815268238026
7569,-5.125815268238026
7570,-5.125815268238026
7571,-5.125815268238026
7572,-5.125815268238026
7573,-5.125815268238026
7574,-5.125815268238026
7575,-5.125815268238026
7576,-5.125815268238026
7577,-5.125815268238026
7578,-5.125815268238026
7579,-5.125815268238026
7580,-5.125815268238026
7581,-5.125815268238026
7582,-5.125815268238026
7583,-5.125815268238026
7584,-5.125815268238026
7585,-5.125815268238026
7586,-5.125815268238026
7587,-5.125815268238026
7588,-5.125815268238026
7589,-5.125815268238026
7590,-5.125815268238026
7591,-5.125815268238026
7592,-5.125815268238026
7593,-5.125815268238026
7594,-5.125815268238026
7595,-5.125815268238026
7596,-5.125815268238026
7597,-5.125815268238026
7598,-5.125815268238026
7599,-5.125815268238026
7600,-5.125815268238026
7601,-5.125815268238026
7602,-5.125815268238026
7603,-5.125815268238026
7604,-5.125815268238026
7605,-5.125815268238026
7606,-5.125815268238026
7607,-5.125815268238026
7608,-5.125815268238026
7609,-5.125815268238026
7610,-5.125815268238026
7611,-5.125815268238026
7612,-5.125815268238026
7613,-5.125815268238026
7614,-5.125815268238026
7615,-5.125815268238026
7616,-5.125815268238026
7617,-5.125815268238026
7618,-5.125815268238026
7619,-5.125815268238026
7620,-5.125815268238026
7621,-5.125815268238026
7622,-5.125815268238026
7623,-5.125815268238026
7624,-5.125815268238026
7625,-5.125815268238026
7626,-5.125815268238026
7627,-5.125815268238026
7628,-5.125815268238026
7629,-5.125815268238026
7630,-5.125815268238026
7631,-5.125815268238026
7632,-5.125815268238026
7633,-5.125815268238026
7634,-5.125815268238026
7635,-5.125815268238026
7636,-5.125815268238026
7637,-5.125815268238026
7638,-5.125815268238026
7639,-5.125815268238026
7640,-5.125815268238026
7641,-6.240343135865185
7642,-6.240343135865185
7643,-6.240343135865185
7644,-6.240343135865185
7645,-6.240343135865185
7646,-6.240343135865185
7647,-6.240343135865185
7648,-6.240343135865185
7649,-6.240343135865185
7650,-6.240343135865185
7651,-6.240343135865185
7652,-6.240343135865185
7653,-6.240343135865185
7654,-6.240343135865185
7655,-6.240343135865185
7656,-6.240343135865185
7657,-6.240343135865185
7658,-6.240343135865185
7659,-6.240343135865185
7660,-6.240343135865185
7661,-6.240343135865185
7662,-6.240343135865185
7663,-6.240343135865185
7664,-6.240343135865185
7665,-6.240343135865185
7666,-6.240343135865185
7667,-6.240343135865185
7668,-6.240343135865185
7669,-6.240343135865185
7670,-6.240343135865185
7671,-6.240343135865185
7672,-6.240343135865185
7673,-6.240343135865185
7674,-6.240343135865185
7675,-6.240343135865185
7676,-6.240343135865185
7677,-6.240343135865185
7678,-6.240343135865185
7679,-6.240343135865185
7680,-6.240343135865185
7681,-6.240343135865185
7682,-6.240343135865185
7683,-6.240343135865185
7684,-6.240343135865185
7685,-6.240343135865185
7686,-6.240343135865185
7687,-6.240343135865185
7688,-6.240343135865185
7689,-6.240343135865185
7690,-6.240343135865185
7691,-6.240343135865185
7692,-6.240343135865185
7693,-6.240343135865185
7694,-6.240343135865185
7695,-6.240343135865185
7696,-6.240343135865185
7697,-6.240343135865185
7698,-6.240343135865185
7699,-6.240343135865185
7700,-6.240343135865185
7701,-6.240343135865185
7702,-6.240343135865185
7703,-6.240343135865185
7704,-6.240343135865185
7705,-6.240343135865185
7706,-6.240343135865185
7707,-6.240343135865185
7708,-6.240343135865185
7709,-6.240343135865185
7710,-6.240343135865185
7711,-6.240343135865185
7712,-6.240343135865185
7713,-6.240343135865185
7714,-6.240343135865185
7715,-6.240343135865185
7716,-6.240343135865185
7717,-6.240343135865185
7718,-6.240343135865185
7719,-6.240343135865185
7720,-6.240343135865185
7721,-6.240343135865185
7722,-6.240343135865185
7723,-6.240343135865185
7724,-6.240343135865185
7725,-6.240343135865185
7726,-6.240343135865185
7727,-6.240343135865185
7728,-6.240343135865185
7729,-6.240343135865185
7730,-6.240343135865185
7731,-6.240343135865185
7732,-6.240343135865185
7733,-6.240343135865185
7734,-6.240343135865185
7735,-6.240343135865185
7736,-6.240343135865185
7737,-6.240343135865185
7738,-6.240343135865185
7739,-6.240343135865185
7740,-6.240343135865185
7741,-6.240343135865185
7742,-6.240343135865185
7743,-6.240343135865185
7744,-6.240343135865185
7745,-6.240343135865185
7746,-6.240343135865185
7747,-6.240343135865185
7748,-6.240343135865185
7749,-6.240343135865185
7750,-6.240343135865185
7751,-6.240343135865185
7752,-6.240343135865185
7753,-6.240343135865185
7754,-6.240343135865185
7755,-6.240343135865185
7756,-6.240343135865185
7757,-6.240343135865185
7758,-6.240343135865185
7759,-6.240343135865185
7760,-6.240343135865185
7761,-6.240343135865185
7762,-6.240343135865185
7763,-6.240343135865185
7764,-6.240343135865185
7765,-6.240343135865185
7766,-6.240343135865185
7767,-6.240343135865185
7768,-6.240343135865185
7769,-6.240343135865185
7770,-6.240343135865185
7771,-6.240343135865185
7772,-6.240343135865185
7773,-6.240343135865185
7774,-6.240343135865185
7775,-6.240343135865185
7776,-6.240343135865185
7777,-6.240343135865185
7778,-6.240343135865185
7779,-6.240343135865185
7780,-6.240343135865185
7781,-6.240343135865185
7782,-6.240343135865185
7783,-6.240343135865185
7784,-6.240343135865185
7785,-6.240343135865185
7786,-6.240343135865185
7787,-6.240343135865185
7788,-6.240343135865185
7789,-6.240343135865185
7790,-6.240343135865185
7791,-6.240343135865185
7792,-6.240343135865185
7793,-6.240343135865185
7794,-6.240343135865185
7795,-6.240343135865185
7796,-6.240343135865185
7797,-6.240343135865185
7798,-6.240343135865185
7799,-6.240343135865185
7800,-6.240343135865185
7801,-6.240343135865185
7802,-6.240343135865185
7803,-6.240343135865185
7804,-6.240343135865185
7805,-6.240343135865185
7806,-6.240343135865185
7807,-6.240343135865185
7808,-6.240343135865185
7809,-6.240343135865185
7810,-6.240343135865185
7811,-6.240343135865185
7812,-6.240343135865185
7813,-6.240343135865185
7814,-6.240343135865185
7815,-6.240343135865185
7816,-6.240343135865185
7817,-6.240343135865185
7818,-6.240343135865185
7819,-6.240343135865185
7820,-6.240343135865185
7821,-6.240343135865185
7822,-6.240343135865185
7823,-6.240343135865185
7824,-6.240343135865185
7825,-6.240343135865185
7826,-6.240343135865185
7827,-6.240343135865185
7828,-6.240343135865185
7829,-6.240343135865185
7830,-6.240343135865185
7831,-6.240343135865185
7832,-6.240343135865185
7833,-6.240343135865185
7834,-6.240343135865185
7835,-6.240343135865185
7836,-6.240343135865185
7837,-6.240343135865185
7838,-6.240343135865185
7839,-6.240343135865185
7840,-6.240343135865185
7841,-6.240343135865185
7842,-6.240343135865185
7843,-6.240343135865185
7844,-6.240343135865185
7845,-6.240343135865185
7846,-6.240343135865185
7847,-6.240343135865185
7848,-6.240343135865185
7849,-6.240343135865185
7850,-6.240343135865185
7851,-6.240343135865185
7852,-6.240343135865185
7853,-6.240343135865185
7854,-6.240343135865185
7855,-6.240343135865185
7856,-6.240343135865185
7857,-6.240343135865185
7858,-6.240343135865185
7859,-6.240343135865185
7860,-6.240343135865185
7861,-6.240343135865185
7862,-6.240343135865185
7863,-6.240343135865185
7864,-6.240343135865185
7865,-6.240343135865185
7866,-6.240343135865185
7867,-6.240343135865185
7868,-6.240343135865185
7869,-6.240343135865185
7870,-6.240343135865185
7871,-6.240343135865185
7872,-6.240343135865185
7873,-6.240343135865185
7874,-6.240343135865185
7875,-6.240343135865185
7876,-6.240343135865185
7877,-6.240343135865185
7878,-6.240343135865185
7879,-6.240343135865185
7880,-6.240343135865185
7881,-6.240343135865185
7882,-6.240343135865185
7883,-6.240343135865185
7884,-6.240343135865185
7885,-6.240343135865185
7886,-6.240343135865185
7887,-6.240343135865185
7888,-6.240343135865185
7889,-6.240343135865185
7890,-6.240343135865185
7891,-6.240343135865185
7892,-6.240343135865185
7893,-6.240343135865185
7894,-6.240343135865185
7895,-6.240343135865185
7896,-6.240343135865185
7897,-6.240343135865185
7898,-6.240343135865185
7899,-6.240343135865185
7900,-6.240343135865185
7901,-6.240343135865185
7902,-6.240343135865185
7903,-6.240343135865185
7904,-6.240343135865185
7905,-6.240343135865185
7906,-6.240343135865185
7907,-6.240343135865185
7908,-6.240343135865185
7909,-6.240343135865185
7910,-6.240343135865185
7911,-6.240343135865185
7912,-6.240343135865185
7913,-6.240343135865185
7914,-6.240343135865185
7915,-6.240343135865185
7916,-6.240343135865185
7917,-6.240343135865185
7918,-6.240343135865185
7919,-6.240343135865185
7920,-6.240343135865185
7921,-6.240343135865185
7922,-6.240343135865185
7923,-6.240343135865185
7924,-6.240343135865185
7925,-6.240343135865185
7926,-6.240343135865185
7927,-6.240343135865185
7928,-6.240343135865185
7929,-6.240343135865185
7930,-6.240343135865185
7931,-6.240343135865185
7932,-6.240343135865185
7933,-6.240343135865185
7934,-6.240343135865185
7935,-6.240343135865185
7936,-6.240343135865185
7937,-6.240343135865185
7938,-6.240343135865185
7939,-6.240343135865185
7940,-6.240343135865185
7941,-6.240343135865185
7942,-6.240343135865185
7943,-6.240343135865185
7944,-6.240343135865185
7945,-6.240343135865185
7946,-6.240343135865185
7947,-6.240343135865185
7948,-6.240343135865185
7949,-6.240343135865185
7950,-6.240343135865185
7951,-6.240343135865185
7952,-6.240343135865185
7953,-6.240343135865185
7954,-6.240343135865185
7955,-6.240343135865185
7956,-6.240343135865185
7957,-6.240343135865185
7958,-6.240343135865185
7959,-6.240343135865185
7960,-6.240343135865185
7961,-6.240343135865185
7962,-6.240343135865185
7963,-6.240343135865185
7964,-6.240343135865185
7965,-6.240343135865185
7966,-6.240343135865185
7967,-6.240343135865185
7968,-6.240343135865185
7969,-6.240343135865185
7970,-6.240343135865185
7971,-6.240343135865185
7972,-6.240343135865185
7973,-6.240343135865185
7974,-6.240343135865185
7975,-6.240343135865185
7976,-6.240343135865185
7977,-6.240343135865185
7978,-6.240343135865185
7979,-6.240343135865185
7980,-6.240343135865185
7981,-6.240343135865185
7982,-6.240343135865185
7983,-6.240343135865185
7984,-6.240343135865185
7985,-6.240343135865185
7986,-6.240343135865185
7987,-6.240343135865185
7988,-6.240343135865185
7989,-6.240343135865185
7990,-6.240343135865185
7991,-6.240343135865185
7992,-6.240343135865185
7993,-6.240343135865185
7994,-6.240343135865185
7995,-6.240343135865185
7996,-6.240343135865185
7997,-6.240343135865185
7998,-6.240343135865185
7999,-6.240343135865185
8000,-6.240343135865185
8001,-6.240343135865185
8002,-6.240343135865185
8003,-6.240343135865185
8004,-6.240343135865185
8005,-6.240343135865185
8006,-6.240343135865185
8007,-6.240343135865185
8008,-6.240343135865185
8009,-6.240343135865185
8010,-6.240343135865185
8011,-6.240343135865185
8012,-6.240343135865185
8013,-6.240343135865185
8014,-6.240343135865185
8015,-6.240343135865185
8016,-6.240343135865185
8017,-6.240343135865185
8018,-6.240343135865185
8019,-6.240343135865185
8020,-6.240343135865185
8021,-6.240343135865185
8022,-6.240343135865185
8023,-6.240343135865185
8024,-6.240343135865185
8025,-6.240343135865185
8026,-6.240343135865185
8027,-6.240343135865185
8028,-6.240343135865185
8029,-6.240343135865185
8030,-6.240343135865185
8031,-6.240343135865185
8032,-6.240343135865185
8033,-6.240343135865185
8034,-6.240343135865185
8035,-6.240343135865185
8036,-6.240343135865185
8037,-6.240343135865185
8038,-6.240343135865185
8039,-6.240343135865185
8040,-6.240343135865185
8041,-6.240343135865185
8042,-6.240343135865185
8043,-6.240343135865185
8044,-6.240343135865185
8045,-6.240343135865185
8046,-6.240343135865185
8047,-6.240343135865185
8048,-6.240343135865185
8049,-6.240343135865185
8050,-6.240343135865185
8051,-6.240343135865185
8052,-6.240343135865185
8053,-6.240343135865185
8054,-6.240343135865185
8055,-6.240343135865185
8056,-6.240343135865185
8057,-6.240343135865185
8058,-6.240343135865185
8059,-6.240343135865185
8060,-6.240343135865185
8061,-6.240343135865185
8062,-6.240343135865185
8063,-6.240343135865185
8064,-6.240343135865185
8065,-6.240343135865185
8066,-6.240343135865185
8067,-6.240343135865185
8068,-6.240343135865185
8069,-6.240343135865185
8070,-6.240343135865185
8071,-6.240343135865185
8072,-6.240343135865185
8073,-6.240343135865185
8074,-6.240343135865185
8075,-6.240343135865185
8076,-6.240343135865185
8077,-6.240343135865185
8078,-6.240343135865185
8079,-6.240343135865185
8080,-6.240343135865185
8081,-6.240343135865185
8082,-6.240343135865185
8083,-6.240343135865185
8084,-6.240343135865185
8085,-6.240343135865185
8086,-6.240343135865185
8087,-6.240343135865185
8088,-6.240343135865185
8089,-6.240343135865185
8090,-6.240343135865185
8091,-6.240343135865185
8092,-6.240343135865185
8093,-6.240343135865185
8094,-6.240343135865185
8095,-6.240343135865185
8096,-6.240343135865185
8097,-6.240343135865185
8098,-6.240343135865185
8099,-6.240343135865185
8100,-6.240343135865185
8101,-6.240343135865185
8102,-6.240343135865185
8103,-6.240343135865185
8104,-6.240343135865185
8105,-6.240343135865185
8106,-6.240343135865185
8107,-6.240343135865185
8108,-6.240343135865185
8109,-6.240343135865185
8110,-6.240343135865185
8111,-6.240343135865185
8112,-6.240343135865185
8113,-6.240343135865185
8114,-6.240343135865185
8115,-6.240343135865185
8116,-6.240343135865185
8117,-6.240343135865185
8118,-6.240343135865185
8119,-6.240343135865185
8120,-6.240343135865185
8121,-6.240343135865185
8122,-6.240343135865185
8123,-6.240343135865185
8124,-6.240343135865185
8125,-6.240343135865185
8126,-6.240343135865185
8127,-6.240343135865185
8128,-6.240343135865185
8129,-6.240343135865185
8130,-6.240343135865185
8131,-6.240343135865185
8132,-6.240343135865185
8133,-6.240343135865185
8134,-6.240343135865185
8135,-6.240343135865185
8136,-6.240343135865185
8137,-6.240343135865185
8138,-6.240343135865185
8139,-6.240343135865185
8140,-6.240343135865185
8141,-6.240343135865185
8142,-6.240343135865185
8143,-6.240343135865185
8144,-6.240343135865185
8145,-6.240343135865185
8146,-6.240343135865185
8147,-6.240343135865185
8148,-6.240343135865185
8149,-6.240343135865185
8150,-6.240343135865185
8151,-6.240343135865185
8152,-6.240343135865185
8153,-6.240343135865185
8154,-6.240343135865185
8155,-6.240343135865185
8156,-6.240343135865185
8157,-6.240343135865185
8158,-13.624090258895118
8159,-13.624090258895118
8160,-13.624090258895118
8161,-13.624090258895118
8162,-13.624090258895118
8163,-13.624090258895118
8164,-13.624090258895118
8165,-13.624090258895118
8166,-13.624090258895118
8167,-13.624090258895118
8168,-13.624090258895118
8169,-13.624090258895118
8170,-13.624090258895118
8171,-13.624090258895118
8172,-13.624090258895118
8173,-13.624090258895118
8174,-13.624090258895118
8175,-13.624090258895118
8176,-13.624090258895118
8177,-13.624090258895118
8178,-13.624090258895118
8179,-13.624090258895118
8180,-13.624090258895118
8181,-13.624090258895118
8182,-13.624090258895118
8183,-13.624090258895118
8184,-13.624090258895118
8185,-13.624090258895118
8186,-13.624090258895118
8187,-13.624090258895118
8188,-13.624090258895118
8189,-13.624090258895118
8190,-13.624090258895118
8191,-13.624090258895118
8192,-13.624090258895118
8193,-13.624090258895118
8194,-13.624090258895118
8195,-13.624090258895118
8196,-13.624090258895118
8197,-13.624090258895118
8198,-13.624090258895118
8199,-13.624090258895118
8200,-13.624090258895118
8201,-13.624090258895118
8202,-13.624090258895118
8203,-13.624090258895118
8204,-13.624090258895118
8205,-13.624090258895118
8206,-13.624090258895118
8207,-13.624090258895118
8208,-13.624090258895118
8209,-13.624090258895118
8210,-13.624090258895118
8211,-13.624090258895118
8212,-13.624090258895118
8213,-13.624090258895118
8214,-13.624090258895118
8215,-13.624090258895118
8216,-13.624090258895118
8217,-13.624090258895118
8218,-13.624090258895118
8219,-13.624090258895118
8220,-13.624090258895118
8221,-13.624090258895118
8222,-13.624090258895118
8223,-13.624090258895118
8224,-13.624090258895118
8225,-13.624090258895118
8226,-13.624090258895118
8227,-13.624090258895118
8228,-13.624090258895118
8229,-13.624090258895118
8230,-13.624090258895118
8231,-13.624090258895118
8232,-13.624090258895118
8233,-13.624090258895118
8234,-13.624090258895118
8235,-13.624090258895118
8236,-13.624090258895118
8237,-13.624090258895118
8238,-13.624090258895118
8239,-13.624090258895118
8240,-13.624090258895118
8241,-13.624090258895118
8242,-13.624090258895118
8243,-13.624090258895118
8244,-13.624090258895118
8245,-13.624090258895118
8246,-13.624090258895118
8247,-13.624090258895118
8248,-13.624090258895118
8249,-13.624090258895118
8250,-13.624090258895118
8251,-13.624090258895118
8252,-13.624090258895118
8253,-13.624090258895118
8254,-13.624090258895118
8255,-13.624090258895118
8256,-13.624090258895118
8257,-13.624090258895118
8258,-13.624090258895118
8259,-13.624090258895118
8260,-13.624090258895118
8261,-13.624090258895118
8262,-13.624090258895118
8263,-13.624090258895118
8264,-13.624090258895118
8265,-13.624090258895118
8266,-13.624090258895118
8267,-13.624090258895118
8268,-13.624090258895118
8269,-13.624090258895118
8270,-13.624090258895118
8271,-13.624090258895118
8272,-13.624090258895118
8273,-13.624090258895118
8274,-13.624090258895118
8275,-13.624090258895118
8276,-13.624090258895118
8277,-13.624090258895118
8278,-13.624090258895118
8279,-13.624090258895118
8280,-13.624090258895118
8281,-13.624090258895118
8282,-13.624090258895118
8283,-13.624090258895118
8284,-13.624090258895118
8285,-13.624090258895118
8286,-13.624090258895118
8287,-13.624090258895118
8288,-13.624090258895118
8289,-13.624090258895118
8290,-13.624090258895118
8291,-13.624090258895118
8292,-13.624090258895118
8293,-13.624090258895118
8294,-13.624090258895118
8295,-13.624090258895118
8296,-13.624090258895118
8297,-13.624090258895118
8298,-13.624090258895118
8299,-13.624090258895118
8300,-13.624090258895118
8301,-13.624090258895118
8302,-13.624090258895118
8303,-13.624090258895118
8304,-13.624090258895118
8305,-13.624090258895118
8306,-13.624090258895118
8307,-13.624090258895118
8308,-13.624090258895118
8309,-13.624090258895118
8310,-13.624090258895118
8311,-13.624090258895118
8312,-13.624090258895118
8313,-13.624090258895118
8314,-13.624090258895118
8315,-13.624090258895118
8316,-13.624090258895118
8317,-13.624090258895118
8318,-13.624090258895118
8319,-13.624090258895118
8320,-13.624090258895118
8321,-13.624090258895118
8322,-13.624090258895118
8323,-13.624090258895118
8324,-13.624090258895118
8325,-13.624090258895118
8326,-13.624090258895118
8327,-13.624090258895118
8328,-13.624090258895118
8329,-13.624090258895118
8330,-13.624090258895118
8331,-13.624090258895118
8332,-13.624090258895118
8333,-13.624090258895118
8334,-13.624090258895118
8335,-13.624090258895118
8336,-13.624090258895118
8337,-13.624090258895118
8338,-13.624090258895118
8339,-13.624090258895118
8340,-13.624090258895118
8341,-13.624090258895118
8342,-13.624090258895118
8343,-13.624090258895118
8344,-13.624090258895118
8345,-13.624090258895118
8346,-13.624090258895118
8347,-13.624090258895118
8348,-13.624090258895118
8349,-13.624090258895118
8350,-13.624090258895118
8351,-13.624090258895118
8352,-13.624090258895118
8353,-13.624090258895118
8354,-13.624090258895118
8355,-13.624090258895118
8356,-13.624090258895118
8357,-13.624090258895118
8358,-13.624090258895118
8359,-13.624090258895118
8360,-13.624090258895118
8361,-13.624090258895118
8362,-13.624090258895118
8363,-13.624090258895118
8364,-13.624090258895118
8365,-13.624090258895118
8366,-13.624090258895118
8367,-13.624090258895118
8368,-13.624090258895118
8369,-13.624090258895118
8370,-13.624090258895118
8371,-13.624090258895118
8372,-13.624090258895118
8373,-13.624090258895118
8374,-13.624090258895118
8375,-13.624090258895118
8376,-13.624090258895118
8377,-13.624090258895118
8378,-13.624090258895118
8379,-13.624090258895118
8380,-13.624090258895118
8381,-13.624090258895118
8382,-13.624090258895118
8383,-13.624090258895118
8384,-13.624090258895118
8385,-13.624090258895118
8386,-13.624090258895118
8387,-13.624090258895118
8388,-13.624090258895118
8389,-13.624090258895118
8390,-13.624090258895118
8391,-13.624090258895118
8392,-13.624090258895118
8393,-13.624090258895118
8394,-13.624090258895118
8395,-13.624090258895118
8396,-13.624090258895118
8397,-13.624090258895118
8398,-13.624090258895118
8399,-13.624090258895118
8400,-13.624090258895118
8401,-13.624090258895118
8402,-13.624090258895118
8403,-13.624090258895118
8404,-13.624090258895118
8405,-13.624090258895118
8406,-13.624090258895118
8407,-13.624090258895118
8408,-13.624090258895118
8409,-13.624090258895118
8410,-13.624090258895118
8411,-13.624090258895118
8412,-13.624090258895118
8413,-13.624090258895118
8414,-13.624090258895118
8415,-13.624090258895118
8416,-13.624090258895118
8417,-13.624090258895118
8418,-13.624090258895118
8419,-13.624090258895118
8420,-13.624090258895118
8421,-13.624090258895118
8422,-13.624090258895118
8423,-13.624090258895118
8424,-13.624090258895118
8425,-13.624090258895118
8426,-13.624090258895118
8427,-13.624090258895118
8428,-13.624090258895118
8429,-13.624090258895118
8430,-13.624090258895118
8431,-13.624090258895118
8432,-13.624090258895118
8433,-13.624090258895118
8434,-13.624090258895118
8435,-13.624090258895118
8436,-13.624090258895118
8437,-13.624090258895118
8438,-13.624090258895118
8439,-13.624090258895118
8440,-13.624090258895118
8441,-13.624090258895118
8442,-13.624090258895118
8443,-13.624090258895118
8444,-13.624090258895118
8445,-13.624090258895118
8446,-13.624090258895118
8447,-13.624090258895118
8448,-13.624090258895118
8449,-13.624090258895118
8450,-13.624090258895118
8451,-13.624090258895118
8452,-13.624090258895118
8453,-13.624090258895118
8454,-13.624090258895118
8455,-13.624090258895118
8456,-13.624090258895118
8457,-13.624090258895118
8458,-13.624090258895118
8459,-13.624090258895118
8460,-13.624090258895118
8461,-13.624090258895118
8462,-13.624090258895118
8463,-13.624090258895118
8464,-13.624090258895118
8465,-13.624090258895118
8466,-13.624090258895118
8467,-13.624090258895118
8468,-13.624090258895118
8469,-13.624090258895118
8470,-13.624090258895118
8471,-13.624090258895118
8472,-13.624090258895118
8473,-13.624090258895118
8474,-13.624090258895118
8475,-13.624090258895118
8476,-13.624090258895118
8477,-13.624090258895118
8478,-13.624090258895118
8479,-13.624090258895118
8480,-13.624090258895118
8481,-13.624090258895118
8482,-13.624090258895118
8483,-13.624090258895118
8484,-13.624090258895118
8485,-13.624090258895118
8486,-13.624090258895118
8487,-13.624090258895118
8488,-13.624090258895118
8489,-13.624090258895118
8490,-13.624090258895118
8491,-13.624090258895118
8492,-13.624090258895118
8493,-13.624090258895118
8494,-13.624090258895118
8495,-13.624090258895118
8496,-13.624090258895118
8497,-13.624090258895118
8498,-13.624090258895118
8499,-13.624090258895118
8500,-13.624090258895118
8501,-13.624090258895118
8502,-13.624090258895118
8503,-13.624090258895118
8504,-13.624090258895118
8505,-13.624090258895118
8506,-13.624090258895118
8507,-13.624090258895118
8508,-13.624090258895118
8509,-13.624090258895118
8510,-13.624090258895118
8511,-13.624090258895118
8512,-13.624090258895118
8513,-13.624090258895118
8514,-13.624090258895118
8515,-13.624090258895118
8516,-13.624090258895118
8517,-13.624090258895118
8518,-13.624090258895118
8519,-13.624090258895118
8520,-13.624090258895118
8521,-13.624090258895118
8522,-13.624090258895118
8523,-13.624090258895118
8524,-13.624090258895118
8525,-13.624090258895118
8526,-13.624090258895118
8527,-13.624090258895118
8528,-13.624090258895118
8529,-13.624090258895118
8530,-13.624090258895118
8531,-13.624090258895118
8532,-13.624090258895118
8533,-13.624090258895118
8534,-13.624090258895118
8535,-13.624090258895118
8536,-13.624090258895118
8537,-13.624090258895118
8538,-13.624090258895118
8539,-13.624090258895118
8540,-13.624090258895118
8541,-13.624090258895118
8542,-13.624090258895118
8543,-13.624090258895118
8544,-13.624090258895118
8545,-13.624090258895118
8546,-13.624090258895118
8547,-13.624090258895118
8548,-13.624090258895118
8549,-13.624090258895118
8550,-13.624090258895118
8551,-13.624090258895118
8552,-13.624090258895118
8553,-13.624090258895118
8554,-13.624090258895118
8555,-13.624090258895118
8556,-13.624090258895118
8557,-13.624090258895118
8558,-13.624090258895118
8559,-13.624090258895118
8560,-13.624090258895118
8561,-13.624090258895118
8562,-13.624090258895118
8563,-13.624090258895118
8564,-13.624090258895118
8565,-13.624090258895118
8566,-13.624090258895118
8567,-13.624090258895118
8568,-13.624090258895118
8569,-13.624090258895118
8570,-13.624090258895118
8571,-13.624090258895118
8572,-13.624090258895118
8573,-13.624090258895118
8574,-13.624090258895118
8575,-13.624090258895118
8576,-13.624090258895118
8577,-13.624090258895118
8578,-13.624090258895118
8579,-13.624090258895118
8580,-13.624090258895118
8581,-13.624090258895118
8582,-13.624090258895118
8583,-13.624090258895118
8584,-13.624090258895118
8585,-13.624090258895118
8586,-13.624090258895118
8587,-13.624090258895118
8588,-13.624090258895118
8589,-13.624090258895118
8590,-13.624090258895118
8591,-13.624090258895118
8592,-13.624090258895118
8593,-13.624090258895118
8594,-13.624090258895118
8595,-13.624090258895118
8596,-13.624090258895118
8597,-13.624090258895118
8598,-13.624090258895118
8599,-13.624090258895118
8600,-13.624090258895118
8601,-13.624090258895118
8602,-13.624090258895118
8603,-13.624090258895118
8604,-13.624090258895118
8605,-13.624090258895118
8606,-13.624090258895118
8607,-13.624090258895118
8608,-13.624090258895118
8609,-13.624090258895118
8610,-13.624090258895118
8611,-13.624090258895118
8612,-13.624090258895118
8613,-13.624090258895118
8614,-13.624090258895118
8615,-13.624090258895118
8616,-13.624090258895118
8617,-13.624090258895118
8618,-13.624090258895118
8619,-13.624090258895118
8620,-13.624090258895118
8621,-13.624090258895118
8622,-13.624090258895118
8623,-13.624090258895118
8624,-13.624090258895118
8625,-13.624090258895118
8626,-13.624090258895118
8627,-13.624090258895118
8628,-13.624090258895118
8629,-13.624090258895118
8630,-13.624090258895118
8631,-13.624090258895118
8632,-13.624090258895118
8633,-13.624090258895118
8634,-13.624090258895118
8635,-13.624090258895118
8636,-13.624090258895118
8637,-13.624090258895118
8638,-13.624090258895118
8639,-13.624090258895118
8640,-13.624090258895118
8641,-13.624090258895118
8642,-13.624090258895118
8643,-13.624090258895118
8644,-13.624090258895118
8645,-13.624090258895118
8646,-13.624090258895118
8647,-13.624090258895118
8648,-13.624090258895118
8649,-13.624090258895118
8650,-13.624090258895118
8651,-13.624090258895118
8652,-13.624090258895118
8653,-13.624090258895118
8654,-13.624090258895118
8655,-13.624090258895118
8656,-13.624090258895118
8657,-13.624090258895118
8658,-13.624090258895118
8659,-13.624090258895118
8660,-13.624090258895118
8661,-13.624090258895118
8662,-13.624090258895118
8663,-13.624090258895118
8664,-13.624090258895118
8665,-13.624090258895118
8666,-13.624090258895118
8667,-13.624090258895118
8668,-13.624090258895118
8669,-13.624090258895118
8670,-13.624090258895118
8671,-13.624090258895118
8672,-13.624090258895118
8673,-13.624090258895118
8674,-13.624090258895118
8675,-13.624090258895118
8676,-13.624090258895118
8677,-13.624090258895118
8678,-13.624090258895118
8679,-13.624090258895118
8680,-13.624090258895118
8681,-13.624090258895118
8682,-13.624090258895118
8683,-13.624090258895118
8684,-13.624090258895118
8685,-13.624090258895118
8686,-13.624090258895118
8687,-13.624090258895118
8688,-13.624090258895118
8689,-13.624090258895118
8690,-13.624090258895118
8691,-13.624090258895118
8692,-13.624090258895118
8693,-13.624090258895118
8694,-13.624090258895118
8695,-13.624090258895118
8696,-13.624090258895118
8697,-13.624090258895118
8698,-13.624090258895118
8699,-13.624090258895118
8700,-13.624090258895118
8701,-13.624090258895118
8702,-13.624090258895118
8703,-13.624090258895118
8704,-13.624090258895118
8705,-13.624090258895118
8706,-13.624090258895118
8707,-13.624090258895118
8708,-13.624090258895118
8709,-13.624090258895118
8710,-13.624090258895118
8711,-13.624090258895118
8712,-13.624090258895118
8713,-13.624090258895118
8714,-13.624090258895118
8715,-13.624090258895118
8716,-13.624090258895118
8717,-13.624090258895118
8718,-13.624090258895118
8719,-13.624090258895118
8720,-13.624090258895118
8721,-13.624090258895118
8722,-13.624090258895118
8723,-13.624090258895118
8724,-13.624090258895118
8725,-13.624090258895118
8726,-13.624090258895118
8727,-13.624090258895118
8728,-13.624090258895118
8729,-13.624090258895118
8730,-13.624090258895118
8731,-13.624090258895118
8732,-13.624090258895118
8733,-13.624090258895118
8734,-13.624090258895118
8735,-13.624090258895118
8736,-13.624090258895118
8737,-13.624090258895118
8738,-13.624090258895118
8739,-13.624090258895118
8740,-13.624090258895118
8741,-13.624090258895118
8742,-13.624090258895118
8743,-13.624090258895118
8744,-13.624090258895118
8745,-13.624090258895118
8746,-13.624090258895118
8747,-13.624090258895118
8748,-13.624090258895118
8749,-13.624090258895118
8750,-13.624090258895118
8751,-13.624090258895118
8752,-13.624090258895118
8753,-13.624090258895118
8754,-13.624090258895118
8755,-13.624090258895118
8756,-13.624090258895118
8757,-13.624090258895118
8758,-13.624090258895118
8759,-13.624090258895118
8760,-13.624090258895118
8761,-13.624090258895118
8762,-13.624090258895118
8763,-13.624090258895118
8764,-13.624090258895118
8765,-13.624090258895118
8766,-13.624090258895118
8767,-13.624090258895118
8768,-13.624090258895118
8769,-13.624090258895118
8770,-13.624090258895118
8771,-13.624090258895118
8772,-13.624090258895118
8773,-13.624090258895118
8774,-13.624090258895118
8775,-13.624090258895118
8776,-13.624090258895118
8777,-13.624090258895118
8778,-13.624090258895118
8779,-13.624090258895118
8780,-13.624090258895118
8781,-13.624090258895118
8782,-13.624090258895118
8783,-13.624090258895118
8784,-13.624090258895118
8785,-13.624090258895118
8786,-13.624090258895118
8787,-13.624090258895118
8788,-13.624090258895118
8789,-13.624090258895118
8790,-13.624090258895118
8791,-13.624090258895118
8792,-13.624090258895118
8793,-13.624090258895118
8794,-13.624090258895118
8795,-13.624090258895118
8796,-13.624090258895118
8797,-13.624090258895118
8798,-13.624090258895118
8799,-13.624090258895118
8800,-13.624090258895118
8801,-13.624090258895118
8802,-13.624090258895118
8803,-13.624090258895118
8804,-13.624090258895118
8805,-13.624090258895118
8806,-13.624090258895118
8807,-13.624090258895118
8808,-13.624090258895118
8809,-13.624090258895118
8810,-13.624090258895118
8811,-13.624090258895118
8812,-13.624090258895118
8813,-13.624090258895118
8814,-13.624090258895118
8815,-13.624090258895118
8816,-13.624090258895118
8817,-13.624090258895118
8818,-13.624090258895118
8819,-13.624090258895118
8820,-13.624090258895118
8821,-13.624090258895118
8822,-13.624090258895118
8823,-13.624090258895118
8824,-13.624090258895118
8825,-13.624090258895118
8826,-13.624090258895118
8827,-13.624090258895118
8828,-13.624090258895118
8829,-13.624090258895118
8830,-13.624090258895118
8831,-13.624090258895118
8832,-13.624090258895118
8833,-13.624090258895118
8834,-13.624090258895118
8835,-13.624090258895118
8836,-13.624090258895118
8837,-13.624090258895118
8838,-13.624090258895118
8839,-13.624090258895118
8840,-13.624090258895118
8841,-13.624090258895118
8842,-13.624090258895118
8843,-13.624090258895118
8844,-13.624090258895118
8845,-13.624090258895118
8846,-13.624090258895118
8847,-13.624090258895118
8848,-13.624090258895118
8849,-13.624090258895118
8850,-13.624090258895118
8851,-13.624090258895118
8852,-13.624090258895118
8853,-13.624090258895118
8854,-13.624090258895118
8855,-13.624090258895118
8856,-13.624090258895118
8857,-13.624090258895118
8858,-13.624090258895118
8859,-13.624090258895118
8860,-13.624090258895118
8861,-13.624090258895118
8862,-13.624090258895118
8863,-13.624090258895118
8864,-13.624090258895118
8865,-13.624090258895118
8866,-13.624090258895118
8867,-13.624090258895118
8868,-13.624090258895118
8869,-13.624090258895118
8870,-13.624090258895118
8871,-9.723242722200059
8872,-9.723242722200059
8873,-9.723242722200059
8874,-9.723242722200059
8875,-9.723242722200059
8876,-9.723242722200059
8877,-9.723242722200059
8878,-9.723242722200059
8879,-9.723242722200059
8880,-9.723242722200059
8881,-9.723242722200059
8882,-9.723242722200059
8883,-9.723242722200059
8884,-9.723242722200059
8885,-9.723242722200059
8886,-9.723242722200059
8887,-9.723242722200059
8888,-9.723242722200059
8889,-9.723242722200059
8890,-9.723242722200059
8891,-9.723242722200059
8892,-9.723242722200059
8893,-9.723242722200059
8894,-9.723242722200059
8895,-9.723242722200059
8896,-9.723242722200059
8897,-9.723242722200059
8898,-9.723242722200059
8899,-9.723242722200059
8900,-9.723242722200059
8901,-9.723242722200059
8902,-9.723242722200059
8903,-9.723242722200059
8904,-9.723242722200059
8905,-9.723242722200059
8906,-9.723242722200059
8907,-9.723242722200059
8908,-9.723242722200059
8909,-9.723242722200059
8910,-9.723242722200059
8911,-9.723242722200059
8912,-9.723242722200059
8913,-9.723242722200059
8914,-9.723242722200059
8915,-9.723242722200059
8916,-9.723242722200059
8917,-9.723242722200059
8918,-9.723242722200059
8919,-9.723242722200059
8920,-9.723242722200059
8921,-9.723242722200059
8922,-9.723242722200059
8923,-9.723242722200059
8924,-9.723242722200059
8925,-9.723242722200059
8926,-9.723242722200059
8927,-9.723242722200059
8928,-9.723242722200059
8929,-9.723242722200059
8930,-9.723242722200059
8931,-9.723242722200059
8932,-9.723242722200059
8933,-9.723242722200059
8934,-9.723242722200059
8935,-9.723242722200059
8936,-9.723242722200059
8937,-9.723242722200059
8938,-9.723242722200059
8939,-9.723242722200059
8940,-9.723242722200059
8941,-9.723242722200059
8942,-9.723242722200059
8943,-9.723242722200059
8944,-9.723242722200059
8945,-9.723242722200059
8946,-9.723242722200059
8947,-9.723242722200059
8948,-9.723242722200059
8949,-9.723242722200059
8950,-9.723242722200059
8951,-9.723242722200059
8952,-9.723242722200059
8953,-9.723242722200059
8954,-9.723242722200059
8955,-9.723242722200059
8956,-9.723242722200059
8957,-9.723242722200059
8958,-9.723242722200059
8959,-9.723242722200059
8960,-9.723242722200059
8961,-9.723242722200059
8962,-9.723242722200059
8963,-9.723242722200059
8964,-9.723242722200059
8965,-9.723242722200059
8966,-9.723242722200059
8967,-9.723242722200059
8968,-9.723242722200059
8969,-9.723242722200059
8970,-9.723242722200059
8971,-9.723242722200059
8972,-9.723242722200059
8973,-9.723242722200059
8974,-9.723242722200059
8975,-9.723242722200059
8976,-9.723242722200059
8977,-9.723242722200059
8978,-9.723242722200059
8979,-9.723242722200059
8980,-9.723242722200059
8981,-9.723242722200059
8982,-9.723242722200059
8983,-9.723242722200059
8984,-9.723242722200059
8985,-9.723242722200059
8986,-9.723242722200059
8987,-9.723242722200059
8988,-9.723242722200059
8989,-9.723242722200059
8990,-9.723242722200059
8991,-9.723242722200059
8992,-9.723242722200059
8993,-9.723242722200059
8994,-9.723242722200059
8995,-9.723242722200059
8996,-9.723242722200059
8997,-9.723242722200059
8998,-9.723242722200059
8999,-9.723242722200059
9000,-9.723242722200059
9001,-9.723242722200059
9002,-9.723242722200059
9003,-9.723242722200059
9004,-9.723242722200059
9005,-9.723242722200059
9006,-9.723242722200059
9007,-9.723242722200059
9008,-9.723242722200059
9009,-9.723242722200059
9010,-9.723242722200059
9011,-9.723242722200059
9012,-9.723242722200059
9013,-9.723242722200059
9014,-9.723242722200059
9015,-9.723242722200059
9016,-9.723242722200059
9017,-9.723242722200059
9018,-9.723242722200059
9019,-9.723242722200059
9020,-9.723242722200059
9021,-9.723242722200059
9022,-9.723242722200059
9023,-9.723242722200059
9024,-9.723242722200059
9025,-9.723242722200059
9026,-9.723242722200059
9027,-9.723242722200059
9028,-9.723242722200059
9029,-9.723242722200059
9030,-9.723242722200059
9031,-9.723242722200059
9032,-9.723242722200059
9033,-9.723242722200059
9034,-9.723242722200059
9035,-9.723242722200059
9036,-9.723242722200059
9037,-9.723242722200059
9038,-9.723242722200059
9039,-9.723242722200059
9040,-9.723242722200059
9041,-9.723242722200059
9042,-9.723242722200059
9043,-9.723242722200059
9044,-9.723242722200059
9045,-9.723242722200059
9046,-9.723242722200059
9047,-9.723242722200059
9048,-9.723242722200059
9049,-9.723242722200059
9050,-9.723242722200059
9051,-9.723242722200059
9052,-9.723242722200059
9053,-9.723242722200059
9054,-9.723242722200059
9055,-9.723242722200059
9056,-9.723242722200059
9057,-9.723242722200059
9058,-9.723242722200059
9059,-9.723242722200059
9060,-9.723242722200059
9061,-9.723242722200059
9062,-9.723242722200059
9063,-9.723242722200059
9064,-9.723242722200059
9065,-9.723242722200059
9066,-9.723242722200059
9067,-9.723242722200059
9068,-9.723242722200059
9069,-9.723242722200059
9070,-9.723242722200059
9071,-9.723242722200059
9072,-9.723242722200059
9073,-9.723242722200059
9074,-9.723242722200059
9075,-9.723242722200059
9076,-9.723242722200059
9077,-9.723242722200059
9078,-9.723242722200059
9079,-9.723242722200059
9080,-9.723242722200059
9081,-9.723242722200059
9082,-9.723242722200059
9083,-9.723242722200059
9084,-9.723242722200059
9085,-9.723242722200059
9086,-9.723242722200059
9087,-9.723242722200059
9088,-9.723242722200059
9089,-9.723242722200059
9090,-9.723242722200059
9091,-9.723242722200059
9092,-9.723242722200059
9093,-9.723242722200059
9094,-9.723242722200059
9095,-9.723242722200059
9096,-9.723242722200059
9097,-9.723242722200059
9098,-9.723242722200059
9099,-9.723242722200059
9100,-9.723242722200059
9101,-9.723242722200059
9102,-9.723242722200059
9103,-9.723242722200059
9104,-9.723242722200059
9105,-9.723242722200059
9106,-9.723242722200059
9107,-9.723242722200059
9108,-9.723242722200059
9109,-9.723242722200059
9110,-9.723242722200059
9111,-9.723242722200059
9112,-9.723242722200059
9113,-9.723242722200059
9114,-9.723242722200059
9115,-9.723242722200059
9116,-9.723242722200059
9117,-9.723242722200059
9118,-9.723242722200059
9119,-9.723242722200059
9120,-9.723242722200059
9121,-9.723242722200059
9122,-9.723242722200059
9123,-9.723242722200059
9124,-9.723242722200059
9125,-9.723242722200059
9126,-9.723242722200059
9127,-9.723242722200059
9128,-9.723242722200059
9129,-9.723242722200059
9130,-9.723242722200059
9131,-9.723242722200059
9132,-9.723242722200059
9133,-9.723242722200059
9134,-9.723242722200059
9135,-9.723242722200059
9136,-9.723242722200059
9137,-9.723242722200059
9138,-9.723242722200059
9139,-9.723242722200059
9140,-9.723242722200059
9141,-9.723242722200059
9142,-9.723242722200059
9143,-9.723242722200059
9144,-9.723242722200059
9145,-9.723242722200059
9146,-9.723242722200059
9147,-9.723242722200059
9148,-9.723242722200059
9149,-9.723242722200059
9150,-9.723242722200059
9151,-9.723242722200059
9152,-9.723242722200059
9153,-9.723242722200059
9154,-9.723242722200059
9155,-9.723242722200059
9156,-9.723242722200059
9157,-9.723242722200059
9158,-9.723242722200059
9159,-9.723242722200059
9160,-9.723242722200059
9161,-9.723242722200059
9162,-9.723242722200059
9163,-9.723242722200059
9164,-9.723242722200059
9165,-9.723242722200059
9166,-9.723242722200059
9167,-9.723242722200059
9168,-9.723242722200059
9169,-9.723242722200059
9170,-9.723242722200059
9171,-9.723242722200059
9172,-9.723242722200059
9173,-9.723242722200059
9174,-9.723242722200059
9175,-9.723242722200059
9176,-9.723242722200059
9177,-9.723242722200059
9178,-9.723242722200059
9179,-9.723242722200059
9180,-9.723242722200059
9181,-9.723242722200059
9182,-9.723242722200059
9183,-9.723242722200059
9184,-9.723242722200059
9185,-9.723242722200059
9186,-9.723242722200059
9187,-9.723242722200059
9188,-9.723242722200059
9189,-9.723242722200059
9190,-9.723242722200059
9191,-9.723242722200059
9192,-9.723242722200059
9193,-9.723242722200059
9194,-9.723242722200059
9195,-9.723242722200059
9196,-9.723242722200059
9197,-9.723242722200059
9198,-9.723242722200059
9199,-9.723242722200059
9200,-9.723242722200059
9201,-9.723242722200059
9202,-9.723242722200059
9203,-9.723242722200059
9204,-9.723242722200059
9205,-9.723242722200059
9206,-9.723242722200059
9207,-9.723242722200059
9208,-9.723242722200059
9209,-9.723242722200059
9210,-9.723242722200059
9211,-9.723242722200059
9212,-9.723242722200059
9213,-9.723242722200059
9214,-9.723242722200059
9215,-9.723242722200059
9216,-9.723242722200059
9217,-9.723242722200059
9218,-9.723242722200059
9219,-9.723242722200059
9220,-9.723242722200059
9221,-9.723242722200059
9222,-9.723242722200059
9223,-9.723242722200059
9224,-9.723242722200059
9225,-9.723242722200059
9226,-9.723242722200059
9227,-9.723242722200059
9228,-9.723242722200059
9229,-9.723242722200059
9230,-9.723242722200059
9231,-9.723242722200059
9232,-9.723242722200059
9233,-9.723242722200059
9234,-9.723242722200059
9235,-9.723242722200059
9236,-9.723242722200059
9237,-9.723242722200059
9238,-9.723242722200059
9239,-9.723242722200059
9240,-9.723242722200059
9241,-9.723242722200059
9242,-9.723242722200059
9243,-9.723242722200059
9244,-9.723242722200059
9245,-9.723242722200059
9246,-9.723242722200059
9247,-9.723242722200059
9248,-9.723242722200059
9249,-9.723242722200059
9250,-9.723242722200059
9251,-9.723242722200059
9252,-9.723242722200059
9253,-9.723242722200059
9254,-9.723242722200059
9255,-9.723242722200059
9256,-9.723242722200059
9257,-9.723242722200059
9258,-9.723242722200059
9259,-9.723242722200059
9260,-9.723242722200059
9261,-9.723242722200059
9262,-9.723242722200059
9263,-9.723242722200059
9264,-9.723242722200059
9265,-9.723242722200059
9266,-9.723242722200059
9267,-9.723242722200059
9268,-9.723242722200059
9269,-9.723242722200059
9270,-9.723242722200059
9271,-9.723242722200059
9272,-9.723242722200059
9273,-9.723242722200059
9274,-9.723242722200059
9275,-9.723242722200059
9276,-9.723242722200059
9277,-9.723242722200059
9278,-9.723242722200059
9279,-9.723242722200059
9280,-9.723242722200059
9281,-9.723242722200059
9282,-9.723242722200059
9283,-9.723242722200059
9284,-9.723242722200059
9285,-9.723242722200059
9286,-9.723242722200059
9287,-9.723242722200059
9288,-9.723242722200059
9289,-9.723242722200059
9290,-9.723242722200059
9291,-9.723242722200059
9292,-9.723242722200059
9293,-9.723242722200059
9294,-9.723242722200059
9295,-9.723242722200059
9296,-9.723242722200059
9297,-9.723242722200059
9298,-9.723242722200059
9299,-9.723242722200059
9300,-9.723242722200059
9301,-9.723242722200059
9302,-9.723242722200059
9303,-9.723242722200059
9304,-9.723242722200059
9305,-9.723242722200059
9306,-9.723242722200059
9307,-9.723242722200059
9308,-9.723242722200059
9309,-9.723242722200059
9310,-9.723242722200059
9311,-9.723242722200059
9312,-9.723242722200059
9313,-9.723242722200059
9314,-9.723242722200059
9315,-9.723242722200059
9316,-9.723242722200059
9317,-9.723242722200059
9318,-9.723242722200059
9319,-9.723242722200059
9320,-9.723242722200059
9321,-9.723242722200059
9322,-9.723242722200059
9323,-9.723242722200059
9324,-9.723242722200059
9325,-9.723242722200059
9326,-9.723242722200059
9327,-9.723242722200059
9328,-9.723242722200059
9329,-9.723242722200059
9330,-9.723242722200059
9331,-9.723242722200059
9332,-9.723242722200059
9333,-9.723242722200059
9334,-9.723242722200059
9335,-9.723242722200059
9336,-9.723242722200059
9337,-9.723242722200059
9338,-9.723242722200059
9339,-9.723242722200059
9340,-9.723242722200059
9341,-9.723242722200059
9342,-9.723242722200059
9343,-9.723242722200059
9344,-9.723242722200059
9345,-9.723242722200059
9346,-9.723242722200059
9347,-9.723242722200059
9348,-9.723242722200059
9349,-9.723242722200059
9350,-9.723242722200059
9351,-9.723242722200059
9352,-9.723242722200059
9353,-9.723242722200059
9354,-9.723242722200059
9355,-9.723242722200059
9356,-9.723242722200059
9357,-9.723242722200059
9358,-9.723242722200059
9359,-9.723242722200059
9360,-9.723242722200059
9361,-9.723242722200059
9362,-9.723242722200059
9363,-9.723242722200059
9364,-9.723242722200059
9365,-9.723242722200059
9366,-9.723242722200059
9367,-9.723242722200059
9368,-9.723242722200059
9369,-9.723242722200059
9370,-9.723242722200059
9371,-9.723242722200059
9372,-9.723242722200059
9373,-9.723242722200059
9374,-9.723242722200059
9375,-9.723242722200059
9376,-9.723242722200059
9377,-9.723242722200059
9378,-9.723242722200059
9379,-9.723242722200059
9380,-9.723242722200059
9381,-9.723242722200059
9382,-9.723242722200059
9383,-9.723242722200059
9384,-9.723242722200059
9385,-9.723242722200059
9386,-9.723242722200059
9387,-9.723242722200059
9388,-9.723242722200059
9389,-9.723242722200059
9390,-9.723242722200059
9391,-9.723242722200059
9392,-9.723242722200059
9393,-9.723242722200059
9394,-9.723242722200059
9395,-9.723242722200059
9396,-9.723242722200059
9397,-9.723242722200059
9398,-9.723242722200059
9399,-9.723242722200059
9400,-9.723242722200059
9401,-9.723242722200059
9402,-9.723242722200059
9403,-9.723242722200059
9404,-9.723242722200059
9405,-9.723242722200059
9406,-9.723242722200059
9407,-9.723242722200059
9408,-9.723242722200059
9409,-9.723242722200059
9410,-9.723242722200059
9411,-9.723242722200059
9412,-9.723242722200059
9413,-9.723242722200059
9414,-9.723242722200059
9415,-9.723242722200059
9416,-9.723242722200059
9417,-9.723242722200059
9418,-9.723242722200059
9419,-9.723242722200059
9420,-9.723242722200059
9421,-9.723242722200059
9422,-9.723242722200059
9423,-9.723242722200059
9424,-9.723242722200059
9425,-9.723242722200059
9426,-9.723242722200059
9427,-9.723242722200059
9428,-9.723242722200059
9429,-9.723242722200059
9430,-9.723242722200059
9431,-9.723242722200059
9432,-9.723242722200059
9433,-9.723242722200059
9434,-9.723242722200059
9435,-9.723242722200059
9436,-9.723242722200059
9437,-9.723242722200059
9438,-9.723242722200059
9439,-9.723242722200059
9440,-9.723242722200059
9441,-9.723242722200059
9442,-9.723242722200059
9443,-9.723242722200059
9444,-9.723242722200059
9445,-9.723242722200059
9446,-9.723242722200059
9447,-9.723242722200059
9448,-9.723242722200059
9449,-9.723242722200059
9450,-9.723242722200059
9451,-9.723242722200059
9452,-9.723242722200059
9453,-9.723242722200059
9454,-9.723242722200059
9455,-9.723242722200059
9456,-9.723242722200059
9457,-9.723242722200059
9458,-9.723242722200059
9459,-9.723242722200059
9460,-9.723242722200059
9461,-9.723242722200059
9462,-9.723242722200059
9463,-9.723242722200059
9464,-9.723242722200059
9465,-9.723242722200059
9466,-9.723242722200059
9467,-9.723242722200059
9468,-9.723242722200059
9469,-9.723242722200059
9470,-9.723242722200059
9471,-9.723242722200059
9472,-9.723242722200059
9473,-9.723242722200059
9474,-9.723242722200059
9475,-9.723242722200059
9476,-9.723242722200059
9477,-9.723242722200059
9478,-9.723242722200059
9479,-9.723242722200059
9480,-9.723242722200059
9481,-9.723242722200059
9482,-9.723242722200059
9483,-9.723242722200059
9484,-9.723242722200059
9485,-9.723242722200059
9486,-9.723242722200059
9487,-9.723242722200059
9488,-9.723242722200059
9489,-9.723242722200059
9490,-9.723242722200059
9491,-9.723242722200059
9492,-9.723242722200059
9493,-9.723242722200059
9494,-9.723242722200059
9495,-9.723242722200059
9496,-9.723242722200059
9497,-9.723242722200059
9498,-9.723242722200059
9499,-9.723242722200059
9500,-9.723242722200059
9501,-9.723242722200059
9502,-9.723242722200059
9503,-9.723242722200059
9504,-9.723242722200059
9505,-9.723242722200059
9506,-9.723242722200059
9507,-9.723242722200059
9508,-9.723242722200059
9509,-9.723242722200059
9510,-9.723242722200059
9511,-9.723242722200059
9512,-9.723242722200059
9513,-9.723242722200059
9514,-9.723242722200059
9515,-9.723242722200059
9516,-9.723242722200059
9517,-9.723242722200059
9518,-9.723242722200059
9519,-9.723242722200059
9520,-9.723242722200059
9521,-9.723242722200059
9522,-9.723242722200059
9523,-9.723242722200059
9524,-9.723242722200059
9525,-9.723242722200059
9526,-9.723242722200059
9527,-9.723242722200059
9528,-9.723242722200059
9529,-9.723242722200059
9530,-9.723242722200059
9531,-9.723242722200059
9532,-9.723242722200059
9533,-9.723242722200059
9534,-9.723242722200059
9535,-9.723242722200059
9536,-9.723242722200059
9537,-9.723242722200059
9538,-9.723242722200059
9539,-9.723242722200059
9540,-9.723242722200059
9541,-9.723242722200059
9542,-9.723242722200059
9543,-9.723242722200059
9544,-9.723242722200059
9545,-9.723242722200059
9546,-9.723242722200059
9547,-9.723242722200059
9548,-9.723242722200059
9549,-9.723242722200059
9550,-9.723242722200059
9551,-9.723242722200059
9552,-9.723242722200059
9553,-9.723242722200059
9554,-9.723242722200059
9555,-9.723242722200059
9556,-9.723242722200059
9557,-9.723242722200059
9558,-9.723242722200059
9559,-9.723242722200059
9560,-9.723242722200059
9561,-9.723242722200059
9562,-9.723242722200059
9563,-9.723242722200059
9564,-9.723242722200059
9565,-9.723242722200059
9566,-9.723242722200059
9567,-9.723242722200059
9568,-9.723242722200059
9569,-9.723242722200059
9570,-9.723242722200059
9571,-9.723242722200059
9572,-9.723242722200059
9573,-9.723242722200059
9574,-9.723242722200059
9575,-9.723242722200059
9576,-9.723242722200059
9577,-9.723242722200059
9578,-9.723242722200059
9579,-9.723242722200059
9580,-9.723242722200059
9581,-9.723242722200059
9582,-9.723242722200059
9583,-9.723242722200059
9584,-9.723242722200059
9585,-9.723242722200059
9586,-9.723242722200059
9587,-9.723242722200059
9588,-9.723242722200059
9589,-9.723242722200059
9590,-9.723242722200059
9591,-9.723242722200059
9592,-9.723242722200059
9593,-9.723242722200059
9594,-9.723242722200059
9595,-9.723242722200059
9596,-9.723242722200059
9597,-9.723242722200059
9598,-9.723242722200059
9599,-9.723242722200059
9600,-9.723242722200059
9601,-9.723242722200059
9602,-9.723242722200059
9603,-9.723242722200059
9604,-9.723242722200059
9605,-9.723242722200059
9606,-9.723242722200059
9607,-9.723242722200059
9608,-9.723242722200059
9609,-9.723242722200059
9610,-9.723242722200059
9611,-9.723242722200059
9612,-9.723242722200059
9613,-9.723242722200059
9614,-9.723242722200059
9615,-9.723242722200059
9616,-9.723242722200059
9617,-9.723242722200059
9618,-9.723242722200059
9619,-9.723242722200059
9620,-9.723242722200059
9621,-9.723242722200059
9622,-9.723242722200059
9623,-9.723242722200059
9624,-9.723242722200059
9625,-9.723242722200059
9626,-9.723242722200059
9627,-9.723242722200059
9628,-9.723242722200059
9629,-9.723242722200059
9630,-9.723242722200059
9631,-9.723242722200059
9632,-9.723242722200059
9633,-9.723242722200059
9634,-9.723242722200059
9635,-9.723242722200059
9636,-9.723242722200059
9637,-9.723242722200059
9638,-9.723242722200059
9639,-9.723242722200059
9640,-9.723242722200059
9641,-9.723242722200059
9642,-9.723242722200059
9643,-9.723242722200059
9644,-9.723242722200059
9645,-9.723242722200059
9646,-9.723242722200059
9647,-9.723242722200059
9648,-9.723242722200059
9649,-9.723242722200059
9650,-9.723242722200059
9651,-9.723242722200059
9652,-9.723242722200059
9653,-9.723242722200059
9654,-9.723242722200059
9655,-9.723242722200059
9656,-9.723242722200059
9657,-9.723242722200059
9658,-9.723242722200059
9659,-9.723242722200059
9660,-9.723242722200059
9661,-9.723242722200059
9662,-9.723242722200059
9663,-9.723242722200059
9664,-9.723242722200059
9665,-9.723242722200059
9666,-9.723242722200059
9667,-9.723242722200059
9668,-9.723242722200059
9669,-9.723242722200059
9670,-9.723242722200059
9671,-9.723242722200059
9672,-9.723242722200059
9673,-9.723242722200059
9674,-9.723242722200059
9675,-9.723242722200059
9676,-9.723242722200059
9677,-9.723242722200059
9678,-9.723242722200059
9679,-9.723242722200059
9680,-9.723242722200059
9681,-9.723242722200059
9682,-9.723242722200059
9683,-9.723242722200059
9684,-9.723242722200059
9685,-9.723242722200059
9686,-9.723242722200059
9687,-9.723242722200059
9688,-9.723242722200059
9689,-9.723242722200059
9690,-9.723242722200059
9691,-9.723242722200059
9692,-9.723242722200059
9693,-9.723242722200059
9694,-9.723242722200059
9695,-9.723242722200059
9696,-9.723242722200059
9697,-9.723242722200059
9698,-9.723242722200059
9699,-9.723242722200059
9700,-9.723242722200059
9701,-9.723242722200059
9702,-9.723242722200059
9703,-9.723242722200059
9704,-9.723242722200059
9705,-9.723242722200059
9706,-9.723242722200059
9707,-9.723242722200059
9708,-9.723242722200059
9709,-9.723242722200059
9710,-9.723242722200059
9711,-9.723242722200059
9712,-9.723242722200059
9713,-9.723242722200059
9714,-9.723242722200059
9715,-9.723242722200059
9716,-9.723242722200059
9717,-9.723242722200059
9718,-9.723242722200059
9719,-9.723242722200059
9720,-9.723242722200059
9721,-9.723242722200059
9722,-9.723242722200059
9723,-9.723242722200059
9724,-9.723242722200059
9725,-9.723242722200059
9726,-9.723242722200059
9727,-9.723242722200059
9728,-9.723242722200059
9729,-9.723242722200059
9730,-9.723242722200059
9731,-9.723242722200059
9732,-9.723242722200059
9733,-9.723242722200059
9734,-9.723242722200059
9735,-9.723242722200059
9736,-9.723242722200059
9737,-9.723242722200059
9738,-9.723242722200059
9739,-9.723242722200059
9740,-9.723242722200059
9741,-9.723242722200059
9742,-9.723242722200059
9743,-9.723242722200059
9744,-9.723242722200059
9745,-9.723242722200059
9746,-9.723242722200059
9747,-9.723242722200059
9748,-9.723242722200059
9749,-9.723242722200059
9750,-9.723242722200059
9751,-9.723242722200059
9752,-9.723242722200059
9753,-9.723242722200059
9754,-9.723242722200059
9755,-9.723242722200059
9756,-9.723242722200059
9757,-9.723242722200059
9758,-9.723242722200059
9759,-9.723242722200059
9760,-9.723242722200059
9761,-9.723242722200059
9762,-9.723242722200059
9763,-9.723242722200059
9764,-9.723242722200059
9765,-9.723242722200059
9766,-9.723242722200059
9767,-9.723242722200059
9768,-9.723242722200059
9769,-9.723242722200059
9770,-9.723242722200059
9771,-9.723242722200059
9772,-9.723242722200059
9773,-9.723242722200059
9774,-9.723242722200059
9775,-9.723242722200059
9776,-9.723242722200059
9777,-9.723242722200059
9778,-9.723242722200059
9779,-9.723242722200059
9780,-9.723242722200059
9781,-9.723242722200059
9782,-9.723242722200059
9783,-9.723242722200059
9784,-9.723242722200059
9785,-9.723242722200059
9786,-9.723242722200059
9787,-9.723242722200059
9788,-9.723242722200059
9789,-9.723242722200059
9790,-9.723242722200059
9791,-9.723242722200059
9792,-9.723242722200059
9793,-9.723242722200059
9794,-9.723242722200059
9795,-9.723242722200059
9796,-9.723242722200059
9797,-9.723242722200059
9798,-9.723242722200059
9799,-9.723242722200059
9800,-9.723242722200059
9801,-9.723242722200059
9802,-9.723242722200059
9803,-9.723242722200059
9804,-9.723242722200059
9805,-9.723242722200059
9806,-9.723242722200059
9807,-9.723242722200059
9808,-9.723242722200059
9809,-9.723242722200059
9810,-9.723242722200059
9811,-9.723242722200059
9812,-9.723242722200059
9813,-9.723242722200059
9814,-9.723242722200059
9815,-9.723242722200059
9816,-9.723242722200059
9817,-9.723242722200059
9818,-9.723242722200059
9819,-9.723242722200059
9820,-9.723242722200059
9821,-9.723242722200059
9822,-9.723242722200059
9823,-9.723242722200059
9824,-9.723242722200059
9825,-9.723242722200059
9826,-9.723242722200059
9827,-9.723242722200059
9828,-9.723242722200059
9829,-9.723242722200059
9830,-9.723242722200059
9831,-9.723242722200059
9832,-9.723242722200059
9833,-9.723242722200059
9834,-9.723242722200059
9835,-9.723242722200059
9836,-9.723242722200059
9837,-9.723242722200059
9838,-9.723242722200059
9839,-9.723242722200059
9840,-9.723242722200059
9841,-9.723242722200059
9842,-9.723242722200059
9843,-9.723242722200059
9844,-9.723242722200059
9845,-9.723242722200059
9846,-9.723242722200059
9847,-9.723242722200059
9848,-9.723242722200059
9849,-9.723242722200059
9850,-9.723242722200059
9851,-9.723242722200059
9852,-9.723242722200059
9853,-9.723242722200059
9854,-9.723242722200059
9855,-9.723242722200059
9856,-9.723242722200059
9857,-9.723242722200059
9858,-9.723242722200059
9859,-9.723242722200059
9860,-9.723242722200059
9861,-9.723242722200059
9862,-9.723242722200059
9863,-9.723242722200059
9864,-9.723242722200059
9865,-9.723242722200059
9866,-9.723242722200059
9867,-9.723242722200059
9868,-9.723242722200059
9869,-9.723242722200059
9870,-9.723242722200059
9871,-9.723242722200059
9872,-9.723242722200059
9873,-9.723242722200059
9874,-9.723242722200059
9875,-9.723242722200059
9876,-9.723242722200059
9877,-9.723242722200059
9878,-9.723242722200059
9879,-9.723242722200059
9880,-9.723242722200059
9881,-9.723242722200059
9882,-9.723242722200059
9883,-9.723242722200059
9884,-4.289919367517656
9885,-4.289919367517656
9886,-4.289919367517656
9887,-4.289919367517656
9888,-4.289919367517656
9889,-4.289919367517656
9890,-4.289919367517656
9891,-4.289919367517656
9892,-4.289919367517656
9893,-4.289919367517656
9894,-4.289919367517656
9895,-4.289919367517656
9896,-4.289919367517656
9897,-4.289919367517656
9898,-4.289919367517656
9899,-4.289919367517656
9900,-4.289919367517656
9901,-4.289919367517656
9902,-4.289919367517656
9903,-4.289919367517656
9904,-4.289919367517656
9905,-4.289919367517656
9906,-4.289919367517656
9907,-4.289919367517656
9908,-4.289919367517656
9909,-4.289919367517656
9910,-4.289919367517656
9911,-4.289919367517656
9912,-4.289919367517656
9913,-4.289919367517656
9914,-4.289919367517656
9915,-4.289919367517656
9916,-4.289919367517656
9917,-4.289919367517656
9918,-4.289919367517656
9919,-4.289919367517656
9920,-4.289919367517656
9921,-4.289919367517656
9922,-4.289919367517656
9923,-4.289919367517656
9924,-4.289919367517656
9925,-4.289919367517656
9926,-4.289919367517656
9927,-4.289919367517656
9928,-4.289919367517656
9929,-4.289919367517656
9930,-4.289919367517656
9931,-4.289919367517656
9932,-4.289919367517656
9933,-4.289919367517656
9934,-4.289919367517656
9935,-4.289919367517656
9936,-4.289919367517656
9937,-4.289919367517656
9938,-4.289919367517656
9939,-4.289919367517656
9940,-4.289919367517656
9941,-4.289919367517656
9942,-4.289919367517656
9943,-4.289919367517656
9944,-4.289919367517656
9945,-4.289919367517656
9946,-4.289919367517656
9947,-4.289919367517656
9948,-4.289919367517656
9949,-4.289919367517656
9950,-4.289919367517656
9951,-4.289919367517656
9952,-4.289919367517656
9953,-4.289919367517656
9954,-4.289919367517656
9955,-4.289919367517656
9956,-4.289919367517656
9957,-4.289919367517656
9958,-4.289919367517656
9959,-4.289919367517656
9960,-4.289919367517656
9961,-4.289919367517656
9962,-4.289919367517656
9963,-4.289919367517656
9964,-4.289919367517656
9965,-4.289919367517656
9966,-4.289919367517656
9967,-4.289919367517656
9968,-4.289919367517656
9969,-4.289919367517656
9970,-4.289919367517656
9971,-4.289919367517656
9972,-4.289919367517656
9973,-4.289919367517656
9974,-4.289919367517656
9975,-4.289919367517656
9976,-4.289919367517656
9977,-4.289919367517656
9978,-4.289919367517656
9979,-4.289919367517656
9980,-4.289919367517656
9981,-4.289919367517656
9982,-4.289919367517656
9983,-4.289919367517656
9984,-4.289919367517656
9985,-4.289919367517656
9986,-4.289919367517656
9987,-4.289919367517656
9988,-4.289919367517656
9989,-4.289919367517656
9990,-4.289919367517656
9991,-4.289919367517656
9992,-4.289919367517656
9993,-4.289919367517656
9994,-4.289919367517656
9995,-4.289919367517656
9996,-4.289919367517656
9997,-4.289919367517656
9998,-4.289919367517656
9999,-4.289919367517656
10000,-4.289919367517656
10001,-4.289919367517656
10002,-4.289919367517656
10003,-4.289919367517656
10004,-4.289919367517656
10005,-4.289919367517656
10006,-4.289919367517656
10007,-4.289919367517656
10008,-4.289919367517656
10009,-4.289919367517656
10010,-4.289919367517656
10011,-4.289919367517656
10012,-4.289919367517656
10013,-4.289919367517656
10014,-4.289919367517656
10015,-4.289919367517656
10016,-4.289919367517656
10017,-4.289919367517656
10018,-4.289919367517656
10019,-4.289919367517656
10020,-4.289919367517656
10021,-4.289919367517656
10022,-4.289919367517656
10023,-4.289919367517656
10024,-4.289919367517656
10025,-4.289919367517656
10026,-4.289919367517656
10027,-4.289919367517656
10028,-4.289919367517656
10029,-4.289919367517656
10030,-4.289919367517656
10031,-4.289919367517656
10032,-4.289919367517656
10033,-4.289919367517656
10034,-4.289919367517656
10035,-4.289919367517656
10036,-4.289919367517656
10037,-4.289919367517656
10038,-4.289919367517656
10039,-4.289919367517656
10040,-4.289919367517656
10041,-4.289919367517656
10042,-4.289919367517656
10043,-4.289919367517656
10044,-4.289919367517656
10045,-4.289919367517656
10046,-4.289919367517656
10047,-4.289919367517656
10048,-4.289919367517656
10049,-4.289919367517656
10050,-4.289919367517656
10051,-4.289919367517656
10052,-4.289919367517656
10053,-4.289919367517656
10054,-4.289919367517656
10055,-4.289919367517656
10056,-4.289919367517656
10057,-4.289919367517656
10058,-4.289919367517656
10059,-4.289919367517656
10060,-4.289919367517656
10061,-4.289919367517656
10062,-4.289919367517656
10063,-4.289919367517656
10064,-4.289919367517656
10065,-4.289919367517656
10066,-4.289919367517656
10067,-4.289919367517656
10068,-4.289919367517656
10069,-4.289919367517656
10070,-4.289919367517656
10071,-4.289919367517656
10072,-4.289919367517656
10073,-4.289919367517656
10074,-4.289919367517656
10075,-4.289919367517656
10076,-4.289919367517656
10077,-4.289919367517656
10078,-4.289919367517656
10079,-4.289919367517656
10080,-4.289919367517656
10081,-4.289919367517656
10082,-4.289919367517656
10083,-4.289919367517656
10084,-4.289919367517656
10085,-4.289919367517656
10086,-4.289919367517656
10087,-4.289919367517656
10088,-4.289919367517656
10089,-4.289919367517656
10090,-4.289919367517656
10091,-4.289919367517656
10092,-4.289919367517656
10093,-4.289919367517656
10094,-4.289919367517656
10095,-4.289919367517656
10096,-4.289919367517656
10097,-4.289919367517656
10098,-4.289919367517656
10099,-4.289919367517656
10100,-4.289919367517656
10101,-4.289919367517656
10102,-4.289919367517656
10103,-4.289919367517656
10104,-4.289919367517656
10105,-4.289919367517656
10106,-4.289919367517656
10107,-4.289919367517656
10108,-4.289919367517656
10109,-4.289919367517656
10110,-4.289919367517656
10111,-4.289919367517656
10112,-4.289919367517656
10113,-4.289919367517656
10114,-4.289919367517656
10115,-4.289919367517656
10116,-4.289919367517656
10117,-4.289919367517656
10118,-4.289919367517656
10119,-4.289919367517656
10120,-4.289919367517656
10121,-4.289919367517656
10122,-4.289919367517656
10123,-4.289919367517656
10124,-4.289919367517656
10125,-4.289919367517656
10126,-4.289919367517656
10127,-4.289919367517656
10128,-4.289919367517656
10129,-4.289919367517656
10130,-4.289919367517656
10131,-4.289919367517656
10132,-4.289919367517656
10133,-4.289919367517656
10134,-4.289919367517656
10135,-4.289919367517656
10136,-4.289919367517656
10137,-4.289919367517656
10138,-4.289919367517656
10139,-4.289919367517656
10140,-4.289919367517656
10141,-4.289919367517656
10142,-4.289919367517656
10143,-4.289919367517656
10144,-4.289919367517656
10145,-4.289919367517656
10146,-4.289919367517656
10147,-4.289919367517656
10148,-4.289919367517656
10149,-4.289919367517656
10150,-4.289919367517656
10151,-4.289919367517656
10152,-4.289919367517656
10153,-4.289919367517656
10154,-4.289919367517656
10155,-4.289919367517656
10156,-4.289919367517656
10157,-4.289919367517656
10158,-4.289919367517656
10159,-4.289919367517656
10160,-4.289919367517656
10161,-4.289919367517656
10162,-4.289919367517656
10163,-4.289919367517656
10164,-4.289919367517656
10165,-4.289919367517656
10166,-4.289919367517656
10167,-4.289919367517656
10168,-4.289919367517656
10169,-4.289919367517656
10170,-4.289919367517656
10171,-4.289919367517656
10172,-4.289919367517656
10173,-4.289919367517656
10174,-4.289919367517656
10175,-4.289919367517656
10176,-4.289919367517656
10177,-4.289919367517656
10178,-4.289919367517656
10179,-4.289919367517656
10180,-4.289919367517656
10181,-4.289919367517656
10182,-4.289919367517656
10183,-4.289919367517656
10184,-4.289919367517656
10185,-4.289919367517656
10186,-4.289919367517656
10187,-4.289919367517656
10188,-4.289919367517656
10189,-4.289919367517656
10190,-4.289919367517656
10191,-4.289919367517656
10192,-4.289919367517656
10193,-4.289919367517656
10194,-4.289919367517656
10195,-4.289919367517656
10196,-4.289919367517656
10197,-4.289919367517656
10198,-4.289919367517656
10199,-4.289919367517656
10200,-4.289919367517656
10201,-4.289919367517656
10202,-4.289919367517656
10203,-4.289919367517656
10204,-4.289919367517656
10205,-4.289919367517656
10206,-4.289919367517656
10207,-4.289919367517656
10208,-4.289919367517656
10209,-4.289919367517656
10210,-4.289919367517656
10211,-4.289919367517656
10212,-4.289919367517656
10213,-4.289919367517656
10214,-4.289919367517656
10215,-4.289919367517656
10216,-4.289919367517656
10217,-4.289919367517656
10218,-4.289919367517656
10219,-4.289919367517656
10220,-4.289919367517656
10221,-4.289919367517656
10222,-4.289919367517656
10223,-4.289919367517656
10224,-4.289919367517656
10225,-4.289919367517656
10226,-4.289919367517656
10227,-4.289919367517656
10228,-4.289919367517656
10229,-4.289919367517656
10230,-4.289919367517656
10231,-4.289919367517656
10232,-4.289919367517656
10233,-4.289919367517656
10234,-4.289919367517656
10235,-4.289919367517656
10236,-4.289919367517656
10237,-4.289919367517656
10238,-4.289919367517656
10239,-4.289919367517656
10240,-4.289919367517656
10241,-4.289919367517656
10242,-4.289919367517656
10243,-4.289919367517656
10244,-4.289919367517656
10245,-4.289919367517656
10246,-4.289919367517656
10247,-4.289919367517656
10248,-4.289919367517656
10249,-4.289919367517656
10250,-4.289919367517656
10251,-4.289919367517656
10252,-4.289919367517656
10253,-4.289919367517656
10254,-4.289919367517656
10255,-4.289919367517656
10256,-4.289919367517656
10257,-4.289919367517656
10258,-4.289919367517656
10259,-4.289919367517656
10260,-4.289919367517656
10261,-4.289919367517656
10262,-4.289919367517656
10263,-4.289919367517656
10264,-4.289919367517656
10265,-4.289919367517656
10266,-4.289919367517656
10267,-4.289919367517656
10268,-4.289919367517656
10269,-4.289919367517656
10270,-4.289919367517656
10271,-4.289919367517656
10272,-4.289919367517656
10273,-4.289919367517656
10274,-4.289919367517656
10275,-4.289919367517656
10276,-4.289919367517656
10277,-4.289919367517656
10278,-4.289919367517656
10279,-4.289919367517656
10280,-4.289919367517656
10281,-4.289919367517656
10282,-4.289919367517656
10283,-4.289919367517656
10284,-4.289919367517656
10285,-4.289919367517656
10286,-4.289919367517656
10287,-4.289919367517656
10288,-4.289919367517656
10289,-4.289919367517656
10290,-4.289919367517656
10291,-4.289919367517656
10292,-4.289919367517656
10293,-4.289919367517656
10294,-4.289919367517656
10295,-4.289919367517656
10296,-4.289919367517656
10297,-4.289919367517656
10298,-4.289919367517656
10299,-4.289919367517656
10300,-4.289919367517656
10301,-4.289919367517656
10302,-4.289919367517656
10303,-4.289919367517656
10304,-4.289919367517656
10305,-4.289919367517656
10306,-4.289919367517656
10307,-4.289919367517656
10308,-4.289919367517656
10309,-4.289919367517656
10310,-4.289919367517656
10311,-4.289919367517656
10312,-4.289919367517656
10313,-4.289919367517656
10314,-4.289919367517656
10315,-4.289919367517656
10316,-4.289919367517656
10317,-4.289919367517656
10318,-4.289919367517656
10319,-4.289919367517656
10320,-4.289919367517656
10321,-4.289919367517656
10322,-4.289919367517656
10323,-4.289919367517656
10324,-4.289919367517656
10325,-4.289919367517656
10326,-4.289919367517656
10327,-4.289919367517656
10328,-4.289919367517656
10329,-4.289919367517656
10330,-4.289919367517656
10331,-4.289919367517656
10332,-4.289919367517656
10333,-4.289919367517656
10334,-4.289919367517656
10335,-4.289919367517656
10336,-4.289919367517656
10337,-4.289919367517656
10338,-4.289919367517656
10339,-4.289919367517656
10340,-4.289919367517656
10341,-4.289919367517656
10342,-4.289919367517656
10343,-4.289919367517656
10344,-4.289919367517656
10345,-4.289919367517656
10346,-4.289919367517656
10347,-4.289919367517656
10348,-4.289919367517656
10349,-4.289919367517656
10350,-4.289919367517656
10351,-4.289919367517656
10352,-4.289919367517656
10353,-4.289919367517656
10354,-4.289919367517656
10355,-4.289919367517656
10356,-4.289919367517656
10357,-4.289919367517656
10358,-4.289919367517656
10359,-4.289919367517656
10360,-4.289919367517656
10361,-4.289919367517656
10362,-4.289919367517656
10363,-4.289919367517656
10364,-4.289919367517656
10365,-4.289919367517656
10366,-4.289919367517656
10367,-4.289919367517656
10368,-4.289919367517656
10369,-4.289919367517656
10370,-4.289919367517656
10371,-4.289919367517656
10372,-4.289919367517656
10373,-4.289919367517656
10374,-4.289919367517656
10375,-4.289919367517656
10376,-4.289919367517656
10377,-4.289919367517656
10378,-4.289919367517656
10379,-4.289919367517656
10380,-4.289919367517656
10381,-4.289919367517656
10382,-4.289919367517656
10383,-4.289919367517656
10384,-4.289919367517656
10385,-4.289919367517656
10386,-4.289919367517656
10387,-4.289919367517656
10388,-4.289919367517656
10389,-4.289919367517656
10390,-4.289919367517656
10391,-4.289919367517656
10392,-4.289919367517656
10393,-4.289919367517656
10394,-4.289919367517656
10395,-4.289919367517656
10396,-4.289919367517656
10397,-4.289919367517656
10398,-4.289919367517656
10399,-4.289919367517656
10400,-4.289919367517656
10401,-4.289919367517656
10402,-4.289919367517656
10403,-4.289919367517656
10404,-4.289919367517656
10405,-4.289919367517656
10406,-4.289919367517656
10407,-4.289919367517656
10408,-4.289919367517656
10409,-4.289919367517656
10410,-4.289919367517656
10411,-4.289919367517656
10412,-4.289919367517656
10413,-4.289919367517656
10414,-4.289919367517656
10415,-4.289919367517656
10416,-4.289919367517656
10417,-4.289919367517656
10418,-4.289919367517656
10419,-4.289919367517656
10420,-4.289919367517656
10421,-4.289919367517656
10422,-4.289919367517656
10423,-4.289919367517656
10424,-4.289919367517656
10425,-4.289919367517656
10426,-4.289919367517656
10427,-4.289919367517656
10428,-4.289919367517656
10429,-4.289919367517656
10430,-4.289919367517656
10431,-4.289919367517656
10432,-4.289919367517656
10433,-4.289919367517656
10434,-4.289919367517656
10435,-4.289919367517656
10436,-4.289919367517656
10437,-4.289919367517656
10438,-4.289919367517656
10439,-4.289919367517656
10440,-4.289919367517656
10441,-4.289919367517656
10442,-4.289919367517656
10443,-4.289919367517656
10444,-4.289919367517656
10445,-4.289919367517656
10446,-4.289919367517656
10447,-4.289919367517656
10448,-4.289919367517656
10449,-4.289919367517656
10450,-4.289919367517656
10451,-4.289919367517656
10452,-4.289919367517656
10453,-4.289919367517656
10454,-4.289919367517656
10455,-4.289919367517656
10456,-4.289919367517656
10457,-4.289919367517656
10458,-4.289919367517656
10459,-4.289919367517656
10460,-4.289919367517656
10461,-4.289919367517656
10462,-4.289919367517656
10463,-4.289919367517656
10464,-4.289919367517656
10465,-4.289919367517656
10466,-4.289919367517656
10467,-4.289919367517656
10468,-4.289919367517656
10469,-4.289919367517656
10470,-4.289919367517656
10471,-4.289919367517656
10472,-4.289919367517656
10473,-4.289919367517656
10474,-4.289919367517656
10475,-4.289919367517656
10476,-4.289919367517656
10477,-4.289919367517656
10478,-4.289919367517656
10479,-4.289919367517656
10480,-4.289919367517656
10481,-4.289919367517656
10482,-4.289919367517656
10483,-4.289919367517656
10484,-4.289919367517656
10485,-4.289919367517656
10486,-4.289919367517656
10487,-4.289919367517656
10488,-4.289919367517656
10489,-4.289919367517656
10490,-4.289919367517656
10491,-4.289919367517656
10492,-4.289919367517656
10493,-4.289919367517656
10494,-4.289919367517656
10495,-4.289919367517656
10496,-4.289919367517656
10497,-4.289919367517656
10498,-4.289919367517656
10499,-4.289919367517656
10500,-4.289919367517656
10501,-4.289919367517656
10502,-4.289919367517656
10503,-4.289919367517656
10504,-4.289919367517656
10505,-4.289919367517656
10506,-4.289919367517656
10507,-4.289919367517656
10508,-4.289919367517656
10509,-4.289919367517656
10510,-4.289919367517656
10511,-4.289919367517656
10512,-4.289919367517656
10513,-4.289919367517656
10514,-4.289919367517656
10515,-4.289919367517656
10516,-4.289919367517656
10517,-4.289919367517656
10518,-4.289919367517656
10519,-4.289919367517656
10520,-4.289919367517656
10521,-4.289919367517656
10522,-4.289919367517656
10523,-4.289919367517656
10524,-4.289919367517656
10525,-4.289919367517656
10526,-4.289919367517656
10527,-4.289919367517656
10528,-4.289919367517656
10529,-4.289919367517656
10530,-4.289919367517656
10531,-4.289919367517656
10532,-4.289919367517656
10533,-4.289919367517656
10534,-4.289919367517656
10535,-4.289919367517656
10536,-4.289919367517656
10537,-4.289919367517656
10538,-4.289919367517656
10539,-4.289919367517656
10540,-4.289919367517656
10541,-4.289919367517656
10542,-4.289919367517656
10543,-4.289919367517656
10544,-4.289919367517656
10545,-4.289919367517656
10546,-4.289919367517656
10547,-4.289919367517656
10548,-4.289919367517656
10549,-4.289919367517656
10550,-4.289919367517656
10551,-4.289919367517656
10552,-4.289919367517656
10553,-4.289919367517656
10554,-4.289919367517656
10555,-4.289919367517656
10556,-4.289919367517656
10557,-4.289919367517656
10558,-4.289919367517656
10559,-4.289919367517656
10560,-4.289919367517656
10561,-4.289919367517656
10562,-4.289919367517656
10563,-4.289919367517656
10564,-4.289919367517656
10565,-4.289919367517656
10566,-4.289919367517656
10567,-4.289919367517656
10568,-4.289919367517656
10569,-4.289919367517656
10570,-4.289919367517656
10571,-4.289919367517656
10572,-4.289919367517656
10573,-4.289919367517656
10574,-4.289919367517656
10575,-4.289919367517656
10576,-4.289919367517656
10577,-4.289919367517656
10578,-4.289919367517656
10579,-4.289919367517656
10580,-4.289919367517656
10581,-4.289919367517656
10582,-4.289919367517656
10583,-4.289919367517656
10584,-4.289919367517656
10585,-4.289919367517656
10586,-4.289919367517656
10587,-4.289919367517656
10588,-4.289919367517656
10589,-4.289919367517656
10590,-4.289919367517656
10591,-4.289919367517656
10592,-4.289919367517656
10593,-4.289919367517656
10594,-4.289919367517656
10595,-4.289919367517656
10596,-4.289919367517656
10597,-4.289919367517656
10598,-4.289919367517656
10599,-4.289919367517656
10600,-4.289919367517656
10601,-4.289919367517656
10602,-4.289919367517656
10603,-4.289919367517656
10604,-4.289919367517656
10605,-4.289919367517656
10606,-4.289919367517656
10607,-4.289919367517656
10608,-4.289919367517656
10609,-4.289919367517656
10610,-4.289919367517656
10611,-4.289919367517656
10612,-4.289919367517656
10613,-4.289919367517656
10614,-4.289919367517656
10615,-4.289919367517656
10616,-4.289919367517656
10617,-4.289919367517656
10618,-4.289919367517656
10619,-4.289919367517656
10620,-4.289919367517656
10621,-4.289919367517656
10622,-4.289919367517656
10623,-4.289919367517656
10624,-4.289919367517656
10625,-4.289919367517656
10626,-4.289919367517656
10627,-4.289919367517656
10628,-4.289919367517656
10629,-4.289919367517656
10630,-4.289919367517656
10631,-4.289919367517656
10632,-4.289919367517656
10633,-4.289919367517656
10634,-4.289919367517656
10635,-4.289919367517656
10636,-4.289919367517656
10637,-4.289919367517656
10638,-4.289919367517656
10639,-4.289919367517656
10640,-4.289919367517656
10641,-4.289919367517656
10642,-4.289919367517656
10643,-4.289919367517656
10644,-4.289919367517656
10645,-4.289919367517656
10646,-4.289919367517656
10647,-4.289919367517656
10648,-4.289919367517656
10649,-4.289919367517656
10650,-4.289919367517656
10651,-4.289919367517656
10652,-4.289919367517656
10653,-4.289919367517656
10654,-4.289919367517656
10655,-4.289919367517656
10656,-4.289919367517656
10657,-4.289919367517656
10658,-4.289919367517656
10659,-4.289919367517656
10660,-4.289919367517656
10661,-4.289919367517656
10662,-4.289919367517656
10663,-4.289919367517656
10664,-4.289919367517656
10665,-4.289919367517656
10666,-4.289919367517656
10667,-4.289919367517656
10668,-4.289919367517656
10669,-4.289919367517656
10670,-4.289919367517656
10671,-4.289919367517656
10672,-4.289919367517656
10673,-4.289919367517656
10674,-4.289919367517656
10675,-4.289919367517656
10676,-4.289919367517656
10677,-4.289919367517656
10678,-4.289919367517656
10679,-4.289919367517656
10680,-4.289919367517656
10681,-4.289919367517656
10682,-4.289919367517656
10683,-4.289919367517656
10684,-4.289919367517656
10685,-4.289919367517656
10686,-4.289919367517656
10687,-4.289919367517656
10688,-4.289919367517656
10689,-4.289919367517656
10690,-4.289919367517656
10691,-4.289919367517656
10692,-4.289919367517656
10693,1.4220359540715377
10694,1.4220359540715377
10695,1.4220359540715377
10696,1.4220359540715377
10697,1.4220359540715377
10698,1.4220359540715377
10699,1.4220359540715377
10700,1.4220359540715377
10701,1.4220359540715377
10702,1.4220359540715377
10703,1.4220359540715377
10704,1.4220359540715377
10705,1.4220359540715377
10706,1.4220359540715377
10707,1.4220359540715377
10708,1.4220359540715377
10709,1.4220359540715377
10710,1.4220359540715377
10711,1.4220359540715377
10712,1.4220359540715377
10713,1.4220359540715377
10714,1.4220359540715377
10715,1.4220359540715377
10716,1.4220359540715377
10717,1.4220359540715377
10718,1.4220359540715377
10719,1.4220359540715377
10720,1.4220359540715377
10721,1.4220359540715377
10722,1.4220359540715377
10723,1.4220359540715377
10724,1.4220359540715377
10725,1.4220359540715377
10726,1.4220359540715377
10727,1.4220359540715377
10728,1.4220359540715377
10729,1.4220359540715377
10730,1.4220359540715377
10731,1.4220359540715377
10732,1.4220359540715377
10733,1.4220359540715377
10734,1.4220359540715377
10735,1.4220359540715377
10736,1.4220359540715377
10737,1.4220359540715377
10738,1.4220359540715377
10739,1.4220359540715377
10740,1.4220359540715377
10741,1.4220359540715377
10742,1.4220359540715377
10743,1.4220359540715377
10744,1.4220359540715377
10745,1.4220359540715377
10746,1.4220359540715377
10747,1.4220359540715377
10748,1.4220359540715377
10749,1.4220359540715377
10750,1.4220359540715377
10751,1.4220359540715377
10752,1.4220359540715377
10753,1.4220359540715377
10754,1.4220359540715377
10755,1.4220359540715377
10756,1.4220359540715377
10757,1.4220359540715377
10758,1.4220359540715377
10759,1.4220359540715377
10760,1.4220359540715377
10761,1.4220359540715377
10762,1.4220359540715377
10763,1.4220359540715377
10764,1.4220359540715377
10765,1.4220359540715377
10766,1.4220359540715377
10767,1.4220359540715377
10768,1.4220359540715377
10769,1.4220359540715377
10770,1.4220359540715377
10771,1.4220359540715377
10772,1.4220359540715377
10773,1.4220359540715377
10774,1.4220359540715377
10775,1.4220359540715377
10776,1.4220359540715377
10777,1.4220359540715377
10778,1.4220359540715377
10779,1.4220359540715377
10780,1.4220359540715377
10781,1.4220359540715377
10782,1.4220359540715377
10783,1.4220359540715377
10784,1.4220359540715377
10785,1.4220359540715377
10786,1.4220359540715377
10787,1.4220359540715377
10788,1.4220359540715377
10789,1.4220359540715377
10790,1.4220359540715377
10791,1.4220359540715377
10792,1.4220359540715377
10793,1.4220359540715377
10794,1.4220359540715377
10795,1.4220359540715377
10796,1.4220359540715377
10797,1.4220359540715377
10798,1.4220359540715377
10799,1.4220359540715377
10800,1.4220359540715377
10801,1.4220359540715377
10802,1.4220359540715377
10803,1.4220359540715377
10804,1.4220359540715377
10805,1.4220359540715377
10806,1.4220359540715377
10807,1.4220359540715377
10808,1.4220359540715377
10809,1.4220359540715377
10810,1.4220359540715377
10811,1.4220359540715377
10812,1.4220359540715377
10813,1.4220359540715377
10814,1.4220359540715377
10815,1.4220359540715377
10816,1.4220359540715377
10817,1.4220359540715377
10818,1.4220359540715377
10819,1.4220359540715377
10820,1.4220359540715377
10821,1.4220359540715377
10822,1.4220359540715377
10823,1.4220359540715377
10824,1.4220359540715377
10825,1.4220359540715377
10826,1.4220359540715377
10827,1.4220359540715377
10828,1.4220359540715377
10829,1.4220359540715377
10830,1.4220359540715377
10831,1.4220359540715377
10832,1.4220359540715377
10833,1.4220359540715377
10834,1.4220359540715377
10835,1.4220359540715377
10836,1.4220359540715377
10837,1.4220359540715377
10838,1.4220359540715377
10839,1.4220359540715377
10840,1.4220359540715377
10841,1.4220359540715377
10842,1.4220359540715377
10843,1.4220359540715377
10844,1.4220359540715377
10845,1.4220359540715377
10846,1.4220359540715377
10847,1.4220359540715377
10848,1.4220359540715377
10849,1.4220359540715377
10850,1.4220359540715377
10851,1.4220359540715377
10852,1.4220359540715377
10853,1.4220359540715377
10854,1.4220359540715377
10855,1.4220359540715377
10856,1.4220359540715377
10857,1.4220359540715377
10858,1.4220359540715377
10859,1.4220359540715377
10860,1.4220359540715377
10861,1.4220359540715377
10862,1.4220359540715377
10863,1.4220359540715377
10864,1.4220359540715377
10865,1.4220359540715377
10866,1.4220359540715377
10867,1.4220359540715377
10868,1.4220359540715377
10869,1.4220359540715377
10870,1.4220359540715377
10871,1.4220359540715377
10872,1.4220359540715377
10873,1.4220359540715377
10874,1.4220359540715377
10875,1.4220359540715377
10876,1.4220359540715377
10877,1.4220359540715377
10878,1.4220359540715377
10879,1.4220359540715377
10880,1.4220359540715377
10881,1.4220359540715377
10882,1.4220359540715377
10883,1.4220359540715377
10884,1.4220359540715377
10885,1.4220359540715377
10886,1.4220359540715377
10887,1.4220359540715377
10888,1.4220359540715377
10889,1.4220359540715377
10890,1.4220359540715377
10891,1.4220359540715377
10892,1.4220359540715377
10893,1.4220359540715377
10894,1.4220359540715377
10895,1.4220359540715377
10896,1.4220359540715377
10897,1.4220359540715377
10898,1.4220359540715377
10899,1.4220359540715377
10900,1.4220359540715377
10901,1.4220359540715377
10902,1.4220359540715377
10903,1.4220359540715377
10904,1.4220359540715377
10905,1.4220359540715377
10906,1.4220359540715377
10907,1.4220359540715377
10908,1.4220359540715377
10909,1.4220359540715377
10910,1.4220359540715377
10911,1.4220359540715377
10912,1.4220359540715377
10913,1.4220359540715377
10914,1.4220359540715377
10915,1.4220359540715377
10916,1.4220359540715377
10917,1.4220359540715377
10918,1.4220359540715377
10919,1.4220359540715377
10920,1.4220359540715377
10921,1.4220359540715377
10922,1.4220359540715377
10923,1.4220359540715377
10924,1.4220359540715377
10925,1.4220359540715377
10926,1.4220359540715377
10927,1.4220359540715377
10928,1.4220359540715377
10929,1.4220359540715377
10930,1.4220359540715377
10931,1.4220359540715377
10932,1.4220359540715377
10933,1.4220359540715377
10934,1.4220359540715377
10935,1.4220359540715377
10936,1.4220359540715377
10937,1.4220359540715377
10938,1.4220359540715377
10939,1.4220359540715377
10940,1.4220359540715377
10941,1.4220359540715377
10942,1.4220359540715377
10943,1.4220359540715377
10944,1.4220359540715377
10945,1.4220359540715377
10946,1.4220359540715377
10947,1.4220359540715377
10948,1.4220359540715377
10949,1.4220359540715377
10950,1.4220359540715377
10951,1.4220359540715377
10952,1.4220359540715377
10953,1.4220359540715377
10954,1.4220359540715377
10955,1.4220359540715377
10956,1.4220359540715377
10957,1.4220359540715377
10958,1.4220359540715377
10959,1.4220359540715377
10960,1.4220359540715377
10961,1.4220359540715377
10962,1.4220359540715377
10963,1.4220359540715377
10964,1.4220359540715377
10965,1.4220359540715377
10966,1.4220359540715377
10967,1.4220359540715377
10968,1.4220359540715377
10969,1.4220359540715377
10970,1.4220359540715377
10971,1.4220359540715377
10972,1.4220359540715377
10973,1.4220359540715377
10974,1.4220359540715377
10975,1.4220359540715377
10976,1.4220359540715377
10977,1.4220359540715377
10978,1.4220359540715377
10979,1.4220359540715377
10980,1.4220359540715377
10981,1.4220359540715377
10982,1.4220359540715377
10983,1.4220359540715377
10984,1.4220359540715377
10985,1.4220359540715377
10986,1.4220359540715377
10987,1.4220359540715377
10988,1.4220359540715377
10989,1.4220359540715377
10990,1.4220359540715377
10991,1.4220359540715377
10992,1.4220359540715377
10993,1.4220359540715377
10994,1.4220359540715377
10995,1.4220359540715377
10996,1.4220359540715377
10997,1.4220359540715377
10998,1.4220359540715377
10999,1.4220359540715377
11000,1.4220359540715377
11001,1.4220359540715377
11002,1.4220359540715377
11003,1.4220359540715377
11004,1.4220359540715377
11005,1.4220359540715377
11006,1.4220359540715377
11007,1.4220359540715377
11008,1.4220359540715377
11009,1.4220359540715377
11010,1.4220359540715377
11011,1.4220359540715377
11012,1.4220359540715377
11013,1.4220359540715377
11014,1.4220359540715377
11015,1.4220359540715377
11016,1.4220359540715377
11017,1.4220359540715377
11018,1.4220359540715377
11019,1.4220359540715377
11020,1.4220359540715377
11021,1.4220359540715377
11022,1.4220359540715377
11023,1.4220359540715377
11024,1.4220359540715377
11025,1.4220359540715377
11026,1.4220359540715377
11027,1.4220359540715377
11028,1.4220359540715377
11029,1.4220359540715377
11030,1.4220359540715377
11031,1.4220359540715377
11032,1.4220359540715377
11033,1.4220359540715377
11034,1.4220359540715377
11035,1.4220359540715377
11036,1.4220359540715377
11037,1.4220359540715377
11038,1.4220359540715377
11039,1.4220359540715377
11040,1.4220359540715377
11041,1.4220359540715377
11042,1.4220359540715377
11043,1.4220359540715377
11044,1.4220359540715377
11045,1.4220359540715377
11046,1.4220359540715377
11047,1.4220359540715377
11048,1.4220359540715377
11049,1.4220359540715377
11050,1.4220359540715377
11051,1.4220359540715377
11052,1.4220359540715377
11053,1.4220359540715377
11054,1.4220359540715377
11055,1.4220359540715377
11056,1.4220359540715377
11057,1.4220359540715377
11058,1.4220359540715377
11059,1.4220359540715377
11060,1.4220359540715377
11061,1.4220359540715377
11062,1.4220359540715377
11063,1.4220359540715377
11064,1.4220359540715377
11065,1.4220359540715377
11066,1.4220359540715377
11067,1.4220359540715377
11068,1.4220359540715377
11069,1.4220359540715377
11070,1.4220359540715377
11071,1.4220359540715377
11072,1.4220359540715377
11073,1.4220359540715377
11074,1.4220359540715377
11075,1.4220359540715377
11076,1.4220359540715377
11077,1.4220359540715377
11078,1.4220359540715377
11079,1.4220359540715377
11080,1.4220359540715377
11081,1.4220359540715377
11082,1.4220359540715377
11083,1.4220359540715377
11084,1.4220359540715377
11085,1.4220359540715377
11086,1.4220359540715377
11087,1.4220359540715377
11088,1.4220359540715377
11089,1.4220359540715377
11090,1.4220359540715377
11091,1.4220359540715377
11092,1.4220359540715377
11093,1.4220359540715377
11094,1.4220359540715377
11095,1.4220359540715377
11096,1.4220359540715377
11097,1.4220359540715377
11098,1.4220359540715377
11099,1.4220359540715377
11100,1.4220359540715377
11101,1.4220359540715377
11102,1.4220359540715377
11103,1.4220359540715377
11104,1.4220359540715377
11105,1.4220359540715377
11106,1.4220359540715377
11107,1.4220359540715377
11108,1.4220359540715377
11109,1.4220359540715377
11110,1.4220359540715377
11111,1.4220359540715377
11112,1.4220359540715377
11113,1.4220359540715377
11114,1.4220359540715377
11115,1.4220359540715377
11116,1.4220359540715377
11117,1.4220359540715377
11118,1.4220359540715377
11119,1.4220359540715377
11120,1.4220359540715377
11121,1.4220359540715377
11122,1.4220359540715377
11123,1.4220359540715377
11124,1.4220359540715377
11125,1.4220359540715377
11126,1.4220359540715377
11127,1.4220359540715377
11128,1.4220359540715377
11129,1.4220359540715377
11130,1.4220359540715377
11131,1.4220359540715377
11132,1.4220359540715377
11133,1.4220359540715377
11134,1.4220359540715377
11135,1.4220359540715377
11136,1.4220359540715377
11137,1.4220359540715377
11138,1.4220359540715377
11139,1.4220359540715377
11140,1.4220359540715377
11141,1.4220359540715377
11142,1.4220359540715377
11143,1.4220359540715377
11144,1.4220359540715377
11145,1.4220359540715377
11146,1.4220359540715377
11147,1.4220359540715377
11148,1.4220359540715377
11149,1.4220359540715377
11150,1.4220359540715377
11151,1.4220359540715377
11152,1.4220359540715377
11153,1.4220359540715377
11154,1.4220359540715377
11155,1.4220359540715377
11156,1.4220359540715377
11157,1.4220359540715377
11158,1.4220359540715377
11159,1.4220359540715377
11160,1.4220359540715377
11161,1.4220359540715377
11162,1.4220359540715377
11163,1.4220359540715377
11164,1.4220359540715377
11165,1.4220359540715377
11166,1.4220359540715377
11167,1.4220359540715377
11168,1.4220359540715377
11169,1.4220359540715377
11170,1.4220359540715377
11171,1.4220359540715377
11172,1.4220359540715377
11173,1.4220359540715377
11174,1.4220359540715377
11175,1.4220359540715377
11176,1.4220359540715377
11177,1.4220359540715377
11178,1.4220359540715377
11179,1.4220359540715377
11180,1.4220359540715377
11181,1.4220359540715377
11182,1.4220359540715377
11183,1.4220359540715377
11184,1.4220359540715377
11185,1.4220359540715377
11186,1.4220359540715377
11187,1.4220359540715377
11188,1.4220359540715377
11189,1.4220359540715377
11190,1.4220359540715377
11191,1.4220359540715377
11192,1.4220359540715377
11193,1.4220359540715377
11194,1.4220359540715377
11195,1.4220359540715377
11196,1.4220359540715377
11197,1.4220359540715377
11198,1.4220359540715377
11199,1.4220359540715377
11200,1.4220359540715377
11201,1.4220359540715377
11202,1.4220359540715377
11203,1.4220359540715377
11204,1.4220359540715377
11205,1.4220359540715377
11206,1.4220359540715377
11207,1.4220359540715377
11208,1.4220359540715377
11209,1.4220359540715377
11210,1.4220359540715377
11211,1.4220359540715377
11212,1.4220359540715377
11213,1.4220359540715377
11214,1.4220359540715377
11215,1.4220359540715377
11216,1.4220359540715377
11217,1.4220359540715377
11218,1.4220359540715377
11219,1.4220359540715377
11220,1.4220359540715377
11221,1.4220359540715377
11222,1.4220359540715377
11223,1.4220359540715377
11224,1.4220359540715377
11225,1.4220359540715377
11226,1.4220359540715377
11227,1.4220359540715377
11228,1.4220359540715377
11229,1.4220359540715377
11230,1.4220359540715377
11231,1.4220359540715377
11232,1.4220359540715377
11233,1.4220359540715377
11234,1.4220359540715377
11235,1.4220359540715377
11236,1.4220359540715377
11237,1.4220359540715377
11238,1.4220359540715377
11239,1.4220359540715377
11240,1.4220359540715377
11241,1.4220359540715377
11242,1.4220359540715377
11243,1.4220359540715377
11244,1.4220359540715377
11245,1.4220359540715377
11246,1.4220359540715377
11247,1.4220359540715377
11248,1.4220359540715377
11249,1.4220359540715377
11250,1.4220359540715377
11251,1.4220359540715377
11252,1.4220359540715377
11253,1.4220359540715377
11254,1.4220359540715377
11255,1.4220359540715377
11256,1.4220359540715377
11257,1.4220359540715377
11258,1.4220359540715377
11259,1.4220359540715377
11260,1.4220359540715377
11261,1.4220359540715377
11262,1.4220359540715377
11263,1.4220359540715377
11264,1.4220359540715377
11265,1.4220359540715377
11266,1.4220359540715377
11267,1.4220359540715377
11268,1.4220359540715377
11269,1.4220359540715377
11270,1.4220359540715377
11271,1.4220359540715377
11272,1.4220359540715377
11273,1.4220359540715377
11274,1.4220359540715377
11275,1.4220359540715377
11276,1.4220359540715377
11277,1.4220359540715377
11278,1.4220359540715377
11279,1.4220359540715377
11280,1.4220359540715377
11281,1.4220359540715377
11282,1.4220359540715377
11283,1.4220359540715377
11284,1.4220359540715377
11285,1.4220359540715377
11286,1.4220359540715377
11287,1.4220359540715377
11288,1.4220359540715377
11289,1.4220359540715377
11290,1.4220359540715377
11291,1.4220359540715377
11292,1.4220359540715377
11293,1.4220359540715377
11294,1.4220359540715377
11295,1.4220359540715377
11296,1.4220359540715377
11297,1.4220359540715377
11298,1.4220359540715377
11299,1.4220359540715377
11300,1.4220359540715377
11301,1.4220359540715377
11302,1.4220359540715377
11303,1.4220359540715377
11304,1.4220359540715377
11305,1.4220359540715377
11306,1.4220359540715377
11307,1.4220359540715377
11308,1.4220359540715377
11309,1.4220359540715377
11310,1.4220359540715377
11311,1.4220359540715377
11312,1.4220359540715377
11313,1.4220359540715377
11314,1.4220359540715377
11315,1.4220359540715377
11316,1.4220359540715377
11317,1.4220359540715377
11318,1.4220359540715377
11319,1.4220359540715377
11320,1.4220359540715377
11321,1.4220359540715377
11322,1.4220359540715377
11323,1.4220359540715377
11324,1.4220359540715377
11325,1.4220359540715377
11326,1.4220359540715377
11327,1.4220359540715377
11328,1.4220359540715377
11329,1.4220359540715377
11330,1.4220359540715377
11331,1.4220359540715377
11332,1.4220359540715377
11333,1.4220359540715377
11334,1.4220359540715377
11335,1.4220359540715377
11336,1.4220359540715377
11337,1.4220359540715377
11338,1.4220359540715377
11339,1.4220359540715377
11340,1.4220359540715377
11341,1.4220359540715377
11342,1.4220359540715377
11343,1.4220359540715377
11344,1.4220359540715377
11345,1.4220359540715377
11346,1.4220359540715377
11347,1.4220359540715377
11348,1.4220359540715377
11349,1.4220359540715377
11350,1.4220359540715377
11351,1.4220359540715377
11352,1.4220359540715377
11353,1.4220359540715377
11354,1.4220359540715377
11355,1.4220359540715377
11356,1.4220359540715377
11357,1.4220359540715377
11358,1.4220359540715377
11359,1.4220359540715377
11360,1.4220359540715377
11361,1.4220359540715377
11362,1.4220359540715377
11363,1.4220359540715377
11364,1.4220359540715377
11365,1.4220359540715377
11366,1.4220359540715377
11367,1.4220359540715377
11368,1.4220359540715377
11369,1.4220359540715377
11370,1.4220359540715377
11371,1.4220359540715377
11372,1.4220359540715377
11373,1.4220359540715377
11374,1.4220359540715377
11375,1.4220359540715377
11376,1.4220359540715377
11377,1.4220359540715377
11378,1.4220359540715377
11379,1.4220359540715377
11380,1.4220359540715377
11381,1.4220359540715377
11382,1.4220359540715377
11383,1.4220359540715377
11384,1.4220359540715377
11385,1.4220359540715377
11386,1.4220359540715377
11387,1.4220359540715377
11388,1.4220359540715377
11389,1.4220359540715377
11390,1.4220359540715377
11391,1.4220359540715377
11392,1.4220359540715377
11393,1.4220359540715377
11394,1.4220359540715377
11395,1.4220359540715377
11396,1.4220359540715377
11397,1.4220359540715377
11398,1.4220359540715377
11399,1.4220359540715377
11400,1.4220359540715377
11401,1.4220359540715377
11402,1.4220359540715377
11403,1.4220359540715377
11404,1.4220359540715377
11405,1.4220359540715377
11406,1.4220359540715377
11407,1.4220359540715377
11408,1.4220359540715377
11409,1.4220359540715377
11410,1.4220359540715377
11411,1.4220359540715377
11412,1.4220359540715377
11413,1.4220359540715377
11414,1.4220359540715377
11415,1.4220359540715377
11416,1.4220359540715377
11417,1.4220359540715377
11418,1.4220359540715377
11419,1.4220359540715377
11420,1.4220359540715377
11421,1.4220359540715377
11422,1.4220359540715377
11423,1.4220359540715377
11424,1.4220359540715377
11425,1.4220359540715377
11426,1.4220359540715377
11427,1.4220359540715377
11428,1.4220359540715377
11429,1.4220359540715377
11430,1.4220359540715377
11431,1.4220359540715377
11432,1.4220359540715377
11433,1.4220359540715377
11434,1.4220359540715377
11435,1.4220359540715377
11436,1.4220359540715377
11437,1.4220359540715377
11438,1.4220359540715377
11439,1.4220359540715377
11440,1.4220359540715377
11441,1.4220359540715377
11442,1.4220359540715377
11443,1.4220359540715377
11444,1.4220359540715377
11445,1.4220359540715377
11446,1.4220359540715377
11447,1.4220359540715377
11448,1.4220359540715377
11449,1.4220359540715377
11450,1.4220359540715377
11451,1.4220359540715377
11452,1.4220359540715377
11453,1.4220359540715377
11454,1.4220359540715377
11455,1.4220359540715377
11456,1.4220359540715377
11457,1.4220359540715377
11458,1.4220359540715377
11459,1.4220359540715377
11460,1.4220359540715377
11461,1.4220359540715377
11462,1.4220359540715377
11463,1.4220359540715377
11464,1.4220359540715377
11465,1.4220359540715377
11466,1.4220359540715377
11467,1.4220359540715377
11468,1.4220359540715377
11469,1.4220359540715377
11470,1.4220359540715377
11471,1.4220359540715377
11472,1.4220359540715377
11473,1.4220359540715377
11474,1.4220359540715377
11475,1.4220359540715377
11476,1.4220359540715377
11477,1.4220359540715377
11478,1.4220359540715377
11479,1.4220359540715377
11480,1.4220359540715377
11481,1.4220359540715377
11482,1.4220359540715377
11483,1.4220359540715377
11484,1.4220359540715377
11485,1.4220359540715377
11486,1.4220359540715377
11487,1.4220359540715377
11488,1.4220359540715377
11489,1.4220359540715377
11490,1.4220359540715377
11491,1.4220359540715377
11492,1.4220359540715377
11493,1.4220359540715377
11494,1.4220359540715377
11495,1.4220359540715377
11496,1.4220359540715377
11497,1.4220359540715377
11498,1.4220359540715377
11499,1.4220359540715377
11500,1.4220359540715377
11501,1.4220359540715377
11502,1.4220359540715377
11503,1.4220359540715377
11504,1.4220359540715377
11505,1.4220359540715377
11506,1.4220359540715377
11507,1.4220359540715377
11508,1.4220359540715377
11509,1.4220359540715377
11510,1.4220359540715377
11511,1.4220359540715377
11512,1.4220359540715377
11513,1.4220359540715377
11514,1.4220359540715377
11515,1.4220359540715377
11516,1.4220359540715377
11517,1.4220359540715377
11518,1.4220359540715377
11519,1.4220359540715377
11520,1.4220359540715377
11521,1.4220359540715377
11522,1.4220359540715377
11523,1.4220359540715377
11524,1.4220359540715377
11525,1.4220359540715377
11526,1.4220359540715377
11527,1.4220359540715377
11528,1.4220359540715377
11529,1.4220359540715377
11530,1.4220359540715377
11531,1.4220359540715377
11532,1.4220359540715377
11533,1.4220359540715377
11534,1.4220359540715377
11535,1.4220359540715377
11536,1.4220359540715377
11537,1.4220359540715377
11538,1.4220359540715377
11539,1.4220359540715377
11540,1.4220359540715377
11541,1.4220359540715377
11542,1.4220359540715377
11543,1.4220359540715377
11544,1.4220359540715377
11545,1.4220359540715377
11546,1.4220359540715377
11547,1.4220359540715377
11548,1.4220359540715377
11549,1.4220359540715377
11550,1.4220359540715377
11551,1.4220359540715377
11552,1.4220359540715377
11553,1.4220359540715377
11554,1.4220359540715377
11555,1.4220359540715377
11556,1.4220359540715377
11557,1.4220359540715377
11558,-3.593339450250681
11559,-3.593339450250681
11560,-3.593339450250681
11561,-3.593339450250681
11562,-3.593339450250681
11563,-3.593339450250681
11564,-3.593339450250681
11565,-3.593339450250681
11566,-3.593339450250681
11567,-3.593339450250681
11568,-3.593339450250681
11569,-3.593339450250681
11570,-3.593339450250681
11571,-3.593339450250681
11572,-3.593339450250681
11573,-3.593339450250681
11574,-3.593339450250681
11575,-3.593339450250681
11576,-3.593339450250681
11577,-3.593339450250681
11578,-3.593339450250681
11579,-3.593339450250681
11580,-3.593339450250681
11581,-3.593339450250681
11582,-3.593339450250681
11583,-3.593339450250681
11584,-3.593339450250681
11585,-3.593339450250681
11586,-3.593339450250681
11587,-3.593339450250681
11588,-3.593339450250681
11589,-3.593339450250681
11590,-3.593339450250681
11591,-3.593339450250681
11592,-3.593339450250681
11593,-3.593339450250681
11594,-3.593339450250681
11595,-3.593339450250681
11596,-3.593339450250681
11597,-3.593339450250681
11598,-3.593339450250681
11599,-3.593339450250681
11600,-3.593339450250681
11601,-3.593339450250681
11602,-3.593339450250681
11603,-3.593339450250681
11604,-3.593339450250681
11605,-3.593339450250681
11606,-3.593339450250681
11607,-3.593339450250681
11608,-3.593339450250681
11609,-3.593339450250681
11610,-3.593339450250681
11611,-3.593339450250681
11612,-3.593339450250681
11613,-3.593339450250681
11614,-3.593339450250681
11615,-3.593339450250681
11616,-3.593339450250681
11617,-3.593339450250681
11618,-3.593339450250681
11619,-3.593339450250681
11620,-3.593339450250681
11621,-3.593339450250681
11622,-3.593339450250681
11623,-3.593339450250681
11624,-3.593339450250681
11625,-3.593339450250681
11626,-3.593339450250681
11627,-3.593339450250681
11628,-3.593339450250681
11629,-3.593339450250681
11630,-3.593339450250681
11631,-3.593339450250681
11632,-3.593339450250681
11633,-3.593339450250681
11634,-3.593339450250681
11635,-3.593339450250681
11636,-3.593339450250681
11637,-3.593339450250681
11638,-3.593339450250681
11639,-3.593339450250681
11640,-3.593339450250681
11641,-3.593339450250681
11642,-3.593339450250681
11643,-3.593339450250681
11644,-3.593339450250681
11645,-3.593339450250681
11646,-3.593339450250681
11647,-3.593339450250681
11648,-3.593339450250681
11649,-3.593339450250681
11650,-3.593339450250681
11651,-3.593339450250681
11652,-3.593339450250681
11653,-3.593339450250681
11654,-3.593339450250681
11655,-3.593339450250681
11656,-3.593339450250681
11657,-3.593339450250681
11658,-3.593339450250681
11659,-3.593339450250681
11660,-3.593339450250681
11661,-3.593339450250681
11662,-3.593339450250681
11663,-3.593339450250681
11664,-3.593339450250681
11665,-3.593339450250681
11666,-3.593339450250681
11667,-3.593339450250681
11668,-3.593339450250681
11669,-3.593339450250681
11670,-3.593339450250681
11671,-3.593339450250681
11672,-3.593339450250681
11673,-3.593339450250681
11674,-3.593339450250681
11675,-3.593339450250681
11676,-3.593339450250681
11677,-3.593339450250681
11678,-3.593339450250681
11679,-3.593339450250681
11680,-3.593339450250681
11681,-3.593339450250681
11682,-3.593339450250681
11683,-3.593339450250681
11684,-3.593339450250681
11685,-3.593339450250681
11686,-3.593339450250681
11687,-3.593339450250681
11688,-3.593339450250681
11689,-3.593339450250681
11690,-3.593339450250681
11691,-3.593339450250681
11692,-3.593339450250681
11693,-3.593339450250681
11694,-3.593339450250681
11695,-3.593339450250681
11696,-3.593339450250681
11697,-3.593339450250681
11698,-3.593339450250681
11699,-3.593339450250681
11700,-3.593339450250681
11701,-3.593339450250681
11702,-3.593339450250681
11703,-3.593339450250681
11704,-3.593339450250681
11705,-3.593339450250681
11706,-3.593339450250681
11707,-3.593339450250681
11708,-3.593339450250681
11709,-3.593339450250681
11710,-3.593339450250681
11711,-3.593339450250681
11712,-3.593339450250681
11713,-3.593339450250681
11714,-3.593339450250681
11715,-3.593339450250681
11716,-3.593339450250681
11717,-3.593339450250681
11718,-3.593339450250681
11719,-3.593339450250681
11720,-3.593339450250681
11721,-3.593339450250681
11722,-3.593339450250681
11723,-3.593339450250681
11724,-3.593339450250681
11725,-3.593339450250681
11726,-3.593339450250681
11727,-3.593339450250681
11728,-3.593339450250681
11729,-3.593339450250681
11730,-3.593339450250681
11731,-3.593339450250681
11732,-3.593339450250681
11733,-3.593339450250681
11734,-3.593339450250681
11735,-3.593339450250681
11736,-3.593339450250681
11737,-3.593339450250681
11738,-3.593339450250681
11739,-3.593339450250681
11740,-3.593339450250681
11741,-3.593339450250681
11742,-3.593339450250681
11743,-3.593339450250681
11744,-3.593339450250681
11745,-3.593339450250681
11746,-3.593339450250681
11747,-3.593339450250681
11748,-3.593339450250681
11749,-3.593339450250681
11750,-3.593339450250681
11751,-3.593339450250681
11752,-3.593339450250681
11753,-3.593339450250681
11754,-3.593339450250681
11755,-3.593339450250681
11756,-3.593339450250681
11757,-3.593339450250681
11758,-3.593339450250681
11759,-3.593339450250681
11760,-3.593339450250681
11761,-3.593339450250681
11762,-3.593339450250681
11763,-3.593339450250681
11764,-3.593339450250681
11765,-3.593339450250681
11766,-3.593339450250681
11767,-3.593339450250681
11768,-3.593339450250681
11769,-3.593339450250681
11770,-3.593339450250681
11771,-3.593339450250681
11772,-3.593339450250681
11773,-3.593339450250681
11774,-3.593339450250681
11775,-3.593339450250681
11776,-3.593339450250681
11777,-3.593339450250681
11778,-3.593339450250681
11779,-3.593339450250681
11780,-3.593339450250681
11781,-3.593339450250681
11782,-3.593339450250681
11783,-3.593339450250681
11784,-3.593339450250681
11785,-3.593339450250681
11786,-3.593339450250681
11787,-3.593339450250681
11788,-3.593339450250681
11789,-3.593339450250681
11790,-3.593339450250681
11791,-3.593339450250681
11792,-3.593339450250681
11793,-3.593339450250681
11794,-3.593339450250681
11795,-3.593339450250681
11796,-3.593339450250681
11797,-3.593339450250681
11798,-3.593339450250681
11799,-3.593339450250681
11800,-3.593339450250681
11801,-3.593339450250681
11802,-3.593339450250681
11803,-3.593339450250681
11804,-3.593339450250681
11805,-3.593339450250681
11806,-3.593339450250681
11807,-3.593339450250681
11808,-3.593339450250681
11809,-3.593339450250681
11810,-3.593339450250681
11811,-3.593339450250681
11812,-3.593339450250681
11813,-3.593339450250681
11814,-3.593339450250681
11815,-3.593339450250681
11816,-3.593339450250681
11817,-3.593339450250681
11818,-3.593339450250681
11819,-3.593339450250681
11820,-3.593339450250681
11821,-3.593339450250681
11822,-3.593339450250681
11823,-3.593339450250681
11824,-3.593339450250681
11825,-3.593339450250681
11826,-3.593339450250681
11827,-3.593339450250681
11828,-3.593339450250681
11829,-3.593339450250681
11830,-3.593339450250681
11831,-3.593339450250681
11832,-3.593339450250681
11833,-3.593339450250681
11834,-3.593339450250681
11835,-3.593339450250681
11836,-3.593339450250681
11837,-3.593339450250681
11838,-3.593339450250681
11839,-3.593339450250681
11840,-3.593339450250681
11841,-3.593339450250681
11842,-3.593339450250681
11843,-3.593339450250681
11844,-3.593339450250681
11845,0.5861400533511679
11846,0.5861400533511679
11847,0.5861400533511679
11848,0.5861400533511679
11849,0.5861400533511679
11850,0.5861400533511679
11851,0.5861400533511679
11852,0.5861400533511679
11853,0.5861400533511679
11854,0.5861400533511679
11855,0.5861400533511679
11856,0.5861400533511679
11857,0.5861400533511679
11858,0.5861400533511679
11859,0.5861400533511679
11860,0.5861400533511679
11861,0.5861400533511679
11862,0.5861400533511679
11863,0.5861400533511679
11864,0.5861400533511679
11865,0.5861400533511679
11866,0.5861400533511679
11867,0.5861400533511679
11868,0.5861400533511679
11869,0.5861400533511679
11870,0.5861400533511679
11871,0.5861400533511679
11872,0.5861400533511679
11873,0.5861400533511679
11874,0.5861400533511679
11875,0.5861400533511679
11876,0.5861400533511679
11877,0.5861400533511679
11878,0.5861400533511679
11879,0.5861400533511679
11880,0.5861400533511679
11881,0.5861400533511679
11882,0.5861400533511679
11883,0.5861400533511679
11884,0.5861400533511679
11885,0.5861400533511679
11886,0.5861400533511679
11887,0.5861400533511679
11888,0.5861400533511679
11889,0.5861400533511679
11890,0.5861400533511679
11891,0.5861400533511679
11892,0.5861400533511679
11893,0.5861400533511679
11894,0.5861400533511679
11895,0.5861400533511679
11896,0.5861400533511679
11897,0.5861400533511679
11898,0.5861400533511679
11899,0.5861400533511679
11900,0.5861400533511679
11901,0.5861400533511679
11902,0.5861400533511679
11903,0.5861400533511679
11904,0.5861400533511679
11905,0.5861400533511679
11906,0.5861400533511679
11907,0.5861400533511679
11908,0.5861400533511679
11909,0.5861400533511679
11910,0.5861400533511679
11911,0.5861400533511679
11912,0.5861400533511679
11913,0.5861400533511679
11914,0.5861400533511679
11915,0.5861400533511679
11916,0.5861400533511679
11917,0.5861400533511679
11918,0.5861400533511679
11919,0.5861400533511679
11920,0.5861400533511679
11921,0.5861400533511679
11922,0.5861400533511679
11923,0.5861400533511679
11924,0.5861400533511679
11925,0.5861400533511679
11926,0.5861400533511679
11927,0.5861400533511679
11928,0.5861400533511679
11929,0.5861400533511679
11930,0.5861400533511679
11931,0.5861400533511679
11932,0.5861400533511679
11933,0.5861400533511679
11934,0.5861400533511679
11935,0.5861400533511679
11936,0.5861400533511679
11937,0.5861400533511679
11938,0.5861400533511679
11939,0.5861400533511679
11940,0.5861400533511679
11941,0.5861400533511679
11942,0.5861400533511679
11943,0.5861400533511679
11944,0.5861400533511679
11945,0.5861400533511679
11946,0.5861400533511679
11947,0.5861400533511679
11948,0.5861400533511679
11949,0.5861400533511679
11950,0.5861400533511679
11951,0.5861400533511679
11952,0.5861400533511679
11953,0.5861400533511679
11954,0.5861400533511679
11955,0.5861400533511679
11956,0.5861400533511679
11957,0.5861400533511679
11958,0.5861400533511679
11959,0.5861400533511679
11960,0.5861400533511679
11961,0.5861400533511679
11962,0.5861400533511679
11963,0.5861400533511679
11964,0.5861400533511679
11965,0.5861400533511679
11966,0.5861400533511679
11967,0.5861400533511679
11968,0.5861400533511679
11969,0.5861400533511679
11970,0.5861400533511679
11971,0.5861400533511679
11972,0.5861400533511679
11973,0.5861400533511679
11974,0.5861400533511679
11975,0.5861400533511679
11976,0.5861400533511679
11977,0.5861400533511679
11978,0.5861400533511679
11979,0.5861400533511679
11980,0.5861400533511679
11981,0.5861400533511679
11982,0.5861400533511679
11983,0.5861400533511679
11984,0.5861400533511679
11985,0.5861400533511679
11986,0.5861400533511679
11987,0.5861400533511679
11988,0.5861400533511679
11989,0.5861400533511679
11990,0.5861400533511679
11991,0.5861400533511679
11992,0.5861400533511679
11993,0.5861400533511679
11994,0.5861400533511679
11995,0.5861400533511679
11996,0.5861400533511679
11997,0.5861400533511679
11998,0.5861400533511679
11999,0.5861400533511679
12000,0.5861400533511679
12001,0.5861400533511679
12002,0.5861400533511679
12003,0.5861400533511679
12004,0.5861400533511679
12005,0.5861400533511679
12006,0.5861400533511679
12007,0.5861400533511679
12008,0.5861400533511679
12009,0.5861400533511679
12010,0.5861400533511679
12011,0.5861400533511679
12012,0.5861400533511679
12013,0.5861400533511679
12014,0.5861400533511679
12015,0.5861400533511679
12016,0.5861400533511679
12017,0.5861400533511679
12018,0.5861400533511679
12019,0.5861400533511679
12020,0.5861400533511679
12021,0.5861400533511679
12022,0.5861400533511679
12023,0.5861400533511679
12024,0.5861400533511679
12025,0.5861400533511679
12026,0.5861400533511679
12027,0.5861400533511679
12028,0.5861400533511679
12029,0.5861400533511679
12030,0.5861400533511679
12031,0.5861400533511679
12032,0.5861400533511679
12033,0.5861400533511679
12034,0.5861400533511679
12035,0.5861400533511679
12036,0.5861400533511679
12037,0.5861400533511679
12038,0.5861400533511679
12039,0.5861400533511679
12040,0.5861400533511679
12041,0.5861400533511679
12042,0.5861400533511679
12043,0.5861400533511679
12044,0.5861400533511679
12045,0.5861400533511679
12046,0.5861400533511679
12047,0.5861400533511679
12048,0.5861400533511679
12049,0.5861400533511679
12050,0.5861400533511679
12051,0.5861400533511679
12052,0.5861400533511679
12053,0.5861400533511679
12054,0.5861400533511679
12055,0.5861400533511679
12056,0.5861400533511679
12057,0.5861400533511679
12058,0.5861400533511679
12059,0.5861400533511679
12060,0.5861400533511679
12061,0.5861400533511679
12062,0.5861400533511679
12063,0.5861400533511679
12064,0.5861400533511679
12065,0.5861400533511679
12066,0.5861400533511679
12067,0.5861400533511679
12068,0.5861400533511679
12069,0.5861400533511679
12070,0.5861400533511679
12071,0.5861400533511679
12072,0.5861400533511679
12073,0.5861400533511679
12074,0.5861400533511679
12075,0.5861400533511679
12076,0.5861400533511679
12077,0.5861400533511679
12078,0.5861400533511679
12079,-15.713830010696043
12080,-15.713830010696043
12081,-15.713830010696043
12082,-15.713830010696043
12083,-15.713830010696043
12084,-15.713830010696043
12085,-15.713830010696043
12086,-15.713830010696043
12087,-15.713830010696043
12088,-15.713830010696043
12089,-15.713830010696043
12090,-15.713830010696043
12091,-15.713830010696043
12092,-15.713830010696043
12093,-15.713830010696043
12094,-15.713830010696043
12095,-15.713830010696043
12096,-15.713830010696043
12097,-15.713830010696043
12098,-15.713830010696043
12099,-15.713830010696043
12100,-15.713830010696043
12101,-15.713830010696043
12102,-15.713830010696043
12103,-15.713830010696043
12104,-15.713830010696043
12105,-15.713830010696043
12106,-15.713830010696043
12107,-15.713830010696043
12108,-15.713830010696043
12109,-15.713830010696043
12110,-15.713830010696043
12111,-15.713830010696043
12112,-15.713830010696043
12113,-15.713830010696043
12114,-15.713830010696043
12115,-15.713830010696043
12116,-15.713830010696043
12117,-15.713830010696043
12118,-15.713830010696043
12119,-15.713830010696043
12120,-15.713830010696043
12121,-15.713830010696043
12122,-15.713830010696043
12123,-15.713830010696043
12124,-15.713830010696043
12125,-15.713830010696043
12126,-15.713830010696043
12127,-15.713830010696043
12128,-15.713830010696043
12129,-15.713830010696043
12130,-15.713830010696043
12131,-15.713830010696043
12132,-15.713830010696043
12133,-15.713830010696043
12134,-15.713830010696043
12135,-15.713830010696043
12136,-15.713830010696043
12137,-15.713830010696043
12138,-15.713830010696043
12139,-15.713830010696043
12140,-15.713830010696043
12141,-15.713830010696043
12142,-15.713830010696043
12143,-15.713830010696043
12144,-15.713830010696043
12145,-15.713830010696043
12146,-15.713830010696043
12147,-15.713830010696043
12148,-15.713830010696043
12149,-15.713830010696043
12150,-15.713830010696043
12151,-15.713830010696043
12152,-15.713830010696043
12153,-15.713830010696043
12154,-15.713830010696043
12155,-15.713830010696043
12156,-15.713830010696043
12157,-15.713830010696043
12158,-15.713830010696043
12159,-15.713830010696043
12160,-15.713830010696043
12161,-15.713830010696043
12162,-15.713830010696043
12163,-15.713830010696043
12164,-15.713830010696043
12165,-15.713830010696043
12166,-15.713830010696043
12167,-15.713830010696043
12168,-15.713830010696043
12169,-15.713830010696043
12170,-15.713830010696043
12171,-15.713830010696043
12172,-15.713830010696043
12173,-15.713830010696043
12174,-15.713830010696043
12175,-15.713830010696043
12176,-15.713830010696043
12177,-15.713830010696043
12178,-15.713830010696043
12179,-15.713830010696043
12180,-15.713830010696043
12181,-15.713830010696043
12182,-15.713830010696043
12183,-15.713830010696043
12184,-15.713830010696043
12185,-15.713830010696043
12186,-15.713830010696043
12187,-15.713830010696043
12188,-15.713830010696043
12189,-15.713830010696043
12190,-15.713830010696043
12191,-15.713830010696043
12192,-15.713830010696043
12193,-15.713830010696043
12194,-15.713830010696043
12195,-15.713830010696043
12196,-15.713830010696043
12197,-15.713830010696043
12198,-15.713830010696043
12199,-15.713830010696043
12200,-15.713830010696043
12201,-15.713830010696043
12202,-15.713830010696043
12203,-15.713830010696043
12204,-15.713830010696043
12205,-15.713830010696043
12206,-15.713830010696043
12207,-15.713830010696043
12208,-15.713830010696043
12209,-15.713830010696043
12210,-15.713830010696043
12211,-15.713830010696043
12212,-15.713830010696043
12213,-15.713830010696043
12214,-15.713830010696043
12215,-15.713830010696043
12216,-15.713830010696043
12217,-15.713830010696043
12218,-15.713830010696043
12219,-15.713830010696043
12220,-15.713830010696043
12221,-15.713830010696043
12222,-15.713830010696043
12223,-15.713830010696043
12224,-15.713830010696043
12225,-15.713830010696043
12226,-15.713830010696043
12227,-15.713830010696043
12228,-15.713830010696043
12229,-15.713830010696043
12230,-15.713830010696043
12231,-15.713830010696043
12232,-15.713830010696043
12233,-15.713830010696043
12234,-15.713830010696043
12235,-15.713830010696043
12236,-15.713830010696043
12237,-15.713830010696043
12238,-15.713830010696043
12239,-15.713830010696043
12240,-15.713830010696043
12241,-15.713830010696043
12242,-15.713830010696043
12243,-15.713830010696043
12244,-15.713830010696043
12245,-15.713830010696043
12246,-15.713830010696043
12247,-15.713830010696043
12248,-15.713830010696043
12249,-15.713830010696043
12250,-15.713830010696043
12251,-15.713830010696043
12252,-15.713830010696043
12253,-15.713830010696043
12254,-15.713830010696043
12255,-15.713830010696043
12256,-15.713830010696043
12257,-15.713830010696043
12258,-15.713830010696043
12259,-15.713830010696043
12260,-15.713830010696043
12261,-15.713830010696043
12262,-15.713830010696043
12263,-15.713830010696043
12264,-15.713830010696043
12265,-15.713830010696043
12266,-15.713830010696043
12267,-15.713830010696043
12268,-15.713830010696043
12269,-15.713830010696043
12270,-15.713830010696043
12271,-15.713830010696043
12272,-15.713830010696043
12273,-15.713830010696043
12274,-15.713830010696043
12275,-15.713830010696043
12276,-15.713830010696043
12277,-15.713830010696043
12278,-15.713830010696043
12279,-15.713830010696043
12280,-15.713830010696043
12281,-15.713830010696043
12282,-15.713830010696043
12283,-15.713830010696043
12284,-15.713830010696043
12285,-15.713830010696043
12286,-15.713830010696043
12287,-15.713830010696043
12288,-15.713830010696043
12289,-15.713830010696043
12290,-15.713830010696043
12291,-15.713830010696043
12292,-15.713830010696043
12293,-15.713830010696043
12294,-15.713830010696043
12295,-15.713830010696043
12296,-15.713830010696043
12297,-15.713830010696043
12298,-15.713830010696043
12299,-15.713830010696043
12300,-15.713830010696043
12301,-15.713830010696043
12302,-15.713830010696043
12303,-15.713830010696043
12304,-15.713830010696043
12305,-15.713830010696043
12306,-15.713830010696043
12307,-15.713830010696043
12308,-15.713830010696043
12309,-15.713830010696043
12310,-15.713830010696043
12311,-15.713830010696043
12312,-15.713830010696043
12313,-15.713830010696043
12314,-15.713830010696043
12315,-15.713830010696043
12316,-15.713830010696043
12317,-15.713830010696043
12318,-15.713830010696043
12319,-15.713830010696043
12320,-15.713830010696043
12321,-15.713830010696043
12322,-15.713830010696043
12323,-15.713830010696043
12324,-15.713830010696043
12325,-15.713830010696043
12326,-15.713830010696043
12327,-15.713830010696043
12328,-15.713830010696043
12329,-15.713830010696043
12330,-15.713830010696043
12331,-15.713830010696043
12332,-15.713830010696043
12333,-15.713830010696043
12334,-15.713830010696043
12335,-15.713830010696043
12336,-15.713830010696043
12337,-15.713830010696043
12338,-15.713830010696043
12339,-15.713830010696043
12340,-15.713830010696043
12341,-15.713830010696043
12342,-15.713830010696043
12343,-15.713830010696043
12344,-15.713830010696043
12345,-15.713830010696043
12346,-15.713830010696043
12347,-15.713830010696043
12348,-15.713830010696043
12349,-15.713830010696043
12350,-15.713830010696043
12351,-15.713830010696043
12352,-15.713830010696043
12353,-15.713830010696043
12354,-15.713830010696043
12355,-15.713830010696043
12356,-15.713830010696043
12357,-15.713830010696043
12358,-15.713830010696043
12359,-15.713830010696043
12360,-15.713830010696043
12361,-15.713830010696043
12362,-15.713830010696043
12363,-15.713830010696043
12364,-15.713830010696043
12365,-15.713830010696043
12366,-15.713830010696043
12367,-15.713830010696043
12368,-15.713830010696043
12369,-15.713830010696043
12370,-15.713830010696043
12371,-15.713830010696043
12372,-15.713830010696043
12373,-15.713830010696043
12374,-15.713830010696043
12375,-15.713830010696043
12376,-15.713830010696043
12377,-15.713830010696043
12378,-15.713830010696043
12379,-15.713830010696043
12380,-15.713830010696043
12381,-15.713830010696043
12382,-15.713830010696043
12383,-15.713830010696043
12384,-15.713830010696043
12385,-15.713830010696043
12386,-15.713830010696043
12387,-15.713830010696043
12388,-15.713830010696043
12389,-15.713830010696043
12390,-15.713830010696043
12391,-15.713830010696043
12392,-15.713830010696043
12393,-15.713830010696043
12394,-15.713830010696043
12395,-15.713830010696043
12396,-15.713830010696043
12397,-15.713830010696043
12398,-15.713830010696043
12399,-15.713830010696043
12400,-15.713830010696043
12401,-15.713830010696043
12402,-15.713830010696043
12403,-15.713830010696043
12404,-15.713830010696043
12405,-15.713830010696043
12406,-15.713830010696043
12407,-15.713830010696043
12408,-15.713830010696043
12409,-15.713830010696043
12410,-15.713830010696043
12411,-15.713830010696043
12412,-15.713830010696043
12413,-15.713830010696043
12414,-15.713830010696043
12415,-15.713830010696043
12416,-15.713830010696043
12417,-15.713830010696043
12418,-15.713830010696043
12419,-15.713830010696043
12420,-15.713830010696043
12421,-15.713830010696043
12422,-15.713830010696043
12423,-15.713830010696043
12424,-15.713830010696043
12425,-15.713830010696043
12426,-15.713830010696043
12427,-15.713830010696043
12428,-15.713830010696043
12429,-15.713830010696043
12430,-15.713830010696043
12431,-15.713830010696043
12432,-15.713830010696043
12433,-15.713830010696043
12434,-15.713830010696043
12435,-15.713830010696043
12436,-15.713830010696043
12437,-15.713830010696043
12438,-15.713830010696043
12439,-15.713830010696043
12440,-15.713830010696043
12441,-15.713830010696043
12442,-15.713830010696043
12443,-15.713830010696043
12444,-15.713830010696043
12445,-15.713830010696043
12446,-15.713830010696043
12447,-15.713830010696043
12448,-15.713830010696043
12449,-15.713830010696043
12450,-15.713830010696043
12451,-15.713830010696043
12452,-15.713830010696043
12453,-15.713830010696043
12454,-15.713830010696043
12455,-15.713830010696043
12456,-15.713830010696043
12457,-15.713830010696043
12458,-15.713830010696043
12459,-15.713830010696043
12460,-15.713830010696043
12461,-15.713830010696043
12462,-15.713830010696043
12463,-15.713830010696043
12464,-15.713830010696043
12465,-15.713830010696043
12466,-15.713830010696043
12467,-15.713830010696043
12468,-15.713830010696043
12469,-15.713830010696043
12470,-15.713830010696043
12471,-15.713830010696043
12472,-15.713830010696043
12473,-15.713830010696043
12474,-15.713830010696043
12475,-15.713830010696043
12476,-15.713830010696043
12477,-15.713830010696043
12478,-15.713830010696043
12479,-15.713830010696043
12480,-15.713830010696043
12481,-15.713830010696043
12482,-15.713830010696043
12483,-15.713830010696043
12484,-15.713830010696043
12485,-15.713830010696043
12486,-15.713830010696043
12487,-15.713830010696043
12488,-15.713830010696043
12489,-15.713830010696043
12490,-15.713830010696043
12491,-15.713830010696043
12492,-15.713830010696043
12493,-15.713830010696043
12494,-15.713830010696043
12495,-15.713830010696043
12496,-15.713830010696043
12497,-15.713830010696043
12498,-15.713830010696043
12499,-15.713830010696043
12500,-15.713830010696043
12501,-15.713830010696043
12502,-15.713830010696043
12503,-15.713830010696043
12504,-15.713830010696043
12505,-15.713830010696043
12506,-15.713830010696043
12507,-15.713830010696043
12508,-15.713830010696043
12509,-15.713830010696043
12510,-15.713830010696043
12511,-15.713830010696043
12512,-15.713830010696043
12513,-15.713830010696043
12514,-15.713830010696043
12515,-15.713830010696043
12516,-15.713830010696043
12517,-15.713830010696043
12518,-15.713830010696043
12519,-15.713830010696043
12520,-15.713830010696043
12521,-15.713830010696043
12522,-15.713830010696043
12523,-15.713830010696043
12524,-15.713830010696043
12525,-15.713830010696043
12526,-15.713830010696043
12527,-15.713830010696043
12528,-15.713830010696043
12529,-15.713830010696043
12530,-15.713830010696043
12531,-15.713830010696043
12532,-15.713830010696043
12533,-15.713830010696043
12534,-15.713830010696043
12535,-15.713830010696043
12536,-15.713830010696043
12537,-15.713830010696043
12538,-15.713830010696043
12539,-15.713830010696043
12540,-15.713830010696043
12541,-15.713830010696043
12542,-15.713830010696043
12543,-15.713830010696043
12544,-15.713830010696043
12545,-15.713830010696043
12546,-15.713830010696043
12547,-15.713830010696043
12548,-15.713830010696043
12549,-15.713830010696043
12550,-15.713830010696043
12551,-15.713830010696043
12552,-15.713830010696043
12553,-15.713830010696043
12554,-15.713830010696043
12555,-15.713830010696043
12556,-15.713830010696043
12557,-15.713830010696043
12558,-15.713830010696043
12559,-15.713830010696043
12560,-15.713830010696043
12561,-15.713830010696043
12562,-15.713830010696043
12563,-15.713830010696043
12564,-15.713830010696043
12565,-15.713830010696043
12566,-15.713830010696043
12567,-15.713830010696043
12568,-15.713830010696043
12569,-15.713830010696043
12570,-15.713830010696043
12571,-15.713830010696043
12572,-15.713830010696043
12573,-15.713830010696043
12574,-15.713830010696043
12575,-15.713830010696043
12576,-15.713830010696043
12577,-15.713830010696043
12578,-15.713830010696043
12579,-15.713830010696043
12580,-15.713830010696043
12581,-15.713830010696043
12582,-15.713830010696043
12583,-15.713830010696043
12584,-15.713830010696043
12585,-15.713830010696043
12586,-15.713830010696043
12587,-15.713830010696043
12588,-15.713830010696043
12589,-15.713830010696043
12590,-15.713830010696043
12591,-15.713830010696043
12592,-15.713830010696043
12593,-15.713830010696043
12594,-15.713830010696043
12595,-15.713830010696043
12596,-8.05145092075932
12597,-8.05145092075932
12598,-8.05145092075932
12599,-8.05145092075932
12600,-8.05145092075932
12601,-8.05145092075932
12602,-8.05145092075932
12603,-8.05145092075932
12604,-8.05145092075932
12605,-8.05145092075932
12606,-8.05145092075932
12607,-8.05145092075932
12608,-8.05145092075932
12609,-8.05145092075932
12610,-8.05145092075932
12611,-8.05145092075932
12612,-8.05145092075932
12613,-8.05145092075932
12614,-8.05145092075932
12615,-8.05145092075932
12616,-8.05145092075932
12617,-8.05145092075932
12618,-8.05145092075932
12619,-8.05145092075932
12620,-8.05145092075932
12621,-8.05145092075932
12622,-8.05145092075932
12623,-8.05145092075932
12624,-8.05145092075932
12625,-8.05145092075932
12626,-8.05145092075932
12627,-8.05145092075932
12628,-8.05145092075932
12629,-8.05145092075932
12630,-8.05145092075932
12631,-8.05145092075932
12632,-8.05145092075932
12633,-8.05145092075932
12634,-8.05145092075932
12635,-8.05145092075932
12636,-8.05145092075932
12637,-8.05145092075932
12638,-8.05145092075932
12639,-8.05145092075932
12640,-8.05145092075932
12641,-8.05145092075932
12642,-8.05145092075932
12643,-8.05145092075932
12644,-8.05145092075932
12645,-8.05145092075932
12646,-8.05145092075932
12647,-8.05145092075932
12648,-8.05145092075932
12649,-8.05145092075932
12650,-8.05145092075932
12651,-8.05145092075932
12652,-8.05145092075932
12653,-8.05145092075932
12654,-8.05145092075932
12655,-8.05145092075932
12656,-8.05145092075932
12657,-8.05145092075932
12658,-8.05145092075932
12659,-8.05145092075932
12660,-8.05145092075932
12661,-8.05145092075932
12662,-8.05145092075932
12663,-8.05145092075932
12664,-8.05145092075932
12665,-8.05145092075932
12666,-8.05145092075932
12667,-8.05145092075932
12668,-8.05145092075932
12669,-8.05145092075932
12670,-8.05145092075932
12671,-8.05145092075932
12672,-8.05145092075932
12673,-8.05145092075932
12674,-8.05145092075932
12675,-8.05145092075932
12676,-8.05145092075932
12677,-8.05145092075932
12678,-8.05145092075932
12679,-8.05145092075932
12680,-8.05145092075932
12681,-8.05145092075932
12682,-8.05145092075932
12683,-8.05145092075932
12684,-8.05145092075932
12685,-8.05145092075932
12686,-8.05145092075932
12687,-8.05145092075932
12688,-8.05145092075932
12689,-8.05145092075932
12690,-8.05145092075932
12691,-8.05145092075932
12692,-8.05145092075932
12693,-8.05145092075932
12694,-8.05145092075932
12695,-8.05145092075932
12696,-8.05145092075932
12697,-8.05145092075932
12698,-8.05145092075932
12699,-8.05145092075932
12700,-8.05145092075932
12701,-8.05145092075932
12702,-8.05145092075932
12703,-8.05145092075932
12704,-8.05145092075932
12705,-8.05145092075932
12706,-8.05145092075932
12707,-8.05145092075932
12708,-8.05145092075932
12709,-8.05145092075932
12710,-8.05145092075932
12711,-8.05145092075932
12712,-8.05145092075932
12713,-8.05145092075932
12714,-8.05145092075932
12715,-8.05145092075932
12716,-8.05145092075932
12717,-8.05145092075932
12718,-8.05145092075932
12719,-8.05145092075932
12720,-8.05145092075932
12721,-8.05145092075932
12722,-8.05145092075932
12723,-8.05145092075932
12724,-8.05145092075932
12725,-8.05145092075932
12726,-8.05145092075932
12727,-8.05145092075932
12728,-8.05145092075932
12729,-8.05145092075932
12730,-8.05145092075932
12731,-8.05145092075932
12732,-8.05145092075932
12733,-8.05145092075932
12734,-8.05145092075932
12735,-8.05145092075932
12736,-8.05145092075932
12737,-8.05145092075932
12738,-8.05145092075932
12739,-8.05145092075932
12740,-8.05145092075932
12741,-8.05145092075932
12742,-8.05145092075932
12743,-8.05145092075932
12744,-8.05145092075932
12745,-8.05145092075932
12746,-8.05145092075932
12747,-8.05145092075932
12748,-8.05145092075932
12749,-8.05145092075932
12750,-8.05145092075932
12751,-8.05145092075932
12752,-8.05145092075932
12753,-8.05145092075932
12754,-8.05145092075932
12755,-8.05145092075932
12756,-8.05145092075932
12757,-8.05145092075932
12758,-8.05145092075932
12759,-8.05145092075932
12760,-8.05145092075932
12761,-8.05145092075932
12762,-8.05145092075932
12763,-8.05145092075932
12764,-8.05145092075932
12765,-8.05145092075932
12766,-8.05145092075932
12767,-8.05145092075932
12768,-8.05145092075932
12769,-8.05145092075932
12770,-8.05145092075932
12771,-8.05145092075932
12772,-8.05145092075932
12773,-8.05145092075932
12774,-8.05145092075932
12775,-8.05145092075932
12776,-8.05145092075932
12777,-8.05145092075932
12778,-8.05145092075932
12779,-8.05145092075932
12780,-8.05145092075932
12781,-8.05145092075932
12782,-8.05145092075932
12783,-8.05145092075932
12784,-8.05145092075932
12785,-8.05145092075932
12786,-8.05145092075932
12787,-8.05145092075932
12788,-8.05145092075932
12789,-8.05145092075932
12790,-8.05145092075932
12791,-8.05145092075932
12792,-8.05145092075932
12793,-8.05145092075932
12794,-8.05145092075932
12795,-8.05145092075932
12796,-8.05145092075932
12797,-8.05145092075932
12798,-8.05145092075932
12799,-8.05145092075932
12800,-8.05145092075932
12801,-8.05145092075932
12802,-8.05145092075932
12803,-8.05145092075932
12804,-8.05145092075932
12805,-8.05145092075932
12806,-8.05145092075932
12807,-8.05145092075932
12808,-8.05145092075932
12809,-8.05145092075932
12810,-8.05145092075932
12811,-8.05145092075932
12812,-8.05145092075932
12813,-8.05145092075932
12814,-8.05145092075932
12815,-8.05145092075932
12816,-8.05145092075932
12817,-8.05145092075932
12818,-8.05145092075932
12819,-8.05145092075932
12820,-8.05145092075932
12821,-8.05145092075932
12822,-8.05145092075932
12823,-8.05145092075932
12824,-8.05145092075932
12825,-8.05145092075932
12826,-8.05145092075932
12827,-5.404447235144816
12828,-5.404447235144816
12829,-5.404447235144816
12830,-5.404447235144816
12831,-5.404447235144816
12832,-5.404447235144816
12833,-5.404447235144816
12834,-5.404447235144816
12835,-5.404447235144816
12836,-5.404447235144816
12837,-5.404447235144816
12838,-5.404447235144816
12839,-5.404447235144816
12840,-5.404447235144816
12841,-5.404447235144816
12842,-5.404447235144816
12843,-5.404447235144816
12844,-5.404447235144816
12845,-5.404447235144816
12846,-5.404447235144816
12847,-5.404447235144816
12848,-5.404447235144816
12849,-5.404447235144816
12850,-5.404447235144816
12851,-5.404447235144816
12852,-5.404447235144816
12853,-5.404447235144816
12854,-5.404447235144816
12855,-5.404447235144816
12856,-5.404447235144816
12857,-5.404447235144816
12858,-5.404447235144816
12859,-5.404447235144816
12860,-5.404447235144816
12861,-5.404447235144816
12862,-5.404447235144816
12863,-5.404447235144816
12864,-5.404447235144816
12865,-5.404447235144816
12866,-5.404447235144816
12867,-5.404447235144816
12868,-5.404447235144816
12869,-5.404447235144816
12870,-5.404447235144816
12871,-5.404447235144816
12872,-5.404447235144816
12873,-5.404447235144816
12874,-5.404447235144816
12875,-5.404447235144816
12876,-5.404447235144816
12877,-5.404447235144816
12878,-5.404447235144816
12879,-5.404447235144816
12880,-5.404447235144816
12881,-5.404447235144816
12882,-5.404447235144816
12883,-5.404447235144816
12884,-5.404447235144816
12885,-5.404447235144816
12886,-5.404447235144816
12887,-5.404447235144816
12888,-5.404447235144816
12889,-5.404447235144816
12890,-5.404447235144816
12891,-5.404447235144816
12892,-5.404447235144816
12893,-5.404447235144816
12894,-5.404447235144816
12895,-5.404447235144816
12896,-5.404447235144816
12897,-5.404447235144816
12898,-5.404447235144816
12899,-5.404447235144816
12900,-5.404447235144816
12901,-5.404447235144816
12902,-5.404447235144816
12903,-5.404447235144816
12904,-5.404447235144816
12905,-5.404447235144816
12906,-5.404447235144816
12907,-5.404447235144816
12908,-5.404447235144816
12909,-5.404447235144816
12910,-5.404447235144816
12911,-5.404447235144816
12912,-5.404447235144816
12913,-5.404447235144816
12914,-5.404447235144816
12915,-5.404447235144816
12916,-5.404447235144816
12917,-5.404447235144816
12918,-5.404447235144816
12919,-5.404447235144816
12920,-5.404447235144816
12921,-5.404447235144816
12922,-5.404447235144816
12923,-5.404447235144816
12924,-5.404447235144816
12925,-5.404447235144816
12926,-5.404447235144816
12927,-5.404447235144816
12928,-5.404447235144816
12929,-5.404447235144816
12930,-5.404447235144816
12931,-5.404447235144816
12932,-5.404447235144816
12933,-5.404447235144816
12934,-5.404447235144816
12935,-5.404447235144816
12936,-5.404447235144816
12937,-5.404447235144816
12938,-5.404447235144816
12939,-5.404447235144816
12940,-5.404447235144816
12941,-5.404447235144816
12942,-5.404447235144816
12943,-5.404447235144816
12944,-5.404447235144816
12945,-5.404447235144816
12946,-5.404447235144816
12947,-5.404447235144816
12948,-5.404447235144816
12949,-5.404447235144816
12950,-5.404447235144816
12951,-5.404447235144816
12952,-5.404447235144816
12953,-5.404447235144816
12954,-5.404447235144816
12955,-5.404447235144816
12956,-5.404447235144816
12957,-5.404447235144816
12958,-5.404447235144816
12959,-5.404447235144816
12960,-5.404447235144816
12961,-5.404447235144816
12962,-5.404447235144816
12963,-5.404447235144816
12964,-5.404447235144816
12965,-5.404447235144816
12966,-5.404447235144816
12967,-5.404447235144816
12968,-5.404447235144816
12969,-5.404447235144816
12970,-5.404447235144816
12971,-5.404447235144816
12972,-5.404447235144816
12973,-5.404447235144816
12974,-5.404447235144816
12975,-5.404447235144816
12976,-5.404447235144816
12977,-5.404447235144816
12978,-5.404447235144816
12979,-5.404447235144816
12980,-5.404447235144816
12981,-5.404447235144816
12982,-5.404447235144816
12983,-5.404447235144816
12984,-5.404447235144816
12985,-5.404447235144816
12986,-5.404447235144816
12987,-5.404447235144816
12988,-5.404447235144816
12989,-5.404447235144816
12990,-5.404447235144816
12991,-5.404447235144816
12992,-5.404447235144816
12993,-5.404447235144816
12994,-5.404447235144816
12995,-5.404447235144816
12996,-5.404447235144816
12997,-5.404447235144816
12998,-5.404447235144816
12999,-5.404447235144816
13000,-5.404447235144816
13001,-5.404447235144816
13002,-5.404447235144816
13003,-5.404447235144816
13004,-5.404447235144816
13005,-5.404447235144816
13006,-5.404447235144816
13007,-5.404447235144816
13008,-5.404447235144816
13009,-5.404447235144816
13010,-5.404447235144816
13011,-5.404447235144816
13012,-5.404447235144816
13013,-5.404447235144816
13014,-5.404447235144816
13015,-5.404447235144816
13016,-5.404447235144816
13017,-5.404447235144816
13018,-5.404447235144816
13019,-5.404447235144816
13020,-5.404447235144816
13021,-5.404447235144816
13022,-5.404447235144816
13023,-5.404447235144816
13024,-5.404447235144816
13025,-5.404447235144816
13026,-5.404447235144816
13027,-5.404447235144816
13028,-5.404447235144816
13029,-5.404447235144816
13030,-5.404447235144816
13031,-5.404447235144816
13032,-5.404447235144816
13033,-5.404447235144816
13034,-5.404447235144816
13035,-5.404447235144816
13036,-5.404447235144816
13037,-5.404447235144816
13038,-5.404447235144816
13039,-5.404447235144816
13040,-5.404447235144816
13041,-5.404447235144816
13042,-5.404447235144816
13043,-5.404447235144816
13044,-5.404447235144816
13045,-5.404447235144816
13046,-5.404447235144816
13047,-5.404447235144816
13048,-5.404447235144816
13049,-5.404447235144816
13050,-5.404447235144816
13051,-5.404447235144816
13052,-5.404447235144816
13053,-5.404447235144816
13054,-5.404447235144816
13055,-5.404447235144816
13056,-5.404447235144816
13057,-5.404447235144816
13058,-5.404447235144816
13059,-5.404447235144816
13060,-5.404447235144816
13061,-5.404447235144816
13062,-5.404447235144816
13063,-5.404447235144816
13064,-5.404447235144816
13065,-5.404447235144816
13066,-5.404447235144816
13067,-5.404447235144816
13068,-5.404447235144816
13069,-5.404447235144816
13070,-5.404447235144816
13071,-5.404447235144816
13072,-5.404447235144816
13073,-5.404447235144816
13074,-5.404447235144816
13075,-5.404447235144816
13076,-5.404447235144816
13077,-5.404447235144816
13078,-5.404447235144816
13079,-5.404447235144816
13080,-5.404447235144816
13081,-5.404447235144816
13082,-5.404447235144816
13083,-5.404447235144816
13084,-5.404447235144816
13085,-5.404447235144816
13086,-5.404447235144816
13087,-5.404447235144816
13088,-5.404447235144816
13089,-5.404447235144816
13090,-5.404447235144816
13091,-5.404447235144816
13092,-5.404447235144816
13093,-5.404447235144816
13094,-5.404447235144816
13095,-5.404447235144816
13096,-5.404447235144816
13097,-5.404447235144816
13098,-5.404447235144816
13099,-5.404447235144816
13100,-5.404447235144816
13101,-5.404447235144816
13102,-5.404447235144816
13103,-5.404447235144816
13104,-5.404447235144816
13105,-5.404447235144816
13106,-5.404447235144816
13107,-5.404447235144816
13108,-5.404447235144816
13109,-5.404447235144816
13110,-5.404447235144816
13111,-5.404447235144816
13112,-5.404447235144816
13113,-5.404447235144816
13114,-5.404447235144816
13115,-5.404447235144816
13116,-5.404447235144816
13117,-5.404447235144816
13118,-5.404447235144816
13119,-5.404447235144816
13120,-5.404447235144816
13121,-5.404447235144816
13122,-5.404447235144816
13123,-5.404447235144816
13124,-5.404447235144816
13125,-5.404447235144816
13126,-5.404447235144816
13127,-5.404447235144816
13128,-5.404447235144816
13129,-5.404447235144816
13130,-5.404447235144816
13131,-5.404447235144816
13132,-5.404447235144816
13133,-5.404447235144816
13134,-5.404447235144816
13135,-5.404447235144816
13136,-5.404447235144816
13137,-5.404447235144816
13138,-5.404447235144816
13139,-5.404447235144816
13140,-5.404447235144816
13141,-5.404447235144816
13142,-5.404447235144816
13143,-5.404447235144816
13144,-5.404447235144816
13145,-5.404447235144816
13146,-5.404447235144816
13147,-5.404447235144816
13148,-5.404447235144816
13149,-5.404447235144816
13150,-5.404447235144816
13151,-5.404447235144816
13152,-5.404447235144816
13153,-5.404447235144816
13154,-5.404447235144816
13155,-5.404447235144816
13156,-5.404447235144816
13157,-5.404447235144816
13158,-5.404447235144816
13159,-5.404447235144816
13160,-5.404447235144816
13161,-5.404447235144816
13162,-5.404447235144816
13163,-5.404447235144816
13164,-5.404447235144816
13165,-5.404447235144816
13166,-5.404447235144816
13167,-5.404447235144816
13168,-5.404447235144816
13169,-5.404447235144816
13170,-5.404447235144816
13171,-5.404447235144816
13172,-5.404447235144816
13173,-5.404447235144816
13174,-5.404447235144816
13175,-5.404447235144816
13176,-5.404447235144816
13177,-5.404447235144816
13178,-5.404447235144816
13179,-5.404447235144816
13180,-5.404447235144816
13181,-5.404447235144816
13182,-5.404447235144816
13183,-5.404447235144816
13184,-5.404447235144816
13185,-5.404447235144816
13186,-5.404447235144816
13187,-5.404447235144816
13188,-5.404447235144816
13189,-5.404447235144816
13190,-5.404447235144816
13191,-5.404447235144816
13192,-5.404447235144816
13193,-5.404447235144816
13194,-5.404447235144816
13195,-5.404447235144816
13196,-5.404447235144816
13197,-5.404447235144816
13198,-5.404447235144816
13199,-5.404447235144816
13200,-5.404447235144816
13201,-5.404447235144816
13202,-5.404447235144816
13203,-5.404447235144816
13204,-5.404447235144816
13205,-5.404447235144816
13206,-5.404447235144816
13207,-5.404447235144816
13208,-5.404447235144816
13209,-5.404447235144816
13210,-5.404447235144816
13211,-5.404447235144816
13212,-5.404447235144816
13213,-5.404447235144816
13214,-5.404447235144816
13215,-5.404447235144816
13216,-5.404447235144816
13217,-5.404447235144816
13218,-5.404447235144816
13219,-5.404447235144816
13220,-5.404447235144816
13221,-5.404447235144816
13222,-5.404447235144816
13223,-5.404447235144816
13224,-5.404447235144816
13225,-5.404447235144816
13226,-5.404447235144816
13227,-5.404447235144816
13228,-5.404447235144816
13229,-5.404447235144816
13230,-5.404447235144816
13231,-5.404447235144816
13232,-5.404447235144816
13233,-5.404447235144816
13234,-5.404447235144816
13235,-5.404447235144816
13236,-5.404447235144816
13237,-5.404447235144816
13238,-5.404447235144816
13239,-5.404447235144816
13240,-5.404447235144816
13241,-5.404447235144816
13242,-5.404447235144816
13243,-5.404447235144816
13244,-5.404447235144816
13245,-5.404447235144816
13246,-5.404447235144816
13247,-5.404447235144816
13248,-5.404447235144816
13249,-5.404447235144816
13250,-5.404447235144816
13251,-5.404447235144816
13252,-5.404447235144816
13253,-5.404447235144816
13254,-5.404447235144816
13255,-5.404447235144816
13256,-5.404447235144816
13257,-5.404447235144816
13258,-5.404447235144816
13259,-5.404447235144816
13260,-5.404447235144816
13261,-5.404447235144816
13262,-5.404447235144816
13263,-5.404447235144816
13264,-5.404447235144816
13265,-5.404447235144816
13266,-5.404447235144816
13267,-5.404447235144816
13268,-5.404447235144816
13269,-5.404447235144816
13270,-5.404447235144816
13271,-5.404447235144816
13272,-5.404447235144816
13273,-5.404447235144816
13274,-5.404447235144816
13275,-5.404447235144816
13276,-5.404447235144816
13277,-5.404447235144816
13278,-5.404447235144816
13279,-5.404447235144816
13280,-5.404447235144816
13281,-5.404447235144816
13282,-5.404447235144816
13283,-5.404447235144816
13284,-5.404447235144816
13285,-5.404447235144816
13286,-5.404447235144816
13287,-5.404447235144816
13288,-5.404447235144816
13289,-5.404447235144816
13290,-5.404447235144816
13291,-5.404447235144816
13292,-5.404447235144816
13293,-5.404447235144816
13294,-5.404447235144816
13295,-5.404447235144816
13296,-5.404447235144816
13297,-5.404447235144816
13298,-5.404447235144816
13299,-5.404447235144816
13300,-5.404447235144816
13301,-5.404447235144816
13302,-5.404447235144816
13303,-5.404447235144816
13304,-5.404447235144816
13305,-5.404447235144816
13306,-5.404447235144816
13307,-5.404447235144816
13308,-5.404447235144816
13309,-5.404447235144816
13310,-5.404447235144816
13311,-5.404447235144816
13312,-5.404447235144816
13313,-5.404447235144816
13314,-5.404447235144816
13315,-5.404447235144816
13316,-5.404447235144816
13317,-5.404447235144816
13318,-5.404447235144816
13319,-5.404447235144816
13320,-5.404447235144816
13321,-5.404447235144816
13322,-5.404447235144816
13323,-5.404447235144816
13324,-5.404447235144816
13325,-5.404447235144816
13326,-5.404447235144816
13327,-5.404447235144816
13328,-5.404447235144816
13329,-5.404447235144816
13330,-5.404447235144816
13331,-5.404447235144816
13332,-5.404447235144816
13333,-5.404447235144816
13334,-5.404447235144816
13335,-5.404447235144816
13336,-5.404447235144816
13337,-5.404447235144816
13338,-5.404447235144816
13339,-5.404447235144816
13340,-5.404447235144816
13341,-5.404447235144816
13342,-5.404447235144816
13343,-5.404447235144816
13344,-5.404447235144816
13345,-5.404447235144816
13346,-5.404447235144816
13347,-5.404447235144816
13348,-5.404447235144816
13349,-5.404447235144816
13350,-5.404447235144816
13351,-5.404447235144816
13352,-5.404447235144816
13353,-5.404447235144816
13354,-5.404447235144816
13355,-5.404447235144816
13356,-5.404447235144816
13357,-5.404447235144816
13358,-5.404447235144816
13359,-5.404447235144816
13360,-5.404447235144816
13361,-5.404447235144816
13362,-5.404447235144816
13363,-5.404447235144816
13364,-5.404447235144816
13365,-5.404447235144816
13366,-5.404447235144816
13367,-5.404447235144816
13368,-5.404447235144816
13369,-5.404447235144816
13370,-5.404447235144816
13371,-5.404447235144816
13372,-5.404447235144816
13373,-5.404447235144816
13374,-5.404447235144816
13375,-5.404447235144816
13376,-5.404447235144816
13377,-5.404447235144816
13378,-5.404447235144816
13379,-5.404447235144816
13380,-5.404447235144816
13381,-5.404447235144816
13382,-5.404447235144816
13383,-5.404447235144816
13384,-5.404447235144816
13385,-5.404447235144816
13386,-5.404447235144816
13387,-5.404447235144816
13388,-5.404447235144816
13389,-5.404447235144816
13390,-5.404447235144816
13391,-5.404447235144816
13392,-5.404447235144816
13393,-5.404447235144816
13394,-5.404447235144816
13395,-5.404447235144816
13396,-5.404447235144816
13397,-5.404447235144816
13398,-5.404447235144816
13399,-5.404447235144816
13400,-5.404447235144816
13401,-5.404447235144816
13402,-5.404447235144816
13403,-5.404447235144816
13404,-5.404447235144816
13405,-5.404447235144816
13406,-5.404447235144816
13407,-5.404447235144816
13408,-5.404447235144816
13409,-5.404447235144816
13410,-5.404447235144816
13411,-5.404447235144816
13412,-5.404447235144816
13413,-5.404447235144816
13414,-5.404447235144816
13415,-5.404447235144816
13416,-5.404447235144816
13417,-5.404447235144816
13418,-5.404447235144816
13419,-5.404447235144816
13420,-5.404447235144816
13421,-5.404447235144816
13422,-5.404447235144816
13423,-5.404447235144816
13424,-5.404447235144816
13425,-5.404447235144816
13426,-5.404447235144816
13427,-5.404447235144816
13428,-5.404447235144816
13429,-5.404447235144816
13430,-5.404447235144816
13431,-5.404447235144816
13432,-5.404447235144816
13433,-5.404447235144816
13434,-5.404447235144816
13435,-5.404447235144816
13436,-5.404447235144816
13437,-5.404447235144816
13438,-5.404447235144816
13439,-5.404447235144816
13440,-5.404447235144816
13441,-5.404447235144816
13442,-5.404447235144816
13443,-5.404447235144816
13444,-5.404447235144816
13445,-5.404447235144816
13446,-5.404447235144816
13447,-5.404447235144816
13448,-5.404447235144816
13449,-5.404447235144816
13450,-5.404447235144816
13451,-5.404447235144816
13452,-5.404447235144816
13453,-5.404447235144816
13454,-5.404447235144816
13455,-5.404447235144816
13456,-5.404447235144816
13457,-5.404447235144816
13458,-5.404447235144816
13459,-5.404447235144816
13460,-5.404447235144816
13461,-5.404447235144816
13462,-5.404447235144816
13463,-5.404447235144816
13464,-5.404447235144816
13465,-5.404447235144816
13466,-5.404447235144816
13467,-5.404447235144816
13468,-5.404447235144816
13469,-5.404447235144816
13470,-5.404447235144816
13471,-5.404447235144816
13472,-5.404447235144816
13473,-5.404447235144816
13474,-5.404447235144816
13475,-5.404447235144816
13476,-5.404447235144816
13477,-5.404447235144816
13478,-5.404447235144816
13479,-5.404447235144816
13480,-5.404447235144816
13481,-5.404447235144816
13482,-5.404447235144816
13483,-5.404447235144816
13484,-5.404447235144816
13485,-5.404447235144816
13486,-5.404447235144816
13487,-5.404447235144816
13488,-5.404447235144816
13489,-5.404447235144816
13490,-5.404447235144816
13491,-5.404447235144816
13492,-5.404447235144816
13493,-5.404447235144816
13494,-5.404447235144816
13495,-5.404447235144816
13496,-5.404447235144816
13497,-5.404447235144816
13498,-5.404447235144816
13499,-5.404447235144816
13500,-5.404447235144816
13501,-5.404447235144816
13502,-5.404447235144816
13503,-5.404447235144816
13504,-5.404447235144816
13505,-5.404447235144816
13506,-5.404447235144816
13507,-5.404447235144816
13508,-5.404447235144816
13509,-5.404447235144816
13510,-5.404447235144816
13511,-5.404447235144816
13512,-5.404447235144816
13513,-5.404447235144816
13514,-5.404447235144816
13515,-5.404447235144816
13516,-5.404447235144816
13517,-5.404447235144816
13518,-5.404447235144816
13519,-5.404447235144816
13520,-5.404447235144816
13521,-5.404447235144816
13522,-5.404447235144816
13523,-5.404447235144816
13524,-5.404447235144816
13525,-5.404447235144816
13526,-5.404447235144816
13527,-5.404447235144816
13528,-5.404447235144816
13529,-5.404447235144816
13530,-5.404447235144816
13531,-5.404447235144816
13532,-5.404447235144816
13533,-5.404447235144816
13534,-5.404447235144816
13535,-5.404447235144816
13536,-5.404447235144816
13537,-5.404447235144816
13538,-5.404447235144816
13539,-5.404447235144816
13540,-5.404447235144816
13541,-5.404447235144816
13542,-5.404447235144816
13543,-5.404447235144816
13544,-5.404447235144816
13545,-5.404447235144816
13546,-5.404447235144816
13547,-5.404447235144816
13548,-5.404447235144816
13549,-5.404447235144816
13550,-5.404447235144816
13551,-5.404447235144816
13552,-5.404447235144816
13553,-5.404447235144816
13554,-5.404447235144816
13555,-5.404447235144816
13556,-5.404447235144816
13557,-5.404447235144816
13558,-5.404447235144816
13559,-5.404447235144816
13560,-5.404447235144816
13561,-5.404447235144816
13562,-5.404447235144816
13563,-5.404447235144816
13564,-5.404447235144816
13565,-5.404447235144816
13566,-5.404447235144816
13567,-5.404447235144816
13568,-5.404447235144816
13569,-5.404447235144816
13570,-5.404447235144816
13571,-5.404447235144816
13572,-5.404447235144816
13573,-5.404447235144816
13574,-5.404447235144816
13575,-5.404447235144816
13576,-5.404447235144816
13577,-5.404447235144816
13578,-5.404447235144816
13579,-5.404447235144816
13580,-5.404447235144816
13581,-5.404447235144816
13582,-5.404447235144816
13583,-5.404447235144816
13584,-5.404447235144816
13585,-5.404447235144816
13586,-5.404447235144816
13587,-5.404447235144816
13588,-5.404447235144816
13589,-5.404447235144816
13590,-5.404447235144816
13591,-5.404447235144816
13592,-5.404447235144816
13593,-5.404447235144816
13594,-5.404447235144816
13595,-5.404447235144816
13596,-5.404447235144816
13597,-5.404447235144816
13598,-5.404447235144816
13599,-5.404447235144816
13600,-5.404447235144816
13601,-5.404447235144816
13602,-5.404447235144816
13603,-5.404447235144816
13604,-5.404447235144816
13605,-5.404447235144816
13606,-5.404447235144816
13607,-5.404447235144816
13608,-5.404447235144816
13609,-5.404447235144816
13610,-5.404447235144816
13611,-5.404447235144816
13612,-5.404447235144816
13613,-5.404447235144816
13614,-5.404447235144816
13615,-5.404447235144816
13616,-5.404447235144816
13617,-5.404447235144816
13618,-5.404447235144816
13619,-5.404447235144816
13620,-5.404447235144816
13621,-5.404447235144816
13622,-5.404447235144816
13623,-5.404447235144816
13624,-5.404447235144816
13625,-5.404447235144816
13626,-5.404447235144816
13627,-5.404447235144816
13628,-5.404447235144816
13629,-5.404447235144816
13630,-5.404447235144816
13631,-5.404447235144816
13632,-5.404447235144816
13633,-5.404447235144816
13634,-5.404447235144816
13635,-5.404447235144816
13636,-5.404447235144816
13637,-5.404447235144816
13638,-5.404447235144816
13639,-5.404447235144816
13640,-5.404447235144816
13641,-5.404447235144816
13642,-5.404447235144816
13643,-5.404447235144816
13644,-5.404447235144816
13645,-5.404447235144816
13646,-5.404447235144816
13647,-5.404447235144816
13648,-5.404447235144816
13649,-5.404447235144816
13650,-5.404447235144816
13651,-5.404447235144816
13652,-5.404447235144816
13653,-5.404447235144816
13654,-5.404447235144816
13655,-5.404447235144816
13656,-5.404447235144816
13657,-5.404447235144816
13658,-5.404447235144816
13659,-5.404447235144816
13660,-5.404447235144816
13661,-5.404447235144816
13662,-5.404447235144816
13663,-5.404447235144816
13664,-5.404447235144816
13665,-5.404447235144816
13666,-5.404447235144816
13667,-5.404447235144816
13668,-5.404447235144816
13669,-5.404447235144816
13670,-5.404447235144816
13671,-5.404447235144816
13672,-5.404447235144816
13673,-5.404447235144816
13674,-5.404447235144816
13675,-5.404447235144816
13676,-5.404447235144816
13677,-5.404447235144816
13678,-5.404447235144816
13679,-5.404447235144816
13680,-5.404447235144816
13681,-5.404447235144816
13682,-5.404447235144816
13683,-5.404447235144816
13684,-5.404447235144816
13685,-5.404447235144816
13686,-5.404447235144816
13687,-5.404447235144816
13688,-5.404447235144816
13689,-5.404447235144816
13690,-5.404447235144816
13691,-5.404447235144816
13692,-5.404447235144816
13693,-5.404447235144816
13694,-5.404447235144816
13695,-5.404447235144816
13696,-5.404447235144816
13697,-5.404447235144816
13698,-5.404447235144816
13699,-5.404447235144816
13700,-5.404447235144816
13701,-5.404447235144816
13702,-5.404447235144816
13703,-5.404447235144816
13704,-5.404447235144816
13705,-5.404447235144816
13706,-5.404447235144816
13707,-5.404447235144816
13708,-5.404447235144816
13709,-5.404447235144816
13710,-5.404447235144816
13711,-5.404447235144816
13712,-5.404447235144816
13713,-5.404447235144816
13714,-5.404447235144816
13715,-5.404447235144816
13716,-5.404447235144816
13717,-5.404447235144816
13718,-5.404447235144816
13719,-5.404447235144816
13720,-5.404447235144816
13721,-5.404447235144816
13722,-5.404447235144816
13723,-5.404447235144816
13724,-5.404447235144816
13725,-5.404447235144816
13726,-5.404447235144816
13727,-5.404447235144816
13728,-5.404447235144816
13729,-5.404447235144816
13730,-5.404447235144816
13731,-5.404447235144816
13732,-5.404447235144816
13733,-5.404447235144816
13734,-5.404447235144816
13735,-5.404447235144816
13736,-5.404447235144816
13737,-5.404447235144816
13738,-5.404447235144816
13739,-5.404447235144816
13740,-5.404447235144816
13741,-5.404447235144816
13742,-5.404447235144816
13743,-5.404447235144816
13744,-5.404447235144816
13745,-5.404447235144816
13746,-5.404447235144816
13747,-5.404447235144816
13748,-5.404447235144816
13749,-5.404447235144816
13750,-5.404447235144816
13751,-5.404447235144816
13752,-5.404447235144816
13753,-5.404447235144816
13754,-5.961711168958395
13755,-5.961711168958395
13756,-5.961711168958395
13757,-5.961711168958395
13758,-5.961711168958395
13759,-5.961711168958395
13760,-5.961711168958395
13761,-5.961711168958395
13762,-5.961711168958395
13763,-5.961711168958395
13764,-5.961711168958395
13765,-5.961711168958395
13766,-5.961711168958395
13767,-5.961711168958395
13768,-5.961711168958395
13769,-5.961711168958395
13770,-5.961711168958395
13771,-5.961711168958395
13772,-5.961711168958395
13773,-5.961711168958395
13774,-5.961711168958395
13775,-5.961711168958395
13776,-5.961711168958395
13777,-5.961711168958395
13778,-5.961711168958395
13779,-5.961711168958395
13780,-5.961711168958395
13781,-5.961711168958395
13782,-5.961711168958395
13783,-5.961711168958395
13784,-5.961711168958395
13785,-5.961711168958395
13786,-5.961711168958395
13787,-5.961711168958395
13788,-5.961711168958395
13789,-5.961711168958395
13790,-5.961711168958395
13791,-5.961711168958395
13792,-5.961711168958395
13793,-5.961711168958395
13794,-5.961711168958395
13795,-5.961711168958395
13796,-5.961711168958395
13797,-5.961711168958395
13798,-5.961711168958395
13799,-5.961711168958395
13800,-5.961711168958395
13801,-5.961711168958395
13802,-5.961711168958395
13803,-5.961711168958395
13804,-5.961711168958395
13805,-5.961711168958395
13806,-5.961711168958395
13807,-5.961711168958395
13808,-5.961711168958395
13809,-5.961711168958395
13810,-5.961711168958395
13811,-5.961711168958395
13812,-5.961711168958395
13813,-5.961711168958395
13814,-5.961711168958395
13815,-5.961711168958395
13816,-5.961711168958395
13817,-5.961711168958395
13818,-5.961711168958395
13819,-5.961711168958395
13820,-5.961711168958395
13821,-5.961711168958395
13822,-5.961711168958395
13823,-5.961711168958395
13824,-5.961711168958395
13825,-5.961711168958395
13826,-5.961711168958395
13827,-5.961711168958395
13828,-5.961711168958395
13829,-5.961711168958395
13830,-5.961711168958395
13831,-5.961711168958395
13832,-5.961711168958395
13833,-5.961711168958395
13834,-5.961711168958395
13835,-5.961711168958395
13836,-5.961711168958395
13837,-5.961711168958395
13838,-5.961711168958395
13839,-5.961711168958395
13840,-5.961711168958395
13841,-5.961711168958395
13842,-5.961711168958395
13843,-5.961711168958395
13844,-5.961711168958395
13845,-5.961711168958395
13846,-5.961711168958395
13847,-5.961711168958395
13848,-5.961711168958395
13849,-5.961711168958395
13850,-5.961711168958395
13851,-5.961711168958395
13852,-5.961711168958395
13853,-5.961711168958395
13854,-5.961711168958395
13855,-5.961711168958395
13856,-5.961711168958395
13857,-5.961711168958395
13858,-5.961711168958395
13859,-5.961711168958395
13860,-5.961711168958395
13861,-5.961711168958395
13862,-5.961711168958395
13863,-5.961711168958395
13864,-5.961711168958395
13865,-5.961711168958395
13866,-5.961711168958395
13867,-5.961711168958395
13868,-5.961711168958395
13869,-5.961711168958395
13870,-5.961711168958395
13871,-5.961711168958395
13872,-5.961711168958395
13873,-5.961711168958395
13874,-5.961711168958395
13875,-5.961711168958395
13876,-5.961711168958395
13877,-5.961711168958395
13878,-5.961711168958395
13879,-5.961711168958395
13880,-5.961711168958395
13881,-5.961711168958395
13882,-5.961711168958395
13883,-5.961711168958395
13884,-5.961711168958395
13885,-5.961711168958395
13886,-5.961711168958395
13887,-5.961711168958395
13888,-5.961711168958395
13889,-5.961711168958395
13890,-5.961711168958395
13891,-5.961711168958395
13892,-5.961711168958395
13893,-5.961711168958395
13894,-5.961711168958395
13895,-5.961711168958395
13896,-5.961711168958395
13897,-5.961711168958395
13898,-5.961711168958395
13899,-5.961711168958395
13900,-5.961711168958395
13901,-5.961711168958395
13902,-5.961711168958395
13903,-5.961711168958395
13904,-5.961711168958395
13905,-5.961711168958395
13906,-5.961711168958395
13907,-5.961711168958395
13908,-5.961711168958395
13909,-5.961711168958395
13910,-5.961711168958395
13911,-5.961711168958395
13912,-5.961711168958395
13913,-5.961711168958395
13914,-5.961711168958395
13915,-5.961711168958395
13916,-5.961711168958395
13917,-5.961711168958395
13918,-5.961711168958395
13919,-5.961711168958395
13920,-5.961711168958395
13921,-5.961711168958395
13922,-5.961711168958395
13923,-5.961711168958395
13924,-5.961711168958395
13925,-5.961711168958395
13926,-5.961711168958395
13927,-5.961711168958395
13928,-5.961711168958395
13929,-5.961711168958395
13930,-5.961711168958395
13931,-5.961711168958395
13932,-5.961711168958395
13933,-5.961711168958395
13934,-5.961711168958395
13935,-5.961711168958395
13936,-5.961711168958395
13937,-5.961711168958395
13938,-5.961711168958395
13939,-5.961711168958395
13940,-5.961711168958395
13941,-5.961711168958395
13942,-5.961711168958395
13943,-5.961711168958395
13944,-5.961711168958395
13945,-5.961711168958395
13946,-5.961711168958395
13947,-5.961711168958395
13948,-5.961711168958395
13949,-5.961711168958395
13950,-5.961711168958395
13951,-5.961711168958395
13952,-5.961711168958395
13953,-5.961711168958395
13954,-5.961711168958395
13955,-5.961711168958395
13956,-5.961711168958395
13957,-5.961711168958395
13958,-5.961711168958395
13959,-5.961711168958395
13960,-5.961711168958395
13961,-5.961711168958395
13962,-5.961711168958395
13963,-5.961711168958395
13964,-5.961711168958395
13965,-5.961711168958395
13966,-5.961711168958395
13967,-5.961711168958395
13968,-5.961711168958395
13969,-5.961711168958395
13970,-5.961711168958395
13971,-5.961711168958395
13972,-5.961711168958395
13973,-5.961711168958395
13974,-5.961711168958395
13975,-5.961711168958395
13976,-5.961711168958395
13977,-5.961711168958395
13978,-5.961711168958395
13979,-5.961711168958395
13980,-5.961711168958395
13981,-5.961711168958395
13982,-5.961711168958395
13983,-5.961711168958395
13984,-5.961711168958395
13985,-5.961711168958395
13986,-5.961711168958395
13987,-5.961711168958395
13988,-5.961711168958395
13989,-5.961711168958395
13990,-5.961711168958395
13991,-5.961711168958395
13992,-5.961711168958395
13993,-5.961711168958395
13994,-5.961711168958395
13995,-5.961711168958395
13996,-5.961711168958395
13997,-5.961711168958395
13998,-5.961711168958395
13999,-5.961711168958395
14000,-5.961711168958395
14001,-5.961711168958395
14002,-5.961711168958395
14003,-5.961711168958395
14004,-5.961711168958395
14005,-5.961711168958395
14006,-5.961711168958395
14007,-5.961711168958395
14008,-5.961711168958395
14009,-5.961711168958395
14010,-5.961711168958395
14011,-5.961711168958395
14012,-5.961711168958395
14013,-5.961711168958395
14014,-5.961711168958395
14015,-5.961711168958395
14016,-5.961711168958395
14017,-5.961711168958395
14018,-5.961711168958395
14019,-5.961711168958395
14020,-5.961711168958395
14021,-5.961711168958395
14022,-5.961711168958395
14023,-5.961711168958395
14024,-5.961711168958395
14025,-5.961711168958395
14026,-5.961711168958395
14027,-5.961711168958395
14028,-5.961711168958395
14029,-5.961711168958395
14030,-5.961711168958395
14031,-5.961711168958395
14032,-5.961711168958395
14033,-5.961711168958395
14034,-5.961711168958395
14035,-5.961711168958395
14036,-5.961711168958395
14037,-5.961711168958395
14038,-5.961711168958395
14039,-5.961711168958395
14040,-5.961711168958395
14041,-5.961711168958395
14042,-5.961711168958395
14043,-5.961711168958395
14044,-5.961711168958395
14045,-5.961711168958395
14046,-5.961711168958395
14047,-5.961711168958395
14048,-5.961711168958395
14049,-5.961711168958395
14050,-5.961711168958395
14051,-5.961711168958395
14052,-5.961711168958395
14053,-5.961711168958395
14054,-5.961711168958395
14055,-15.992461977602833
14056,-15.992461977602833
14057,-15.992461977602833
14058,-15.992461977602833
14059,-15.992461977602833
14060,-15.992461977602833
14061,-15.992461977602833
14062,-15.992461977602833
14063,-15.992461977602833
14064,-15.992461977602833
14065,-15.992461977602833
14066,-15.992461977602833
14067,-15.992461977602833
14068,-15.992461977602833
14069,-15.992461977602833
14070,-15.992461977602833
14071,-15.992461977602833
14072,-15.992461977602833
14073,-15.992461977602833
14074,-15.992461977602833
14075,-15.992461977602833
14076,-15.992461977602833
14077,-15.992461977602833
14078,-15.992461977602833
14079,-15.992461977602833
14080,-15.992461977602833
14081,-15.992461977602833
14082,-15.992461977602833
14083,-15.992461977602833
14084,-15.992461977602833
14085,-15.992461977602833
14086,-15.992461977602833
14087,-15.992461977602833
14088,-15.992461977602833
14089,-15.992461977602833
14090,-15.992461977602833
14091,-15.992461977602833
14092,-15.992461977602833
14093,-15.992461977602833
14094,-15.992461977602833
14095,-15.992461977602833
14096,-15.992461977602833
14097,-15.992461977602833
14098,-15.992461977602833
14099,-15.992461977602833
14100,-15.992461977602833
14101,-15.992461977602833
14102,-15.992461977602833
14103,-15.992461977602833
14104,-15.992461977602833
14105,-15.992461977602833
14106,-15.992461977602833
14107,-15.992461977602833
14108,-15.992461977602833
14109,-15.992461977602833
14110,-15.992461977602833
14111,-15.992461977602833
14112,-15.992461977602833
14113,-15.992461977602833
14114,-15.992461977602833
14115,-15.992461977602833
14116,-15.992461977602833
14117,-15.992461977602833
14118,-15.992461977602833
14119,-15.992461977602833
14120,-15.992461977602833
14121,-15.992461977602833
14122,-15.992461977602833
14123,-15.992461977602833
14124,-15.992461977602833
14125,-15.992461977602833
14126,-15.992461977602833
14127,-15.992461977602833
14128,-15.992461977602833
14129,-15.992461977602833
14130,-15.992461977602833
14131,-15.992461977602833
14132,-15.992461977602833
14133,-15.992461977602833
14134,-15.992461977602833
14135,-15.992461977602833
14136,-15.992461977602833
14137,-15.992461977602833
14138,-15.992461977602833
14139,-15.992461977602833
14140,-15.992461977602833
14141,-15.992461977602833
14142,-15.992461977602833
14143,-15.992461977602833
14144,-15.992461977602833
14145,-15.992461977602833
14146,-15.992461977602833
14147,-15.992461977602833
14148,-15.992461977602833
14149,-15.992461977602833
14150,-15.992461977602833
14151,-15.992461977602833
14152,-15.992461977602833
14153,-15.992461977602833
14154,-15.992461977602833
14155,-15.992461977602833
14156,-15.992461977602833
14157,-15.992461977602833
14158,-15.992461977602833
14159,-15.992461977602833
14160,-15.992461977602833
14161,-15.992461977602833
14162,-15.992461977602833
14163,-15.992461977602833
14164,-15.992461977602833
14165,-15.992461977602833
14166,-15.992461977602833
14167,-15.992461977602833
14168,-15.992461977602833
14169,-15.992461977602833
14170,-15.992461977602833
14171,-15.992461977602833
14172,-15.992461977602833
14173,-15.992461977602833
14174,-15.992461977602833
14175,-15.992461977602833
14176,-15.992461977602833
14177,-15.992461977602833
14178,-15.992461977602833
14179,-15.992461977602833
14180,-15.992461977602833
14181,-15.992461977602833
14182,-15.992461977602833
14183,-15.992461977602833
14184,-15.992461977602833
14185,-15.992461977602833
14186,-15.992461977602833
14187,-15.992461977602833
14188,-15.992461977602833
14189,-15.992461977602833
14190,-15.992461977602833
14191,-15.992461977602833
14192,-15.992461977602833
14193,-15.992461977602833
14194,-15.992461977602833
14195,-15.992461977602833
14196,-15.992461977602833
14197,-15.992461977602833
14198,-15.992461977602833
14199,-15.992461977602833
14200,-15.992461977602833
14201,-15.992461977602833
14202,-15.992461977602833
14203,-15.992461977602833
14204,-15.992461977602833
14205,-15.992461977602833
14206,-15.992461977602833
14207,-15.992461977602833
14208,-15.992461977602833
14209,-15.992461977602833
14210,-15.992461977602833
14211,-15.992461977602833
14212,-15.992461977602833
14213,-15.992461977602833
14214,-15.992461977602833
14215,-15.992461977602833
14216,-15.992461977602833
14217,-15.992461977602833
14218,-15.992461977602833
14219,-15.992461977602833
14220,-15.992461977602833
14221,-15.992461977602833
14222,-15.992461977602833
14223,-15.992461977602833
14224,-15.992461977602833
14225,-15.992461977602833
14226,-15.992461977602833
14227,-15.992461977602833
14228,-15.992461977602833
14229,-15.992461977602833
14230,-15.992461977602833
14231,-15.992461977602833
14232,-15.992461977602833
14233,-15.992461977602833
14234,-15.992461977602833
14235,-15.992461977602833
14236,-15.992461977602833
14237,-15.992461977602833
14238,-15.992461977602833
14239,-15.992461977602833
14240,-15.992461977602833
14241,-15.992461977602833
14242,-15.992461977602833
14243,-15.992461977602833
14244,-15.992461977602833
14245,-15.992461977602833
14246,-15.992461977602833
14247,-15.992461977602833
14248,-15.992461977602833
14249,-15.992461977602833
14250,-15.992461977602833
14251,-15.992461977602833
14252,-15.992461977602833
14253,-15.992461977602833
14254,-15.992461977602833
14255,-15.992461977602833
14256,-15.992461977602833
14257,-15.992461977602833
14258,-15.992461977602833
14259,-15.992461977602833
14260,-15.992461977602833
14261,-15.992461977602833
14262,-15.992461977602833
14263,-15.992461977602833
14264,-15.992461977602833
14265,-15.992461977602833
14266,-15.992461977602833
14267,-15.992461977602833
14268,-15.992461977602833
14269,-15.992461977602833
14270,-15.992461977602833
14271,-15.992461977602833
14272,-15.992461977602833
14273,-15.992461977602833
14274,-15.992461977602833
14275,-15.992461977602833
14276,-15.992461977602833
14277,-15.992461977602833
14278,-15.992461977602833
14279,-15.992461977602833
14280,-15.992461977602833
14281,-15.992461977602833
14282,-15.992461977602833
14283,-15.992461977602833
14284,-15.992461977602833
14285,-15.992461977602833
14286,-15.992461977602833
14287,-15.992461977602833
14288,-15.992461977602833
14289,-15.992461977602833
14290,-15.992461977602833
14291,-15.992461977602833
14292,-15.992461977602833
14293,-15.992461977602833
14294,-15.992461977602833
14295,-15.992461977602833
14296,-15.992461977602833
14297,-15.992461977602833
14298,-15.992461977602833
14299,-15.992461977602833
14300,-15.992461977602833
14301,-15.992461977602833
14302,-15.992461977602833
14303,-15.992461977602833
14304,-15.992461977602833
14305,-15.992461977602833
14306,-15.992461977602833
14307,-15.992461977602833
14308,-15.992461977602833
14309,-15.992461977602833
14310,-15.992461977602833
14311,-15.992461977602833
14312,-15.992461977602833
14313,-15.992461977602833
14314,-15.992461977602833
14315,-15.992461977602833
14316,-15.992461977602833
14317,-15.992461977602833
14318,-15.992461977602833
14319,-15.992461977602833
14320,-15.992461977602833
14321,-15.992461977602833
14322,-15.992461977602833
14323,-15.992461977602833
14324,-15.992461977602833
14325,-15.992461977602833
14326,-15.992461977602833
14327,-15.992461977602833
14328,-15.992461977602833
14329,-15.992461977602833
14330,-15.992461977602833
14331,-15.992461977602833
14332,-15.992461977602833
14333,-15.992461977602833
14334,-15.992461977602833
14335,-15.992461977602833
14336,-15.992461977602833
14337,-15.992461977602833
14338,-15.992461977602833
14339,-15.992461977602833
14340,-15.992461977602833
14341,-15.992461977602833
14342,-15.992461977602833
14343,-15.992461977602833
14344,-15.992461977602833
14345,-15.992461977602833
14346,-15.992461977602833
14347,-15.992461977602833
14348,-15.992461977602833
14349,-15.992461977602833
14350,-15.992461977602833
14351,-15.992461977602833
14352,-15.992461977602833
14353,-15.992461977602833
14354,-15.992461977602833
14355,-15.992461977602833
14356,-15.992461977602833
14357,-15.992461977602833
14358,-15.992461977602833
14359,-15.992461977602833
14360,-15.992461977602833
14361,-15.992461977602833
14362,-15.992461977602833
14363,-15.992461977602833
14364,-15.992461977602833
14365,-15.992461977602833
14366,-15.992461977602833
14367,-15.992461977602833
14368,-15.992461977602833
14369,-15.992461977602833
14370,-15.992461977602833
14371,-15.992461977602833
14372,-15.992461977602833
14373,-15.992461977602833
14374,-15.992461977602833
14375,-15.992461977602833
14376,-15.992461977602833
14377,-15.992461977602833
14378,-15.992461977602833
14379,-15.992461977602833
14380,-15.992461977602833
14381,-15.992461977602833
14382,-15.992461977602833
14383,-15.992461977602833
14384,-15.992461977602833
14385,-15.992461977602833
14386,-15.992461977602833
14387,-15.992461977602833
14388,-15.992461977602833
14389,-15.992461977602833
14390,-15.992461977602833
14391,-15.992461977602833
14392,-15.992461977602833
14393,-15.992461977602833
14394,-15.992461977602833
14395,-15.992461977602833
14396,-15.992461977602833
14397,-15.992461977602833
14398,-15.992461977602833
14399,-15.992461977602833
14400,-15.992461977602833
14401,-15.992461977602833
14402,-15.992461977602833
14403,-15.992461977602833
14404,-15.992461977602833
14405,-15.992461977602833
14406,-15.992461977602833
14407,-15.992461977602833
14408,-15.992461977602833
14409,-15.992461977602833
14410,-15.992461977602833
14411,-15.992461977602833
14412,-15.992461977602833
14413,-15.992461977602833
14414,-15.992461977602833
14415,-15.992461977602833
14416,-15.992461977602833
14417,-15.992461977602833
14418,-15.992461977602833
14419,-15.992461977602833
14420,-15.992461977602833
14421,-15.992461977602833
14422,-15.992461977602833
14423,-15.992461977602833
14424,-15.992461977602833
14425,-15.992461977602833
14426,-15.992461977602833
14427,-15.992461977602833
14428,-15.992461977602833
14429,-15.992461977602833
14430,-15.992461977602833
14431,-15.992461977602833
14432,-15.992461977602833
14433,-15.992461977602833
14434,-15.992461977602833
14435,-15.992461977602833
14436,-15.992461977602833
14437,-15.992461977602833
14438,-15.992461977602833
14439,-15.992461977602833
14440,-15.992461977602833
14441,-15.992461977602833
14442,-15.992461977602833
14443,-15.992461977602833
14444,-15.992461977602833
14445,-15.992461977602833
14446,-15.992461977602833
14447,-15.992461977602833
14448,-15.992461977602833
14449,-15.992461977602833
14450,-15.992461977602833
14451,-15.992461977602833
14452,-15.992461977602833
14453,-15.992461977602833
14454,-15.992461977602833
14455,-15.992461977602833
14456,-15.992461977602833
14457,-15.992461977602833
14458,-15.992461977602833
14459,-15.992461977602833
14460,-15.992461977602833
14461,-15.992461977602833
14462,-15.992461977602833
14463,-15.992461977602833
14464,-15.992461977602833
14465,-15.992461977602833
14466,-15.992461977602833
14467,-15.992461977602833
14468,-15.992461977602833
14469,-15.992461977602833
14470,-15.992461977602833
14471,-15.992461977602833
14472,-15.992461977602833
14473,-15.992461977602833
14474,-15.992461977602833
14475,-15.992461977602833
14476,-15.992461977602833
14477,-15.992461977602833
14478,-15.992461977602833
14479,-15.992461977602833
14480,-15.992461977602833
14481,-15.992461977602833
14482,-15.992461977602833
14483,-15.992461977602833
14484,-15.992461977602833
14485,-15.992461977602833
14486,-15.992461977602833
14487,-15.992461977602833
14488,-15.992461977602833
14489,-15.992461977602833
14490,-15.992461977602833
14491,-15.992461977602833
14492,-15.992461977602833
14493,-15.992461977602833
14494,-15.992461977602833
14495,-15.992461977602833
14496,-15.992461977602833
14497,-15.992461977602833
14498,-15.992461977602833
14499,-15.992461977602833
14500,-15.992461977602833
14501,-15.992461977602833
14502,-15.992461977602833
14503,-15.992461977602833
14504,-15.992461977602833
14505,-15.992461977602833
14506,-15.992461977602833
14507,-15.992461977602833
14508,-15.992461977602833
14509,-15.992461977602833
14510,-15.992461977602833
14511,-15.992461977602833
14512,-15.992461977602833
14513,-15.992461977602833
14514,-15.992461977602833
14515,-15.992461977602833
14516,-15.992461977602833
14517,-15.992461977602833
14518,-15.992461977602833
14519,-15.992461977602833
14520,-15.992461977602833
14521,-15.992461977602833
14522,-15.992461977602833
14523,-15.992461977602833
14524,-15.992461977602833
14525,-15.992461977602833
14526,-15.992461977602833
14527,-15.992461977602833
14528,-15.992461977602833
14529,-15.992461977602833
14530,-15.992461977602833
14531,-15.992461977602833
14532,-15.992461977602833
14533,-15.992461977602833
14534,-15.992461977602833
14535,-15.992461977602833
14536,-15.992461977602833
14537,-15.992461977602833
14538,-15.992461977602833
14539,-15.992461977602833
14540,-15.992461977602833
14541,-15.992461977602833
14542,-15.992461977602833
14543,-15.992461977602833
14544,-15.992461977602833
14545,-15.992461977602833
14546,-15.992461977602833
14547,-15.992461977602833
14548,-15.992461977602833
14549,-15.992461977602833
14550,-15.992461977602833
14551,-15.992461977602833
14552,-15.992461977602833
14553,-15.992461977602833
14554,-15.992461977602833
14555,-15.992461977602833
14556,-15.992461977602833
14557,-15.992461977602833
14558,-15.992461977602833
14559,-15.992461977602833
14560,-15.992461977602833
14561,-15.992461977602833
14562,-15.992461977602833
14563,-15.992461977602833
14564,-15.992461977602833
14565,-15.992461977602833
14566,-15.992461977602833
14567,-15.992461977602833
14568,-15.992461977602833
14569,-15.992461977602833
14570,-15.992461977602833
14571,-15.992461977602833
14572,-15.992461977602833
14573,-15.992461977602833
14574,-15.992461977602833
14575,-15.992461977602833
14576,-15.992461977602833
14577,-15.992461977602833
14578,-15.992461977602833
14579,-15.992461977602833
14580,-15.992461977602833
14581,-15.992461977602833
14582,-15.992461977602833
14583,-15.992461977602833
14584,-15.992461977602833
14585,-15.992461977602833
14586,-15.992461977602833
14587,-15.992461977602833
14588,-15.992461977602833
14589,-15.992461977602833
14590,-15.992461977602833
14591,-15.992461977602833
14592,-15.992461977602833
14593,-15.992461977602833
14594,-15.992461977602833
14595,-15.992461977602833
14596,-15.992461977602833
14597,-15.992461977602833
14598,-15.992461977602833
14599,-15.992461977602833
14600,-15.992461977602833
14601,-15.992461977602833
14602,-15.992461977602833
14603,-15.992461977602833
14604,-15.992461977602833
14605,-15.992461977602833
14606,-15.992461977602833
14607,-15.992461977602833
14608,-15.992461977602833
14609,-15.992461977602833
14610,-15.992461977602833
14611,-15.992461977602833
14612,-15.992461977602833
14613,-15.992461977602833
14614,-15.992461977602833
14615,-15.992461977602833
14616,-15.992461977602833
14617,-15.992461977602833
14618,-15.992461977602833
14619,-15.992461977602833
14620,-15.992461977602833
14621,-15.992461977602833
14622,-15.992461977602833
14623,-15.992461977602833
14624,-15.992461977602833
14625,-15.992461977602833
14626,-15.992461977602833
14627,-15.992461977602833
14628,-15.992461977602833
14629,-15.992461977602833
14630,-15.992461977602833
14631,-15.992461977602833
14632,-15.992461977602833
14633,-15.992461977602833
14634,-15.992461977602833
14635,-15.992461977602833
14636,-15.992461977602833
14637,-15.992461977602833
14638,-15.992461977602833
14639,-15.992461977602833
14640,-15.992461977602833
14641,-15.992461977602833
14642,-15.992461977602833
14643,-15.992461977602833
14644,-15.992461977602833
14645,-15.992461977602833
14646,-15.992461977602833
14647,-15.992461977602833
14648,-15.992461977602833
14649,-15.992461977602833
14650,-15.992461977602833
14651,-15.992461977602833
14652,-15.992461977602833
14653,-15.992461977602833
14654,-15.992461977602833
14655,-15.992461977602833
14656,-15.992461977602833
14657,-15.992461977602833
14658,-15.992461977602833
14659,-15.992461977602833
14660,-15.992461977602833
14661,-15.992461977602833
14662,-15.992461977602833
14663,-15.992461977602833
14664,-15.992461977602833
14665,-15.992461977602833
14666,-15.992461977602833
14667,-15.992461977602833
14668,-15.992461977602833
14669,-15.992461977602833
14670,-15.992461977602833
14671,-15.992461977602833
14672,-15.992461977602833
14673,-15.992461977602833
14674,-15.992461977602833
14675,-15.992461977602833
14676,-15.992461977602833
14677,-15.992461977602833
14678,-15.992461977602833
14679,-15.992461977602833
14680,-15.992461977602833
14681,-15.992461977602833
14682,-15.992461977602833
14683,-15.992461977602833
14684,-15.992461977602833
14685,-15.992461977602833
14686,-15.992461977602833
14687,-15.992461977602833
14688,-15.992461977602833
14689,-15.992461977602833
14690,-15.992461977602833
14691,-15.992461977602833
14692,-15.992461977602833
14693,-15.992461977602833
14694,-15.992461977602833
14695,-15.992461977602833
14696,-15.992461977602833
14697,-15.992461977602833
14698,-15.992461977602833
14699,-15.992461977602833
14700,-15.992461977602833
14701,-15.992461977602833
14702,-15.992461977602833
14703,-15.992461977602833
14704,-15.992461977602833
14705,-15.992461977602833
14706,-11.812982474000984
14707,-11.812982474000984
14708,-11.812982474000984
14709,-11.812982474000984
14710,-11.812982474000984
14711,-11.812982474000984
14712,-11.812982474000984
14713,-11.812982474000984
14714,-11.812982474000984
14715,-11.812982474000984
14716,-11.812982474000984
14717,-11.812982474000984
14718,-11.812982474000984
14719,-11.812982474000984
14720,-11.812982474000984
14721,-11.812982474000984
14722,-11.812982474000984
14723,-11.812982474000984
14724,-11.812982474000984
14725,-11.812982474000984
14726,-11.812982474000984
14727,-11.812982474000984
14728,-11.812982474000984
14729,-11.812982474000984
14730,-11.812982474000984
14731,-11.812982474000984
14732,-11.812982474000984
14733,-11.812982474000984
14734,-11.812982474000984
14735,-11.812982474000984
14736,-11.812982474000984
14737,-11.812982474000984
14738,-11.812982474000984
14739,-11.812982474000984
14740,-11.812982474000984
14741,-11.812982474000984
14742,-11.812982474000984
14743,-11.812982474000984
14744,-11.812982474000984
14745,-11.812982474000984
14746,-11.812982474000984
14747,-11.812982474000984
14748,-11.812982474000984
14749,-11.812982474000984
14750,-11.812982474000984
14751,-11.812982474000984
14752,-11.812982474000984
14753,-11.812982474000984
14754,-11.812982474000984
14755,-11.812982474000984
14756,-11.812982474000984
14757,-11.812982474000984
14758,-11.812982474000984
14759,-11.812982474000984
14760,-11.812982474000984
14761,-11.812982474000984
14762,-11.812982474000984
14763,-11.812982474000984
14764,-11.812982474000984
14765,-11.812982474000984
14766,-11.812982474000984
14767,-11.812982474000984
14768,-11.812982474000984
14769,-11.812982474000984
14770,-11.812982474000984
14771,-11.812982474000984
14772,-11.812982474000984
14773,-11.812982474000984
14774,-11.812982474000984
14775,-11.812982474000984
14776,-11.812982474000984
14777,-11.812982474000984
14778,-11.812982474000984
14779,-11.812982474000984
14780,-11.812982474000984
14781,-11.812982474000984
14782,-11.812982474000984
14783,-11.812982474000984
14784,-11.812982474000984
14785,-11.812982474000984
14786,-11.812982474000984
14787,-11.812982474000984
14788,-11.812982474000984
14789,-11.812982474000984
14790,-11.812982474000984
14791,-11.812982474000984
14792,-11.812982474000984
14793,-11.812982474000984
14794,-11.812982474000984
14795,-11.812982474000984
14796,-11.812982474000984
14797,-11.812982474000984
14798,-11.812982474000984
14799,-11.812982474000984
14800,-11.812982474000984
14801,-11.812982474000984
14802,-11.812982474000984
14803,-11.812982474000984
14804,-11.812982474000984
14805,-11.812982474000984
14806,-11.812982474000984
14807,-11.812982474000984
14808,-11.812982474000984
14809,-11.812982474000984
14810,-11.812982474000984
14811,-11.812982474000984
14812,-11.812982474000984
14813,-11.812982474000984
14814,-11.812982474000984
14815,-11.812982474000984
14816,-11.812982474000984
14817,-11.812982474000984
14818,-11.812982474000984
14819,-11.812982474000984
14820,-11.812982474000984
14821,-11.812982474000984
14822,-11.812982474000984
14823,-11.812982474000984
14824,-11.812982474000984
14825,-11.812982474000984
14826,-11.812982474000984
14827,-11.812982474000984
14828,-11.812982474000984
14829,-11.812982474000984
14830,-11.812982474000984
14831,-11.812982474000984
14832,-11.812982474000984
14833,-11.812982474000984
14834,-11.812982474000984
14835,-11.812982474000984
14836,-11.812982474000984
14837,-11.812982474000984
14838,-11.812982474000984
14839,-11.812982474000984
14840,-11.812982474000984
14841,-11.812982474000984
14842,-11.812982474000984
14843,-11.812982474000984
14844,-11.812982474000984
14845,-11.812982474000984
14846,-11.812982474000984
14847,-11.812982474000984
14848,-11.812982474000984
14849,-11.812982474000984
14850,-11.812982474000984
14851,-11.812982474000984
14852,-11.812982474000984
14853,-11.812982474000984
14854,-11.812982474000984
14855,-11.812982474000984
14856,-11.812982474000984
14857,-11.812982474000984
14858,-11.812982474000984
14859,-11.812982474000984
14860,-11.812982474000984
14861,-11.812982474000984
14862,-11.812982474000984
14863,-11.812982474000984
14864,-11.812982474000984
14865,-11.812982474000984
14866,-11.812982474000984
14867,-11.812982474000984
14868,-11.812982474000984
14869,-11.812982474000984
14870,-11.812982474000984
14871,-11.812982474000984
14872,-11.812982474000984
14873,-11.812982474000984
14874,-11.812982474000984
14875,-11.812982474000984
14876,-11.812982474000984
14877,-11.812982474000984
14878,-11.812982474000984
14879,-11.812982474000984
14880,-11.812982474000984
14881,-11.812982474000984
14882,-11.812982474000984
14883,-11.812982474000984
14884,-11.812982474000984
14885,-11.812982474000984
14886,-11.812982474000984
14887,-11.812982474000984
14888,-11.812982474000984
14889,-11.812982474000984
14890,-11.812982474000984
14891,-11.812982474000984
14892,-11.812982474000984
14893,-11.812982474000984
14894,-11.812982474000984
14895,-11.812982474000984
14896,-11.812982474000984
14897,-11.812982474000984
14898,-11.812982474000984
14899,-11.812982474000984
14900,-11.812982474000984
14901,-11.812982474000984
14902,-11.812982474000984
14903,-11.812982474000984
14904,-11.812982474000984
14905,-11.812982474000984
14906,-11.812982474000984
14907,-11.812982474000984
14908,-11.812982474000984
14909,-11.812982474000984
14910,-11.812982474000984
14911,-11.812982474000984
14912,-11.812982474000984
14913,-11.812982474000984
14914,-11.812982474000984
14915,-11.812982474000984
14916,-11.812982474000984
14917,-11.812982474000984
14918,-11.812982474000984
14919,-11.812982474000984
14920,-11.812982474000984
14921,-11.812982474000984
14922,-11.812982474000984
14923,-11.812982474000984
14924,-11.812982474000984
14925,-11.812982474000984
14926,-11.812982474000984
14927,-4.011287400610866
14928,-4.011287400610866
14929,-4.011287400610866
14930,-4.011287400610866
14931,-4.011287400610866
14932,-4.011287400610866
14933,-4.011287400610866
14934,-4.011287400610866
14935,-4.011287400610866
14936,-4.011287400610866
14937,-4.011287400610866
14938,-4.011287400610866
14939,-4.011287400610866
14940,-4.011287400610866
14941,-4.011287400610866
14942,-4.011287400610866
14943,-4.011287400610866
14944,-4.011287400610866
14945,-4.011287400610866
14946,-4.011287400610866
14947,-4.011287400610866
14948,-4.011287400610866
14949,-4.011287400610866
14950,-4.011287400610866
14951,-4.011287400610866
14952,-4.011287400610866
14953,-4.011287400610866
14954,-4.011287400610866
14955,-4.011287400610866
14956,-4.011287400610866
14957,-4.011287400610866
14958,-4.011287400610866
14959,-4.011287400610866
14960,-4.011287400610866
14961,-4.011287400610866
14962,-4.011287400610866
14963,-4.011287400610866
14964,-4.011287400610866
14965,-4.011287400610866
14966,-4.011287400610866
14967,-4.011287400610866
14968,-4.011287400610866
14969,-4.011287400610866
14970,-4.011287400610866
14971,-4.011287400610866
14972,-4.011287400610866
14973,-4.011287400610866
14974,-4.011287400610866
14975,-4.011287400610866
14976,-4.011287400610866
14977,-4.011287400610866
14978,-4.011287400610866
14979,-4.011287400610866
14980,-4.011287400610866
14981,-4.011287400610866
14982,-4.011287400610866
14983,-4.011287400610866
14984,-4.011287400610866
14985,-4.011287400610866
14986,-4.011287400610866
14987,-4.011287400610866
14988,-4.011287400610866
14989,-4.011287400610866
14990,-4.011287400610866
14991,-4.011287400610866
14992,-4.011287400610866
14993,-4.011287400610866
14994,-4.011287400610866
14995,-4.011287400610866
14996,-4.011287400610866
14997,-4.011287400610866
14998,-4.011287400610866
14999,-4.011287400610866
15000,-4.011287400610866
15001,-4.011287400610866
15002,-4.011287400610866
15003,-4.011287400610866
15004,-4.011287400610866
15005,-4.011287400610866
15006,-4.011287400610866
15007,-4.011287400610866
15008,-4.011287400610866
15009,-4.011287400610866
15010,-4.011287400610866
15011,-4.011287400610866
15012,-4.011287400610866
15013,-4.011287400610866
15014,-4.011287400610866
15015,-4.011287400610866
15016,-4.011287400610866
15017,-4.011287400610866
15018,-4.011287400610866
15019,-4.011287400610866
15020,-4.011287400610866
15021,-4.011287400610866
15022,-4.011287400610866
15023,-4.011287400610866
15024,-4.011287400610866
15025,-4.011287400610866
15026,-4.011287400610866
15027,-4.011287400610866
15028,-4.011287400610866
15029,-4.011287400610866
15030,-4.011287400610866
15031,-4.011287400610866
15032,-4.011287400610866
15033,-4.011287400610866
15034,-4.011287400610866
15035,-4.011287400610866
15036,-4.011287400610866
15037,-4.011287400610866
15038,-4.011287400610866
15039,-4.011287400610866
15040,-4.011287400610866
15041,-4.011287400610866
15042,-4.011287400610866
15043,-4.011287400610866
15044,-4.011287400610866
15045,-4.011287400610866
15046,-4.011287400610866
15047,-4.011287400610866
15048,-4.011287400610866
15049,-4.011287400610866
15050,-4.011287400610866
15051,-4.011287400610866
15052,-4.011287400610866
15053,-4.011287400610866
15054,-4.011287400610866
15055,-4.011287400610866
15056,-4.011287400610866
15057,-4.011287400610866
15058,-4.011287400610866
15059,-4.011287400610866
15060,-4.011287400610866
15061,-4.011287400610866
15062,-4.011287400610866
15063,-4.011287400610866
15064,-4.011287400610866
15065,-4.011287400610866
15066,-4.011287400610866
15067,-4.011287400610866
15068,-4.011287400610866
15069,-4.011287400610866
15070,-4.011287400610866
15071,-4.011287400610866
15072,-4.011287400610866
15073,-4.011287400610866
15074,-4.011287400610866
15075,-4.011287400610866
15076,-4.011287400610866
15077,-4.011287400610866
15078,-4.011287400610866
15079,-4.011287400610866
15080,-4.011287400610866
15081,-4.011287400610866
15082,-4.011287400610866
15083,-4.011287400610866
15084,-4.011287400610866
15085,-4.011287400610866
15086,-4.011287400610866
15087,-4.011287400610866
15088,-4.011287400610866
15089,-4.011287400610866
15090,-4.011287400610866
15091,-4.011287400610866
15092,-4.011287400610866
15093,-4.011287400610866
15094,-4.011287400610866
15095,-4.011287400610866
15096,-4.011287400610866
15097,-4.011287400610866
15098,-4.011287400610866
15099,-4.011287400610866
15100,-4.011287400610866
15101,-4.011287400610866
15102,-4.011287400610866
15103,-4.011287400610866
15104,-4.011287400610866
15105,-4.011287400610866
15106,-4.011287400610866
15107,-4.011287400610866
15108,-4.011287400610866
15109,-4.011287400610866
15110,-4.011287400610866
15111,-4.011287400610866
15112,-4.011287400610866
15113,-4.011287400610866
15114,-4.011287400610866
15115,-4.011287400610866
15116,-4.011287400610866
15117,-4.011287400610866
15118,-4.011287400610866
15119,-4.011287400610866
15120,-4.011287400610866
15121,-4.011287400610866
15122,-4.011287400610866
15123,-4.011287400610866
15124,-4.011287400610866
15125,-4.011287400610866
15126,-4.011287400610866
15127,-4.011287400610866
15128,-4.011287400610866
15129,-4.011287400610866
15130,-4.011287400610866
15131,-4.011287400610866
15132,-4.011287400610866
15133,-4.011287400610866
15134,-4.011287400610866
15135,-4.011287400610866
15136,-4.011287400610866
15137,-4.011287400610866
15138,-4.011287400610866
15139,-4.011287400610866
15140,-4.011287400610866
15141,-4.011287400610866
15142,-4.011287400610866
15143,-4.011287400610866
15144,-4.011287400610866
15145,-4.011287400610866
15146,-4.011287400610866
15147,-4.011287400610866
15148,-4.011287400610866
15149,-4.011287400610866
15150,-4.011287400610866
15151,-4.011287400610866
15152,-4.011287400610866
15153,-4.011287400610866
15154,-4.011287400610866
15155,-4.011287400610866
15156,-4.011287400610866
15157,-4.011287400610866
15158,-4.011287400610866
15159,-4.011287400610866
15160,-4.011287400610866
15161,-4.011287400610866
15162,-4.011287400610866
15163,-4.011287400610866
15164,-4.011287400610866
15165,-4.011287400610866
15166,-4.011287400610866
15167,-4.011287400610866
15168,-4.011287400610866
15169,-4.011287400610866
15170,-4.011287400610866
15171,-4.011287400610866
15172,-4.011287400610866
15173,-4.011287400610866
15174,-4.011287400610866
15175,-4.011287400610866
15176,-4.011287400610866
15177,-4.011287400610866
15178,-4.011287400610866
15179,-4.011287400610866
15180,-4.011287400610866
15181,-4.011287400610866
15182,-4.011287400610866
15183,-4.011287400610866
15184,-4.011287400610866
15185,-4.011287400610866
15186,-4.011287400610866
15187,-4.011287400610866
15188,-4.011287400610866
15189,-4.011287400610866
15190,-4.011287400610866
15191,-4.011287400610866
15192,-4.011287400610866
15193,-4.011287400610866
15194,-4.011287400610866
15195,-4.011287400610866
15196,-4.011287400610866
15197,-4.011287400610866
15198,-4.011287400610866
15199,-4.011287400610866
15200,-4.011287400610866
15201,-4.011287400610866
15202,-4.011287400610866
15203,-4.011287400610866
15204,-4.011287400610866
15205,-4.011287400610866
15206,-4.011287400610866
15207,-4.011287400610866
15208,-4.011287400610866
15209,-4.011287400610866
15210,-4.011287400610866
15211,-4.011287400610866
15212,-4.011287400610866
15213,-4.011287400610866
15214,-4.011287400610866
15215,-4.011287400610866
15216,-4.011287400610866
15217,-4.011287400610866
15218,-4.011287400610866
15219,-4.011287400610866
15220,-4.011287400610866
15221,-4.011287400610866
15222,-4.011287400610866
15223,-4.011287400610866
15224,-4.011287400610866
15225,-4.011287400610866
15226,-4.011287400610866
15227,-4.011287400610866
15228,-4.011287400610866
15229,-4.011287400610866
15230,-4.011287400610866
15231,-4.011287400610866
15232,-4.011287400610866
15233,-4.011287400610866
15234,-4.011287400610866
15235,-4.011287400610866
15236,-4.011287400610866
15237,-4.011287400610866
15238,-4.011287400610866
15239,-4.011287400610866
15240,-4.011287400610866
15241,-4.011287400610866
15242,-4.011287400610866
15243,-4.011287400610866
15244,-4.011287400610866
15245,-4.011287400610866
15246,-4.011287400610866
15247,-4.011287400610866
15248,-4.011287400610866
15249,-4.011287400610866
15250,-4.011287400610866
15251,-4.011287400610866
15252,-4.011287400610866
15253,-4.011287400610866
15254,-4.011287400610866
15255,-4.011287400610866
15256,-4.011287400610866
15257,-4.011287400610866
15258,-4.011287400610866
15259,-4.011287400610866
15260,-4.011287400610866
15261,-4.011287400610866
15262,-4.011287400610866
15263,-4.011287400610866
15264,-4.011287400610866
15265,-4.011287400610866
15266,-4.011287400610866
15267,-4.011287400610866
15268,-4.011287400610866
15269,-4.011287400610866
15270,-4.011287400610866
15271,-4.011287400610866
15272,-4.011287400610866
15273,-4.011287400610866
15274,-4.011287400610866
15275,-4.011287400610866
15276,-4.011287400610866
15277,-4.011287400610866
15278,-4.011287400610866
15279,-4.011287400610866
15280,-4.011287400610866
15281,-4.011287400610866
15282,-4.011287400610866
15283,-4.011287400610866
15284,-4.011287400610866
15285,-4.011287400610866
15286,-4.011287400610866
15287,-4.011287400610866
15288,-4.011287400610866
15289,-4.011287400610866
15290,-4.011287400610866
15291,-4.011287400610866
15292,-4.011287400610866
15293,-4.011287400610866
15294,-4.011287400610866
15295,-4.011287400610866
15296,-4.011287400610866
15297,-4.011287400610866
15298,-4.011287400610866
15299,-4.011287400610866
15300,-4.011287400610866
15301,-4.011287400610866
15302,-4.011287400610866
15303,-4.011287400610866
15304,-4.011287400610866
15305,-4.011287400610866
15306,-4.011287400610866
15307,-4.011287400610866
15308,-4.011287400610866
15309,-4.011287400610866
15310,-4.011287400610866
15311,-4.011287400610866
15312,-4.011287400610866
15313,-4.011287400610866
15314,-4.011287400610866
15315,-4.011287400610866
15316,-4.011287400610866
15317,-4.011287400610866
15318,-4.011287400610866
15319,-4.011287400610866
15320,-4.011287400610866
15321,-4.011287400610866
15322,-4.011287400610866
15323,-4.011287400610866
15324,-4.011287400610866
15325,-4.011287400610866
15326,-4.011287400610866
15327,-4.011287400610866
15328,-4.011287400610866
15329,-4.011287400610866
15330,-4.011287400610866
15331,-4.011287400610866
15332,-4.011287400610866
15333,-4.011287400610866
15334,-4.011287400610866
15335,-4.011287400610866
15336,-4.011287400610866
15337,-4.011287400610866
15338,-4.011287400610866
15339,-4.011287400610866
15340,-4.011287400610866
15341,-4.011287400610866
15342,-4.011287400610866
15343,-4.011287400610866
15344,-4.011287400610866
15345,-4.011287400610866
15346,-4.011287400610866
15347,-4.011287400610866
15348,-4.011287400610866
15349,-4.011287400610866
15350,-4.011287400610866
15351,-4.011287400610866
15352,-4.011287400610866
15353,-4.011287400610866
15354,-4.011287400610866
15355,-4.011287400610866
15356,-4.011287400610866
15357,-4.011287400610866
15358,-4.011287400610866
15359,-4.011287400610866
15360,-4.011287400610866
15361,-4.011287400610866
15362,-4.011287400610866
15363,-4.011287400610866
15364,-4.011287400610866
15365,-4.011287400610866
15366,-4.011287400610866
15367,-4.011287400610866
15368,-4.011287400610866
15369,-4.011287400610866
15370,-4.011287400610866
15371,-4.011287400610866
15372,-4.011287400610866
15373,-4.011287400610866
15374,-4.011287400610866
15375,-4.011287400610866
15376,-4.011287400610866
15377,-4.011287400610866
15378,-4.011287400610866
15379,-4.011287400610866
15380,-4.011287400610866
15381,-4.011287400610866
15382,-4.011287400610866
15383,-4.011287400610866
15384,-4.011287400610866
15385,-4.011287400610866
15386,-4.011287400610866
15387,-4.011287400610866
15388,-4.011287400610866
15389,-4.011287400610866
15390,-4.011287400610866
15391,-4.011287400610866
15392,-4.011287400610866
15393,-4.011287400610866
15394,-4.011287400610866
15395,-4.011287400610866
15396,-4.011287400610866
15397,-4.011287400610866
15398,-4.011287400610866
15399,-4.011287400610866
15400,-4.011287400610866
15401,-4.011287400610866
15402,-4.011287400610866
15403,-4.011287400610866
15404,-4.011287400610866
15405,-4.011287400610866
15406,-4.011287400610866
15407,-4.011287400610866
15408,-4.011287400610866
15409,-4.011287400610866
15410,-4.011287400610866
15411,-4.011287400610866
15412,-4.011287400610866
15413,-4.011287400610866
15414,-4.011287400610866
15415,-4.011287400610866
15416,-4.011287400610866
15417,-4.011287400610866
15418,-4.011287400610866
15419,-4.011287400610866
15420,-4.011287400610866
15421,-4.011287400610866
15422,-4.011287400610866
15423,-4.011287400610866
15424,-4.011287400610866
15425,-4.011287400610866
15426,-4.011287400610866
15427,-4.011287400610866
15428,-4.011287400610866
15429,-4.011287400610866
15430,-4.011287400610866
15431,-4.011287400610866
15432,-4.011287400610866
15433,-4.011287400610866
15434,-4.011287400610866
15435,-4.011287400610866
15436,-4.011287400610866
15437,-4.011287400610866
15438,-4.011287400610866
15439,-4.011287400610866
15440,-4.011287400610866
15441,-4.011287400610866
15442,-4.011287400610866
15443,-4.011287400610866
15444,-4.011287400610866
15445,-4.011287400610866
15446,-4.011287400610866
15447,-4.011287400610866
15448,-4.011287400610866
15449,-4.011287400610866
15450,-4.011287400610866
15451,-4.011287400610866
15452,-4.011287400610866
15453,-4.011287400610866
15454,-4.011287400610866
15455,-4.011287400610866
15456,-4.011287400610866
15457,-4.011287400610866
15458,-4.011287400610866
15459,-4.011287400610866
15460,-4.011287400610866
15461,-4.011287400610866
15462,-4.011287400610866
15463,-4.011287400610866
15464,-4.011287400610866
15465,-4.011287400610866
15466,-4.011287400610866
15467,-4.011287400610866
15468,-4.011287400610866
15469,-4.011287400610866
15470,-4.011287400610866
15471,-4.011287400610866
15472,-4.011287400610866
15473,-4.011287400610866
15474,-4.011287400610866
15475,-4.011287400610866
15476,-4.011287400610866
15477,-4.011287400610866
15478,-4.011287400610866
15479,-4.011287400610866
15480,-4.011287400610866
15481,-4.011287400610866
15482,-4.011287400610866
15483,-4.011287400610866
15484,-4.011287400610866
15485,-4.011287400610866
15486,-4.011287400610866
15487,-4.011287400610866
15488,-4.011287400610866
15489,-4.011287400610866
15490,-4.011287400610866
15491,-4.011287400610866
15492,-4.011287400610866
15493,-4.011287400610866
15494,-4.011287400610866
15495,-4.011287400610866
15496,-4.011287400610866
15497,-4.011287400610866
15498,-4.011287400610866
15499,-4.011287400610866
15500,-4.011287400610866
15501,-4.011287400610866
15502,-4.011287400610866
15503,-4.011287400610866
15504,-4.011287400610866
15505,-4.011287400610866
15506,-4.011287400610866
15507,-4.011287400610866
15508,-4.011287400610866
15509,-4.011287400610866
15510,-4.011287400610866
15511,-4.011287400610866
15512,-4.011287400610866
15513,-4.011287400610866
15514,-4.011287400610866
15515,-4.011287400610866
15516,-4.011287400610866
15517,-4.011287400610866
15518,-4.011287400610866
15519,-4.011287400610866
15520,-4.011287400610866
15521,-4.011287400610866
15522,-4.011287400610866
15523,-4.011287400610866
15524,-4.011287400610866
15525,-4.011287400610866
15526,-4.011287400610866
15527,-4.011287400610866
15528,-4.011287400610866
15529,-4.011287400610866
15530,-4.011287400610866
15531,-4.011287400610866
15532,-4.011287400610866
15533,-4.011287400610866
15534,-4.011287400610866
15535,-4.011287400610866
15536,-4.011287400610866
15537,-4.011287400610866
15538,-4.011287400610866
15539,-4.011287400610866
15540,-4.011287400610866
15541,-4.011287400610866
15542,-4.011287400610866
15543,-4.011287400610866
15544,-4.011287400610866
15545,-4.011287400610866
15546,-4.011287400610866
15547,-4.011287400610866
15548,-4.011287400610866
15549,-4.011287400610866
15550,-4.011287400610866
15551,-4.011287400610866
15552,-4.011287400610866
15553,-4.011287400610866
15554,-4.011287400610866
15555,-4.011287400610866
15556,-4.011287400610866
15557,-4.011287400610866
15558,-4.011287400610866
15559,-4.011287400610866
15560,-4.011287400610866
15561,-4.011287400610866
15562,-4.011287400610866
15563,-4.011287400610866
15564,-4.011287400610866
15565,-4.011287400610866
15566,-4.011287400610866
15567,-4.011287400610866
15568,-4.011287400610866
15569,-4.011287400610866
15570,-4.011287400610866
15571,-4.011287400610866
15572,-4.011287400610866
15573,-4.011287400610866
15574,-4.011287400610866
15575,-4.011287400610866
15576,-4.011287400610866
15577,-4.011287400610866
15578,-4.011287400610866
15579,-4.011287400610866
15580,-4.011287400610866
15581,-4.011287400610866
15582,-4.011287400610866
15583,-4.011287400610866
15584,-4.011287400610866
15585,-4.011287400610866
15586,-4.011287400610866
15587,-4.011287400610866
15588,-4.011287400610866
15589,-4.011287400610866
15590,-4.011287400610866
15591,-4.011287400610866
15592,-4.011287400610866
15593,-4.011287400610866
15594,-4.011287400610866
15595,-4.011287400610866
15596,-4.011287400610866
15597,-4.011287400610866
15598,-4.011287400610866
15599,-4.011287400610866
15600,-4.011287400610866
15601,-4.011287400610866
15602,-4.011287400610866
15603,-4.011287400610866
15604,-4.011287400610866
15605,-4.011287400610866
15606,-4.011287400610866
15607,-4.011287400610866
15608,-4.011287400610866
15609,-4.011287400610866
15610,-4.011287400610866
15611,-4.011287400610866
15612,-4.011287400610866
15613,-4.011287400610866
15614,-4.011287400610866
15615,-4.011287400610866
15616,-4.011287400610866
15617,-4.011287400610866
15618,-4.011287400610866
15619,-4.011287400610866
15620,-4.011287400610866
15621,-4.011287400610866
15622,-4.011287400610866
15623,-4.011287400610866
15624,-4.011287400610866
15625,-4.011287400610866
15626,-4.011287400610866
15627,-4.011287400610866
15628,-4.011287400610866
15629,-4.011287400610866
15630,-4.011287400610866
15631,-4.011287400610866
15632,-4.011287400610866
15633,-4.011287400610866
15634,-4.011287400610866
15635,-4.011287400610866
15636,-4.011287400610866
15637,-4.011287400610866
15638,-4.011287400610866
15639,-4.011287400610866
15640,-4.011287400610866
15641,-4.011287400610866
15642,-4.011287400610866
15643,-4.011287400610866
15644,-4.011287400610866
15645,-4.011287400610866
15646,-4.011287400610866
15647,-4.011287400610866
15648,-4.011287400610866
15649,-4.011287400610866
15650,-4.011287400610866
15651,-4.011287400610866
15652,-4.011287400610866
15653,-4.011287400610866
15654,-4.011287400610866
15655,-4.011287400610866
15656,-4.011287400610866
15657,-4.011287400610866
15658,-4.011287400610866
15659,-4.011287400610866
15660,-4.011287400610866
15661,-4.011287400610866
15662,-4.011287400610866
15663,-4.011287400610866
15664,-4.011287400610866
15665,-4.011287400610866
15666,-4.011287400610866
15667,-4.011287400610866
15668,-4.011287400610866
15669,-4.011287400610866
15670,-4.011287400610866
15671,-4.011287400610866
15672,-4.011287400610866
15673,-4.011287400610866
15674,-4.011287400610866
15675,-4.011287400610866
15676,-4.011287400610866
15677,-4.011287400610866
15678,-4.011287400610866
15679,-4.011287400610866
15680,-4.011287400610866
15681,-4.011287400610866
15682,-4.011287400610866
15683,-4.011287400610866
15684,-4.011287400610866
15685,-4.011287400610866
15686,-4.011287400610866
15687,-4.011287400610866
15688,-4.011287400610866
15689,-4.011287400610866
15690,-4.011287400610866
15691,-4.011287400610866
15692,-4.011287400610866
15693,-4.011287400610866
15694,-4.011287400610866
15695,-4.011287400610866
15696,-4.011287400610866
15697,-4.011287400610866
15698,-4.011287400610866
15699,-4.011287400610866
15700,-4.011287400610866
15701,-4.011287400610866
15702,-4.011287400610866
15703,-4.011287400610866
15704,-4.011287400610866
15705,-4.011287400610866
15706,-4.011287400610866
15707,-4.011287400610866
15708,-4.011287400610866
15709,-4.011287400610866
15710,-4.011287400610866
15711,-4.011287400610866
15712,-4.011287400610866
15713,-4.011287400610866
15714,-4.011287400610866
15715,-4.011287400610866
15716,-4.011287400610866
15717,-4.011287400610866
15718,-4.011287400610866
15719,-4.011287400610866
15720,-4.011287400610866
15721,-4.011287400610866
15722,-4.011287400610866
15723,-4.011287400610866
15724,-4.011287400610866
15725,-4.011287400610866
15726,-4.011287400610866
15727,-4.011287400610866
15728,-4.011287400610866
15729,-4.011287400610866
15730,-4.011287400610866
15731,-4.011287400610866
15732,-4.011287400610866
15733,-4.011287400610866
15734,-4.011287400610866
15735,-4.011287400610866
15736,-4.011287400610866
15737,-4.011287400610866
15738,-4.011287400610866
15739,-4.011287400610866
15740,-4.011287400610866
15741,-4.011287400610866
15742,-4.011287400610866
15743,-4.011287400610866
15744,-4.011287400610866
15745,-4.011287400610866
15746,-4.011287400610866
15747,-4.011287400610866
15748,-4.011287400610866
15749,-4.011287400610866
15750,-4.011287400610866
15751,-4.011287400610866
15752,-4.011287400610866
15753,-4.011287400610866
15754,-4.011287400610866
15755,-4.011287400610866
15756,-4.011287400610866
15757,-4.011287400610866
15758,-4.011287400610866
15759,-4.011287400610866
15760,-4.011287400610866
15761,-4.011287400610866
15762,-4.011287400610866
15763,-4.011287400610866
15764,-4.011287400610866
15765,-4.011287400610866
15766,-4.011287400610866
15767,-4.011287400610866
15768,-4.011287400610866
15769,-4.011287400610866
15770,-4.011287400610866
15771,-4.011287400610866
15772,-4.011287400610866
15773,-4.011287400610866
15774,-4.011287400610866
15775,-4.011287400610866
15776,-4.011287400610866
15777,-4.011287400610866
15778,-4.011287400610866
15779,-4.011287400610866
15780,-4.011287400610866
15781,-4.011287400610866
15782,-4.011287400610866
15783,-4.011287400610866
15784,-4.011287400610866
15785,-4.011287400610866
15786,-4.011287400610866
15787,-4.011287400610866
15788,-4.011287400610866
15789,-4.011287400610866
15790,-4.011287400610866
15791,-4.011287400610866
15792,-4.011287400610866
