frame,pupil_norm
1,-18.47901675739302
2,-18.47901675739302
3,-18.47901675739302
4,-18.47901675739302
5,-18.47901675739302
6,-18.47901675739302
7,-18.47901675739302
8,-18.47901675739302
9,-18.47901675739302
10,-18.47901675739302
11,-18.47901675739302
12,-18.47901675739302
13,-18.47901675739302
14,-18.47901675739302
15,-18.47901675739302
16,-18.47901675739302
17,-18.47901675739302
18,-18.47901675739302
19,-18.47901675739302
20,-18.47901675739302
21,-18.47901675739302
22,-18.47901675739302
23,-18.47901675739302
24,-18.47901675739302
25,-18.47901675739302
26,-18.47901675739302
27,-18.47901675739302
28,-18.47901675739302
29,-18.47901675739302
30,-18.47901675739302
31,-18.47901675739302
32,-18.47901675739302
33,-18.47901675739302
34,-18.47901675739302
35,-18.47901675739302
36,-18.47901675739302
37,-18.47901675739302
38,-18.47901675739302
39,-18.47901675739302
40,-18.47901675739302
41,-18.47901675739302
42,-18.47901675739302
43,-18.47901675739302
44,-18.47901675739302
45,-18.47901675739302
46,-18.47901675739302
47,-18.47901675739302
48,-18.47901675739302
49,-18.47901675739302
50,-18.47901675739302
51,-18.47901675739302
52,-18.47901675739302
53,-18.47901675739302
54,-18.47901675739302
55,-18.47901675739302
56,-18.47901675739302
57,-18.47901675739302
58,-18.47901675739302
59,-18.47901675739302
60,-18.47901675739302
61,-18.47901675739302
62,-18.47901675739302
63,-18.47901675739302
64,-18.47901675739302
65,-18.47901675739302
66,-18.47901675739302
67,-18.47901675739302
68,-18.47901675739302
69,-18.47901675739302
70,-18.47901675739302
71,-18.47901675739302
72,-18.47901675739302
73,-18.47901675739302
74,-18.47901675739302
75,-18.47901675739302
76,-18.47901675739302
77,-18.47901675739302
78,-18.47901675739302
79,-18.47901675739302
80,-18.47901675739302
81,-18.47901675739302
82,-18.47901675739302
83,-18.47901675739302
84,-18.47901675739302
85,-18.47901675739302
86,-18.47901675739302
87,-18.47901675739302
88,-18.47901675739302
89,-18.47901675739302
90,-18.47901675739302
91,-18.47901675739302
92,-18.47901675739302
93,-18.47901675739302
94,-18.47901675739302
95,-18.47901675739302
96,-18.47901675739302
97,-18.47901675739302
98,-18.47901675739302
99,-18.47901675739302
100,-18.47901675739302
101,-18.47901675739302
102,-18.47901675739302
103,-18.47901675739302
104,-18.47901675739302
105,-18.47901675739302
106,-18.47901675739302
107,-18.47901675739302
108,-18.47901675739302
109,-18.47901675739302
110,-18.47901675739302
111,-18.47901675739302
112,-18.47901675739302
113,-18.47901675739302
114,-18.47901675739302
115,-18.47901675739302
116,-18.47901675739302
117,-18.47901675739302
118,-18.47901675739302
119,-18.47901675739302
120,-18.47901675739302
121,-18.47901675739302
122,-18.47901675739302
123,-18.47901675739302
124,-18.47901675739302
125,-18.47901675739302
126,-18.47901675739302
127,-18.47901675739302
128,-18.47901675739302
129,-18.47901675739302
130,-18.47901675739302
131,-18.47901675739302
132,-18.47901675739302
133,-18.47901675739302
134,-18.47901675739302
135,-18.47901675739302
136,-18.47901675739302
137,-18.47901675739302
138,-18.47901675739302
139,-18.47901675739302
140,-18.47901675739302
141,-18.47901675739302
142,-18.47901675739302
143,-18.47901675739302
144,-18.47901675739302
145,-18.47901675739302
146,-18.47901675739302
147,-18.47901675739302
148,-18.47901675739302
149,-18.47901675739302
150,-18.47901675739302
151,-18.47901675739302
152,-18.47901675739302
153,-18.47901675739302
154,-18.47901675739302
155,-18.47901675739302
156,-18.47901675739302
157,-18.47901675739302
158,-18.47901675739302
159,-18.47901675739302
160,-18.47901675739302
161,-18.47901675739302
162,-18.47901675739302
163,-18.47901675739302
164,-18.47901675739302
165,-18.47901675739302
166,-18.47901675739302
167,-18.47901675739302
168,-18.47901675739302
169,-18.47901675739302
170,-18.47901675739302
171,-18.47901675739302
172,-18.47901675739302
173,-18.47901675739302
174,-18.47901675739302
175,-18.47901675739302
176,-18.47901675739302
177,-18.47901675739302
178,-18.47901675739302
179,-18.47901675739302
180,-18.47901675739302
181,-18.47901675739302
182,-18.47901675739302
183,-18.47901675739302
184,-18.47901675739302
185,-18.47901675739302
186,-18.47901675739302
187,-18.47901675739302
188,-18.47901675739302
189,-18.47901675739302
190,-18.47901675739302
191,-18.47901675739302
192,-18.47901675739302
193,-18.47901675739302
194,-18.47901675739302
195,-18.47901675739302
196,-18.47901675739302
197,-18.47901675739302
198,-18.47901675739302
199,-18.47901675739302
200,-18.47901675739302
201,-18.47901675739302
202,-18.47901675739302
203,-18.47901675739302
204,-18.47901675739302
205,-18.47901675739302
206,-18.47901675739302
207,-18.47901675739302
208,-18.47901675739302
209,-18.47901675739302
210,-18.47901675739302
211,-18.47901675739302
212,-18.47901675739302
213,-18.47901675739302
214,-18.47901675739302
215,-18.47901675739302
216,-18.47901675739302
217,-18.47901675739302
218,-18.47901675739302
219,-18.47901675739302
220,-18.47901675739302
221,-18.47901675739302
222,-18.47901675739302
223,-18.47901675739302
224,-18.47901675739302
225,-18.47901675739302
226,-18.47901675739302
227,-18.47901675739302
228,-18.47901675739302
229,-18.47901675739302
230,-18.47901675739302
231,-18.47901675739302
232,-18.47901675739302
233,-18.47901675739302
234,-18.47901675739302
235,-18.47901675739302
236,-18.47901675739302
237,-18.47901675739302
238,-18.47901675739302
239,-18.47901675739302
240,-18.47901675739302
241,-18.47901675739302
242,-18.47901675739302
243,-18.47901675739302
244,-18.47901675739302
245,-18.47901675739302
246,-18.47901675739302
247,-18.47901675739302
248,-18.47901675739302
249,-18.47901675739302
250,-18.47901675739302
251,-18.47901675739302
252,-18.47901675739302
253,-18.47901675739302
254,-18.47901675739302
255,-18.47901675739302
256,-18.47901675739302
257,-18.47901675739302
258,-18.47901675739302
259,-18.47901675739302
260,-18.47901675739302
261,-18.47901675739302
262,-18.47901675739302
263,-18.47901675739302
264,-18.47901675739302
265,-18.47901675739302
266,-18.47901675739302
267,-18.47901675739302
268,-18.47901675739302
269,-18.47901675739302
270,-18.47901675739302
271,-18.47901675739302
272,-18.47901675739302
273,-18.47901675739302
274,-18.47901675739302
275,-18.47901675739302
276,-18.47901675739302
277,-18.47901675739302
278,-18.47901675739302
279,-18.47901675739302
280,-18.47901675739302
281,-18.47901675739302
282,-18.47901675739302
283,-18.47901675739302
284,-18.47901675739302
285,-18.47901675739302
286,-18.47901675739302
287,-18.47901675739302
288,-18.47901675739302
289,-18.47901675739302
290,-18.47901675739302
291,-18.47901675739302
292,-18.47901675739302
293,-18.47901675739302
294,-18.47901675739302
295,-18.47901675739302
296,-18.47901675739302
297,-18.47901675739302
298,-18.47901675739302
299,-18.47901675739302
300,-18.47901675739302
301,-18.47901675739302
302,-18.47901675739302
303,-18.47901675739302
304,-18.47901675739302
305,-18.47901675739302
306,-18.47901675739302
307,-18.47901675739302
308,-18.47901675739302
309,-18.47901675739302
310,-18.47901675739302
311,-18.47901675739302
312,-18.47901675739302
313,-18.47901675739302
314,-18.47901675739302
315,-18.47901675739302
316,-18.47901675739302
317,-18.47901675739302
318,-18.47901675739302
319,-18.47901675739302
320,-18.47901675739302
321,-18.47901675739302
322,-18.47901675739302
323,-18.47901675739302
324,-18.47901675739302
325,-18.47901675739302
326,-18.47901675739302
327,-18.47901675739302
328,-18.47901675739302
329,-18.47901675739302
330,-18.47901675739302
331,-18.47901675739302
332,-18.47901675739302
333,-18.47901675739302
334,-18.47901675739302
335,-18.47901675739302
336,-18.47901675739302
337,-18.47901675739302
338,-18.47901675739302
339,-18.47901675739302
340,-18.47901675739302
341,-18.47901675739302
342,-18.47901675739302
343,-18.47901675739302
344,-18.47901675739302
345,-18.47901675739302
346,-18.47901675739302
347,-18.47901675739302
348,-18.47901675739302
349,-18.47901675739302
350,-18.47901675739302
351,-18.47901675739302
352,-18.47901675739302
353,-18.47901675739302
354,-18.47901675739302
355,-18.47901675739302
356,-18.47901675739302
357,-18.47901675739302
358,-18.47901675739302
359,-18.47901675739302
360,-18.47901675739302
361,-18.47901675739302
362,-18.47901675739302
363,-18.47901675739302
364,-18.47901675739302
365,-18.47901675739302
366,-18.47901675739302
367,-18.47901675739302
368,-18.47901675739302
369,-18.47901675739302
370,-18.47901675739302
371,-18.47901675739302
372,-18.47901675739302
373,-18.47901675739302
374,-18.47901675739302
375,-18.47901675739302
376,-18.47901675739302
377,-18.47901675739302
378,-18.47901675739302
379,-18.47901675739302
380,-18.47901675739302
381,-18.47901675739302
382,-18.47901675739302
383,-18.47901675739302
384,-18.47901675739302
385,-18.47901675739302
386,-18.47901675739302
387,-18.47901675739302
388,-18.47901675739302
389,-18.47901675739302
390,-18.47901675739302
391,-18.47901675739302
392,-18.47901675739302
393,-18.47901675739302
394,-18.47901675739302
395,-18.47901675739302
396,-18.47901675739302
397,-18.47901675739302
398,-18.47901675739302
399,-18.47901675739302
400,-18.47901675739302
401,-18.47901675739302
402,-18.47901675739302
403,-18.47901675739302
404,-18.47901675739302
405,-18.47901675739302
406,-18.47901675739302
407,-18.47901675739302
408,-18.47901675739302
409,-18.47901675739302
410,-18.47901675739302
411,-18.47901675739302
412,-18.47901675739302
413,-18.47901675739302
414,-18.47901675739302
415,-18.47901675739302
416,-18.47901675739302
417,-18.47901675739302
418,-18.47901675739302
419,-18.47901675739302
420,-18.47901675739302
421,-18.47901675739302
422,-18.47901675739302
423,-18.47901675739302
424,-18.47901675739302
425,-18.47901675739302
426,-18.47901675739302
427,-18.47901675739302
428,-18.47901675739302
429,-18.47901675739302
430,-18.47901675739302
431,-18.47901675739302
432,-18.47901675739302
433,-18.47901675739302
434,-18.47901675739302
435,-18.47901675739302
436,-18.47901675739302
437,-18.47901675739302
438,-18.47901675739302
439,-18.47901675739302
440,-18.47901675739302
441,-18.47901675739302
442,-18.47901675739302
443,-18.47901675739302
444,-18.47901675739302
445,-18.47901675739302
446,-18.47901675739302
447,-18.47901675739302
448,-18.47901675739302
449,-18.47901675739302
450,-18.47901675739302
451,-18.47901675739302
452,-18.47901675739302
453,-18.47901675739302
454,-18.47901675739302
455,-18.47901675739302
456,-18.47901675739302
457,-18.47901675739302
458,-18.47901675739302
459,-18.47901675739302
460,-18.47901675739302
461,-18.47901675739302
462,-18.47901675739302
463,-18.47901675739302
464,-18.47901675739302
465,-18.47901675739302
466,-18.47901675739302
467,-18.47901675739302
468,-18.47901675739302
469,-18.47901675739302
470,-18.47901675739302
471,-18.47901675739302
472,-18.47901675739302
473,-18.47901675739302
474,-18.47901675739302
475,-18.47901675739302
476,-18.47901675739302
477,-18.47901675739302
478,-18.47901675739302
479,-18.47901675739302
480,-18.47901675739302
481,-18.47901675739302
482,-18.47901675739302
483,-18.47901675739302
484,-18.47901675739302
485,-18.47901675739302
486,-18.47901675739302
487,-18.47901675739302
488,-18.47901675739302
489,-18.47901675739302
490,-18.47901675739302
491,-18.47901675739302
492,-18.47901675739302
493,-18.47901675739302
494,-18.47901675739302
495,-18.47901675739302
496,-18.47901675739302
497,-18.47901675739302
498,-18.47901675739302
499,-18.47901675739302
500,-18.47901675739302
501,-18.47901675739302
502,-18.47901675739302
503,-18.47901675739302
504,-18.47901675739302
505,-18.47901675739302
506,-18.47901675739302
507,-18.47901675739302
508,-18.47901675739302
509,-18.47901675739302
510,-18.47901675739302
511,-18.47901675739302
512,-18.47901675739302
513,-18.47901675739302
514,-18.47901675739302
515,-18.47901675739302
516,-18.47901675739302
517,-18.47901675739302
518,-18.47901675739302
519,-18.47901675739302
520,-18.47901675739302
521,-18.47901675739302
522,-18.47901675739302
523,-18.47901675739302
524,-18.47901675739302
525,-18.47901675739302
526,-18.47901675739302
527,-18.47901675739302
528,-18.47901675739302
529,-18.47901675739302
530,-18.47901675739302
531,-18.47901675739302
532,-18.47901675739302
533,-18.47901675739302
534,-18.47901675739302
535,-18.47901675739302
536,-18.47901675739302
537,-18.47901675739302
538,-18.47901675739302
539,-18.47901675739302
540,-18.47901675739302
541,-18.47901675739302
542,-18.47901675739302
543,-18.47901675739302
544,-18.47901675739302
545,-18.47901675739302
546,-18.47901675739302
547,-18.47901675739302
548,-18.47901675739302
549,-18.47901675739302
550,-18.47901675739302
551,-18.47901675739302
552,-18.47901675739302
553,-18.47901675739302
554,-18.47901675739302
555,-18.47901675739302
556,-18.47901675739302
557,-18.47901675739302
558,-18.47901675739302
559,-18.47901675739302
560,-18.47901675739302
561,-18.47901675739302
562,-18.47901675739302
563,-18.47901675739302
564,-18.47901675739302
565,-18.47901675739302
566,-18.47901675739302
567,-18.47901675739302
568,-18.47901675739302
569,-18.47901675739302
570,-18.47901675739302
571,-18.47901675739302
572,-18.47901675739302
573,-18.47901675739302
574,-18.47901675739302
575,-18.47901675739302
576,-18.47901675739302
577,-18.47901675739302
578,-18.47901675739302
579,-18.47901675739302
580,-18.47901675739302
581,-18.47901675739302
582,-18.47901675739302
583,-18.47901675739302
584,-18.47901675739302
585,-18.47901675739302
586,-18.47901675739302
587,-18.47901675739302
588,-18.47901675739302
589,-18.47901675739302
590,-18.47901675739302
591,-18.47901675739302
592,-18.47901675739302
593,-18.47901675739302
594,-18.47901675739302
595,-18.47901675739302
596,-18.47901675739302
597,-18.47901675739302
598,-18.47901675739302
599,-18.47901675739302
600,-18.47901675739302
601,-18.47901675739302
602,-18.47901675739302
603,-18.47901675739302
604,-18.47901675739302
605,-18.47901675739302
606,-18.47901675739302
607,-18.47901675739302
608,-18.47901675739302
609,-18.47901675739302
610,-18.47901675739302
611,-18.47901675739302
612,-18.47901675739302
613,-18.47901675739302
614,-18.47901675739302
615,-18.47901675739302
616,-18.47901675739302
617,-18.47901675739302
618,-18.47901675739302
619,-18.47901675739302
620,-18.47901675739302
621,-18.47901675739302
622,-18.47901675739302
623,-18.47901675739302
624,-18.47901675739302
625,-18.47901675739302
626,-18.47901675739302
627,-18.47901675739302
628,-18.47901675739302
629,-18.47901675739302
630,-18.47901675739302
631,-18.47901675739302
632,-18.47901675739302
633,-18.47901675739302
634,-18.47901675739302
635,-18.47901675739302
636,-18.47901675739302
637,-18.47901675739302
638,-18.47901675739302
639,-18.47901675739302
640,-18.47901675739302
641,-18.47901675739302
642,-18.47901675739302
643,-18.47901675739302
644,-18.47901675739302
645,-18.47901675739302
646,-18.47901675739302
647,-18.47901675739302
648,-18.47901675739302
649,-18.47901675739302
650,-18.47901675739302
651,-18.47901675739302
652,-18.47901675739302
653,-18.47901675739302
654,-18.47901675739302
655,-18.47901675739302
656,-18.47901675739302
657,-18.47901675739302
658,-18.47901675739302
659,-18.47901675739302
660,-18.47901675739302
661,-18.47901675739302
662,-18.47901675739302
663,-18.47901675739302
664,-18.47901675739302
665,-18.47901675739302
666,-18.47901675739302
667,-18.47901675739302
668,-18.47901675739302
669,-18.47901675739302
670,-18.47901675739302
671,-18.47901675739302
672,-18.47901675739302
673,-18.47901675739302
674,-18.47901675739302
675,-18.47901675739302
676,-18.47901675739302
677,-18.47901675739302
678,-18.47901675739302
679,-18.47901675739302
680,-18.47901675739302
681,-18.47901675739302
682,-18.47901675739302
683,-18.47901675739302
684,-18.47901675739302
685,-18.47901675739302
686,-18.47901675739302
687,-18.47901675739302
688,-18.47901675739302
689,-18.47901675739302
690,-18.47901675739302
691,-18.47901675739302
692,-18.47901675739302
693,-18.47901675739302
694,-18.47901675739302
695,-18.47901675739302
696,-18.47901675739302
697,-18.47901675739302
698,-18.47901675739302
699,-18.47901675739302
700,-18.47901675739302
701,-18.47901675739302
702,-18.47901675739302
703,-18.47901675739302
704,-18.47901675739302
705,-18.47901675739302
706,-18.47901675739302
707,-18.47901675739302
708,-18.47901675739302
709,-18.47901675739302
710,-18.47901675739302
711,-18.47901675739302
712,-18.47901675739302
713,-18.47901675739302
714,-18.47901675739302
715,-18.47901675739302
716,-18.47901675739302
717,-18.47901675739302
718,-18.47901675739302
719,-18.47901675739302
720,-18.47901675739302
721,-18.47901675739302
722,-18.47901675739302
723,-18.47901675739302
724,-18.47901675739302
725,-18.47901675739302
726,-18.47901675739302
727,-18.47901675739302
728,-18.47901675739302
729,-18.47901675739302
730,-18.47901675739302
731,-18.47901675739302
732,-18.47901675739302
733,-18.47901675739302
734,-18.47901675739302
735,-18.47901675739302
736,-18.47901675739302
737,-18.47901675739302
738,-18.47901675739302
739,-18.47901675739302
740,-18.47901675739302
741,-18.47901675739302
742,-18.47901675739302
743,-18.47901675739302
744,-18.47901675739302
745,-18.47901675739302
746,-18.47901675739302
747,-18.47901675739302
748,-18.47901675739302
749,-18.47901675739302
750,-18.47901675739302
751,-18.47901675739302
752,-18.47901675739302
753,-18.47901675739302
754,-18.47901675739302
755,-18.47901675739302
756,-18.47901675739302
757,-18.47901675739302
758,-18.47901675739302
759,-18.47901675739302
760,-18.47901675739302
761,-18.47901675739302
762,-18.47901675739302
763,-18.47901675739302
764,-18.47901675739302
765,-18.47901675739302
766,-18.47901675739302
767,-18.47901675739302
768,-18.47901675739302
769,-18.47901675739302
770,-18.47901675739302
771,-18.47901675739302
772,-18.47901675739302
773,-18.47901675739302
774,-18.47901675739302
775,-18.47901675739302
776,-18.47901675739302
777,-18.47901675739302
778,-18.47901675739302
779,-18.47901675739302
780,-18.47901675739302
781,-18.47901675739302
782,-18.47901675739302
783,-18.47901675739302
784,-18.47901675739302
785,-18.47901675739302
786,-18.47901675739302
787,-18.47901675739302
788,-18.47901675739302
789,-18.47901675739302
790,-18.47901675739302
791,-18.47901675739302
792,-18.47901675739302
793,-18.47901675739302
794,-18.47901675739302
795,-18.47901675739302
796,-18.47901675739302
797,-18.47901675739302
798,-18.47901675739302
799,-18.47901675739302
800,-18.47901675739302
801,-18.47901675739302
802,-18.47901675739302
803,-18.47901675739302
804,-18.47901675739302
805,-18.47901675739302
806,-18.47901675739302
807,-18.47901675739302
808,-18.47901675739302
809,-18.47901675739302
810,-18.47901675739302
811,-18.47901675739302
812,-18.47901675739302
813,-18.47901675739302
814,-18.47901675739302
815,-18.47901675739302
816,-18.47901675739302
817,-18.47901675739302
818,-18.47901675739302
819,-18.47901675739302
820,-18.47901675739302
821,-18.47901675739302
822,-18.47901675739302
823,-18.47901675739302
824,-18.47901675739302
825,-18.47901675739302
826,-18.47901675739302
827,-18.47901675739302
828,-18.47901675739302
829,-18.47901675739302
830,-18.47901675739302
831,-18.47901675739302
832,-18.47901675739302
833,-18.47901675739302
834,-18.47901675739302
835,-18.47901675739302
836,-18.47901675739302
837,-18.47901675739302
838,-18.47901675739302
839,-18.47901675739302
840,-18.47901675739302
841,-18.47901675739302
842,-18.47901675739302
843,-18.47901675739302
844,-18.47901675739302
845,-18.47901675739302
846,-18.47901675739302
847,-18.47901675739302
848,-18.47901675739302
849,-18.47901675739302
850,-18.47901675739302
851,-18.47901675739302
852,-18.47901675739302
853,-18.47901675739302
854,-18.47901675739302
855,-18.47901675739302
856,-18.47901675739302
857,-18.47901675739302
858,-18.47901675739302
859,-18.47901675739302
860,-18.47901675739302
861,-18.47901675739302
862,-18.47901675739302
863,-18.47901675739302
864,-18.47901675739302
865,-18.47901675739302
866,-18.47901675739302
867,-18.47901675739302
868,-18.47901675739302
869,-18.47901675739302
870,-18.47901675739302
871,-18.47901675739302
872,-18.47901675739302
873,-18.47901675739302
874,-18.47901675739302
875,-18.47901675739302
876,-18.47901675739302
877,-18.47901675739302
878,-18.47901675739302
879,-18.47901675739302
880,-18.47901675739302
881,-18.47901675739302
882,-18.47901675739302
883,-18.47901675739302
884,-18.47901675739302
885,-18.47901675739302
886,-18.47901675739302
887,-18.47901675739302
888,-18.47901675739302
889,-18.47901675739302
890,-18.47901675739302
891,-18.47901675739302
892,-18.47901675739302
893,-18.47901675739302
894,-18.47901675739302
895,-18.47901675739302
896,-18.47901675739302
897,-18.47901675739302
898,-18.47901675739302
899,-18.47901675739302
900,-18.47901675739302
901,-18.47901675739302
902,-18.47901675739302
903,-18.47901675739302
904,-18.47901675739302
905,-18.47901675739302
906,-18.47901675739302
907,-18.47901675739302
908,-18.47901675739302
909,-18.47901675739302
910,-18.47901675739302
911,-18.47901675739302
912,-18.47901675739302
913,-18.47901675739302
914,-18.47901675739302
915,-18.47901675739302
916,-18.47901675739302
917,-18.47901675739302
918,-18.47901675739302
919,-18.47901675739302
920,-18.47901675739302
921,-18.47901675739302
922,-18.47901675739302
923,-18.47901675739302
924,-18.47901675739302
925,-18.47901675739302
926,-18.47901675739302
927,-18.47901675739302
928,-18.47901675739302
929,-18.47901675739302
930,-18.47901675739302
931,-18.47901675739302
932,-18.47901675739302
933,-18.47901675739302
934,-18.47901675739302
935,-18.47901675739302
936,-18.47901675739302
937,-18.47901675739302
938,-18.47901675739302
939,-18.47901675739302
940,-18.47901675739302
941,-18.47901675739302
942,-18.47901675739302
943,-18.47901675739302
944,-18.47901675739302
945,-18.47901675739302
946,-18.47901675739302
947,-18.47901675739302
948,-18.47901675739302
949,-18.47901675739302
950,-18.47901675739302
951,-18.47901675739302
952,-18.47901675739302
953,-18.47901675739302
954,-18.47901675739302
955,-18.47901675739302
956,-18.47901675739302
957,-18.47901675739302
958,-18.47901675739302
959,-18.47901675739302
960,-18.47901675739302
961,-18.47901675739302
962,-18.47901675739302
963,-18.47901675739302
964,-18.47901675739302
965,-18.47901675739302
966,-18.47901675739302
967,-18.47901675739302
968,-4.156057627306496
969,-4.156057627306496
970,-4.156057627306496
971,-4.156057627306496
972,-4.156057627306496
973,-4.156057627306496
974,-4.156057627306496
975,-4.156057627306496
976,-4.156057627306496
977,-4.156057627306496
978,-4.156057627306496
979,-4.156057627306496
980,-4.156057627306496
981,-4.156057627306496
982,-4.156057627306496
983,-4.156057627306496
984,-4.156057627306496
985,-4.156057627306496
986,-4.156057627306496
987,-4.156057627306496
988,-4.156057627306496
989,-4.156057627306496
990,-4.156057627306496
991,-4.156057627306496
992,-4.156057627306496
993,-4.156057627306496
994,-4.156057627306496
995,-4.156057627306496
996,-4.156057627306496
997,-4.156057627306496
998,-4.156057627306496
999,-4.156057627306496
1000,-4.156057627306496
1001,-4.156057627306496
1002,-4.156057627306496
1003,-4.156057627306496
1004,-4.156057627306496
1005,-4.156057627306496
1006,-4.156057627306496
1007,-4.156057627306496
1008,-4.156057627306496
1009,-4.156057627306496
1010,-4.156057627306496
1011,-4.156057627306496
1012,-4.156057627306496
1013,-4.156057627306496
1014,-4.156057627306496
1015,-4.156057627306496
1016,-4.156057627306496
1017,-4.156057627306496
1018,-4.156057627306496
1019,-4.156057627306496
1020,-4.156057627306496
1021,-4.156057627306496
1022,-4.156057627306496
1023,-4.156057627306496
1024,-4.156057627306496
1025,-4.156057627306496
1026,-4.156057627306496
1027,-4.156057627306496
1028,-4.156057627306496
1029,-4.156057627306496
1030,-4.156057627306496
1031,-4.156057627306496
1032,-4.156057627306496
1033,-4.156057627306496
1034,-4.156057627306496
1035,-4.156057627306496
1036,-4.156057627306496
1037,-4.156057627306496
1038,-4.156057627306496
1039,-4.156057627306496
1040,-4.156057627306496
1041,-4.156057627306496
1042,-4.156057627306496
1043,-4.156057627306496
1044,-4.156057627306496
1045,-4.156057627306496
1046,-4.156057627306496
1047,-4.156057627306496
1048,-4.156057627306496
1049,-4.156057627306496
1050,-4.156057627306496
1051,-4.156057627306496
1052,-4.156057627306496
1053,-4.156057627306496
1054,-4.156057627306496
1055,-4.156057627306496
1056,-4.156057627306496
1057,-4.156057627306496
1058,-4.156057627306496
1059,-4.156057627306496
1060,-4.156057627306496
1061,-4.156057627306496
1062,-4.156057627306496
1063,-4.156057627306496
1064,-4.156057627306496
1065,-4.156057627306496
1066,-4.156057627306496
1067,-4.156057627306496
1068,-4.156057627306496
1069,-4.156057627306496
1070,-4.156057627306496
1071,-4.156057627306496
1072,-4.156057627306496
1073,-4.156057627306496
1074,-4.156057627306496
1075,-4.156057627306496
1076,-4.156057627306496
1077,-4.156057627306496
1078,-4.156057627306496
1079,-4.156057627306496
1080,-4.156057627306496
1081,-4.156057627306496
1082,-4.156057627306496
1083,-4.156057627306496
1084,-4.156057627306496
1085,-4.156057627306496
1086,-4.156057627306496
1087,-4.156057627306496
1088,-4.156057627306496
1089,-4.156057627306496
1090,-4.156057627306496
1091,-4.156057627306496
1092,-4.156057627306496
1093,-4.156057627306496
1094,-4.156057627306496
1095,-4.156057627306496
1096,-4.156057627306496
1097,-4.156057627306496
1098,-4.156057627306496
1099,-4.156057627306496
1100,-4.156057627306496
1101,-4.156057627306496
1102,-4.156057627306496
1103,-4.156057627306496
1104,-4.156057627306496
1105,-4.156057627306496
1106,-4.156057627306496
1107,-4.156057627306496
1108,-4.156057627306496
1109,-4.156057627306496
1110,-4.156057627306496
1111,-4.156057627306496
1112,-4.156057627306496
1113,-4.156057627306496
1114,-4.156057627306496
1115,-4.156057627306496
1116,-4.156057627306496
1117,-4.156057627306496
1118,-4.156057627306496
1119,-4.156057627306496
1120,-4.156057627306496
1121,-4.156057627306496
1122,-4.156057627306496
1123,-4.156057627306496
1124,-4.156057627306496
1125,-4.156057627306496
1126,-4.156057627306496
1127,-4.156057627306496
1128,-4.156057627306496
1129,-4.156057627306496
1130,-4.156057627306496
1131,-4.156057627306496
1132,-4.156057627306496
1133,-4.156057627306496
1134,-4.156057627306496
1135,-4.156057627306496
1136,-4.156057627306496
1137,-4.156057627306496
1138,-4.156057627306496
1139,-4.156057627306496
1140,-4.156057627306496
1141,-4.156057627306496
1142,-4.156057627306496
1143,-4.156057627306496
1144,-4.156057627306496
1145,-4.156057627306496
1146,-4.156057627306496
1147,-4.156057627306496
1148,-4.156057627306496
1149,-4.156057627306496
1150,-4.156057627306496
1151,-4.156057627306496
1152,-4.156057627306496
1153,-4.156057627306496
1154,-4.156057627306496
1155,-4.156057627306496
1156,-4.156057627306496
1157,-4.156057627306496
1158,-4.156057627306496
1159,-4.156057627306496
1160,-4.156057627306496
1161,-4.156057627306496
1162,-4.156057627306496
1163,-4.156057627306496
1164,-4.156057627306496
1165,-4.156057627306496
1166,-4.156057627306496
1167,-4.156057627306496
1168,-4.156057627306496
1169,-4.156057627306496
1170,-4.156057627306496
1171,-4.156057627306496
1172,-4.156057627306496
1173,-4.156057627306496
1174,-4.156057627306496
1175,-4.156057627306496
1176,-4.156057627306496
1177,-4.156057627306496
1178,-4.156057627306496
1179,-4.156057627306496
1180,-4.156057627306496
1181,-4.156057627306496
1182,-4.156057627306496
1183,-4.156057627306496
1184,-4.156057627306496
1185,-4.156057627306496
1186,-4.156057627306496
1187,-4.156057627306496
1188,-4.156057627306496
1189,-4.156057627306496
1190,-4.156057627306496
1191,-4.156057627306496
1192,-4.156057627306496
1193,-4.156057627306496
1194,-4.156057627306496
1195,-4.156057627306496
1196,-4.156057627306496
1197,-4.156057627306496
1198,-4.156057627306496
1199,-4.156057627306496
1200,-4.156057627306496
1201,-4.156057627306496
1202,-4.156057627306496
1203,-4.156057627306496
1204,-4.156057627306496
1205,-4.156057627306496
1206,-4.156057627306496
1207,-4.156057627306496
1208,-4.156057627306496
1209,-4.156057627306496
1210,-4.156057627306496
1211,-4.156057627306496
1212,-4.156057627306496
1213,-4.156057627306496
1214,-4.156057627306496
1215,-4.156057627306496
1216,-4.156057627306496
1217,-4.156057627306496
1218,-4.156057627306496
1219,-4.156057627306496
1220,-4.156057627306496
1221,-4.156057627306496
1222,-4.156057627306496
1223,-4.156057627306496
1224,-4.156057627306496
1225,-4.156057627306496
1226,-4.156057627306496
1227,-4.156057627306496
1228,-4.156057627306496
1229,-4.156057627306496
1230,-4.156057627306496
1231,-4.156057627306496
1232,-4.156057627306496
1233,-4.156057627306496
1234,-4.156057627306496
1235,-4.156057627306496
1236,-4.156057627306496
1237,-4.156057627306496
1238,-4.156057627306496
1239,-4.156057627306496
1240,-4.156057627306496
1241,-4.156057627306496
1242,-4.156057627306496
1243,-4.156057627306496
1244,-4.156057627306496
1245,-4.156057627306496
1246,-4.156057627306496
1247,-4.156057627306496
1248,-4.156057627306496
1249,-4.156057627306496
1250,-4.156057627306496
1251,-4.156057627306496
1252,-4.156057627306496
1253,-4.156057627306496
1254,-4.156057627306496
1255,-4.156057627306496
1256,304.26078919147284
1257,304.26078919147284
1258,304.26078919147284
1259,304.26078919147284
1260,304.26078919147284
1261,304.26078919147284
1262,304.26078919147284
1263,304.26078919147284
1264,304.26078919147284
1265,304.26078919147284
1266,304.26078919147284
1267,304.26078919147284
1268,304.26078919147284
1269,304.26078919147284
1270,304.26078919147284
1271,304.26078919147284
1272,304.26078919147284
1273,304.26078919147284
1274,304.26078919147284
1275,304.26078919147284
1276,304.26078919147284
1277,304.19769245521695
1278,304.19769245521695
1279,304.19769245521695
1280,304.19769245521695
1281,304.19769245521695
1282,304.19769245521695
1283,304.19769245521695
1284,304.19769245521695
1285,304.19769245521695
1286,304.19769245521695
1287,304.19769245521695
1288,304.19769245521695
1289,304.19769245521695
1290,304.19769245521695
1291,304.19769245521695
1292,304.19769245521695
1293,304.19769245521695
1294,304.19769245521695
1295,304.19769245521695
1296,304.19769245521695
1297,304.19769245521695
1298,304.19769245521695
1299,304.19769245521695
1300,304.19769245521695
1301,304.19769245521695
1302,304.19769245521695
1303,304.19769245521695
1304,304.19769245521695
1305,304.19769245521695
1306,304.19769245521695
1307,304.19769245521695
1308,304.19769245521695
1309,304.19769245521695
1310,304.19769245521695
1311,304.19769245521695
1312,304.19769245521695
1313,304.19769245521695
1314,304.19769245521695
1315,304.19769245521695
1316,304.19769245521695
1317,304.19769245521695
1318,304.19769245521695
1319,304.19769245521695
1320,304.19769245521695
1321,304.19769245521695
1322,304.19769245521695
1323,304.19769245521695
1324,304.19769245521695
1325,304.19769245521695
1326,304.19769245521695
1327,304.19769245521695
1328,304.19769245521695
1329,304.19769245521695
1330,304.19769245521695
1331,304.19769245521695
1332,304.19769245521695
1333,304.19769245521695
1334,304.19769245521695
1335,304.19769245521695
1336,304.19769245521695
1337,304.19769245521695
1338,304.19769245521695
1339,304.19769245521695
1340,304.19769245521695
1341,-29.520945602173377
1342,-29.520945602173377
1343,-29.520945602173377
1344,-29.520945602173377
1345,-29.520945602173377
1346,-29.520945602173377
1347,-29.520945602173377
1348,-29.520945602173377
1349,-29.520945602173377
1350,-29.520945602173377
1351,-29.520945602173377
1352,-29.520945602173377
1353,-29.520945602173377
1354,-29.520945602173377
1355,-29.520945602173377
1356,-29.520945602173377
1357,-29.520945602173377
1358,-29.520945602173377
1359,-29.520945602173377
1360,-29.520945602173377
1361,-29.520945602173377
1362,-29.520945602173377
1363,-29.520945602173377
1364,-29.520945602173377
1365,-29.520945602173377
1366,-29.520945602173377
1367,-29.520945602173377
1368,-29.520945602173377
1369,-29.520945602173377
1370,-29.520945602173377
1371,-29.520945602173377
1372,-29.520945602173377
1373,-29.520945602173377
1374,-29.520945602173377
1375,-29.520945602173377
1376,-29.520945602173377
1377,-29.520945602173377
1378,-29.520945602173377
1379,-29.520945602173377
1380,-29.520945602173377
1381,-29.520945602173377
1382,-29.520945602173377
1383,-29.520945602173377
1384,-29.520945602173377
1385,-29.520945602173377
1386,-29.520945602173377
1387,-29.520945602173377
1388,-29.520945602173377
1389,-29.520945602173377
1390,-29.520945602173377
1391,-29.520945602173377
1392,-29.520945602173377
1393,-29.520945602173377
1394,-29.520945602173377
1395,-29.520945602173377
1396,-29.520945602173377
1397,-29.520945602173377
1398,-29.520945602173377
1399,-29.520945602173377
1400,-29.520945602173377
1401,-29.520945602173377
1402,-29.520945602173377
1403,-29.520945602173377
1404,-29.520945602173377
1405,-29.520945602173377
1406,-29.520945602173377
1407,-29.520945602173377
1408,-29.520945602173377
1409,-29.520945602173377
1410,-29.520945602173377
1411,-29.520945602173377
1412,-29.520945602173377
1413,-29.520945602173377
1414,-29.520945602173377
1415,-29.520945602173377
1416,-29.520945602173377
1417,-29.520945602173377
1418,-29.520945602173377
1419,-29.520945602173377
1420,-29.520945602173377
1421,-29.520945602173377
1422,-29.520945602173377
1423,-29.520945602173377
1424,-29.520945602173377
1425,-29.520945602173377
1426,-29.520945602173377
1427,-29.520945602173377
1428,-29.520945602173377
1429,-29.520945602173377
1430,-29.520945602173377
1431,-29.520945602173377
1432,-29.520945602173377
1433,-29.520945602173377
1434,-29.520945602173377
1435,-29.520945602173377
1436,-29.520945602173377
1437,-29.520945602173377
1438,-29.520945602173377
1439,-29.520945602173377
1440,-29.520945602173377
1441,-29.520945602173377
1442,-29.520945602173377
1443,-29.520945602173377
1444,-29.520945602173377
1445,-29.520945602173377
1446,-29.520945602173377
1447,-29.520945602173377
1448,-29.520945602173377
1449,-29.520945602173377
1450,-29.520945602173377
1451,-29.520945602173377
1452,-29.520945602173377
1453,-29.520945602173377
1454,-29.520945602173377
1455,-29.520945602173377
1456,-29.520945602173377
1457,-29.520945602173377
1458,-29.520945602173377
1459,-29.520945602173377
1460,-29.520945602173377
1461,-29.520945602173377
1462,-29.520945602173377
1463,-29.520945602173377
1464,-29.520945602173377
1465,-29.520945602173377
1466,-29.520945602173377
1467,-29.520945602173377
1468,-29.520945602173377
1469,-29.520945602173377
1470,-29.520945602173377
1471,-29.520945602173377
1472,-29.520945602173377
1473,-29.520945602173377
1474,-29.520945602173377
1475,-29.520945602173377
1476,-29.520945602173377
1477,-29.520945602173377
1478,-29.520945602173377
1479,-29.520945602173377
1480,-29.520945602173377
1481,-29.520945602173377
1482,-29.520945602173377
1483,-29.520945602173377
1484,-29.520945602173377
1485,-29.520945602173377
1486,-29.520945602173377
1487,-29.520945602173377
1488,-29.520945602173377
1489,-29.520945602173377
1490,-29.520945602173377
1491,-29.520945602173377
1492,-29.520945602173377
1493,-29.520945602173377
1494,-29.520945602173377
1495,-29.520945602173377
1496,-29.520945602173377
1497,-29.520945602173377
1498,-29.520945602173377
1499,-29.520945602173377
1500,-29.520945602173377
1501,-29.520945602173377
1502,-29.520945602173377
1503,-29.520945602173377
1504,-29.520945602173377
1505,-29.520945602173377
1506,-29.520945602173377
1507,-29.520945602173377
1508,-29.520945602173377
1509,-29.520945602173377
1510,-29.520945602173377
1511,-29.520945602173377
1512,-29.520945602173377
1513,-29.520945602173377
1514,-29.520945602173377
1515,-29.520945602173377
1516,-29.520945602173377
1517,-29.520945602173377
1518,-29.520945602173377
1519,-29.520945602173377
1520,-29.520945602173377
1521,-29.520945602173377
1522,-29.520945602173377
1523,-29.520945602173377
1524,-29.520945602173377
1525,-29.520945602173377
1526,-29.520945602173377
1527,-29.520945602173377
1528,-29.520945602173377
1529,-29.520945602173377
1530,-29.520945602173377
1531,-29.520945602173377
1532,-29.520945602173377
1533,-29.520945602173377
1534,-29.520945602173377
1535,-29.520945602173377
1536,-29.520945602173377
1537,-29.520945602173377
1538,-29.520945602173377
1539,-29.520945602173377
1540,-29.520945602173377
1541,-29.520945602173377
1542,-29.520945602173377
1543,-29.520945602173377
1544,-29.520945602173377
1545,-29.520945602173377
1546,-29.520945602173377
1547,-29.520945602173377
1548,-29.520945602173377
1549,-29.520945602173377
1550,-29.520945602173377
1551,-29.520945602173377
1552,-29.520945602173377
1553,-29.520945602173377
1554,-29.520945602173377
1555,-29.520945602173377
1556,-29.520945602173377
1557,-29.520945602173377
1558,-29.520945602173377
1559,-29.520945602173377
1560,-29.520945602173377
1561,-29.520945602173377
1562,-29.520945602173377
1563,-29.520945602173377
1564,-29.520945602173377
1565,-29.520945602173377
1566,-29.520945602173377
1567,-29.520945602173377
1568,-29.520945602173377
1569,-29.520945602173377
1570,-29.520945602173377
1571,-29.520945602173377
1572,-29.520945602173377
1573,-29.520945602173377
1574,-29.520945602173377
1575,-29.520945602173377
1576,-29.520945602173377
1577,-29.520945602173377
1578,-29.520945602173377
1579,-29.520945602173377
1580,-29.520945602173377
1581,-29.520945602173377
1582,-29.520945602173377
1583,-29.520945602173377
1584,-29.520945602173377
1585,-29.520945602173377
1586,-29.520945602173377
1587,-29.520945602173377
1588,-29.520945602173377
1589,-29.520945602173377
1590,-29.520945602173377
1591,-29.520945602173377
1592,-29.520945602173377
1593,-29.520945602173377
1594,-29.520945602173377
1595,-29.520945602173377
1596,-29.520945602173377
1597,-29.520945602173377
1598,-29.520945602173377
1599,-29.520945602173377
1600,-29.520945602173377
1601,-29.520945602173377
1602,-29.520945602173377
1603,-29.520945602173377
1604,-29.520945602173377
1605,-29.520945602173377
1606,-29.520945602173377
1607,-29.520945602173377
1608,-29.520945602173377
1609,-29.520945602173377
1610,-29.520945602173377
1611,-29.520945602173377
1612,-29.520945602173377
1613,-29.520945602173377
1614,-29.520945602173377
1615,-29.520945602173377
1616,-29.520945602173377
1617,-29.520945602173377
1618,-29.520945602173377
1619,-29.520945602173377
1620,-29.520945602173377
1621,-29.520945602173377
1622,-29.520945602173377
1623,-29.520945602173377
1624,-29.520945602173377
1625,-29.520945602173377
1626,-29.520945602173377
1627,-29.520945602173377
1628,-29.520945602173377
1629,-29.520945602173377
1630,-29.520945602173377
1631,-29.520945602173377
1632,-29.520945602173377
1633,-29.520945602173377
1634,-29.520945602173377
1635,-29.520945602173377
1636,-29.520945602173377
1637,-29.520945602173377
1638,-29.520945602173377
1639,-29.520945602173377
1640,-29.520945602173377
1641,-29.520945602173377
1642,-29.520945602173377
1643,-29.520945602173377
1644,-29.520945602173377
1645,-29.520945602173377
1646,-29.520945602173377
1647,-29.520945602173377
1648,-29.520945602173377
1649,-29.520945602173377
1650,-29.520945602173377
1651,-29.520945602173377
1652,-29.520945602173377
1653,-29.520945602173377
1654,-29.520945602173377
1655,-29.520945602173377
1656,-29.520945602173377
1657,-29.520945602173377
1658,-29.520945602173377
1659,-29.520945602173377
1660,-29.520945602173377
1661,-29.520945602173377
1662,-29.520945602173377
1663,-29.520945602173377
1664,-29.520945602173377
1665,-29.520945602173377
1666,-29.520945602173377
1667,-29.520945602173377
1668,-29.520945602173377
1669,-29.520945602173377
1670,-29.520945602173377
1671,-29.520945602173377
1672,-29.520945602173377
1673,-29.520945602173377
1674,-29.520945602173377
1675,-29.520945602173377
1676,-29.520945602173377
1677,-29.520945602173377
1678,-29.520945602173377
1679,-29.520945602173377
1680,-29.520945602173377
1681,-29.520945602173377
1682,-29.520945602173377
1683,-29.520945602173377
1684,-29.520945602173377
1685,-29.520945602173377
1686,-29.520945602173377
1687,-29.520945602173377
1688,-29.520945602173377
1689,-29.520945602173377
1690,-29.520945602173377
1691,-29.520945602173377
1692,-29.520945602173377
1693,-29.520945602173377
1694,-29.520945602173377
1695,-29.520945602173377
1696,-29.520945602173377
1697,-29.520945602173377
1698,-29.520945602173377
1699,-29.520945602173377
1700,-29.520945602173377
1701,-29.520945602173377
1702,-29.520945602173377
1703,-29.520945602173377
1704,-29.520945602173377
1705,-29.520945602173377
1706,-29.520945602173377
1707,-29.520945602173377
1708,-29.520945602173377
1709,-29.520945602173377
1710,-29.520945602173377
1711,-29.520945602173377
1712,-29.520945602173377
1713,-29.520945602173377
1714,-29.520945602173377
1715,-29.520945602173377
1716,-29.520945602173377
1717,-29.520945602173377
1718,-29.520945602173377
1719,-29.520945602173377
1720,-29.520945602173377
1721,-29.520945602173377
1722,-29.520945602173377
1723,-29.520945602173377
1724,-29.520945602173377
1725,-29.520945602173377
1726,-29.520945602173377
1727,-29.520945602173377
1728,-29.520945602173377
1729,-29.520945602173377
1730,-29.520945602173377
1731,-29.520945602173377
1732,-29.520945602173377
1733,-29.520945602173377
1734,-29.520945602173377
1735,-29.520945602173377
1736,-29.520945602173377
1737,-29.520945602173377
1738,-29.520945602173377
1739,-29.520945602173377
1740,-29.520945602173377
1741,-29.520945602173377
1742,-29.520945602173377
1743,-29.520945602173377
1744,-29.520945602173377
1745,-29.520945602173377
1746,-29.520945602173377
1747,-29.520945602173377
1748,-29.520945602173377
1749,-29.520945602173377
1750,-29.520945602173377
1751,-29.520945602173377
1752,-29.520945602173377
1753,-29.520945602173377
1754,-29.520945602173377
1755,-29.520945602173377
1756,-29.520945602173377
1757,-29.520945602173377
1758,-29.520945602173377
1759,-29.520945602173377
1760,-29.520945602173377
1761,-29.520945602173377
1762,-29.520945602173377
1763,-29.520945602173377
1764,-29.520945602173377
1765,-29.520945602173377
1766,-29.520945602173377
1767,-29.520945602173377
1768,-29.520945602173377
1769,-29.520945602173377
1770,-29.520945602173377
1771,-29.520945602173377
1772,-29.520945602173377
1773,-29.520945602173377
1774,-29.520945602173377
1775,-29.520945602173377
1776,-29.520945602173377
1777,-29.520945602173377
1778,-29.520945602173377
1779,-29.520945602173377
1780,-29.520945602173377
1781,-29.520945602173377
1782,-29.520945602173377
1783,-29.520945602173377
1784,-29.520945602173377
1785,-29.520945602173377
1786,-29.520945602173377
1787,-29.520945602173377
1788,-29.520945602173377
1789,-29.520945602173377
1790,-29.520945602173377
1791,-29.520945602173377
1792,-29.520945602173377
1793,-29.520945602173377
1794,-29.520945602173377
1795,-29.520945602173377
1796,-29.520945602173377
1797,-29.520945602173377
1798,-29.520945602173377
1799,-29.520945602173377
1800,-29.520945602173377
1801,-29.520945602173377
1802,-29.520945602173377
1803,-29.520945602173377
1804,-29.520945602173377
1805,-29.520945602173377
1806,-29.520945602173377
1807,-29.520945602173377
1808,-29.520945602173377
1809,-29.520945602173377
1810,-29.520945602173377
1811,-29.520945602173377
1812,-29.520945602173377
1813,-29.520945602173377
1814,-29.520945602173377
1815,-29.520945602173377
1816,-29.520945602173377
1817,-29.520945602173377
1818,-29.520945602173377
1819,-29.520945602173377
1820,-29.520945602173377
1821,-29.520945602173377
1822,-29.520945602173377
1823,-29.520945602173377
1824,-29.520945602173377
1825,-29.520945602173377
1826,-29.520945602173377
1827,-29.520945602173377
1828,-29.520945602173377
1829,-29.520945602173377
1830,-29.520945602173377
1831,-29.520945602173377
1832,-29.520945602173377
1833,-29.520945602173377
1834,-29.520945602173377
1835,-29.520945602173377
1836,-29.520945602173377
1837,-29.520945602173377
1838,-29.520945602173377
1839,-29.520945602173377
1840,-29.520945602173377
1841,-29.520945602173377
1842,-29.520945602173377
1843,-29.520945602173377
1844,-29.520945602173377
1845,-29.520945602173377
1846,-29.520945602173377
1847,-29.520945602173377
1848,-29.520945602173377
1849,-29.520945602173377
1850,-29.520945602173377
1851,-29.520945602173377
1852,-29.520945602173377
1853,-29.520945602173377
1854,-29.520945602173377
1855,-29.520945602173377
1856,-29.520945602173377
1857,-29.520945602173377
1858,-29.520945602173377
1859,-29.520945602173377
1860,-29.520945602173377
1861,-29.520945602173377
1862,-29.520945602173377
1863,-29.520945602173377
1864,-29.520945602173377
1865,-29.520945602173377
1866,-29.520945602173377
1867,-29.520945602173377
1868,-29.520945602173377
1869,-29.520945602173377
1870,-29.520945602173377
1871,-29.520945602173377
1872,-29.520945602173377
1873,-29.520945602173377
1874,-29.520945602173377
1875,-29.520945602173377
1876,-29.520945602173377
1877,-29.520945602173377
1878,-29.520945602173377
1879,-29.520945602173377
1880,-29.520945602173377
1881,-29.520945602173377
1882,-29.520945602173377
1883,-29.520945602173377
1884,-29.520945602173377
1885,-29.520945602173377
1886,-29.520945602173377
1887,-29.520945602173377
1888,-29.520945602173377
1889,-29.520945602173377
1890,-29.520945602173377
1891,-29.520945602173377
1892,-29.520945602173377
1893,-29.520945602173377
1894,-29.520945602173377
1895,-29.520945602173377
1896,-29.520945602173377
1897,-29.520945602173377
1898,-29.520945602173377
1899,-29.520945602173377
1900,-29.520945602173377
1901,-29.520945602173377
1902,-29.520945602173377
1903,-29.520945602173377
1904,-29.520945602173377
1905,-29.520945602173377
1906,-29.520945602173377
1907,-29.520945602173377
1908,-29.520945602173377
1909,-29.520945602173377
1910,-29.520945602173377
1911,-29.520945602173377
1912,-29.520945602173377
1913,-29.520945602173377
1914,-29.520945602173377
1915,-29.520945602173377
1916,-29.520945602173377
1917,-29.520945602173377
1918,-29.520945602173377
1919,-29.520945602173377
1920,-29.520945602173377
1921,-29.520945602173377
1922,-29.520945602173377
1923,-29.520945602173377
1924,-29.520945602173377
1925,-29.520945602173377
1926,-29.520945602173377
1927,-29.520945602173377
1928,-29.520945602173377
1929,-29.520945602173377
1930,-29.520945602173377
1931,-29.520945602173377
1932,-29.520945602173377
1933,-29.520945602173377
1934,-29.520945602173377
1935,-29.520945602173377
1936,-29.520945602173377
1937,-29.520945602173377
1938,-29.520945602173377
1939,-29.520945602173377
1940,-29.520945602173377
1941,-29.520945602173377
1942,-29.520945602173377
1943,-29.520945602173377
1944,-29.520945602173377
1945,-29.520945602173377
1946,-29.520945602173377
1947,-29.520945602173377
1948,-29.520945602173377
1949,-29.520945602173377
1950,-29.520945602173377
1951,-29.520945602173377
1952,-29.520945602173377
1953,-29.520945602173377
1954,-29.520945602173377
1955,-29.520945602173377
1956,-29.520945602173377
1957,-29.520945602173377
1958,-29.520945602173377
1959,-29.520945602173377
1960,-29.520945602173377
1961,-29.520945602173377
1962,-29.520945602173377
1963,-29.520945602173377
1964,-29.520945602173377
1965,-29.520945602173377
1966,-29.520945602173377
1967,-29.520945602173377
1968,-29.520945602173377
1969,-29.520945602173377
1970,-29.520945602173377
1971,-29.520945602173377
1972,-29.520945602173377
1973,-29.520945602173377
1974,-29.520945602173377
1975,-29.520945602173377
1976,-29.520945602173377
1977,-29.520945602173377
1978,-29.520945602173377
1979,-29.520945602173377
1980,-29.520945602173377
1981,-29.520945602173377
1982,-29.520945602173377
1983,-29.520945602173377
1984,-29.520945602173377
1985,-29.520945602173377
1986,-29.520945602173377
1987,-29.520945602173377
1988,-29.520945602173377
1989,-29.520945602173377
1990,-29.520945602173377
1991,-29.520945602173377
1992,-29.520945602173377
1993,-29.520945602173377
1994,-29.520945602173377
1995,-29.520945602173377
1996,-29.520945602173377
1997,-29.520945602173377
1998,-29.520945602173377
1999,-29.520945602173377
2000,-29.520945602173377
2001,-29.520945602173377
2002,-29.520945602173377
2003,-29.520945602173377
2004,-29.520945602173377
2005,-29.520945602173377
2006,-29.520945602173377
2007,-29.520945602173377
2008,-29.520945602173377
2009,-29.520945602173377
2010,-29.520945602173377
2011,-29.520945602173377
2012,-29.520945602173377
2013,-29.520945602173377
2014,-29.520945602173377
2015,-29.520945602173377
2016,-29.520945602173377
2017,-29.520945602173377
2018,-29.520945602173377
2019,-29.520945602173377
2020,-29.520945602173377
2021,-29.520945602173377
2022,-29.520945602173377
2023,-29.520945602173377
2024,-29.520945602173377
2025,-29.520945602173377
2026,-29.520945602173377
2027,-29.520945602173377
2028,-29.520945602173377
2029,-29.520945602173377
2030,-29.520945602173377
2031,-29.520945602173377
2032,-29.520945602173377
2033,-29.520945602173377
2034,-29.520945602173377
2035,-29.520945602173377
2036,-29.520945602173377
2037,-29.520945602173377
2038,-29.520945602173377
2039,-29.520945602173377
2040,-29.520945602173377
2041,-29.520945602173377
2042,-29.520945602173377
2043,-29.520945602173377
2044,-29.520945602173377
2045,-29.520945602173377
2046,-29.520945602173377
2047,-29.520945602173377
2048,-29.520945602173377
2049,-29.520945602173377
2050,-29.520945602173377
2051,-29.520945602173377
2052,-29.520945602173377
2053,-29.520945602173377
2054,-29.520945602173377
2055,-29.520945602173377
2056,-29.520945602173377
2057,-29.520945602173377
2058,-29.520945602173377
2059,-29.520945602173377
2060,-29.520945602173377
2061,-29.520945602173377
2062,-29.520945602173377
2063,-29.520945602173377
2064,-29.520945602173377
2065,-29.520945602173377
2066,-29.520945602173377
2067,-29.520945602173377
2068,-29.520945602173377
2069,-29.520945602173377
2070,-29.520945602173377
2071,-29.520945602173377
2072,-29.520945602173377
2073,-29.520945602173377
2074,-29.520945602173377
2075,-29.520945602173377
2076,-29.520945602173377
2077,-29.520945602173377
2078,-29.520945602173377
2079,-29.520945602173377
2080,-29.520945602173377
2081,-29.520945602173377
2082,-29.520945602173377
2083,-29.520945602173377
2084,-25.545851218052448
2085,-25.545851218052448
2086,-25.545851218052448
2087,-25.545851218052448
2088,-25.545851218052448
2089,-25.545851218052448
2090,-25.545851218052448
2091,-25.545851218052448
2092,-25.545851218052448
2093,-25.545851218052448
2094,-25.545851218052448
2095,-25.545851218052448
2096,-25.545851218052448
2097,-25.545851218052448
2098,-25.545851218052448
2099,-25.545851218052448
2100,-25.545851218052448
2101,-25.545851218052448
2102,-25.545851218052448
2103,-25.545851218052448
2104,-25.545851218052448
2105,-25.545851218052448
2106,-25.545851218052448
2107,-25.545851218052448
2108,-25.545851218052448
2109,-25.545851218052448
2110,-25.545851218052448
2111,-25.545851218052448
2112,-25.545851218052448
2113,-25.545851218052448
2114,-25.545851218052448
2115,-25.545851218052448
2116,-25.545851218052448
2117,-25.545851218052448
2118,-25.545851218052448
2119,-25.545851218052448
2120,-25.545851218052448
2121,-25.545851218052448
2122,-25.545851218052448
2123,-25.545851218052448
2124,-25.545851218052448
2125,-25.545851218052448
2126,-25.545851218052448
2127,-25.545851218052448
2128,-25.545851218052448
2129,-25.545851218052448
2130,-25.545851218052448
2131,-25.545851218052448
2132,-25.545851218052448
2133,-25.545851218052448
2134,-25.545851218052448
2135,-25.545851218052448
2136,-25.545851218052448
2137,-25.545851218052448
2138,-25.545851218052448
2139,-25.545851218052448
2140,-25.545851218052448
2141,-25.545851218052448
2142,-25.545851218052448
2143,-25.545851218052448
2144,-25.545851218052448
2145,-25.545851218052448
2146,-25.545851218052448
2147,-25.545851218052448
2148,-25.545851218052448
2149,-25.545851218052448
2150,-25.545851218052448
2151,-25.545851218052448
2152,-25.545851218052448
2153,-25.545851218052448
2154,-25.545851218052448
2155,-25.545851218052448
2156,-25.545851218052448
2157,-25.545851218052448
2158,-25.545851218052448
2159,-25.545851218052448
2160,-25.545851218052448
2161,-25.545851218052448
2162,-25.545851218052448
2163,-25.545851218052448
2164,-25.545851218052448
2165,-25.545851218052448
2166,-25.545851218052448
2167,-25.545851218052448
2168,-25.545851218052448
2169,-25.545851218052448
2170,-25.545851218052448
2171,-25.545851218052448
2172,-25.545851218052448
2173,-25.545851218052448
2174,-25.545851218052448
2175,-25.545851218052448
2176,-25.545851218052448
2177,-25.545851218052448
2178,-25.545851218052448
2179,-25.545851218052448
2180,-25.545851218052448
2181,-25.545851218052448
2182,-25.545851218052448
2183,-25.545851218052448
2184,-25.545851218052448
2185,-25.545851218052448
2186,-25.545851218052448
2187,-25.545851218052448
2188,-25.545851218052448
2189,-25.545851218052448
2190,-25.545851218052448
2191,-25.545851218052448
2192,-25.545851218052448
2193,-25.545851218052448
2194,-25.545851218052448
2195,-25.545851218052448
2196,-25.545851218052448
2197,-25.545851218052448
2198,-25.545851218052448
2199,-25.545851218052448
2200,-25.545851218052448
2201,-25.545851218052448
2202,-25.545851218052448
2203,-25.545851218052448
2204,-25.545851218052448
2205,-25.545851218052448
2206,-25.545851218052448
2207,-25.545851218052448
2208,-25.545851218052448
2209,-25.545851218052448
2210,-25.545851218052448
2211,-25.545851218052448
2212,-25.545851218052448
2213,-25.545851218052448
2214,-25.545851218052448
2215,-25.545851218052448
2216,-25.545851218052448
2217,-25.545851218052448
2218,-25.545851218052448
2219,-25.545851218052448
2220,-25.545851218052448
2221,-25.545851218052448
2222,-25.545851218052448
2223,-25.545851218052448
2224,-25.545851218052448
2225,-25.545851218052448
2226,-25.545851218052448
2227,-25.545851218052448
2228,-25.545851218052448
2229,-25.545851218052448
2230,-25.545851218052448
2231,-25.545851218052448
2232,-25.545851218052448
2233,-25.545851218052448
2234,-25.545851218052448
2235,-25.545851218052448
2236,-25.545851218052448
2237,-25.545851218052448
2238,-25.545851218052448
2239,-25.545851218052448
2240,-25.545851218052448
2241,-25.545851218052448
2242,-25.545851218052448
2243,-25.545851218052448
2244,-25.545851218052448
2245,-25.545851218052448
2246,-25.545851218052448
2247,-25.545851218052448
2248,-25.545851218052448
2249,-25.545851218052448
2250,-25.545851218052448
2251,-25.545851218052448
2252,-25.545851218052448
2253,-25.545851218052448
2254,-25.545851218052448
2255,-25.545851218052448
2256,-25.545851218052448
2257,-25.545851218052448
2258,-25.545851218052448
2259,-25.545851218052448
2260,-25.545851218052448
2261,-22.201724196490396
2262,-22.201724196490396
2263,-22.201724196490396
2264,-22.201724196490396
2265,-22.201724196490396
2266,-22.201724196490396
2267,-22.201724196490396
2268,-22.201724196490396
2269,-22.201724196490396
2270,-22.201724196490396
2271,-22.201724196490396
2272,-22.201724196490396
2273,-22.201724196490396
2274,-22.201724196490396
2275,-22.201724196490396
2276,-22.201724196490396
2277,-22.201724196490396
2278,-22.201724196490396
2279,-22.201724196490396
2280,-22.201724196490396
2281,-22.201724196490396
2282,-22.201724196490396
2283,-22.201724196490396
2284,-22.201724196490396
2285,-22.201724196490396
2286,-22.201724196490396
2287,-22.201724196490396
2288,-22.201724196490396
2289,-22.201724196490396
2290,-22.201724196490396
2291,-22.201724196490396
2292,-22.201724196490396
2293,-22.201724196490396
2294,-22.201724196490396
2295,-22.201724196490396
2296,-22.201724196490396
2297,-22.201724196490396
2298,-22.201724196490396
2299,-22.201724196490396
2300,-22.201724196490396
2301,-22.201724196490396
2302,-22.201724196490396
2303,-22.201724196490396
2304,-22.201724196490396
2305,-22.201724196490396
2306,-22.201724196490396
2307,-22.201724196490396
2308,-22.201724196490396
2309,-22.201724196490396
2310,-22.201724196490396
2311,-22.201724196490396
2312,-22.201724196490396
2313,-22.201724196490396
2314,-22.201724196490396
2315,-22.201724196490396
2316,-22.201724196490396
2317,-22.201724196490396
2318,-22.201724196490396
2319,-22.201724196490396
2320,-22.201724196490396
2321,-22.201724196490396
2322,-22.201724196490396
2323,-22.201724196490396
2324,-22.201724196490396
2325,-22.201724196490396
2326,-22.201724196490396
2327,-22.201724196490396
2328,-22.201724196490396
2329,-22.201724196490396
2330,-22.201724196490396
2331,-22.201724196490396
2332,-22.201724196490396
2333,-22.201724196490396
2334,-22.201724196490396
2335,-22.201724196490396
2336,-22.201724196490396
2337,-22.201724196490396
2338,-22.201724196490396
2339,-22.201724196490396
2340,-22.201724196490396
2341,-22.201724196490396
2342,-22.201724196490396
2343,-22.201724196490396
2344,-22.201724196490396
2345,-22.201724196490396
2346,-22.201724196490396
2347,-22.201724196490396
2348,-22.201724196490396
2349,-22.201724196490396
2350,-22.201724196490396
2351,-22.201724196490396
2352,-22.201724196490396
2353,-22.201724196490396
2354,-22.201724196490396
2355,-22.201724196490396
2356,-22.201724196490396
2357,-22.201724196490396
2358,-22.201724196490396
2359,-22.201724196490396
2360,-22.201724196490396
2361,-22.201724196490396
2362,-22.201724196490396
2363,-22.201724196490396
2364,-22.201724196490396
2365,-22.201724196490396
2366,-22.201724196490396
2367,-22.201724196490396
2368,-22.201724196490396
2369,-22.201724196490396
2370,-22.201724196490396
2371,-22.201724196490396
2372,-22.201724196490396
2373,-22.201724196490396
2374,-22.201724196490396
2375,-22.201724196490396
2376,-22.201724196490396
2377,-22.201724196490396
2378,-22.201724196490396
2379,-22.201724196490396
2380,-22.201724196490396
2381,-22.201724196490396
2382,-22.201724196490396
2383,-22.201724196490396
2384,-22.201724196490396
2385,-22.201724196490396
2386,-22.201724196490396
2387,-22.201724196490396
2388,-22.201724196490396
2389,-22.201724196490396
2390,-22.201724196490396
2391,-22.201724196490396
2392,-22.201724196490396
2393,-22.201724196490396
2394,-22.201724196490396
2395,-22.201724196490396
2396,-22.201724196490396
2397,-22.201724196490396
2398,-22.201724196490396
2399,-22.201724196490396
2400,-22.201724196490396
2401,-22.201724196490396
2402,-22.201724196490396
2403,-22.201724196490396
2404,-22.201724196490396
2405,-22.201724196490396
2406,-22.201724196490396
2407,-22.201724196490396
2408,-22.201724196490396
2409,-22.201724196490396
2410,-22.201724196490396
2411,-22.201724196490396
2412,-22.201724196490396
2413,-22.201724196490396
2414,-22.201724196490396
2415,-22.201724196490396
2416,-22.201724196490396
2417,-22.201724196490396
2418,-22.201724196490396
2419,-22.201724196490396
2420,-22.201724196490396
2421,-22.201724196490396
2422,-22.201724196490396
2423,-22.201724196490396
2424,-22.201724196490396
2425,-22.201724196490396
2426,-22.201724196490396
2427,-22.201724196490396
2428,-22.201724196490396
2429,-22.201724196490396
2430,-22.201724196490396
2431,-22.201724196490396
2432,-22.201724196490396
2433,-22.201724196490396
2434,-22.201724196490396
2435,-22.201724196490396
2436,-22.201724196490396
2437,-22.201724196490396
2438,-22.201724196490396
2439,-22.201724196490396
2440,-22.201724196490396
2441,-22.201724196490396
2442,-22.201724196490396
2443,-22.201724196490396
2444,-22.201724196490396
2445,-22.201724196490396
2446,-22.201724196490396
2447,-22.201724196490396
2448,-22.201724196490396
2449,-22.201724196490396
2450,-22.201724196490396
2451,-22.201724196490396
2452,-22.201724196490396
2453,-22.201724196490396
2454,-22.201724196490396
2455,-22.201724196490396
2456,-22.201724196490396
2457,-22.201724196490396
2458,-22.201724196490396
2459,-22.201724196490396
2460,-22.201724196490396
2461,-22.201724196490396
2462,-22.201724196490396
2463,-22.201724196490396
2464,-22.201724196490396
2465,-22.201724196490396
2466,-22.201724196490396
2467,-22.201724196490396
2468,-22.201724196490396
2469,-22.201724196490396
2470,-22.201724196490396
2471,-22.201724196490396
2472,-22.201724196490396
2473,-22.201724196490396
2474,-22.201724196490396
2475,-22.201724196490396
2476,-22.201724196490396
2477,-22.201724196490396
2478,-22.201724196490396
2479,-22.201724196490396
2480,-22.201724196490396
2481,-22.201724196490396
2482,-22.201724196490396
2483,-22.201724196490396
2484,-22.201724196490396
2485,-22.201724196490396
2486,-22.201724196490396
2487,-22.201724196490396
2488,-22.201724196490396
2489,-22.201724196490396
2490,-22.201724196490396
2491,-22.201724196490396
2492,-22.201724196490396
2493,-22.201724196490396
2494,-22.201724196490396
2495,-22.201724196490396
2496,-22.201724196490396
2497,-22.201724196490396
2498,-22.201724196490396
2499,-22.201724196490396
2500,-22.201724196490396
2501,-22.201724196490396
2502,-22.201724196490396
2503,-22.201724196490396
2504,-22.201724196490396
2505,-22.201724196490396
2506,-22.201724196490396
2507,-22.201724196490396
2508,-22.201724196490396
2509,-22.201724196490396
2510,-22.201724196490396
2511,-22.201724196490396
2512,-22.201724196490396
2513,-22.201724196490396
2514,-22.201724196490396
2515,-22.201724196490396
2516,-22.201724196490396
2517,-22.201724196490396
2518,-22.201724196490396
2519,-22.201724196490396
2520,-22.201724196490396
2521,-22.201724196490396
2522,-22.201724196490396
2523,-22.201724196490396
2524,-22.201724196490396
2525,-22.201724196490396
2526,-22.201724196490396
2527,-22.201724196490396
2528,-22.201724196490396
2529,-22.201724196490396
2530,-22.201724196490396
2531,-22.201724196490396
2532,-22.201724196490396
2533,-22.201724196490396
2534,-22.201724196490396
2535,-22.201724196490396
2536,-22.201724196490396
2537,-22.201724196490396
2538,-22.201724196490396
2539,-22.201724196490396
2540,-22.201724196490396
2541,-22.201724196490396
2542,-22.201724196490396
2543,-22.201724196490396
2544,-22.201724196490396
2545,-22.201724196490396
2546,-22.201724196490396
2547,-22.201724196490396
2548,-22.201724196490396
2549,-22.201724196490396
2550,-22.201724196490396
2551,-22.201724196490396
2552,-22.201724196490396
2553,-22.201724196490396
2554,-22.201724196490396
2555,-22.201724196490396
2556,-22.201724196490396
2557,-22.201724196490396
2558,-22.201724196490396
2559,-22.201724196490396
2560,-22.201724196490396
2561,-22.201724196490396
2562,-22.201724196490396
2563,-22.201724196490396
2564,-22.201724196490396
2565,-22.201724196490396
2566,-22.201724196490396
2567,-22.201724196490396
2568,-22.201724196490396
2569,-22.201724196490396
2570,-22.201724196490396
2571,-22.201724196490396
2572,-22.201724196490396
2573,-22.201724196490396
2574,-22.201724196490396
2575,-22.201724196490396
2576,-22.201724196490396
2577,-22.201724196490396
2578,-22.201724196490396
2579,-22.201724196490396
2580,-22.201724196490396
2581,-22.201724196490396
2582,-22.201724196490396
2583,-22.201724196490396
2584,-22.201724196490396
2585,-22.201724196490396
2586,-22.201724196490396
2587,-22.201724196490396
2588,-22.201724196490396
2589,-22.201724196490396
2590,-22.201724196490396
2591,-22.201724196490396
2592,-22.201724196490396
2593,-22.201724196490396
2594,-22.201724196490396
2595,-22.201724196490396
2596,-22.201724196490396
2597,-22.201724196490396
2598,-22.201724196490396
2599,-22.201724196490396
2600,-22.201724196490396
2601,-22.201724196490396
2602,-22.201724196490396
2603,-22.201724196490396
2604,-22.201724196490396
2605,-22.201724196490396
2606,-22.201724196490396
2607,-22.201724196490396
2608,-22.201724196490396
2609,-22.201724196490396
2610,-22.201724196490396
2611,-22.201724196490396
2612,-22.201724196490396
2613,-22.201724196490396
2614,-22.201724196490396
2615,-22.201724196490396
2616,-22.201724196490396
2617,-22.201724196490396
2618,-22.201724196490396
2619,-22.201724196490396
2620,-22.201724196490396
2621,-22.201724196490396
2622,-22.201724196490396
2623,-22.201724196490396
2624,-22.201724196490396
2625,-22.201724196490396
2626,-22.201724196490396
2627,-22.201724196490396
2628,-22.201724196490396
2629,-22.201724196490396
2630,-22.201724196490396
2631,-22.201724196490396
2632,-22.201724196490396
2633,-22.201724196490396
2634,-22.201724196490396
2635,-22.201724196490396
2636,-22.201724196490396
2637,-22.201724196490396
2638,-22.201724196490396
2639,-22.201724196490396
2640,-22.201724196490396
2641,-22.201724196490396
2642,-22.201724196490396
2643,-22.201724196490396
2644,-22.201724196490396
2645,-22.201724196490396
2646,-22.201724196490396
2647,-22.201724196490396
2648,-22.201724196490396
2649,-22.201724196490396
2650,-22.201724196490396
2651,-22.201724196490396
2652,-22.201724196490396
2653,-22.201724196490396
2654,-22.201724196490396
2655,-22.201724196490396
2656,-22.201724196490396
2657,-22.201724196490396
2658,-22.201724196490396
2659,-22.201724196490396
2660,-22.201724196490396
2661,-22.201724196490396
2662,-22.201724196490396
2663,-22.201724196490396
2664,-22.201724196490396
2665,-22.201724196490396
2666,-22.201724196490396
2667,-22.201724196490396
2668,-22.201724196490396
2669,-22.201724196490396
2670,-22.201724196490396
2671,-22.201724196490396
2672,-22.201724196490396
2673,-22.201724196490396
2674,-22.201724196490396
2675,-22.201724196490396
2676,-22.201724196490396
2677,-22.201724196490396
2678,-22.201724196490396
2679,-22.201724196490396
2680,-22.201724196490396
2681,-22.201724196490396
2682,-22.201724196490396
2683,-22.201724196490396
2684,-22.201724196490396
2685,-22.201724196490396
2686,-22.201724196490396
2687,-22.201724196490396
2688,-22.201724196490396
2689,-22.201724196490396
2690,-22.201724196490396
2691,-22.201724196490396
2692,-22.201724196490396
2693,-22.201724196490396
2694,-22.201724196490396
2695,-22.201724196490396
2696,-22.201724196490396
2697,-22.201724196490396
2698,-22.201724196490396
2699,-22.201724196490396
2700,-22.201724196490396
2701,-22.201724196490396
2702,-22.201724196490396
2703,-22.201724196490396
2704,-22.201724196490396
2705,-22.201724196490396
2706,-22.201724196490396
2707,-22.201724196490396
2708,-22.201724196490396
2709,-22.201724196490396
2710,-22.201724196490396
2711,-22.201724196490396
2712,-22.201724196490396
2713,-22.201724196490396
2714,-22.201724196490396
2715,-22.201724196490396
2716,-22.201724196490396
2717,-22.201724196490396
2718,-22.201724196490396
2719,-22.201724196490396
2720,-22.201724196490396
2721,-22.201724196490396
2722,-22.201724196490396
2723,-22.201724196490396
2724,-22.201724196490396
2725,-22.201724196490396
2726,-22.201724196490396
2727,-22.201724196490396
2728,-22.201724196490396
2729,-22.201724196490396
2730,-22.201724196490396
2731,-22.201724196490396
2732,-22.201724196490396
2733,-22.201724196490396
2734,-22.201724196490396
2735,-22.201724196490396
2736,-22.201724196490396
2737,-22.201724196490396
2738,-22.201724196490396
2739,-22.201724196490396
2740,-22.201724196490396
2741,-22.201724196490396
2742,-22.201724196490396
2743,-22.201724196490396
2744,-22.201724196490396
2745,-22.201724196490396
2746,-22.201724196490396
2747,-22.201724196490396
2748,-22.201724196490396
2749,-22.201724196490396
2750,-22.201724196490396
2751,-22.201724196490396
2752,-22.201724196490396
2753,-22.201724196490396
2754,-22.201724196490396
2755,-22.201724196490396
2756,-22.201724196490396
2757,-22.201724196490396
2758,-22.201724196490396
2759,-22.201724196490396
2760,-22.201724196490396
2761,-22.201724196490396
2762,-22.201724196490396
2763,-22.201724196490396
2764,-22.201724196490396
2765,-22.201724196490396
2766,-22.201724196490396
2767,-22.201724196490396
2768,-22.201724196490396
2769,-22.201724196490396
2770,-22.201724196490396
2771,-22.201724196490396
2772,-22.201724196490396
2773,-22.201724196490396
2774,-22.201724196490396
2775,-22.201724196490396
2776,-22.201724196490396
2777,-22.201724196490396
2778,-22.201724196490396
2779,-22.201724196490396
2780,-22.201724196490396
2781,-22.201724196490396
2782,-22.201724196490396
2783,-22.201724196490396
2784,-22.201724196490396
2785,-22.201724196490396
2786,-22.201724196490396
2787,-22.201724196490396
2788,-22.201724196490396
2789,-22.201724196490396
2790,-22.201724196490396
2791,-22.201724196490396
2792,-22.201724196490396
2793,-22.201724196490396
2794,-22.201724196490396
2795,-22.201724196490396
2796,-22.201724196490396
2797,-22.201724196490396
2798,-22.201724196490396
2799,-22.201724196490396
2800,-22.201724196490396
2801,-22.201724196490396
2802,-22.201724196490396
2803,-22.201724196490396
2804,-22.201724196490396
2805,-22.201724196490396
2806,-22.201724196490396
2807,-22.201724196490396
2808,-22.201724196490396
2809,-22.201724196490396
2810,-22.201724196490396
2811,-22.201724196490396
2812,-22.201724196490396
2813,-22.201724196490396
2814,-22.201724196490396
2815,-22.201724196490396
2816,-22.201724196490396
2817,-22.201724196490396
2818,-22.201724196490396
2819,-22.201724196490396
2820,-22.201724196490396
2821,-22.201724196490396
2822,-22.201724196490396
2823,-22.201724196490396
2824,-22.201724196490396
2825,-22.201724196490396
2826,-22.201724196490396
2827,-22.201724196490396
2828,-22.201724196490396
2829,-22.201724196490396
2830,-22.201724196490396
2831,-22.201724196490396
2832,-22.201724196490396
2833,-22.201724196490396
2834,-22.201724196490396
2835,-22.201724196490396
2836,-22.201724196490396
2837,-22.201724196490396
2838,-22.201724196490396
2839,-22.201724196490396
2840,-22.201724196490396
2841,-22.201724196490396
2842,-22.201724196490396
2843,-22.201724196490396
2844,-22.201724196490396
2845,-22.201724196490396
2846,-22.201724196490396
2847,-22.201724196490396
2848,-22.201724196490396
2849,-22.201724196490396
2850,-22.201724196490396
2851,-22.201724196490396
2852,-22.201724196490396
2853,-22.201724196490396
2854,-22.201724196490396
2855,-22.201724196490396
2856,-22.201724196490396
2857,-22.201724196490396
2858,-22.201724196490396
2859,-22.201724196490396
2860,-22.201724196490396
2861,-22.201724196490396
2862,-22.201724196490396
2863,-22.201724196490396
2864,-22.201724196490396
2865,-22.201724196490396
2866,-22.201724196490396
2867,-22.201724196490396
2868,-22.201724196490396
2869,-22.201724196490396
2870,-22.201724196490396
2871,-22.201724196490396
2872,-22.201724196490396
2873,-22.201724196490396
2874,-22.201724196490396
2875,-22.201724196490396
2876,-22.201724196490396
2877,-22.201724196490396
2878,-22.201724196490396
2879,-22.201724196490396
2880,-22.201724196490396
2881,-22.201724196490396
2882,-22.201724196490396
2883,-22.201724196490396
2884,-22.201724196490396
2885,-22.201724196490396
2886,-22.201724196490396
2887,-22.201724196490396
2888,-22.201724196490396
2889,-22.201724196490396
2890,-22.201724196490396
2891,-22.201724196490396
2892,-22.201724196490396
2893,-22.201724196490396
2894,-22.201724196490396
2895,-22.201724196490396
2896,-22.201724196490396
2897,-22.201724196490396
2898,-22.201724196490396
2899,-22.201724196490396
2900,-22.201724196490396
2901,-22.201724196490396
2902,-22.201724196490396
2903,-22.201724196490396
2904,-22.201724196490396
2905,-22.201724196490396
2906,-22.201724196490396
2907,-22.201724196490396
2908,-22.201724196490396
2909,-22.201724196490396
2910,-22.201724196490396
2911,-22.201724196490396
2912,-22.201724196490396
2913,-22.201724196490396
2914,-22.201724196490396
2915,-22.201724196490396
2916,-22.201724196490396
2917,-22.201724196490396
2918,-22.201724196490396
2919,-22.201724196490396
2920,-22.201724196490396
2921,-22.201724196490396
2922,-22.201724196490396
2923,-22.201724196490396
2924,-22.201724196490396
2925,-22.201724196490396
2926,-22.201724196490396
2927,-22.201724196490396
2928,-22.201724196490396
2929,-22.201724196490396
2930,-22.201724196490396
2931,-22.201724196490396
2932,-22.201724196490396
2933,-22.201724196490396
2934,-22.201724196490396
2935,-22.201724196490396
2936,-22.201724196490396
2937,-22.201724196490396
2938,-22.201724196490396
2939,-22.201724196490396
2940,-22.201724196490396
2941,-22.201724196490396
2942,-22.201724196490396
2943,-22.201724196490396
2944,-22.201724196490396
2945,-22.201724196490396
2946,-22.201724196490396
2947,-22.201724196490396
2948,-22.201724196490396
2949,-22.201724196490396
2950,-22.201724196490396
2951,-22.201724196490396
2952,-22.201724196490396
2953,-22.201724196490396
2954,-22.201724196490396
2955,-22.201724196490396
2956,-22.201724196490396
2957,-22.201724196490396
2958,-22.201724196490396
2959,-22.201724196490396
2960,-22.201724196490396
2961,-22.201724196490396
2962,-22.201724196490396
2963,-22.201724196490396
2964,-22.201724196490396
2965,-22.201724196490396
2966,-22.201724196490396
2967,-22.201724196490396
2968,-22.201724196490396
2969,-22.201724196490396
2970,-22.201724196490396
2971,-22.201724196490396
2972,-22.201724196490396
2973,-22.201724196490396
2974,-22.201724196490396
2975,-22.201724196490396
2976,-22.201724196490396
2977,-22.201724196490396
2978,-22.201724196490396
2979,-22.201724196490396
2980,-22.201724196490396
2981,-22.201724196490396
2982,-22.201724196490396
2983,-22.201724196490396
2984,-22.201724196490396
2985,-22.201724196490396
2986,-22.201724196490396
2987,-22.201724196490396
2988,-22.201724196490396
2989,-22.201724196490396
2990,-22.201724196490396
2991,-22.201724196490396
2992,-22.201724196490396
2993,-22.201724196490396
2994,-22.201724196490396
2995,-22.201724196490396
2996,-22.201724196490396
2997,-22.201724196490396
2998,-22.201724196490396
2999,-22.201724196490396
3000,-22.201724196490396
3001,-22.201724196490396
3002,-22.201724196490396
3003,-22.201724196490396
3004,-22.201724196490396
3005,-22.201724196490396
3006,-22.201724196490396
3007,-22.201724196490396
3008,-22.201724196490396
3009,-22.201724196490396
3010,-22.201724196490396
3011,-22.201724196490396
3012,-22.201724196490396
3013,-22.201724196490396
3014,-22.201724196490396
3015,-22.201724196490396
3016,-22.201724196490396
3017,-22.201724196490396
3018,-22.201724196490396
3019,-22.201724196490396
3020,-22.201724196490396
3021,-22.201724196490396
3022,-22.201724196490396
3023,-22.201724196490396
3024,-22.201724196490396
3025,-22.201724196490396
3026,-22.201724196490396
3027,-22.201724196490396
3028,-22.201724196490396
3029,-22.201724196490396
3030,-22.201724196490396
3031,-22.201724196490396
3032,-22.201724196490396
3033,-22.201724196490396
3034,-22.201724196490396
3035,-22.201724196490396
3036,-22.201724196490396
3037,-22.201724196490396
3038,-22.201724196490396
3039,-22.201724196490396
3040,-22.201724196490396
3041,-22.201724196490396
3042,-22.201724196490396
3043,-22.201724196490396
3044,-22.201724196490396
3045,-22.201724196490396
3046,-22.201724196490396
3047,-22.201724196490396
3048,-22.201724196490396
3049,-22.201724196490396
3050,-22.201724196490396
3051,-22.201724196490396
3052,-22.201724196490396
3053,-22.201724196490396
3054,-22.201724196490396
3055,-22.201724196490396
3056,-22.201724196490396
3057,-22.201724196490396
3058,-22.201724196490396
3059,-22.201724196490396
3060,-22.201724196490396
3061,-22.201724196490396
3062,-22.201724196490396
3063,-22.201724196490396
3064,-22.201724196490396
3065,-22.201724196490396
3066,-22.201724196490396
3067,-22.201724196490396
3068,-22.201724196490396
3069,-22.201724196490396
3070,-22.201724196490396
3071,-22.201724196490396
3072,-22.201724196490396
3073,-22.201724196490396
3074,-22.201724196490396
3075,-22.201724196490396
3076,-22.201724196490396
3077,-22.201724196490396
3078,-22.201724196490396
3079,-22.201724196490396
3080,-22.201724196490396
3081,-22.201724196490396
3082,-22.201724196490396
3083,-22.201724196490396
3084,-22.201724196490396
3085,-22.201724196490396
3086,-22.201724196490396
3087,-22.201724196490396
3088,-22.201724196490396
3089,-22.201724196490396
3090,-22.201724196490396
3091,-22.201724196490396
3092,-22.201724196490396
3093,-22.201724196490396
3094,-22.201724196490396
3095,-22.201724196490396
3096,-22.201724196490396
3097,-22.201724196490396
3098,-22.201724196490396
3099,-22.201724196490396
3100,-22.201724196490396
3101,-22.201724196490396
3102,-22.201724196490396
3103,-22.201724196490396
3104,-22.201724196490396
3105,-22.201724196490396
3106,-22.201724196490396
3107,-22.201724196490396
3108,-22.201724196490396
3109,-22.201724196490396
3110,-22.201724196490396
3111,-22.201724196490396
3112,-22.201724196490396
3113,-22.201724196490396
3114,-22.201724196490396
3115,-22.201724196490396
3116,-22.201724196490396
3117,-22.201724196490396
3118,-22.201724196490396
3119,-22.201724196490396
3120,-22.201724196490396
3121,-22.201724196490396
3122,-22.201724196490396
3123,-22.201724196490396
3124,-22.201724196490396
3125,-22.201724196490396
3126,-22.201724196490396
3127,-22.201724196490396
3128,-22.201724196490396
3129,-22.201724196490396
3130,-22.201724196490396
3131,-22.201724196490396
3132,-22.201724196490396
3133,-22.201724196490396
3134,-22.201724196490396
3135,-22.201724196490396
3136,-22.201724196490396
3137,-22.201724196490396
3138,-22.201724196490396
3139,-22.201724196490396
3140,-22.201724196490396
3141,-22.201724196490396
3142,-22.201724196490396
3143,-22.201724196490396
3144,-22.201724196490396
3145,-22.201724196490396
3146,-22.201724196490396
3147,-22.201724196490396
3148,-22.201724196490396
3149,-22.201724196490396
3150,-22.201724196490396
3151,-22.201724196490396
3152,-22.201724196490396
3153,-22.201724196490396
3154,-22.201724196490396
3155,-22.201724196490396
3156,-22.201724196490396
3157,-22.201724196490396
3158,-22.201724196490396
3159,-22.201724196490396
3160,-22.201724196490396
3161,-22.201724196490396
3162,-22.201724196490396
3163,-22.201724196490396
3164,-22.201724196490396
3165,-22.201724196490396
3166,-22.201724196490396
3167,-22.201724196490396
3168,-22.201724196490396
3169,-22.201724196490396
3170,-22.201724196490396
3171,-22.201724196490396
3172,-22.201724196490396
3173,-22.201724196490396
3174,-22.201724196490396
3175,-22.201724196490396
3176,-22.201724196490396
3177,-22.201724196490396
3178,-22.201724196490396
3179,-22.201724196490396
3180,-22.201724196490396
3181,-22.201724196490396
3182,-22.201724196490396
3183,-22.201724196490396
3184,-22.201724196490396
3185,-22.201724196490396
3186,-22.201724196490396
3187,-22.201724196490396
3188,-22.201724196490396
3189,-22.201724196490396
3190,-22.201724196490396
3191,-22.201724196490396
3192,-22.201724196490396
3193,-22.201724196490396
3194,-22.201724196490396
3195,-22.201724196490396
3196,-22.201724196490396
3197,-22.201724196490396
3198,-22.201724196490396
3199,-22.201724196490396
3200,-22.201724196490396
3201,-22.201724196490396
3202,-22.201724196490396
3203,-22.201724196490396
3204,-22.201724196490396
3205,-22.201724196490396
3206,-22.201724196490396
3207,-22.201724196490396
3208,-22.201724196490396
3209,-22.201724196490396
3210,-22.201724196490396
3211,-22.201724196490396
3212,-22.201724196490396
3213,-22.201724196490396
3214,-22.201724196490396
3215,-22.201724196490396
3216,-22.201724196490396
3217,-22.201724196490396
3218,-22.201724196490396
3219,-22.201724196490396
3220,-22.201724196490396
3221,-22.201724196490396
3222,-22.201724196490396
3223,-22.201724196490396
3224,-22.201724196490396
3225,-22.201724196490396
3226,-22.201724196490396
3227,-22.201724196490396
3228,-22.201724196490396
3229,-22.201724196490396
3230,-22.201724196490396
3231,-22.201724196490396
3232,-22.201724196490396
3233,-22.201724196490396
3234,-22.201724196490396
3235,-22.201724196490396
3236,-22.201724196490396
3237,-22.201724196490396
3238,-22.201724196490396
3239,-22.201724196490396
3240,-22.201724196490396
3241,-22.201724196490396
3242,-22.201724196490396
3243,-22.201724196490396
3244,-22.201724196490396
3245,-22.201724196490396
3246,-22.201724196490396
3247,-22.201724196490396
3248,-22.201724196490396
3249,-22.201724196490396
3250,-22.201724196490396
3251,-22.201724196490396
3252,-22.201724196490396
3253,-22.201724196490396
3254,-22.201724196490396
3255,-22.201724196490396
3256,-22.201724196490396
3257,-22.201724196490396
3258,-22.201724196490396
3259,-22.201724196490396
3260,-22.201724196490396
3261,-22.201724196490396
3262,-22.201724196490396
3263,-22.201724196490396
3264,-22.201724196490396
3265,-22.201724196490396
3266,-22.201724196490396
3267,-22.201724196490396
3268,-22.201724196490396
3269,-22.201724196490396
3270,-22.201724196490396
3271,-22.201724196490396
3272,-22.201724196490396
3273,-22.201724196490396
3274,-22.201724196490396
3275,-22.201724196490396
3276,-22.201724196490396
3277,-22.201724196490396
3278,-22.201724196490396
3279,-22.201724196490396
3280,-22.201724196490396
3281,-22.201724196490396
3282,-22.201724196490396
3283,-22.201724196490396
3284,-22.201724196490396
3285,-22.201724196490396
3286,-22.201724196490396
3287,-22.201724196490396
3288,-22.201724196490396
3289,-22.201724196490396
3290,-22.201724196490396
3291,-22.201724196490396
3292,-22.201724196490396
3293,-22.201724196490396
3294,-22.201724196490396
3295,-22.201724196490396
3296,-22.201724196490396
3297,-22.201724196490396
3298,-22.201724196490396
3299,-22.201724196490396
3300,-22.201724196490396
3301,-22.201724196490396
3302,-22.201724196490396
3303,-22.201724196490396
3304,-22.201724196490396
3305,-22.201724196490396
3306,-22.201724196490396
3307,-22.201724196490396
3308,-22.201724196490396
3309,-22.201724196490396
3310,-22.201724196490396
3311,-22.201724196490396
3312,-22.201724196490396
3313,-22.201724196490396
3314,-22.201724196490396
3315,-22.201724196490396
3316,-22.201724196490396
3317,-22.201724196490396
3318,-22.201724196490396
3319,-22.201724196490396
3320,-22.201724196490396
3321,-22.201724196490396
3322,-22.201724196490396
3323,-22.201724196490396
3324,-22.201724196490396
3325,-22.201724196490396
3326,-22.201724196490396
3327,-22.201724196490396
3328,-22.201724196490396
3329,-22.201724196490396
3330,-22.201724196490396
3331,-22.201724196490396
3332,-22.201724196490396
3333,-22.201724196490396
3334,-22.201724196490396
3335,-22.201724196490396
3336,-22.201724196490396
3337,-22.201724196490396
3338,-22.201724196490396
3339,-22.201724196490396
3340,-22.201724196490396
3341,-22.201724196490396
3342,-22.201724196490396
3343,-22.201724196490396
3344,-22.201724196490396
3345,-22.201724196490396
3346,-22.201724196490396
3347,-22.201724196490396
3348,-22.201724196490396
3349,-22.201724196490396
3350,-22.201724196490396
3351,-22.201724196490396
3352,-22.201724196490396
3353,-22.201724196490396
3354,-22.201724196490396
3355,-22.201724196490396
3356,-22.201724196490396
3357,-22.201724196490396
3358,-22.201724196490396
3359,-22.201724196490396
3360,-22.201724196490396
3361,-22.201724196490396
3362,-22.201724196490396
3363,-22.201724196490396
3364,-22.201724196490396
3365,-22.201724196490396
3366,-22.201724196490396
3367,-22.201724196490396
3368,-22.201724196490396
3369,-22.201724196490396
3370,-22.201724196490396
3371,-22.201724196490396
3372,-22.201724196490396
3373,-22.201724196490396
3374,-22.201724196490396
3375,-22.201724196490396
3376,-22.201724196490396
3377,-22.201724196490396
3378,-22.201724196490396
3379,-22.201724196490396
3380,-22.201724196490396
3381,-22.201724196490396
3382,-22.201724196490396
3383,-22.201724196490396
3384,-22.201724196490396
3385,-22.201724196490396
3386,-22.201724196490396
3387,-22.201724196490396
3388,-22.201724196490396
3389,-22.201724196490396
3390,-22.201724196490396
3391,-22.201724196490396
3392,-22.201724196490396
3393,-22.201724196490396
3394,-22.201724196490396
3395,-22.201724196490396
3396,-22.201724196490396
3397,-22.201724196490396
3398,-22.201724196490396
3399,-22.201724196490396
3400,-22.201724196490396
3401,-22.201724196490396
3402,-22.201724196490396
3403,-22.201724196490396
3404,-22.201724196490396
3405,-22.201724196490396
3406,-22.201724196490396
3407,-22.201724196490396
3408,-22.201724196490396
3409,-22.201724196490396
3410,-22.201724196490396
3411,-22.201724196490396
3412,-22.201724196490396
3413,-22.201724196490396
3414,-22.201724196490396
3415,-22.201724196490396
3416,-22.201724196490396
3417,-22.201724196490396
3418,-22.201724196490396
3419,-22.201724196490396
3420,-22.201724196490396
3421,-22.201724196490396
3422,-22.201724196490396
3423,-22.201724196490396
3424,-22.201724196490396
3425,-22.201724196490396
3426,-22.201724196490396
3427,-22.201724196490396
3428,-22.201724196490396
3429,-22.201724196490396
3430,-22.201724196490396
3431,-22.201724196490396
3432,-22.201724196490396
3433,-22.201724196490396
3434,-22.201724196490396
3435,-22.201724196490396
3436,-22.201724196490396
3437,-22.201724196490396
3438,-22.201724196490396
3439,-22.201724196490396
3440,-22.201724196490396
3441,-22.201724196490396
3442,-22.201724196490396
3443,-22.201724196490396
3444,-22.201724196490396
3445,-22.201724196490396
3446,-22.201724196490396
3447,-22.201724196490396
3448,-22.201724196490396
3449,-22.201724196490396
3450,-22.201724196490396
3451,-22.201724196490396
3452,-22.201724196490396
3453,-22.201724196490396
3454,-22.201724196490396
3455,-22.201724196490396
3456,-22.201724196490396
3457,-22.201724196490396
3458,-22.201724196490396
3459,-22.201724196490396
3460,-22.201724196490396
3461,-22.201724196490396
3462,-22.201724196490396
3463,-22.201724196490396
3464,-22.201724196490396
3465,-22.201724196490396
3466,-22.201724196490396
3467,-22.201724196490396
3468,-22.201724196490396
3469,-22.201724196490396
3470,-22.201724196490396
3471,-22.201724196490396
3472,-22.201724196490396
3473,-22.201724196490396
3474,-22.201724196490396
3475,-22.201724196490396
3476,-22.201724196490396
3477,-22.201724196490396
3478,-22.201724196490396
3479,-22.201724196490396
3480,-22.201724196490396
3481,-22.201724196490396
3482,-22.201724196490396
3483,-22.201724196490396
3484,-22.201724196490396
3485,-22.201724196490396
3486,-22.201724196490396
3487,-22.201724196490396
3488,-22.201724196490396
3489,-22.201724196490396
3490,-22.201724196490396
3491,-22.201724196490396
3492,-22.201724196490396
3493,-22.201724196490396
3494,-22.201724196490396
3495,-22.201724196490396
3496,-22.201724196490396
3497,-22.201724196490396
3498,-22.201724196490396
3499,-22.201724196490396
3500,-22.201724196490396
3501,-22.201724196490396
3502,-22.201724196490396
3503,-22.201724196490396
3504,-22.201724196490396
3505,-22.201724196490396
3506,-22.201724196490396
3507,-22.201724196490396
3508,-22.201724196490396
3509,-22.201724196490396
3510,-22.201724196490396
3511,-22.201724196490396
3512,-22.201724196490396
3513,-22.201724196490396
3514,-22.201724196490396
3515,-22.201724196490396
3516,-22.201724196490396
3517,-22.201724196490396
3518,-22.201724196490396
3519,-22.201724196490396
3520,-22.201724196490396
3521,-22.201724196490396
3522,-22.201724196490396
3523,-22.201724196490396
3524,-22.201724196490396
3525,-22.201724196490396
3526,-22.201724196490396
3527,-22.201724196490396
3528,-22.201724196490396
3529,-22.201724196490396
3530,-22.201724196490396
3531,-22.201724196490396
3532,-22.201724196490396
3533,-22.201724196490396
3534,-22.201724196490396
3535,-22.201724196490396
3536,-22.201724196490396
3537,-22.201724196490396
3538,-22.201724196490396
3539,-22.201724196490396
3540,-22.201724196490396
3541,-22.201724196490396
3542,-22.201724196490396
3543,-22.201724196490396
3544,-22.201724196490396
3545,-22.201724196490396
3546,-22.201724196490396
3547,-22.201724196490396
3548,-22.201724196490396
3549,-22.201724196490396
3550,-22.201724196490396
3551,-22.201724196490396
3552,-22.201724196490396
3553,-22.201724196490396
3554,-22.201724196490396
3555,-22.201724196490396
3556,-22.201724196490396
3557,-22.201724196490396
3558,-22.201724196490396
3559,-22.201724196490396
3560,-22.201724196490396
3561,-22.201724196490396
3562,-22.201724196490396
3563,-22.201724196490396
3564,-22.201724196490396
3565,-22.201724196490396
3566,-22.201724196490396
3567,-22.201724196490396
3568,-22.201724196490396
3569,-22.201724196490396
3570,-22.201724196490396
3571,-22.201724196490396
3572,-22.201724196490396
3573,-22.201724196490396
3574,-22.201724196490396
3575,-22.201724196490396
3576,-22.201724196490396
3577,-22.201724196490396
3578,-22.201724196490396
3579,-22.201724196490396
3580,-22.201724196490396
3581,-22.201724196490396
3582,-22.201724196490396
3583,-22.201724196490396
3584,-22.201724196490396
3585,-22.201724196490396
3586,-22.201724196490396
3587,-22.201724196490396
3588,-22.201724196490396
3589,-22.201724196490396
3590,-22.201724196490396
3591,-22.201724196490396
3592,-22.201724196490396
3593,-22.201724196490396
3594,-22.201724196490396
3595,-22.201724196490396
3596,-22.201724196490396
3597,-22.201724196490396
3598,-22.201724196490396
3599,-22.201724196490396
3600,-22.201724196490396
3601,-22.201724196490396
3602,-22.201724196490396
3603,-22.201724196490396
3604,-22.201724196490396
3605,-22.201724196490396
3606,-22.201724196490396
3607,-22.201724196490396
3608,-22.201724196490396
3609,-22.201724196490396
3610,-22.201724196490396
3611,-22.201724196490396
3612,-22.201724196490396
3613,-22.201724196490396
3614,-22.201724196490396
3615,-22.201724196490396
3616,-22.201724196490396
3617,-22.201724196490396
3618,-22.201724196490396
3619,-22.201724196490396
3620,-22.201724196490396
3621,-22.201724196490396
3622,-22.201724196490396
3623,-22.201724196490396
3624,-22.201724196490396
3625,-22.201724196490396
3626,-22.201724196490396
3627,-22.201724196490396
3628,-22.201724196490396
3629,-22.201724196490396
3630,-22.201724196490396
3631,-22.201724196490396
3632,-22.201724196490396
3633,-22.201724196490396
3634,-22.201724196490396
3635,-22.201724196490396
3636,-22.201724196490396
3637,-22.201724196490396
3638,-22.201724196490396
3639,-22.201724196490396
3640,-22.201724196490396
3641,-22.201724196490396
3642,-22.201724196490396
3643,-22.201724196490396
3644,-22.201724196490396
3645,-22.201724196490396
3646,-22.201724196490396
3647,-22.201724196490396
3648,-22.201724196490396
3649,-22.201724196490396
3650,-22.201724196490396
3651,-22.201724196490396
3652,-22.201724196490396
3653,-22.201724196490396
3654,-22.201724196490396
3655,-22.201724196490396
3656,-22.201724196490396
3657,-22.201724196490396
3658,-22.201724196490396
3659,-22.201724196490396
3660,-22.201724196490396
3661,-22.201724196490396
3662,-22.201724196490396
3663,-22.201724196490396
3664,-22.201724196490396
3665,-22.201724196490396
3666,-22.201724196490396
3667,-22.201724196490396
3668,-22.201724196490396
3669,-22.201724196490396
3670,-22.201724196490396
3671,-22.201724196490396
3672,-22.201724196490396
3673,-22.201724196490396
3674,-22.201724196490396
3675,-22.201724196490396
3676,-22.201724196490396
3677,-22.201724196490396
3678,-22.201724196490396
3679,-22.201724196490396
3680,-22.201724196490396
3681,-22.201724196490396
3682,-22.201724196490396
3683,-22.201724196490396
3684,-22.201724196490396
3685,-22.201724196490396
3686,-22.201724196490396
3687,-22.201724196490396
3688,-22.201724196490396
3689,-22.201724196490396
3690,-22.201724196490396
3691,-22.201724196490396
3692,-22.201724196490396
3693,-22.201724196490396
3694,-22.201724196490396
3695,-22.201724196490396
3696,-22.201724196490396
3697,-22.201724196490396
3698,-22.201724196490396
3699,-22.201724196490396
3700,-22.201724196490396
3701,-22.201724196490396
3702,-22.201724196490396
3703,-22.201724196490396
3704,-22.201724196490396
3705,-22.201724196490396
3706,-22.201724196490396
3707,-22.201724196490396
3708,-22.201724196490396
3709,-22.201724196490396
3710,-22.201724196490396
3711,-22.201724196490396
3712,-22.201724196490396
3713,-22.201724196490396
3714,-22.201724196490396
3715,-22.201724196490396
3716,-22.201724196490396
3717,-22.201724196490396
3718,-22.201724196490396
3719,-22.201724196490396
3720,-22.201724196490396
3721,-22.201724196490396
3722,-22.201724196490396
3723,-22.201724196490396
3724,-22.201724196490396
3725,-22.201724196490396
3726,-22.201724196490396
3727,-22.201724196490396
3728,-22.201724196490396
3729,-22.201724196490396
3730,-22.201724196490396
3731,-22.201724196490396
3732,-22.201724196490396
3733,-22.201724196490396
3734,-22.201724196490396
3735,-22.201724196490396
3736,-22.201724196490396
3737,-22.201724196490396
3738,-22.201724196490396
3739,-22.201724196490396
3740,-22.201724196490396
3741,-22.201724196490396
3742,-22.201724196490396
3743,-22.201724196490396
3744,-22.201724196490396
3745,-22.201724196490396
3746,-22.201724196490396
3747,-22.201724196490396
3748,-22.201724196490396
3749,-22.201724196490396
3750,-22.201724196490396
3751,-22.201724196490396
3752,-22.201724196490396
3753,-22.201724196490396
3754,-22.201724196490396
3755,-22.201724196490396
3756,-22.201724196490396
3757,-22.201724196490396
3758,-22.201724196490396
3759,-22.201724196490396
3760,-22.201724196490396
3761,-22.201724196490396
3762,-22.201724196490396
3763,-22.201724196490396
3764,-22.201724196490396
3765,-22.201724196490396
3766,-22.201724196490396
3767,-22.201724196490396
3768,-22.201724196490396
3769,-22.201724196490396
3770,-22.201724196490396
3771,-22.201724196490396
3772,-22.201724196490396
3773,-22.201724196490396
3774,-22.201724196490396
3775,-22.201724196490396
3776,-22.201724196490396
3777,-22.201724196490396
3778,-22.201724196490396
3779,-22.201724196490396
3780,-22.201724196490396
3781,-22.201724196490396
3782,-22.201724196490396
3783,-22.201724196490396
3784,-22.201724196490396
3785,-22.201724196490396
3786,-22.201724196490396
3787,-22.201724196490396
3788,-22.201724196490396
3789,-22.201724196490396
3790,-22.201724196490396
3791,-22.201724196490396
3792,-22.201724196490396
3793,-22.201724196490396
3794,-22.201724196490396
3795,-22.201724196490396
3796,-22.201724196490396
3797,-22.201724196490396
3798,-22.201724196490396
3799,-22.201724196490396
3800,-22.201724196490396
3801,-22.201724196490396
3802,-22.201724196490396
3803,-22.201724196490396
3804,-22.201724196490396
3805,-22.201724196490396
3806,-22.201724196490396
3807,-22.201724196490396
3808,-22.201724196490396
3809,-22.201724196490396
3810,-22.201724196490396
3811,-22.201724196490396
3812,-22.201724196490396
3813,-22.201724196490396
3814,-22.201724196490396
3815,-22.201724196490396
3816,-22.201724196490396
3817,-22.201724196490396
3818,-22.201724196490396
3819,-22.201724196490396
3820,-22.201724196490396
3821,-22.201724196490396
3822,-22.201724196490396
3823,-22.201724196490396
3824,-22.201724196490396
3825,-22.201724196490396
3826,-22.201724196490396
3827,-22.201724196490396
3828,-22.201724196490396
3829,-22.201724196490396
3830,-22.201724196490396
3831,-22.201724196490396
3832,-22.201724196490396
3833,-22.201724196490396
3834,-22.201724196490396
3835,-22.201724196490396
3836,-22.201724196490396
3837,-22.201724196490396
3838,-22.201724196490396
3839,-22.201724196490396
3840,-22.201724196490396
3841,-22.201724196490396
3842,-22.201724196490396
3843,-22.201724196490396
3844,-22.201724196490396
3845,-22.201724196490396
3846,-22.201724196490396
3847,-22.201724196490396
3848,-22.201724196490396
3849,-22.201724196490396
3850,-22.201724196490396
3851,-22.201724196490396
3852,-22.201724196490396
3853,-22.201724196490396
3854,-22.201724196490396
3855,-22.201724196490396
3856,-22.201724196490396
3857,-22.201724196490396
3858,-22.201724196490396
3859,-22.201724196490396
3860,-22.201724196490396
3861,-22.201724196490396
3862,-22.201724196490396
3863,-22.201724196490396
3864,-22.201724196490396
3865,-22.201724196490396
3866,-22.201724196490396
3867,-22.201724196490396
3868,-22.201724196490396
3869,-22.201724196490396
3870,-22.201724196490396
3871,-22.201724196490396
3872,-22.201724196490396
3873,-22.201724196490396
3874,-22.201724196490396
3875,-22.201724196490396
3876,-22.201724196490396
3877,-22.201724196490396
3878,-22.201724196490396
3879,-22.201724196490396
3880,-22.201724196490396
3881,-22.201724196490396
3882,-22.201724196490396
3883,-22.201724196490396
3884,-22.201724196490396
3885,-22.201724196490396
3886,-22.201724196490396
3887,-22.201724196490396
3888,-22.201724196490396
3889,-22.201724196490396
3890,-22.201724196490396
3891,-22.201724196490396
3892,-22.201724196490396
3893,-22.201724196490396
3894,-22.201724196490396
3895,-22.201724196490396
3896,-22.201724196490396
3897,-22.201724196490396
3898,-22.201724196490396
3899,-22.201724196490396
3900,-22.201724196490396
3901,-22.201724196490396
3902,-22.201724196490396
3903,-22.201724196490396
3904,-22.201724196490396
3905,-22.201724196490396
3906,-22.201724196490396
3907,-22.201724196490396
3908,-22.201724196490396
3909,-22.201724196490396
3910,-22.201724196490396
3911,-22.201724196490396
3912,-22.201724196490396
3913,-22.201724196490396
3914,-22.201724196490396
3915,-22.201724196490396
3916,-22.201724196490396
3917,-22.201724196490396
3918,-22.201724196490396
3919,-22.201724196490396
3920,-22.201724196490396
3921,-22.201724196490396
3922,-22.201724196490396
3923,-22.201724196490396
3924,-22.201724196490396
3925,-22.201724196490396
3926,-22.201724196490396
3927,-22.201724196490396
3928,-22.201724196490396
3929,-22.201724196490396
3930,-22.201724196490396
3931,-22.201724196490396
3932,-22.201724196490396
3933,-22.201724196490396
3934,-22.201724196490396
3935,-22.201724196490396
3936,-22.201724196490396
3937,-22.201724196490396
3938,-22.201724196490396
3939,-22.201724196490396
3940,-22.201724196490396
3941,-22.201724196490396
3942,-22.201724196490396
3943,-22.201724196490396
3944,-22.201724196490396
3945,-22.201724196490396
3946,-22.201724196490396
3947,-22.201724196490396
3948,-22.201724196490396
3949,-22.201724196490396
3950,-22.201724196490396
3951,-22.201724196490396
3952,-22.201724196490396
3953,-22.201724196490396
3954,-22.201724196490396
3955,-22.201724196490396
3956,-22.201724196490396
3957,-22.201724196490396
3958,-22.201724196490396
3959,-22.201724196490396
3960,-22.201724196490396
3961,-22.201724196490396
3962,-22.201724196490396
3963,-22.201724196490396
3964,-22.201724196490396
3965,-22.201724196490396
3966,-22.201724196490396
3967,-22.201724196490396
3968,-22.201724196490396
3969,-22.201724196490396
3970,-22.201724196490396
3971,-22.201724196490396
3972,-22.201724196490396
3973,-22.201724196490396
3974,-22.201724196490396
3975,-22.201724196490396
3976,-22.201724196490396
3977,-22.201724196490396
3978,-22.201724196490396
3979,-22.201724196490396
3980,-22.201724196490396
3981,-22.201724196490396
3982,-22.201724196490396
3983,-22.201724196490396
3984,-22.201724196490396
3985,-22.201724196490396
3986,-22.201724196490396
3987,-22.201724196490396
3988,-22.201724196490396
3989,-22.201724196490396
3990,-22.201724196490396
3991,-22.201724196490396
3992,-22.201724196490396
3993,-22.201724196490396
3994,-22.201724196490396
3995,-22.201724196490396
3996,-22.201724196490396
3997,-22.201724196490396
3998,-22.201724196490396
3999,-22.201724196490396
4000,-22.201724196490396
4001,-22.201724196490396
4002,-22.201724196490396
4003,-22.201724196490396
4004,-22.201724196490396
4005,-22.201724196490396
4006,-22.201724196490396
4007,-22.201724196490396
4008,-22.201724196490396
4009,-22.201724196490396
4010,-22.201724196490396
4011,-22.201724196490396
4012,-22.201724196490396
4013,-22.201724196490396
4014,-22.201724196490396
4015,-22.201724196490396
4016,-22.201724196490396
4017,-22.201724196490396
4018,-22.201724196490396
4019,-22.201724196490396
4020,-22.201724196490396
4021,-22.201724196490396
4022,-22.201724196490396
4023,-22.201724196490396
4024,-22.201724196490396
4025,-22.201724196490396
4026,-22.201724196490396
4027,-22.201724196490396
4028,-22.201724196490396
4029,-22.201724196490396
4030,-22.201724196490396
4031,-22.201724196490396
4032,-22.201724196490396
4033,-22.201724196490396
4034,-22.201724196490396
4035,-22.201724196490396
4036,-22.201724196490396
4037,-22.201724196490396
4038,-22.201724196490396
4039,-22.201724196490396
4040,-22.201724196490396
4041,-22.201724196490396
4042,-22.201724196490396
4043,-22.201724196490396
4044,-22.201724196490396
4045,-22.201724196490396
4046,-22.201724196490396
4047,-22.201724196490396
4048,-22.201724196490396
4049,-22.201724196490396
4050,-22.201724196490396
4051,-22.201724196490396
4052,-22.201724196490396
4053,-22.201724196490396
4054,-22.201724196490396
4055,-22.201724196490396
4056,-22.201724196490396
4057,-22.201724196490396
4058,-22.201724196490396
4059,-22.201724196490396
4060,-22.201724196490396
4061,-22.201724196490396
4062,-22.201724196490396
4063,-22.201724196490396
4064,-22.201724196490396
4065,-22.201724196490396
4066,-22.201724196490396
4067,-22.201724196490396
4068,-22.201724196490396
4069,-22.201724196490396
4070,-22.201724196490396
4071,-22.201724196490396
4072,-22.201724196490396
4073,-22.201724196490396
4074,-22.201724196490396
4075,-22.201724196490396
4076,-22.201724196490396
4077,-22.201724196490396
4078,-22.201724196490396
4079,-22.201724196490396
4080,-22.201724196490396
4081,-22.201724196490396
4082,-22.201724196490396
4083,-22.201724196490396
4084,-22.201724196490396
4085,-22.201724196490396
4086,-22.201724196490396
4087,-22.201724196490396
4088,-22.201724196490396
4089,-22.201724196490396
4090,-22.201724196490396
4091,-22.201724196490396
4092,-22.201724196490396
4093,-22.201724196490396
4094,-22.201724196490396
4095,-22.201724196490396
4096,-22.201724196490396
4097,-22.201724196490396
4098,-22.201724196490396
4099,-22.201724196490396
4100,-22.201724196490396
4101,-22.201724196490396
4102,-22.201724196490396
4103,-22.201724196490396
4104,-22.201724196490396
4105,-22.201724196490396
4106,-22.201724196490396
4107,-22.201724196490396
4108,-22.201724196490396
4109,-22.201724196490396
4110,-22.201724196490396
4111,-22.201724196490396
4112,-22.201724196490396
4113,-22.201724196490396
4114,-22.201724196490396
4115,-22.201724196490396
4116,-22.201724196490396
4117,-22.201724196490396
4118,-22.201724196490396
4119,-22.201724196490396
4120,-22.201724196490396
4121,-22.201724196490396
4122,-22.201724196490396
4123,-22.201724196490396
4124,-22.201724196490396
4125,-22.201724196490396
4126,-22.201724196490396
4127,-22.201724196490396
4128,-22.201724196490396
4129,-22.201724196490396
4130,-22.201724196490396
4131,-22.201724196490396
4132,-22.201724196490396
4133,-22.201724196490396
4134,-22.201724196490396
4135,-22.201724196490396
4136,-22.201724196490396
4137,-22.201724196490396
4138,-22.201724196490396
4139,-22.201724196490396
4140,-22.201724196490396
4141,-22.201724196490396
4142,-22.201724196490396
4143,-22.201724196490396
4144,-22.201724196490396
4145,-22.201724196490396
4146,-22.201724196490396
4147,-22.201724196490396
4148,-22.201724196490396
4149,-22.201724196490396
4150,-22.201724196490396
4151,-22.201724196490396
4152,-22.201724196490396
4153,-22.201724196490396
4154,-22.201724196490396
4155,-22.201724196490396
4156,-22.201724196490396
4157,-22.201724196490396
4158,-22.201724196490396
4159,-22.201724196490396
4160,-22.201724196490396
4161,-22.201724196490396
4162,-22.201724196490396
4163,-22.201724196490396
4164,-22.201724196490396
4165,-22.201724196490396
4166,-22.201724196490396
4167,-22.201724196490396
4168,-22.201724196490396
4169,-22.201724196490396
4170,-22.201724196490396
4171,-22.201724196490396
4172,-22.201724196490396
4173,-22.201724196490396
4174,-22.201724196490396
4175,-22.201724196490396
4176,-22.201724196490396
4177,-22.201724196490396
4178,-22.201724196490396
4179,-22.201724196490396
4180,-22.201724196490396
4181,-22.201724196490396
4182,-22.201724196490396
4183,-22.201724196490396
4184,-22.201724196490396
4185,-22.201724196490396
4186,-22.201724196490396
4187,-22.201724196490396
4188,-22.201724196490396
4189,-22.201724196490396
4190,-22.201724196490396
4191,-22.201724196490396
4192,-22.201724196490396
4193,-22.201724196490396
4194,-22.201724196490396
4195,-22.201724196490396
4196,-22.201724196490396
4197,-22.201724196490396
4198,-22.201724196490396
4199,-22.201724196490396
4200,-22.201724196490396
4201,-22.201724196490396
4202,-22.201724196490396
4203,-22.201724196490396
4204,-22.201724196490396
4205,-22.201724196490396
4206,-22.201724196490396
4207,-22.201724196490396
4208,-22.201724196490396
4209,-22.201724196490396
4210,-22.201724196490396
4211,-22.201724196490396
4212,-22.201724196490396
4213,-22.201724196490396
4214,-22.201724196490396
4215,-22.201724196490396
4216,-22.201724196490396
4217,-22.201724196490396
4218,-22.201724196490396
4219,-22.201724196490396
4220,-22.201724196490396
4221,-22.201724196490396
4222,-22.201724196490396
4223,-22.201724196490396
4224,-22.201724196490396
4225,-22.201724196490396
4226,-22.201724196490396
4227,-22.201724196490396
4228,-22.201724196490396
4229,-22.201724196490396
4230,-22.201724196490396
4231,-22.201724196490396
4232,-22.201724196490396
4233,-22.201724196490396
4234,-22.201724196490396
4235,-22.201724196490396
4236,-22.201724196490396
4237,-22.201724196490396
4238,-22.201724196490396
4239,-22.201724196490396
4240,-22.201724196490396
4241,-22.201724196490396
4242,-22.201724196490396
4243,-22.201724196490396
4244,-22.201724196490396
4245,-22.201724196490396
4246,-22.201724196490396
4247,-22.201724196490396
4248,-22.201724196490396
4249,-22.201724196490396
4250,-22.201724196490396
4251,-22.201724196490396
4252,-22.201724196490396
4253,-22.201724196490396
4254,-22.201724196490396
4255,-22.201724196490396
4256,-22.201724196490396
4257,-22.201724196490396
4258,-22.201724196490396
4259,-22.201724196490396
4260,-22.201724196490396
4261,-22.201724196490396
4262,-22.201724196490396
4263,-22.201724196490396
4264,-22.201724196490396
4265,-22.201724196490396
4266,-22.201724196490396
4267,-22.201724196490396
4268,-22.201724196490396
4269,-22.201724196490396
4270,-22.201724196490396
4271,-22.201724196490396
4272,-22.201724196490396
4273,-22.201724196490396
4274,-22.201724196490396
4275,-22.201724196490396
4276,-22.201724196490396
4277,-22.201724196490396
4278,-22.201724196490396
4279,-22.201724196490396
4280,-22.201724196490396
4281,-22.201724196490396
4282,-22.201724196490396
4283,-22.201724196490396
4284,-22.201724196490396
4285,-22.201724196490396
4286,-22.201724196490396
4287,-22.201724196490396
4288,-22.201724196490396
4289,-22.201724196490396
4290,-22.201724196490396
4291,-22.201724196490396
4292,-22.201724196490396
4293,-22.201724196490396
4294,-22.201724196490396
4295,-22.201724196490396
4296,-22.201724196490396
4297,-22.201724196490396
4298,-22.201724196490396
4299,-22.201724196490396
4300,-22.201724196490396
4301,-22.201724196490396
4302,-22.201724196490396
4303,-22.201724196490396
4304,-22.201724196490396
4305,-22.201724196490396
4306,-22.201724196490396
4307,-22.201724196490396
4308,-22.201724196490396
4309,-22.201724196490396
4310,-22.201724196490396
4311,-22.201724196490396
4312,-22.201724196490396
4313,-22.201724196490396
4314,-22.201724196490396
4315,-22.201724196490396
4316,-22.201724196490396
4317,-22.201724196490396
4318,-22.201724196490396
4319,-22.201724196490396
4320,-22.201724196490396
4321,-22.201724196490396
4322,-22.201724196490396
4323,-22.201724196490396
4324,-22.201724196490396
4325,-22.201724196490396
4326,-22.201724196490396
4327,-22.201724196490396
4328,-22.201724196490396
4329,-22.201724196490396
4330,-22.201724196490396
4331,-22.201724196490396
4332,-22.201724196490396
4333,-22.201724196490396
4334,-22.201724196490396
4335,-22.201724196490396
4336,-22.201724196490396
4337,-22.201724196490396
4338,-22.201724196490396
4339,-22.201724196490396
4340,-22.201724196490396
4341,-22.201724196490396
4342,-22.201724196490396
4343,-22.201724196490396
4344,-22.201724196490396
4345,-22.201724196490396
4346,-22.201724196490396
4347,-22.201724196490396
4348,-22.201724196490396
4349,-22.201724196490396
4350,-22.201724196490396
4351,-22.201724196490396
4352,-22.201724196490396
4353,-22.201724196490396
4354,-22.201724196490396
4355,-22.201724196490396
4356,-22.201724196490396
4357,-22.201724196490396
4358,-22.201724196490396
4359,-22.201724196490396
4360,-22.201724196490396
4361,-22.201724196490396
4362,-22.201724196490396
4363,-22.201724196490396
4364,-22.201724196490396
4365,-22.201724196490396
4366,-22.201724196490396
4367,-22.201724196490396
4368,-22.201724196490396
4369,-22.201724196490396
4370,-22.201724196490396
4371,-22.201724196490396
4372,-22.201724196490396
4373,-22.201724196490396
4374,-22.201724196490396
4375,-22.201724196490396
4376,-22.201724196490396
4377,-22.201724196490396
4378,-22.201724196490396
4379,-22.201724196490396
4380,-22.201724196490396
4381,-22.201724196490396
4382,-22.201724196490396
4383,-22.201724196490396
4384,-22.201724196490396
4385,-22.201724196490396
4386,-22.201724196490396
4387,-22.201724196490396
4388,-22.201724196490396
4389,-22.201724196490396
4390,-22.201724196490396
4391,-22.201724196490396
4392,-22.201724196490396
4393,-22.201724196490396
4394,-22.201724196490396
4395,-22.201724196490396
4396,-22.201724196490396
4397,-22.201724196490396
4398,-22.201724196490396
4399,-22.201724196490396
4400,-22.201724196490396
4401,-22.201724196490396
4402,-22.201724196490396
4403,-22.201724196490396
4404,-22.201724196490396
4405,-22.201724196490396
4406,-22.201724196490396
4407,-22.201724196490396
4408,-22.201724196490396
4409,-22.201724196490396
4410,-22.201724196490396
4411,-22.201724196490396
4412,-22.201724196490396
4413,-22.201724196490396
4414,-22.201724196490396
4415,-22.201724196490396
4416,-22.201724196490396
4417,-22.201724196490396
4418,-22.201724196490396
4419,-22.201724196490396
4420,-22.201724196490396
4421,-22.201724196490396
4422,-22.201724196490396
4423,-22.201724196490396
4424,-22.201724196490396
4425,-22.201724196490396
4426,-22.201724196490396
4427,-22.201724196490396
4428,-22.201724196490396
4429,-22.201724196490396
4430,-22.201724196490396
4431,-22.201724196490396
4432,-22.201724196490396
4433,-22.201724196490396
4434,-22.201724196490396
4435,-22.201724196490396
4436,-22.201724196490396
4437,-22.201724196490396
4438,-22.201724196490396
4439,-22.201724196490396
4440,-22.201724196490396
4441,-22.201724196490396
4442,-22.201724196490396
4443,-22.201724196490396
4444,-22.201724196490396
4445,-22.201724196490396
4446,-22.201724196490396
4447,-22.201724196490396
4448,-22.201724196490396
4449,-22.201724196490396
4450,-22.201724196490396
4451,-22.201724196490396
4452,-22.201724196490396
4453,-22.201724196490396
4454,-22.201724196490396
4455,-22.201724196490396
4456,-22.201724196490396
4457,-22.201724196490396
4458,-22.201724196490396
4459,-22.201724196490396
4460,-22.201724196490396
4461,-22.201724196490396
4462,-22.201724196490396
4463,-22.201724196490396
4464,-22.201724196490396
4465,-22.201724196490396
4466,-22.201724196490396
4467,-22.201724196490396
4468,-22.201724196490396
4469,-22.201724196490396
4470,-22.201724196490396
4471,-22.201724196490396
4472,-22.201724196490396
4473,-22.201724196490396
4474,-22.201724196490396
4475,-22.201724196490396
4476,-22.201724196490396
4477,-22.201724196490396
4478,-22.201724196490396
4479,-22.201724196490396
4480,-22.201724196490396
4481,-22.201724196490396
4482,-22.201724196490396
4483,-22.201724196490396
4484,-22.201724196490396
4485,-22.201724196490396
4486,-22.201724196490396
4487,-22.201724196490396
4488,-22.201724196490396
4489,-22.201724196490396
4490,-22.201724196490396
4491,-22.201724196490396
4492,-14.314632164504427
4493,-14.314632164504427
4494,-14.314632164504427
4495,-14.314632164504427
4496,-14.314632164504427
4497,-14.314632164504427
4498,-14.314632164504427
4499,-14.314632164504427
4500,-14.314632164504427
4501,-14.314632164504427
4502,-14.314632164504427
4503,-14.314632164504427
4504,-14.314632164504427
4505,-14.314632164504427
4506,-14.314632164504427
4507,-14.314632164504427
4508,-14.314632164504427
4509,-14.314632164504427
4510,-14.314632164504427
4511,-14.314632164504427
4512,-14.314632164504427
4513,-14.314632164504427
4514,-14.314632164504427
4515,-14.314632164504427
4516,-14.314632164504427
4517,-14.314632164504427
4518,-14.314632164504427
4519,-14.314632164504427
4520,-14.314632164504427
4521,-14.314632164504427
4522,-14.314632164504427
4523,-14.314632164504427
4524,-14.314632164504427
4525,-14.314632164504427
4526,-14.314632164504427
4527,-14.314632164504427
4528,-14.314632164504427
4529,-14.314632164504427
4530,-14.314632164504427
4531,-14.314632164504427
4532,-14.314632164504427
4533,-14.314632164504427
4534,-14.314632164504427
4535,-14.314632164504427
4536,-14.314632164504427
4537,-14.314632164504427
4538,-14.314632164504427
4539,-14.314632164504427
4540,-14.314632164504427
4541,-14.314632164504427
4542,-14.314632164504427
4543,-14.314632164504427
4544,-14.314632164504427
4545,-14.314632164504427
4546,-14.314632164504427
4547,-14.314632164504427
4548,-14.314632164504427
4549,-14.314632164504427
4550,-14.314632164504427
4551,-14.314632164504427
4552,-14.314632164504427
4553,-14.314632164504427
4554,-14.314632164504427
4555,-14.314632164504427
4556,-14.314632164504427
4557,-14.314632164504427
4558,-14.314632164504427
4559,-14.314632164504427
4560,-14.314632164504427
4561,-14.314632164504427
4562,-14.314632164504427
4563,-14.314632164504427
4564,-14.314632164504427
4565,-14.314632164504427
4566,-14.314632164504427
4567,-14.314632164504427
4568,-14.314632164504427
4569,-14.314632164504427
4570,-14.314632164504427
4571,-14.314632164504427
4572,-14.314632164504427
4573,-14.314632164504427
4574,-14.314632164504427
4575,-14.314632164504427
4576,-14.314632164504427
4577,-14.314632164504427
4578,-14.314632164504427
4579,-14.314632164504427
4580,-14.314632164504427
4581,-14.314632164504427
4582,-14.314632164504427
4583,-14.314632164504427
4584,-14.314632164504427
4585,-14.314632164504427
4586,-14.314632164504427
4587,-14.314632164504427
4588,-14.314632164504427
4589,-14.314632164504427
4590,-14.314632164504427
4591,-14.314632164504427
4592,-14.314632164504427
4593,-14.314632164504427
4594,-14.314632164504427
4595,-14.314632164504427
4596,-14.314632164504427
4597,-14.314632164504427
4598,-14.314632164504427
4599,-14.314632164504427
4600,-14.314632164504427
4601,-14.314632164504427
4602,-14.314632164504427
4603,-14.314632164504427
4604,-14.314632164504427
4605,-14.314632164504427
4606,-14.314632164504427
4607,-14.314632164504427
4608,-14.314632164504427
4609,-14.314632164504427
4610,-14.314632164504427
4611,-14.314632164504427
4612,-14.314632164504427
4613,-14.314632164504427
4614,-14.314632164504427
4615,-14.314632164504427
4616,-14.314632164504427
4617,-14.314632164504427
4618,-14.314632164504427
4619,-14.314632164504427
4620,-14.314632164504427
4621,-14.314632164504427
4622,-14.314632164504427
4623,-14.314632164504427
4624,-14.314632164504427
4625,-14.314632164504427
4626,-14.314632164504427
4627,-14.314632164504427
4628,-14.314632164504427
4629,-14.314632164504427
4630,-14.314632164504427
4631,-14.314632164504427
4632,-14.314632164504427
4633,-14.314632164504427
4634,-14.314632164504427
4635,-14.314632164504427
4636,-14.314632164504427
4637,-14.314632164504427
4638,-14.314632164504427
4639,-14.314632164504427
4640,-14.314632164504427
4641,-14.314632164504427
4642,-14.314632164504427
4643,-14.314632164504427
4644,-14.314632164504427
4645,-14.314632164504427
4646,-14.314632164504427
4647,-14.314632164504427
4648,-14.314632164504427
4649,-14.314632164504427
4650,-14.314632164504427
4651,-14.314632164504427
4652,-14.314632164504427
4653,-14.314632164504427
4654,-14.314632164504427
4655,-14.314632164504427
4656,-14.314632164504427
4657,-14.314632164504427
4658,-14.314632164504427
4659,-14.314632164504427
4660,-14.314632164504427
4661,-14.314632164504427
4662,-14.314632164504427
4663,-14.314632164504427
4664,-14.314632164504427
4665,-14.314632164504427
4666,-14.314632164504427
4667,-14.314632164504427
4668,-14.314632164504427
4669,-14.314632164504427
4670,-14.314632164504427
4671,-14.314632164504427
4672,-14.314632164504427
4673,-14.314632164504427
4674,-14.314632164504427
4675,-14.314632164504427
4676,-14.314632164504427
4677,-14.314632164504427
4678,-14.314632164504427
4679,-14.314632164504427
4680,-14.314632164504427
4681,-14.314632164504427
4682,-14.314632164504427
4683,-14.314632164504427
4684,-14.314632164504427
4685,-14.314632164504427
4686,-14.314632164504427
4687,-14.314632164504427
4688,-14.314632164504427
4689,-14.314632164504427
4690,-14.314632164504427
4691,-14.314632164504427
4692,-14.314632164504427
4693,-14.314632164504427
4694,-14.314632164504427
4695,-14.314632164504427
4696,-14.314632164504427
4697,-14.314632164504427
4698,-14.314632164504427
4699,-14.314632164504427
4700,-14.314632164504427
4701,-14.314632164504427
4702,-14.314632164504427
4703,-14.314632164504427
4704,-14.314632164504427
4705,-14.314632164504427
4706,-14.314632164504427
4707,-14.314632164504427
4708,-14.314632164504427
4709,-14.314632164504427
4710,-14.314632164504427
4711,-14.314632164504427
4712,-14.314632164504427
4713,-14.314632164504427
4714,-14.314632164504427
4715,-14.314632164504427
4716,-14.314632164504427
4717,-14.314632164504427
4718,-14.314632164504427
4719,-14.314632164504427
4720,-14.314632164504427
4721,-14.314632164504427
4722,-14.314632164504427
4723,-14.314632164504427
4724,-14.314632164504427
4725,-14.314632164504427
4726,-14.314632164504427
4727,-14.314632164504427
4728,-14.314632164504427
4729,-14.314632164504427
4730,-14.314632164504427
4731,-14.314632164504427
4732,-14.314632164504427
4733,-14.314632164504427
4734,-14.314632164504427
4735,-14.314632164504427
4736,-14.314632164504427
4737,-14.314632164504427
4738,-14.314632164504427
4739,-14.314632164504427
4740,-14.314632164504427
4741,-14.314632164504427
4742,-14.314632164504427
4743,-14.314632164504427
4744,-14.314632164504427
4745,-14.314632164504427
4746,-14.314632164504427
4747,-14.314632164504427
4748,-14.314632164504427
4749,-14.314632164504427
4750,-14.314632164504427
4751,-14.314632164504427
4752,-14.314632164504427
4753,-14.314632164504427
4754,-14.314632164504427
4755,-14.314632164504427
4756,-14.314632164504427
4757,-14.314632164504427
4758,-14.314632164504427
4759,-14.314632164504427
4760,-14.314632164504427
4761,-3.0834131109564047
4762,-3.0834131109564047
4763,-3.0834131109564047
4764,-3.0834131109564047
4765,-3.0834131109564047
4766,-3.0834131109564047
4767,-3.0834131109564047
4768,-3.0834131109564047
4769,-3.0834131109564047
4770,-3.0834131109564047
4771,-3.0834131109564047
4772,-3.0834131109564047
4773,-3.0834131109564047
4774,-3.0834131109564047
4775,-3.0834131109564047
4776,-3.0834131109564047
4777,-3.0834131109564047
4778,-3.0834131109564047
4779,-3.0834131109564047
4780,-3.0834131109564047
4781,-3.0834131109564047
4782,-3.0834131109564047
4783,-3.0834131109564047
4784,-3.0834131109564047
4785,-3.0834131109564047
4786,-3.0834131109564047
4787,-3.0834131109564047
4788,-3.0834131109564047
4789,-3.0834131109564047
4790,-3.0834131109564047
4791,-3.0834131109564047
4792,-3.0834131109564047
4793,-3.0834131109564047
4794,-3.0834131109564047
4795,-3.0834131109564047
4796,-3.0834131109564047
4797,-3.0834131109564047
4798,-3.0834131109564047
4799,-3.0834131109564047
4800,-3.0834131109564047
4801,-3.0834131109564047
4802,-3.0834131109564047
4803,-3.0834131109564047
4804,-3.0834131109564047
4805,-3.0834131109564047
4806,-3.0834131109564047
4807,-3.0834131109564047
4808,-3.0834131109564047
4809,-3.0834131109564047
4810,-3.0834131109564047
4811,-3.0834131109564047
4812,-3.0834131109564047
4813,-3.0834131109564047
4814,-3.0834131109564047
4815,-3.0834131109564047
4816,-3.0834131109564047
4817,-3.0834131109564047
4818,-3.0834131109564047
4819,-3.0834131109564047
4820,-3.0834131109564047
4821,-3.0834131109564047
4822,-3.0834131109564047
4823,-3.0834131109564047
4824,-3.0834131109564047
4825,-3.0834131109564047
4826,-3.0834131109564047
4827,-3.0834131109564047
4828,-3.0834131109564047
4829,-3.0834131109564047
4830,-3.0834131109564047
4831,-3.0834131109564047
4832,-3.0834131109564047
4833,-3.0834131109564047
4834,-3.0834131109564047
4835,-3.0834131109564047
4836,-3.0834131109564047
4837,-3.0834131109564047
4838,-3.0834131109564047
4839,-3.0834131109564047
4840,-3.0834131109564047
4841,-3.0834131109564047
4842,-3.0834131109564047
4843,-3.0834131109564047
4844,-3.0834131109564047
4845,-3.0834131109564047
4846,-3.0834131109564047
4847,-3.0834131109564047
4848,-3.0834131109564047
4849,-3.0834131109564047
4850,-3.0834131109564047
4851,-3.0834131109564047
4852,-3.0834131109564047
4853,-3.0834131109564047
4854,-3.0834131109564047
4855,-3.0834131109564047
4856,-3.0834131109564047
4857,-3.0834131109564047
4858,-3.0834131109564047
4859,-3.0834131109564047
4860,-3.0834131109564047
4861,-3.0834131109564047
4862,-3.0834131109564047
4863,-3.0834131109564047
4864,-3.0834131109564047
4865,-3.0834131109564047
4866,-3.0834131109564047
4867,-3.0834131109564047
4868,-3.0834131109564047
4869,-3.0834131109564047
4870,-3.0834131109564047
4871,-3.0834131109564047
4872,-3.0834131109564047
4873,-3.0834131109564047
4874,-3.0834131109564047
4875,-3.0834131109564047
4876,-3.0834131109564047
4877,-3.0834131109564047
4878,-3.0834131109564047
4879,-3.0834131109564047
4880,-3.0834131109564047
4881,-3.0834131109564047
4882,-3.0834131109564047
4883,-3.0834131109564047
4884,-3.0834131109564047
4885,-3.0834131109564047
4886,-3.0834131109564047
4887,-3.0834131109564047
4888,-3.0834131109564047
4889,-3.0834131109564047
4890,-3.0834131109564047
4891,-3.0834131109564047
4892,-3.0834131109564047
4893,-3.0834131109564047
4894,-3.0834131109564047
4895,-3.0834131109564047
4896,-3.0834131109564047
4897,-3.0834131109564047
4898,-3.0834131109564047
4899,-3.0834131109564047
4900,-3.0834131109564047
4901,-3.0834131109564047
4902,-3.0834131109564047
4903,-3.0834131109564047
4904,-3.0834131109564047
4905,-3.0834131109564047
4906,-3.0834131109564047
4907,-3.0834131109564047
4908,-3.0834131109564047
4909,-3.0834131109564047
4910,-3.0834131109564047
4911,-3.0834131109564047
4912,-3.0834131109564047
4913,-3.0834131109564047
4914,-3.0834131109564047
4915,-3.0834131109564047
4916,-3.0834131109564047
4917,-3.0834131109564047
4918,-3.0834131109564047
4919,-3.0834131109564047
4920,-3.0834131109564047
4921,-3.0834131109564047
4922,-3.0834131109564047
4923,-3.0834131109564047
4924,-3.0834131109564047
4925,-3.0834131109564047
4926,-3.0834131109564047
4927,-3.0834131109564047
4928,-3.0834131109564047
4929,-3.0834131109564047
4930,-3.0834131109564047
4931,-3.0834131109564047
4932,-3.0834131109564047
4933,-3.0834131109564047
4934,-3.0834131109564047
4935,-3.0834131109564047
4936,-3.0834131109564047
4937,-3.0834131109564047
4938,-3.0834131109564047
4939,-3.0834131109564047
4940,-3.0834131109564047
4941,-3.0834131109564047
4942,-3.0834131109564047
4943,-3.0834131109564047
4944,-3.0834131109564047
4945,-3.0834131109564047
4946,-3.0834131109564047
4947,-3.0834131109564047
4948,-3.0834131109564047
4949,-3.0834131109564047
4950,-3.0834131109564047
4951,-3.0834131109564047
4952,-3.0834131109564047
4953,-3.0834131109564047
4954,-3.0834131109564047
4955,-3.0834131109564047
4956,-3.0834131109564047
4957,-3.0834131109564047
4958,-3.0834131109564047
4959,-3.0834131109564047
4960,-3.0834131109564047
4961,-3.0834131109564047
4962,-3.0834131109564047
4963,-3.0834131109564047
4964,-3.0834131109564047
4965,-3.0834131109564047
4966,-3.0834131109564047
4967,-3.0834131109564047
4968,-3.0834131109564047
4969,-3.0834131109564047
4970,-3.0834131109564047
4971,-3.0834131109564047
4972,-3.0834131109564047
4973,-3.0834131109564047
4974,-3.0834131109564047
4975,-3.0834131109564047
4976,-3.0834131109564047
4977,-3.0834131109564047
4978,-3.0834131109564047
4979,-3.0834131109564047
4980,-3.0834131109564047
4981,-3.0834131109564047
4982,-3.0834131109564047
4983,-3.0834131109564047
4984,-3.0834131109564047
4985,-3.0834131109564047
4986,-3.0834131109564047
4987,-3.0834131109564047
4988,-3.0834131109564047
4989,-3.0834131109564047
4990,-3.0834131109564047
4991,-3.0834131109564047
4992,-3.0834131109564047
4993,-3.0834131109564047
4994,-3.0834131109564047
4995,-3.0834131109564047
4996,-3.0834131109564047
4997,-3.0834131109564047
4998,-3.0834131109564047
4999,-3.0834131109564047
5000,-3.0834131109564047
5001,-3.0834131109564047
5002,-3.0834131109564047
5003,-3.0834131109564047
5004,-3.0834131109564047
5005,-3.0834131109564047
5006,-3.0834131109564047
5007,-3.0834131109564047
5008,-3.0834131109564047
5009,-3.0834131109564047
5010,-3.0834131109564047
5011,-3.0834131109564047
5012,-3.0834131109564047
5013,-3.0834131109564047
5014,-3.0834131109564047
5015,-3.0834131109564047
5016,-3.0834131109564047
5017,-3.0834131109564047
5018,-3.0834131109564047
5019,-3.0834131109564047
5020,-3.0834131109564047
5021,-3.0834131109564047
5022,-3.0834131109564047
5023,-3.0834131109564047
5024,-3.0834131109564047
5025,-3.0834131109564047
5026,-3.0834131109564047
5027,-3.0834131109564047
5028,-3.0834131109564047
5029,-3.0834131109564047
5030,-3.0834131109564047
5031,-3.0834131109564047
5032,-3.0834131109564047
5033,-3.0834131109564047
5034,-3.0834131109564047
5035,-3.0834131109564047
5036,-3.0834131109564047
5037,-3.0834131109564047
5038,-3.0834131109564047
5039,-3.0834131109564047
5040,-3.0834131109564047
5041,-3.0834131109564047
5042,-3.0834131109564047
5043,-3.0834131109564047
5044,-3.0834131109564047
5045,-3.0834131109564047
5046,-3.0834131109564047
5047,-3.0834131109564047
5048,-3.0834131109564047
5049,-3.0834131109564047
5050,-3.0834131109564047
5051,-3.0834131109564047
5052,-3.0834131109564047
5053,-3.0834131109564047
5054,-3.0834131109564047
5055,-3.0834131109564047
5056,-3.0834131109564047
5057,-3.0834131109564047
5058,-3.0834131109564047
5059,-3.0834131109564047
5060,-3.0834131109564047
5061,-3.0834131109564047
5062,-3.0834131109564047
5063,-3.0834131109564047
5064,-3.0834131109564047
5065,-3.0834131109564047
5066,-3.0834131109564047
5067,-3.0834131109564047
5068,-3.0834131109564047
5069,-3.0834131109564047
5070,-3.0834131109564047
5071,-3.0834131109564047
5072,-3.0834131109564047
5073,-3.0834131109564047
5074,-3.0834131109564047
5075,-3.0834131109564047
5076,-3.0834131109564047
5077,-3.0834131109564047
5078,-3.0834131109564047
5079,-3.0834131109564047
5080,-3.0834131109564047
5081,-3.0834131109564047
5082,-3.0834131109564047
5083,-3.0834131109564047
5084,-3.0834131109564047
5085,-3.0834131109564047
5086,-3.0834131109564047
5087,-3.0834131109564047
5088,-3.0834131109564047
5089,-3.0834131109564047
5090,-3.0834131109564047
5091,-3.0834131109564047
5092,-3.0834131109564047
5093,-3.0834131109564047
5094,-3.0834131109564047
5095,-3.0834131109564047
5096,-3.0834131109564047
5097,-3.0834131109564047
5098,-3.0834131109564047
5099,-3.0834131109564047
5100,-3.0834131109564047
5101,-3.0834131109564047
5102,-3.0834131109564047
5103,-3.0834131109564047
5104,-3.0834131109564047
5105,-3.0834131109564047
5106,-3.0834131109564047
5107,-3.0834131109564047
5108,-3.0834131109564047
5109,-3.0834131109564047
5110,-3.0834131109564047
5111,-3.0834131109564047
5112,-3.0834131109564047
5113,-3.0834131109564047
5114,-3.0834131109564047
5115,-3.0834131109564047
5116,-3.0834131109564047
5117,-3.0834131109564047
5118,-3.0834131109564047
5119,-3.0834131109564047
5120,-3.0834131109564047
5121,-3.0834131109564047
5122,-3.0834131109564047
5123,-3.0834131109564047
5124,-3.0834131109564047
5125,-3.0834131109564047
5126,-3.0834131109564047
5127,-3.0834131109564047
5128,-3.0834131109564047
5129,-3.0834131109564047
5130,-3.0834131109564047
5131,-3.0834131109564047
5132,-3.0834131109564047
5133,-3.0834131109564047
5134,-3.0834131109564047
5135,-3.0834131109564047
5136,-3.0834131109564047
5137,-3.0834131109564047
5138,-3.0834131109564047
5139,-3.0834131109564047
5140,-3.0834131109564047
5141,-3.0834131109564047
5142,-3.0834131109564047
5143,-3.0834131109564047
5144,-3.0834131109564047
5145,-3.0834131109564047
5146,-3.0834131109564047
5147,-3.0834131109564047
5148,-3.0834131109564047
5149,-3.0834131109564047
5150,-3.0834131109564047
5151,-3.0834131109564047
5152,-3.0834131109564047
5153,-3.0834131109564047
5154,-3.0834131109564047
5155,-3.0834131109564047
5156,-3.0834131109564047
5157,-3.0834131109564047
5158,-3.0834131109564047
5159,-3.0834131109564047
5160,-3.0834131109564047
5161,-3.0834131109564047
5162,-3.0834131109564047
5163,-3.0834131109564047
5164,-3.0834131109564047
5165,-3.0834131109564047
5166,-3.0834131109564047
5167,-3.0834131109564047
5168,-3.0834131109564047
5169,-3.0834131109564047
5170,-3.0834131109564047
5171,-3.0834131109564047
5172,-3.0834131109564047
5173,-3.0834131109564047
5174,-3.0834131109564047
5175,-3.0834131109564047
5176,-3.0834131109564047
5177,-3.0834131109564047
5178,-3.0834131109564047
5179,-3.0834131109564047
5180,-3.0834131109564047
5181,-3.0834131109564047
5182,-3.0834131109564047
5183,-3.0834131109564047
5184,-3.0834131109564047
5185,-3.0834131109564047
5186,-3.0834131109564047
5187,-3.0834131109564047
5188,-3.0834131109564047
5189,-3.0834131109564047
5190,-3.0834131109564047
5191,-3.0834131109564047
5192,-3.0834131109564047
5193,-3.0834131109564047
5194,-3.0834131109564047
5195,-3.0834131109564047
5196,-3.0834131109564047
5197,-3.0834131109564047
5198,-3.0834131109564047
5199,-3.0834131109564047
5200,-3.0834131109564047
5201,-3.0834131109564047
5202,-3.0834131109564047
5203,-3.0834131109564047
5204,-3.0834131109564047
5205,-3.0834131109564047
5206,-3.0834131109564047
5207,-3.0834131109564047
5208,-3.0834131109564047
5209,-3.0834131109564047
5210,-3.0834131109564047
5211,-3.0834131109564047
5212,-3.0834131109564047
5213,-3.0834131109564047
5214,-3.0834131109564047
5215,-3.0834131109564047
5216,-3.0834131109564047
5217,-3.0834131109564047
5218,-3.0834131109564047
5219,-3.0834131109564047
5220,-3.0834131109564047
5221,-3.0834131109564047
5222,-3.0834131109564047
5223,-3.0834131109564047
5224,-3.0834131109564047
5225,-3.0834131109564047
5226,-3.0834131109564047
5227,-3.0834131109564047
5228,-3.0834131109564047
5229,-3.0834131109564047
5230,-3.0834131109564047
5231,-3.0834131109564047
5232,-3.0834131109564047
5233,-3.0834131109564047
5234,-3.0834131109564047
5235,-3.0834131109564047
5236,-3.0834131109564047
5237,-3.0834131109564047
5238,-3.0834131109564047
5239,-3.0834131109564047
5240,-3.0834131109564047
5241,-3.0834131109564047
5242,-3.0834131109564047
5243,-3.0834131109564047
5244,-3.0834131109564047
5245,-3.0834131109564047
5246,-3.0834131109564047
5247,-3.0834131109564047
5248,-3.0834131109564047
5249,-3.0834131109564047
5250,-3.0834131109564047
5251,-3.0834131109564047
5252,-3.0834131109564047
5253,-3.0834131109564047
5254,-3.0834131109564047
5255,-3.0834131109564047
5256,-3.0834131109564047
5257,-3.0834131109564047
5258,-3.0834131109564047
5259,-3.0834131109564047
5260,-3.0834131109564047
5261,-3.0834131109564047
5262,-3.0834131109564047
5263,-3.0834131109564047
5264,-3.0834131109564047
5265,-3.0834131109564047
5266,-3.0834131109564047
5267,-3.0834131109564047
5268,-3.0834131109564047
5269,-3.0834131109564047
5270,-3.0834131109564047
5271,-3.0834131109564047
5272,-3.0834131109564047
5273,-3.0834131109564047
5274,-3.0834131109564047
5275,-3.0834131109564047
5276,-3.0834131109564047
5277,-3.0834131109564047
5278,-3.0834131109564047
5279,-3.0834131109564047
5280,-3.0834131109564047
5281,-3.0834131109564047
5282,-3.0834131109564047
5283,-3.0834131109564047
5284,-3.0834131109564047
5285,-3.0834131109564047
5286,-3.0834131109564047
5287,-3.0834131109564047
5288,-3.0834131109564047
5289,-3.0834131109564047
5290,-3.0834131109564047
5291,-3.0834131109564047
5292,-3.0834131109564047
5293,-3.0834131109564047
5294,-3.0834131109564047
5295,-3.0834131109564047
5296,-3.0834131109564047
5297,-3.0834131109564047
5298,8.147805942591615
5299,8.147805942591615
5300,8.147805942591615
5301,8.147805942591615
5302,8.147805942591615
5303,8.147805942591615
5304,8.147805942591615
5305,8.147805942591615
5306,8.147805942591615
5307,8.147805942591615
5308,8.147805942591615
5309,8.147805942591615
5310,8.147805942591615
5311,8.147805942591615
5312,8.147805942591615
5313,8.147805942591615
5314,8.147805942591615
5315,8.147805942591615
5316,8.147805942591615
5317,8.147805942591615
5318,8.147805942591615
5319,8.147805942591615
5320,8.147805942591615
5321,8.147805942591615
5322,8.147805942591615
5323,8.147805942591615
5324,8.147805942591615
5325,8.147805942591615
5326,8.147805942591615
5327,8.147805942591615
5328,8.147805942591615
5329,8.147805942591615
5330,8.147805942591615
5331,8.147805942591615
5332,8.147805942591615
5333,8.147805942591615
5334,8.147805942591615
5335,8.147805942591615
5336,8.147805942591615
5337,8.147805942591615
5338,8.147805942591615
5339,8.147805942591615
5340,8.147805942591615
5341,8.147805942591615
5342,8.147805942591615
5343,8.147805942591615
5344,8.147805942591615
5345,8.147805942591615
5346,8.147805942591615
5347,8.147805942591615
5348,8.147805942591615
5349,8.147805942591615
5350,8.147805942591615
5351,8.147805942591615
5352,8.147805942591615
5353,8.147805942591615
5354,8.147805942591615
5355,8.147805942591615
5356,8.147805942591615
5357,8.147805942591615
5358,8.147805942591615
5359,8.147805942591615
5360,8.147805942591615
5361,8.147805942591615
5362,8.147805942591615
5363,8.147805942591615
5364,8.147805942591615
5365,8.147805942591615
5366,8.147805942591615
5367,8.147805942591615
5368,8.147805942591615
5369,8.147805942591615
5370,8.147805942591615
5371,8.147805942591615
5372,8.147805942591615
5373,8.147805942591615
5374,8.147805942591615
5375,8.147805942591615
5376,8.147805942591615
5377,8.147805942591615
5378,8.147805942591615
5379,8.147805942591615
5380,8.147805942591615
5381,8.147805942591615
5382,8.147805942591615
5383,8.147805942591615
5384,8.147805942591615
5385,8.147805942591615
5386,8.147805942591615
5387,8.147805942591615
5388,8.147805942591615
5389,8.147805942591615
5390,8.147805942591615
5391,8.147805942591615
5392,8.147805942591615
5393,8.147805942591615
5394,8.147805942591615
5395,8.147805942591615
5396,8.147805942591615
5397,8.147805942591615
5398,8.147805942591615
5399,8.147805942591615
5400,8.147805942591615
5401,8.147805942591615
5402,8.147805942591615
5403,8.147805942591615
5404,8.147805942591615
5405,8.147805942591615
5406,8.147805942591615
5407,8.147805942591615
5408,8.147805942591615
5409,8.147805942591615
5410,8.147805942591615
5411,8.147805942591615
5412,8.147805942591615
5413,8.147805942591615
5414,8.147805942591615
5415,8.147805942591615
5416,8.147805942591615
5417,8.147805942591615
5418,8.147805942591615
5419,8.147805942591615
5420,8.147805942591615
5421,8.147805942591615
5422,8.147805942591615
5423,8.147805942591615
5424,8.147805942591615
5425,8.147805942591615
5426,8.147805942591615
5427,8.147805942591615
5428,8.147805942591615
5429,8.147805942591615
5430,8.147805942591615
5431,8.147805942591615
5432,8.147805942591615
5433,8.147805942591615
5434,8.147805942591615
5435,8.147805942591615
5436,8.147805942591615
5437,8.147805942591615
5438,8.147805942591615
5439,8.147805942591615
5440,8.147805942591615
5441,8.147805942591615
5442,8.147805942591615
5443,8.147805942591615
5444,8.147805942591615
5445,8.147805942591615
5446,8.147805942591615
5447,8.147805942591615
5448,8.147805942591615
5449,8.147805942591615
5450,8.147805942591615
5451,8.147805942591615
5452,8.147805942591615
5453,8.147805942591615
5454,8.147805942591615
5455,8.147805942591615
5456,8.147805942591615
5457,8.147805942591615
5458,8.147805942591615
5459,8.147805942591615
5460,8.147805942591615
5461,8.147805942591615
5462,8.147805942591615
5463,8.147805942591615
5464,8.147805942591615
5465,8.147805942591615
5466,8.147805942591615
5467,8.147805942591615
5468,8.147805942591615
5469,8.147805942591615
5470,8.147805942591615
5471,8.147805942591615
5472,8.147805942591615
5473,8.147805942591615
5474,8.147805942591615
5475,8.147805942591615
5476,8.147805942591615
5477,8.147805942591615
5478,8.147805942591615
5479,8.147805942591615
5480,8.147805942591615
5481,8.147805942591615
5482,8.147805942591615
5483,8.147805942591615
5484,8.147805942591615
5485,8.147805942591615
5486,8.147805942591615
5487,8.147805942591615
5488,8.147805942591615
5489,8.147805942591615
5490,8.147805942591615
5491,8.147805942591615
5492,8.147805942591615
5493,8.147805942591615
5494,8.147805942591615
5495,8.147805942591615
5496,8.147805942591615
5497,8.147805942591615
5498,8.147805942591615
5499,8.147805942591615
5500,8.147805942591615
5501,8.147805942591615
5502,8.147805942591615
5503,8.147805942591615
5504,8.147805942591615
5505,8.147805942591615
5506,8.147805942591615
5507,8.147805942591615
5508,8.147805942591615
5509,8.147805942591615
5510,8.147805942591615
5511,8.147805942591615
5512,8.147805942591615
5513,8.147805942591615
5514,8.147805942591615
5515,8.147805942591615
5516,8.147805942591615
5517,8.147805942591615
5518,8.147805942591615
5519,8.147805942591615
5520,8.147805942591615
5521,8.147805942591615
5522,8.147805942591615
5523,8.147805942591615
5524,8.147805942591615
5525,8.147805942591615
5526,8.147805942591615
5527,8.147805942591615
5528,8.147805942591615
5529,8.147805942591615
5530,8.147805942591615
5531,8.147805942591615
5532,8.147805942591615
5533,8.147805942591615
5534,8.147805942591615
5535,8.147805942591615
5536,8.147805942591615
5537,8.147805942591615
5538,8.147805942591615
5539,8.147805942591615
5540,8.147805942591615
5541,8.147805942591615
5542,8.147805942591615
5543,8.147805942591615
5544,8.147805942591615
5545,8.147805942591615
5546,8.147805942591615
5547,8.147805942591615
5548,8.147805942591615
5549,8.147805942591615
5550,8.147805942591615
5551,8.147805942591615
5552,8.147805942591615
5553,8.147805942591615
5554,8.147805942591615
5555,8.147805942591615
5556,8.147805942591615
5557,8.147805942591615
5558,8.147805942591615
5559,8.147805942591615
5560,8.147805942591615
5561,8.147805942591615
5562,8.147805942591615
5563,8.147805942591615
5564,8.147805942591615
5565,8.147805942591615
5566,8.147805942591615
5567,8.147805942591615
5568,8.147805942591615
5569,8.147805942591615
5570,8.147805942591615
5571,8.147805942591615
5572,8.147805942591615
5573,8.147805942591615
5574,8.147805942591615
5575,8.147805942591615
5576,8.147805942591615
5577,8.147805942591615
5578,8.147805942591615
5579,8.147805942591615
5580,8.147805942591615
5581,8.147805942591615
5582,8.147805942591615
5583,8.147805942591615
5584,8.147805942591615
5585,8.147805942591615
5586,8.147805942591615
5587,8.147805942591615
5588,8.147805942591615
5589,8.147805942591615
5590,8.147805942591615
5591,8.147805942591615
5592,8.147805942591615
5593,8.147805942591615
5594,8.147805942591615
5595,8.147805942591615
5596,8.147805942591615
5597,8.147805942591615
5598,8.147805942591615
5599,8.147805942591615
5600,8.147805942591615
5601,8.147805942591615
5602,8.147805942591615
5603,8.147805942591615
5604,8.147805942591615
5605,8.147805942591615
5606,8.147805942591615
5607,8.147805942591615
5608,8.147805942591615
5609,8.147805942591615
5610,8.147805942591615
5611,8.147805942591615
5612,8.147805942591615
5613,8.147805942591615
5614,8.147805942591615
5615,8.147805942591615
5616,8.147805942591615
5617,8.147805942591615
5618,8.147805942591615
5619,8.147805942591615
5620,8.147805942591615
5621,8.147805942591615
5622,8.147805942591615
5623,8.147805942591615
5624,8.147805942591615
5625,8.147805942591615
5626,8.147805942591615
5627,8.147805942591615
5628,8.147805942591615
5629,8.147805942591615
5630,8.147805942591615
5631,8.147805942591615
5632,8.147805942591615
5633,8.147805942591615
5634,8.147805942591615
5635,8.147805942591615
5636,8.147805942591615
5637,8.147805942591615
5638,8.147805942591615
5639,8.147805942591615
5640,8.147805942591615
5641,8.147805942591615
5642,8.147805942591615
5643,8.147805942591615
5644,8.147805942591615
5645,8.147805942591615
5646,8.147805942591615
5647,8.147805942591615
5648,8.147805942591615
5649,8.147805942591615
5650,8.147805942591615
5651,8.147805942591615
5652,8.147805942591615
5653,8.147805942591615
5654,8.147805942591615
5655,8.147805942591615
5656,8.147805942591615
5657,8.147805942591615
5658,8.147805942591615
5659,8.147805942591615
5660,8.147805942591615
5661,8.147805942591615
5662,8.147805942591615
5663,8.147805942591615
5664,8.147805942591615
5665,8.147805942591615
5666,8.147805942591615
5667,8.147805942591615
5668,8.147805942591615
5669,8.147805942591615
5670,8.147805942591615
5671,8.147805942591615
5672,8.147805942591615
5673,8.147805942591615
5674,8.147805942591615
5675,8.147805942591615
5676,8.147805942591615
5677,8.147805942591615
5678,8.147805942591615
5679,8.147805942591615
5680,8.147805942591615
5681,8.147805942591615
5682,8.147805942591615
5683,8.147805942591615
5684,8.147805942591615
5685,8.147805942591615
5686,8.147805942591615
5687,8.147805942591615
5688,8.147805942591615
5689,8.147805942591615
5690,8.147805942591615
5691,8.147805942591615
5692,8.147805942591615
5693,8.147805942591615
5694,8.147805942591615
5695,8.147805942591615
5696,8.147805942591615
5697,8.147805942591615
5698,8.147805942591615
5699,8.147805942591615
5700,8.147805942591615
5701,8.147805942591615
5702,8.147805942591615
5703,8.147805942591615
5704,8.147805942591615
5705,8.147805942591615
5706,8.147805942591615
5707,8.147805942591615
5708,8.147805942591615
5709,8.147805942591615
5710,8.147805942591615
5711,8.147805942591615
5712,8.147805942591615
5713,8.147805942591615
5714,8.147805942591615
5715,8.147805942591615
5716,8.147805942591615
5717,8.147805942591615
5718,8.147805942591615
5719,8.147805942591615
5720,8.147805942591615
5721,8.147805942591615
5722,8.147805942591615
5723,8.147805942591615
5724,8.147805942591615
5725,8.147805942591615
5726,8.147805942591615
5727,8.147805942591615
5728,8.147805942591615
5729,8.147805942591615
5730,8.147805942591615
5731,8.147805942591615
5732,8.147805942591615
5733,8.147805942591615
5734,8.147805942591615
5735,8.147805942591615
5736,8.147805942591615
5737,8.147805942591615
5738,8.147805942591615
5739,8.147805942591615
5740,8.147805942591615
5741,8.147805942591615
5742,8.147805942591615
5743,8.147805942591615
5744,8.147805942591615
5745,8.147805942591615
5746,8.147805942591615
5747,8.147805942591615
5748,8.147805942591615
5749,8.147805942591615
5750,8.147805942591615
5751,8.147805942591615
5752,8.147805942591615
5753,8.147805942591615
5754,8.147805942591615
5755,8.147805942591615
5756,8.147805942591615
5757,8.147805942591615
5758,8.147805942591615
5759,8.147805942591615
5760,8.147805942591615
5761,8.147805942591615
5762,8.147805942591615
5763,8.147805942591615
5764,8.147805942591615
5765,8.147805942591615
5766,8.147805942591615
5767,8.147805942591615
5768,8.147805942591615
5769,8.147805942591615
5770,8.147805942591615
5771,8.147805942591615
5772,8.147805942591615
5773,8.147805942591615
5774,8.147805942591615
5775,8.147805942591615
5776,8.147805942591615
5777,8.147805942591615
5778,8.147805942591615
5779,8.147805942591615
5780,8.147805942591615
5781,8.147805942591615
5782,8.147805942591615
5783,8.147805942591615
5784,8.147805942591615
5785,8.147805942591615
5786,8.147805942591615
5787,8.147805942591615
5788,8.147805942591615
5789,8.147805942591615
5790,8.147805942591615
5791,8.147805942591615
5792,8.147805942591615
5793,8.147805942591615
5794,8.147805942591615
5795,8.147805942591615
5796,8.147805942591615
5797,8.147805942591615
5798,8.147805942591615
5799,8.147805942591615
5800,8.147805942591615
5801,8.147805942591615
5802,8.147805942591615
5803,8.147805942591615
5804,8.147805942591615
5805,8.147805942591615
5806,8.147805942591615
5807,8.147805942591615
5808,8.147805942591615
5809,8.147805942591615
5810,8.147805942591615
5811,8.147805942591615
5812,8.147805942591615
5813,8.147805942591615
5814,8.147805942591615
5815,8.147805942591615
5816,8.147805942591615
5817,8.147805942591615
5818,8.147805942591615
5819,8.147805942591615
5820,8.147805942591615
5821,8.147805942591615
5822,8.147805942591615
5823,8.147805942591615
5824,8.147805942591615
5825,8.147805942591615
5826,8.147805942591615
5827,8.147805942591615
5828,8.147805942591615
5829,8.147805942591615
5830,8.147805942591615
5831,8.147805942591615
5832,8.147805942591615
5833,8.147805942591615
5834,8.147805942591615
5835,8.147805942591615
5836,8.147805942591615
5837,8.147805942591615
5838,8.147805942591615
5839,8.147805942591615
5840,8.147805942591615
5841,8.147805942591615
5842,8.147805942591615
5843,8.147805942591615
5844,8.147805942591615
5845,8.147805942591615
5846,8.147805942591615
5847,8.147805942591615
5848,8.147805942591615
5849,8.147805942591615
5850,8.147805942591615
5851,8.147805942591615
5852,8.147805942591615
5853,8.147805942591615
5854,8.147805942591615
5855,8.147805942591615
5856,8.147805942591615
5857,8.147805942591615
5858,8.147805942591615
5859,8.147805942591615
5860,8.147805942591615
5861,8.147805942591615
5862,8.147805942591615
5863,8.147805942591615
5864,8.147805942591615
5865,8.147805942591615
5866,8.147805942591615
5867,8.147805942591615
5868,8.147805942591615
5869,8.147805942591615
5870,8.147805942591615
5871,8.147805942591615
5872,8.147805942591615
5873,8.147805942591615
5874,8.147805942591615
5875,8.147805942591615
5876,8.147805942591615
5877,8.147805942591615
5878,8.147805942591615
5879,8.147805942591615
5880,8.147805942591615
5881,8.147805942591615
5882,8.147805942591615
5883,8.147805942591615
5884,8.147805942591615
5885,8.147805942591615
5886,8.147805942591615
5887,8.147805942591615
5888,8.147805942591615
5889,8.147805942591615
5890,8.147805942591615
5891,8.147805942591615
5892,8.147805942591615
5893,8.147805942591615
5894,8.147805942591615
5895,8.147805942591615
5896,8.147805942591615
5897,8.147805942591615
5898,8.147805942591615
5899,8.147805942591615
5900,8.147805942591615
5901,8.147805942591615
5902,8.147805942591615
5903,8.147805942591615
5904,8.147805942591615
5905,8.147805942591615
5906,8.147805942591615
5907,8.147805942591615
5908,8.147805942591615
5909,8.147805942591615
5910,8.147805942591615
5911,8.147805942591615
5912,8.147805942591615
5913,8.147805942591615
5914,8.147805942591615
5915,8.147805942591615
5916,8.147805942591615
5917,8.147805942591615
5918,8.147805942591615
5919,8.147805942591615
5920,8.147805942591615
5921,8.147805942591615
5922,8.147805942591615
5923,8.147805942591615
5924,8.147805942591615
5925,8.147805942591615
5926,8.147805942591615
5927,8.147805942591615
5928,8.147805942591615
5929,8.147805942591615
5930,8.147805942591615
5931,8.147805942591615
5932,8.147805942591615
5933,8.147805942591615
5934,8.147805942591615
5935,8.147805942591615
5936,8.147805942591615
5937,8.147805942591615
5938,8.147805942591615
5939,8.147805942591615
5940,8.147805942591615
5941,8.147805942591615
5942,8.147805942591615
5943,8.147805942591615
5944,8.147805942591615
5945,8.147805942591615
5946,8.147805942591615
5947,8.147805942591615
5948,8.147805942591615
5949,8.147805942591615
5950,8.147805942591615
5951,8.147805942591615
5952,8.147805942591615
5953,8.147805942591615
5954,8.147805942591615
5955,8.147805942591615
5956,8.147805942591615
5957,8.147805942591615
5958,8.147805942591615
5959,8.147805942591615
5960,8.147805942591615
5961,8.147805942591615
5962,8.147805942591615
5963,8.147805942591615
5964,8.147805942591615
5965,8.147805942591615
5966,8.147805942591615
5967,8.147805942591615
5968,8.147805942591615
5969,8.147805942591615
5970,8.147805942591615
5971,8.147805942591615
5972,8.147805942591615
5973,8.147805942591615
5974,8.147805942591615
5975,8.147805942591615
5976,8.147805942591615
5977,8.147805942591615
5978,8.147805942591615
5979,8.147805942591615
5980,8.147805942591615
5981,8.147805942591615
5982,8.147805942591615
5983,8.147805942591615
5984,8.147805942591615
5985,8.147805942591615
5986,8.147805942591615
5987,8.147805942591615
5988,8.147805942591615
5989,8.147805942591615
5990,8.147805942591615
5991,8.147805942591615
5992,8.147805942591615
5993,8.147805942591615
5994,8.147805942591615
5995,8.147805942591615
5996,8.147805942591615
5997,8.147805942591615
5998,8.147805942591615
5999,8.147805942591615
6000,8.147805942591615
6001,8.147805942591615
6002,8.147805942591615
6003,8.147805942591615
6004,8.147805942591615
6005,8.147805942591615
6006,8.147805942591615
6007,8.147805942591615
6008,8.147805942591615
6009,8.147805942591615
6010,8.147805942591615
6011,8.147805942591615
6012,8.147805942591615
6013,8.147805942591615
6014,8.147805942591615
6015,8.147805942591615
6016,8.147805942591615
6017,12.438384007991983
6018,12.438384007991983
6019,12.438384007991983
6020,12.438384007991983
6021,12.438384007991983
6022,12.438384007991983
6023,12.438384007991983
6024,12.438384007991983
6025,12.438384007991983
6026,12.438384007991983
6027,12.438384007991983
6028,12.438384007991983
6029,12.438384007991983
6030,12.438384007991983
6031,12.438384007991983
6032,12.438384007991983
6033,12.438384007991983
6034,12.438384007991983
6035,12.438384007991983
6036,12.438384007991983
6037,12.438384007991983
6038,12.438384007991983
6039,12.438384007991983
6040,12.438384007991983
6041,12.438384007991983
6042,12.438384007991983
6043,12.438384007991983
6044,12.438384007991983
6045,12.438384007991983
6046,12.438384007991983
6047,12.438384007991983
6048,12.438384007991983
6049,12.438384007991983
6050,12.438384007991983
6051,12.438384007991983
6052,12.438384007991983
6053,12.438384007991983
6054,12.438384007991983
6055,12.438384007991983
6056,12.438384007991983
6057,12.438384007991983
6058,12.438384007991983
6059,12.438384007991983
6060,12.438384007991983
6061,12.438384007991983
6062,12.438384007991983
6063,12.438384007991983
6064,12.438384007991983
6065,12.438384007991983
6066,12.438384007991983
6067,12.438384007991983
6068,12.438384007991983
6069,12.438384007991983
6070,12.438384007991983
6071,12.438384007991983
6072,12.438384007991983
6073,12.438384007991983
6074,12.438384007991983
6075,12.438384007991983
6076,12.438384007991983
6077,12.438384007991983
6078,12.438384007991983
6079,12.438384007991983
6080,12.438384007991983
6081,12.438384007991983
6082,12.438384007991983
6083,12.438384007991983
6084,12.438384007991983
6085,12.438384007991983
6086,12.438384007991983
6087,12.438384007991983
6088,12.438384007991983
6089,12.438384007991983
6090,12.438384007991983
6091,12.438384007991983
6092,12.438384007991983
6093,12.438384007991983
6094,12.438384007991983
6095,12.438384007991983
6096,12.438384007991983
6097,12.438384007991983
6098,12.438384007991983
6099,12.438384007991983
6100,12.438384007991983
6101,12.438384007991983
6102,12.438384007991983
6103,12.438384007991983
6104,12.438384007991983
6105,12.438384007991983
6106,12.438384007991983
6107,12.438384007991983
6108,12.438384007991983
6109,12.438384007991983
6110,12.438384007991983
6111,12.438384007991983
6112,12.438384007991983
6113,12.438384007991983
6114,12.438384007991983
6115,12.438384007991983
6116,12.438384007991983
6117,12.438384007991983
6118,12.438384007991983
6119,12.438384007991983
6120,12.438384007991983
6121,12.438384007991983
6122,12.438384007991983
6123,12.438384007991983
6124,12.438384007991983
6125,12.438384007991983
6126,12.438384007991983
6127,12.438384007991983
6128,12.438384007991983
6129,12.438384007991983
6130,12.438384007991983
6131,12.438384007991983
6132,12.438384007991983
6133,12.438384007991983
6134,12.438384007991983
6135,12.438384007991983
6136,12.438384007991983
6137,12.438384007991983
6138,12.438384007991983
6139,12.438384007991983
6140,12.438384007991983
6141,12.438384007991983
6142,12.438384007991983
6143,12.438384007991983
6144,12.438384007991983
6145,12.438384007991983
6146,12.438384007991983
6147,12.438384007991983
6148,12.438384007991983
6149,12.438384007991983
6150,12.438384007991983
6151,12.438384007991983
6152,12.438384007991983
6153,12.438384007991983
6154,12.438384007991983
6155,12.438384007991983
6156,12.438384007991983
6157,12.438384007991983
6158,12.438384007991983
6159,12.438384007991983
6160,12.438384007991983
6161,12.438384007991983
6162,12.438384007991983
6163,12.438384007991983
6164,12.438384007991983
6165,12.438384007991983
6166,12.438384007991983
6167,12.438384007991983
6168,12.438384007991983
6169,12.438384007991983
6170,12.438384007991983
6171,12.438384007991983
6172,12.438384007991983
6173,12.438384007991983
6174,12.438384007991983
6175,12.438384007991983
6176,12.438384007991983
6177,12.438384007991983
6178,12.438384007991983
6179,12.438384007991983
6180,12.438384007991983
6181,12.438384007991983
6182,12.438384007991983
6183,12.438384007991983
6184,12.438384007991983
6185,12.438384007991983
6186,12.438384007991983
6187,12.438384007991983
6188,12.438384007991983
6189,12.438384007991983
6190,12.438384007991983
6191,12.438384007991983
6192,12.438384007991983
6193,12.438384007991983
6194,12.438384007991983
6195,12.438384007991983
6196,12.438384007991983
6197,12.438384007991983
6198,12.438384007991983
6199,12.438384007991983
6200,12.438384007991983
6201,12.438384007991983
6202,12.438384007991983
6203,12.438384007991983
6204,12.438384007991983
6205,12.438384007991983
6206,12.438384007991983
6207,12.438384007991983
6208,12.438384007991983
6209,12.438384007991983
6210,12.438384007991983
6211,12.438384007991983
6212,12.438384007991983
6213,12.438384007991983
6214,12.438384007991983
6215,12.438384007991983
6216,12.438384007991983
6217,12.438384007991983
6218,12.438384007991983
6219,12.438384007991983
6220,12.438384007991983
6221,12.438384007991983
6222,12.438384007991983
6223,12.438384007991983
6224,12.438384007991983
6225,12.438384007991983
6226,12.438384007991983
6227,12.438384007991983
6228,12.438384007991983
6229,12.438384007991983
6230,12.438384007991983
6231,12.438384007991983
6232,12.438384007991983
6233,12.438384007991983
6234,12.438384007991983
6235,12.438384007991983
6236,12.438384007991983
6237,12.438384007991983
6238,12.438384007991983
6239,12.438384007991983
6240,12.438384007991983
6241,12.438384007991983
6242,12.438384007991983
6243,12.438384007991983
6244,12.438384007991983
6245,12.438384007991983
6246,12.438384007991983
6247,12.438384007991983
6248,12.438384007991983
6249,12.438384007991983
6250,12.438384007991983
6251,12.438384007991983
6252,12.438384007991983
6253,12.438384007991983
6254,12.438384007991983
6255,12.438384007991983
6256,12.438384007991983
6257,12.438384007991983
6258,12.438384007991983
6259,12.438384007991983
6260,12.438384007991983
6261,12.438384007991983
6262,12.438384007991983
6263,12.438384007991983
6264,12.438384007991983
6265,12.438384007991983
6266,12.438384007991983
6267,12.438384007991983
6268,12.438384007991983
6269,12.438384007991983
6270,12.438384007991983
6271,12.438384007991983
6272,12.438384007991983
6273,12.438384007991983
6274,12.438384007991983
6275,12.438384007991983
6276,12.438384007991983
6277,12.438384007991983
6278,12.438384007991983
6279,12.438384007991983
6280,12.438384007991983
6281,12.438384007991983
6282,12.438384007991983
6283,12.438384007991983
6284,12.438384007991983
6285,12.438384007991983
6286,12.438384007991983
6287,12.438384007991983
6288,12.438384007991983
6289,12.438384007991983
6290,12.438384007991983
6291,12.438384007991983
6292,12.438384007991983
6293,12.438384007991983
6294,12.438384007991983
6295,12.438384007991983
6296,12.438384007991983
6297,12.438384007991983
6298,12.438384007991983
6299,12.438384007991983
6300,12.438384007991983
6301,12.438384007991983
6302,12.438384007991983
6303,12.438384007991983
6304,12.438384007991983
6305,12.438384007991983
6306,12.438384007991983
6307,12.438384007991983
6308,12.438384007991983
6309,12.438384007991983
6310,12.438384007991983
6311,12.438384007991983
6312,12.438384007991983
6313,12.438384007991983
6314,12.438384007991983
6315,12.438384007991983
6316,12.438384007991983
6317,12.438384007991983
6318,12.438384007991983
6319,12.438384007991983
6320,12.438384007991983
6321,12.438384007991983
6322,12.438384007991983
6323,12.438384007991983
6324,12.438384007991983
6325,12.438384007991983
6326,12.438384007991983
6327,12.438384007991983
6328,12.438384007991983
6329,12.438384007991983
6330,12.438384007991983
6331,12.438384007991983
6332,12.438384007991983
6333,12.438384007991983
6334,12.438384007991983
6335,12.438384007991983
6336,12.438384007991983
6337,12.438384007991983
6338,12.438384007991983
6339,12.438384007991983
6340,12.438384007991983
6341,12.438384007991983
6342,12.438384007991983
6343,12.438384007991983
6344,12.438384007991983
6345,12.438384007991983
6346,12.438384007991983
6347,12.438384007991983
6348,12.438384007991983
6349,12.438384007991983
6350,12.438384007991983
6351,12.438384007991983
6352,12.438384007991983
6353,12.438384007991983
6354,12.438384007991983
6355,12.438384007991983
6356,12.438384007991983
6357,12.438384007991983
6358,12.438384007991983
6359,12.438384007991983
6360,12.438384007991983
6361,12.438384007991983
6362,12.438384007991983
6363,12.438384007991983
6364,12.438384007991983
6365,12.438384007991983
6366,12.438384007991983
6367,12.438384007991983
6368,12.438384007991983
6369,12.438384007991983
6370,12.438384007991983
6371,12.438384007991983
6372,12.438384007991983
6373,12.438384007991983
6374,12.438384007991983
6375,12.438384007991983
6376,12.438384007991983
6377,12.438384007991983
6378,12.438384007991983
6379,12.438384007991983
6380,12.438384007991983
6381,12.438384007991983
6382,12.438384007991983
6383,12.438384007991983
6384,12.438384007991983
6385,12.438384007991983
6386,12.438384007991983
6387,12.438384007991983
6388,12.438384007991983
6389,12.438384007991983
6390,12.438384007991983
6391,12.438384007991983
6392,12.438384007991983
6393,12.438384007991983
6394,12.438384007991983
6395,12.438384007991983
6396,12.438384007991983
6397,12.438384007991983
6398,12.438384007991983
6399,12.438384007991983
6400,12.438384007991983
6401,12.438384007991983
6402,12.438384007991983
6403,12.438384007991983
6404,12.438384007991983
6405,12.438384007991983
6406,12.438384007991983
6407,12.438384007991983
6408,12.438384007991983
6409,12.438384007991983
6410,12.438384007991983
6411,12.438384007991983
6412,12.438384007991983
6413,12.438384007991983
6414,12.438384007991983
6415,12.438384007991983
6416,12.438384007991983
6417,12.438384007991983
6418,12.438384007991983
6419,12.438384007991983
6420,12.438384007991983
6421,12.438384007991983
6422,12.438384007991983
6423,12.438384007991983
6424,12.438384007991983
6425,12.438384007991983
6426,12.438384007991983
6427,12.438384007991983
6428,12.438384007991983
6429,12.438384007991983
6430,12.438384007991983
6431,12.438384007991983
6432,12.438384007991983
6433,12.438384007991983
6434,12.438384007991983
6435,12.438384007991983
6436,12.438384007991983
6437,12.438384007991983
6438,12.438384007991983
6439,12.438384007991983
6440,12.438384007991983
6441,12.438384007991983
6442,12.438384007991983
6443,12.438384007991983
6444,12.438384007991983
6445,12.438384007991983
6446,12.438384007991983
6447,12.438384007991983
6448,12.438384007991983
6449,12.438384007991983
6450,12.438384007991983
6451,12.438384007991983
6452,12.438384007991983
6453,12.438384007991983
6454,12.438384007991983
6455,12.438384007991983
6456,12.438384007991983
6457,12.438384007991983
6458,12.438384007991983
6459,12.438384007991983
6460,12.438384007991983
6461,12.438384007991983
6462,12.438384007991983
6463,12.438384007991983
6464,12.438384007991983
6465,12.438384007991983
6466,12.438384007991983
6467,12.438384007991983
6468,12.438384007991983
6469,12.438384007991983
6470,12.438384007991983
6471,12.438384007991983
6472,12.438384007991983
6473,12.438384007991983
6474,12.438384007991983
6475,12.438384007991983
6476,12.438384007991983
6477,12.438384007991983
6478,12.438384007991983
6479,12.438384007991983
6480,12.438384007991983
6481,12.438384007991983
6482,12.438384007991983
6483,12.438384007991983
6484,12.438384007991983
6485,12.438384007991983
6486,12.438384007991983
6487,12.438384007991983
6488,12.438384007991983
6489,12.438384007991983
6490,12.438384007991983
6491,12.438384007991983
6492,12.438384007991983
6493,12.438384007991983
6494,12.438384007991983
6495,12.438384007991983
6496,12.438384007991983
6497,12.438384007991983
6498,12.438384007991983
6499,12.438384007991983
6500,12.438384007991983
6501,12.438384007991983
6502,12.438384007991983
6503,12.438384007991983
6504,12.438384007991983
6505,12.438384007991983
6506,12.438384007991983
6507,12.438384007991983
6508,12.438384007991983
6509,12.438384007991983
6510,18.18018700727777
6511,18.18018700727777
6512,18.18018700727777
6513,18.18018700727777
6514,18.18018700727777
6515,18.18018700727777
6516,18.18018700727777
6517,18.18018700727777
6518,18.18018700727777
6519,18.18018700727777
6520,18.18018700727777
6521,18.18018700727777
6522,18.18018700727777
6523,18.18018700727777
6524,18.18018700727777
6525,18.18018700727777
6526,18.18018700727777
6527,18.18018700727777
6528,18.18018700727777
6529,18.18018700727777
6530,18.18018700727777
6531,18.18018700727777
6532,18.18018700727777
6533,18.18018700727777
6534,18.18018700727777
6535,18.18018700727777
6536,18.18018700727777
6537,18.18018700727777
6538,18.18018700727777
6539,18.18018700727777
6540,18.18018700727777
6541,18.18018700727777
6542,18.18018700727777
6543,18.18018700727777
6544,18.18018700727777
6545,18.18018700727777
6546,18.18018700727777
6547,18.18018700727777
6548,18.18018700727777
6549,18.18018700727777
6550,18.18018700727777
6551,18.18018700727777
6552,18.18018700727777
6553,18.18018700727777
6554,18.18018700727777
6555,18.18018700727777
6556,18.18018700727777
6557,18.18018700727777
6558,18.18018700727777
6559,18.18018700727777
6560,18.18018700727777
6561,18.18018700727777
6562,18.18018700727777
6563,18.18018700727777
6564,18.18018700727777
6565,18.18018700727777
6566,18.18018700727777
6567,18.18018700727777
6568,18.18018700727777
6569,18.18018700727777
6570,18.18018700727777
6571,18.18018700727777
6572,18.18018700727777
6573,18.18018700727777
6574,18.18018700727777
6575,18.18018700727777
6576,18.18018700727777
6577,18.18018700727777
6578,18.18018700727777
6579,18.18018700727777
6580,18.18018700727777
6581,18.18018700727777
6582,18.18018700727777
6583,18.18018700727777
6584,18.18018700727777
6585,18.18018700727777
6586,18.18018700727777
6587,18.18018700727777
6588,18.18018700727777
6589,18.18018700727777
6590,18.18018700727777
6591,18.18018700727777
6592,18.18018700727777
6593,18.18018700727777
6594,18.18018700727777
6595,18.18018700727777
6596,18.18018700727777
6597,18.18018700727777
6598,18.18018700727777
6599,18.18018700727777
6600,18.18018700727777
6601,18.18018700727777
6602,18.18018700727777
6603,18.18018700727777
6604,18.18018700727777
6605,18.18018700727777
6606,18.18018700727777
6607,18.18018700727777
6608,18.18018700727777
6609,18.18018700727777
6610,18.18018700727777
6611,18.18018700727777
6612,18.18018700727777
6613,18.18018700727777
6614,18.18018700727777
6615,18.18018700727777
6616,18.18018700727777
6617,18.18018700727777
6618,18.18018700727777
6619,18.18018700727777
6620,18.18018700727777
6621,18.18018700727777
6622,18.18018700727777
6623,18.18018700727777
6624,18.18018700727777
6625,18.18018700727777
6626,18.18018700727777
6627,18.18018700727777
6628,18.18018700727777
6629,18.18018700727777
6630,18.18018700727777
6631,18.18018700727777
6632,18.18018700727777
6633,18.18018700727777
6634,18.18018700727777
6635,18.18018700727777
6636,18.18018700727777
6637,18.18018700727777
6638,18.18018700727777
6639,18.18018700727777
6640,18.18018700727777
6641,18.18018700727777
6642,18.18018700727777
6643,18.18018700727777
6644,18.18018700727777
6645,18.18018700727777
6646,18.18018700727777
6647,18.18018700727777
6648,18.18018700727777
6649,18.18018700727777
6650,18.18018700727777
6651,18.18018700727777
6652,18.18018700727777
6653,18.18018700727777
6654,18.18018700727777
6655,18.18018700727777
6656,18.18018700727777
6657,18.18018700727777
6658,18.18018700727777
6659,18.18018700727777
6660,18.18018700727777
6661,18.18018700727777
6662,18.18018700727777
6663,18.18018700727777
6664,18.18018700727777
6665,18.18018700727777
6666,18.18018700727777
6667,18.18018700727777
6668,18.18018700727777
6669,18.18018700727777
6670,18.18018700727777
6671,18.18018700727777
6672,18.18018700727777
6673,18.18018700727777
6674,18.18018700727777
6675,18.18018700727777
6676,18.18018700727777
6677,18.18018700727777
6678,18.18018700727777
6679,18.18018700727777
6680,18.18018700727777
6681,18.18018700727777
6682,18.18018700727777
6683,18.18018700727777
6684,18.18018700727777
6685,18.18018700727777
6686,18.18018700727777
6687,18.18018700727777
6688,18.18018700727777
6689,18.18018700727777
6690,18.18018700727777
6691,18.18018700727777
6692,18.18018700727777
6693,18.18018700727777
6694,18.18018700727777
6695,18.18018700727777
6696,18.18018700727777
6697,18.18018700727777
6698,18.18018700727777
6699,18.18018700727777
6700,18.18018700727777
6701,18.18018700727777
6702,18.18018700727777
6703,18.18018700727777
6704,18.18018700727777
6705,18.18018700727777
6706,18.18018700727777
6707,18.18018700727777
6708,18.18018700727777
6709,18.18018700727777
6710,18.18018700727777
6711,18.18018700727777
6712,18.18018700727777
6713,18.18018700727777
6714,18.18018700727777
6715,18.18018700727777
6716,18.18018700727777
6717,18.18018700727777
6718,18.18018700727777
6719,18.18018700727777
6720,18.18018700727777
6721,18.18018700727777
6722,18.18018700727777
6723,18.18018700727777
6724,18.18018700727777
6725,18.18018700727777
6726,18.18018700727777
6727,18.18018700727777
6728,18.18018700727777
6729,18.18018700727777
6730,18.18018700727777
6731,18.18018700727777
6732,18.18018700727777
6733,18.18018700727777
6734,18.18018700727777
6735,18.18018700727777
6736,18.18018700727777
6737,18.18018700727777
6738,18.18018700727777
6739,18.18018700727777
6740,18.18018700727777
6741,18.18018700727777
6742,18.18018700727777
6743,18.18018700727777
6744,18.18018700727777
6745,18.18018700727777
6746,18.18018700727777
6747,18.18018700727777
6748,18.18018700727777
6749,18.18018700727777
6750,18.18018700727777
6751,18.18018700727777
6752,18.18018700727777
6753,18.18018700727777
6754,18.18018700727777
6755,18.18018700727777
6756,18.18018700727777
6757,18.18018700727777
6758,18.18018700727777
6759,18.18018700727777
6760,18.18018700727777
6761,18.18018700727777
6762,18.18018700727777
6763,18.18018700727777
6764,18.18018700727777
6765,18.18018700727777
6766,18.18018700727777
6767,18.18018700727777
6768,18.18018700727777
6769,18.18018700727777
6770,18.18018700727777
6771,5.623936492356106
6772,5.623936492356106
6773,5.623936492356106
6774,5.623936492356106
6775,5.623936492356106
6776,5.623936492356106
6777,5.623936492356106
6778,5.623936492356106
6779,5.623936492356106
6780,5.623936492356106
6781,5.623936492356106
6782,5.623936492356106
6783,5.623936492356106
6784,5.623936492356106
6785,5.623936492356106
6786,5.623936492356106
6787,5.623936492356106
6788,5.623936492356106
6789,5.623936492356106
6790,5.623936492356106
6791,5.623936492356106
6792,5.623936492356106
6793,5.623936492356106
6794,5.623936492356106
6795,5.623936492356106
6796,5.623936492356106
6797,5.623936492356106
6798,5.623936492356106
6799,5.623936492356106
6800,5.623936492356106
6801,5.623936492356106
6802,5.623936492356106
6803,5.623936492356106
6804,5.623936492356106
6805,5.623936492356106
6806,5.623936492356106
6807,5.623936492356106
6808,5.623936492356106
6809,5.623936492356106
6810,5.623936492356106
6811,5.623936492356106
6812,5.623936492356106
6813,5.623936492356106
6814,5.623936492356106
6815,5.623936492356106
6816,5.623936492356106
6817,5.623936492356106
6818,5.623936492356106
6819,5.623936492356106
6820,5.623936492356106
6821,5.623936492356106
6822,5.623936492356106
6823,5.623936492356106
6824,5.623936492356106
6825,5.623936492356106
6826,5.623936492356106
6827,5.623936492356106
6828,5.623936492356106
6829,5.623936492356106
6830,5.623936492356106
6831,5.623936492356106
6832,5.623936492356106
6833,5.623936492356106
6834,5.623936492356106
6835,5.623936492356106
6836,5.623936492356106
6837,5.623936492356106
6838,5.623936492356106
6839,5.623936492356106
6840,5.623936492356106
6841,5.623936492356106
6842,5.623936492356106
6843,5.623936492356106
6844,5.623936492356106
6845,5.623936492356106
6846,5.623936492356106
6847,5.623936492356106
6848,5.623936492356106
6849,5.623936492356106
6850,5.623936492356106
6851,5.623936492356106
6852,5.623936492356106
6853,5.623936492356106
6854,5.623936492356106
6855,5.623936492356106
6856,5.623936492356106
6857,5.623936492356106
6858,5.623936492356106
6859,5.623936492356106
6860,5.623936492356106
6861,5.623936492356106
6862,5.623936492356106
6863,5.623936492356106
6864,5.623936492356106
6865,5.623936492356106
6866,5.623936492356106
6867,5.623936492356106
6868,5.623936492356106
6869,5.623936492356106
6870,5.623936492356106
6871,5.623936492356106
6872,5.623936492356106
6873,5.623936492356106
6874,5.623936492356106
6875,5.623936492356106
6876,5.623936492356106
6877,5.623936492356106
6878,5.623936492356106
6879,5.623936492356106
6880,5.623936492356106
6881,5.623936492356106
6882,5.623936492356106
6883,5.623936492356106
6884,5.623936492356106
6885,5.623936492356106
6886,5.623936492356106
6887,5.623936492356106
6888,5.623936492356106
6889,5.623936492356106
6890,5.623936492356106
6891,5.623936492356106
6892,5.623936492356106
6893,5.623936492356106
6894,5.623936492356106
6895,5.623936492356106
6896,5.623936492356106
6897,5.623936492356106
6898,5.623936492356106
6899,5.623936492356106
6900,5.623936492356106
6901,5.623936492356106
6902,5.623936492356106
6903,5.623936492356106
6904,5.623936492356106
6905,5.623936492356106
6906,5.623936492356106
6907,5.623936492356106
6908,5.623936492356106
6909,5.623936492356106
6910,5.623936492356106
6911,5.623936492356106
6912,5.623936492356106
6913,5.623936492356106
6914,5.623936492356106
6915,5.623936492356106
6916,5.623936492356106
6917,5.623936492356106
6918,5.623936492356106
6919,5.623936492356106
6920,5.623936492356106
6921,5.623936492356106
6922,5.623936492356106
6923,5.623936492356106
6924,5.623936492356106
6925,5.623936492356106
6926,5.623936492356106
6927,5.623936492356106
6928,5.623936492356106
6929,5.623936492356106
6930,5.623936492356106
6931,5.623936492356106
6932,5.623936492356106
6933,5.623936492356106
6934,5.623936492356106
6935,5.623936492356106
6936,5.623936492356106
6937,5.623936492356106
6938,5.623936492356106
6939,5.623936492356106
6940,5.623936492356106
6941,5.623936492356106
6942,5.623936492356106
6943,5.623936492356106
6944,5.623936492356106
6945,5.623936492356106
6946,5.623936492356106
6947,5.623936492356106
6948,5.623936492356106
6949,5.623936492356106
6950,5.623936492356106
6951,5.623936492356106
6952,5.623936492356106
6953,5.623936492356106
6954,5.623936492356106
6955,5.623936492356106
6956,5.623936492356106
6957,5.623936492356106
6958,5.623936492356106
6959,5.623936492356106
6960,5.623936492356106
6961,5.623936492356106
6962,5.623936492356106
6963,5.623936492356106
6964,5.623936492356106
6965,5.623936492356106
6966,5.623936492356106
6967,5.623936492356106
6968,5.623936492356106
6969,5.623936492356106
6970,5.623936492356106
6971,5.623936492356106
6972,5.623936492356106
6973,5.623936492356106
6974,5.623936492356106
6975,5.623936492356106
6976,5.623936492356106
6977,5.623936492356106
6978,5.623936492356106
6979,5.623936492356106
6980,5.623936492356106
6981,5.623936492356106
6982,5.623936492356106
6983,5.623936492356106
6984,5.623936492356106
6985,5.623936492356106
6986,5.623936492356106
6987,5.623936492356106
6988,5.623936492356106
6989,5.623936492356106
6990,5.623936492356106
6991,5.623936492356106
6992,5.623936492356106
6993,5.623936492356106
6994,5.623936492356106
6995,5.623936492356106
6996,5.623936492356106
6997,5.623936492356106
6998,5.623936492356106
6999,5.623936492356106
7000,5.623936492356106
7001,5.623936492356106
7002,5.623936492356106
7003,5.623936492356106
7004,5.623936492356106
7005,5.623936492356106
7006,5.623936492356106
7007,5.623936492356106
7008,5.623936492356106
7009,5.623936492356106
7010,5.623936492356106
7011,5.623936492356106
7012,5.623936492356106
7013,5.623936492356106
7014,5.623936492356106
7015,5.623936492356106
7016,5.623936492356106
7017,5.623936492356106
7018,5.623936492356106
7019,5.623936492356106
7020,5.623936492356106
7021,5.623936492356106
7022,5.623936492356106
7023,5.623936492356106
7024,5.623936492356106
7025,5.623936492356106
7026,5.623936492356106
7027,5.623936492356106
7028,5.623936492356106
7029,5.623936492356106
7030,5.623936492356106
7031,5.623936492356106
7032,5.623936492356106
7033,5.623936492356106
7034,5.623936492356106
7035,5.623936492356106
7036,5.623936492356106
7037,5.623936492356106
7038,5.623936492356106
7039,5.623936492356106
7040,5.623936492356106
7041,5.623936492356106
7042,5.623936492356106
7043,5.623936492356106
7044,5.623936492356106
7045,5.623936492356106
7046,5.623936492356106
7047,5.623936492356106
7048,5.623936492356106
7049,5.623936492356106
7050,5.623936492356106
7051,5.623936492356106
7052,5.623936492356106
7053,5.623936492356106
7054,5.623936492356106
7055,5.623936492356106
7056,5.623936492356106
7057,5.623936492356106
7058,5.623936492356106
7059,5.623936492356106
7060,5.623936492356106
7061,5.623936492356106
7062,5.623936492356106
7063,5.623936492356106
7064,5.623936492356106
7065,5.623936492356106
7066,5.623936492356106
7067,5.623936492356106
7068,5.623936492356106
7069,5.623936492356106
7070,5.623936492356106
7071,5.623936492356106
7072,5.623936492356106
7073,5.623936492356106
7074,5.623936492356106
7075,5.623936492356106
7076,5.623936492356106
7077,5.623936492356106
7078,5.623936492356106
7079,5.623936492356106
7080,5.623936492356106
7081,5.623936492356106
7082,5.623936492356106
7083,5.623936492356106
7084,5.623936492356106
7085,5.623936492356106
7086,5.623936492356106
7087,5.623936492356106
7088,5.623936492356106
7089,5.623936492356106
7090,5.623936492356106
7091,5.623936492356106
7092,5.623936492356106
7093,5.623936492356106
7094,5.623936492356106
7095,5.623936492356106
7096,5.623936492356106
7097,5.623936492356106
7098,5.623936492356106
7099,5.623936492356106
7100,5.623936492356106
7101,5.623936492356106
7102,5.623936492356106
7103,5.623936492356106
7104,5.623936492356106
7105,5.623936492356106
7106,5.623936492356106
7107,5.623936492356106
7108,5.623936492356106
7109,5.623936492356106
7110,5.623936492356106
7111,5.623936492356106
7112,5.623936492356106
7113,5.623936492356106
7114,5.623936492356106
7115,5.623936492356106
7116,5.623936492356106
7117,5.623936492356106
7118,5.623936492356106
7119,5.623936492356106
7120,5.623936492356106
7121,5.623936492356106
7122,5.623936492356106
7123,5.623936492356106
7124,5.623936492356106
7125,5.623936492356106
7126,5.623936492356106
7127,5.623936492356106
7128,5.623936492356106
7129,5.623936492356106
7130,5.623936492356106
7131,5.623936492356106
7132,5.623936492356106
7133,5.623936492356106
7134,5.623936492356106
7135,5.623936492356106
7136,5.623936492356106
7137,5.623936492356106
7138,5.623936492356106
7139,5.623936492356106
7140,5.623936492356106
7141,5.623936492356106
7142,5.623936492356106
7143,5.623936492356106
7144,5.623936492356106
7145,5.623936492356106
7146,5.623936492356106
7147,5.623936492356106
7148,5.623936492356106
7149,5.623936492356106
7150,5.623936492356106
7151,5.623936492356106
7152,5.623936492356106
7153,5.623936492356106
7154,5.623936492356106
7155,5.623936492356106
7156,5.623936492356106
7157,5.623936492356106
7158,5.623936492356106
7159,5.623936492356106
7160,5.623936492356106
7161,5.623936492356106
7162,5.623936492356106
7163,5.623936492356106
7164,5.623936492356106
7165,5.623936492356106
7166,5.623936492356106
7167,5.623936492356106
7168,5.623936492356106
7169,5.623936492356106
7170,5.623936492356106
7171,5.623936492356106
7172,5.623936492356106
7173,5.623936492356106
7174,5.623936492356106
7175,5.623936492356106
7176,5.623936492356106
7177,5.623936492356106
7178,5.623936492356106
7179,5.623936492356106
7180,5.623936492356106
7181,5.623936492356106
7182,5.623936492356106
7183,5.623936492356106
7184,5.623936492356106
7185,5.623936492356106
7186,5.623936492356106
7187,5.623936492356106
7188,5.623936492356106
7189,5.623936492356106
7190,5.623936492356106
7191,5.623936492356106
7192,5.623936492356106
7193,5.623936492356106
7194,5.623936492356106
7195,5.623936492356106
7196,5.623936492356106
7197,5.623936492356106
7198,5.623936492356106
7199,5.623936492356106
7200,5.623936492356106
7201,5.623936492356106
7202,5.623936492356106
7203,5.623936492356106
7204,5.623936492356106
7205,5.623936492356106
7206,5.623936492356106
7207,5.623936492356106
7208,5.623936492356106
7209,5.623936492356106
7210,5.623936492356106
7211,5.623936492356106
7212,5.623936492356106
7213,5.623936492356106
7214,5.623936492356106
7215,5.623936492356106
7216,5.623936492356106
7217,5.623936492356106
7218,5.623936492356106
7219,5.623936492356106
7220,5.623936492356106
7221,5.623936492356106
7222,5.623936492356106
7223,5.623936492356106
7224,5.623936492356106
7225,5.623936492356106
7226,5.623936492356106
7227,5.623936492356106
7228,5.623936492356106
7229,5.623936492356106
7230,5.623936492356106
7231,5.623936492356106
7232,5.623936492356106
7233,5.623936492356106
7234,5.623936492356106
7235,5.623936492356106
7236,5.623936492356106
7237,5.623936492356106
7238,5.623936492356106
7239,5.623936492356106
7240,5.623936492356106
7241,5.623936492356106
7242,5.623936492356106
7243,5.623936492356106
7244,5.623936492356106
7245,5.623936492356106
7246,5.623936492356106
7247,5.623936492356106
7248,5.623936492356106
7249,5.623936492356106
7250,5.623936492356106
7251,5.623936492356106
7252,5.623936492356106
7253,5.623936492356106
7254,5.623936492356106
7255,5.623936492356106
7256,5.623936492356106
7257,5.623936492356106
7258,5.623936492356106
7259,5.623936492356106
7260,5.623936492356106
7261,5.623936492356106
7262,5.623936492356106
7263,5.623936492356106
7264,5.623936492356106
7265,5.623936492356106
7266,5.623936492356106
7267,5.623936492356106
7268,5.623936492356106
7269,5.623936492356106
7270,5.623936492356106
7271,5.623936492356106
7272,5.623936492356106
7273,5.623936492356106
7274,5.623936492356106
7275,5.623936492356106
7276,5.623936492356106
7277,5.623936492356106
7278,5.623936492356106
7279,5.623936492356106
7280,5.623936492356106
7281,5.623936492356106
7282,5.623936492356106
7283,5.623936492356106
7284,5.623936492356106
7285,5.623936492356106
7286,5.623936492356106
7287,5.623936492356106
7288,5.623936492356106
7289,5.623936492356106
7290,5.623936492356106
7291,5.623936492356106
7292,5.623936492356106
7293,5.623936492356106
7294,5.623936492356106
7295,5.623936492356106
7296,5.623936492356106
7297,5.623936492356106
7298,5.623936492356106
7299,5.623936492356106
7300,5.623936492356106
7301,5.623936492356106
7302,5.623936492356106
7303,5.623936492356106
7304,5.623936492356106
7305,5.623936492356106
7306,5.623936492356106
7307,5.623936492356106
7308,5.623936492356106
7309,5.623936492356106
7310,5.623936492356106
7311,5.623936492356106
7312,5.623936492356106
7313,5.623936492356106
7314,5.623936492356106
7315,5.623936492356106
7316,5.623936492356106
7317,5.623936492356106
7318,5.623936492356106
7319,5.623936492356106
7320,5.623936492356106
7321,5.623936492356106
7322,5.623936492356106
7323,5.623936492356106
7324,5.623936492356106
7325,5.623936492356106
7326,5.623936492356106
7327,5.623936492356106
7328,5.623936492356106
7329,5.623936492356106
7330,5.623936492356106
7331,5.623936492356106
7332,5.623936492356106
7333,5.623936492356106
7334,5.623936492356106
7335,5.623936492356106
7336,5.623936492356106
7337,5.623936492356106
7338,5.623936492356106
7339,5.623936492356106
7340,5.623936492356106
7341,5.623936492356106
7342,5.623936492356106
7343,5.623936492356106
7344,5.623936492356106
7345,5.623936492356106
7346,5.623936492356106
7347,5.623936492356106
7348,5.623936492356106
7349,5.623936492356106
7350,5.623936492356106
7351,5.623936492356106
7352,5.623936492356106
7353,5.623936492356106
7354,5.623936492356106
7355,5.623936492356106
7356,5.623936492356106
7357,5.623936492356106
7358,5.623936492356106
7359,5.623936492356106
7360,5.623936492356106
7361,5.623936492356106
7362,5.623936492356106
7363,5.623936492356106
7364,5.623936492356106
7365,5.623936492356106
7366,5.623936492356106
7367,5.623936492356106
7368,5.623936492356106
7369,5.623936492356106
7370,5.623936492356106
7371,5.623936492356106
7372,5.623936492356106
7373,5.623936492356106
7374,5.623936492356106
7375,5.623936492356106
7376,5.623936492356106
7377,5.623936492356106
7378,5.623936492356106
7379,5.623936492356106
7380,5.623936492356106
7381,5.623936492356106
7382,5.623936492356106
7383,5.623936492356106
7384,5.623936492356106
7385,5.623936492356106
7386,5.623936492356106
7387,5.623936492356106
7388,5.623936492356106
7389,5.623936492356106
7390,5.623936492356106
7391,5.623936492356106
7392,5.623936492356106
7393,5.623936492356106
7394,5.623936492356106
7395,5.623936492356106
7396,5.623936492356106
7397,5.623936492356106
7398,5.623936492356106
7399,5.623936492356106
7400,5.623936492356106
7401,5.623936492356106
7402,5.623936492356106
7403,5.623936492356106
7404,5.623936492356106
7405,5.623936492356106
7406,5.623936492356106
7407,5.623936492356106
7408,5.623936492356106
7409,5.623936492356106
7410,5.623936492356106
7411,5.623936492356106
7412,5.623936492356106
7413,5.623936492356106
7414,5.623936492356106
7415,5.623936492356106
7416,5.623936492356106
7417,5.623936492356106
7418,5.623936492356106
7419,5.623936492356106
7420,5.623936492356106
7421,5.623936492356106
7422,5.623936492356106
7423,5.623936492356106
7424,5.623936492356106
7425,5.623936492356106
7426,5.623936492356106
7427,5.623936492356106
7428,5.623936492356106
7429,5.623936492356106
7430,5.623936492356106
7431,5.623936492356106
7432,5.623936492356106
7433,5.623936492356106
7434,5.623936492356106
7435,5.623936492356106
7436,5.623936492356106
7437,5.623936492356106
7438,5.623936492356106
7439,5.623936492356106
7440,5.623936492356106
7441,5.623936492356106
7442,5.623936492356106
7443,5.623936492356106
7444,5.623936492356106
7445,5.623936492356106
7446,5.623936492356106
7447,5.623936492356106
7448,5.623936492356106
7449,5.623936492356106
7450,5.623936492356106
7451,5.623936492356106
7452,5.623936492356106
7453,5.623936492356106
7454,5.623936492356106
7455,5.623936492356106
7456,5.623936492356106
7457,5.623936492356106
7458,5.623936492356106
7459,5.623936492356106
7460,5.623936492356106
7461,5.623936492356106
7462,5.623936492356106
7463,5.623936492356106
7464,5.623936492356106
7465,5.623936492356106
7466,5.623936492356106
7467,5.623936492356106
7468,5.623936492356106
7469,5.623936492356106
7470,5.623936492356106
7471,5.623936492356106
7472,5.623936492356106
7473,5.623936492356106
7474,5.623936492356106
7475,5.623936492356106
7476,5.623936492356106
7477,5.623936492356106
7478,5.623936492356106
7479,5.623936492356106
7480,5.623936492356106
7481,5.623936492356106
7482,5.623936492356106
7483,5.623936492356106
7484,5.623936492356106
7485,5.623936492356106
7486,5.623936492356106
7487,5.623936492356106
7488,5.623936492356106
7489,5.623936492356106
7490,5.623936492356106
7491,5.623936492356106
7492,5.623936492356106
7493,5.623936492356106
7494,5.623936492356106
7495,5.623936492356106
7496,5.623936492356106
7497,5.623936492356106
7498,5.623936492356106
7499,5.623936492356106
7500,5.623936492356106
7501,5.623936492356106
7502,5.623936492356106
7503,5.623936492356106
7504,5.623936492356106
7505,5.623936492356106
7506,5.623936492356106
7507,5.623936492356106
7508,5.623936492356106
7509,5.623936492356106
7510,5.623936492356106
7511,5.623936492356106
7512,5.623936492356106
7513,5.623936492356106
7514,5.623936492356106
7515,5.623936492356106
7516,5.623936492356106
7517,5.623936492356106
7518,5.623936492356106
7519,5.623936492356106
7520,5.623936492356106
7521,5.623936492356106
7522,5.623936492356106
7523,5.623936492356106
7524,5.623936492356106
7525,5.623936492356106
7526,5.623936492356106
7527,5.623936492356106
7528,5.623936492356106
7529,5.623936492356106
7530,5.623936492356106
7531,5.623936492356106
7532,5.623936492356106
7533,5.623936492356106
7534,5.623936492356106
7535,5.623936492356106
7536,5.623936492356106
7537,5.623936492356106
7538,5.623936492356106
7539,5.623936492356106
7540,5.623936492356106
7541,5.623936492356106
7542,5.623936492356106
7543,5.623936492356106
7544,5.623936492356106
7545,5.623936492356106
7546,5.623936492356106
7547,5.623936492356106
7548,5.623936492356106
7549,5.623936492356106
7550,5.623936492356106
7551,5.623936492356106
7552,5.623936492356106
7553,5.623936492356106
7554,5.623936492356106
7555,5.623936492356106
7556,5.623936492356106
7557,5.623936492356106
7558,5.623936492356106
7559,5.623936492356106
7560,5.623936492356106
7561,5.623936492356106
7562,5.623936492356106
7563,5.623936492356106
7564,5.623936492356106
7565,5.623936492356106
7566,5.623936492356106
7567,5.623936492356106
7568,5.623936492356106
7569,5.623936492356106
7570,5.623936492356106
7571,5.623936492356106
7572,5.623936492356106
7573,5.623936492356106
7574,5.623936492356106
7575,5.623936492356106
7576,5.623936492356106
7577,5.623936492356106
7578,5.623936492356106
7579,5.623936492356106
7580,5.623936492356106
7581,5.623936492356106
7582,5.623936492356106
7583,5.623936492356106
7584,5.623936492356106
7585,5.623936492356106
7586,5.623936492356106
7587,5.623936492356106
7588,5.623936492356106
7589,5.623936492356106
7590,5.623936492356106
7591,5.623936492356106
7592,5.623936492356106
7593,5.623936492356106
7594,5.623936492356106
7595,5.623936492356106
7596,5.623936492356106
7597,5.623936492356106
7598,5.623936492356106
7599,5.623936492356106
7600,5.623936492356106
7601,5.623936492356106
7602,5.623936492356106
7603,5.623936492356106
7604,5.623936492356106
7605,5.623936492356106
7606,5.623936492356106
7607,5.623936492356106
7608,5.623936492356106
7609,5.623936492356106
7610,5.623936492356106
7611,5.623936492356106
7612,5.623936492356106
7613,5.623936492356106
7614,5.623936492356106
7615,5.623936492356106
7616,5.623936492356106
7617,5.623936492356106
7618,5.623936492356106
7619,5.623936492356106
7620,5.623936492356106
7621,5.623936492356106
7622,5.623936492356106
7623,5.623936492356106
7624,5.623936492356106
7625,5.623936492356106
7626,5.623936492356106
7627,5.623936492356106
7628,5.623936492356106
7629,5.623936492356106
7630,5.623936492356106
7631,5.623936492356106
7632,5.623936492356106
7633,5.623936492356106
7634,5.623936492356106
7635,5.623936492356106
7636,5.623936492356106
7637,5.623936492356106
7638,5.623936492356106
7639,5.623936492356106
7640,5.623936492356106
7641,5.623936492356106
7642,5.623936492356106
7643,5.623936492356106
7644,5.623936492356106
7645,5.623936492356106
7646,5.623936492356106
7647,5.623936492356106
7648,5.623936492356106
7649,5.623936492356106
7650,5.623936492356106
7651,5.623936492356106
7652,5.623936492356106
7653,5.623936492356106
7654,5.623936492356106
7655,5.623936492356106
7656,5.623936492356106
7657,5.623936492356106
7658,5.623936492356106
7659,5.623936492356106
7660,5.623936492356106
7661,5.623936492356106
7662,5.623936492356106
7663,5.623936492356106
7664,5.623936492356106
7665,5.623936492356106
7666,5.623936492356106
7667,5.623936492356106
7668,5.623936492356106
7669,5.623936492356106
7670,5.623936492356106
7671,5.623936492356106
7672,5.623936492356106
7673,5.623936492356106
7674,5.623936492356106
7675,5.623936492356106
7676,5.623936492356106
7677,5.623936492356106
7678,5.623936492356106
7679,5.623936492356106
7680,5.623936492356106
7681,5.623936492356106
7682,5.623936492356106
7683,5.623936492356106
7684,5.623936492356106
7685,5.623936492356106
7686,5.623936492356106
7687,5.623936492356106
7688,5.623936492356106
7689,5.623936492356106
7690,5.623936492356106
7691,5.623936492356106
7692,5.623936492356106
7693,5.623936492356106
7694,5.623936492356106
7695,5.623936492356106
7696,5.623936492356106
7697,5.623936492356106
7698,5.623936492356106
7699,5.623936492356106
7700,5.623936492356106
7701,5.623936492356106
7702,5.623936492356106
7703,5.623936492356106
7704,5.623936492356106
7705,5.623936492356106
7706,5.623936492356106
7707,5.623936492356106
7708,5.623936492356106
7709,5.623936492356106
7710,5.623936492356106
7711,5.623936492356106
7712,5.623936492356106
7713,5.623936492356106
7714,5.623936492356106
7715,5.623936492356106
7716,5.623936492356106
7717,5.623936492356106
7718,5.623936492356106
7719,5.623936492356106
7720,5.623936492356106
7721,5.623936492356106
7722,5.623936492356106
7723,5.623936492356106
7724,5.623936492356106
7725,5.623936492356106
7726,5.623936492356106
7727,5.623936492356106
7728,5.623936492356106
7729,5.623936492356106
7730,5.623936492356106
7731,5.623936492356106
7732,5.623936492356106
7733,5.623936492356106
7734,5.623936492356106
7735,5.623936492356106
7736,5.623936492356106
7737,5.623936492356106
7738,5.623936492356106
7739,5.623936492356106
7740,5.623936492356106
7741,5.623936492356106
7742,5.623936492356106
7743,5.623936492356106
7744,5.623936492356106
7745,5.623936492356106
7746,5.623936492356106
7747,5.623936492356106
7748,5.623936492356106
7749,5.623936492356106
7750,5.623936492356106
7751,5.623936492356106
7752,5.623936492356106
7753,5.623936492356106
7754,5.623936492356106
7755,5.623936492356106
7756,5.623936492356106
7757,5.623936492356106
7758,5.623936492356106
7759,5.623936492356106
7760,5.623936492356106
7761,5.623936492356106
7762,5.623936492356106
7763,5.623936492356106
7764,5.623936492356106
7765,5.623936492356106
7766,5.623936492356106
7767,5.623936492356106
7768,5.623936492356106
7769,5.623936492356106
7770,5.623936492356106
7771,5.623936492356106
7772,5.623936492356106
7773,5.623936492356106
7774,5.623936492356106
7775,5.623936492356106
7776,5.623936492356106
7777,5.623936492356106
7778,5.623936492356106
7779,5.623936492356106
7780,5.623936492356106
7781,5.623936492356106
7782,5.623936492356106
7783,5.623936492356106
7784,5.623936492356106
7785,5.623936492356106
7786,5.623936492356106
7787,5.623936492356106
7788,5.623936492356106
7789,5.623936492356106
7790,5.623936492356106
7791,5.623936492356106
7792,5.623936492356106
7793,5.623936492356106
7794,5.623936492356106
7795,5.623936492356106
7796,5.623936492356106
7797,5.623936492356106
7798,5.623936492356106
7799,5.623936492356106
7800,5.623936492356106
7801,5.623936492356106
7802,5.623936492356106
7803,5.623936492356106
7804,5.623936492356106
7805,5.623936492356106
7806,5.623936492356106
7807,5.623936492356106
7808,5.623936492356106
7809,5.623936492356106
7810,5.623936492356106
7811,5.623936492356106
7812,5.623936492356106
7813,5.623936492356106
7814,5.623936492356106
7815,5.623936492356106
7816,5.623936492356106
7817,5.623936492356106
7818,5.623936492356106
7819,5.623936492356106
7820,5.623936492356106
7821,5.623936492356106
7822,5.623936492356106
7823,5.623936492356106
7824,5.623936492356106
7825,5.623936492356106
7826,5.623936492356106
7827,5.623936492356106
7828,5.623936492356106
7829,5.623936492356106
7830,5.623936492356106
7831,5.623936492356106
7832,5.623936492356106
7833,5.623936492356106
7834,5.623936492356106
7835,5.623936492356106
7836,5.623936492356106
7837,5.623936492356106
7838,5.623936492356106
7839,5.623936492356106
7840,5.623936492356106
7841,5.623936492356106
7842,5.623936492356106
7843,5.623936492356106
7844,5.623936492356106
7845,5.623936492356106
7846,5.623936492356106
7847,5.623936492356106
7848,5.623936492356106
7849,5.623936492356106
7850,5.623936492356106
7851,5.623936492356106
7852,5.623936492356106
7853,5.623936492356106
7854,5.623936492356106
7855,5.623936492356106
7856,5.623936492356106
7857,5.623936492356106
7858,5.623936492356106
7859,5.623936492356106
7860,5.623936492356106
7861,5.623936492356106
7862,5.623936492356106
7863,5.623936492356106
7864,5.623936492356106
7865,5.623936492356106
7866,5.623936492356106
7867,5.623936492356106
7868,5.623936492356106
7869,5.623936492356106
7870,5.623936492356106
7871,5.623936492356106
7872,5.623936492356106
7873,5.623936492356106
7874,5.623936492356106
7875,5.623936492356106
7876,5.623936492356106
7877,5.623936492356106
7878,5.623936492356106
7879,5.623936492356106
7880,5.623936492356106
7881,5.623936492356106
7882,5.623936492356106
7883,5.623936492356106
7884,5.623936492356106
7885,5.623936492356106
7886,5.623936492356106
7887,5.623936492356106
7888,5.623936492356106
7889,5.623936492356106
7890,5.623936492356106
7891,5.623936492356106
7892,5.623936492356106
7893,5.623936492356106
7894,5.623936492356106
7895,5.623936492356106
7896,5.623936492356106
7897,5.623936492356106
7898,5.623936492356106
7899,5.623936492356106
7900,5.623936492356106
7901,5.623936492356106
7902,5.623936492356106
7903,5.623936492356106
7904,5.623936492356106
7905,5.623936492356106
7906,5.623936492356106
7907,5.623936492356106
7908,5.623936492356106
7909,5.623936492356106
7910,5.623936492356106
7911,5.623936492356106
7912,5.623936492356106
7913,5.623936492356106
7914,5.623936492356106
7915,5.623936492356106
7916,5.623936492356106
7917,5.623936492356106
7918,5.623936492356106
7919,5.623936492356106
7920,5.623936492356106
7921,5.623936492356106
7922,5.623936492356106
7923,5.623936492356106
7924,5.623936492356106
7925,5.623936492356106
7926,5.623936492356106
7927,5.623936492356106
7928,5.623936492356106
7929,5.623936492356106
7930,5.623936492356106
7931,5.623936492356106
7932,5.623936492356106
7933,5.623936492356106
7934,5.623936492356106
7935,5.623936492356106
7936,5.623936492356106
7937,5.623936492356106
7938,5.623936492356106
7939,5.623936492356106
7940,5.623936492356106
7941,5.623936492356106
7942,5.623936492356106
7943,5.623936492356106
7944,5.623936492356106
7945,5.623936492356106
7946,5.623936492356106
7947,5.623936492356106
7948,5.623936492356106
7949,5.623936492356106
7950,5.623936492356106
7951,5.623936492356106
7952,5.623936492356106
7953,5.623936492356106
7954,5.623936492356106
7955,5.623936492356106
7956,5.623936492356106
7957,5.623936492356106
7958,5.623936492356106
7959,5.623936492356106
7960,5.623936492356106
7961,5.623936492356106
7962,5.623936492356106
7963,5.623936492356106
7964,5.623936492356106
7965,5.623936492356106
7966,5.623936492356106
7967,5.623936492356106
7968,5.623936492356106
7969,5.623936492356106
7970,5.623936492356106
7971,5.623936492356106
7972,5.623936492356106
7973,5.623936492356106
7974,5.623936492356106
7975,5.623936492356106
7976,5.623936492356106
7977,5.623936492356106
7978,5.623936492356106
7979,31.556695093525974
7980,31.556695093525974
7981,31.556695093525974
7982,31.556695093525974
7983,31.556695093525974
7984,31.556695093525974
7985,31.556695093525974
7986,31.556695093525974
7987,31.556695093525974
7988,31.556695093525974
7989,31.556695093525974
7990,31.556695093525974
7991,31.556695093525974
7992,31.556695093525974
7993,31.556695093525974
7994,31.556695093525974
7995,31.556695093525974
7996,31.556695093525974
7997,31.556695093525974
7998,31.556695093525974
7999,31.556695093525974
8000,31.556695093525974
8001,31.556695093525974
8002,31.556695093525974
8003,31.556695093525974
8004,31.556695093525974
8005,31.556695093525974
8006,31.556695093525974
8007,31.556695093525974
8008,31.556695093525974
8009,31.556695093525974
8010,31.556695093525974
8011,31.556695093525974
8012,31.556695093525974
8013,31.556695093525974
8014,31.556695093525974
8015,31.556695093525974
8016,31.556695093525974
8017,31.556695093525974
8018,31.556695093525974
8019,31.556695093525974
8020,31.556695093525974
8021,31.556695093525974
8022,31.556695093525974
8023,31.556695093525974
8024,31.556695093525974
8025,31.556695093525974
8026,31.556695093525974
8027,31.556695093525974
8028,31.556695093525974
8029,31.556695093525974
8030,31.556695093525974
8031,31.556695093525974
8032,31.556695093525974
8033,31.556695093525974
8034,31.556695093525974
8035,31.556695093525974
8036,31.556695093525974
8037,31.556695093525974
8038,31.556695093525974
8039,31.556695093525974
8040,31.556695093525974
8041,31.556695093525974
8042,31.556695093525974
8043,31.556695093525974
8044,31.556695093525974
8045,31.556695093525974
8046,31.556695093525974
8047,31.556695093525974
8048,31.556695093525974
8049,31.556695093525974
8050,31.556695093525974
8051,31.556695093525974
8052,31.556695093525974
8053,31.556695093525974
8054,31.556695093525974
8055,31.556695093525974
8056,31.556695093525974
8057,31.556695093525974
8058,31.556695093525974
8059,31.556695093525974
8060,31.556695093525974
8061,31.556695093525974
8062,31.556695093525974
8063,31.556695093525974
8064,31.556695093525974
8065,31.556695093525974
8066,31.556695093525974
8067,31.556695093525974
8068,31.556695093525974
8069,31.556695093525974
8070,31.556695093525974
8071,31.556695093525974
8072,31.556695093525974
8073,31.556695093525974
8074,31.556695093525974
8075,31.556695093525974
8076,31.556695093525974
8077,31.556695093525974
8078,31.556695093525974
8079,31.556695093525974
8080,31.556695093525974
8081,31.556695093525974
8082,31.556695093525974
8083,31.556695093525974
8084,31.556695093525974
8085,31.556695093525974
8086,31.556695093525974
8087,31.556695093525974
8088,31.556695093525974
8089,31.556695093525974
8090,31.556695093525974
8091,31.556695093525974
8092,31.556695093525974
8093,31.556695093525974
8094,31.556695093525974
8095,31.556695093525974
8096,31.556695093525974
8097,31.556695093525974
8098,31.556695093525974
8099,31.556695093525974
8100,31.556695093525974
8101,31.556695093525974
8102,31.556695093525974
8103,31.556695093525974
8104,31.556695093525974
8105,31.556695093525974
8106,31.556695093525974
8107,31.556695093525974
8108,31.556695093525974
8109,31.556695093525974
8110,31.556695093525974
8111,31.556695093525974
8112,31.556695093525974
8113,31.556695093525974
8114,31.556695093525974
8115,31.556695093525974
8116,31.556695093525974
8117,31.556695093525974
8118,31.556695093525974
8119,31.556695093525974
8120,31.556695093525974
8121,31.556695093525974
8122,31.556695093525974
8123,31.556695093525974
8124,31.556695093525974
8125,31.556695093525974
8126,31.556695093525974
8127,31.556695093525974
8128,31.556695093525974
8129,31.556695093525974
8130,31.556695093525974
8131,31.556695093525974
8132,31.556695093525974
8133,31.556695093525974
8134,31.556695093525974
8135,31.556695093525974
8136,31.556695093525974
8137,31.556695093525974
8138,31.556695093525974
8139,31.556695093525974
8140,31.556695093525974
8141,31.556695093525974
8142,31.556695093525974
8143,31.556695093525974
8144,31.556695093525974
8145,31.556695093525974
8146,31.556695093525974
8147,31.556695093525974
8148,31.556695093525974
8149,31.556695093525974
8150,31.556695093525974
8151,31.556695093525974
8152,31.556695093525974
8153,31.556695093525974
8154,31.556695093525974
8155,31.556695093525974
8156,31.556695093525974
8157,31.556695093525974
8158,31.556695093525974
8159,31.556695093525974
8160,31.556695093525974
8161,31.556695093525974
8162,31.556695093525974
8163,31.556695093525974
8164,31.556695093525974
8165,31.556695093525974
8166,31.556695093525974
8167,31.556695093525974
8168,31.556695093525974
8169,31.556695093525974
8170,31.556695093525974
8171,31.556695093525974
8172,31.556695093525974
8173,31.556695093525974
8174,31.556695093525974
8175,31.556695093525974
8176,31.556695093525974
8177,31.556695093525974
8178,31.556695093525974
8179,31.556695093525974
8180,31.556695093525974
8181,31.556695093525974
8182,31.556695093525974
8183,31.556695093525974
8184,31.556695093525974
8185,31.556695093525974
8186,31.556695093525974
8187,31.556695093525974
8188,31.556695093525974
8189,31.556695093525974
8190,31.556695093525974
8191,31.556695093525974
8192,31.556695093525974
8193,31.556695093525974
8194,31.556695093525974
8195,31.556695093525974
8196,31.556695093525974
8197,31.556695093525974
8198,31.556695093525974
8199,31.556695093525974
8200,31.556695093525974
8201,31.556695093525974
8202,31.556695093525974
8203,31.556695093525974
8204,31.556695093525974
8205,31.556695093525974
8206,31.556695093525974
8207,31.556695093525974
8208,31.556695093525974
8209,31.556695093525974
8210,31.556695093525974
8211,31.556695093525974
8212,31.556695093525974
8213,31.556695093525974
8214,31.556695093525974
8215,31.556695093525974
8216,31.556695093525974
8217,31.556695093525974
8218,31.556695093525974
8219,31.556695093525974
8220,31.556695093525974
8221,31.556695093525974
8222,31.556695093525974
8223,31.556695093525974
8224,31.556695093525974
8225,31.556695093525974
8226,31.556695093525974
8227,31.556695093525974
8228,31.556695093525974
8229,31.556695093525974
8230,31.556695093525974
8231,31.556695093525974
8232,31.556695093525974
8233,31.556695093525974
8234,31.556695093525974
8235,31.556695093525974
8236,31.556695093525974
8237,31.556695093525974
8238,31.556695093525974
8239,31.556695093525974
8240,31.556695093525974
8241,31.556695093525974
8242,31.556695093525974
8243,31.556695093525974
8244,31.556695093525974
8245,31.556695093525974
8246,31.556695093525974
8247,31.556695093525974
8248,31.556695093525974
8249,31.556695093525974
8250,31.556695093525974
8251,31.556695093525974
8252,31.556695093525974
8253,31.556695093525974
8254,31.556695093525974
8255,31.556695093525974
8256,31.556695093525974
8257,31.556695093525974
8258,31.556695093525974
8259,31.556695093525974
8260,31.556695093525974
8261,31.556695093525974
8262,31.556695093525974
8263,31.556695093525974
8264,31.556695093525974
8265,31.556695093525974
8266,31.556695093525974
8267,31.556695093525974
8268,31.556695093525974
8269,31.556695093525974
8270,31.556695093525974
8271,31.556695093525974
8272,31.556695093525974
8273,31.556695093525974
8274,31.556695093525974
8275,31.556695093525974
8276,31.556695093525974
8277,31.556695093525974
8278,31.556695093525974
8279,31.556695093525974
8280,31.556695093525974
8281,31.556695093525974
8282,31.556695093525974
8283,31.556695093525974
8284,31.556695093525974
8285,31.556695093525974
8286,31.556695093525974
8287,31.556695093525974
8288,31.556695093525974
8289,31.556695093525974
8290,31.556695093525974
8291,31.556695093525974
8292,31.556695093525974
8293,31.556695093525974
8294,31.556695093525974
8295,31.556695093525974
8296,31.556695093525974
8297,31.556695093525974
8298,31.556695093525974
8299,31.556695093525974
8300,31.556695093525974
8301,31.556695093525974
8302,31.556695093525974
8303,31.556695093525974
8304,31.556695093525974
8305,31.556695093525974
8306,31.556695093525974
8307,31.556695093525974
8308,31.556695093525974
8309,31.556695093525974
8310,31.556695093525974
8311,31.556695093525974
8312,31.556695093525974
8313,31.556695093525974
8314,31.556695093525974
8315,31.556695093525974
8316,31.556695093525974
8317,31.556695093525974
8318,31.556695093525974
8319,31.556695093525974
8320,31.556695093525974
8321,31.556695093525974
8322,31.556695093525974
8323,31.556695093525974
8324,31.556695093525974
8325,31.556695093525974
8326,31.556695093525974
8327,31.556695093525974
8328,31.556695093525974
8329,31.556695093525974
8330,31.556695093525974
8331,31.556695093525974
8332,31.556695093525974
8333,31.556695093525974
8334,31.556695093525974
8335,31.556695093525974
8336,31.556695093525974
8337,31.556695093525974
8338,31.556695093525974
8339,31.556695093525974
8340,31.556695093525974
8341,31.556695093525974
8342,31.556695093525974
8343,31.556695093525974
8344,31.556695093525974
8345,31.556695093525974
8346,31.556695093525974
8347,31.556695093525974
8348,31.556695093525974
8349,31.556695093525974
8350,31.556695093525974
8351,31.556695093525974
8352,31.556695093525974
8353,31.556695093525974
8354,31.556695093525974
8355,31.556695093525974
8356,31.556695093525974
8357,31.556695093525974
8358,31.556695093525974
8359,31.556695093525974
8360,31.556695093525974
8361,31.556695093525974
8362,31.556695093525974
8363,31.556695093525974
8364,31.556695093525974
8365,31.556695093525974
8366,31.556695093525974
8367,31.556695093525974
8368,31.556695093525974
8369,31.556695093525974
8370,31.556695093525974
8371,31.556695093525974
8372,31.556695093525974
8373,31.556695093525974
8374,31.556695093525974
8375,31.556695093525974
8376,31.556695093525974
8377,31.556695093525974
8378,31.556695093525974
8379,31.556695093525974
8380,31.556695093525974
8381,31.556695093525974
8382,31.556695093525974
8383,31.556695093525974
8384,31.556695093525974
8385,31.556695093525974
8386,31.556695093525974
8387,31.556695093525974
8388,31.556695093525974
8389,31.556695093525974
8390,31.556695093525974
8391,31.556695093525974
8392,31.556695093525974
8393,31.556695093525974
8394,31.556695093525974
8395,31.556695093525974
8396,31.556695093525974
8397,31.556695093525974
8398,31.556695093525974
8399,31.556695093525974
8400,31.556695093525974
8401,31.556695093525974
8402,31.556695093525974
8403,31.556695093525974
8404,31.556695093525974
8405,31.556695093525974
8406,31.556695093525974
8407,31.556695093525974
8408,31.556695093525974
8409,31.556695093525974
8410,31.556695093525974
8411,31.556695093525974
8412,31.556695093525974
8413,31.556695093525974
8414,31.556695093525974
8415,31.556695093525974
8416,31.556695093525974
8417,31.556695093525974
8418,31.556695093525974
8419,31.556695093525974
8420,31.556695093525974
8421,31.556695093525974
8422,31.556695093525974
8423,31.556695093525974
8424,31.556695093525974
8425,31.556695093525974
8426,31.556695093525974
8427,31.556695093525974
8428,31.556695093525974
8429,31.556695093525974
8430,31.556695093525974
8431,31.556695093525974
8432,31.556695093525974
8433,31.556695093525974
8434,31.556695093525974
8435,31.556695093525974
8436,31.556695093525974
8437,31.556695093525974
8438,31.556695093525974
8439,31.556695093525974
8440,31.556695093525974
8441,31.556695093525974
8442,31.556695093525974
8443,31.556695093525974
8444,31.556695093525974
8445,31.556695093525974
8446,31.556695093525974
8447,31.556695093525974
8448,31.556695093525974
8449,31.556695093525974
8450,31.556695093525974
8451,31.556695093525974
8452,31.556695093525974
8453,31.556695093525974
8454,31.556695093525974
8455,31.556695093525974
8456,31.556695093525974
8457,31.556695093525974
8458,31.556695093525974
8459,31.556695093525974
8460,31.556695093525974
8461,31.556695093525974
8462,31.556695093525974
8463,31.556695093525974
8464,31.556695093525974
8465,31.556695093525974
8466,31.556695093525974
8467,31.556695093525974
8468,31.556695093525974
8469,31.556695093525974
8470,31.556695093525974
8471,31.556695093525974
8472,31.556695093525974
8473,31.556695093525974
8474,31.556695093525974
8475,31.556695093525974
8476,31.556695093525974
8477,31.556695093525974
8478,31.556695093525974
8479,31.556695093525974
8480,31.556695093525974
8481,31.556695093525974
8482,31.556695093525974
8483,31.556695093525974
8484,31.556695093525974
8485,31.556695093525974
8486,31.556695093525974
8487,31.556695093525974
8488,31.556695093525974
8489,31.556695093525974
8490,31.556695093525974
8491,31.556695093525974
8492,31.556695093525974
8493,31.556695093525974
8494,31.556695093525974
8495,31.556695093525974
8496,31.556695093525974
8497,31.556695093525974
8498,31.556695093525974
8499,31.556695093525974
8500,31.556695093525974
8501,31.556695093525974
8502,31.556695093525974
8503,31.556695093525974
8504,31.556695093525974
8505,31.556695093525974
8506,31.556695093525974
8507,31.556695093525974
8508,31.556695093525974
8509,31.556695093525974
8510,31.556695093525974
8511,31.556695093525974
8512,31.556695093525974
8513,31.556695093525974
8514,31.556695093525974
8515,31.556695093525974
8516,31.556695093525974
8517,31.556695093525974
8518,31.556695093525974
8519,31.556695093525974
8520,31.556695093525974
8521,31.556695093525974
8522,31.556695093525974
8523,31.556695093525974
8524,31.556695093525974
8525,31.556695093525974
8526,31.556695093525974
8527,31.556695093525974
8528,31.556695093525974
8529,31.556695093525974
8530,31.556695093525974
8531,31.556695093525974
8532,31.556695093525974
8533,31.556695093525974
8534,31.556695093525974
8535,31.556695093525974
8536,31.556695093525974
8537,31.556695093525974
8538,31.556695093525974
8539,31.556695093525974
8540,31.556695093525974
8541,31.556695093525974
8542,31.556695093525974
8543,31.556695093525974
8544,31.556695093525974
8545,31.556695093525974
8546,31.556695093525974
8547,31.556695093525974
8548,31.556695093525974
8549,31.556695093525974
8550,31.556695093525974
8551,31.556695093525974
8552,31.556695093525974
8553,31.556695093525974
8554,31.556695093525974
8555,31.556695093525974
8556,31.556695093525974
8557,31.556695093525974
8558,31.556695093525974
8559,31.556695093525974
8560,31.556695093525974
8561,31.556695093525974
8562,31.556695093525974
8563,31.556695093525974
8564,31.556695093525974
8565,31.556695093525974
8566,31.556695093525974
8567,31.556695093525974
8568,31.556695093525974
8569,31.556695093525974
8570,31.556695093525974
8571,31.556695093525974
8572,31.556695093525974
8573,31.556695093525974
8574,31.556695093525974
8575,31.556695093525974
8576,31.556695093525974
8577,31.556695093525974
8578,31.556695093525974
8579,31.556695093525974
8580,31.556695093525974
8581,31.556695093525974
8582,31.556695093525974
8583,31.556695093525974
8584,31.556695093525974
8585,31.556695093525974
8586,31.556695093525974
8587,31.556695093525974
8588,31.556695093525974
8589,31.556695093525974
8590,31.556695093525974
8591,31.556695093525974
8592,31.556695093525974
8593,31.556695093525974
8594,31.556695093525974
8595,31.556695093525974
8596,31.556695093525974
8597,31.556695093525974
8598,31.556695093525974
8599,31.556695093525974
8600,31.556695093525974
8601,31.556695093525974
8602,31.556695093525974
8603,31.556695093525974
8604,31.556695093525974
8605,31.556695093525974
8606,31.556695093525974
8607,31.556695093525974
8608,31.556695093525974
8609,31.556695093525974
8610,31.556695093525974
8611,31.556695093525974
8612,31.556695093525974
8613,31.556695093525974
8614,31.556695093525974
8615,31.556695093525974
8616,31.556695093525974
8617,31.556695093525974
8618,31.556695093525974
8619,31.556695093525974
8620,31.556695093525974
8621,31.556695093525974
8622,31.556695093525974
8623,31.556695093525974
8624,31.556695093525974
8625,31.556695093525974
8626,31.556695093525974
8627,31.556695093525974
8628,31.556695093525974
8629,31.556695093525974
8630,31.556695093525974
8631,31.556695093525974
8632,31.556695093525974
8633,31.556695093525974
8634,31.556695093525974
8635,31.556695093525974
8636,31.556695093525974
8637,31.556695093525974
8638,31.556695093525974
8639,31.556695093525974
8640,31.556695093525974
8641,31.556695093525974
8642,31.556695093525974
8643,31.556695093525974
8644,31.556695093525974
8645,31.556695093525974
8646,31.556695093525974
8647,31.556695093525974
8648,31.556695093525974
8649,31.556695093525974
8650,31.556695093525974
8651,31.556695093525974
8652,31.556695093525974
8653,31.556695093525974
8654,31.556695093525974
8655,31.556695093525974
8656,31.556695093525974
8657,31.556695093525974
8658,31.556695093525974
8659,31.556695093525974
8660,31.556695093525974
8661,31.556695093525974
8662,31.556695093525974
8663,31.556695093525974
8664,31.556695093525974
8665,31.556695093525974
8666,31.556695093525974
8667,31.556695093525974
8668,31.556695093525974
8669,31.556695093525974
8670,31.556695093525974
8671,31.556695093525974
8672,31.556695093525974
8673,31.556695093525974
8674,31.556695093525974
8675,31.556695093525974
8676,31.556695093525974
8677,31.556695093525974
8678,31.556695093525974
8679,31.556695093525974
8680,31.556695093525974
8681,31.556695093525974
8682,31.556695093525974
8683,31.556695093525974
8684,31.556695093525974
8685,31.556695093525974
8686,31.556695093525974
8687,31.556695093525974
8688,31.556695093525974
8689,31.556695093525974
8690,31.556695093525974
8691,31.556695093525974
8692,31.556695093525974
8693,31.556695093525974
8694,31.556695093525974
8695,31.556695093525974
8696,31.556695093525974
8697,31.556695093525974
8698,31.556695093525974
8699,31.556695093525974
8700,31.556695093525974
8701,31.556695093525974
8702,31.556695093525974
8703,31.556695093525974
8704,31.556695093525974
8705,31.556695093525974
8706,31.556695093525974
8707,31.556695093525974
8708,31.556695093525974
8709,31.556695093525974
8710,31.556695093525974
8711,31.556695093525974
8712,31.556695093525974
8713,31.556695093525974
8714,31.556695093525974
8715,31.556695093525974
8716,31.556695093525974
8717,31.556695093525974
8718,31.556695093525974
8719,31.556695093525974
8720,31.556695093525974
8721,31.556695093525974
8722,31.556695093525974
8723,31.556695093525974
8724,31.556695093525974
8725,31.556695093525974
8726,31.556695093525974
8727,31.556695093525974
8728,31.556695093525974
8729,31.556695093525974
8730,31.556695093525974
8731,31.556695093525974
8732,31.556695093525974
8733,31.556695093525974
8734,31.556695093525974
8735,31.556695093525974
8736,31.556695093525974
8737,31.556695093525974
8738,31.556695093525974
8739,31.556695093525974
8740,31.556695093525974
8741,31.556695093525974
8742,31.556695093525974
8743,31.556695093525974
8744,31.556695093525974
8745,31.556695093525974
8746,31.556695093525974
8747,31.556695093525974
8748,31.556695093525974
8749,31.556695093525974
8750,31.556695093525974
8751,31.556695093525974
8752,31.556695093525974
8753,31.556695093525974
8754,31.556695093525974
8755,31.556695093525974
8756,31.556695093525974
8757,31.556695093525974
8758,31.556695093525974
8759,31.556695093525974
8760,31.556695093525974
8761,31.556695093525974
8762,31.556695093525974
8763,31.556695093525974
8764,31.556695093525974
8765,31.556695093525974
8766,31.556695093525974
8767,31.556695093525974
8768,31.556695093525974
8769,31.556695093525974
8770,31.556695093525974
8771,31.556695093525974
8772,31.556695093525974
8773,31.556695093525974
8774,31.556695093525974
8775,31.556695093525974
8776,31.556695093525974
8777,31.556695093525974
8778,31.556695093525974
8779,31.556695093525974
8780,31.556695093525974
8781,31.556695093525974
8782,31.556695093525974
8783,31.556695093525974
8784,31.556695093525974
8785,31.556695093525974
8786,31.556695093525974
8787,31.556695093525974
8788,31.556695093525974
8789,31.556695093525974
8790,31.556695093525974
8791,31.556695093525974
8792,31.556695093525974
8793,31.556695093525974
8794,31.556695093525974
8795,31.556695093525974
8796,31.556695093525974
8797,31.556695093525974
8798,31.556695093525974
8799,31.556695093525974
8800,31.556695093525974
8801,31.556695093525974
8802,31.556695093525974
8803,31.556695093525974
8804,31.556695093525974
8805,31.556695093525974
8806,31.556695093525974
8807,31.556695093525974
8808,31.556695093525974
8809,31.556695093525974
8810,31.556695093525974
8811,31.556695093525974
8812,31.556695093525974
8813,31.556695093525974
8814,31.556695093525974
8815,31.556695093525974
8816,31.556695093525974
8817,31.556695093525974
8818,31.556695093525974
8819,31.556695093525974
8820,31.556695093525974
8821,31.556695093525974
8822,31.556695093525974
8823,31.556695093525974
8824,31.556695093525974
8825,31.556695093525974
8826,31.556695093525974
8827,31.556695093525974
8828,31.556695093525974
8829,31.556695093525974
8830,31.556695093525974
8831,31.556695093525974
8832,31.556695093525974
8833,31.556695093525974
8834,31.556695093525974
8835,31.556695093525974
8836,31.556695093525974
8837,31.556695093525974
8838,31.556695093525974
8839,31.556695093525974
8840,31.556695093525974
8841,59.256162309860706
8842,59.256162309860706
8843,59.256162309860706
8844,59.256162309860706
8845,59.256162309860706
8846,59.256162309860706
8847,59.256162309860706
8848,59.256162309860706
8849,59.256162309860706
8850,59.256162309860706
8851,59.256162309860706
8852,59.256162309860706
8853,59.256162309860706
8854,59.256162309860706
8855,59.256162309860706
8856,59.256162309860706
8857,59.256162309860706
8858,59.256162309860706
8859,59.256162309860706
8860,59.256162309860706
8861,59.256162309860706
8862,59.256162309860706
8863,59.256162309860706
8864,59.256162309860706
8865,59.256162309860706
8866,59.256162309860706
8867,59.256162309860706
8868,59.256162309860706
8869,59.256162309860706
8870,59.256162309860706
8871,59.256162309860706
8872,59.256162309860706
8873,59.256162309860706
8874,59.256162309860706
8875,59.256162309860706
8876,59.256162309860706
8877,59.256162309860706
8878,59.256162309860706
8879,59.256162309860706
8880,59.256162309860706
8881,59.256162309860706
8882,59.256162309860706
8883,59.256162309860706
8884,59.256162309860706
8885,59.256162309860706
8886,59.256162309860706
8887,59.256162309860706
8888,59.256162309860706
8889,59.256162309860706
8890,59.256162309860706
8891,59.256162309860706
8892,59.256162309860706
8893,59.256162309860706
8894,59.256162309860706
8895,59.256162309860706
8896,59.256162309860706
8897,59.256162309860706
8898,59.256162309860706
8899,59.256162309860706
8900,59.256162309860706
8901,59.256162309860706
8902,59.256162309860706
8903,59.256162309860706
8904,59.256162309860706
8905,59.256162309860706
8906,59.256162309860706
8907,59.256162309860706
8908,59.256162309860706
8909,59.256162309860706
8910,59.256162309860706
8911,59.256162309860706
8912,59.256162309860706
8913,59.256162309860706
8914,59.256162309860706
8915,59.256162309860706
8916,59.256162309860706
8917,59.256162309860706
8918,59.256162309860706
8919,59.256162309860706
8920,59.256162309860706
8921,59.256162309860706
8922,59.256162309860706
8923,59.256162309860706
8924,59.256162309860706
8925,59.256162309860706
8926,59.256162309860706
8927,59.256162309860706
8928,59.256162309860706
8929,59.256162309860706
8930,59.256162309860706
8931,59.256162309860706
8932,59.256162309860706
8933,59.256162309860706
8934,59.256162309860706
8935,59.256162309860706
8936,59.256162309860706
8937,59.256162309860706
8938,59.256162309860706
8939,59.256162309860706
8940,59.256162309860706
8941,59.256162309860706
8942,59.256162309860706
8943,59.256162309860706
8944,59.256162309860706
8945,59.256162309860706
8946,59.256162309860706
8947,59.256162309860706
8948,59.256162309860706
8949,59.256162309860706
8950,59.256162309860706
8951,59.256162309860706
8952,59.256162309860706
8953,59.256162309860706
8954,59.256162309860706
8955,59.256162309860706
8956,59.256162309860706
8957,59.256162309860706
8958,59.256162309860706
8959,59.256162309860706
8960,59.256162309860706
8961,59.256162309860706
8962,59.256162309860706
8963,59.256162309860706
8964,59.256162309860706
8965,59.256162309860706
8966,59.256162309860706
8967,59.256162309860706
8968,59.256162309860706
8969,59.256162309860706
8970,59.256162309860706
8971,59.256162309860706
8972,59.256162309860706
8973,59.256162309860706
8974,59.256162309860706
8975,59.256162309860706
8976,59.256162309860706
8977,59.256162309860706
8978,59.256162309860706
8979,59.256162309860706
8980,59.256162309860706
8981,59.256162309860706
8982,59.256162309860706
8983,59.256162309860706
8984,59.256162309860706
8985,59.256162309860706
8986,59.256162309860706
8987,59.256162309860706
8988,59.256162309860706
8989,59.256162309860706
8990,59.256162309860706
8991,59.256162309860706
8992,59.256162309860706
8993,59.256162309860706
8994,59.256162309860706
8995,59.256162309860706
8996,59.256162309860706
8997,59.256162309860706
8998,59.256162309860706
8999,59.256162309860706
9000,59.256162309860706
9001,59.256162309860706
9002,59.256162309860706
9003,59.256162309860706
9004,59.256162309860706
9005,59.256162309860706
9006,59.256162309860706
9007,59.256162309860706
9008,59.256162309860706
9009,59.256162309860706
9010,59.256162309860706
9011,59.256162309860706
9012,59.256162309860706
9013,59.256162309860706
9014,59.256162309860706
9015,59.256162309860706
9016,59.256162309860706
9017,59.256162309860706
9018,59.256162309860706
9019,59.256162309860706
9020,59.256162309860706
9021,59.256162309860706
9022,59.256162309860706
9023,59.256162309860706
9024,59.256162309860706
9025,59.256162309860706
9026,59.256162309860706
9027,59.256162309860706
9028,59.256162309860706
9029,59.256162309860706
9030,59.256162309860706
9031,59.256162309860706
9032,59.256162309860706
9033,59.256162309860706
9034,59.256162309860706
9035,59.256162309860706
9036,59.256162309860706
9037,59.256162309860706
9038,59.256162309860706
9039,59.256162309860706
9040,59.256162309860706
9041,59.256162309860706
9042,59.256162309860706
9043,59.256162309860706
9044,59.256162309860706
9045,59.256162309860706
9046,59.256162309860706
9047,59.256162309860706
9048,59.256162309860706
9049,59.256162309860706
9050,54.01913320062202
9051,54.01913320062202
9052,54.01913320062202
9053,54.01913320062202
9054,54.01913320062202
9055,54.01913320062202
9056,54.01913320062202
9057,54.01913320062202
9058,54.01913320062202
9059,54.01913320062202
9060,54.01913320062202
9061,54.01913320062202
9062,54.01913320062202
9063,54.01913320062202
9064,54.01913320062202
9065,54.01913320062202
9066,54.01913320062202
9067,54.01913320062202
9068,54.01913320062202
9069,54.01913320062202
9070,54.01913320062202
9071,54.01913320062202
9072,54.01913320062202
9073,54.01913320062202
9074,54.01913320062202
9075,54.01913320062202
9076,54.01913320062202
9077,54.01913320062202
9078,54.01913320062202
9079,54.01913320062202
9080,54.01913320062202
9081,54.01913320062202
9082,54.01913320062202
9083,54.01913320062202
9084,54.01913320062202
9085,54.01913320062202
9086,54.01913320062202
9087,54.01913320062202
9088,54.01913320062202
9089,54.01913320062202
9090,54.01913320062202
9091,54.01913320062202
9092,54.01913320062202
9093,54.01913320062202
9094,54.01913320062202
9095,54.01913320062202
9096,54.01913320062202
9097,54.01913320062202
9098,54.01913320062202
9099,54.01913320062202
9100,54.01913320062202
9101,54.01913320062202
9102,54.01913320062202
9103,54.01913320062202
9104,54.01913320062202
9105,54.01913320062202
9106,54.01913320062202
9107,54.01913320062202
9108,54.01913320062202
9109,54.01913320062202
9110,54.01913320062202
9111,54.01913320062202
9112,54.01913320062202
9113,54.01913320062202
9114,54.01913320062202
9115,54.01913320062202
9116,54.01913320062202
9117,54.01913320062202
9118,54.01913320062202
9119,54.01913320062202
9120,54.01913320062202
9121,54.01913320062202
9122,54.01913320062202
9123,54.01913320062202
9124,54.01913320062202
9125,54.01913320062202
9126,54.01913320062202
9127,54.01913320062202
9128,54.01913320062202
9129,54.01913320062202
9130,54.01913320062202
9131,54.01913320062202
9132,54.01913320062202
9133,54.01913320062202
9134,54.01913320062202
9135,54.01913320062202
9136,54.01913320062202
9137,54.01913320062202
9138,54.01913320062202
9139,54.01913320062202
9140,54.01913320062202
9141,54.01913320062202
9142,54.01913320062202
9143,54.01913320062202
9144,54.01913320062202
9145,54.01913320062202
9146,54.01913320062202
9147,54.01913320062202
9148,54.01913320062202
9149,54.01913320062202
9150,54.01913320062202
9151,54.01913320062202
9152,54.01913320062202
9153,54.01913320062202
9154,54.01913320062202
9155,54.01913320062202
9156,54.01913320062202
9157,54.01913320062202
9158,54.01913320062202
9159,54.01913320062202
9160,54.01913320062202
9161,54.01913320062202
9162,54.01913320062202
9163,54.01913320062202
9164,54.01913320062202
9165,54.01913320062202
9166,54.01913320062202
9167,54.01913320062202
9168,54.01913320062202
9169,54.01913320062202
9170,54.01913320062202
9171,54.01913320062202
9172,15.02535019448338
9173,15.02535019448338
9174,15.02535019448338
9175,15.02535019448338
9176,15.02535019448338
9177,15.02535019448338
9178,15.02535019448338
9179,15.02535019448338
9180,15.02535019448338
9181,15.02535019448338
9182,15.02535019448338
9183,15.02535019448338
9184,15.02535019448338
9185,15.02535019448338
9186,15.02535019448338
9187,15.02535019448338
9188,15.02535019448338
9189,15.02535019448338
9190,15.02535019448338
9191,15.02535019448338
9192,15.02535019448338
9193,15.02535019448338
9194,15.02535019448338
9195,15.02535019448338
9196,15.02535019448338
9197,15.02535019448338
9198,15.02535019448338
9199,15.02535019448338
9200,15.02535019448338
9201,15.02535019448338
9202,15.02535019448338
9203,15.02535019448338
9204,15.02535019448338
9205,15.02535019448338
9206,15.02535019448338
9207,15.02535019448338
9208,15.02535019448338
9209,15.02535019448338
9210,15.02535019448338
9211,15.02535019448338
9212,15.02535019448338
9213,15.02535019448338
9214,15.02535019448338
9215,15.02535019448338
9216,15.02535019448338
9217,15.02535019448338
9218,15.02535019448338
9219,15.02535019448338
9220,15.02535019448338
9221,15.02535019448338
9222,15.02535019448338
9223,15.02535019448338
9224,15.02535019448338
9225,15.02535019448338
9226,15.02535019448338
9227,15.02535019448338
9228,15.02535019448338
9229,15.02535019448338
9230,15.02535019448338
9231,15.02535019448338
9232,15.02535019448338
9233,15.02535019448338
9234,15.02535019448338
9235,15.02535019448338
9236,15.02535019448338
9237,15.02535019448338
9238,15.02535019448338
9239,15.02535019448338
9240,15.02535019448338
9241,15.02535019448338
9242,15.02535019448338
9243,15.02535019448338
9244,15.02535019448338
9245,15.02535019448338
9246,15.02535019448338
9247,15.02535019448338
9248,15.02535019448338
9249,15.02535019448338
9250,15.02535019448338
9251,15.02535019448338
9252,15.02535019448338
9253,15.02535019448338
9254,15.02535019448338
9255,15.02535019448338
9256,15.02535019448338
9257,15.02535019448338
9258,15.02535019448338
9259,15.02535019448338
9260,15.02535019448338
9261,15.02535019448338
9262,15.02535019448338
9263,15.02535019448338
9264,15.02535019448338
9265,15.02535019448338
9266,15.02535019448338
9267,15.02535019448338
9268,15.02535019448338
9269,15.02535019448338
9270,15.02535019448338
9271,15.02535019448338
9272,15.02535019448338
9273,15.02535019448338
9274,15.02535019448338
9275,15.02535019448338
9276,15.02535019448338
9277,15.02535019448338
9278,15.02535019448338
9279,15.02535019448338
9280,15.02535019448338
9281,15.02535019448338
9282,15.02535019448338
9283,15.02535019448338
9284,15.02535019448338
9285,15.02535019448338
9286,15.02535019448338
9287,15.02535019448338
9288,15.02535019448338
9289,15.02535019448338
9290,15.02535019448338
9291,15.02535019448338
9292,15.02535019448338
9293,15.02535019448338
9294,15.02535019448338
9295,15.02535019448338
9296,15.02535019448338
9297,15.02535019448338
9298,15.02535019448338
9299,15.02535019448338
9300,15.02535019448338
9301,15.02535019448338
9302,15.02535019448338
9303,15.02535019448338
9304,15.02535019448338
9305,15.02535019448338
9306,15.02535019448338
9307,15.02535019448338
9308,15.02535019448338
9309,15.02535019448338
9310,15.02535019448338
9311,15.02535019448338
9312,15.02535019448338
9313,15.02535019448338
9314,15.02535019448338
9315,15.02535019448338
9316,15.02535019448338
9317,15.02535019448338
9318,15.02535019448338
9319,15.02535019448338
9320,15.02535019448338
9321,15.02535019448338
9322,15.02535019448338
9323,15.02535019448338
9324,15.02535019448338
9325,15.02535019448338
9326,15.02535019448338
9327,15.02535019448338
9328,15.02535019448338
9329,15.02535019448338
9330,15.02535019448338
9331,15.02535019448338
9332,15.02535019448338
9333,15.02535019448338
9334,15.02535019448338
9335,15.02535019448338
9336,15.02535019448338
9337,15.02535019448338
9338,15.02535019448338
9339,15.02535019448338
9340,15.02535019448338
9341,15.02535019448338
9342,15.02535019448338
9343,15.02535019448338
9344,15.02535019448338
9345,15.02535019448338
9346,15.02535019448338
9347,15.02535019448338
9348,15.02535019448338
9349,15.02535019448338
9350,15.02535019448338
9351,15.02535019448338
9352,15.02535019448338
9353,15.02535019448338
9354,15.02535019448338
9355,15.02535019448338
9356,15.02535019448338
9357,15.02535019448338
9358,15.02535019448338
9359,15.02535019448338
9360,15.02535019448338
9361,15.02535019448338
9362,15.02535019448338
9363,15.02535019448338
9364,15.02535019448338
9365,15.02535019448338
9366,15.02535019448338
9367,15.02535019448338
9368,15.02535019448338
9369,15.02535019448338
9370,15.02535019448338
9371,15.02535019448338
9372,15.02535019448338
9373,15.02535019448338
9374,15.02535019448338
9375,15.02535019448338
9376,15.02535019448338
9377,15.02535019448338
9378,15.02535019448338
9379,15.02535019448338
9380,15.02535019448338
9381,15.02535019448338
9382,15.02535019448338
9383,15.02535019448338
9384,15.02535019448338
9385,15.02535019448338
9386,15.02535019448338
9387,15.02535019448338
9388,15.02535019448338
9389,15.02535019448338
9390,15.02535019448338
9391,15.02535019448338
9392,15.02535019448338
9393,15.02535019448338
9394,15.02535019448338
9395,15.02535019448338
9396,15.02535019448338
9397,15.02535019448338
9398,15.02535019448338
9399,15.02535019448338
9400,15.02535019448338
9401,15.02535019448338
9402,15.02535019448338
9403,15.02535019448338
9404,15.02535019448338
9405,15.02535019448338
9406,15.02535019448338
9407,15.02535019448338
9408,15.02535019448338
9409,15.02535019448338
9410,15.02535019448338
9411,15.02535019448338
9412,15.02535019448338
9413,15.02535019448338
9414,15.02535019448338
9415,15.02535019448338
9416,15.02535019448338
9417,15.02535019448338
9418,15.02535019448338
9419,15.02535019448338
9420,15.02535019448338
9421,15.02535019448338
9422,15.02535019448338
9423,15.02535019448338
9424,15.02535019448338
9425,15.02535019448338
9426,15.02535019448338
9427,15.02535019448338
9428,15.02535019448338
9429,15.02535019448338
9430,15.02535019448338
9431,15.02535019448338
9432,15.02535019448338
9433,15.02535019448338
9434,15.02535019448338
9435,15.02535019448338
9436,15.02535019448338
9437,15.02535019448338
9438,15.02535019448338
9439,15.02535019448338
9440,15.02535019448338
9441,15.02535019448338
9442,15.02535019448338
9443,15.02535019448338
9444,15.02535019448338
9445,15.02535019448338
9446,15.02535019448338
9447,15.02535019448338
9448,15.02535019448338
9449,15.02535019448338
9450,15.02535019448338
9451,15.02535019448338
9452,15.02535019448338
9453,15.02535019448338
9454,15.02535019448338
9455,15.02535019448338
9456,15.02535019448338
9457,15.02535019448338
9458,15.02535019448338
9459,15.02535019448338
9460,15.02535019448338
9461,15.02535019448338
9462,15.02535019448338
9463,15.02535019448338
9464,15.02535019448338
9465,15.02535019448338
9466,15.02535019448338
9467,15.02535019448338
9468,15.02535019448338
9469,15.02535019448338
9470,15.02535019448338
9471,15.02535019448338
9472,15.02535019448338
9473,15.02535019448338
9474,15.02535019448338
9475,15.02535019448338
9476,15.02535019448338
9477,15.02535019448338
9478,15.02535019448338
9479,15.02535019448338
9480,15.02535019448338
9481,15.02535019448338
9482,15.02535019448338
9483,15.02535019448338
9484,15.02535019448338
9485,15.02535019448338
9486,15.02535019448338
9487,15.02535019448338
9488,15.02535019448338
9489,15.02535019448338
9490,15.02535019448338
9491,15.02535019448338
9492,15.02535019448338
9493,15.02535019448338
9494,15.02535019448338
9495,15.02535019448338
9496,15.02535019448338
9497,15.02535019448338
9498,15.02535019448338
9499,15.02535019448338
9500,15.02535019448338
9501,15.02535019448338
9502,15.02535019448338
9503,15.02535019448338
9504,15.02535019448338
9505,15.02535019448338
9506,15.02535019448338
9507,15.02535019448338
9508,15.02535019448338
9509,15.02535019448338
9510,15.02535019448338
9511,15.02535019448338
9512,15.02535019448338
9513,15.02535019448338
9514,15.02535019448338
9515,15.02535019448338
9516,15.02535019448338
9517,15.02535019448338
9518,15.02535019448338
9519,15.02535019448338
9520,15.02535019448338
9521,15.02535019448338
9522,15.02535019448338
9523,15.02535019448338
9524,15.02535019448338
9525,15.02535019448338
9526,15.02535019448338
9527,15.02535019448338
9528,15.02535019448338
9529,15.02535019448338
9530,15.02535019448338
9531,15.02535019448338
9532,15.02535019448338
9533,15.02535019448338
9534,15.02535019448338
9535,15.02535019448338
9536,15.02535019448338
9537,15.02535019448338
9538,15.02535019448338
9539,15.02535019448338
9540,15.02535019448338
9541,15.02535019448338
9542,15.02535019448338
9543,15.02535019448338
9544,15.02535019448338
9545,15.02535019448338
9546,15.02535019448338
9547,15.02535019448338
9548,15.02535019448338
9549,15.02535019448338
9550,15.02535019448338
9551,15.02535019448338
9552,15.02535019448338
9553,15.02535019448338
9554,15.02535019448338
9555,15.02535019448338
9556,15.02535019448338
9557,15.02535019448338
9558,15.02535019448338
9559,15.02535019448338
9560,15.02535019448338
9561,15.02535019448338
9562,15.02535019448338
9563,15.02535019448338
9564,15.02535019448338
9565,15.02535019448338
9566,15.02535019448338
9567,15.02535019448338
9568,15.02535019448338
9569,15.02535019448338
9570,15.02535019448338
9571,15.02535019448338
9572,15.02535019448338
9573,15.02535019448338
9574,15.02535019448338
9575,15.02535019448338
9576,15.02535019448338
9577,15.02535019448338
9578,15.02535019448338
9579,15.02535019448338
9580,15.02535019448338
9581,15.02535019448338
9582,15.02535019448338
9583,15.02535019448338
9584,15.02535019448338
9585,15.02535019448338
9586,15.02535019448338
9587,15.02535019448338
9588,15.02535019448338
9589,15.02535019448338
9590,15.02535019448338
9591,15.02535019448338
9592,15.02535019448338
9593,15.02535019448338
9594,15.02535019448338
9595,15.02535019448338
9596,15.02535019448338
9597,15.02535019448338
9598,15.02535019448338
9599,15.02535019448338
9600,15.02535019448338
9601,15.02535019448338
9602,15.02535019448338
9603,15.02535019448338
9604,15.02535019448338
9605,15.02535019448338
9606,15.02535019448338
9607,15.02535019448338
9608,15.02535019448338
9609,15.02535019448338
9610,15.02535019448338
9611,15.02535019448338
9612,15.02535019448338
9613,15.02535019448338
9614,15.02535019448338
9615,15.02535019448338
9616,15.02535019448338
9617,15.02535019448338
9618,15.02535019448338
9619,15.02535019448338
9620,15.02535019448338
9621,15.02535019448338
9622,15.02535019448338
9623,15.02535019448338
9624,15.02535019448338
9625,15.02535019448338
9626,15.02535019448338
9627,15.02535019448338
9628,15.02535019448338
9629,15.02535019448338
9630,15.02535019448338
9631,15.02535019448338
9632,15.02535019448338
9633,15.02535019448338
9634,15.02535019448338
9635,15.02535019448338
9636,15.02535019448338
9637,15.02535019448338
9638,15.02535019448338
9639,15.02535019448338
9640,15.02535019448338
9641,15.02535019448338
9642,15.02535019448338
9643,15.02535019448338
9644,15.02535019448338
9645,15.02535019448338
9646,15.02535019448338
9647,15.02535019448338
9648,15.02535019448338
9649,15.02535019448338
9650,15.02535019448338
9651,15.02535019448338
9652,15.02535019448338
9653,15.02535019448338
9654,15.02535019448338
9655,15.02535019448338
9656,15.02535019448338
9657,15.02535019448338
9658,15.02535019448338
9659,15.02535019448338
9660,15.02535019448338
9661,15.02535019448338
9662,15.02535019448338
9663,15.02535019448338
9664,15.02535019448338
9665,15.02535019448338
9666,15.02535019448338
9667,15.02535019448338
9668,15.02535019448338
9669,15.02535019448338
9670,15.02535019448338
9671,15.02535019448338
9672,15.02535019448338
9673,15.02535019448338
9674,15.02535019448338
9675,15.02535019448338
9676,15.02535019448338
9677,15.02535019448338
9678,15.02535019448338
9679,15.02535019448338
9680,15.02535019448338
9681,15.02535019448338
9682,15.02535019448338
9683,15.02535019448338
9684,15.02535019448338
9685,15.02535019448338
9686,15.02535019448338
9687,15.02535019448338
9688,15.02535019448338
9689,15.02535019448338
9690,15.02535019448338
9691,15.02535019448338
9692,15.02535019448338
9693,15.02535019448338
9694,15.02535019448338
9695,15.02535019448338
9696,15.02535019448338
9697,15.02535019448338
9698,15.02535019448338
9699,15.02535019448338
9700,15.02535019448338
9701,15.02535019448338
9702,15.02535019448338
9703,15.02535019448338
9704,15.02535019448338
9705,15.02535019448338
9706,15.02535019448338
9707,15.02535019448338
9708,15.02535019448338
9709,15.02535019448338
9710,15.02535019448338
9711,15.02535019448338
9712,15.02535019448338
9713,15.02535019448338
9714,15.02535019448338
9715,15.02535019448338
9716,15.02535019448338
9717,15.02535019448338
9718,15.02535019448338
9719,15.02535019448338
9720,15.02535019448338
9721,15.02535019448338
9722,15.02535019448338
9723,15.02535019448338
9724,15.02535019448338
9725,15.02535019448338
9726,15.02535019448338
9727,15.02535019448338
9728,15.02535019448338
9729,15.02535019448338
9730,15.02535019448338
9731,15.02535019448338
9732,15.02535019448338
9733,15.02535019448338
9734,15.02535019448338
9735,15.02535019448338
9736,15.02535019448338
9737,15.02535019448338
9738,15.02535019448338
9739,15.02535019448338
9740,15.02535019448338
9741,15.02535019448338
9742,15.02535019448338
9743,15.02535019448338
9744,15.02535019448338
9745,15.02535019448338
9746,15.02535019448338
9747,15.02535019448338
9748,15.02535019448338
9749,15.02535019448338
9750,15.02535019448338
9751,15.02535019448338
9752,15.02535019448338
9753,15.02535019448338
9754,15.02535019448338
9755,15.02535019448338
9756,15.02535019448338
9757,15.02535019448338
9758,15.02535019448338
9759,15.02535019448338
9760,15.02535019448338
9761,15.02535019448338
9762,15.02535019448338
9763,15.02535019448338
9764,15.02535019448338
9765,15.02535019448338
9766,15.02535019448338
9767,15.02535019448338
9768,15.02535019448338
9769,15.02535019448338
9770,15.02535019448338
9771,15.02535019448338
9772,15.02535019448338
9773,15.02535019448338
9774,15.02535019448338
9775,15.02535019448338
9776,15.02535019448338
9777,15.02535019448338
9778,15.02535019448338
9779,15.02535019448338
9780,15.02535019448338
9781,15.02535019448338
9782,15.02535019448338
9783,15.02535019448338
9784,15.02535019448338
9785,15.02535019448338
9786,15.02535019448338
9787,15.02535019448338
9788,15.02535019448338
9789,15.02535019448338
9790,15.02535019448338
9791,15.02535019448338
9792,15.02535019448338
9793,15.02535019448338
9794,15.02535019448338
9795,15.02535019448338
9796,15.02535019448338
9797,15.02535019448338
9798,15.02535019448338
9799,15.02535019448338
9800,15.02535019448338
9801,15.02535019448338
9802,15.02535019448338
9803,15.02535019448338
9804,15.02535019448338
9805,15.02535019448338
9806,15.02535019448338
9807,15.02535019448338
9808,15.02535019448338
9809,15.02535019448338
9810,15.02535019448338
9811,15.02535019448338
9812,15.02535019448338
9813,15.02535019448338
9814,15.02535019448338
9815,15.02535019448338
9816,15.02535019448338
9817,15.02535019448338
9818,15.02535019448338
9819,15.02535019448338
9820,15.02535019448338
9821,15.02535019448338
9822,15.02535019448338
9823,15.02535019448338
9824,15.02535019448338
9825,15.02535019448338
9826,15.02535019448338
9827,15.02535019448338
9828,15.02535019448338
9829,15.02535019448338
9830,15.02535019448338
9831,15.02535019448338
9832,15.02535019448338
9833,15.02535019448338
9834,15.02535019448338
9835,15.02535019448338
9836,15.02535019448338
9837,15.02535019448338
9838,15.02535019448338
9839,15.02535019448338
9840,15.02535019448338
9841,15.02535019448338
9842,15.02535019448338
9843,15.02535019448338
9844,15.02535019448338
9845,15.02535019448338
9846,15.02535019448338
9847,15.02535019448338
9848,15.02535019448338
9849,15.02535019448338
9850,15.02535019448338
9851,15.02535019448338
9852,15.02535019448338
9853,15.02535019448338
9854,15.02535019448338
9855,15.02535019448338
9856,15.02535019448338
9857,15.02535019448338
9858,15.02535019448338
9859,15.02535019448338
9860,15.02535019448338
9861,15.02535019448338
9862,15.02535019448338
9863,15.02535019448338
9864,15.02535019448338
9865,15.02535019448338
9866,15.02535019448338
9867,15.02535019448338
9868,15.02535019448338
9869,15.02535019448338
9870,15.02535019448338
9871,15.02535019448338
9872,15.02535019448338
9873,15.02535019448338
9874,15.02535019448338
9875,15.02535019448338
9876,15.02535019448338
9877,15.02535019448338
9878,15.02535019448338
9879,15.02535019448338
9880,15.02535019448338
9881,15.02535019448338
9882,15.02535019448338
9883,15.02535019448338
9884,15.02535019448338
9885,15.02535019448338
9886,15.02535019448338
9887,15.02535019448338
9888,15.02535019448338
9889,15.02535019448338
9890,15.02535019448338
9891,15.02535019448338
9892,15.02535019448338
9893,15.02535019448338
9894,15.02535019448338
9895,15.02535019448338
9896,15.02535019448338
9897,15.02535019448338
9898,15.02535019448338
9899,15.02535019448338
9900,15.02535019448338
9901,15.02535019448338
9902,15.02535019448338
9903,15.02535019448338
9904,15.02535019448338
9905,15.02535019448338
9906,15.02535019448338
9907,15.02535019448338
9908,15.02535019448338
9909,15.02535019448338
9910,15.02535019448338
9911,15.02535019448338
9912,15.02535019448338
9913,15.02535019448338
9914,15.02535019448338
9915,15.02535019448338
9916,15.02535019448338
9917,15.02535019448338
9918,15.02535019448338
9919,15.02535019448338
9920,15.02535019448338
9921,15.02535019448338
9922,15.02535019448338
9923,15.02535019448338
9924,15.02535019448338
9925,15.02535019448338
9926,15.02535019448338
9927,15.02535019448338
9928,15.02535019448338
9929,15.02535019448338
9930,15.02535019448338
9931,15.02535019448338
9932,15.02535019448338
9933,15.02535019448338
9934,15.02535019448338
9935,15.02535019448338
9936,15.02535019448338
9937,15.02535019448338
9938,15.02535019448338
9939,15.02535019448338
9940,15.02535019448338
9941,15.02535019448338
9942,15.02535019448338
9943,15.02535019448338
9944,15.02535019448338
9945,15.02535019448338
9946,15.02535019448338
9947,15.02535019448338
9948,15.02535019448338
9949,15.02535019448338
9950,15.02535019448338
9951,15.02535019448338
9952,15.02535019448338
9953,15.02535019448338
9954,15.02535019448338
9955,15.02535019448338
9956,15.02535019448338
9957,15.02535019448338
9958,15.02535019448338
9959,15.02535019448338
9960,15.02535019448338
9961,15.02535019448338
9962,15.02535019448338
9963,15.02535019448338
9964,15.02535019448338
9965,15.02535019448338
9966,15.02535019448338
9967,15.02535019448338
9968,15.02535019448338
9969,15.02535019448338
9970,15.02535019448338
9971,15.02535019448338
9972,15.02535019448338
9973,15.02535019448338
9974,15.02535019448338
9975,15.02535019448338
9976,15.02535019448338
9977,15.02535019448338
9978,15.02535019448338
9979,15.02535019448338
9980,15.02535019448338
9981,15.02535019448338
9982,15.02535019448338
9983,15.02535019448338
9984,15.02535019448338
9985,15.02535019448338
9986,15.02535019448338
9987,15.02535019448338
9988,15.02535019448338
9989,15.02535019448338
9990,15.02535019448338
9991,15.02535019448338
9992,15.02535019448338
9993,15.02535019448338
9994,15.02535019448338
9995,15.02535019448338
9996,15.02535019448338
9997,15.02535019448338
9998,15.02535019448338
9999,15.02535019448338
10000,15.02535019448338
10001,15.02535019448338
10002,15.02535019448338
10003,15.02535019448338
10004,-10.591924725407049
10005,-10.591924725407049
10006,-10.591924725407049
10007,-10.591924725407049
10008,-10.591924725407049
10009,-10.591924725407049
10010,-10.591924725407049
10011,-10.591924725407049
10012,-10.591924725407049
10013,-10.591924725407049
10014,-10.591924725407049
10015,-10.591924725407049
10016,-10.591924725407049
10017,-10.591924725407049
10018,-10.591924725407049
10019,-10.591924725407049
10020,-10.591924725407049
10021,-10.591924725407049
10022,-10.591924725407049
10023,-10.591924725407049
10024,-10.591924725407049
10025,-10.591924725407049
10026,-10.591924725407049
10027,-10.591924725407049
10028,-10.591924725407049
10029,-10.591924725407049
10030,-10.591924725407049
10031,-10.591924725407049
10032,-10.591924725407049
10033,-10.591924725407049
10034,-10.591924725407049
10035,-10.591924725407049
10036,-10.591924725407049
10037,-10.591924725407049
10038,-10.591924725407049
10039,-10.591924725407049
10040,-10.591924725407049
10041,-10.591924725407049
10042,-10.591924725407049
10043,-10.591924725407049
10044,-10.591924725407049
10045,-10.591924725407049
10046,-10.591924725407049
10047,-10.591924725407049
10048,-10.591924725407049
10049,-10.591924725407049
10050,-10.591924725407049
10051,-10.591924725407049
10052,-10.591924725407049
10053,-10.591924725407049
10054,-10.591924725407049
10055,-10.591924725407049
10056,-10.591924725407049
10057,-10.591924725407049
10058,-10.591924725407049
10059,-10.591924725407049
10060,-10.591924725407049
10061,-10.591924725407049
10062,-10.591924725407049
10063,-10.591924725407049
10064,-10.591924725407049
10065,-10.591924725407049
10066,-10.591924725407049
10067,-10.591924725407049
10068,-10.591924725407049
10069,-10.591924725407049
10070,-10.591924725407049
10071,-10.591924725407049
10072,-10.591924725407049
10073,-10.591924725407049
10074,-10.591924725407049
10075,-10.591924725407049
10076,-10.591924725407049
10077,-10.591924725407049
10078,-10.591924725407049
10079,-10.591924725407049
10080,-10.591924725407049
10081,-10.591924725407049
10082,-10.591924725407049
10083,-10.591924725407049
10084,-10.591924725407049
10085,-10.591924725407049
10086,-10.591924725407049
10087,-10.591924725407049
10088,-10.591924725407049
10089,-10.591924725407049
10090,-10.591924725407049
10091,-10.591924725407049
10092,-10.591924725407049
10093,-10.591924725407049
10094,-10.591924725407049
10095,-10.591924725407049
10096,-10.591924725407049
10097,-10.591924725407049
10098,-10.591924725407049
10099,-10.591924725407049
10100,-10.591924725407049
10101,-10.591924725407049
10102,-10.591924725407049
10103,-10.591924725407049
10104,-10.591924725407049
10105,-10.591924725407049
10106,-10.591924725407049
10107,-10.591924725407049
10108,-10.591924725407049
10109,-10.591924725407049
10110,-10.591924725407049
10111,-10.591924725407049
10112,-10.591924725407049
10113,-10.591924725407049
10114,-10.591924725407049
10115,-10.591924725407049
10116,-10.591924725407049
10117,-10.591924725407049
10118,-10.591924725407049
10119,-10.591924725407049
10120,-10.591924725407049
10121,-10.591924725407049
10122,-10.591924725407049
10123,-10.591924725407049
10124,-10.591924725407049
10125,-10.591924725407049
10126,-10.591924725407049
10127,-10.591924725407049
10128,-10.591924725407049
10129,-10.591924725407049
10130,-10.591924725407049
10131,-10.591924725407049
10132,-10.591924725407049
10133,-10.591924725407049
10134,-10.591924725407049
10135,-10.591924725407049
10136,-10.591924725407049
10137,-10.591924725407049
10138,-10.591924725407049
10139,-10.591924725407049
10140,-10.591924725407049
10141,-10.591924725407049
10142,-10.591924725407049
10143,-10.591924725407049
10144,-10.591924725407049
10145,-10.591924725407049
10146,-10.591924725407049
10147,-10.591924725407049
10148,-10.591924725407049
10149,-10.591924725407049
10150,-10.591924725407049
10151,-10.591924725407049
10152,-10.591924725407049
10153,-10.591924725407049
10154,-10.591924725407049
10155,-10.591924725407049
10156,-10.591924725407049
10157,-10.591924725407049
10158,-10.591924725407049
10159,-10.591924725407049
10160,-10.591924725407049
10161,-10.591924725407049
10162,-10.591924725407049
10163,-10.591924725407049
10164,-10.591924725407049
10165,-10.591924725407049
10166,-10.591924725407049
10167,-10.591924725407049
10168,-10.591924725407049
10169,-10.591924725407049
10170,-10.591924725407049
10171,-10.591924725407049
10172,-10.591924725407049
10173,-10.591924725407049
10174,-10.591924725407049
10175,-10.591924725407049
10176,-10.591924725407049
10177,-10.591924725407049
10178,-10.591924725407049
10179,-10.591924725407049
10180,-10.591924725407049
10181,-10.591924725407049
10182,-10.591924725407049
10183,-10.591924725407049
10184,-10.591924725407049
10185,-10.591924725407049
10186,-10.591924725407049
10187,-10.591924725407049
10188,-10.591924725407049
10189,-10.591924725407049
10190,-10.591924725407049
10191,-10.591924725407049
10192,-10.591924725407049
10193,-10.591924725407049
10194,-10.591924725407049
10195,-10.591924725407049
10196,-10.591924725407049
10197,-10.591924725407049
10198,-10.591924725407049
10199,-10.591924725407049
10200,-10.591924725407049
10201,-10.591924725407049
10202,-10.591924725407049
10203,-10.591924725407049
10204,-10.591924725407049
10205,-10.591924725407049
10206,-10.591924725407049
10207,-10.591924725407049
10208,-10.591924725407049
10209,-10.591924725407049
10210,-10.591924725407049
10211,-10.591924725407049
10212,-10.591924725407049
10213,-10.591924725407049
10214,-10.591924725407049
10215,-10.591924725407049
10216,-10.591924725407049
10217,-10.591924725407049
10218,-10.591924725407049
10219,-10.591924725407049
10220,-10.591924725407049
10221,-10.591924725407049
10222,-10.591924725407049
10223,-10.591924725407049
10224,-10.591924725407049
10225,-10.591924725407049
10226,-10.591924725407049
10227,-10.591924725407049
10228,-10.591924725407049
10229,-10.591924725407049
10230,-10.591924725407049
10231,-10.591924725407049
10232,-10.591924725407049
10233,-10.591924725407049
10234,-10.591924725407049
10235,-10.591924725407049
10236,-10.591924725407049
10237,-10.591924725407049
10238,-10.591924725407049
10239,-10.591924725407049
10240,-10.591924725407049
10241,-10.591924725407049
10242,-10.591924725407049
10243,-10.591924725407049
10244,-10.591924725407049
10245,-10.591924725407049
10246,-10.591924725407049
10247,-10.591924725407049
10248,-10.591924725407049
10249,-10.591924725407049
10250,-10.591924725407049
10251,-10.591924725407049
10252,-10.591924725407049
10253,-10.591924725407049
10254,-10.591924725407049
10255,-10.591924725407049
10256,-10.591924725407049
10257,-10.591924725407049
10258,-10.591924725407049
10259,-10.591924725407049
10260,-10.591924725407049
10261,-10.591924725407049
10262,-10.591924725407049
10263,-10.591924725407049
10264,-10.591924725407049
10265,-10.591924725407049
10266,-10.591924725407049
10267,-10.591924725407049
10268,-10.591924725407049
10269,-10.591924725407049
10270,-10.591924725407049
10271,-10.591924725407049
10272,-10.591924725407049
10273,-10.591924725407049
10274,-10.591924725407049
10275,-10.591924725407049
10276,-10.591924725407049
10277,-10.591924725407049
10278,-10.591924725407049
10279,-10.591924725407049
10280,-10.591924725407049
10281,-10.591924725407049
10282,-10.591924725407049
10283,-10.591924725407049
10284,-10.591924725407049
10285,-10.591924725407049
10286,-10.591924725407049
10287,-10.591924725407049
10288,-10.591924725407049
10289,-10.591924725407049
10290,-10.591924725407049
10291,-10.591924725407049
10292,-10.591924725407049
10293,-10.591924725407049
10294,-10.591924725407049
10295,-10.591924725407049
10296,-10.591924725407049
10297,-10.591924725407049
10298,-10.591924725407049
10299,-10.591924725407049
10300,-10.591924725407049
10301,-10.591924725407049
10302,-10.591924725407049
10303,-10.591924725407049
10304,-10.591924725407049
10305,-10.591924725407049
10306,-10.591924725407049
10307,-10.591924725407049
10308,-10.591924725407049
10309,-10.591924725407049
10310,-10.591924725407049
10311,-10.591924725407049
10312,-10.591924725407049
10313,-10.591924725407049
10314,-10.591924725407049
10315,-10.591924725407049
10316,-10.591924725407049
10317,-10.591924725407049
10318,-10.591924725407049
10319,-10.591924725407049
10320,-10.591924725407049
10321,-10.591924725407049
10322,-10.591924725407049
10323,-10.591924725407049
10324,-10.591924725407049
10325,-10.591924725407049
10326,-10.591924725407049
10327,-10.591924725407049
10328,-10.591924725407049
10329,-10.591924725407049
10330,-10.591924725407049
10331,-10.591924725407049
10332,-10.591924725407049
10333,-10.591924725407049
10334,-10.591924725407049
10335,-10.591924725407049
10336,-10.591924725407049
10337,-10.591924725407049
10338,-10.591924725407049
10339,-10.591924725407049
10340,-10.591924725407049
10341,-10.591924725407049
10342,-10.591924725407049
10343,-10.591924725407049
10344,-10.591924725407049
10345,-10.591924725407049
10346,-10.591924725407049
10347,-10.591924725407049
10348,-10.591924725407049
10349,-10.591924725407049
10350,-10.591924725407049
10351,-10.591924725407049
10352,-10.591924725407049
10353,-10.591924725407049
10354,-10.591924725407049
10355,-10.591924725407049
10356,-10.591924725407049
10357,-10.591924725407049
10358,-10.591924725407049
10359,-10.591924725407049
10360,-10.591924725407049
10361,-10.591924725407049
10362,-10.591924725407049
10363,-10.591924725407049
10364,-10.591924725407049
10365,-10.591924725407049
10366,-10.591924725407049
10367,-10.591924725407049
10368,-10.591924725407049
10369,-10.591924725407049
10370,-10.591924725407049
10371,-10.591924725407049
10372,-10.591924725407049
10373,-10.591924725407049
10374,-10.591924725407049
10375,-10.591924725407049
10376,-10.591924725407049
10377,-10.591924725407049
10378,-10.591924725407049
10379,-10.591924725407049
10380,-10.591924725407049
10381,-10.591924725407049
10382,-10.591924725407049
10383,-10.591924725407049
10384,-10.591924725407049
10385,-10.591924725407049
10386,-10.591924725407049
10387,-10.591924725407049
10388,-10.591924725407049
10389,-10.591924725407049
10390,-10.591924725407049
10391,-10.591924725407049
10392,-10.591924725407049
10393,-10.591924725407049
10394,-10.591924725407049
10395,-10.591924725407049
10396,-10.591924725407049
10397,-10.591924725407049
10398,-10.591924725407049
10399,-10.591924725407049
10400,-10.591924725407049
10401,-10.591924725407049
10402,-10.591924725407049
10403,-10.591924725407049
10404,-10.591924725407049
10405,-10.591924725407049
10406,-10.591924725407049
10407,-10.591924725407049
10408,-10.591924725407049
10409,-10.591924725407049
10410,-10.591924725407049
10411,-10.591924725407049
10412,-10.591924725407049
10413,-10.591924725407049
10414,-10.591924725407049
10415,-10.591924725407049
10416,-10.591924725407049
10417,-10.591924725407049
10418,-10.591924725407049
10419,-10.591924725407049
10420,-10.591924725407049
10421,-10.591924725407049
10422,-10.591924725407049
10423,-10.591924725407049
10424,-10.591924725407049
10425,-10.591924725407049
10426,-10.591924725407049
10427,-10.591924725407049
10428,-10.591924725407049
10429,-10.591924725407049
10430,-10.591924725407049
10431,-10.591924725407049
10432,-10.591924725407049
10433,-10.591924725407049
10434,-10.591924725407049
10435,-10.591924725407049
10436,-10.591924725407049
10437,-10.591924725407049
10438,-10.591924725407049
10439,-10.591924725407049
10440,-10.591924725407049
10441,-10.591924725407049
10442,-10.591924725407049
10443,-10.591924725407049
10444,-10.591924725407049
10445,-10.591924725407049
10446,-10.591924725407049
10447,-10.591924725407049
10448,-10.591924725407049
10449,-10.591924725407049
10450,-10.591924725407049
10451,-10.591924725407049
10452,-10.591924725407049
10453,-10.591924725407049
10454,-10.591924725407049
10455,-10.591924725407049
10456,-10.591924725407049
10457,-10.591924725407049
10458,-10.591924725407049
10459,-10.591924725407049
10460,-10.591924725407049
10461,-10.591924725407049
10462,-10.591924725407049
10463,-10.591924725407049
10464,-10.591924725407049
10465,-10.591924725407049
10466,-10.591924725407049
10467,-10.591924725407049
10468,-10.591924725407049
10469,-10.591924725407049
10470,-10.591924725407049
10471,-10.591924725407049
10472,-10.591924725407049
10473,-10.591924725407049
10474,-10.591924725407049
10475,-10.591924725407049
10476,-10.591924725407049
10477,-10.591924725407049
10478,-10.591924725407049
10479,-10.591924725407049
10480,-10.591924725407049
10481,-10.591924725407049
10482,-10.591924725407049
10483,-10.591924725407049
10484,-10.591924725407049
10485,-10.591924725407049
10486,-10.591924725407049
10487,-10.591924725407049
10488,-10.591924725407049
10489,-10.591924725407049
10490,-10.591924725407049
10491,-10.591924725407049
10492,-10.591924725407049
10493,-10.591924725407049
10494,-10.591924725407049
10495,-10.591924725407049
10496,-10.591924725407049
10497,-10.591924725407049
10498,-10.591924725407049
10499,-10.591924725407049
10500,-10.591924725407049
10501,-10.591924725407049
10502,-10.591924725407049
10503,-10.591924725407049
10504,-10.591924725407049
10505,-10.591924725407049
10506,-10.591924725407049
10507,-10.591924725407049
10508,-10.591924725407049
10509,-10.591924725407049
10510,-10.591924725407049
10511,-10.591924725407049
10512,-10.591924725407049
10513,-10.591924725407049
10514,-10.591924725407049
10515,-10.591924725407049
10516,-10.591924725407049
10517,-10.591924725407049
10518,-10.591924725407049
10519,-10.591924725407049
10520,-10.591924725407049
10521,-10.591924725407049
10522,-10.591924725407049
10523,-10.591924725407049
10524,-10.591924725407049
10525,-10.591924725407049
10526,-10.591924725407049
10527,-10.591924725407049
10528,-10.591924725407049
10529,-10.591924725407049
10530,-10.591924725407049
10531,-10.591924725407049
10532,-10.591924725407049
10533,-10.591924725407049
10534,-10.591924725407049
10535,-10.591924725407049
10536,-10.591924725407049
10537,-10.591924725407049
10538,-10.591924725407049
10539,-10.591924725407049
10540,-10.591924725407049
10541,-10.591924725407049
10542,-10.591924725407049
10543,-10.591924725407049
10544,-10.591924725407049
10545,-10.591924725407049
10546,-10.591924725407049
10547,-10.591924725407049
10548,-10.591924725407049
10549,-10.591924725407049
10550,-10.591924725407049
10551,-10.591924725407049
10552,-10.591924725407049
10553,-10.591924725407049
10554,-10.591924725407049
10555,-10.591924725407049
10556,-10.591924725407049
10557,-10.591924725407049
10558,-10.591924725407049
10559,-10.591924725407049
10560,-10.591924725407049
10561,-10.591924725407049
10562,-10.591924725407049
10563,-10.591924725407049
10564,-10.591924725407049
10565,-10.591924725407049
10566,-10.591924725407049
10567,-10.591924725407049
10568,-10.591924725407049
10569,-10.591924725407049
10570,-10.591924725407049
10571,-10.591924725407049
10572,-10.591924725407049
10573,-10.591924725407049
10574,-10.591924725407049
10575,-10.591924725407049
10576,-10.591924725407049
10577,-9.582376945312843
10578,-9.582376945312843
10579,-9.582376945312843
10580,-9.582376945312843
10581,-9.582376945312843
10582,-9.582376945312843
10583,-9.582376945312843
10584,-9.582376945312843
10585,-9.582376945312843
10586,-9.582376945312843
10587,-9.582376945312843
10588,-9.582376945312843
10589,-9.582376945312843
10590,-9.582376945312843
10591,-9.582376945312843
10592,-9.582376945312843
10593,-9.582376945312843
10594,-9.582376945312843
10595,-9.582376945312843
10596,-9.582376945312843
10597,-9.582376945312843
10598,-9.582376945312843
10599,-9.582376945312843
10600,-9.582376945312843
10601,-9.582376945312843
10602,-9.582376945312843
10603,-9.582376945312843
10604,-9.582376945312843
10605,-9.582376945312843
10606,-9.582376945312843
10607,-9.582376945312843
10608,-9.582376945312843
10609,-9.582376945312843
10610,-9.582376945312843
10611,-9.582376945312843
10612,-9.582376945312843
10613,-9.582376945312843
10614,-9.582376945312843
10615,-9.582376945312843
10616,-9.582376945312843
10617,-9.582376945312843
10618,-9.582376945312843
10619,-9.582376945312843
10620,-9.582376945312843
10621,-9.582376945312843
10622,-9.582376945312843
10623,-9.582376945312843
10624,-9.582376945312843
10625,-9.582376945312843
10626,-9.582376945312843
10627,-9.582376945312843
10628,-9.582376945312843
10629,-9.582376945312843
10630,-9.582376945312843
10631,-9.582376945312843
10632,-9.582376945312843
10633,-9.582376945312843
10634,-9.582376945312843
10635,-9.582376945312843
10636,-9.582376945312843
10637,-9.582376945312843
10638,-9.582376945312843
10639,-9.582376945312843
10640,-9.582376945312843
10641,-9.582376945312843
10642,-9.582376945312843
10643,-9.582376945312843
10644,-9.582376945312843
10645,-9.582376945312843
10646,-9.582376945312843
10647,-9.582376945312843
10648,-9.582376945312843
10649,-9.582376945312843
10650,-9.582376945312843
10651,-9.582376945312843
10652,-9.582376945312843
10653,-9.582376945312843
10654,-9.582376945312843
10655,-9.582376945312843
10656,-9.582376945312843
10657,-9.582376945312843
10658,-9.582376945312843
10659,-9.582376945312843
10660,-9.582376945312843
10661,-9.582376945312843
10662,-9.582376945312843
10663,-9.582376945312843
10664,-9.582376945312843
10665,-9.582376945312843
10666,-9.582376945312843
10667,-9.582376945312843
10668,-9.582376945312843
10669,-9.582376945312843
10670,-9.582376945312843
10671,-9.582376945312843
10672,-9.582376945312843
10673,-9.582376945312843
10674,-9.582376945312843
10675,-9.582376945312843
10676,-9.582376945312843
10677,-9.582376945312843
10678,-9.582376945312843
10679,-9.582376945312843
10680,-9.582376945312843
10681,-9.582376945312843
10682,-9.582376945312843
10683,-9.582376945312843
10684,-9.582376945312843
10685,-9.582376945312843
10686,-9.582376945312843
10687,-9.582376945312843
10688,-9.582376945312843
10689,-9.582376945312843
10690,-9.582376945312843
10691,-9.582376945312843
10692,-9.582376945312843
10693,-9.582376945312843
10694,-9.582376945312843
10695,-9.582376945312843
10696,-9.582376945312843
10697,-9.582376945312843
10698,-9.582376945312843
10699,-9.582376945312843
10700,-9.582376945312843
10701,-9.582376945312843
10702,-9.582376945312843
10703,-9.582376945312843
10704,-9.582376945312843
10705,-9.582376945312843
10706,-9.582376945312843
10707,-9.582376945312843
10708,-9.582376945312843
10709,-9.582376945312843
10710,-9.582376945312843
10711,-9.582376945312843
10712,-9.582376945312843
10713,-9.582376945312843
10714,-9.582376945312843
10715,-9.582376945312843
10716,-9.582376945312843
10717,-9.582376945312843
10718,-9.582376945312843
10719,-9.582376945312843
10720,-9.582376945312843
10721,-9.582376945312843
10722,-9.582376945312843
10723,-9.582376945312843
10724,-9.582376945312843
10725,-9.582376945312843
10726,-9.582376945312843
10727,-9.582376945312843
10728,-9.582376945312843
10729,-9.582376945312843
10730,-9.582376945312843
10731,-9.582376945312843
10732,-9.582376945312843
10733,-9.582376945312843
10734,-9.582376945312843
10735,-9.582376945312843
10736,-9.582376945312843
10737,-9.582376945312843
10738,-9.582376945312843
10739,-9.582376945312843
10740,-9.582376945312843
10741,-9.582376945312843
10742,-9.582376945312843
10743,-9.582376945312843
10744,-9.582376945312843
10745,-9.582376945312843
10746,-9.582376945312843
10747,-9.582376945312843
10748,-9.582376945312843
10749,-9.582376945312843
10750,-9.582376945312843
10751,-9.582376945312843
10752,-9.582376945312843
10753,-9.582376945312843
10754,-9.582376945312843
10755,-9.582376945312843
10756,-9.582376945312843
10757,-9.582376945312843
10758,-9.582376945312843
10759,-9.582376945312843
10760,-9.582376945312843
10761,-9.582376945312843
10762,-9.582376945312843
10763,-9.582376945312843
10764,-9.582376945312843
10765,-9.582376945312843
10766,-9.582376945312843
10767,-9.582376945312843
10768,-9.582376945312843
10769,-9.582376945312843
10770,-9.582376945312843
10771,-9.582376945312843
10772,-9.582376945312843
10773,-9.582376945312843
10774,-9.582376945312843
10775,-9.582376945312843
10776,-9.582376945312843
10777,-9.582376945312843
10778,-9.582376945312843
10779,-9.582376945312843
10780,-9.582376945312843
10781,-9.582376945312843
10782,-9.582376945312843
10783,-9.582376945312843
10784,-9.582376945312843
10785,-9.582376945312843
10786,-9.582376945312843
10787,-9.582376945312843
10788,-9.582376945312843
10789,-9.582376945312843
10790,-9.582376945312843
10791,-9.582376945312843
10792,-9.582376945312843
10793,-9.582376945312843
10794,-9.582376945312843
10795,-9.582376945312843
10796,-9.582376945312843
10797,-9.582376945312843
10798,-9.582376945312843
10799,-9.582376945312843
10800,-9.582376945312843
10801,-9.582376945312843
10802,-9.582376945312843
10803,-9.582376945312843
10804,-9.582376945312843
10805,-9.582376945312843
10806,-9.582376945312843
10807,-9.582376945312843
10808,-9.582376945312843
10809,-9.582376945312843
10810,-9.582376945312843
10811,-9.582376945312843
10812,-9.582376945312843
10813,-9.582376945312843
10814,-9.582376945312843
10815,-9.582376945312843
10816,-9.582376945312843
10817,-9.582376945312843
10818,-9.582376945312843
10819,-9.582376945312843
10820,-9.582376945312843
10821,-9.582376945312843
10822,-9.582376945312843
10823,-9.582376945312843
10824,-9.582376945312843
10825,-9.582376945312843
10826,-9.582376945312843
10827,-9.582376945312843
10828,-9.582376945312843
10829,-9.582376945312843
10830,-9.582376945312843
10831,-9.582376945312843
10832,-9.582376945312843
10833,-9.582376945312843
10834,-9.582376945312843
10835,-9.582376945312843
10836,-9.582376945312843
10837,-9.582376945312843
10838,-9.582376945312843
10839,-9.582376945312843
10840,-9.582376945312843
10841,-9.582376945312843
10842,-9.582376945312843
10843,-9.582376945312843
10844,-9.582376945312843
10845,-9.582376945312843
10846,-9.582376945312843
10847,-9.582376945312843
10848,-9.582376945312843
10849,-9.582376945312843
10850,-9.582376945312843
10851,-9.582376945312843
10852,-9.582376945312843
10853,-9.582376945312843
10854,-9.582376945312843
10855,-9.582376945312843
10856,-9.582376945312843
10857,-9.582376945312843
10858,-9.582376945312843
10859,-9.582376945312843
10860,-9.582376945312843
10861,-9.582376945312843
10862,-9.582376945312843
10863,-9.582376945312843
10864,-9.582376945312843
10865,-9.582376945312843
10866,-9.582376945312843
10867,-9.582376945312843
10868,-9.582376945312843
10869,-9.582376945312843
10870,-9.582376945312843
10871,-9.582376945312843
10872,-9.582376945312843
10873,-9.582376945312843
10874,-9.582376945312843
10875,-9.582376945312843
10876,-9.582376945312843
10877,-9.582376945312843
10878,-9.582376945312843
10879,-9.582376945312843
10880,-9.582376945312843
10881,-9.582376945312843
10882,-9.582376945312843
10883,-9.582376945312843
10884,-9.582376945312843
10885,-9.582376945312843
10886,-9.582376945312843
10887,-9.582376945312843
10888,-9.582376945312843
10889,-9.582376945312843
10890,-9.582376945312843
10891,-9.582376945312843
10892,-9.582376945312843
10893,-9.582376945312843
10894,-9.582376945312843
10895,-9.582376945312843
10896,-9.582376945312843
10897,-9.582376945312843
10898,-9.582376945312843
10899,-9.582376945312843
10900,-9.582376945312843
10901,-9.582376945312843
10902,-9.582376945312843
10903,-9.582376945312843
10904,-9.582376945312843
10905,-9.582376945312843
10906,-9.582376945312843
10907,-9.582376945312843
10908,-9.582376945312843
10909,-9.582376945312843
10910,-9.582376945312843
10911,-9.582376945312843
10912,-9.582376945312843
10913,-9.582376945312843
10914,-9.582376945312843
10915,-9.582376945312843
10916,-9.582376945312843
10917,-9.582376945312843
10918,-9.582376945312843
10919,-9.582376945312843
10920,-9.582376945312843
10921,-9.582376945312843
10922,-9.582376945312843
10923,-9.582376945312843
10924,-9.582376945312843
10925,-9.582376945312843
10926,-9.582376945312843
10927,-9.582376945312843
10928,-9.582376945312843
10929,-9.582376945312843
10930,-9.582376945312843
10931,-9.582376945312843
10932,-9.582376945312843
10933,-9.582376945312843
10934,-9.582376945312843
10935,-9.582376945312843
10936,-9.582376945312843
10937,-9.582376945312843
10938,-9.582376945312843
10939,-9.582376945312843
10940,-9.582376945312843
10941,-9.582376945312843
10942,-9.582376945312843
10943,-9.582376945312843
10944,-9.582376945312843
10945,-9.582376945312843
10946,-9.582376945312843
10947,-9.582376945312843
10948,-9.582376945312843
10949,-9.582376945312843
10950,-9.582376945312843
10951,-9.582376945312843
10952,-9.582376945312843
10953,-9.582376945312843
10954,-9.582376945312843
10955,-9.582376945312843
10956,-9.582376945312843
10957,-9.582376945312843
10958,-9.582376945312843
10959,-9.582376945312843
10960,-9.582376945312843
10961,-9.582376945312843
10962,-9.582376945312843
10963,-9.582376945312843
10964,-9.582376945312843
10965,-9.582376945312843
10966,-9.582376945312843
10967,-9.582376945312843
10968,-9.582376945312843
10969,-9.582376945312843
10970,-9.582376945312843
10971,-9.582376945312843
10972,-9.582376945312843
10973,-9.582376945312843
10974,-9.582376945312843
10975,-9.582376945312843
10976,-9.582376945312843
10977,-9.582376945312843
10978,-9.582376945312843
10979,-9.582376945312843
10980,-9.582376945312843
10981,-9.582376945312843
10982,-9.582376945312843
10983,-9.582376945312843
10984,-9.582376945312843
10985,-9.582376945312843
10986,-9.582376945312843
10987,-9.582376945312843
10988,-9.582376945312843
10989,-9.582376945312843
10990,-9.582376945312843
10991,-9.582376945312843
10992,-9.582376945312843
10993,-9.582376945312843
10994,-9.582376945312843
10995,-9.582376945312843
10996,-9.582376945312843
10997,-9.582376945312843
10998,-9.582376945312843
10999,-9.582376945312843
11000,-9.582376945312843
11001,-9.582376945312843
11002,-9.582376945312843
11003,-9.582376945312843
11004,-9.582376945312843
11005,-9.582376945312843
11006,-9.329990000289293
11007,-9.329990000289293
11008,-9.329990000289293
11009,-9.329990000289293
11010,-9.329990000289293
11011,-9.329990000289293
11012,-9.329990000289293
11013,-9.329990000289293
11014,-9.329990000289293
11015,-9.329990000289293
11016,-9.329990000289293
11017,-9.329990000289293
11018,-9.329990000289293
11019,-9.329990000289293
11020,-9.329990000289293
11021,-9.329990000289293
11022,-9.329990000289293
11023,-9.329990000289293
11024,-9.329990000289293
11025,-9.329990000289293
11026,-9.329990000289293
11027,-9.329990000289293
11028,-9.329990000289293
11029,-9.329990000289293
11030,-9.329990000289293
11031,-9.329990000289293
11032,-9.329990000289293
11033,-9.329990000289293
11034,-9.329990000289293
11035,-9.329990000289293
11036,-9.329990000289293
11037,-9.329990000289293
11038,-9.329990000289293
11039,-9.329990000289293
11040,-9.329990000289293
11041,-9.329990000289293
11042,-9.329990000289293
11043,-9.329990000289293
11044,-9.329990000289293
11045,-9.329990000289293
11046,-9.329990000289293
11047,-9.329990000289293
11048,-9.329990000289293
11049,-9.329990000289293
11050,-9.329990000289293
11051,-9.329990000289293
11052,-9.329990000289293
11053,-9.329990000289293
11054,-9.329990000289293
11055,-9.329990000289293
11056,-9.329990000289293
11057,-9.329990000289293
11058,-9.329990000289293
11059,-9.329990000289293
11060,-9.329990000289293
11061,-9.329990000289293
11062,-9.329990000289293
11063,-9.329990000289293
11064,-9.329990000289293
11065,-9.329990000289293
11066,-9.329990000289293
11067,-9.329990000289293
11068,-9.329990000289293
11069,-9.329990000289293
11070,-9.329990000289293
11071,-9.329990000289293
11072,-9.329990000289293
11073,-9.329990000289293
11074,-9.329990000289293
11075,-9.329990000289293
11076,-9.329990000289293
11077,-9.329990000289293
11078,-9.329990000289293
11079,-9.329990000289293
11080,-9.329990000289293
11081,-9.329990000289293
11082,-9.329990000289293
11083,-9.329990000289293
11084,-9.329990000289293
11085,-9.329990000289293
11086,-9.329990000289293
11087,-9.329990000289293
11088,-9.329990000289293
11089,-9.329990000289293
11090,-9.329990000289293
11091,-9.329990000289293
11092,-9.329990000289293
11093,-9.329990000289293
11094,-9.329990000289293
11095,-9.329990000289293
11096,-9.329990000289293
11097,-9.329990000289293
11098,-9.329990000289293
11099,-9.329990000289293
11100,-9.329990000289293
11101,-9.329990000289293
11102,-9.329990000289293
11103,-9.329990000289293
11104,-9.329990000289293
11105,-9.329990000289293
11106,-9.329990000289293
11107,-9.329990000289293
11108,-9.329990000289293
11109,-9.329990000289293
11110,-9.329990000289293
11111,-9.329990000289293
11112,-9.329990000289293
11113,-9.329990000289293
11114,-9.329990000289293
11115,-9.329990000289293
11116,-9.329990000289293
11117,-9.329990000289293
11118,-9.329990000289293
11119,-9.329990000289293
11120,-9.329990000289293
11121,-9.329990000289293
11122,-9.329990000289293
11123,-9.329990000289293
11124,-9.329990000289293
11125,-9.329990000289293
11126,-9.329990000289293
11127,-9.329990000289293
11128,-9.329990000289293
11129,-9.329990000289293
11130,-9.329990000289293
11131,-9.329990000289293
11132,-9.329990000289293
11133,-9.329990000289293
11134,-9.329990000289293
11135,-9.329990000289293
11136,-9.329990000289293
11137,-9.329990000289293
11138,-9.329990000289293
11139,-9.329990000289293
11140,-9.329990000289293
11141,-9.329990000289293
11142,-9.329990000289293
11143,-9.329990000289293
11144,-9.329990000289293
11145,-9.329990000289293
11146,-9.329990000289293
11147,-9.329990000289293
11148,-9.329990000289293
11149,-9.329990000289293
11150,-9.329990000289293
11151,-9.329990000289293
11152,-9.329990000289293
11153,-9.329990000289293
11154,-9.329990000289293
11155,-9.329990000289293
11156,-9.329990000289293
11157,-9.329990000289293
11158,-9.329990000289293
11159,-9.329990000289293
11160,-9.329990000289293
11161,-9.329990000289293
11162,-9.329990000289293
11163,-9.329990000289293
11164,-9.329990000289293
11165,-9.329990000289293
11166,-9.329990000289293
11167,-9.329990000289293
11168,-9.329990000289293
11169,-9.329990000289293
11170,-9.329990000289293
11171,-9.329990000289293
11172,-9.329990000289293
11173,-9.329990000289293
11174,-9.329990000289293
11175,-9.329990000289293
11176,-9.329990000289293
11177,-9.329990000289293
11178,-9.329990000289293
11179,-9.329990000289293
11180,-9.329990000289293
11181,-9.329990000289293
11182,-9.329990000289293
11183,-9.329990000289293
11184,-9.329990000289293
11185,-9.329990000289293
11186,-9.329990000289293
11187,-9.329990000289293
11188,-9.329990000289293
11189,-9.329990000289293
11190,-9.329990000289293
11191,-9.329990000289293
11192,-9.329990000289293
11193,-9.329990000289293
11194,-9.329990000289293
11195,-9.329990000289293
11196,-9.329990000289293
11197,-9.329990000289293
11198,-9.329990000289293
11199,-9.329990000289293
11200,-9.329990000289293
11201,-9.329990000289293
11202,-9.329990000289293
11203,-9.329990000289293
11204,-9.329990000289293
11205,-9.329990000289293
11206,-9.329990000289293
11207,-9.329990000289293
11208,-9.329990000289293
11209,-9.329990000289293
11210,-9.329990000289293
11211,-9.329990000289293
11212,-9.329990000289293
11213,-9.329990000289293
11214,-9.329990000289293
11215,-9.329990000289293
11216,-9.329990000289293
11217,-9.329990000289293
11218,-9.329990000289293
11219,-9.329990000289293
11220,-9.329990000289293
11221,-9.329990000289293
11222,-9.329990000289293
11223,-9.329990000289293
11224,-9.329990000289293
11225,-9.329990000289293
11226,-9.329990000289293
11227,-9.329990000289293
11228,-9.329990000289293
11229,-9.329990000289293
11230,-9.329990000289293
11231,-9.329990000289293
11232,-9.329990000289293
11233,-9.329990000289293
11234,-9.329990000289293
11235,-9.329990000289293
11236,-9.329990000289293
11237,-9.329990000289293
11238,-9.329990000289293
11239,-9.329990000289293
11240,-9.329990000289293
11241,-9.329990000289293
11242,-9.329990000289293
11243,-9.329990000289293
11244,-9.329990000289293
11245,-9.329990000289293
11246,-9.329990000289293
11247,-9.329990000289293
11248,-9.329990000289293
11249,-9.329990000289293
11250,-9.329990000289293
11251,-9.329990000289293
11252,-9.329990000289293
11253,-9.329990000289293
11254,-9.329990000289293
11255,-9.329990000289293
11256,-9.329990000289293
11257,-9.329990000289293
11258,-9.329990000289293
11259,-9.329990000289293
11260,-9.329990000289293
11261,-9.329990000289293
11262,-9.329990000289293
11263,-9.329990000289293
11264,-9.329990000289293
11265,-9.329990000289293
11266,-9.329990000289293
11267,-9.329990000289293
11268,-9.329990000289293
11269,-9.329990000289293
11270,-9.329990000289293
11271,-9.329990000289293
11272,-9.329990000289293
11273,-9.329990000289293
11274,-9.329990000289293
11275,-9.329990000289293
11276,-9.329990000289293
11277,-9.329990000289293
11278,-9.329990000289293
11279,-9.329990000289293
11280,-9.329990000289293
11281,-9.329990000289293
11282,-9.329990000289293
11283,-9.329990000289293
11284,-9.329990000289293
11285,-9.329990000289293
11286,-9.329990000289293
11287,-9.329990000289293
11288,-9.329990000289293
11289,-9.329990000289293
11290,-9.329990000289293
11291,-9.329990000289293
11292,-9.329990000289293
11293,-9.329990000289293
11294,-9.329990000289293
11295,-9.329990000289293
11296,-9.329990000289293
11297,-9.329990000289293
11298,-9.329990000289293
11299,-9.329990000289293
11300,-9.329990000289293
11301,-9.329990000289293
11302,-9.329990000289293
11303,-9.329990000289293
11304,-9.329990000289293
11305,-9.329990000289293
11306,-9.329990000289293
11307,-9.329990000289293
11308,-9.329990000289293
11309,-9.329990000289293
11310,-9.329990000289293
11311,-9.329990000289293
11312,-9.329990000289293
11313,-9.329990000289293
11314,-9.329990000289293
11315,-9.329990000289293
11316,-9.329990000289293
11317,-9.329990000289293
11318,-9.329990000289293
11319,-9.329990000289293
11320,-9.329990000289293
11321,-9.329990000289293
11322,-9.329990000289293
11323,-9.329990000289293
11324,-9.329990000289293
11325,-9.329990000289293
11326,-9.329990000289293
11327,-9.329990000289293
11328,-9.329990000289293
11329,-9.329990000289293
11330,-9.329990000289293
11331,-9.329990000289293
11332,-9.329990000289293
11333,-9.329990000289293
11334,-9.329990000289293
11335,-9.329990000289293
11336,-9.329990000289293
11337,-9.329990000289293
11338,-9.329990000289293
11339,-9.329990000289293
11340,-9.329990000289293
11341,-9.329990000289293
11342,-9.329990000289293
11343,-9.329990000289293
11344,-9.329990000289293
11345,-9.329990000289293
11346,-9.329990000289293
11347,-9.329990000289293
11348,-9.329990000289293
11349,-9.329990000289293
11350,-9.329990000289293
11351,-9.329990000289293
11352,-9.329990000289293
11353,-9.329990000289293
11354,-9.329990000289293
11355,-9.329990000289293
11356,-9.329990000289293
11357,-9.329990000289293
11358,-9.329990000289293
11359,-9.329990000289293
11360,-9.329990000289293
11361,-9.329990000289293
11362,-9.329990000289293
11363,-9.329990000289293
11364,-9.329990000289293
11365,-9.329990000289293
11366,-9.329990000289293
11367,-9.329990000289293
11368,-9.329990000289293
11369,-9.329990000289293
11370,-9.329990000289293
11371,-9.329990000289293
11372,-9.329990000289293
11373,-9.329990000289293
11374,-9.329990000289293
11375,-9.329990000289293
11376,-9.329990000289293
11377,-9.329990000289293
11378,-9.329990000289293
11379,-9.329990000289293
11380,-9.329990000289293
11381,-9.329990000289293
11382,-9.329990000289293
11383,-9.329990000289293
11384,-9.329990000289293
11385,-9.329990000289293
11386,-9.329990000289293
11387,-9.329990000289293
11388,-9.329990000289293
11389,-9.329990000289293
11390,-9.329990000289293
11391,-9.329990000289293
11392,-9.329990000289293
11393,-9.329990000289293
11394,-9.329990000289293
11395,-9.329990000289293
11396,-9.329990000289293
11397,-9.329990000289293
11398,-9.329990000289293
11399,-9.329990000289293
11400,-9.329990000289293
11401,-9.329990000289293
11402,-9.329990000289293
11403,-9.329990000289293
11404,-9.329990000289293
11405,-9.329990000289293
11406,-9.329990000289293
11407,-9.329990000289293
11408,-9.329990000289293
11409,-9.329990000289293
11410,-9.329990000289293
11411,-9.329990000289293
11412,-9.329990000289293
11413,-9.329990000289293
11414,-9.329990000289293
11415,-9.329990000289293
11416,-9.329990000289293
11417,-9.329990000289293
11418,-9.329990000289293
11419,-9.329990000289293
11420,-9.329990000289293
11421,-9.329990000289293
11422,-9.329990000289293
11423,-9.329990000289293
11424,-9.329990000289293
11425,-9.329990000289293
11426,-9.329990000289293
11427,-9.329990000289293
11428,-9.329990000289293
11429,-9.329990000289293
11430,-9.329990000289293
11431,-9.329990000289293
11432,-9.329990000289293
11433,-9.329990000289293
11434,-9.329990000289293
11435,-9.329990000289293
11436,-9.329990000289293
11437,-9.329990000289293
11438,-9.329990000289293
11439,-9.329990000289293
11440,-9.329990000289293
11441,-9.329990000289293
11442,-9.329990000289293
11443,-9.329990000289293
11444,-9.329990000289293
11445,-9.329990000289293
11446,-9.329990000289293
11447,-9.329990000289293
11448,-9.329990000289293
11449,-9.329990000289293
11450,-9.329990000289293
11451,-9.329990000289293
11452,-9.329990000289293
11453,-9.329990000289293
11454,-9.329990000289293
11455,-9.329990000289293
11456,-9.329990000289293
11457,-9.329990000289293
11458,-9.329990000289293
11459,-9.329990000289293
11460,-9.329990000289293
11461,-9.329990000289293
11462,-9.329990000289293
11463,-9.329990000289293
11464,-9.329990000289293
11465,-9.329990000289293
11466,-9.329990000289293
11467,-9.329990000289293
11468,-9.329990000289293
11469,-9.329990000289293
11470,-9.329990000289293
11471,-9.329990000289293
11472,-9.329990000289293
11473,-9.329990000289293
11474,-9.329990000289293
11475,-9.329990000289293
11476,-9.329990000289293
11477,-9.329990000289293
11478,-9.329990000289293
11479,-9.329990000289293
11480,-9.329990000289293
11481,-9.329990000289293
11482,-9.329990000289293
11483,-9.329990000289293
11484,-9.329990000289293
11485,-9.329990000289293
11486,-9.329990000289293
11487,-9.329990000289293
11488,-9.329990000289293
11489,-9.329990000289293
11490,-9.329990000289293
11491,-9.329990000289293
11492,-9.329990000289293
11493,-9.329990000289293
11494,-9.329990000289293
11495,-9.329990000289293
11496,-9.329990000289293
11497,-9.329990000289293
11498,-9.329990000289293
11499,-9.329990000289293
11500,-9.329990000289293
11501,-9.329990000289293
11502,-9.329990000289293
11503,-9.329990000289293
11504,-9.329990000289293
11505,-9.329990000289293
11506,-9.329990000289293
11507,-9.329990000289293
11508,-9.329990000289293
11509,-9.329990000289293
11510,-9.329990000289293
11511,-9.329990000289293
11512,-9.329990000289293
11513,-9.329990000289293
11514,-9.329990000289293
11515,-9.329990000289293
11516,-9.329990000289293
11517,-9.329990000289293
11518,-9.329990000289293
11519,-9.329990000289293
11520,-9.329990000289293
11521,-9.329990000289293
11522,-9.329990000289293
11523,-9.329990000289293
11524,-9.329990000289293
11525,-9.329990000289293
11526,-9.329990000289293
11527,-9.329990000289293
11528,-9.329990000289293
11529,-9.329990000289293
11530,-9.329990000289293
11531,-9.329990000289293
11532,-9.329990000289293
11533,-9.329990000289293
11534,-9.329990000289293
11535,-9.329990000289293
11536,-9.329990000289293
11537,-9.329990000289293
11538,-9.329990000289293
11539,-9.329990000289293
11540,-9.329990000289293
11541,-9.329990000289293
11542,-9.329990000289293
11543,-9.329990000289293
11544,-9.329990000289293
11545,-9.329990000289293
11546,-9.329990000289293
11547,-9.329990000289293
11548,-9.329990000289293
11549,-9.329990000289293
11550,-9.329990000289293
11551,-9.329990000289293
11552,-9.329990000289293
11553,-9.329990000289293
11554,-9.329990000289293
11555,-9.329990000289293
11556,-9.329990000289293
11557,-9.329990000289293
11558,-9.329990000289293
11559,-9.329990000289293
11560,-9.329990000289293
11561,-9.329990000289293
11562,-9.329990000289293
11563,-9.329990000289293
11564,-9.329990000289293
11565,-9.329990000289293
11566,-9.329990000289293
11567,-9.329990000289293
11568,-9.329990000289293
11569,-9.329990000289293
11570,-9.329990000289293
11571,-9.329990000289293
11572,-9.329990000289293
11573,-9.329990000289293
11574,-9.329990000289293
11575,-9.329990000289293
11576,-9.329990000289293
11577,-9.329990000289293
11578,-9.329990000289293
11579,-9.329990000289293
11580,-9.329990000289293
11581,-9.329990000289293
11582,-9.329990000289293
11583,-9.329990000289293
11584,-9.329990000289293
11585,-9.329990000289293
11586,-9.329990000289293
11587,-9.329990000289293
11588,-9.329990000289293
11589,-9.329990000289293
11590,-9.329990000289293
11591,-9.329990000289293
11592,-9.329990000289293
11593,-9.329990000289293
11594,-9.329990000289293
11595,-9.329990000289293
11596,-9.329990000289293
11597,-9.329990000289293
11598,-9.329990000289293
11599,-9.329990000289293
11600,-9.329990000289293
11601,-9.329990000289293
11602,-9.329990000289293
11603,-9.329990000289293
11604,-9.329990000289293
11605,-9.329990000289293
11606,-9.329990000289293
11607,-9.329990000289293
11608,-9.329990000289293
11609,-9.329990000289293
11610,-9.329990000289293
11611,-9.329990000289293
11612,-9.329990000289293
11613,-9.329990000289293
11614,-9.329990000289293
11615,-9.329990000289293
11616,-9.329990000289293
11617,-9.329990000289293
11618,-9.329990000289293
11619,-9.329990000289293
11620,-9.329990000289293
11621,-9.329990000289293
11622,-9.329990000289293
11623,-9.329990000289293
11624,-9.329990000289293
11625,-9.329990000289293
11626,-9.329990000289293
11627,-9.329990000289293
11628,-9.329990000289293
11629,-9.329990000289293
11630,-9.329990000289293
11631,-9.329990000289293
11632,-9.329990000289293
11633,-9.329990000289293
11634,-9.329990000289293
11635,-9.329990000289293
11636,-9.329990000289293
11637,-9.329990000289293
11638,-9.329990000289293
11639,-9.329990000289293
11640,-9.329990000289293
11641,-9.329990000289293
11642,-9.329990000289293
11643,-9.329990000289293
11644,-9.329990000289293
11645,-9.329990000289293
11646,-9.329990000289293
11647,-9.329990000289293
11648,-9.329990000289293
11649,-9.329990000289293
11650,-9.329990000289293
11651,-9.329990000289293
11652,-9.329990000289293
11653,-9.329990000289293
11654,-9.329990000289293
11655,-9.329990000289293
11656,-9.329990000289293
11657,-9.329990000289293
11658,-9.329990000289293
11659,-9.329990000289293
11660,-9.329990000289293
11661,-9.329990000289293
11662,-9.329990000289293
11663,-9.329990000289293
11664,-9.329990000289293
11665,-9.329990000289293
11666,-9.329990000289293
11667,-9.329990000289293
11668,-9.329990000289293
11669,-9.329990000289293
11670,-9.329990000289293
11671,-9.329990000289293
11672,-9.329990000289293
11673,-9.329990000289293
11674,-9.329990000289293
11675,-9.329990000289293
11676,-9.329990000289293
11677,-9.329990000289293
11678,-9.329990000289293
11679,-9.329990000289293
11680,-9.329990000289293
11681,-9.329990000289293
11682,-9.329990000289293
11683,-9.329990000289293
11684,-9.329990000289293
11685,-9.329990000289293
11686,-9.329990000289293
11687,-9.329990000289293
11688,-9.329990000289293
11689,-9.329990000289293
11690,-9.329990000289293
11691,-9.329990000289293
11692,-9.329990000289293
11693,-9.329990000289293
11694,-9.329990000289293
11695,-9.329990000289293
11696,-9.329990000289293
11697,-9.329990000289293
11698,-9.329990000289293
11699,-9.329990000289293
11700,-9.329990000289293
11701,-9.329990000289293
11702,-9.329990000289293
11703,-9.329990000289293
11704,-9.329990000289293
11705,-9.329990000289293
11706,-9.329990000289293
11707,-9.329990000289293
11708,-9.329990000289293
11709,-9.329990000289293
11710,-9.329990000289293
11711,-9.329990000289293
11712,-9.329990000289293
11713,-9.329990000289293
11714,-9.329990000289293
11715,-9.329990000289293
11716,-9.329990000289293
11717,-9.329990000289293
11718,-9.329990000289293
11719,-9.329990000289293
11720,-9.329990000289293
11721,-9.329990000289293
11722,-9.329990000289293
11723,-9.329990000289293
11724,-9.329990000289293
11725,-9.329990000289293
11726,-9.329990000289293
11727,-9.329990000289293
11728,-9.329990000289293
11729,-9.329990000289293
11730,-9.329990000289293
11731,-9.329990000289293
11732,-9.329990000289293
11733,-9.329990000289293
11734,-9.329990000289293
11735,-9.329990000289293
11736,-9.329990000289293
11737,-9.329990000289293
11738,-9.329990000289293
11739,-9.329990000289293
11740,-9.329990000289293
11741,-9.329990000289293
11742,-9.329990000289293
11743,-9.329990000289293
11744,-9.329990000289293
11745,-9.329990000289293
11746,-9.329990000289293
11747,-9.329990000289293
11748,-9.329990000289293
11749,-9.329990000289293
11750,-9.329990000289293
11751,-9.329990000289293
11752,-9.329990000289293
11753,-9.329990000289293
11754,-9.329990000289293
11755,-9.329990000289293
11756,-9.329990000289293
11757,-9.329990000289293
11758,-9.329990000289293
11759,-9.329990000289293
11760,-9.329990000289293
11761,-9.329990000289293
11762,-9.329990000289293
11763,-9.329990000289293
11764,-9.329990000289293
11765,-9.329990000289293
11766,-9.329990000289293
11767,-9.329990000289293
11768,-9.329990000289293
11769,-9.329990000289293
11770,-9.329990000289293
11771,-9.329990000289293
11772,-9.329990000289293
11773,-9.329990000289293
11774,-9.329990000289293
11775,-9.329990000289293
11776,-9.329990000289293
11777,-9.329990000289293
11778,-9.329990000289293
11779,-9.329990000289293
11780,-9.329990000289293
11781,-9.329990000289293
11782,-9.329990000289293
11783,-9.329990000289293
11784,-9.329990000289293
11785,-9.329990000289293
11786,-9.329990000289293
11787,-9.329990000289293
11788,-9.329990000289293
11789,-9.329990000289293
11790,-9.329990000289293
11791,-9.329990000289293
11792,-9.329990000289293
11793,-9.329990000289293
11794,-9.329990000289293
11795,-9.329990000289293
11796,-9.329990000289293
11797,-9.329990000289293
11798,-9.329990000289293
11799,-9.329990000289293
11800,-9.329990000289293
11801,-9.329990000289293
11802,-9.329990000289293
11803,-9.329990000289293
11804,-9.329990000289293
11805,-9.329990000289293
11806,-9.329990000289293
11807,-9.329990000289293
11808,-9.329990000289293
11809,-9.329990000289293
11810,-9.329990000289293
11811,-9.329990000289293
11812,-9.329990000289293
11813,-9.329990000289293
11814,-9.329990000289293
11815,-9.329990000289293
11816,-9.329990000289293
11817,-9.329990000289293
11818,-9.329990000289293
11819,-9.329990000289293
11820,-9.329990000289293
11821,-9.329990000289293
11822,-9.329990000289293
11823,-9.329990000289293
11824,-9.329990000289293
11825,-9.329990000289293
11826,-9.329990000289293
11827,-9.329990000289293
11828,-9.329990000289293
11829,-9.329990000289293
11830,-9.329990000289293
11831,-9.329990000289293
11832,-9.329990000289293
11833,-9.329990000289293
11834,-9.329990000289293
11835,-9.329990000289293
11836,-9.329990000289293
11837,-9.329990000289293
11838,-9.329990000289293
11839,-9.329990000289293
11840,-9.329990000289293
11841,-9.329990000289293
11842,-9.329990000289293
11843,-9.329990000289293
11844,-9.329990000289293
11845,-9.329990000289293
11846,-9.329990000289293
11847,-9.329990000289293
11848,-9.329990000289293
11849,-9.329990000289293
11850,-9.329990000289293
11851,-9.329990000289293
11852,-9.329990000289293
11853,-9.329990000289293
11854,-9.329990000289293
11855,-9.329990000289293
11856,-9.329990000289293
11857,-9.329990000289293
11858,-9.329990000289293
11859,-9.329990000289293
11860,-9.329990000289293
11861,-9.329990000289293
11862,-9.329990000289293
11863,-9.329990000289293
11864,-9.329990000289293
11865,-9.329990000289293
11866,-9.329990000289293
11867,-9.329990000289293
11868,-9.329990000289293
11869,-9.329990000289293
11870,-9.329990000289293
11871,-9.329990000289293
11872,-9.329990000289293
11873,-9.329990000289293
11874,-9.329990000289293
11875,-9.329990000289293
11876,-9.329990000289293
11877,-9.329990000289293
11878,-9.329990000289293
11879,-9.329990000289293
11880,-9.329990000289293
11881,-9.329990000289293
11882,-9.329990000289293
11883,-9.329990000289293
11884,-9.329990000289293
11885,-9.329990000289293
11886,-9.329990000289293
11887,-9.329990000289293
11888,-9.329990000289293
11889,-9.329990000289293
11890,-9.329990000289293
11891,-9.329990000289293
11892,-9.329990000289293
11893,-9.329990000289293
11894,-9.329990000289293
11895,-9.329990000289293
11896,-9.329990000289293
11897,-9.329990000289293
11898,-9.329990000289293
11899,-9.329990000289293
11900,-9.329990000289293
11901,-9.329990000289293
11902,-9.329990000289293
11903,-9.329990000289293
11904,-9.329990000289293
11905,-9.329990000289293
11906,-9.329990000289293
11907,-9.329990000289293
11908,-9.329990000289293
11909,-9.329990000289293
11910,-9.329990000289293
11911,-9.329990000289293
11912,-9.329990000289293
11913,-9.329990000289293
11914,-9.329990000289293
11915,-9.329990000289293
11916,-9.329990000289293
11917,-9.329990000289293
11918,-9.329990000289293
11919,-9.329990000289293
11920,-9.329990000289293
11921,-9.329990000289293
11922,-9.329990000289293
11923,-9.329990000289293
11924,-9.329990000289293
11925,-9.329990000289293
11926,-9.329990000289293
11927,-9.329990000289293
11928,-9.329990000289293
11929,-9.329990000289293
11930,-9.329990000289293
11931,-9.329990000289293
11932,-9.329990000289293
11933,-9.329990000289293
11934,-9.329990000289293
11935,-9.329990000289293
11936,-9.329990000289293
11937,-9.329990000289293
11938,-9.329990000289293
11939,-9.329990000289293
11940,-9.329990000289293
11941,-9.329990000289293
11942,-9.329990000289293
11943,-9.329990000289293
11944,-9.329990000289293
11945,-9.329990000289293
11946,-9.329990000289293
11947,-9.329990000289293
11948,-9.329990000289293
11949,-9.329990000289293
11950,-9.329990000289293
11951,-9.329990000289293
11952,-9.329990000289293
11953,-9.329990000289293
11954,-9.329990000289293
11955,-9.329990000289293
11956,-9.329990000289293
11957,-9.329990000289293
11958,-9.329990000289293
11959,-9.329990000289293
11960,-9.329990000289293
11961,-9.329990000289293
11962,-9.329990000289293
11963,-9.329990000289293
11964,-9.329990000289293
11965,-9.329990000289293
11966,-9.329990000289293
11967,-9.329990000289293
11968,-9.329990000289293
11969,-9.329990000289293
11970,-9.329990000289293
11971,-9.329990000289293
11972,-9.329990000289293
11973,-9.329990000289293
11974,-9.329990000289293
11975,-9.329990000289293
11976,-9.329990000289293
11977,-9.329990000289293
11978,-9.329990000289293
11979,-9.329990000289293
11980,-9.329990000289293
11981,-9.329990000289293
11982,-9.329990000289293
11983,-9.329990000289293
11984,-9.329990000289293
11985,-9.329990000289293
11986,-9.329990000289293
11987,-9.329990000289293
11988,-9.329990000289293
11989,-9.329990000289293
11990,-9.329990000289293
11991,-9.329990000289293
11992,-9.329990000289293
11993,-9.329990000289293
11994,-9.329990000289293
11995,-10.339537780383498
11996,-10.339537780383498
11997,-10.339537780383498
11998,-10.339537780383498
11999,-10.339537780383498
12000,-10.339537780383498
12001,-10.339537780383498
12002,-10.339537780383498
12003,-10.339537780383498
12004,-10.339537780383498
12005,-10.339537780383498
12006,-10.339537780383498
12007,-10.339537780383498
12008,-10.339537780383498
12009,-10.339537780383498
12010,-10.339537780383498
12011,-10.339537780383498
12012,-10.339537780383498
12013,-10.339537780383498
12014,-10.339537780383498
12015,-10.339537780383498
12016,-10.339537780383498
12017,-10.339537780383498
12018,-10.339537780383498
12019,-10.339537780383498
12020,-10.339537780383498
12021,-10.339537780383498
12022,-10.339537780383498
12023,-10.339537780383498
12024,-10.339537780383498
12025,-10.339537780383498
12026,-10.339537780383498
12027,-10.339537780383498
12028,-10.339537780383498
12029,-10.339537780383498
12030,-10.339537780383498
12031,-10.339537780383498
12032,-10.339537780383498
12033,-10.339537780383498
12034,-10.339537780383498
12035,-10.339537780383498
12036,-10.339537780383498
12037,-10.339537780383498
12038,-10.339537780383498
12039,-10.339537780383498
12040,-10.339537780383498
12041,-10.339537780383498
12042,-10.339537780383498
12043,-10.339537780383498
12044,-10.339537780383498
12045,-10.339537780383498
12046,-10.339537780383498
12047,-10.339537780383498
12048,-10.339537780383498
12049,-10.339537780383498
12050,-10.339537780383498
12051,-10.339537780383498
12052,-10.339537780383498
12053,-10.339537780383498
12054,-10.339537780383498
12055,-10.339537780383498
12056,-10.339537780383498
12057,-10.339537780383498
12058,-10.339537780383498
12059,-10.339537780383498
12060,-10.339537780383498
12061,-10.339537780383498
12062,-10.339537780383498
12063,-10.339537780383498
12064,-10.339537780383498
12065,-10.339537780383498
12066,-10.339537780383498
12067,-10.339537780383498
12068,-10.339537780383498
12069,-10.339537780383498
12070,-10.339537780383498
12071,-10.339537780383498
12072,-10.339537780383498
12073,-10.339537780383498
12074,-10.339537780383498
12075,-10.339537780383498
12076,-10.339537780383498
12077,-10.339537780383498
12078,-10.339537780383498
12079,-10.339537780383498
12080,-10.339537780383498
12081,-10.339537780383498
12082,-10.339537780383498
12083,-10.339537780383498
12084,-10.339537780383498
12085,-10.339537780383498
12086,-10.339537780383498
12087,-10.339537780383498
12088,-10.339537780383498
12089,-10.339537780383498
12090,-10.339537780383498
12091,-10.339537780383498
12092,-10.339537780383498
12093,-10.339537780383498
12094,-10.339537780383498
12095,-10.339537780383498
12096,-10.339537780383498
12097,-10.339537780383498
12098,-10.339537780383498
12099,-10.339537780383498
12100,-10.339537780383498
12101,-10.339537780383498
12102,-10.339537780383498
12103,-10.339537780383498
12104,-10.339537780383498
12105,-10.339537780383498
12106,-10.339537780383498
12107,-10.339537780383498
12108,-10.339537780383498
12109,-10.339537780383498
12110,-10.339537780383498
12111,-10.339537780383498
12112,-10.339537780383498
12113,-10.339537780383498
12114,-10.339537780383498
12115,-10.339537780383498
12116,-10.339537780383498
12117,-10.339537780383498
12118,-10.339537780383498
12119,-10.339537780383498
12120,-10.339537780383498
12121,-10.339537780383498
12122,-10.339537780383498
12123,-10.339537780383498
12124,-10.339537780383498
12125,-10.339537780383498
12126,-10.339537780383498
12127,-10.339537780383498
12128,-10.339537780383498
12129,-10.339537780383498
12130,-10.339537780383498
12131,-10.339537780383498
12132,-10.339537780383498
12133,-10.339537780383498
12134,-10.339537780383498
12135,-10.339537780383498
12136,-10.339537780383498
12137,-10.339537780383498
12138,-10.339537780383498
12139,-10.339537780383498
12140,-10.339537780383498
12141,-10.339537780383498
12142,-10.339537780383498
12143,-10.339537780383498
12144,-10.339537780383498
12145,-10.339537780383498
12146,-10.339537780383498
12147,-10.339537780383498
12148,-10.339537780383498
12149,-10.339537780383498
12150,-10.339537780383498
12151,-10.339537780383498
12152,-10.339537780383498
12153,-10.339537780383498
12154,-10.339537780383498
12155,-10.339537780383498
12156,-10.339537780383498
12157,-10.339537780383498
12158,-10.339537780383498
12159,-10.339537780383498
12160,-10.339537780383498
12161,-10.339537780383498
12162,-10.339537780383498
12163,-10.339537780383498
12164,-10.339537780383498
12165,-10.339537780383498
12166,-10.339537780383498
12167,-10.339537780383498
12168,-10.339537780383498
12169,-10.339537780383498
12170,-10.339537780383498
12171,-10.339537780383498
12172,-10.339537780383498
12173,-10.339537780383498
12174,-10.339537780383498
12175,-10.339537780383498
12176,-10.339537780383498
12177,-10.339537780383498
12178,-10.339537780383498
12179,-10.339537780383498
12180,-10.339537780383498
12181,-10.339537780383498
12182,-10.339537780383498
12183,-10.339537780383498
12184,-10.339537780383498
12185,-10.339537780383498
12186,-10.339537780383498
12187,-10.339537780383498
12188,-10.339537780383498
12189,-10.339537780383498
12190,-10.339537780383498
12191,-10.339537780383498
12192,-10.339537780383498
12193,-10.339537780383498
12194,-10.339537780383498
12195,-10.339537780383498
12196,-10.339537780383498
12197,-10.339537780383498
12198,-10.339537780383498
12199,-10.339537780383498
12200,-10.339537780383498
12201,-10.339537780383498
12202,-10.339537780383498
12203,-10.339537780383498
12204,-10.339537780383498
12205,-10.339537780383498
12206,-10.339537780383498
12207,-10.339537780383498
12208,-10.339537780383498
12209,-10.339537780383498
12210,-10.339537780383498
12211,-10.339537780383498
12212,-10.339537780383498
12213,-10.339537780383498
12214,-10.339537780383498
12215,-10.339537780383498
12216,-10.339537780383498
12217,-10.339537780383498
12218,-10.339537780383498
12219,-10.339537780383498
12220,-10.339537780383498
12221,-10.339537780383498
12222,-10.339537780383498
12223,-10.339537780383498
12224,-10.339537780383498
12225,-10.339537780383498
12226,-10.339537780383498
12227,-10.339537780383498
12228,-10.339537780383498
12229,-10.339537780383498
12230,-10.339537780383498
12231,-10.339537780383498
12232,-10.339537780383498
12233,-10.339537780383498
12234,-10.339537780383498
12235,-10.339537780383498
12236,-10.339537780383498
12237,-10.339537780383498
12238,-10.339537780383498
12239,-10.339537780383498
12240,-10.339537780383498
12241,-10.339537780383498
12242,-10.339537780383498
12243,-10.339537780383498
12244,-10.339537780383498
12245,-10.339537780383498
12246,-10.339537780383498
12247,-10.339537780383498
12248,-10.339537780383498
12249,-10.339537780383498
12250,-10.339537780383498
12251,-10.339537780383498
12252,-10.339537780383498
12253,-10.339537780383498
12254,-13.241987648154335
12255,-13.241987648154335
12256,-13.241987648154335
12257,-13.241987648154335
12258,-13.241987648154335
12259,-13.241987648154335
12260,-13.241987648154335
12261,-13.241987648154335
12262,-13.241987648154335
12263,-13.241987648154335
12264,-13.241987648154335
12265,-13.241987648154335
12266,-13.241987648154335
12267,-13.241987648154335
12268,-13.241987648154335
12269,-13.241987648154335
12270,-13.241987648154335
12271,-13.241987648154335
12272,-13.241987648154335
12273,-13.241987648154335
12274,-13.241987648154335
12275,-13.241987648154335
12276,-13.241987648154335
12277,-13.241987648154335
12278,-13.241987648154335
12279,-13.241987648154335
12280,-13.241987648154335
12281,-13.241987648154335
12282,-13.241987648154335
12283,-13.241987648154335
12284,-13.241987648154335
12285,-13.241987648154335
12286,-13.241987648154335
12287,-13.241987648154335
12288,-13.241987648154335
12289,-13.241987648154335
12290,-13.241987648154335
12291,-13.241987648154335
12292,-13.241987648154335
12293,-13.241987648154335
12294,-13.241987648154335
12295,-13.241987648154335
12296,-13.241987648154335
12297,-13.241987648154335
12298,-13.241987648154335
12299,-13.241987648154335
12300,-13.241987648154335
12301,-13.241987648154335
12302,-13.241987648154335
12303,-13.241987648154335
12304,-13.241987648154335
12305,-13.241987648154335
12306,-13.241987648154335
12307,-13.241987648154335
12308,-13.241987648154335
12309,-13.241987648154335
12310,-13.241987648154335
12311,-13.241987648154335
12312,-13.241987648154335
12313,-13.241987648154335
12314,-13.241987648154335
12315,-13.241987648154335
12316,-13.241987648154335
12317,-13.241987648154335
12318,-13.241987648154335
12319,-13.241987648154335
12320,-13.241987648154335
12321,-13.241987648154335
12322,-13.241987648154335
12323,-13.241987648154335
12324,-13.241987648154335
12325,-13.241987648154335
12326,-13.241987648154335
12327,-13.241987648154335
12328,-13.241987648154335
12329,-13.241987648154335
12330,-13.241987648154335
12331,-13.241987648154335
12332,-13.241987648154335
12333,-13.241987648154335
12334,-13.241987648154335
12335,-13.241987648154335
12336,-13.241987648154335
12337,-13.241987648154335
12338,-13.241987648154335
12339,-13.241987648154335
12340,-13.241987648154335
12341,-13.241987648154335
12342,-13.241987648154335
12343,-13.241987648154335
12344,-13.241987648154335
12345,-13.241987648154335
12346,-13.241987648154335
12347,-13.241987648154335
12348,-13.241987648154335
12349,-13.241987648154335
12350,-13.241987648154335
12351,-13.241987648154335
12352,-13.241987648154335
12353,-13.241987648154335
12354,-13.241987648154335
12355,-13.241987648154335
12356,-13.241987648154335
12357,-13.241987648154335
12358,-13.241987648154335
12359,-13.241987648154335
12360,-13.241987648154335
12361,-13.241987648154335
12362,-13.241987648154335
12363,-13.241987648154335
12364,-13.241987648154335
12365,-13.241987648154335
12366,-13.241987648154335
12367,-13.241987648154335
12368,-13.241987648154335
12369,-13.241987648154335
12370,-13.241987648154335
12371,-13.241987648154335
12372,-13.241987648154335
12373,-13.241987648154335
12374,-13.241987648154335
12375,-13.241987648154335
12376,-13.241987648154335
12377,-13.241987648154335
12378,-13.241987648154335
12379,-13.241987648154335
12380,-13.241987648154335
12381,-13.241987648154335
12382,-13.241987648154335
12383,-13.241987648154335
12384,-13.241987648154335
12385,-13.241987648154335
12386,-13.241987648154335
12387,-13.241987648154335
12388,-13.241987648154335
12389,-13.241987648154335
12390,-13.241987648154335
12391,-13.241987648154335
12392,-13.241987648154335
12393,-13.241987648154335
12394,-13.241987648154335
12395,-13.241987648154335
12396,-13.241987648154335
12397,-13.241987648154335
12398,-13.241987648154335
12399,-13.241987648154335
12400,-13.241987648154335
12401,-13.241987648154335
12402,-13.241987648154335
12403,-13.241987648154335
12404,-13.241987648154335
12405,-13.241987648154335
12406,-13.241987648154335
12407,-13.241987648154335
12408,-13.241987648154335
12409,-13.241987648154335
12410,-13.241987648154335
12411,-13.241987648154335
12412,-13.241987648154335
12413,-13.241987648154335
12414,-13.241987648154335
12415,-13.241987648154335
12416,-13.241987648154335
12417,-13.241987648154335
12418,-13.241987648154335
12419,-13.241987648154335
12420,-13.241987648154335
12421,-13.241987648154335
12422,-13.241987648154335
12423,-13.241987648154335
12424,-13.241987648154335
12425,-13.241987648154335
12426,-13.241987648154335
12427,-13.241987648154335
12428,-13.241987648154335
12429,-13.241987648154335
12430,-13.241987648154335
12431,-13.241987648154335
12432,-13.241987648154335
12433,-13.241987648154335
12434,-13.241987648154335
12435,-13.241987648154335
12436,-13.241987648154335
12437,-13.241987648154335
12438,-13.241987648154335
12439,-13.241987648154335
12440,-13.241987648154335
12441,-13.241987648154335
12442,-13.241987648154335
12443,-13.241987648154335
12444,-13.241987648154335
12445,-13.241987648154335
12446,-13.241987648154335
12447,-13.241987648154335
12448,-13.241987648154335
12449,-13.241987648154335
12450,-13.241987648154335
12451,-13.241987648154335
12452,-13.241987648154335
12453,-13.241987648154335
12454,-13.241987648154335
12455,-13.241987648154335
12456,-13.241987648154335
12457,-13.241987648154335
12458,-13.241987648154335
12459,-13.241987648154335
12460,-13.241987648154335
12461,-13.241987648154335
12462,-13.241987648154335
12463,-13.241987648154335
12464,-13.241987648154335
12465,-13.241987648154335
12466,-13.241987648154335
12467,-13.241987648154335
12468,-13.241987648154335
12469,-13.241987648154335
12470,-13.241987648154335
12471,-13.241987648154335
12472,-13.241987648154335
12473,-13.241987648154335
12474,-13.241987648154335
12475,-13.241987648154335
12476,-13.241987648154335
12477,-13.241987648154335
12478,-13.241987648154335
12479,-13.241987648154335
12480,-13.241987648154335
12481,-13.241987648154335
12482,-13.241987648154335
12483,-13.241987648154335
12484,-13.241987648154335
12485,-13.241987648154335
12486,-13.241987648154335
12487,-13.241987648154335
12488,-13.241987648154335
12489,-13.241987648154335
12490,-13.241987648154335
12491,-13.241987648154335
12492,-13.241987648154335
12493,-13.241987648154335
12494,-13.241987648154335
12495,-13.241987648154335
12496,-13.241987648154335
12497,-13.241987648154335
12498,-13.241987648154335
12499,-13.241987648154335
12500,-13.241987648154335
12501,-13.241987648154335
12502,-13.241987648154335
12503,-13.241987648154335
12504,-13.241987648154335
12505,-13.241987648154335
12506,-13.241987648154335
12507,-13.241987648154335
12508,-13.241987648154335
12509,-13.241987648154335
12510,-13.241987648154335
12511,-13.241987648154335
12512,-13.241987648154335
12513,-13.241987648154335
12514,-13.241987648154335
12515,-13.241987648154335
12516,-13.241987648154335
12517,-13.241987648154335
12518,-13.241987648154335
12519,-13.241987648154335
12520,-13.241987648154335
12521,-13.241987648154335
12522,-13.241987648154335
12523,-13.241987648154335
12524,-13.241987648154335
12525,-13.241987648154335
12526,-13.241987648154335
12527,-13.241987648154335
12528,-13.241987648154335
12529,-13.241987648154335
12530,-13.241987648154335
12531,-13.241987648154335
