frame,pupil_norm
1,-39.84585006833916
2,-39.84585006833916
3,-39.84585006833916
4,-39.84585006833916
5,-39.84585006833916
6,-39.84585006833916
7,-39.84585006833916
8,-42.63923733498154
9,-42.63923733498154
10,-42.63923733498154
11,-42.63923733498154
12,-42.63923733498154
13,-42.63923733498154
14,-42.63923733498154
15,-42.63923733498154
16,-42.63923733498154
17,-42.63923733498154
18,-42.63923733498154
19,-42.63923733498154
20,-42.63923733498154
21,-42.63923733498154
22,-42.63923733498154
23,-42.63923733498154
24,-42.63923733498154
25,-42.63923733498154
26,-42.63923733498154
27,-42.63923733498154
28,-42.63923733498154
29,-42.63923733498154
30,-42.63923733498154
31,-42.63923733498154
32,-42.63923733498154
33,-42.63923733498154
34,-42.63923733498154
35,-42.63923733498154
36,-42.63923733498154
37,-48.61130666366524
38,-48.61130666366524
39,-48.61130666366524
40,-48.61130666366524
41,-48.61130666366524
42,-48.61130666366524
43,-48.61130666366524
44,-48.61130666366524
45,-48.61130666366524
46,-48.61130666366524
47,-48.61130666366524
48,-48.61130666366524
49,-48.61130666366524
50,-48.61130666366524
51,-48.61130666366524
52,-48.61130666366524
53,-48.61130666366524
54,-48.61130666366524
55,-48.61130666366524
56,-48.61130666366524
57,-48.61130666366524
58,-48.61130666366524
59,-48.61130666366524
60,-48.61130666366524
61,-48.61130666366524
62,-48.61130666366524
63,-48.61130666366524
64,-48.61130666366524
65,-48.61130666366524
66,-53.71646270270131
67,-53.71646270270131
68,-53.71646270270131
69,-53.71646270270131
70,-53.71646270270131
71,-53.71646270270131
72,-53.71646270270131
73,-53.71646270270131
74,-53.71646270270131
75,-53.71646270270131
76,-53.71646270270131
77,-53.71646270270131
78,-53.71646270270131
79,-53.71646270270131
80,-53.71646270270131
81,-53.71646270270131
82,-53.71646270270131
83,-53.71646270270131
84,-53.71646270270131
85,-53.71646270270131
86,-53.71646270270131
87,-53.71646270270131
88,-53.71646270270131
89,-53.71646270270131
90,-53.71646270270131
91,-53.71646270270131
92,-53.71646270270131
93,-53.71646270270131
94,-53.71646270270131
95,-55.30580373372197
96,-55.30580373372197
97,-55.30580373372197
98,-55.30580373372197
99,-55.30580373372197
100,-55.30580373372197
101,-55.30580373372197
102,-55.30580373372197
103,-55.30580373372197
104,-55.30580373372197
105,-55.30580373372197
106,-55.30580373372197
107,-55.30580373372197
108,-55.30580373372197
109,-55.30580373372197
110,-55.30580373372197
111,-55.30580373372197
112,-55.30580373372197
113,-55.30580373372197
114,-55.30580373372197
115,-55.30580373372197
116,-55.30580373372197
117,-55.30580373372197
118,-55.30580373372197
119,-55.30580373372197
120,-55.30580373372197
121,-55.30580373372197
122,-55.30580373372197
123,-55.30580373372197
124,-54.920508938323024
125,-54.920508938323024
126,-54.920508938323024
127,-54.920508938323024
128,-54.920508938323024
129,-54.920508938323024
130,-54.920508938323024
131,-54.920508938323024
132,-54.920508938323024
133,-54.920508938323024
134,-54.920508938323024
135,-54.920508938323024
136,-54.920508938323024
137,-54.920508938323024
138,-54.920508938323024
139,-54.920508938323024
140,-54.920508938323024
141,-54.920508938323024
142,-54.920508938323024
143,-54.920508938323024
144,-54.920508938323024
145,-54.920508938323024
146,-54.920508938323024
147,-54.920508938323024
148,-54.920508938323024
149,-54.920508938323024
150,-54.920508938323024
151,-54.920508938323024
152,-54.920508938323024
153,-54.39072859464947
154,-54.39072859464947
155,-54.39072859464947
156,-54.39072859464947
157,-54.39072859464947
158,-54.39072859464947
159,-54.39072859464947
160,-54.39072859464947
161,-54.39072859464947
162,-54.39072859464947
163,-54.39072859464947
164,-54.39072859464947
165,-54.39072859464947
166,-54.39072859464947
167,-54.39072859464947
168,-54.39072859464947
169,-54.39072859464947
170,-54.39072859464947
171,-54.39072859464947
172,-54.39072859464947
173,-54.39072859464947
174,-54.39072859464947
175,-54.39072859464947
176,-54.39072859464947
177,-54.39072859464947
178,-54.39072859464947
179,-54.39072859464947
180,-54.39072859464947
181,-54.39072859464947
182,-52.17528352110551
183,-52.17528352110551
184,-52.17528352110551
185,-52.17528352110551
186,-52.17528352110551
187,-52.17528352110551
188,-52.17528352110551
189,-52.17528352110551
190,-52.17528352110551
191,-52.17528352110551
192,-52.17528352110551
193,-52.17528352110551
194,-52.17528352110551
195,-52.17528352110551
196,-52.17528352110551
197,-52.17528352110551
198,-52.17528352110551
199,-52.17528352110551
200,-52.17528352110551
201,-52.17528352110551
202,-52.17528352110551
203,-52.17528352110551
204,-52.17528352110551
205,-52.17528352110551
206,-52.17528352110551
207,-52.17528352110551
208,-52.17528352110551
209,-52.17528352110551
210,-52.17528352110551
211,-48.418659265965765
212,-48.418659265965765
213,-48.418659265965765
214,-48.418659265965765
215,-48.418659265965765
216,-48.418659265965765
217,-48.418659265965765
218,-48.418659265965765
219,-48.418659265965765
220,-48.418659265965765
221,-48.418659265965765
222,-48.418659265965765
223,-48.418659265965765
224,-48.418659265965765
225,-48.418659265965765
226,-48.418659265965765
227,-48.418659265965765
228,-48.418659265965765
229,-48.418659265965765
230,-48.418659265965765
231,-48.418659265965765
232,-48.418659265965765
233,-48.418659265965765
234,-48.418659265965765
235,-48.418659265965765
236,-48.418659265965765
237,-48.418659265965765
238,-48.418659265965765
239,-48.418659265965765
240,-46.29953789127155
241,-46.29953789127155
242,-46.29953789127155
243,-46.29953789127155
244,-46.29953789127155
245,-46.29953789127155
246,-46.29953789127155
247,-46.29953789127155
248,-46.29953789127155
249,-46.29953789127155
250,-46.29953789127155
251,-46.29953789127155
252,-46.29953789127155
253,-46.29953789127155
254,-46.29953789127155
255,-46.29953789127155
256,-46.29953789127155
257,-46.29953789127155
258,-46.29953789127155
259,-46.29953789127155
260,-46.29953789127155
261,-46.29953789127155
262,-46.29953789127155
263,-46.29953789127155
264,-46.29953789127155
265,-46.29953789127155
266,-46.29953789127155
267,-46.29953789127155
268,-46.29953789127155
269,-43.3135032269297
270,-43.3135032269297
271,-43.3135032269297
272,-43.3135032269297
273,-43.3135032269297
274,-43.3135032269297
275,-43.3135032269297
276,-43.3135032269297
277,-43.3135032269297
278,-43.3135032269297
279,-43.3135032269297
280,-43.3135032269297
281,-43.3135032269297
282,-43.3135032269297
283,-43.3135032269297
284,-43.3135032269297
285,-43.3135032269297
286,-43.3135032269297
287,-43.3135032269297
288,-43.3135032269297
289,-43.3135032269297
290,-43.3135032269297
291,-43.3135032269297
292,-43.3135032269297
293,-43.3135032269297
294,-43.3135032269297
295,-43.3135032269297
296,-43.3135032269297
297,-43.3135032269297
298,-43.698798022328646
299,-43.698798022328646
300,-43.698798022328646
301,-43.698798022328646
302,-43.698798022328646
303,-43.698798022328646
304,-43.698798022328646
305,-43.698798022328646
306,-43.698798022328646
307,-43.698798022328646
308,-43.698798022328646
309,-43.698798022328646
310,-43.698798022328646
311,-43.698798022328646
312,-43.698798022328646
313,-43.698798022328646
314,-43.698798022328646
315,-43.698798022328646
316,-43.698798022328646
317,-43.698798022328646
318,-43.698798022328646
319,-43.698798022328646
320,-43.698798022328646
321,-43.698798022328646
322,-43.698798022328646
323,-43.698798022328646
324,-43.698798022328646
325,-43.698798022328646
326,-43.698798022328646
327,-29.8281853879665
328,-29.8281853879665
329,-29.8281853879665
330,-29.8281853879665
331,-29.8281853879665
332,-29.8281853879665
333,-29.8281853879665
334,-29.8281853879665
335,-29.8281853879665
336,-22.07412763056266
337,-22.07412763056266
338,-22.07412763056266
339,-22.07412763056266
340,-22.07412763056266
341,-22.07412763056266
342,-22.07412763056266
343,-22.07412763056266
344,-22.07412763056266
345,-22.07412763056266
346,-22.07412763056266
347,-22.07412763056266
348,-22.07412763056266
349,-22.07412763056266
350,-22.07412763056266
351,-22.07412763056266
352,-22.07412763056266
353,-22.07412763056266
354,-22.07412763056266
355,-22.07412763056266
356,-22.07412763056266
357,-22.07412763056266
358,-22.07412763056266
359,-22.07412763056266
360,-22.07412763056266
361,-22.07412763056266
362,-22.07412763056266
363,-22.07412763056266
364,-22.07412763056266
365,-24.81935304778017
366,-24.81935304778017
367,-24.81935304778017
368,-24.81935304778017
369,-24.81935304778017
370,-24.81935304778017
371,-24.81935304778017
372,-24.81935304778017
373,-24.81935304778017
374,-24.81935304778017
375,-24.81935304778017
376,-24.81935304778017
377,-24.81935304778017
378,-24.81935304778017
379,-24.81935304778017
380,-24.81935304778017
381,-24.81935304778017
382,-24.81935304778017
383,-24.81935304778017
384,-24.81935304778017
385,-24.81935304778017
386,-24.81935304778017
387,-24.81935304778017
388,-24.81935304778017
389,-24.81935304778017
390,-24.81935304778017
391,-24.81935304778017
392,-24.81935304778017
393,-24.81935304778017
394,-26.84215072362465
395,-26.84215072362465
396,-26.84215072362465
397,-26.84215072362465
398,-26.84215072362465
399,-26.84215072362465
400,-26.84215072362465
401,-26.84215072362465
402,-26.84215072362465
403,-26.84215072362465
404,-26.84215072362465
405,-26.84215072362465
406,-26.84215072362465
407,-26.84215072362465
408,-26.84215072362465
409,-26.84215072362465
410,-26.84215072362465
411,-26.84215072362465
412,-26.84215072362465
413,-26.84215072362465
414,-26.84215072362465
415,-26.84215072362465
416,-26.84215072362465
417,-26.84215072362465
418,-26.84215072362465
419,-26.84215072362465
420,-26.84215072362465
421,-26.84215072362465
422,-26.84215072362465
423,-28.76862470061939
424,-28.76862470061939
425,-28.76862470061939
426,-28.76862470061939
427,-28.76862470061939
428,-28.76862470061939
429,8.315999356529403
430,8.315999356529403
431,8.315999356529403
432,8.315999356529403
433,8.315999356529403
434,8.315999356529403
435,8.315999356529403
436,8.315999356529403
437,8.315999356529403
438,8.315999356529403
439,8.315999356529403
440,8.315999356529403
441,8.315999356529403
442,8.315999356529403
443,8.315999356529403
444,8.315999356529403
445,8.315999356529403
446,8.315999356529403
447,8.315999356529403
448,8.315999356529403
449,8.315999356529403
450,8.315999356529403
451,8.315999356529403
452,8.315999356529403
453,8.315999356529403
454,8.315999356529403
455,8.315999356529403
456,8.315999356529403
457,8.315999356529403
458,8.315999356529403
459,8.315999356529403
460,8.315999356529403
461,8.315999356529403
462,8.315999356529403
463,8.315999356529403
464,8.315999356529403
465,8.315999356529403
466,8.315999356529403
467,8.315999356529403
468,8.315999356529403
469,8.315999356529403
470,8.315999356529403
471,8.315999356529403
472,8.315999356529403
473,8.315999356529403
474,8.315999356529403
475,8.315999356529403
476,8.315999356529403
477,8.315999356529403
478,8.315999356529403
479,8.315999356529403
480,8.315999356529403
481,8.315999356529403
482,8.315999356529403
483,8.315999356529403
484,8.315999356529403
485,8.315999356529403
486,8.315999356529403
487,8.315999356529403
488,8.315999356529403
489,8.315999356529403
490,8.315999356529403
491,8.315999356529403
492,8.315999356529403
493,8.315999356529403
494,8.315999356529403
495,8.315999356529403
496,8.315999356529403
497,8.315999356529403
498,8.315999356529403
499,8.315999356529403
500,8.315999356529403
501,8.315999356529403
502,8.315999356529403
503,8.315999356529403
504,8.315999356529403
505,8.315999356529403
506,8.315999356529403
507,8.315999356529403
508,8.315999356529403
509,8.315999356529403
510,8.315999356529403
511,8.315999356529403
512,8.315999356529403
513,8.315999356529403
514,8.315999356529403
515,8.315999356529403
516,8.315999356529403
517,8.315999356529403
518,8.315999356529403
519,8.315999356529403
520,8.315999356529403
521,8.315999356529403
522,8.315999356529403
523,8.315999356529403
524,8.315999356529403
525,8.315999356529403
526,8.315999356529403
527,8.315999356529403
528,8.315999356529403
529,8.315999356529403
530,8.315999356529403
531,8.315999356529403
532,8.315999356529403
533,8.315999356529403
534,8.315999356529403
535,8.315999356529403
536,8.315999356529403
537,8.315999356529403
538,8.315999356529403
539,8.315999356529403
540,8.315999356529403
541,8.315999356529403
542,8.315999356529403
543,8.315999356529403
544,8.315999356529403
545,8.315999356529403
546,8.315999356529403
547,8.315999356529403
548,8.315999356529403
549,8.315999356529403
550,8.315999356529403
551,8.315999356529403
552,8.315999356529403
553,8.315999356529403
554,8.315999356529403
555,8.315999356529403
556,8.315999356529403
557,8.315999356529403
558,8.315999356529403
559,8.315999356529403
560,8.315999356529403
561,8.315999356529403
562,8.315999356529403
563,8.315999356529403
564,8.315999356529403
565,8.315999356529403
566,8.315999356529403
567,8.315999356529403
568,8.315999356529403
569,8.315999356529403
570,8.315999356529403
571,8.315999356529403
572,8.315999356529403
573,8.315999356529403
574,8.315999356529403
575,8.315999356529403
576,8.315999356529403
577,8.315999356529403
578,8.315999356529403
579,8.315999356529403
580,8.315999356529403
581,8.315999356529403
582,8.315999356529403
583,8.315999356529403
584,8.315999356529403
585,8.315999356529403
586,8.315999356529403
587,8.315999356529403
588,8.315999356529403
589,8.315999356529403
590,8.315999356529403
591,8.315999356529403
592,8.315999356529403
593,8.315999356529403
594,8.315999356529403
595,8.315999356529403
596,8.315999356529403
597,8.315999356529403
598,8.315999356529403
599,8.315999356529403
600,8.315999356529403
601,8.315999356529403
602,8.315999356529403
603,8.315999356529403
604,8.315999356529403
605,8.315999356529403
606,8.315999356529403
607,8.315999356529403
608,8.315999356529403
609,8.315999356529403
610,8.315999356529403
611,8.315999356529403
612,8.315999356529403
613,8.315999356529403
614,8.315999356529403
615,8.315999356529403
616,8.315999356529403
617,8.315999356529403
618,8.315999356529403
619,8.315999356529403
620,8.315999356529403
621,8.315999356529403
622,8.315999356529403
623,8.315999356529403
624,8.315999356529403
625,8.315999356529403
626,8.315999356529403
627,8.315999356529403
628,8.315999356529403
629,8.315999356529403
630,8.315999356529403
631,8.315999356529403
632,8.315999356529403
633,8.315999356529403
634,8.315999356529403
635,8.315999356529403
636,8.315999356529403
637,8.315999356529403
638,8.315999356529403
639,8.315999356529403
640,8.315999356529403
641,8.315999356529403
642,8.315999356529403
643,8.315999356529403
644,8.315999356529403
645,8.315999356529403
646,8.315999356529403
647,8.315999356529403
648,8.315999356529403
649,8.315999356529403
650,8.315999356529403
651,8.315999356529403
652,8.315999356529403
653,8.315999356529403
654,8.315999356529403
655,8.315999356529403
656,8.315999356529403
657,8.315999356529403
658,8.315999356529403
659,8.315999356529403
660,8.315999356529403
661,8.315999356529403
662,8.315999356529403
663,8.315999356529403
664,8.315999356529403
665,8.315999356529403
666,8.315999356529403
667,8.315999356529403
668,8.315999356529403
669,8.315999356529403
670,8.315999356529403
671,8.315999356529403
672,8.315999356529403
673,8.315999356529403
674,8.315999356529403
675,8.315999356529403
676,8.315999356529403
677,8.315999356529403
678,8.315999356529403
679,8.315999356529403
680,8.315999356529403
681,8.315999356529403
682,8.315999356529403
683,8.315999356529403
684,8.315999356529403
685,8.315999356529403
686,8.315999356529403
687,8.315999356529403
688,8.315999356529403
689,8.315999356529403
690,8.315999356529403
691,8.315999356529403
692,8.315999356529403
693,8.315999356529403
694,8.315999356529403
695,8.315999356529403
696,8.315999356529403
697,8.315999356529403
698,8.315999356529403
699,8.315999356529403
700,8.315999356529403
701,8.315999356529403
702,8.315999356529403
703,8.315999356529403
704,8.315999356529403
705,8.315999356529403
706,8.315999356529403
707,8.315999356529403
708,8.315999356529403
709,8.315999356529403
710,8.315999356529403
711,8.315999356529403
712,8.315999356529403
713,8.315999356529403
714,8.315999356529403
715,8.315999356529403
716,8.315999356529403
717,8.315999356529403
718,8.315999356529403
719,8.315999356529403
720,8.315999356529403
721,8.315999356529403
722,8.315999356529403
723,8.315999356529403
724,8.315999356529403
725,8.315999356529403
726,8.315999356529403
727,8.315999356529403
728,8.315999356529403
729,8.315999356529403
730,8.315999356529403
731,8.315999356529403
732,8.315999356529403
733,8.315999356529403
734,8.315999356529403
735,8.315999356529403
736,8.315999356529403
737,8.315999356529403
738,8.315999356529403
739,8.315999356529403
740,8.315999356529403
741,8.315999356529403
742,8.315999356529403
743,8.315999356529403
744,8.315999356529403
745,8.315999356529403
746,8.315999356529403
747,8.315999356529403
748,8.315999356529403
749,8.315999356529403
750,8.315999356529403
751,8.315999356529403
752,8.315999356529403
753,8.315999356529403
754,8.315999356529403
755,8.315999356529403
756,8.315999356529403
757,8.315999356529403
758,8.315999356529403
759,8.315999356529403
760,8.315999356529403
761,8.315999356529403
762,8.315999356529403
763,8.315999356529403
764,8.315999356529403
765,8.315999356529403
766,8.315999356529403
767,8.315999356529403
768,8.315999356529403
769,8.315999356529403
770,8.315999356529403
771,8.315999356529403
772,8.315999356529403
773,8.315999356529403
774,8.315999356529403
775,8.315999356529403
776,8.315999356529403
777,8.315999356529403
778,8.315999356529403
779,8.315999356529403
780,8.315999356529403
781,8.315999356529403
782,8.315999356529403
783,8.315999356529403
784,8.315999356529403
785,8.315999356529403
786,8.315999356529403
787,8.315999356529403
788,8.315999356529403
789,8.315999356529403
790,8.315999356529403
791,8.315999356529403
792,8.315999356529403
793,8.315999356529403
794,8.315999356529403
795,8.315999356529403
796,8.315999356529403
797,8.315999356529403
798,8.315999356529403
799,8.315999356529403
800,8.315999356529403
801,8.315999356529403
802,8.315999356529403
803,8.315999356529403
804,8.315999356529403
805,8.315999356529403
806,8.315999356529403
807,8.315999356529403
808,8.315999356529403
809,8.315999356529403
810,8.315999356529403
811,8.315999356529403
812,8.315999356529403
813,8.315999356529403
814,8.315999356529403
815,8.315999356529403
816,8.315999356529403
817,8.315999356529403
818,8.315999356529403
819,8.315999356529403
820,8.315999356529403
821,8.315999356529403
822,8.315999356529403
823,8.315999356529403
824,8.315999356529403
825,8.315999356529403
826,8.315999356529403
827,8.315999356529403
828,8.315999356529403
829,8.315999356529403
830,8.315999356529403
831,8.315999356529403
832,8.315999356529403
833,8.315999356529403
834,8.315999356529403
835,8.315999356529403
836,8.315999356529403
837,8.315999356529403
838,8.315999356529403
839,8.315999356529403
840,8.315999356529403
841,8.315999356529403
842,8.315999356529403
843,8.315999356529403
844,8.315999356529403
845,8.315999356529403
846,8.315999356529403
847,8.315999356529403
848,8.315999356529403
849,8.315999356529403
850,8.315999356529403
851,8.315999356529403
852,8.315999356529403
853,8.315999356529403
854,8.315999356529403
855,8.315999356529403
856,8.315999356529403
857,8.315999356529403
858,8.315999356529403
859,8.315999356529403
860,8.315999356529403
861,8.315999356529403
862,8.315999356529403
863,8.315999356529403
864,8.315999356529403
865,8.315999356529403
866,8.315999356529403
867,8.315999356529403
868,8.315999356529403
869,8.315999356529403
870,8.315999356529403
871,8.315999356529403
872,8.315999356529403
873,8.315999356529403
874,8.315999356529403
875,8.315999356529403
876,8.315999356529403
877,8.315999356529403
878,8.315999356529403
879,8.315999356529403
880,8.315999356529403
881,8.315999356529403
882,8.315999356529403
883,8.315999356529403
884,8.315999356529403
885,8.315999356529403
886,8.315999356529403
887,8.315999356529403
888,8.315999356529403
889,8.315999356529403
890,8.315999356529403
891,8.315999356529403
892,8.315999356529403
893,8.315999356529403
894,8.315999356529403
895,8.315999356529403
896,8.315999356529403
897,8.315999356529403
898,8.315999356529403
899,8.315999356529403
900,8.315999356529403
901,8.315999356529403
902,8.315999356529403
903,8.315999356529403
904,8.315999356529403
905,8.315999356529403
906,8.315999356529403
907,8.315999356529403
908,8.315999356529403
909,8.315999356529403
910,8.315999356529403
911,8.315999356529403
912,8.315999356529403
913,8.315999356529403
914,8.315999356529403
915,8.315999356529403
916,8.315999356529403
917,8.315999356529403
918,8.315999356529403
919,8.315999356529403
920,8.315999356529403
921,8.315999356529403
922,8.315999356529403
923,8.315999356529403
924,8.315999356529403
925,8.315999356529403
926,8.315999356529403
927,8.315999356529403
928,8.315999356529403
929,8.315999356529403
930,6.245039831260056
931,6.245039831260056
932,6.245039831260056
933,6.245039831260056
934,6.245039831260056
935,6.245039831260056
936,6.245039831260056
937,6.245039831260056
938,6.245039831260056
939,6.245039831260056
940,6.245039831260056
941,6.245039831260056
942,6.245039831260056
943,6.245039831260056
944,6.245039831260056
945,6.245039831260056
946,6.245039831260056
947,6.245039831260056
948,6.245039831260056
949,6.245039831260056
950,6.245039831260056
951,6.245039831260056
952,6.245039831260056
953,6.245039831260056
954,6.245039831260056
955,6.245039831260056
956,6.245039831260056
957,6.245039831260056
958,6.245039831260056
959,6.245039831260056
960,6.245039831260056
961,6.245039831260056
962,6.245039831260056
963,6.245039831260056
964,6.245039831260056
965,6.245039831260056
966,6.245039831260056
967,6.245039831260056
968,6.245039831260056
969,6.245039831260056
970,6.245039831260056
971,6.245039831260056
972,6.245039831260056
973,6.245039831260056
974,6.245039831260056
975,6.245039831260056
976,6.245039831260056
977,6.245039831260056
978,6.245039831260056
979,6.245039831260056
980,6.245039831260056
981,6.245039831260056
982,6.245039831260056
983,6.245039831260056
984,6.245039831260056
985,6.245039831260056
986,6.245039831260056
987,6.245039831260056
988,6.245039831260056
989,6.245039831260056
990,6.245039831260056
991,6.245039831260056
992,6.245039831260056
993,6.245039831260056
994,6.245039831260056
995,6.245039831260056
996,6.245039831260056
997,6.245039831260056
998,6.245039831260056
999,6.245039831260056
1000,6.245039831260056
1001,6.245039831260056
1002,6.245039831260056
1003,6.245039831260056
1004,6.245039831260056
1005,6.245039831260056
1006,6.245039831260056
1007,6.245039831260056
1008,6.245039831260056
1009,6.245039831260056
1010,6.245039831260056
1011,6.245039831260056
1012,6.245039831260056
1013,6.245039831260056
1014,6.245039831260056
1015,6.245039831260056
1016,6.245039831260056
1017,6.245039831260056
1018,6.245039831260056
1019,6.245039831260056
1020,6.245039831260056
1021,6.245039831260056
1022,6.245039831260056
1023,6.245039831260056
1024,6.245039831260056
1025,6.245039831260056
1026,6.245039831260056
1027,6.245039831260056
1028,6.245039831260056
1029,6.245039831260056
1030,6.245039831260056
1031,6.245039831260056
1032,6.245039831260056
1033,6.245039831260056
1034,6.245039831260056
1035,6.245039831260056
1036,6.245039831260056
1037,6.245039831260056
1038,6.245039831260056
1039,6.245039831260056
1040,6.245039831260056
1041,6.245039831260056
1042,6.245039831260056
1043,6.245039831260056
1044,6.245039831260056
1045,6.245039831260056
1046,6.245039831260056
1047,6.245039831260056
1048,6.245039831260056
1049,6.245039831260056
1050,6.245039831260056
1051,6.245039831260056
1052,6.245039831260056
1053,6.245039831260056
1054,23.486981925363
1055,23.486981925363
1056,23.486981925363
1057,23.486981925363
1058,23.486981925363
1059,12.024461762244284
1060,12.024461762244284
1061,12.024461762244284
1062,12.024461762244284
1063,12.024461762244284
1064,12.024461762244284
1065,12.024461762244284
1066,12.024461762244284
1067,12.024461762244284
1068,12.024461762244284
1069,12.024461762244284
1070,12.024461762244284
1071,12.024461762244284
1072,12.024461762244284
1073,12.024461762244284
1074,12.024461762244284
1075,12.024461762244284
1076,12.024461762244284
1077,12.024461762244284
1078,12.024461762244284
1079,-9.311237532972491
1080,-9.311237532972491
1081,-9.311237532972491
1082,-15.620439807630273
1083,-15.620439807630273
1084,-15.620439807630273
1085,-15.620439807630273
1086,-15.620439807630273
1087,-15.620439807630273
1088,-15.620439807630273
1089,-15.620439807630273
1090,-15.620439807630273
1091,-15.620439807630273
1092,-15.620439807630273
1093,-15.620439807630273
1094,-15.620439807630273
1095,-15.620439807630273
1096,-15.620439807630273
1097,-15.620439807630273
1098,-15.620439807630273
1099,-15.620439807630273
1100,-15.620439807630273
1101,-15.620439807630273
1102,-15.620439807630273
1103,-15.620439807630273
1104,-15.620439807630273
1105,-15.620439807630273
1106,-15.620439807630273
1107,-15.620439807630273
1108,-15.620439807630273
1109,-8.396162393899989
1110,-8.396162393899989
1111,-8.396162393899989
1112,-8.396162393899989
1113,-26.4568559282257
1114,-26.4568559282257
1115,-26.4568559282257
1116,-26.4568559282257
1117,-26.4568559282257
1118,-26.4568559282257
1119,-26.4568559282257
1120,-31.12855532243795
1121,-31.12855532243795
1122,-31.12855532243795
1123,-31.12855532243795
1124,-1.3163705284443092
1125,-1.3163705284443092
1126,-1.3163705284443092
1127,-1.3163705284443092
1128,-1.3163705284443092
1129,-1.3163705284443092
1130,-1.3163705284443092
1131,-1.3163705284443092
1132,-1.3163705284443092
1133,-1.3163705284443092
1134,-1.3163705284443092
1135,-1.3163705284443092
1136,-1.3163705284443092
1137,-1.3163705284443092
1138,-1.3163705284443092
1139,-1.3163705284443092
1140,-1.3163705284443092
1141,-1.3163705284443092
1142,-1.3163705284443092
1143,-1.3163705284443092
1144,-1.3163705284443092
1145,-1.3163705284443092
1146,-1.3163705284443092
1147,-1.3163705284443092
1148,-1.3163705284443092
1149,-1.3163705284443092
1150,-1.3163705284443092
1151,-1.3163705284443092
1152,-1.3163705284443092
1153,-1.3163705284443092
1154,-1.3163705284443092
1155,-1.3163705284443092
1156,-1.3163705284443092
1157,-1.3163705284443092
1158,-1.3163705284443092
1159,-1.3163705284443092
1160,-1.3163705284443092
1161,-1.3163705284443092
1162,-1.3163705284443092
1163,-1.3163705284443092
1164,-1.3163705284443092
1165,-1.3163705284443092
1166,-1.3163705284443092
1167,-1.3163705284443092
1168,-1.3163705284443092
1169,-1.3163705284443092
1170,-1.3163705284443092
1171,-1.3163705284443092
1172,-1.3163705284443092
1173,-1.3163705284443092
1174,-1.3163705284443092
1175,-1.3163705284443092
1176,-1.3163705284443092
1177,-1.3163705284443092
1178,-1.3163705284443092
1179,-1.3163705284443092
1180,-1.3163705284443092
1181,-1.3163705284443092
1182,-1.3163705284443092
1183,-1.3163705284443092
1184,-1.3163705284443092
1185,-1.3163705284443092
1186,-1.3163705284443092
1187,-1.3163705284443092
1188,-1.3163705284443092
1189,-1.3163705284443092
1190,-1.3163705284443092
1191,-1.3163705284443092
1192,-1.3163705284443092
1193,-1.3163705284443092
1194,-1.3163705284443092
1195,-1.3163705284443092
1196,-1.3163705284443092
1197,-1.3163705284443092
1198,-1.3163705284443092
1199,-1.3163705284443092
1200,-1.3163705284443092
1201,-1.3163705284443092
1202,-1.3163705284443092
1203,-1.3163705284443092
1204,-1.3163705284443092
1205,-1.3163705284443092
1206,-1.3163705284443092
1207,-1.3163705284443092
1208,-1.3163705284443092
1209,-1.3163705284443092
1210,-1.3163705284443092
1211,-1.3163705284443092
1212,-1.3163705284443092
1213,-1.3163705284443092
1214,-1.3163705284443092
1215,-1.3163705284443092
1216,-1.3163705284443092
1217,-1.3163705284443092
1218,-1.3163705284443092
1219,-1.3163705284443092
1220,-1.3163705284443092
1221,-1.3163705284443092
1222,-1.3163705284443092
1223,-1.3163705284443092
1224,-1.3163705284443092
1225,-1.3163705284443092
1226,-1.3163705284443092
1227,-1.3163705284443092
1228,-1.3163705284443092
1229,-1.3163705284443092
1230,-1.3163705284443092
1231,-1.3163705284443092
1232,-1.3163705284443092
1233,-1.3163705284443092
1234,-1.3163705284443092
1235,-1.3163705284443092
1236,-1.3163705284443092
1237,-1.3163705284443092
1238,-1.3163705284443092
1239,-1.3163705284443092
1240,-1.3163705284443092
1241,-1.3163705284443092
1242,-1.3163705284443092
1243,-1.3163705284443092
1244,-1.3163705284443092
1245,-1.3163705284443092
1246,-1.3163705284443092
1247,-1.3163705284443092
1248,-1.3163705284443092
1249,-1.3163705284443092
1250,-1.3163705284443092
1251,-1.3163705284443092
1252,-1.3163705284443092
1253,-1.3163705284443092
1254,-1.3163705284443092
1255,-1.3163705284443092
1256,-1.3163705284443092
1257,-1.3163705284443092
1258,-1.3163705284443092
1259,-1.3163705284443092
1260,-1.3163705284443092
1261,-1.3163705284443092
1262,-1.3163705284443092
1263,-1.3163705284443092
1264,-1.3163705284443092
1265,-1.3163705284443092
1266,-1.3163705284443092
1267,-1.3163705284443092
1268,-1.3163705284443092
1269,-1.3163705284443092
1270,-1.3163705284443092
1271,-1.3163705284443092
1272,-1.3163705284443092
1273,-1.3163705284443092
1274,-1.3163705284443092
1275,-1.3163705284443092
1276,-1.3163705284443092
1277,-1.3163705284443092
1278,-1.3163705284443092
1279,-1.3163705284443092
1280,-1.3163705284443092
1281,-1.3163705284443092
1282,-1.3163705284443092
1283,-1.3163705284443092
1284,-1.3163705284443092
1285,-1.3163705284443092
1286,-1.3163705284443092
1287,-1.3163705284443092
1288,-1.3163705284443092
1289,-1.3163705284443092
1290,-1.3163705284443092
1291,-1.3163705284443092
1292,-1.3163705284443092
1293,-1.3163705284443092
1294,-1.3163705284443092
1295,-1.3163705284443092
1296,-1.3163705284443092
1297,-1.3163705284443092
1298,-1.3163705284443092
1299,-1.3163705284443092
1300,-1.3163705284443092
1301,-1.3163705284443092
1302,-1.3163705284443092
1303,-1.3163705284443092
1304,-1.3163705284443092
1305,-1.3163705284443092
1306,-1.3163705284443092
1307,-1.3163705284443092
1308,-1.3163705284443092
1309,-1.3163705284443092
1310,-1.3163705284443092
1311,-1.3163705284443092
1312,-1.3163705284443092
1313,-1.3163705284443092
1314,-1.3163705284443092
1315,-1.3163705284443092
1316,-1.3163705284443092
1317,-1.3163705284443092
1318,-1.3163705284443092
1319,-1.3163705284443092
1320,-1.3163705284443092
1321,-1.3163705284443092
1322,-1.3163705284443092
1323,-1.3163705284443092
1324,-1.3163705284443092
1325,-1.3163705284443092
1326,-1.3163705284443092
1327,-1.3163705284443092
1328,-1.3163705284443092
1329,-1.3163705284443092
1330,-1.3163705284443092
1331,-1.3163705284443092
1332,-1.3163705284443092
1333,-1.3163705284443092
1334,-1.3163705284443092
1335,-1.3163705284443092
1336,-1.3163705284443092
1337,-1.3163705284443092
1338,-1.3163705284443092
1339,-1.3163705284443092
1340,-1.3163705284443092
1341,-1.3163705284443092
1342,-1.3163705284443092
1343,-1.3163705284443092
1344,-1.3163705284443092
1345,-1.3163705284443092
1346,-1.3163705284443092
1347,-1.3163705284443092
1348,-1.3163705284443092
1349,-1.3163705284443092
1350,-1.3163705284443092
1351,-1.3163705284443092
1352,-1.3163705284443092
1353,-1.3163705284443092
1354,-1.3163705284443092
1355,-1.3163705284443092
1356,-1.3163705284443092
1357,-1.3163705284443092
1358,-1.3163705284443092
1359,-1.3163705284443092
1360,-1.3163705284443092
1361,-1.3163705284443092
1362,-1.3163705284443092
1363,-1.3163705284443092
1364,-1.3163705284443092
1365,-1.3163705284443092
1366,-1.3163705284443092
1367,-1.3163705284443092
1368,-1.3163705284443092
1369,-1.3163705284443092
1370,-1.3163705284443092
1371,-1.3163705284443092
1372,-1.3163705284443092
1373,-1.3163705284443092
1374,-1.3163705284443092
1375,-1.3163705284443092
1376,-1.3163705284443092
1377,-1.3163705284443092
1378,-1.3163705284443092
1379,-1.3163705284443092
1380,-1.3163705284443092
1381,-1.3163705284443092
1382,-1.3163705284443092
1383,-1.3163705284443092
1384,-1.3163705284443092
1385,-1.3163705284443092
1386,-1.3163705284443092
1387,-1.3163705284443092
1388,-1.3163705284443092
1389,-1.3163705284443092
1390,-1.3163705284443092
1391,-1.3163705284443092
1392,-1.3163705284443092
1393,-1.3163705284443092
1394,-1.3163705284443092
1395,-1.3163705284443092
1396,-1.3163705284443092
1397,-1.3163705284443092
1398,-1.3163705284443092
1399,-1.3163705284443092
1400,-1.3163705284443092
1401,-1.3163705284443092
1402,-1.3163705284443092
1403,-1.3163705284443092
1404,-1.3163705284443092
1405,-1.3163705284443092
1406,-1.3163705284443092
1407,-1.3163705284443092
1408,-1.3163705284443092
1409,-1.3163705284443092
1410,-1.3163705284443092
1411,-1.3163705284443092
1412,-1.3163705284443092
1413,-1.3163705284443092
1414,-1.3163705284443092
1415,-1.3163705284443092
1416,-1.3163705284443092
1417,-1.3163705284443092
1418,-1.3163705284443092
1419,-1.3163705284443092
1420,-1.3163705284443092
1421,-1.3163705284443092
1422,-1.3163705284443092
1423,-1.3163705284443092
1424,-1.3163705284443092
1425,-1.3163705284443092
1426,-1.3163705284443092
1427,-1.3163705284443092
1428,-1.3163705284443092
1429,-1.3163705284443092
1430,-1.3163705284443092
1431,-1.3163705284443092
1432,-1.3163705284443092
1433,-1.3163705284443092
1434,-1.3163705284443092
1435,-1.3163705284443092
1436,-1.3163705284443092
1437,-1.3163705284443092
1438,-1.3163705284443092
1439,-1.3163705284443092
1440,-1.3163705284443092
1441,-1.3163705284443092
1442,-1.3163705284443092
1443,-1.3163705284443092
1444,-1.3163705284443092
1445,-1.3163705284443092
1446,-1.3163705284443092
1447,-1.3163705284443092
1448,-1.3163705284443092
1449,-1.3163705284443092
1450,-1.3163705284443092
1451,-1.3163705284443092
1452,-1.3163705284443092
1453,-1.3163705284443092
1454,-1.3163705284443092
1455,-1.3163705284443092
1456,-1.3163705284443092
1457,-1.3163705284443092
1458,-1.3163705284443092
1459,-1.3163705284443092
1460,-1.3163705284443092
1461,-1.3163705284443092
1462,-1.3163705284443092
1463,-1.3163705284443092
1464,-1.3163705284443092
1465,-1.3163705284443092
1466,-1.3163705284443092
1467,-1.3163705284443092
1468,-1.3163705284443092
1469,-1.3163705284443092
1470,-1.3163705284443092
1471,0.5137797497006963
1472,0.5137797497006963
1473,0.5137797497006963
1474,0.5137797497006963
1475,0.5137797497006963
1476,0.5137797497006963
1477,0.5137797497006963
1478,0.5137797497006963
1479,0.5137797497006963
1480,0.5137797497006963
1481,0.5137797497006963
1482,0.5137797497006963
1483,0.5137797497006963
1484,0.5137797497006963
1485,0.5137797497006963
1486,0.5137797497006963
1487,0.5137797497006963
1488,0.5137797497006963
1489,0.5137797497006963
1490,0.5137797497006963
1491,0.5137797497006963
1492,0.5137797497006963
1493,0.5137797497006963
1494,0.5137797497006963
1495,0.5137797497006963
1496,0.5137797497006963
1497,0.5137797497006963
1498,0.5137797497006963
1499,0.5137797497006963
1500,0.5137797497006963
1501,0.5137797497006963
1502,0.5137797497006963
1503,0.5137797497006963
1504,0.5137797497006963
1505,0.5137797497006963
1506,0.5137797497006963
1507,0.5137797497006963
1508,0.5137797497006963
1509,0.5137797497006963
1510,0.5137797497006963
1511,0.5137797497006963
1512,0.5137797497006963
1513,0.5137797497006963
1514,0.5137797497006963
1515,0.5137797497006963
1516,0.5137797497006963
1517,0.5137797497006963
1518,0.5137797497006963
1519,0.5137797497006963
1520,0.5137797497006963
1521,0.5137797497006963
1522,0.5137797497006963
1523,0.5137797497006963
1524,0.5137797497006963
1525,0.5137797497006963
1526,0.5137797497006963
1527,0.5137797497006963
1528,0.5137797497006963
1529,0.5137797497006963
1530,0.5137797497006963
1531,0.5137797497006963
1532,0.5137797497006963
1533,0.5137797497006963
1534,0.5137797497006963
1535,0.5137797497006963
1536,0.5137797497006963
1537,0.5137797497006963
1538,0.5137797497006963
1539,0.5137797497006963
1540,0.5137797497006963
1541,0.5137797497006963
1542,0.5137797497006963
1543,0.5137797497006963
1544,0.5137797497006963
1545,0.5137797497006963
1546,0.5137797497006963
1547,0.5137797497006963
1548,0.5137797497006963
1549,0.5137797497006963
1550,0.5137797497006963
1551,0.5137797497006963
1552,0.5137797497006963
1553,0.5137797497006963
1554,0.5137797497006963
1555,0.5137797497006963
1556,0.5137797497006963
1557,0.5137797497006963
1558,0.5137797497006963
1559,0.5137797497006963
1560,0.5137797497006963
1561,0.5137797497006963
1562,0.5137797497006963
1563,0.5137797497006963
1564,0.5137797497006963
1565,0.5137797497006963
1566,0.5137797497006963
1567,0.5137797497006963
1568,0.5137797497006963
1569,0.5137797497006963
1570,0.5137797497006963
1571,0.5137797497006963
1572,0.5137797497006963
1573,0.5137797497006963
1574,0.5137797497006963
1575,0.5137797497006963
1576,0.5137797497006963
1577,0.5137797497006963
1578,0.5137797497006963
1579,0.5137797497006963
1580,0.5137797497006963
1581,0.5137797497006963
1582,0.5137797497006963
1583,0.5137797497006963
1584,0.5137797497006963
1585,0.5137797497006963
1586,0.5137797497006963
1587,0.5137797497006963
1588,0.5137797497006963
1589,0.5137797497006963
1590,0.5137797497006963
1591,0.5137797497006963
1592,0.5137797497006963
1593,0.5137797497006963
1594,0.5137797497006963
1595,0.5137797497006963
1596,0.5137797497006963
1597,0.5137797497006963
1598,0.5137797497006963
1599,0.5137797497006963
1600,0.5137797497006963
1601,0.5137797497006963
1602,0.5137797497006963
1603,0.5137797497006963
1604,0.5137797497006963
1605,0.5137797497006963
1606,0.5137797497006963
1607,0.5137797497006963
1608,0.5137797497006963
1609,0.5137797497006963
1610,0.5137797497006963
1611,0.5137797497006963
1612,0.5137797497006963
1613,0.5137797497006963
1614,0.5137797497006963
1615,0.5137797497006963
1616,0.5137797497006963
1617,0.5137797497006963
1618,0.5137797497006963
1619,0.5137797497006963
1620,0.5137797497006963
1621,0.5137797497006963
1622,0.5137797497006963
1623,0.5137797497006963
1624,0.5137797497006963
1625,0.5137797497006963
1626,0.5137797497006963
1627,0.5137797497006963
1628,0.5137797497006963
1629,0.5137797497006963
1630,0.5137797497006963
1631,0.5137797497006963
1632,0.5137797497006963
1633,0.5137797497006963
1634,0.5137797497006963
1635,0.5137797497006963
1636,0.5137797497006963
1637,0.5137797497006963
1638,0.5137797497006963
1639,0.5137797497006963
1640,0.5137797497006963
1641,0.5137797497006963
1642,0.5137797497006963
1643,0.5137797497006963
1644,0.5137797497006963
1645,0.5137797497006963
1646,0.5137797497006963
1647,0.5137797497006963
1648,0.5137797497006963
1649,0.5137797497006963
1650,0.5137797497006963
1651,0.5137797497006963
1652,0.5137797497006963
1653,0.5137797497006963
1654,0.5137797497006963
1655,0.5137797497006963
1656,0.5137797497006963
1657,0.5137797497006963
1658,0.5137797497006963
1659,0.5137797497006963
1660,0.5137797497006963
1661,0.5137797497006963
1662,0.5137797497006963
1663,0.5137797497006963
1664,0.5137797497006963
1665,0.5137797497006963
1666,0.5137797497006963
1667,0.5137797497006963
1668,0.5137797497006963
1669,0.5137797497006963
1670,0.5137797497006963
1671,0.5137797497006963
1672,0.5137797497006963
1673,0.5137797497006963
1674,0.5137797497006963
1675,0.5137797497006963
1676,0.5137797497006963
1677,0.5137797497006963
1678,0.5137797497006963
1679,0.5137797497006963
1680,0.5137797497006963
1681,0.5137797497006963
1682,0.5137797497006963
1683,0.5137797497006963
1684,0.5137797497006963
1685,0.5137797497006963
1686,0.5137797497006963
1687,0.5137797497006963
1688,0.5137797497006963
1689,0.5137797497006963
1690,0.5137797497006963
1691,0.5137797497006963
1692,0.5137797497006963
1693,0.5137797497006963
1694,0.5137797497006963
1695,0.5137797497006963
1696,0.5137797497006963
1697,0.5137797497006963
1698,0.5137797497006963
1699,0.5137797497006963
1700,0.5137797497006963
1701,0.5137797497006963
1702,0.5137797497006963
1703,0.5137797497006963
1704,0.5137797497006963
1705,0.5137797497006963
1706,0.5137797497006963
1707,0.5137797497006963
1708,0.5137797497006963
1709,0.5137797497006963
1710,0.5137797497006963
1711,0.5137797497006963
1712,0.5137797497006963
1713,0.5137797497006963
1714,-1.4126942272940464
1715,-1.4126942272940464
1716,-1.4126942272940464
1717,-1.4126942272940464
1718,-1.4126942272940464
1719,-1.4126942272940464
1720,-1.4126942272940464
1721,-1.4126942272940464
1722,-1.4126942272940464
1723,-1.4126942272940464
1724,-1.4126942272940464
1725,-1.4126942272940464
1726,-1.4126942272940464
1727,-1.4126942272940464
1728,-1.4126942272940464
1729,-1.4126942272940464
1730,-1.4126942272940464
1731,-1.4126942272940464
1732,-1.4126942272940464
1733,-1.4126942272940464
1734,-1.4126942272940464
1735,-1.4126942272940464
1736,-1.4126942272940464
1737,-1.4126942272940464
1738,-1.4126942272940464
1739,-1.4126942272940464
1740,-1.4126942272940464
1741,-1.4126942272940464
1742,-1.4126942272940464
1743,-1.4126942272940464
1744,-1.4126942272940464
1745,-1.4126942272940464
1746,-1.4126942272940464
1747,-1.4126942272940464
1748,-1.4126942272940464
1749,-1.4126942272940464
1750,-1.4126942272940464
1751,-1.4126942272940464
1752,-1.4126942272940464
1753,-1.4126942272940464
1754,-1.4126942272940464
1755,-1.4126942272940464
1756,-1.4126942272940464
1757,-1.4126942272940464
1758,-1.4126942272940464
1759,-1.4126942272940464
1760,-1.4126942272940464
1761,-1.4126942272940464
1762,-1.4126942272940464
1763,-1.4126942272940464
1764,-1.4126942272940464
1765,-1.4126942272940464
1766,-1.4126942272940464
1767,-1.4126942272940464
1768,-1.4126942272940464
1769,-1.4126942272940464
1770,-1.4126942272940464
1771,-1.4126942272940464
1772,-1.4126942272940464
1773,-1.4126942272940464
1774,-1.4126942272940464
1775,-1.4126942272940464
1776,-1.4126942272940464
1777,-1.4126942272940464
1778,-1.4126942272940464
1779,-1.4126942272940464
1780,-1.4126942272940464
1781,-1.4126942272940464
1782,-1.4126942272940464
1783,-1.4126942272940464
1784,-1.4126942272940464
1785,-1.4126942272940464
1786,-1.4126942272940464
1787,-1.4126942272940464
1788,-1.4126942272940464
1789,-1.4126942272940464
1790,-1.4126942272940464
1791,-1.4126942272940464
1792,-1.4126942272940464
1793,-1.4126942272940464
1794,-1.4126942272940464
1795,-1.4126942272940464
1796,-1.4126942272940464
1797,-1.4126942272940464
1798,-1.4126942272940464
1799,-1.4126942272940464
1800,-1.4126942272940464
1801,-1.4126942272940464
1802,-1.4126942272940464
1803,-1.4126942272940464
1804,-1.4126942272940464
1805,-1.4126942272940464
1806,-1.4126942272940464
1807,-1.4126942272940464
1808,-1.4126942272940464
1809,-1.4126942272940464
1810,-1.4126942272940464
1811,-1.4126942272940464
1812,-1.4126942272940464
1813,-1.4126942272940464
1814,-1.4126942272940464
1815,-1.4126942272940464
1816,-1.4126942272940464
1817,-1.4126942272940464
1818,-1.4126942272940464
1819,-1.4126942272940464
1820,-1.4126942272940464
1821,-1.4126942272940464
1822,-1.4126942272940464
1823,-1.4126942272940464
1824,-1.4126942272940464
1825,-1.4126942272940464
1826,-1.4126942272940464
1827,-1.4126942272940464
1828,-1.4126942272940464
1829,-1.4126942272940464
1830,-1.4126942272940464
1831,-1.4126942272940464
1832,-1.4126942272940464
1833,-1.4126942272940464
1834,-1.4126942272940464
1835,-1.4126942272940464
1836,-1.4126942272940464
1837,-1.4126942272940464
1838,-1.4126942272940464
1839,-1.4126942272940464
1840,-1.4126942272940464
1841,-1.4126942272940464
1842,-1.4126942272940464
1843,-1.4126942272940464
1844,-1.4126942272940464
1845,-1.4126942272940464
1846,-1.4126942272940464
1847,-1.4126942272940464
1848,-1.4126942272940464
1849,-1.4126942272940464
1850,-1.4126942272940464
1851,-1.4126942272940464
1852,-1.4126942272940464
1853,-1.4126942272940464
1854,-1.4126942272940464
1855,-1.4126942272940464
1856,-1.4126942272940464
1857,-1.4126942272940464
1858,-1.4126942272940464
1859,-1.4126942272940464
1860,-1.4126942272940464
1861,-1.4126942272940464
1862,-1.4126942272940464
1863,-1.4126942272940464
1864,-1.4126942272940464
1865,-1.4126942272940464
1866,-1.4126942272940464
1867,-1.4126942272940464
1868,-1.4126942272940464
1869,-1.4126942272940464
1870,-1.4126942272940464
1871,-1.4126942272940464
1872,-1.4126942272940464
1873,-1.4126942272940464
1874,-1.4126942272940464
1875,-1.4126942272940464
1876,-1.4126942272940464
1877,-1.4126942272940464
1878,-1.4126942272940464
1879,-1.4126942272940464
1880,-1.4126942272940464
1881,-1.4126942272940464
1882,-1.4126942272940464
1883,-1.4126942272940464
1884,-1.4126942272940464
1885,-1.4126942272940464
1886,-1.4126942272940464
1887,-1.4126942272940464
1888,-1.4126942272940464
1889,-1.4126942272940464
1890,-1.4126942272940464
1891,-1.4126942272940464
1892,-1.4126942272940464
1893,-1.4126942272940464
1894,-1.4126942272940464
1895,-1.4126942272940464
1896,-1.4126942272940464
1897,-1.4126942272940464
1898,-1.4126942272940464
1899,-1.4126942272940464
1900,-1.4126942272940464
1901,-1.4126942272940464
1902,-1.4126942272940464
1903,-1.4126942272940464
1904,-1.4126942272940464
1905,-1.4126942272940464
1906,-1.4126942272940464
1907,-1.4126942272940464
1908,-1.4126942272940464
1909,-1.4126942272940464
1910,-1.4126942272940464
1911,-1.4126942272940464
1912,-1.4126942272940464
1913,-1.4126942272940464
1914,-1.4126942272940464
1915,-1.4126942272940464
1916,-1.4126942272940464
1917,-1.4126942272940464
1918,-1.4126942272940464
1919,-1.4126942272940464
1920,-1.4126942272940464
1921,-1.4126942272940464
1922,-1.4126942272940464
1923,-1.4126942272940464
1924,-1.4126942272940464
1925,-1.4126942272940464
1926,-1.4126942272940464
1927,-1.4126942272940464
1928,-1.4126942272940464
1929,-1.4126942272940464
1930,-1.4126942272940464
1931,-1.4126942272940464
1932,-1.4126942272940464
1933,-1.4126942272940464
1934,-1.4126942272940464
1935,-1.4126942272940464
1936,-1.4126942272940464
1937,-1.4126942272940464
1938,-1.4126942272940464
1939,-1.4126942272940464
1940,-1.4126942272940464
1941,-1.4126942272940464
1942,-1.4126942272940464
1943,-1.4126942272940464
1944,-1.4126942272940464
1945,-1.4126942272940464
1946,-1.4126942272940464
1947,-1.4126942272940464
1948,-1.4126942272940464
1949,-1.4126942272940464
1950,-1.4126942272940464
1951,-1.4126942272940464
1952,-1.4126942272940464
1953,-1.4126942272940464
1954,-1.4126942272940464
1955,-1.4126942272940464
1956,-1.4126942272940464
1957,-1.4126942272940464
1958,-1.4126942272940464
1959,-1.4126942272940464
1960,-1.4126942272940464
1961,-1.4126942272940464
1962,-1.4126942272940464
1963,-1.4126942272940464
1964,-1.4126942272940464
1965,-1.4126942272940464
1966,-1.4126942272940464
1967,-1.4126942272940464
1968,-1.4126942272940464
1969,-1.4126942272940464
1970,-1.4126942272940464
1971,-1.4126942272940464
1972,-1.4126942272940464
1973,-1.4126942272940464
1974,-1.4126942272940464
1975,-1.4126942272940464
1976,-1.4126942272940464
1977,-1.4126942272940464
1978,-1.4126942272940464
1979,-1.4126942272940464
1980,-1.4126942272940464
1981,-1.4126942272940464
1982,-1.4126942272940464
1983,-1.4126942272940464
1984,-1.4126942272940464
1985,-1.4126942272940464
1986,-1.4126942272940464
1987,-1.4126942272940464
1988,-1.4126942272940464
1989,-1.4126942272940464
1990,-1.4126942272940464
1991,-1.4126942272940464
1992,-1.4126942272940464
1993,-1.4126942272940464
1994,-1.4126942272940464
1995,-1.4126942272940464
1996,-1.4126942272940464
1997,-1.4126942272940464
1998,-1.4126942272940464
1999,-1.4126942272940464
2000,-1.4126942272940464
2001,-1.4126942272940464
2002,-1.4126942272940464
2003,-1.4126942272940464
2004,-1.4126942272940464
2005,-1.4126942272940464
2006,-1.4126942272940464
2007,-1.4126942272940464
2008,-1.4126942272940464
2009,-1.4126942272940464
2010,-1.4126942272940464
2011,-1.4126942272940464
2012,-1.4126942272940464
2013,-1.4126942272940464
2014,-1.4126942272940464
2015,-1.4126942272940464
2016,-1.4126942272940464
2017,-1.4126942272940464
2018,-1.4126942272940464
2019,-1.4126942272940464
2020,-1.4126942272940464
2021,-1.4126942272940464
2022,-1.4126942272940464
2023,-1.4126942272940464
2024,-1.4126942272940464
2025,-1.4126942272940464
2026,-1.4126942272940464
2027,-1.4126942272940464
2028,-1.4126942272940464
2029,-1.4126942272940464
2030,-1.4126942272940464
2031,-1.4126942272940464
2032,-1.4126942272940464
2033,-1.4126942272940464
2034,-1.4126942272940464
2035,-1.4126942272940464
2036,-1.4126942272940464
2037,-1.4126942272940464
2038,-1.4126942272940464
2039,-1.4126942272940464
2040,-1.4126942272940464
2041,-1.4126942272940464
2042,-1.4126942272940464
2043,-1.4126942272940464
2044,-1.4126942272940464
2045,-1.4126942272940464
2046,-1.4126942272940464
2047,-1.4126942272940464
2048,-1.4126942272940464
2049,-1.4126942272940464
2050,-1.4126942272940464
2051,-1.4126942272940464
2052,-1.4126942272940464
2053,-1.4126942272940464
2054,-1.4126942272940464
2055,-1.4126942272940464
2056,-1.4126942272940464
2057,-1.4126942272940464
2058,-1.4126942272940464
2059,-1.4126942272940464
2060,-1.4126942272940464
2061,-1.4126942272940464
2062,-1.4126942272940464
2063,-1.4126942272940464
2064,-1.4126942272940464
2065,-1.4126942272940464
2066,-1.4126942272940464
2067,-1.4126942272940464
2068,-1.4126942272940464
2069,-1.4126942272940464
2070,-1.4126942272940464
2071,-1.4126942272940464
2072,-1.4126942272940464
2073,-1.4126942272940464
2074,-1.4126942272940464
2075,-1.4126942272940464
2076,-1.4126942272940464
2077,-1.4126942272940464
2078,-1.4126942272940464
2079,-1.4126942272940464
2080,-1.4126942272940464
2081,-1.4126942272940464
2082,-1.4126942272940464
2083,-1.4126942272940464
2084,-1.4126942272940464
2085,-1.4126942272940464
2086,-1.4126942272940464
2087,-1.4126942272940464
2088,-1.4126942272940464
2089,-1.4126942272940464
2090,-1.4126942272940464
2091,-1.4126942272940464
2092,-1.4126942272940464
2093,-1.4126942272940464
2094,-1.4126942272940464
2095,-1.4126942272940464
2096,-1.4126942272940464
2097,-1.4126942272940464
2098,-1.4126942272940464
2099,-1.4126942272940464
2100,-1.4126942272940464
2101,-1.4126942272940464
2102,-1.4126942272940464
2103,-1.4126942272940464
2104,-1.4126942272940464
2105,-1.4126942272940464
2106,-1.4126942272940464
2107,-1.4126942272940464
2108,-1.4126942272940464
2109,-1.4126942272940464
2110,-1.4126942272940464
2111,-1.4126942272940464
2112,-1.4126942272940464
2113,-1.4126942272940464
2114,-1.4126942272940464
2115,-1.4126942272940464
2116,-1.4126942272940464
2117,-1.4126942272940464
2118,-1.4126942272940464
2119,-1.4126942272940464
2120,-1.4126942272940464
2121,-1.4126942272940464
2122,-1.4126942272940464
2123,-1.4126942272940464
2124,-1.4126942272940464
2125,-1.4126942272940464
2126,-1.4126942272940464
2127,-1.4126942272940464
2128,-1.4126942272940464
2129,-1.4126942272940464
2130,-1.4126942272940464
2131,-1.4126942272940464
2132,-1.4126942272940464
2133,-1.4126942272940464
2134,-1.4126942272940464
2135,-1.4126942272940464
2136,-1.4126942272940464
2137,-1.4126942272940464
2138,-1.4126942272940464
2139,-1.4126942272940464
2140,-1.4126942272940464
2141,-1.4126942272940464
2142,-1.4126942272940464
2143,-1.4126942272940464
2144,-1.4126942272940464
2145,-1.4126942272940464
2146,-1.4126942272940464
2147,-1.4126942272940464
2148,-1.4126942272940464
2149,-1.4126942272940464
2150,-1.4126942272940464
2151,-1.4126942272940464
2152,-1.4126942272940464
2153,-1.4126942272940464
2154,-1.4126942272940464
2155,-1.4126942272940464
2156,-1.4126942272940464
2157,-1.4126942272940464
2158,-1.4126942272940464
2159,-1.4126942272940464
2160,-1.4126942272940464
2161,-1.4126942272940464
2162,-1.4126942272940464
2163,-1.4126942272940464
2164,-1.4126942272940464
2165,-1.4126942272940464
2166,-1.4126942272940464
2167,-1.4126942272940464
2168,-1.4126942272940464
2169,-1.4126942272940464
2170,-1.4126942272940464
2171,-1.4126942272940464
2172,-1.4126942272940464
2173,-1.4126942272940464
2174,-1.4126942272940464
2175,-1.4126942272940464
2176,-1.4126942272940464
2177,-1.4126942272940464
2178,-1.4126942272940464
2179,-1.4126942272940464
2180,-1.4126942272940464
2181,-1.4126942272940464
2182,-1.4126942272940464
2183,-1.4126942272940464
2184,-1.4126942272940464
2185,-1.4126942272940464
2186,-1.4126942272940464
2187,-1.4126942272940464
2188,-1.4126942272940464
2189,-1.4126942272940464
2190,-1.4126942272940464
2191,-1.4126942272940464
2192,-1.4126942272940464
2193,-1.4126942272940464
2194,-1.4126942272940464
2195,-1.4126942272940464
2196,-1.4126942272940464
2197,-1.4126942272940464
2198,-1.4126942272940464
2199,-1.4126942272940464
2200,-1.4126942272940464
2201,-1.4126942272940464
2202,-1.4126942272940464
2203,-1.4126942272940464
2204,-1.4126942272940464
2205,-1.4126942272940464
2206,-1.4126942272940464
2207,-1.4126942272940464
2208,-1.4126942272940464
2209,-1.4126942272940464
2210,-1.4126942272940464
2211,-1.4126942272940464
2212,-1.4126942272940464
2213,-1.4126942272940464
2214,-1.4126942272940464
2215,-1.4126942272940464
2216,-1.4126942272940464
2217,-1.4126942272940464
2218,-1.4126942272940464
2219,-1.4126942272940464
2220,-1.4126942272940464
2221,-1.4126942272940464
2222,-1.4126942272940464
2223,-1.4126942272940464
2224,-1.4126942272940464
2225,-1.4126942272940464
2226,-1.4126942272940464
2227,-1.4126942272940464
2228,-1.4126942272940464
2229,-1.4126942272940464
2230,-1.4126942272940464
2231,-1.4126942272940464
2232,-1.4126942272940464
2233,-1.4126942272940464
2234,-1.4126942272940464
2235,-1.4126942272940464
2236,-1.4126942272940464
2237,-1.4126942272940464
2238,-1.4126942272940464
2239,-1.4126942272940464
2240,-1.4126942272940464
2241,-1.4126942272940464
2242,-1.4126942272940464
2243,-1.4126942272940464
2244,-1.4126942272940464
2245,-1.4126942272940464
2246,-1.4126942272940464
2247,-1.4126942272940464
2248,-1.4126942272940464
2249,-1.4126942272940464
2250,-1.4126942272940464
2251,-1.4126942272940464
2252,-1.4126942272940464
2253,-1.4126942272940464
2254,-1.4126942272940464
2255,-1.4126942272940464
2256,-1.4126942272940464
2257,-1.4126942272940464
2258,-1.4126942272940464
2259,-1.4126942272940464
2260,-1.4126942272940464
2261,-1.4126942272940464
2262,-1.4126942272940464
2263,-1.4126942272940464
2264,-1.4126942272940464
2265,-1.4126942272940464
2266,-1.4126942272940464
2267,-1.4126942272940464
2268,-1.4126942272940464
2269,-1.4126942272940464
2270,-1.4126942272940464
2271,-1.4126942272940464
2272,-1.4126942272940464
2273,-1.4126942272940464
2274,-1.4126942272940464
2275,-1.4126942272940464
2276,-1.4126942272940464
2277,-1.4126942272940464
2278,-1.4126942272940464
2279,-1.4126942272940464
2280,-1.4126942272940464
2281,-1.4126942272940464
2282,-1.4126942272940464
2283,-1.4126942272940464
2284,-1.4126942272940464
2285,-1.4126942272940464
2286,-1.4126942272940464
2287,-1.4126942272940464
2288,-1.4126942272940464
2289,-1.4126942272940464
2290,-1.4126942272940464
2291,-1.4126942272940464
2292,-1.4126942272940464
2293,-1.4126942272940464
2294,-1.4126942272940464
2295,-1.4126942272940464
2296,-1.4126942272940464
2297,-1.4126942272940464
2298,-1.4126942272940464
2299,-1.4126942272940464
2300,-1.4126942272940464
2301,-1.4126942272940464
2302,-1.4126942272940464
2303,-1.4126942272940464
2304,-1.4126942272940464
2305,-1.4126942272940464
2306,-1.4126942272940464
2307,-1.4126942272940464
2308,-1.4126942272940464
2309,-1.4126942272940464
2310,-1.4126942272940464
2311,-1.4126942272940464
2312,-1.4126942272940464
2313,-1.4126942272940464
2314,-1.4126942272940464
2315,-1.4126942272940464
2316,-1.4126942272940464
2317,-1.4126942272940464
2318,-1.4126942272940464
2319,-1.4126942272940464
2320,-1.4126942272940464
2321,-1.4126942272940464
2322,-1.4126942272940464
2323,-1.4126942272940464
2324,-1.4126942272940464
2325,-1.4126942272940464
2326,-1.4126942272940464
2327,-1.4126942272940464
2328,-1.4126942272940464
2329,-1.4126942272940464
2330,-1.4126942272940464
2331,-1.4126942272940464
2332,-1.4126942272940464
2333,-1.4126942272940464
2334,-1.4126942272940464
2335,-1.4126942272940464
2336,-1.4126942272940464
2337,-1.4126942272940464
2338,-1.4126942272940464
2339,-1.4126942272940464
2340,-1.4126942272940464
2341,-1.4126942272940464
2342,-1.4126942272940464
2343,-1.4126942272940464
2344,-1.4126942272940464
2345,-1.4126942272940464
2346,-1.4126942272940464
2347,-1.4126942272940464
2348,-1.4126942272940464
2349,-1.4126942272940464
2350,-1.4126942272940464
2351,-1.4126942272940464
2352,-1.4126942272940464
2353,-1.4126942272940464
2354,-1.4126942272940464
2355,-1.4126942272940464
2356,-1.4126942272940464
2357,-1.4126942272940464
2358,-1.4126942272940464
2359,-1.4126942272940464
2360,-1.4126942272940464
2361,-1.4126942272940464
2362,-1.4126942272940464
2363,-1.4126942272940464
2364,-1.4126942272940464
2365,-1.4126942272940464
2366,-1.4126942272940464
2367,-1.4126942272940464
2368,-1.4126942272940464
2369,-1.4126942272940464
2370,-1.4126942272940464
2371,-1.4126942272940464
2372,-1.4126942272940464
2373,-1.4126942272940464
2374,-1.4126942272940464
2375,-1.4126942272940464
2376,-1.4126942272940464
2377,-1.4126942272940464
2378,-1.4126942272940464
2379,-1.4126942272940464
2380,-1.4126942272940464
2381,-1.4126942272940464
2382,-1.4126942272940464
2383,-1.4126942272940464
2384,-1.4126942272940464
2385,-1.4126942272940464
2386,-1.4126942272940464
2387,-1.4126942272940464
2388,-1.4126942272940464
2389,-1.4126942272940464
2390,-1.4126942272940464
2391,-1.4126942272940464
2392,-1.4126942272940464
2393,-1.4126942272940464
2394,-1.4126942272940464
2395,-1.4126942272940464
2396,-1.4126942272940464
2397,-1.4126942272940464
2398,-1.4126942272940464
2399,-1.4126942272940464
2400,-1.4126942272940464
2401,-1.4126942272940464
2402,-1.4126942272940464
2403,-1.4126942272940464
2404,-1.4126942272940464
2405,-1.4126942272940464
2406,-1.4126942272940464
2407,-1.4126942272940464
2408,-1.4126942272940464
2409,-1.4126942272940464
2410,-1.4126942272940464
2411,-1.4126942272940464
2412,-1.4126942272940464
2413,-1.4126942272940464
2414,-1.4126942272940464
2415,-1.4126942272940464
2416,-1.4126942272940464
2417,-1.4126942272940464
2418,-1.4126942272940464
2419,-1.4126942272940464
2420,-1.4126942272940464
2421,-1.4126942272940464
2422,-1.4126942272940464
2423,-1.4126942272940464
2424,-1.4126942272940464
2425,-1.4126942272940464
2426,-1.4126942272940464
2427,-1.4126942272940464
2428,-1.4126942272940464
2429,-1.4126942272940464
2430,-1.4126942272940464
2431,-1.4126942272940464
2432,-1.4126942272940464
2433,-1.4126942272940464
2434,-1.4126942272940464
2435,-1.4126942272940464
2436,-1.4126942272940464
2437,-1.4126942272940464
2438,-1.4126942272940464
2439,-1.4126942272940464
2440,-1.4126942272940464
2441,-1.4126942272940464
2442,-1.4126942272940464
2443,-1.4126942272940464
2444,-1.4126942272940464
2445,-1.4126942272940464
2446,-1.4126942272940464
2447,-1.4126942272940464
2448,-1.4126942272940464
2449,-1.4126942272940464
2450,-1.4126942272940464
2451,-1.4126942272940464
2452,-1.4126942272940464
2453,-1.4126942272940464
2454,-1.4126942272940464
2455,-1.4126942272940464
2456,-1.4126942272940464
2457,-1.4126942272940464
2458,-1.4126942272940464
2459,-1.4126942272940464
2460,-1.4126942272940464
2461,-1.4126942272940464
2462,-1.4126942272940464
2463,-1.4126942272940464
2464,-1.4126942272940464
2465,-1.4126942272940464
2466,-1.4126942272940464
2467,-1.4126942272940464
2468,-1.4126942272940464
2469,-1.4126942272940464
2470,-1.4126942272940464
2471,-1.4126942272940464
2472,-1.4126942272940464
2473,-1.4126942272940464
2474,-1.4126942272940464
2475,-1.4126942272940464
2476,-1.4126942272940464
2477,-1.4126942272940464
2478,-1.4126942272940464
2479,-1.4126942272940464
2480,-1.4126942272940464
2481,-1.4126942272940464
2482,-1.4126942272940464
2483,-1.4126942272940464
2484,-1.4126942272940464
2485,-1.4126942272940464
2486,-1.4126942272940464
2487,-1.4126942272940464
2488,-1.4126942272940464
2489,-1.4126942272940464
2490,-1.4126942272940464
2491,-1.4126942272940464
2492,-1.4126942272940464
2493,-1.4126942272940464
2494,-1.4126942272940464
2495,8.990265248477565
2496,8.990265248477565
2497,8.990265248477565
2498,8.990265248477565
2499,8.990265248477565
2500,8.990265248477565
2501,8.990265248477565
2502,8.990265248477565
2503,8.990265248477565
2504,8.990265248477565
2505,8.990265248477565
2506,8.990265248477565
2507,8.990265248477565
2508,8.990265248477565
2509,8.990265248477565
2510,8.990265248477565
2511,8.990265248477565
2512,8.990265248477565
2513,8.990265248477565
2514,8.990265248477565
2515,8.990265248477565
2516,8.990265248477565
2517,8.990265248477565
2518,8.990265248477565
2519,8.990265248477565
2520,8.990265248477565
2521,8.990265248477565
2522,8.990265248477565
2523,8.990265248477565
2524,8.990265248477565
2525,8.990265248477565
2526,8.990265248477565
2527,8.990265248477565
2528,8.990265248477565
2529,8.990265248477565
2530,8.990265248477565
2531,8.990265248477565
2532,8.990265248477565
2533,8.990265248477565
2534,8.990265248477565
2535,8.990265248477565
2536,8.990265248477565
2537,8.990265248477565
2538,8.990265248477565
2539,8.990265248477565
2540,8.990265248477565
2541,8.990265248477565
2542,8.990265248477565
2543,8.990265248477565
2544,8.990265248477565
2545,8.990265248477565
2546,8.990265248477565
2547,8.990265248477565
2548,8.990265248477565
2549,8.990265248477565
2550,8.990265248477565
2551,8.990265248477565
2552,8.990265248477565
2553,8.990265248477565
2554,8.990265248477565
2555,8.990265248477565
2556,8.990265248477565
2557,8.990265248477565
2558,8.990265248477565
2559,8.990265248477565
2560,8.990265248477565
2561,8.990265248477565
2562,8.990265248477565
2563,8.990265248477565
2564,8.990265248477565
2565,8.990265248477565
2566,8.990265248477565
2567,8.990265248477565
2568,8.990265248477565
2569,8.990265248477565
2570,8.990265248477565
2571,8.990265248477565
2572,8.990265248477565
2573,8.990265248477565
2574,8.990265248477565
2575,8.990265248477565
2576,8.990265248477565
2577,8.990265248477565
2578,8.990265248477565
2579,8.990265248477565
2580,8.990265248477565
2581,8.990265248477565
2582,8.990265248477565
2583,8.990265248477565
2584,8.990265248477565
2585,8.990265248477565
2586,8.990265248477565
2587,8.990265248477565
2588,8.990265248477565
2589,8.990265248477565
2590,8.990265248477565
2591,8.990265248477565
2592,8.990265248477565
2593,8.990265248477565
2594,8.990265248477565
2595,8.990265248477565
2596,8.990265248477565
2597,8.990265248477565
2598,8.990265248477565
2599,8.990265248477565
2600,8.990265248477565
2601,8.990265248477565
2602,8.990265248477565
2603,8.990265248477565
2604,8.990265248477565
2605,8.990265248477565
2606,8.990265248477565
2607,8.990265248477565
2608,8.990265248477565
2609,8.990265248477565
2610,8.990265248477565
2611,8.990265248477565
2612,8.990265248477565
2613,8.990265248477565
2614,8.990265248477565
2615,8.990265248477565
2616,8.990265248477565
2617,8.990265248477565
2618,8.990265248477565
2619,8.990265248477565
2620,8.990265248477565
2621,8.990265248477565
2622,8.990265248477565
2623,8.990265248477565
2624,8.990265248477565
2625,8.990265248477565
2626,8.990265248477565
2627,8.990265248477565
2628,8.990265248477565
2629,8.990265248477565
2630,8.990265248477565
2631,8.990265248477565
2632,8.990265248477565
2633,8.990265248477565
2634,8.990265248477565
2635,8.990265248477565
2636,8.990265248477565
2637,8.990265248477565
2638,8.990265248477565
2639,8.990265248477565
2640,8.990265248477565
2641,8.990265248477565
2642,8.990265248477565
2643,8.990265248477565
2644,8.990265248477565
2645,8.990265248477565
2646,8.990265248477565
2647,8.990265248477565
2648,8.990265248477565
2649,8.990265248477565
2650,8.990265248477565
2651,8.990265248477565
2652,8.990265248477565
2653,8.990265248477565
2654,8.990265248477565
2655,8.990265248477565
2656,8.990265248477565
2657,8.990265248477565
2658,8.990265248477565
2659,8.990265248477565
2660,8.990265248477565
2661,8.990265248477565
2662,8.990265248477565
2663,8.990265248477565
2664,8.990265248477565
2665,8.990265248477565
2666,8.990265248477565
2667,8.990265248477565
2668,8.990265248477565
2669,8.990265248477565
2670,8.990265248477565
2671,8.990265248477565
2672,8.990265248477565
2673,8.990265248477565
2674,8.990265248477565
2675,8.990265248477565
2676,8.990265248477565
2677,8.990265248477565
2678,8.990265248477565
2679,8.990265248477565
2680,8.990265248477565
2681,8.990265248477565
2682,8.990265248477565
2683,8.990265248477565
2684,8.990265248477565
2685,8.990265248477565
2686,8.990265248477565
2687,8.990265248477565
2688,8.990265248477565
2689,8.990265248477565
2690,8.990265248477565
2691,8.990265248477565
2692,8.990265248477565
2693,8.990265248477565
2694,8.990265248477565
2695,8.990265248477565
2696,8.990265248477565
2697,8.990265248477565
2698,8.990265248477565
2699,8.990265248477565
2700,8.990265248477565
2701,8.990265248477565
2702,8.990265248477565
2703,8.990265248477565
2704,8.990265248477565
2705,8.990265248477565
2706,8.990265248477565
2707,8.990265248477565
2708,8.990265248477565
2709,8.990265248477565
2710,8.990265248477565
2711,8.990265248477565
2712,8.990265248477565
2713,8.990265248477565
2714,8.990265248477565
2715,8.990265248477565
2716,8.990265248477565
2717,8.990265248477565
2718,8.990265248477565
2719,8.990265248477565
2720,8.990265248477565
2721,8.990265248477565
2722,8.990265248477565
2723,8.990265248477565
2724,8.990265248477565
2725,8.990265248477565
2726,8.990265248477565
2727,8.990265248477565
2728,8.990265248477565
2729,8.990265248477565
2730,8.990265248477565
2731,8.990265248477565
2732,8.990265248477565
2733,8.990265248477565
2734,8.990265248477565
2735,8.990265248477565
2736,8.990265248477565
2737,8.990265248477565
2738,8.990265248477565
2739,8.990265248477565
2740,8.990265248477565
2741,8.990265248477565
2742,8.990265248477565
2743,8.990265248477565
2744,8.990265248477565
2745,8.990265248477565
2746,8.990265248477565
2747,8.990265248477565
2748,8.990265248477565
2749,8.990265248477565
2750,8.990265248477565
2751,8.990265248477565
2752,8.990265248477565
2753,8.990265248477565
2754,8.990265248477565
2755,8.990265248477565
2756,8.990265248477565
2757,8.990265248477565
2758,8.990265248477565
2759,8.990265248477565
2760,8.990265248477565
2761,8.990265248477565
2762,8.990265248477565
2763,8.990265248477565
2764,8.990265248477565
2765,8.990265248477565
2766,8.990265248477565
2767,8.990265248477565
2768,8.990265248477565
2769,8.990265248477565
2770,8.990265248477565
2771,8.990265248477565
2772,8.990265248477565
2773,8.990265248477565
2774,8.990265248477565
2775,8.990265248477565
2776,8.990265248477565
2777,8.990265248477565
2778,8.990265248477565
2779,8.990265248477565
2780,8.990265248477565
2781,8.990265248477565
2782,8.990265248477565
2783,8.990265248477565
2784,8.990265248477565
2785,8.990265248477565
2786,8.990265248477565
2787,8.990265248477565
2788,8.990265248477565
2789,8.990265248477565
2790,8.990265248477565
2791,8.990265248477565
2792,8.990265248477565
2793,8.990265248477565
2794,8.990265248477565
2795,8.990265248477565
2796,8.990265248477565
2797,8.990265248477565
2798,8.990265248477565
2799,8.990265248477565
2800,8.990265248477565
2801,8.990265248477565
2802,8.990265248477565
2803,8.990265248477565
2804,8.990265248477565
2805,8.990265248477565
2806,8.990265248477565
2807,8.990265248477565
2808,8.990265248477565
2809,8.990265248477565
2810,8.990265248477565
2811,8.990265248477565
2812,8.990265248477565
2813,8.990265248477565
2814,8.990265248477565
2815,8.990265248477565
2816,8.990265248477565
2817,8.990265248477565
2818,8.990265248477565
2819,8.990265248477565
2820,8.990265248477565
2821,8.990265248477565
2822,8.990265248477565
2823,8.990265248477565
2824,8.990265248477565
2825,8.990265248477565
2826,8.990265248477565
2827,8.990265248477565
2828,8.990265248477565
2829,8.990265248477565
2830,8.990265248477565
2831,8.990265248477565
2832,8.990265248477565
2833,8.990265248477565
2834,8.990265248477565
2835,8.990265248477565
2836,8.990265248477565
2837,8.990265248477565
2838,8.990265248477565
2839,8.990265248477565
2840,8.990265248477565
2841,8.990265248477565
2842,8.990265248477565
2843,8.990265248477565
2844,8.990265248477565
2845,8.990265248477565
2846,8.990265248477565
2847,8.990265248477565
2848,8.990265248477565
2849,8.990265248477565
2850,8.990265248477565
2851,8.990265248477565
2852,8.990265248477565
2853,8.990265248477565
2854,8.990265248477565
2855,8.990265248477565
2856,8.990265248477565
2857,8.990265248477565
2858,8.990265248477565
2859,8.990265248477565
2860,8.990265248477565
2861,8.990265248477565
2862,8.990265248477565
2863,8.990265248477565
2864,8.990265248477565
2865,8.990265248477565
2866,8.990265248477565
2867,8.990265248477565
2868,8.990265248477565
2869,8.990265248477565
2870,8.990265248477565
2871,8.990265248477565
2872,8.990265248477565
2873,8.990265248477565
2874,8.990265248477565
2875,8.990265248477565
2876,8.990265248477565
2877,8.990265248477565
2878,8.990265248477565
2879,8.990265248477565
2880,8.990265248477565
2881,8.990265248477565
2882,8.990265248477565
2883,8.990265248477565
2884,8.990265248477565
2885,8.990265248477565
2886,8.990265248477565
2887,8.990265248477565
2888,8.990265248477565
2889,8.990265248477565
2890,8.990265248477565
2891,8.990265248477565
2892,8.990265248477565
2893,8.990265248477565
2894,8.990265248477565
2895,8.990265248477565
2896,8.990265248477565
2897,8.990265248477565
2898,8.990265248477565
2899,8.990265248477565
2900,8.990265248477565
2901,8.990265248477565
2902,8.990265248477565
2903,8.990265248477565
2904,8.990265248477565
2905,8.990265248477565
2906,8.990265248477565
2907,8.990265248477565
2908,8.990265248477565
2909,8.990265248477565
2910,8.990265248477565
2911,8.990265248477565
2912,8.990265248477565
2913,8.990265248477565
2914,8.990265248477565
2915,8.990265248477565
2916,8.990265248477565
2917,8.990265248477565
2918,8.990265248477565
2919,8.990265248477565
2920,8.990265248477565
2921,8.990265248477565
2922,8.990265248477565
2923,8.990265248477565
2924,8.990265248477565
2925,8.990265248477565
2926,8.990265248477565
2927,8.990265248477565
2928,8.990265248477565
2929,8.990265248477565
2930,8.990265248477565
2931,8.990265248477565
2932,8.990265248477565
2933,8.990265248477565
2934,8.990265248477565
2935,8.990265248477565
2936,8.990265248477565
2937,8.990265248477565
2938,8.990265248477565
2939,8.990265248477565
2940,8.990265248477565
2941,8.990265248477565
2942,8.990265248477565
2943,8.990265248477565
2944,8.990265248477565
2945,8.990265248477565
2946,8.990265248477565
2947,8.990265248477565
2948,8.990265248477565
2949,8.990265248477565
2950,8.990265248477565
2951,8.990265248477565
2952,8.990265248477565
2953,8.990265248477565
2954,8.990265248477565
2955,8.990265248477565
2956,8.990265248477565
2957,8.990265248477565
2958,8.990265248477565
2959,8.990265248477565
2960,8.990265248477565
2961,8.990265248477565
2962,8.990265248477565
2963,8.990265248477565
2964,8.990265248477565
2965,8.990265248477565
2966,8.990265248477565
2967,8.990265248477565
2968,8.990265248477565
2969,8.990265248477565
2970,8.990265248477565
2971,8.990265248477565
2972,8.990265248477565
2973,8.990265248477565
2974,8.990265248477565
2975,8.990265248477565
2976,8.990265248477565
2977,8.990265248477565
2978,8.990265248477565
2979,8.990265248477565
2980,8.990265248477565
2981,8.990265248477565
2982,8.990265248477565
2983,8.990265248477565
2984,8.990265248477565
2985,8.990265248477565
2986,8.990265248477565
2987,8.990265248477565
2988,8.990265248477565
2989,8.990265248477565
2990,8.990265248477565
2991,8.990265248477565
2992,8.990265248477565
2993,8.990265248477565
2994,8.990265248477565
2995,8.990265248477565
2996,8.990265248477565
2997,8.990265248477565
2998,8.990265248477565
2999,8.990265248477565
3000,8.990265248477565
3001,8.990265248477565
3002,8.990265248477565
3003,8.990265248477565
3004,8.990265248477565
3005,8.990265248477565
3006,8.990265248477565
3007,8.990265248477565
3008,8.990265248477565
3009,8.990265248477565
3010,8.990265248477565
3011,8.990265248477565
3012,8.990265248477565
3013,8.990265248477565
3014,8.990265248477565
3015,8.990265248477565
3016,8.990265248477565
3017,8.990265248477565
3018,8.990265248477565
3019,8.990265248477565
3020,8.990265248477565
3021,8.990265248477565
3022,8.990265248477565
3023,8.990265248477565
3024,8.990265248477565
3025,8.990265248477565
3026,8.990265248477565
3027,8.990265248477565
3028,8.990265248477565
3029,8.990265248477565
3030,8.990265248477565
3031,8.990265248477565
3032,8.990265248477565
3033,8.990265248477565
3034,8.990265248477565
3035,8.990265248477565
3036,8.990265248477565
3037,8.990265248477565
3038,8.990265248477565
3039,8.990265248477565
3040,8.990265248477565
3041,8.990265248477565
3042,8.990265248477565
3043,8.990265248477565
3044,8.990265248477565
3045,8.990265248477565
3046,8.990265248477565
3047,8.990265248477565
3048,8.990265248477565
3049,8.990265248477565
3050,8.990265248477565
3051,8.990265248477565
3052,8.990265248477565
3053,8.990265248477565
3054,8.990265248477565
3055,8.990265248477565
3056,8.990265248477565
3057,8.990265248477565
3058,8.990265248477565
3059,8.990265248477565
3060,8.990265248477565
3061,8.990265248477565
3062,8.990265248477565
3063,8.990265248477565
3064,8.990265248477565
3065,8.990265248477565
3066,8.990265248477565
3067,8.990265248477565
3068,8.990265248477565
3069,8.990265248477565
3070,8.990265248477565
3071,8.990265248477565
3072,8.990265248477565
3073,8.990265248477565
3074,8.990265248477565
3075,8.990265248477565
3076,8.990265248477565
3077,8.990265248477565
3078,8.990265248477565
3079,8.990265248477565
3080,8.990265248477565
3081,8.990265248477565
3082,8.990265248477565
3083,8.990265248477565
3084,8.990265248477565
3085,8.990265248477565
3086,8.990265248477565
3087,8.990265248477565
3088,8.990265248477565
3089,8.990265248477565
3090,8.990265248477565
3091,8.990265248477565
3092,8.990265248477565
3093,8.990265248477565
3094,8.990265248477565
3095,8.990265248477565
3096,8.990265248477565
3097,8.990265248477565
3098,8.990265248477565
3099,8.990265248477565
3100,8.990265248477565
3101,8.990265248477565
3102,8.990265248477565
3103,8.990265248477565
3104,8.990265248477565
3105,8.990265248477565
3106,8.990265248477565
3107,8.990265248477565
3108,8.990265248477565
3109,8.990265248477565
3110,8.990265248477565
3111,8.990265248477565
3112,8.990265248477565
3113,8.990265248477565
3114,8.990265248477565
3115,8.990265248477565
3116,8.990265248477565
3117,8.990265248477565
3118,8.990265248477565
3119,8.990265248477565
3120,8.990265248477565
3121,8.990265248477565
3122,8.990265248477565
3123,8.990265248477565
3124,8.990265248477565
3125,8.990265248477565
3126,8.990265248477565
3127,8.990265248477565
3128,8.990265248477565
3129,8.990265248477565
3130,8.990265248477565
3131,8.990265248477565
3132,8.990265248477565
3133,8.990265248477565
3134,8.990265248477565
3135,8.990265248477565
3136,8.990265248477565
3137,8.990265248477565
3138,8.990265248477565
3139,8.990265248477565
3140,8.990265248477565
3141,8.990265248477565
3142,8.990265248477565
3143,8.990265248477565
3144,8.990265248477565
3145,8.990265248477565
3146,8.990265248477565
3147,8.990265248477565
3148,8.990265248477565
3149,8.990265248477565
3150,8.990265248477565
3151,8.990265248477565
3152,8.990265248477565
3153,8.990265248477565
3154,8.990265248477565
3155,8.990265248477565
3156,8.990265248477565
3157,8.990265248477565
3158,8.990265248477565
3159,8.990265248477565
3160,8.990265248477565
3161,8.990265248477565
3162,8.990265248477565
3163,8.990265248477565
3164,8.990265248477565
3165,8.990265248477565
3166,8.990265248477565
3167,8.990265248477565
3168,8.990265248477565
3169,8.990265248477565
3170,8.990265248477565
3171,8.990265248477565
3172,8.990265248477565
3173,8.990265248477565
3174,8.990265248477565
3175,8.990265248477565
3176,8.990265248477565
3177,8.990265248477565
3178,8.990265248477565
3179,8.990265248477565
3180,8.990265248477565
3181,8.990265248477565
3182,8.990265248477565
3183,8.990265248477565
3184,8.990265248477565
3185,8.990265248477565
3186,8.990265248477565
3187,-19.328902213345152
3188,-19.328902213345152
3189,-19.328902213345152
3190,-19.328902213345152
3191,-19.328902213345152
3192,-19.328902213345152
3193,-19.328902213345152
3194,-19.328902213345152
3195,-19.328902213345152
3196,-19.328902213345152
3197,-19.328902213345152
3198,-19.328902213345152
3199,-19.328902213345152
3200,-19.328902213345152
3201,-19.328902213345152
3202,-19.328902213345152
3203,-19.328902213345152
3204,-19.328902213345152
3205,-19.328902213345152
3206,-19.328902213345152
3207,-19.328902213345152
3208,-19.328902213345152
3209,-19.328902213345152
3210,-19.328902213345152
3211,-19.328902213345152
3212,-19.328902213345152
3213,-19.328902213345152
3214,-19.328902213345152
3215,-19.328902213345152
3216,-19.328902213345152
3217,-19.328902213345152
3218,-19.328902213345152
3219,-19.328902213345152
3220,-19.328902213345152
3221,-19.328902213345152
3222,-19.328902213345152
3223,-19.328902213345152
3224,-19.328902213345152
3225,-19.328902213345152
3226,-19.328902213345152
3227,-19.328902213345152
3228,-19.328902213345152
3229,-19.328902213345152
3230,-19.328902213345152
3231,-19.328902213345152
3232,-19.328902213345152
3233,-19.328902213345152
3234,-19.328902213345152
3235,-19.328902213345152
3236,-19.328902213345152
3237,-19.328902213345152
3238,-19.328902213345152
3239,-19.328902213345152
3240,-19.328902213345152
3241,-19.328902213345152
3242,-19.328902213345152
3243,-19.328902213345152
3244,-19.328902213345152
3245,-19.328902213345152
3246,-19.328902213345152
3247,-19.328902213345152
3248,-19.328902213345152
3249,-19.328902213345152
3250,-19.328902213345152
3251,-19.328902213345152
3252,-19.328902213345152
3253,-19.328902213345152
3254,-19.328902213345152
3255,-19.328902213345152
3256,-19.328902213345152
3257,-19.328902213345152
3258,-19.328902213345152
3259,-19.328902213345152
3260,-19.328902213345152
3261,-19.328902213345152
3262,-19.328902213345152
3263,-19.328902213345152
3264,-19.328902213345152
3265,-19.328902213345152
3266,-19.328902213345152
3267,-19.328902213345152
3268,-19.328902213345152
3269,-19.328902213345152
3270,-19.328902213345152
3271,-19.328902213345152
3272,-19.328902213345152
3273,-19.328902213345152
3274,-19.328902213345152
3275,-19.328902213345152
3276,-19.328902213345152
3277,-19.328902213345152
3278,-19.328902213345152
3279,-19.328902213345152
3280,-19.328902213345152
3281,-19.328902213345152
3282,-19.328902213345152
3283,-19.328902213345152
3284,-19.328902213345152
3285,-19.328902213345152
3286,-19.328902213345152
3287,-19.328902213345152
3288,-19.328902213345152
3289,-19.328902213345152
3290,-20.532948448966867
3291,-20.532948448966867
3292,-20.532948448966867
3293,-20.532948448966867
3294,-20.532948448966867
3295,-20.532948448966867
3296,-20.532948448966867
3297,-20.532948448966867
3298,-20.532948448966867
3299,-20.532948448966867
3300,-20.532948448966867
3301,-20.532948448966867
3302,-20.532948448966867
3303,-20.532948448966867
3304,-20.532948448966867
3305,-20.532948448966867
3306,-20.532948448966867
3307,-20.532948448966867
3308,-20.532948448966867
3309,-20.532948448966867
3310,-20.532948448966867
3311,-20.532948448966867
3312,-20.532948448966867
3313,-15.764925355904879
3314,-15.764925355904879
3315,-15.764925355904879
3316,-15.764925355904879
3317,-15.764925355904879
3318,-15.764925355904879
3319,-15.764925355904879
3320,-15.764925355904879
3321,-15.764925355904879
3322,-15.764925355904879
3323,-15.764925355904879
3324,-15.764925355904879
3325,-15.764925355904879
3326,-15.764925355904879
3327,-15.764925355904879
3328,-15.764925355904879
3329,-15.764925355904879
3330,-15.764925355904879
3331,-15.764925355904879
3332,-15.764925355904879
3333,-15.764925355904879
3334,-15.764925355904879
3335,-15.764925355904879
3336,-15.764925355904879
3337,-15.764925355904879
3338,-15.764925355904879
3339,-15.764925355904879
3340,-15.764925355904879
3341,-15.764925355904879
3342,-15.764925355904879
3343,-15.764925355904879
3344,-15.764925355904879
3345,-15.764925355904879
3346,-15.764925355904879
3347,-15.764925355904879
3348,-15.764925355904879
3349,-15.764925355904879
3350,-15.764925355904879
3351,-15.764925355904879
3352,-15.764925355904879
3353,-15.764925355904879
3354,-15.764925355904879
3355,-15.764925355904879
3356,-15.764925355904879
3357,-15.764925355904879
3358,-15.764925355904879
3359,-15.764925355904879
3360,-15.764925355904879
3361,-15.764925355904879
3362,-15.764925355904879
3363,-15.764925355904879
3364,-15.764925355904879
3365,-15.764925355904879
3366,-15.764925355904879
3367,-15.764925355904879
3368,-15.764925355904879
3369,-15.764925355904879
3370,-15.764925355904879
3371,-15.764925355904879
3372,-15.764925355904879
3373,-15.764925355904879
3374,-15.764925355904879
3375,-15.764925355904879
3376,-15.764925355904879
3377,-15.764925355904879
3378,-15.764925355904879
3379,-15.764925355904879
3380,-15.764925355904879
3381,-15.764925355904879
3382,-15.764925355904879
3383,-15.764925355904879
3384,-15.764925355904879
3385,-15.764925355904879
3386,-15.764925355904879
3387,-15.764925355904879
3388,-15.764925355904879
3389,-15.764925355904879
3390,-15.764925355904879
3391,-15.764925355904879
3392,-15.764925355904879
3393,-15.764925355904879
3394,-15.764925355904879
3395,-15.764925355904879
3396,-15.764925355904879
3397,-15.764925355904879
3398,-15.764925355904879
3399,-15.764925355904879
3400,-15.764925355904879
3401,-15.764925355904879
3402,-15.764925355904879
3403,-15.764925355904879
3404,-15.764925355904879
3405,-15.764925355904879
3406,-15.764925355904879
3407,-15.764925355904879
3408,-15.764925355904879
3409,-15.764925355904879
3410,-15.764925355904879
3411,-15.764925355904879
3412,-15.764925355904879
3413,-15.764925355904879
3414,-15.764925355904879
3415,-15.764925355904879
3416,-15.764925355904879
3417,-15.764925355904879
3418,-15.764925355904879
3419,-15.764925355904879
3420,-15.764925355904879
3421,-15.764925355904879
3422,-15.764925355904879
3423,-15.764925355904879
3424,-15.764925355904879
3425,-15.764925355904879
3426,-15.764925355904879
3427,-15.764925355904879
3428,-15.764925355904879
3429,-15.764925355904879
3430,-15.764925355904879
3431,-15.764925355904879
3432,-15.764925355904879
3433,-15.764925355904879
3434,-15.764925355904879
3435,-15.764925355904879
3436,-15.764925355904879
3437,-15.764925355904879
3438,-15.764925355904879
3439,-15.764925355904879
3440,-15.764925355904879
3441,-15.764925355904879
3442,-15.764925355904879
3443,-15.764925355904879
3444,-15.764925355904879
3445,-15.764925355904879
3446,-15.764925355904879
3447,-15.764925355904879
3448,-15.764925355904879
3449,-15.764925355904879
3450,-15.764925355904879
3451,-15.764925355904879
3452,-15.764925355904879
3453,-15.764925355904879
3454,-15.764925355904879
3455,-15.764925355904879
3456,-15.764925355904879
3457,-15.764925355904879
3458,-15.764925355904879
3459,-15.764925355904879
3460,-15.764925355904879
3461,-15.764925355904879
3462,-15.764925355904879
3463,-15.764925355904879
3464,-15.764925355904879
3465,-15.764925355904879
3466,-15.764925355904879
3467,-15.764925355904879
3468,-15.764925355904879
3469,-15.764925355904879
3470,-15.764925355904879
3471,-15.764925355904879
3472,-15.764925355904879
3473,-15.764925355904879
3474,-15.764925355904879
3475,-15.764925355904879
3476,-15.764925355904879
3477,-15.764925355904879
3478,-15.764925355904879
3479,-15.764925355904879
3480,-15.764925355904879
3481,-15.764925355904879
3482,-15.764925355904879
3483,-15.764925355904879
3484,-15.764925355904879
3485,-15.764925355904879
3486,-15.764925355904879
3487,-15.764925355904879
3488,-15.764925355904879
3489,-15.764925355904879
3490,-15.764925355904879
3491,-15.764925355904879
3492,-15.764925355904879
3493,-15.764925355904879
3494,-15.764925355904879
3495,-15.764925355904879
3496,-15.764925355904879
3497,-15.764925355904879
3498,-15.764925355904879
3499,-15.764925355904879
3500,-15.764925355904879
3501,-15.764925355904879
3502,-15.764925355904879
3503,-15.764925355904879
3504,-15.764925355904879
3505,-15.764925355904879
3506,-15.764925355904879
3507,-15.764925355904879
3508,-15.764925355904879
3509,-15.764925355904879
3510,-15.764925355904879
3511,-15.764925355904879
3512,-15.764925355904879
3513,-15.764925355904879
3514,-15.764925355904879
3515,-15.764925355904879
3516,-15.764925355904879
3517,-15.764925355904879
3518,-15.764925355904879
3519,-15.764925355904879
3520,-15.764925355904879
3521,-15.764925355904879
3522,-15.764925355904879
3523,-15.764925355904879
3524,-15.764925355904879
3525,-15.764925355904879
3526,-15.764925355904879
3527,-15.764925355904879
3528,-15.764925355904879
3529,-15.764925355904879
3530,-15.764925355904879
3531,-15.764925355904879
3532,-15.764925355904879
3533,-15.764925355904879
3534,-15.764925355904879
3535,-15.764925355904879
3536,-15.764925355904879
3537,-15.764925355904879
3538,-15.764925355904879
3539,-15.764925355904879
3540,-15.764925355904879
3541,-15.764925355904879
3542,-15.764925355904879
3543,-15.764925355904879
3544,-15.764925355904879
3545,-15.764925355904879
3546,-15.764925355904879
3547,-15.764925355904879
3548,-15.764925355904879
3549,-15.764925355904879
3550,-15.764925355904879
3551,-15.764925355904879
3552,-15.764925355904879
3553,-15.764925355904879
3554,-15.764925355904879
3555,-15.764925355904879
3556,-15.764925355904879
3557,-15.764925355904879
3558,-15.764925355904879
3559,-15.764925355904879
3560,-15.764925355904879
3561,-15.764925355904879
3562,-15.764925355904879
3563,-15.764925355904879
3564,-15.764925355904879
3565,-15.764925355904879
3566,-15.764925355904879
3567,-15.764925355904879
3568,-15.764925355904879
3569,-15.764925355904879
3570,-15.764925355904879
3571,-15.764925355904879
3572,-15.764925355904879
3573,-15.764925355904879
3574,-15.764925355904879
3575,-15.764925355904879
3576,-15.764925355904879
3577,-15.764925355904879
3578,-15.764925355904879
3579,-15.764925355904879
3580,-15.764925355904879
3581,-15.764925355904879
3582,-15.764925355904879
3583,-15.764925355904879
3584,-15.764925355904879
3585,-15.764925355904879
3586,-15.764925355904879
3587,-15.764925355904879
3588,-15.764925355904879
3589,-15.764925355904879
3590,-15.764925355904879
3591,-15.764925355904879
3592,-15.764925355904879
3593,-15.764925355904879
3594,-15.764925355904879
3595,-15.764925355904879
3596,-15.764925355904879
3597,-15.764925355904879
3598,-15.764925355904879
3599,-15.764925355904879
3600,-15.764925355904879
3601,-15.764925355904879
3602,-15.764925355904879
3603,-15.764925355904879
3604,-15.764925355904879
3605,-15.764925355904879
3606,-15.764925355904879
3607,-15.764925355904879
3608,-15.764925355904879
3609,-15.764925355904879
3610,-15.764925355904879
3611,-15.764925355904879
3612,-15.764925355904879
3613,-15.764925355904879
3614,-15.764925355904879
3615,-15.764925355904879
3616,-15.764925355904879
3617,-15.764925355904879
3618,-15.764925355904879
3619,-15.764925355904879
3620,-15.764925355904879
3621,-15.764925355904879
3622,-15.764925355904879
3623,-15.764925355904879
3624,-15.764925355904879
3625,-15.764925355904879
3626,-15.764925355904879
3627,-15.764925355904879
3628,-15.764925355904879
3629,-15.764925355904879
3630,-15.764925355904879
3631,-15.764925355904879
3632,-15.764925355904879
3633,-15.764925355904879
3634,-15.764925355904879
3635,-15.764925355904879
3636,-15.764925355904879
3637,-15.764925355904879
3638,-15.764925355904879
3639,-15.764925355904879
3640,-15.764925355904879
3641,-15.764925355904879
3642,-15.764925355904879
3643,-15.764925355904879
3644,-15.764925355904879
3645,-15.764925355904879
3646,-15.764925355904879
3647,-15.764925355904879
3648,-15.764925355904879
3649,-15.764925355904879
3650,-15.764925355904879
3651,-15.764925355904879
3652,-15.764925355904879
3653,-15.764925355904879
3654,-15.764925355904879
3655,-15.764925355904879
3656,-15.764925355904879
3657,-15.764925355904879
3658,-15.764925355904879
3659,-15.764925355904879
3660,-15.764925355904879
3661,-15.764925355904879
3662,-15.764925355904879
3663,-15.764925355904879
3664,-15.764925355904879
3665,-15.764925355904879
3666,-15.764925355904879
3667,-15.764925355904879
3668,-15.764925355904879
3669,-15.764925355904879
3670,-15.764925355904879
3671,-15.764925355904879
3672,-15.764925355904879
3673,-15.764925355904879
3674,-15.764925355904879
3675,-15.764925355904879
3676,-15.764925355904879
3677,-15.764925355904879
3678,-15.764925355904879
3679,-15.764925355904879
3680,-15.764925355904879
3681,-15.764925355904879
3682,-15.764925355904879
3683,-15.764925355904879
3684,-15.764925355904879
3685,-15.764925355904879
3686,-15.764925355904879
3687,-15.764925355904879
3688,-15.764925355904879
3689,-15.764925355904879
3690,-15.764925355904879
3691,-15.764925355904879
3692,-15.764925355904879
3693,-15.764925355904879
3694,-15.764925355904879
3695,-15.764925355904879
3696,-15.764925355904879
3697,-15.764925355904879
3698,-15.764925355904879
3699,-15.764925355904879
3700,-15.764925355904879
3701,-15.764925355904879
3702,-15.764925355904879
3703,-15.764925355904879
3704,-15.764925355904879
3705,-15.764925355904879
3706,-15.764925355904879
3707,-15.764925355904879
3708,-15.764925355904879
3709,-15.764925355904879
3710,-15.764925355904879
3711,-15.764925355904879
3712,-15.764925355904879
3713,-15.764925355904879
3714,-15.764925355904879
3715,-15.764925355904879
3716,-15.764925355904879
3717,-15.764925355904879
3718,-15.764925355904879
3719,-15.764925355904879
3720,-15.764925355904879
3721,-15.764925355904879
3722,-15.764925355904879
3723,-15.764925355904879
3724,-15.764925355904879
3725,-15.764925355904879
3726,-15.764925355904879
3727,-15.764925355904879
3728,-15.764925355904879
3729,-15.764925355904879
3730,-15.764925355904879
3731,-15.764925355904879
3732,-15.764925355904879
3733,-15.764925355904879
3734,-15.764925355904879
3735,-15.764925355904879
3736,-15.764925355904879
3737,-15.764925355904879
3738,-15.764925355904879
3739,-15.764925355904879
3740,-15.764925355904879
3741,-15.764925355904879
3742,-15.764925355904879
3743,-15.764925355904879
3744,-15.764925355904879
3745,-15.764925355904879
3746,-15.764925355904879
3747,-15.764925355904879
3748,-15.764925355904879
3749,-15.764925355904879
3750,-15.764925355904879
3751,-15.764925355904879
3752,-15.764925355904879
3753,-15.764925355904879
3754,-15.764925355904879
3755,-15.764925355904879
3756,-15.764925355904879
3757,-15.764925355904879
3758,-15.764925355904879
3759,-15.764925355904879
3760,-15.764925355904879
3761,-15.764925355904879
3762,-15.764925355904879
3763,-15.764925355904879
3764,-15.764925355904879
3765,-15.764925355904879
3766,-15.764925355904879
3767,-15.764925355904879
3768,-15.764925355904879
3769,-15.764925355904879
3770,-15.764925355904879
3771,-15.764925355904879
3772,-15.764925355904879
3773,-15.764925355904879
3774,-15.764925355904879
3775,-15.764925355904879
3776,-15.764925355904879
3777,-15.764925355904879
3778,-15.764925355904879
3779,-15.764925355904879
3780,-15.764925355904879
3781,-15.764925355904879
3782,-15.764925355904879
3783,-15.764925355904879
3784,-15.764925355904879
3785,-15.764925355904879
3786,-15.764925355904879
3787,-15.764925355904879
3788,-15.764925355904879
3789,-15.764925355904879
3790,-15.764925355904879
3791,-15.764925355904879
3792,-15.764925355904879
3793,-15.764925355904879
3794,-15.764925355904879
3795,-15.764925355904879
3796,-15.764925355904879
3797,-15.764925355904879
3798,-15.764925355904879
3799,-15.764925355904879
3800,-5.217480331858663
3801,-5.217480331858663
3802,-5.217480331858663
3803,-5.217480331858663
3804,-5.217480331858663
3805,-5.217480331858663
3806,-5.217480331858663
3807,-5.217480331858663
3808,-5.217480331858663
3809,-5.217480331858663
3810,-5.217480331858663
3811,-5.217480331858663
3812,-5.217480331858663
3813,-5.217480331858663
3814,-5.217480331858663
3815,-5.217480331858663
3816,-5.217480331858663
3817,-5.217480331858663
3818,-5.217480331858663
3819,-5.217480331858663
3820,-5.217480331858663
3821,-5.217480331858663
3822,-5.217480331858663
3823,-5.217480331858663
3824,-5.217480331858663
3825,-5.217480331858663
3826,-5.217480331858663
3827,-5.217480331858663
3828,-5.217480331858663
3829,-5.217480331858663
3830,-5.217480331858663
3831,-5.217480331858663
3832,-5.217480331858663
3833,-5.217480331858663
3834,-5.217480331858663
3835,-5.217480331858663
3836,-5.217480331858663
3837,-5.217480331858663
3838,-5.217480331858663
3839,-5.217480331858663
3840,-5.217480331858663
3841,-5.217480331858663
3842,-5.217480331858663
3843,-5.217480331858663
3844,-5.217480331858663
3845,-5.217480331858663
3846,-5.217480331858663
3847,-5.217480331858663
3848,-5.217480331858663
3849,-5.217480331858663
3850,-5.217480331858663
3851,-5.217480331858663
3852,-5.217480331858663
3853,-5.217480331858663
3854,-5.217480331858663
3855,-5.217480331858663
3856,-5.217480331858663
3857,-5.217480331858663
3858,-5.217480331858663
3859,-5.217480331858663
3860,-5.217480331858663
3861,-5.217480331858663
3862,-5.217480331858663
3863,-5.217480331858663
3864,-5.217480331858663
3865,-5.217480331858663
3866,-5.217480331858663
3867,-5.217480331858663
3868,-5.217480331858663
3869,-5.217480331858663
3870,-5.217480331858663
3871,-5.217480331858663
3872,-5.217480331858663
3873,-5.217480331858663
3874,-5.217480331858663
3875,-5.217480331858663
3876,-5.217480331858663
3877,-5.217480331858663
3878,-5.217480331858663
3879,-5.217480331858663
3880,-5.217480331858663
3881,-5.217480331858663
3882,-5.217480331858663
3883,-5.217480331858663
3884,-5.217480331858663
3885,-5.217480331858663
3886,-5.217480331858663
3887,-5.217480331858663
3888,-5.217480331858663
3889,-5.217480331858663
3890,-5.217480331858663
3891,-5.217480331858663
3892,-5.217480331858663
3893,-5.217480331858663
3894,-5.217480331858663
3895,-5.217480331858663
3896,-5.217480331858663
3897,-5.217480331858663
3898,-5.217480331858663
3899,-5.217480331858663
3900,-5.217480331858663
3901,-5.217480331858663
3902,-5.217480331858663
3903,-5.217480331858663
3904,-5.217480331858663
3905,-5.217480331858663
3906,-5.217480331858663
3907,-5.217480331858663
3908,-5.217480331858663
3909,-5.217480331858663
3910,-5.217480331858663
3911,-5.217480331858663
3912,-5.217480331858663
3913,-5.217480331858663
3914,-5.217480331858663
3915,-5.217480331858663
3916,-5.217480331858663
3917,-5.217480331858663
3918,-5.217480331858663
3919,-5.217480331858663
3920,-5.217480331858663
3921,-5.217480331858663
3922,-5.217480331858663
3923,-5.217480331858663
3924,-5.217480331858663
3925,-5.217480331858663
3926,-5.217480331858663
3927,-5.217480331858663
3928,-5.217480331858663
3929,-5.217480331858663
3930,-5.217480331858663
3931,-5.217480331858663
3932,-5.217480331858663
3933,-5.217480331858663
3934,-5.217480331858663
3935,-5.217480331858663
3936,-5.217480331858663
3937,-5.217480331858663
3938,-5.217480331858663
3939,-5.217480331858663
3940,-5.217480331858663
3941,-5.217480331858663
3942,-5.217480331858663
3943,-5.217480331858663
3944,-5.217480331858663
3945,-5.217480331858663
3946,-5.217480331858663
3947,-5.217480331858663
3948,-5.217480331858663
3949,-5.217480331858663
3950,-5.217480331858663
3951,-5.217480331858663
3952,-5.217480331858663
3953,-5.217480331858663
3954,-5.217480331858663
3955,-5.217480331858663
3956,-5.217480331858663
3957,-5.217480331858663
3958,-5.217480331858663
3959,-5.217480331858663
3960,-5.217480331858663
3961,-5.217480331858663
3962,-5.217480331858663
3963,-5.217480331858663
3964,-5.217480331858663
3965,-5.217480331858663
3966,-5.217480331858663
3967,-5.217480331858663
3968,-5.217480331858663
3969,-5.217480331858663
3970,-5.217480331858663
3971,-5.217480331858663
3972,-5.217480331858663
3973,-5.217480331858663
3974,-5.217480331858663
3975,-5.217480331858663
3976,-5.217480331858663
3977,-5.217480331858663
3978,-5.217480331858663
3979,-5.217480331858663
3980,-5.217480331858663
3981,-5.217480331858663
3982,-5.217480331858663
3983,-5.217480331858663
3984,-5.217480331858663
3985,-5.217480331858663
3986,-5.217480331858663
3987,-5.217480331858663
3988,-5.217480331858663
3989,-5.217480331858663
3990,-5.217480331858663
3991,-5.217480331858663
3992,-5.217480331858663
3993,-5.217480331858663
3994,-5.217480331858663
3995,-5.217480331858663
3996,-5.217480331858663
3997,-5.217480331858663
3998,-5.217480331858663
3999,-5.217480331858663
4000,-5.217480331858663
4001,-5.217480331858663
4002,-5.217480331858663
4003,-5.217480331858663
4004,-5.217480331858663
4005,-5.217480331858663
4006,-5.217480331858663
4007,-5.217480331858663
4008,-5.217480331858663
4009,-5.217480331858663
4010,-5.217480331858663
4011,-5.217480331858663
4012,-5.217480331858663
4013,-5.217480331858663
4014,-5.217480331858663
4015,-5.217480331858663
4016,-5.217480331858663
4017,-5.217480331858663
4018,-5.217480331858663
4019,-5.217480331858663
4020,-5.217480331858663
4021,-5.217480331858663
4022,-5.217480331858663
4023,-5.217480331858663
4024,-5.217480331858663
4025,-5.217480331858663
4026,-5.217480331858663
4027,-5.217480331858663
4028,-5.217480331858663
4029,-5.217480331858663
4030,-5.217480331858663
4031,-5.217480331858663
4032,-5.217480331858663
4033,-5.217480331858663
4034,-5.217480331858663
4035,-5.217480331858663
4036,-5.217480331858663
4037,-5.217480331858663
4038,-5.217480331858663
4039,-5.217480331858663
4040,-5.217480331858663
4041,-5.217480331858663
4042,-5.217480331858663
4043,-5.217480331858663
4044,-5.217480331858663
4045,-5.217480331858663
4046,-5.217480331858663
4047,-5.217480331858663
4048,-5.217480331858663
4049,-5.217480331858663
4050,-5.217480331858663
4051,-5.217480331858663
4052,-5.217480331858663
4053,-5.217480331858663
4054,-5.217480331858663
4055,-5.217480331858663
4056,-5.217480331858663
4057,-5.217480331858663
4058,-5.217480331858663
4059,-5.217480331858663
4060,-5.217480331858663
4061,-5.217480331858663
4062,-5.217480331858663
4063,-5.217480331858663
4064,-5.217480331858663
4065,-5.217480331858663
4066,-5.217480331858663
4067,-5.217480331858663
4068,-5.217480331858663
4069,-5.217480331858663
4070,-5.217480331858663
4071,-5.217480331858663
4072,-5.217480331858663
4073,-5.217480331858663
4074,-5.217480331858663
4075,-5.217480331858663
4076,-5.217480331858663
4077,-5.217480331858663
4078,-5.217480331858663
4079,-5.217480331858663
4080,-5.217480331858663
4081,-5.217480331858663
4082,-5.217480331858663
4083,-5.217480331858663
4084,-5.217480331858663
4085,-5.217480331858663
4086,-5.217480331858663
4087,-5.217480331858663
4088,-5.217480331858663
4089,-5.217480331858663
4090,-5.217480331858663
4091,-5.217480331858663
4092,-5.217480331858663
4093,-5.217480331858663
4094,-5.217480331858663
4095,-5.217480331858663
4096,-5.217480331858663
4097,-5.217480331858663
4098,-5.217480331858663
4099,-5.217480331858663
4100,-5.217480331858663
4101,-5.217480331858663
4102,-5.217480331858663
4103,-5.217480331858663
4104,-5.217480331858663
4105,-5.217480331858663
4106,-5.217480331858663
4107,-5.217480331858663
4108,-5.217480331858663
4109,-5.217480331858663
4110,-5.217480331858663
4111,-5.217480331858663
4112,-5.217480331858663
4113,-5.217480331858663
4114,-5.217480331858663
4115,-5.217480331858663
4116,-5.217480331858663
4117,-5.217480331858663
4118,-5.217480331858663
4119,-5.217480331858663
4120,-5.217480331858663
4121,-5.217480331858663
4122,-5.217480331858663
4123,-5.217480331858663
4124,-5.217480331858663
4125,-5.217480331858663
4126,-5.217480331858663
4127,-5.217480331858663
4128,-5.217480331858663
4129,-5.217480331858663
4130,-5.217480331858663
4131,-5.217480331858663
4132,-5.217480331858663
4133,-5.217480331858663
4134,-5.217480331858663
4135,-5.217480331858663
4136,-5.217480331858663
4137,-5.217480331858663
4138,-5.217480331858663
4139,-5.217480331858663
4140,-5.217480331858663
4141,-5.217480331858663
4142,-5.217480331858663
4143,-5.217480331858663
4144,-5.217480331858663
4145,-5.217480331858663
4146,-5.217480331858663
4147,-5.217480331858663
4148,-5.217480331858663
4149,-5.217480331858663
4150,-5.217480331858663
4151,-5.217480331858663
4152,-5.217480331858663
4153,-5.217480331858663
4154,-5.217480331858663
4155,-5.217480331858663
4156,-5.217480331858663
4157,-5.217480331858663
4158,-5.217480331858663
4159,-5.217480331858663
4160,-5.217480331858663
4161,-5.217480331858663
4162,-5.217480331858663
4163,-5.217480331858663
4164,-5.217480331858663
4165,-5.217480331858663
4166,-5.217480331858663
4167,-5.217480331858663
4168,-5.217480331858663
4169,-5.217480331858663
4170,-5.217480331858663
4171,-5.217480331858663
4172,-5.217480331858663
4173,-5.217480331858663
4174,-5.217480331858663
4175,-5.217480331858663
4176,-5.217480331858663
4177,-5.217480331858663
4178,-5.217480331858663
4179,-5.217480331858663
4180,-5.217480331858663
4181,-5.217480331858663
4182,-5.217480331858663
4183,-5.217480331858663
4184,-5.217480331858663
4185,-5.217480331858663
4186,-5.217480331858663
4187,-5.217480331858663
4188,-5.217480331858663
4189,-5.217480331858663
4190,-5.217480331858663
4191,-5.217480331858663
4192,-5.217480331858663
4193,-5.217480331858663
4194,-5.217480331858663
4195,-5.217480331858663
4196,-5.217480331858663
4197,-5.217480331858663
4198,-5.217480331858663
4199,-5.217480331858663
4200,-5.217480331858663
4201,-5.217480331858663
4202,-5.217480331858663
4203,-5.217480331858663
4204,-5.217480331858663
4205,-5.217480331858663
4206,-5.217480331858663
4207,-5.217480331858663
4208,-5.217480331858663
4209,-5.217480331858663
4210,-5.217480331858663
4211,-5.217480331858663
4212,-5.217480331858663
4213,-5.217480331858663
4214,-5.217480331858663
4215,-5.217480331858663
4216,-5.217480331858663
4217,-5.217480331858663
4218,-5.217480331858663
4219,-5.217480331858663
4220,-5.217480331858663
4221,-5.217480331858663
4222,-5.217480331858663
4223,-5.217480331858663
4224,-5.217480331858663
4225,-5.217480331858663
4226,-5.217480331858663
4227,-5.217480331858663
4228,-5.217480331858663
4229,-5.217480331858663
4230,-5.217480331858663
4231,-5.217480331858663
4232,-5.217480331858663
4233,-5.217480331858663
4234,-5.217480331858663
4235,-5.217480331858663
4236,-5.217480331858663
4237,-5.217480331858663
4238,-5.217480331858663
4239,-5.217480331858663
4240,-5.217480331858663
4241,-5.217480331858663
4242,-5.217480331858663
4243,-5.217480331858663
4244,-5.217480331858663
4245,-5.217480331858663
4246,-5.217480331858663
4247,-5.217480331858663
4248,-5.217480331858663
4249,-5.217480331858663
4250,-5.217480331858663
4251,-5.217480331858663
4252,-5.217480331858663
4253,-5.217480331858663
4254,-5.217480331858663
4255,-5.217480331858663
4256,-5.217480331858663
4257,-5.217480331858663
4258,-5.217480331858663
4259,-5.217480331858663
4260,-5.217480331858663
4261,-5.217480331858663
4262,-5.217480331858663
4263,-5.217480331858663
4264,-5.217480331858663
4265,-5.217480331858663
4266,-5.217480331858663
4267,-5.217480331858663
4268,-5.217480331858663
4269,-5.217480331858663
4270,-5.217480331858663
4271,-5.217480331858663
4272,-5.217480331858663
4273,-5.217480331858663
4274,-5.217480331858663
4275,-5.217480331858663
4276,-5.217480331858663
4277,-5.217480331858663
4278,-5.217480331858663
4279,-5.217480331858663
4280,-5.217480331858663
4281,-5.217480331858663
4282,-5.217480331858663
4283,-5.217480331858663
4284,-5.217480331858663
4285,-5.217480331858663
4286,-5.217480331858663
4287,-5.217480331858663
4288,-5.217480331858663
4289,-5.217480331858663
4290,-5.217480331858663
4291,-5.217480331858663
4292,-5.217480331858663
4293,-5.217480331858663
4294,-5.217480331858663
4295,-5.217480331858663
4296,-5.217480331858663
4297,-5.217480331858663
4298,-5.217480331858663
4299,-5.217480331858663
4300,-5.217480331858663
4301,-5.217480331858663
4302,-5.217480331858663
4303,-5.217480331858663
4304,-5.217480331858663
4305,-5.217480331858663
4306,-5.217480331858663
4307,-5.217480331858663
4308,-5.217480331858663
4309,-5.217480331858663
4310,-5.217480331858663
4311,-5.217480331858663
4312,-5.217480331858663
4313,-5.217480331858663
4314,-5.217480331858663
4315,-5.217480331858663
4316,-5.217480331858663
4317,-5.217480331858663
4318,-5.217480331858663
4319,-5.217480331858663
4320,-5.217480331858663
4321,-5.217480331858663
4322,-5.217480331858663
4323,-5.217480331858663
4324,-5.217480331858663
4325,-5.217480331858663
4326,-5.217480331858663
4327,-5.217480331858663
4328,-5.217480331858663
4329,-5.217480331858663
4330,-5.217480331858663
4331,-5.217480331858663
4332,-5.217480331858663
4333,-5.217480331858663
4334,-5.217480331858663
4335,-5.217480331858663
4336,-5.217480331858663
4337,-5.217480331858663
4338,-5.217480331858663
4339,-5.217480331858663
4340,-5.217480331858663
4341,-5.217480331858663
4342,-5.217480331858663
4343,-5.217480331858663
4344,-5.217480331858663
4345,-5.217480331858663
4346,-5.217480331858663
4347,-5.217480331858663
4348,-5.217480331858663
4349,-5.217480331858663
4350,-5.217480331858663
4351,-5.217480331858663
4352,-5.217480331858663
4353,-5.217480331858663
4354,-5.217480331858663
4355,-5.217480331858663
4356,-5.217480331858663
4357,-5.217480331858663
4358,-5.217480331858663
4359,-5.217480331858663
4360,-5.217480331858663
4361,-5.217480331858663
4362,-5.217480331858663
4363,-5.217480331858663
4364,-5.217480331858663
4365,-5.217480331858663
4366,-5.217480331858663
4367,-5.217480331858663
4368,-5.217480331858663
4369,-5.217480331858663
4370,-5.217480331858663
4371,-5.217480331858663
4372,-5.217480331858663
4373,-5.217480331858663
4374,-5.217480331858663
4375,-5.217480331858663
4376,-5.217480331858663
4377,-5.217480331858663
4378,-5.217480331858663
4379,-5.217480331858663
4380,-5.217480331858663
4381,-5.217480331858663
4382,-5.217480331858663
4383,-5.217480331858663
4384,-5.217480331858663
4385,-5.217480331858663
4386,-5.217480331858663
4387,-5.217480331858663
4388,-5.217480331858663
4389,-5.217480331858663
4390,-5.217480331858663
4391,-5.217480331858663
4392,-5.217480331858663
4393,-5.217480331858663
4394,-5.217480331858663
4395,-5.217480331858663
4396,-5.217480331858663
4397,-5.217480331858663
4398,-5.217480331858663
4399,-5.217480331858663
4400,-5.217480331858663
4401,-5.217480331858663
4402,-5.217480331858663
4403,-5.217480331858663
4404,-5.217480331858663
4405,-5.217480331858663
4406,-5.217480331858663
4407,-5.217480331858663
4408,-5.217480331858663
4409,-5.217480331858663
4410,-5.217480331858663
4411,-5.217480331858663
4412,-5.217480331858663
4413,-5.217480331858663
4414,-5.217480331858663
4415,-5.217480331858663
4416,-5.217480331858663
4417,-5.217480331858663
4418,-5.217480331858663
4419,-5.217480331858663
4420,-5.217480331858663
4421,-5.217480331858663
4422,-5.217480331858663
4423,-5.217480331858663
4424,-5.217480331858663
4425,-5.217480331858663
4426,-5.217480331858663
4427,-5.217480331858663
4428,-5.217480331858663
4429,-5.217480331858663
4430,-5.217480331858663
4431,-5.217480331858663
4432,-5.217480331858663
4433,-5.217480331858663
4434,-5.217480331858663
4435,-5.217480331858663
4436,-5.217480331858663
4437,-5.217480331858663
4438,-5.217480331858663
4439,-5.217480331858663
4440,-5.217480331858663
4441,-5.217480331858663
4442,-5.217480331858663
4443,-5.217480331858663
4444,11.639166966845336
4445,11.639166966845336
4446,11.639166966845336
4447,11.639166966845336
4448,11.639166966845336
4449,11.639166966845336
4450,11.639166966845336
4451,11.639166966845336
4452,11.639166966845336
4453,11.639166966845336
4454,11.639166966845336
4455,11.639166966845336
4456,11.639166966845336
4457,11.639166966845336
4458,11.639166966845336
4459,11.639166966845336
4460,11.639166966845336
4461,11.639166966845336
4462,11.639166966845336
4463,11.639166966845336
4464,11.639166966845336
4465,11.639166966845336
4466,11.639166966845336
4467,11.639166966845336
4468,11.639166966845336
4469,11.639166966845336
4470,11.639166966845336
4471,11.639166966845336
4472,11.639166966845336
4473,11.639166966845336
4474,11.639166966845336
4475,11.639166966845336
4476,11.639166966845336
4477,11.639166966845336
4478,11.639166966845336
4479,11.639166966845336
4480,11.639166966845336
4481,11.639166966845336
4482,11.639166966845336
4483,11.639166966845336
4484,11.639166966845336
4485,11.639166966845336
4486,11.639166966845336
4487,11.639166966845336
4488,11.639166966845336
4489,11.639166966845336
4490,11.639166966845336
4491,11.639166966845336
4492,11.639166966845336
4493,11.639166966845336
4494,11.639166966845336
4495,11.639166966845336
4496,11.639166966845336
4497,11.639166966845336
4498,11.639166966845336
4499,11.639166966845336
4500,11.639166966845336
4501,11.639166966845336
4502,11.639166966845336
4503,11.639166966845336
4504,11.639166966845336
4505,11.639166966845336
4506,11.639166966845336
4507,11.639166966845336
4508,11.639166966845336
4509,11.639166966845336
4510,11.639166966845336
4511,11.639166966845336
4512,11.639166966845336
4513,11.639166966845336
4514,11.639166966845336
4515,11.639166966845336
4516,11.639166966845336
4517,11.639166966845336
4518,11.639166966845336
4519,11.639166966845336
4520,11.639166966845336
4521,11.639166966845336
4522,11.639166966845336
4523,11.639166966845336
4524,11.639166966845336
4525,11.639166966845336
4526,11.639166966845336
4527,11.639166966845336
4528,11.639166966845336
4529,11.639166966845336
4530,11.639166966845336
4531,11.639166966845336
4532,11.639166966845336
4533,11.639166966845336
4534,11.639166966845336
4535,11.639166966845336
4536,11.639166966845336
4537,11.639166966845336
4538,11.639166966845336
4539,11.639166966845336
4540,11.639166966845336
4541,11.639166966845336
4542,11.639166966845336
4543,11.639166966845336
4544,11.639166966845336
4545,11.639166966845336
4546,11.639166966845336
4547,11.639166966845336
4548,11.639166966845336
4549,11.639166966845336
4550,11.639166966845336
4551,11.639166966845336
4552,11.639166966845336
4553,11.639166966845336
4554,11.639166966845336
4555,11.639166966845336
4556,11.639166966845336
4557,11.639166966845336
4558,11.639166966845336
4559,11.639166966845336
4560,11.639166966845336
4561,11.639166966845336
4562,11.639166966845336
4563,11.639166966845336
4564,11.639166966845336
4565,11.639166966845336
4566,11.639166966845336
4567,11.639166966845336
4568,11.639166966845336
4569,11.639166966845336
4570,11.639166966845336
4571,11.639166966845336
4572,11.639166966845336
4573,11.639166966845336
4574,11.639166966845336
4575,11.639166966845336
4576,11.639166966845336
4577,11.639166966845336
4578,11.639166966845336
4579,11.639166966845336
4580,11.639166966845336
4581,11.639166966845336
4582,11.639166966845336
4583,11.639166966845336
4584,11.639166966845336
4585,11.639166966845336
4586,11.639166966845336
4587,11.639166966845336
4588,11.639166966845336
4589,11.639166966845336
4590,11.639166966845336
4591,11.639166966845336
4592,11.639166966845336
4593,11.639166966845336
4594,11.639166966845336
4595,11.639166966845336
4596,11.639166966845336
4597,11.639166966845336
4598,11.639166966845336
4599,11.639166966845336
4600,11.639166966845336
4601,11.639166966845336
4602,11.639166966845336
4603,11.639166966845336
4604,11.639166966845336
4605,11.639166966845336
4606,11.639166966845336
4607,11.639166966845336
4608,11.639166966845336
4609,11.639166966845336
4610,11.639166966845336
4611,11.639166966845336
4612,11.639166966845336
4613,11.639166966845336
4614,11.639166966845336
4615,11.639166966845336
4616,11.639166966845336
4617,11.639166966845336
4618,11.639166966845336
4619,11.639166966845336
4620,11.639166966845336
4621,11.639166966845336
4622,11.639166966845336
4623,11.639166966845336
4624,11.639166966845336
4625,11.639166966845336
4626,11.639166966845336
4627,11.639166966845336
4628,11.639166966845336
4629,11.639166966845336
4630,11.639166966845336
4631,11.639166966845336
4632,11.639166966845336
4633,11.639166966845336
4634,11.639166966845336
4635,11.639166966845336
4636,11.639166966845336
4637,11.639166966845336
4638,11.639166966845336
4639,11.639166966845336
4640,11.639166966845336
4641,11.639166966845336
4642,11.639166966845336
4643,11.639166966845336
4644,11.639166966845336
4645,11.639166966845336
4646,11.639166966845336
4647,11.639166966845336
4648,11.639166966845336
4649,11.639166966845336
4650,11.639166966845336
4651,11.639166966845336
4652,11.639166966845336
4653,11.639166966845336
4654,11.639166966845336
4655,11.639166966845336
4656,11.639166966845336
4657,11.639166966845336
4658,11.639166966845336
4659,11.639166966845336
4660,11.639166966845336
4661,11.639166966845336
4662,11.639166966845336
4663,11.639166966845336
4664,11.639166966845336
4665,11.639166966845336
4666,11.639166966845336
4667,11.639166966845336
4668,11.639166966845336
4669,11.639166966845336
4670,11.639166966845336
4671,11.639166966845336
4672,11.639166966845336
4673,11.639166966845336
4674,11.639166966845336
4675,11.639166966845336
4676,11.639166966845336
4677,11.639166966845336
4678,11.639166966845336
4679,11.639166966845336
4680,11.639166966845336
4681,11.639166966845336
4682,11.639166966845336
4683,11.639166966845336
4684,11.639166966845336
4685,11.639166966845336
4686,11.639166966845336
4687,11.639166966845336
4688,11.639166966845336
4689,11.639166966845336
4690,11.639166966845336
4691,11.639166966845336
4692,11.639166966845336
4693,11.639166966845336
4694,11.639166966845336
4695,11.639166966845336
4696,11.639166966845336
4697,11.639166966845336
4698,11.639166966845336
4699,11.639166966845336
4700,11.639166966845336
4701,11.639166966845336
4702,11.639166966845336
4703,11.639166966845336
4704,11.639166966845336
4705,11.639166966845336
4706,11.639166966845336
4707,11.639166966845336
4708,11.639166966845336
4709,11.639166966845336
4710,11.639166966845336
4711,11.639166966845336
4712,11.639166966845336
4713,11.639166966845336
4714,11.639166966845336
4715,11.639166966845336
4716,11.639166966845336
4717,11.639166966845336
4718,11.639166966845336
4719,11.639166966845336
4720,11.639166966845336
4721,11.639166966845336
4722,11.639166966845336
4723,11.639166966845336
4724,11.639166966845336
4725,11.639166966845336
4726,11.639166966845336
4727,11.639166966845336
4728,11.639166966845336
4729,11.639166966845336
4730,11.639166966845336
4731,11.639166966845336
4732,11.639166966845336
4733,11.639166966845336
4734,11.639166966845336
4735,11.639166966845336
4736,11.639166966845336
4737,11.639166966845336
4738,11.639166966845336
4739,11.639166966845336
4740,11.639166966845336
4741,11.639166966845336
4742,11.639166966845336
4743,11.639166966845336
4744,11.639166966845336
4745,11.639166966845336
4746,11.639166966845336
4747,11.639166966845336
4748,11.639166966845336
4749,11.639166966845336
4750,11.639166966845336
4751,11.639166966845336
4752,11.639166966845336
4753,11.639166966845336
4754,11.639166966845336
4755,11.639166966845336
4756,11.639166966845336
4757,11.639166966845336
4758,11.639166966845336
4759,11.639166966845336
4760,11.639166966845336
4761,11.639166966845336
4762,11.639166966845336
4763,11.639166966845336
4764,11.639166966845336
4765,11.639166966845336
4766,11.639166966845336
4767,11.639166966845336
4768,11.639166966845336
4769,11.639166966845336
4770,11.639166966845336
4771,11.639166966845336
4772,11.639166966845336
4773,11.639166966845336
4774,11.639166966845336
4775,11.639166966845336
4776,11.639166966845336
4777,11.639166966845336
4778,11.639166966845336
4779,11.639166966845336
4780,11.639166966845336
4781,11.639166966845336
4782,11.639166966845336
4783,11.639166966845336
4784,11.639166966845336
4785,11.639166966845336
4786,11.639166966845336
4787,11.639166966845336
4788,11.639166966845336
4789,11.639166966845336
4790,11.639166966845336
4791,11.639166966845336
4792,11.639166966845336
4793,11.639166966845336
4794,11.639166966845336
4795,11.639166966845336
4796,11.639166966845336
4797,11.639166966845336
4798,11.639166966845336
4799,11.639166966845336
4800,11.639166966845336
4801,11.639166966845336
4802,11.639166966845336
4803,11.639166966845336
4804,11.639166966845336
4805,11.639166966845336
4806,11.639166966845336
4807,11.639166966845336
4808,11.639166966845336
4809,11.639166966845336
4810,11.639166966845336
4811,11.639166966845336
4812,11.639166966845336
4813,11.639166966845336
4814,11.639166966845336
4815,11.639166966845336
4816,11.639166966845336
4817,11.639166966845336
4818,11.639166966845336
4819,11.639166966845336
4820,11.639166966845336
4821,11.639166966845336
4822,11.639166966845336
4823,11.639166966845336
4824,11.639166966845336
4825,11.639166966845336
4826,11.639166966845336
4827,11.639166966845336
4828,11.639166966845336
4829,11.639166966845336
4830,11.639166966845336
4831,11.639166966845336
4832,11.639166966845336
4833,11.639166966845336
4834,11.639166966845336
4835,11.639166966845336
4836,11.639166966845336
4837,11.639166966845336
4838,11.639166966845336
4839,11.639166966845336
4840,11.639166966845336
4841,11.639166966845336
4842,11.639166966845336
4843,11.639166966845336
4844,11.639166966845336
4845,11.639166966845336
4846,11.639166966845336
4847,11.639166966845336
4848,11.639166966845336
4849,11.639166966845336
4850,11.639166966845336
4851,11.639166966845336
4852,11.639166966845336
4853,11.639166966845336
4854,11.639166966845336
4855,11.639166966845336
4856,11.639166966845336
4857,11.639166966845336
4858,11.639166966845336
4859,11.639166966845336
4860,11.639166966845336
4861,11.639166966845336
4862,11.639166966845336
4863,11.639166966845336
4864,11.639166966845336
4865,11.639166966845336
4866,11.639166966845336
4867,11.639166966845336
4868,11.639166966845336
4869,11.639166966845336
4870,11.639166966845336
4871,11.639166966845336
4872,11.639166966845336
4873,11.639166966845336
4874,11.639166966845336
4875,11.639166966845336
4876,11.639166966845336
4877,11.639166966845336
4878,11.639166966845336
4879,11.639166966845336
4880,11.639166966845336
4881,11.639166966845336
4882,11.639166966845336
4883,11.639166966845336
4884,11.639166966845336
4885,11.639166966845336
4886,11.639166966845336
4887,11.639166966845336
4888,11.639166966845336
4889,11.639166966845336
4890,11.639166966845336
4891,11.639166966845336
4892,11.639166966845336
4893,11.639166966845336
4894,11.639166966845336
4895,11.639166966845336
4896,11.639166966845336
4897,11.639166966845336
4898,11.639166966845336
4899,11.639166966845336
4900,11.639166966845336
4901,11.639166966845336
4902,11.639166966845336
4903,11.639166966845336
4904,11.639166966845336
4905,11.639166966845336
4906,11.639166966845336
4907,11.639166966845336
4908,11.639166966845336
4909,11.639166966845336
4910,11.639166966845336
4911,11.639166966845336
4912,11.639166966845336
4913,11.639166966845336
4914,11.639166966845336
4915,11.639166966845336
4916,11.639166966845336
4917,11.639166966845336
4918,11.639166966845336
4919,11.639166966845336
4920,11.639166966845336
4921,11.639166966845336
4922,11.639166966845336
4923,11.639166966845336
4924,11.639166966845336
4925,11.639166966845336
4926,11.639166966845336
4927,11.639166966845336
4928,11.639166966845336
4929,11.639166966845336
4930,11.639166966845336
4931,11.639166966845336
4932,11.639166966845336
4933,11.639166966845336
4934,11.639166966845336
4935,11.639166966845336
4936,11.639166966845336
4937,11.639166966845336
4938,11.639166966845336
4939,11.639166966845336
4940,11.639166966845336
4941,11.639166966845336
4942,11.639166966845336
4943,11.639166966845336
4944,11.639166966845336
4945,11.639166966845336
4946,11.639166966845336
4947,11.639166966845336
4948,11.639166966845336
4949,11.639166966845336
4950,11.639166966845336
4951,11.639166966845336
4952,11.639166966845336
4953,11.639166966845336
4954,11.639166966845336
4955,11.639166966845336
4956,11.639166966845336
4957,11.639166966845336
4958,11.639166966845336
4959,11.639166966845336
4960,11.639166966845336
4961,11.639166966845336
4962,11.639166966845336
4963,11.639166966845336
4964,11.639166966845336
4965,11.639166966845336
4966,11.639166966845336
4967,11.639166966845336
4968,11.639166966845336
4969,11.639166966845336
4970,11.639166966845336
4971,11.639166966845336
4972,11.639166966845336
4973,11.639166966845336
4974,11.639166966845336
4975,11.639166966845336
4976,11.639166966845336
4977,11.639166966845336
4978,11.639166966845336
4979,11.639166966845336
4980,11.639166966845336
4981,11.639166966845336
4982,11.639166966845336
4983,11.639166966845336
4984,11.639166966845336
4985,11.639166966845336
4986,11.639166966845336
4987,11.639166966845336
4988,11.639166966845336
4989,11.639166966845336
4990,11.639166966845336
4991,11.639166966845336
4992,11.639166966845336
4993,11.639166966845336
4994,11.639166966845336
4995,11.639166966845336
4996,11.639166966845336
4997,11.639166966845336
4998,11.639166966845336
4999,11.639166966845336
5000,11.639166966845336
5001,11.639166966845336
5002,11.639166966845336
5003,11.639166966845336
5004,11.639166966845336
5005,11.639166966845336
5006,11.639166966845336
5007,11.639166966845336
5008,11.639166966845336
5009,11.639166966845336
5010,11.639166966845336
5011,11.639166966845336
5012,11.639166966845336
5013,11.639166966845336
5014,11.639166966845336
5015,11.639166966845336
5016,11.639166966845336
5017,11.639166966845336
5018,11.639166966845336
5019,11.639166966845336
5020,11.639166966845336
5021,11.639166966845336
5022,11.639166966845336
5023,11.639166966845336
5024,11.639166966845336
5025,11.639166966845336
5026,11.639166966845336
5027,11.639166966845336
5028,11.639166966845336
5029,11.639166966845336
5030,11.639166966845336
5031,11.639166966845336
5032,11.639166966845336
5033,11.639166966845336
5034,11.639166966845336
5035,11.639166966845336
5036,11.639166966845336
5037,11.639166966845336
5038,11.639166966845336
5039,11.639166966845336
5040,11.639166966845336
5041,11.639166966845336
5042,11.639166966845336
5043,11.639166966845336
5044,11.639166966845336
5045,11.639166966845336
5046,11.639166966845336
5047,11.639166966845336
5048,11.639166966845336
5049,11.639166966845336
5050,11.639166966845336
5051,11.639166966845336
5052,11.639166966845336
5053,11.639166966845336
5054,11.639166966845336
5055,11.639166966845336
5056,11.639166966845336
5057,11.639166966845336
5058,11.639166966845336
5059,11.639166966845336
5060,11.639166966845336
5061,11.639166966845336
5062,11.639166966845336
5063,11.639166966845336
5064,11.639166966845336
5065,11.639166966845336
5066,11.639166966845336
5067,11.639166966845336
5068,11.639166966845336
5069,11.639166966845336
5070,11.639166966845336
5071,11.639166966845336
5072,11.639166966845336
5073,11.639166966845336
5074,11.639166966845336
5075,11.639166966845336
5076,11.639166966845336
5077,11.639166966845336
5078,11.639166966845336
5079,11.639166966845336
5080,11.639166966845336
5081,11.639166966845336
5082,11.639166966845336
5083,11.639166966845336
5084,11.639166966845336
5085,11.639166966845336
5086,11.639166966845336
5087,11.639166966845336
5088,11.639166966845336
5089,11.639166966845336
5090,11.639166966845336
5091,11.639166966845336
5092,11.639166966845336
5093,11.639166966845336
5094,11.639166966845336
5095,11.639166966845336
5096,11.639166966845336
5097,11.639166966845336
5098,11.639166966845336
5099,11.639166966845336
5100,11.639166966845336
5101,11.639166966845336
5102,11.639166966845336
5103,11.639166966845336
5104,11.639166966845336
5105,11.639166966845336
5106,11.639166966845336
5107,11.639166966845336
5108,11.639166966845336
5109,11.639166966845336
5110,11.639166966845336
5111,11.639166966845336
5112,11.639166966845336
5113,11.639166966845336
5114,11.639166966845336
5115,11.639166966845336
5116,11.639166966845336
5117,11.639166966845336
5118,11.639166966845336
5119,11.639166966845336
5120,11.639166966845336
5121,11.639166966845336
5122,11.639166966845336
5123,11.639166966845336
5124,11.639166966845336
5125,11.639166966845336
5126,11.639166966845336
5127,11.639166966845336
5128,11.639166966845336
5129,11.639166966845336
5130,11.639166966845336
5131,11.639166966845336
5132,11.639166966845336
5133,11.639166966845336
5134,11.639166966845336
5135,11.639166966845336
5136,11.639166966845336
5137,11.639166966845336
5138,11.639166966845336
5139,11.639166966845336
5140,11.639166966845336
5141,11.639166966845336
5142,11.639166966845336
5143,11.639166966845336
5144,11.639166966845336
5145,11.639166966845336
5146,11.639166966845336
5147,11.639166966845336
5148,11.639166966845336
5149,11.639166966845336
5150,11.639166966845336
5151,11.639166966845336
5152,11.639166966845336
5153,11.639166966845336
5154,11.639166966845336
5155,11.639166966845336
5156,11.639166966845336
5157,11.639166966845336
5158,11.639166966845336
5159,11.639166966845336
5160,11.639166966845336
5161,11.639166966845336
5162,11.639166966845336
5163,11.639166966845336
5164,11.639166966845336
5165,11.639166966845336
5166,11.639166966845336
5167,11.639166966845336
5168,11.639166966845336
5169,11.639166966845336
5170,11.639166966845336
5171,11.639166966845336
5172,11.639166966845336
5173,11.639166966845336
5174,11.639166966845336
5175,11.639166966845336
5176,11.639166966845336
5177,11.639166966845336
5178,11.639166966845336
5179,11.639166966845336
5180,11.639166966845336
5181,11.639166966845336
5182,11.639166966845336
5183,11.639166966845336
5184,11.639166966845336
5185,11.639166966845336
5186,11.639166966845336
5187,11.639166966845336
5188,11.639166966845336
5189,11.639166966845336
5190,11.639166966845336
5191,11.639166966845336
5192,11.639166966845336
5193,11.639166966845336
5194,11.639166966845336
5195,11.639166966845336
5196,11.639166966845336
5197,11.639166966845336
5198,11.639166966845336
5199,11.639166966845336
5200,11.639166966845336
5201,11.639166966845336
5202,11.639166966845336
5203,11.639166966845336
5204,11.639166966845336
5205,11.639166966845336
5206,11.639166966845336
5207,11.639166966845336
5208,11.639166966845336
5209,11.639166966845336
5210,11.639166966845336
5211,11.639166966845336
5212,11.639166966845336
5213,11.639166966845336
5214,11.639166966845336
5215,11.639166966845336
5216,11.639166966845336
5217,11.639166966845336
5218,11.639166966845336
5219,11.639166966845336
5220,11.639166966845336
5221,11.639166966845336
5222,11.639166966845336
5223,11.639166966845336
5224,11.639166966845336
5225,11.639166966845336
5226,11.639166966845336
5227,11.639166966845336
5228,11.639166966845336
5229,11.639166966845336
5230,11.639166966845336
5231,11.639166966845336
5232,11.639166966845336
5233,11.639166966845336
5234,11.639166966845336
5235,11.639166966845336
5236,11.639166966845336
5237,11.639166966845336
5238,11.639166966845336
5239,11.639166966845336
5240,11.639166966845336
5241,11.639166966845336
5242,11.639166966845336
5243,11.639166966845336
5244,11.639166966845336
5245,11.639166966845336
5246,11.639166966845336
5247,11.639166966845336
5248,11.639166966845336
5249,11.639166966845336
5250,11.639166966845336
5251,11.639166966845336
5252,11.639166966845336
5253,11.639166966845336
5254,11.639166966845336
5255,11.639166966845336
5256,11.639166966845336
5257,11.639166966845336
5258,11.639166966845336
5259,11.639166966845336
5260,11.639166966845336
5261,11.639166966845336
5262,11.639166966845336
5263,11.639166966845336
5264,11.639166966845336
5265,11.639166966845336
5266,11.639166966845336
5267,11.639166966845336
5268,11.639166966845336
5269,11.639166966845336
5270,11.639166966845336
5271,11.639166966845336
5272,11.639166966845336
5273,11.639166966845336
5274,11.639166966845336
5275,11.639166966845336
5276,11.639166966845336
5277,11.639166966845336
5278,11.639166966845336
5279,11.639166966845336
5280,11.639166966845336
5281,11.639166966845336
5282,11.639166966845336
5283,11.639166966845336
5284,11.639166966845336
5285,11.639166966845336
5286,11.639166966845336
5287,11.639166966845336
5288,11.639166966845336
5289,11.639166966845336
5290,11.639166966845336
5291,11.639166966845336
5292,11.639166966845336
5293,11.639166966845336
5294,11.639166966845336
5295,11.639166966845336
5296,11.639166966845336
5297,11.639166966845336
5298,11.639166966845336
5299,11.639166966845336
5300,11.639166966845336
5301,11.639166966845336
5302,11.639166966845336
5303,11.639166966845336
5304,11.639166966845336
5305,11.639166966845336
5306,11.639166966845336
5307,11.639166966845336
5308,11.639166966845336
5309,11.639166966845336
5310,11.639166966845336
5311,11.639166966845336
5312,11.639166966845336
5313,11.639166966845336
5314,11.639166966845336
5315,11.639166966845336
5316,11.639166966845336
5317,11.639166966845336
5318,11.639166966845336
5319,11.639166966845336
5320,11.639166966845336
5321,11.639166966845336
5322,11.639166966845336
5323,11.639166966845336
5324,11.639166966845336
5325,11.639166966845336
5326,11.639166966845336
5327,11.639166966845336
5328,11.639166966845336
5329,11.639166966845336
5330,11.639166966845336
5331,11.639166966845336
5332,11.639166966845336
5333,11.639166966845336
5334,11.639166966845336
5335,11.639166966845336
5336,11.639166966845336
5337,11.639166966845336
5338,11.639166966845336
5339,11.639166966845336
5340,11.639166966845336
5341,11.639166966845336
5342,11.639166966845336
5343,11.639166966845336
5344,11.639166966845336
5345,11.639166966845336
5346,11.639166966845336
5347,11.639166966845336
5348,11.639166966845336
5349,11.639166966845336
5350,11.639166966845336
5351,11.639166966845336
5352,11.639166966845336
5353,11.639166966845336
5354,11.639166966845336
5355,11.639166966845336
5356,11.639166966845336
5357,11.639166966845336
5358,11.639166966845336
5359,11.639166966845336
5360,11.639166966845336
5361,11.639166966845336
5362,11.639166966845336
5363,11.639166966845336
5364,11.639166966845336
5365,11.639166966845336
5366,11.639166966845336
5367,11.639166966845336
5368,11.639166966845336
5369,11.639166966845336
5370,11.639166966845336
5371,11.639166966845336
5372,11.639166966845336
5373,11.639166966845336
5374,11.639166966845336
5375,11.639166966845336
5376,11.639166966845336
5377,11.639166966845336
5378,11.639166966845336
5379,11.639166966845336
5380,11.639166966845336
5381,11.639166966845336
5382,11.639166966845336
5383,11.639166966845336
5384,11.639166966845336
5385,11.639166966845336
5386,11.639166966845336
5387,11.639166966845336
5388,11.639166966845336
5389,11.639166966845336
5390,11.639166966845336
5391,11.639166966845336
5392,11.639166966845336
5393,11.639166966845336
5394,11.639166966845336
5395,11.639166966845336
5396,11.639166966845336
5397,11.639166966845336
5398,11.639166966845336
5399,11.639166966845336
5400,11.639166966845336
5401,11.639166966845336
5402,11.639166966845336
5403,11.639166966845336
5404,11.639166966845336
5405,11.639166966845336
5406,11.639166966845336
5407,11.639166966845336
5408,11.639166966845336
5409,11.639166966845336
5410,11.639166966845336
5411,11.639166966845336
5412,11.639166966845336
5413,11.639166966845336
5414,11.639166966845336
5415,11.639166966845336
5416,11.639166966845336
5417,11.639166966845336
5418,11.639166966845336
5419,11.639166966845336
5420,11.639166966845336
5421,11.639166966845336
5422,11.639166966845336
5423,11.639166966845336
5424,11.639166966845336
5425,11.639166966845336
5426,11.639166966845336
5427,11.639166966845336
5428,11.639166966845336
5429,11.639166966845336
5430,11.639166966845336
5431,11.639166966845336
5432,11.639166966845336
5433,11.639166966845336
5434,11.639166966845336
5435,11.639166966845336
5436,11.639166966845336
5437,11.639166966845336
5438,11.639166966845336
5439,11.639166966845336
5440,11.639166966845336
5441,11.639166966845336
5442,11.639166966845336
5443,11.639166966845336
5444,11.639166966845336
5445,11.639166966845336
5446,11.639166966845336
5447,11.639166966845336
5448,11.639166966845336
5449,11.639166966845336
5450,11.639166966845336
5451,11.639166966845336
5452,11.639166966845336
5453,11.639166966845336
5454,11.639166966845336
5455,11.639166966845336
5456,11.639166966845336
5457,11.639166966845336
5458,11.639166966845336
5459,11.639166966845336
5460,11.639166966845336
5461,11.639166966845336
5462,11.639166966845336
5463,11.639166966845336
5464,11.639166966845336
5465,11.639166966845336
5466,11.639166966845336
5467,11.639166966845336
5468,11.639166966845336
5469,11.639166966845336
5470,11.639166966845336
5471,11.639166966845336
5472,11.639166966845336
5473,11.639166966845336
5474,11.639166966845336
5475,11.639166966845336
5476,11.639166966845336
5477,11.639166966845336
5478,11.639166966845336
5479,11.639166966845336
5480,11.639166966845336
5481,11.639166966845336
5482,11.639166966845336
5483,11.639166966845336
5484,11.639166966845336
5485,11.639166966845336
5486,11.639166966845336
5487,11.639166966845336
5488,11.639166966845336
5489,11.639166966845336
5490,11.639166966845336
5491,11.639166966845336
5492,11.639166966845336
5493,11.639166966845336
5494,11.639166966845336
5495,11.639166966845336
5496,11.639166966845336
5497,11.639166966845336
5498,11.639166966845336
5499,11.639166966845336
5500,11.639166966845336
5501,11.639166966845336
5502,11.639166966845336
5503,11.639166966845336
5504,11.639166966845336
5505,11.639166966845336
5506,11.639166966845336
5507,11.639166966845336
5508,11.639166966845336
5509,11.639166966845336
5510,11.639166966845336
5511,11.639166966845336
5512,11.639166966845336
5513,11.639166966845336
5514,11.639166966845336
5515,11.639166966845336
5516,11.639166966845336
5517,11.639166966845336
5518,11.639166966845336
5519,11.639166966845336
5520,11.639166966845336
5521,11.639166966845336
5522,11.639166966845336
5523,11.639166966845336
5524,11.639166966845336
5525,11.639166966845336
5526,11.639166966845336
5527,11.639166966845336
5528,11.639166966845336
5529,11.639166966845336
5530,11.639166966845336
5531,11.639166966845336
5532,11.639166966845336
5533,11.639166966845336
5534,11.639166966845336
5535,11.639166966845336
5536,11.639166966845336
5537,11.639166966845336
5538,11.639166966845336
5539,11.639166966845336
5540,11.639166966845336
5541,11.639166966845336
5542,11.639166966845336
5543,11.639166966845336
5544,11.639166966845336
5545,11.639166966845336
5546,11.639166966845336
5547,11.639166966845336
5548,11.639166966845336
5549,11.639166966845336
5550,11.639166966845336
5551,11.639166966845336
5552,11.639166966845336
5553,11.639166966845336
5554,11.639166966845336
5555,11.639166966845336
5556,11.639166966845336
5557,11.639166966845336
5558,11.639166966845336
5559,11.639166966845336
5560,11.639166966845336
5561,11.639166966845336
5562,11.639166966845336
5563,11.639166966845336
5564,11.639166966845336
5565,11.639166966845336
5566,11.639166966845336
5567,11.639166966845336
5568,11.639166966845336
5569,11.639166966845336
5570,11.639166966845336
5571,11.639166966845336
5572,11.639166966845336
5573,11.639166966845336
5574,11.639166966845336
5575,11.639166966845336
5576,11.639166966845336
5577,11.639166966845336
5578,11.639166966845336
5579,11.639166966845336
5580,11.639166966845336
5581,11.639166966845336
5582,11.639166966845336
5583,11.639166966845336
5584,11.639166966845336
5585,11.639166966845336
5586,11.639166966845336
5587,11.639166966845336
5588,11.639166966845336
5589,11.639166966845336
5590,11.639166966845336
5591,11.639166966845336
5592,11.639166966845336
5593,11.639166966845336
5594,11.639166966845336
5595,11.639166966845336
5596,11.639166966845336
5597,11.639166966845336
5598,11.639166966845336
5599,11.639166966845336
5600,11.639166966845336
5601,11.639166966845336
5602,11.639166966845336
5603,11.639166966845336
5604,11.639166966845336
5605,11.639166966845336
5606,11.639166966845336
5607,11.639166966845336
5608,11.639166966845336
5609,11.639166966845336
5610,11.639166966845336
5611,11.639166966845336
5612,11.639166966845336
5613,11.639166966845336
5614,11.639166966845336
5615,11.639166966845336
5616,11.639166966845336
5617,11.639166966845336
5618,11.639166966845336
5619,11.639166966845336
5620,11.639166966845336
5621,11.639166966845336
5622,11.639166966845336
5623,11.639166966845336
5624,11.639166966845336
5625,11.639166966845336
5626,11.639166966845336
5627,11.639166966845336
5628,11.639166966845336
5629,11.639166966845336
5630,11.639166966845336
5631,11.639166966845336
5632,11.639166966845336
5633,11.639166966845336
5634,11.639166966845336
5635,11.639166966845336
5636,11.639166966845336
5637,11.639166966845336
5638,11.639166966845336
5639,11.639166966845336
5640,11.639166966845336
5641,11.639166966845336
5642,11.639166966845336
5643,11.639166966845336
5644,11.639166966845336
5645,11.639166966845336
5646,11.639166966845336
5647,11.639166966845336
5648,11.639166966845336
5649,11.639166966845336
5650,11.639166966845336
5651,11.639166966845336
5652,11.639166966845336
5653,11.639166966845336
5654,11.639166966845336
5655,11.639166966845336
5656,11.639166966845336
5657,11.639166966845336
5658,11.639166966845336
5659,11.639166966845336
5660,11.639166966845336
5661,11.639166966845336
5662,11.639166966845336
5663,11.639166966845336
5664,11.639166966845336
5665,11.639166966845336
5666,11.639166966845336
5667,11.639166966845336
5668,11.639166966845336
5669,11.639166966845336
5670,11.639166966845336
5671,11.639166966845336
5672,11.639166966845336
5673,11.639166966845336
5674,11.639166966845336
5675,11.639166966845336
5676,11.639166966845336
5677,11.639166966845336
5678,11.639166966845336
5679,11.639166966845336
5680,11.639166966845336
5681,11.639166966845336
5682,11.639166966845336
5683,11.639166966845336
5684,11.639166966845336
5685,11.639166966845336
5686,11.639166966845336
5687,11.639166966845336
5688,11.639166966845336
5689,11.639166966845336
5690,11.639166966845336
5691,11.639166966845336
5692,11.639166966845336
5693,11.639166966845336
5694,11.639166966845336
5695,11.639166966845336
5696,11.639166966845336
5697,11.639166966845336
5698,11.639166966845336
5699,11.639166966845336
5700,11.639166966845336
5701,11.639166966845336
5702,11.639166966845336
5703,11.639166966845336
5704,11.639166966845336
5705,11.639166966845336
5706,11.639166966845336
5707,11.639166966845336
5708,11.639166966845336
5709,11.639166966845336
5710,11.639166966845336
5711,11.639166966845336
5712,11.639166966845336
5713,11.639166966845336
5714,11.639166966845336
5715,11.639166966845336
5716,11.639166966845336
5717,11.639166966845336
5718,11.639166966845336
5719,11.639166966845336
5720,11.639166966845336
5721,11.639166966845336
5722,11.639166966845336
5723,11.639166966845336
5724,11.639166966845336
5725,11.639166966845336
5726,11.639166966845336
5727,11.639166966845336
5728,11.639166966845336
5729,11.639166966845336
5730,11.639166966845336
5731,11.639166966845336
5732,11.639166966845336
5733,11.639166966845336
5734,11.639166966845336
5735,11.639166966845336
5736,11.639166966845336
5737,11.639166966845336
5738,11.639166966845336
5739,11.639166966845336
5740,11.639166966845336
5741,11.639166966845336
5742,11.639166966845336
5743,11.639166966845336
5744,11.639166966845336
5745,11.639166966845336
5746,11.639166966845336
5747,11.639166966845336
5748,11.639166966845336
5749,11.639166966845336
5750,11.639166966845336
5751,11.639166966845336
5752,11.639166966845336
5753,11.639166966845336
5754,11.639166966845336
5755,11.639166966845336
5756,11.639166966845336
5757,11.639166966845336
5758,11.639166966845336
5759,11.639166966845336
5760,11.639166966845336
5761,11.639166966845336
5762,11.639166966845336
5763,11.639166966845336
5764,11.639166966845336
5765,11.639166966845336
5766,11.639166966845336
5767,11.639166966845336
5768,11.639166966845336
5769,11.639166966845336
5770,11.639166966845336
5771,11.639166966845336
5772,11.639166966845336
5773,11.639166966845336
5774,11.639166966845336
5775,11.639166966845336
5776,11.639166966845336
5777,11.639166966845336
5778,11.639166966845336
5779,11.639166966845336
5780,11.639166966845336
5781,11.639166966845336
5782,11.639166966845336
5783,11.639166966845336
5784,11.639166966845336
5785,11.639166966845336
5786,11.639166966845336
5787,11.639166966845336
5788,11.639166966845336
5789,11.639166966845336
5790,11.639166966845336
5791,11.639166966845336
5792,11.639166966845336
5793,11.639166966845336
5794,11.639166966845336
5795,11.639166966845336
5796,11.639166966845336
5797,11.639166966845336
5798,11.639166966845336
5799,11.639166966845336
5800,11.639166966845336
5801,11.639166966845336
5802,11.639166966845336
5803,11.639166966845336
5804,11.639166966845336
5805,11.639166966845336
5806,11.639166966845336
5807,11.639166966845336
5808,11.639166966845336
5809,11.639166966845336
5810,11.639166966845336
5811,11.639166966845336
5812,11.639166966845336
5813,11.639166966845336
5814,11.639166966845336
5815,11.639166966845336
5816,11.639166966845336
5817,11.639166966845336
5818,11.639166966845336
5819,11.639166966845336
5820,11.639166966845336
5821,11.639166966845336
5822,11.639166966845336
5823,11.639166966845336
5824,11.639166966845336
5825,11.639166966845336
5826,11.639166966845336
5827,11.639166966845336
5828,11.639166966845336
5829,11.639166966845336
5830,11.639166966845336
5831,11.639166966845336
5832,11.639166966845336
5833,11.639166966845336
5834,11.639166966845336
5835,11.639166966845336
5836,11.639166966845336
5837,11.639166966845336
5838,11.639166966845336
5839,11.639166966845336
5840,11.639166966845336
5841,11.639166966845336
5842,11.639166966845336
5843,11.639166966845336
5844,11.639166966845336
5845,11.639166966845336
5846,11.639166966845336
5847,11.639166966845336
5848,11.639166966845336
5849,11.639166966845336
5850,11.639166966845336
5851,11.639166966845336
5852,11.639166966845336
5853,11.639166966845336
5854,11.639166966845336
5855,11.639166966845336
5856,11.639166966845336
5857,11.639166966845336
5858,11.639166966845336
5859,11.639166966845336
5860,11.639166966845336
5861,11.639166966845336
5862,11.639166966845336
5863,11.639166966845336
5864,11.639166966845336
5865,11.639166966845336
5866,11.639166966845336
5867,11.639166966845336
5868,11.639166966845336
5869,11.639166966845336
5870,11.639166966845336
5871,11.639166966845336
5872,11.639166966845336
5873,11.639166966845336
5874,11.639166966845336
5875,11.639166966845336
5876,11.639166966845336
5877,11.639166966845336
5878,11.639166966845336
5879,11.639166966845336
5880,11.639166966845336
5881,11.639166966845336
5882,11.639166966845336
5883,11.639166966845336
5884,11.639166966845336
5885,11.639166966845336
5886,11.639166966845336
5887,11.639166966845336
5888,11.639166966845336
5889,11.639166966845336
5890,11.639166966845336
5891,11.639166966845336
5892,11.639166966845336
5893,11.639166966845336
5894,11.639166966845336
5895,11.639166966845336
5896,11.639166966845336
5897,11.639166966845336
5898,11.639166966845336
5899,11.639166966845336
5900,11.639166966845336
5901,11.639166966845336
5902,11.639166966845336
5903,11.639166966845336
5904,11.639166966845336
5905,11.639166966845336
5906,11.639166966845336
5907,11.639166966845336
5908,11.639166966845336
5909,11.639166966845336
5910,11.639166966845336
5911,11.639166966845336
5912,11.639166966845336
5913,11.639166966845336
5914,11.639166966845336
5915,11.639166966845336
5916,11.639166966845336
5917,11.639166966845336
5918,11.639166966845336
5919,11.639166966845336
5920,11.639166966845336
5921,11.639166966845336
5922,11.639166966845336
5923,11.639166966845336
5924,11.639166966845336
5925,11.639166966845336
5926,11.639166966845336
5927,11.639166966845336
5928,11.639166966845336
5929,11.639166966845336
5930,11.639166966845336
5931,11.639166966845336
5932,11.639166966845336
5933,11.639166966845336
5934,11.639166966845336
5935,11.639166966845336
5936,11.639166966845336
5937,11.639166966845336
5938,11.639166966845336
5939,11.639166966845336
5940,11.639166966845336
5941,11.639166966845336
5942,11.639166966845336
5943,11.639166966845336
5944,11.639166966845336
5945,11.639166966845336
5946,11.639166966845336
5947,11.639166966845336
5948,11.639166966845336
5949,11.639166966845336
5950,11.639166966845336
5951,11.639166966845336
5952,11.639166966845336
5953,11.639166966845336
5954,11.639166966845336
5955,11.639166966845336
5956,11.639166966845336
5957,11.639166966845336
5958,11.639166966845336
5959,11.639166966845336
5960,11.639166966845336
5961,11.639166966845336
5962,11.639166966845336
5963,11.639166966845336
5964,11.639166966845336
5965,11.639166966845336
5966,11.639166966845336
5967,11.639166966845336
5968,11.639166966845336
5969,11.639166966845336
5970,11.639166966845336
5971,11.639166966845336
5972,11.639166966845336
5973,11.639166966845336
5974,11.639166966845336
5975,11.639166966845336
5976,11.639166966845336
5977,11.639166966845336
5978,11.639166966845336
5979,11.639166966845336
5980,11.639166966845336
5981,11.639166966845336
5982,11.639166966845336
5983,11.639166966845336
5984,11.639166966845336
5985,11.639166966845336
5986,11.639166966845336
5987,11.639166966845336
5988,11.639166966845336
5989,11.639166966845336
5990,11.639166966845336
5991,11.639166966845336
5992,11.639166966845336
5993,11.639166966845336
5994,11.639166966845336
5995,11.639166966845336
5996,11.639166966845336
5997,11.639166966845336
5998,11.639166966845336
5999,11.639166966845336
6000,11.639166966845336
6001,11.639166966845336
6002,11.639166966845336
6003,11.639166966845336
6004,11.639166966845336
6005,11.639166966845336
6006,11.639166966845336
6007,11.639166966845336
6008,11.639166966845336
6009,11.639166966845336
6010,11.639166966845336
6011,11.639166966845336
6012,11.639166966845336
6013,11.639166966845336
6014,11.639166966845336
6015,11.639166966845336
6016,11.639166966845336
6017,11.639166966845336
6018,11.639166966845336
6019,11.639166966845336
6020,11.639166966845336
6021,11.639166966845336
6022,11.639166966845336
6023,11.639166966845336
6024,11.639166966845336
6025,11.639166966845336
6026,11.639166966845336
6027,11.639166966845336
6028,11.639166966845336
6029,11.639166966845336
6030,11.639166966845336
6031,11.639166966845336
6032,11.639166966845336
6033,11.639166966845336
6034,11.639166966845336
6035,11.639166966845336
6036,11.639166966845336
6037,11.639166966845336
6038,11.639166966845336
6039,11.639166966845336
6040,11.639166966845336
6041,11.639166966845336
6042,11.639166966845336
6043,11.639166966845336
6044,11.639166966845336
6045,11.639166966845336
6046,11.639166966845336
6047,11.639166966845336
6048,11.639166966845336
6049,11.639166966845336
6050,11.639166966845336
6051,11.639166966845336
6052,11.639166966845336
6053,11.639166966845336
6054,11.639166966845336
6055,11.639166966845336
6056,11.639166966845336
6057,11.639166966845336
6058,11.639166966845336
6059,11.639166966845336
6060,11.639166966845336
6061,11.639166966845336
6062,11.639166966845336
6063,11.639166966845336
6064,11.639166966845336
6065,11.639166966845336
6066,11.639166966845336
6067,11.639166966845336
6068,11.639166966845336
6069,11.639166966845336
6070,11.639166966845336
6071,11.639166966845336
6072,11.639166966845336
6073,11.639166966845336
6074,11.639166966845336
6075,11.639166966845336
6076,11.639166966845336
6077,11.639166966845336
6078,11.639166966845336
6079,11.639166966845336
6080,11.639166966845336
6081,11.639166966845336
6082,11.639166966845336
6083,11.639166966845336
6084,11.639166966845336
6085,11.639166966845336
6086,11.639166966845336
6087,11.639166966845336
6088,11.639166966845336
6089,11.639166966845336
6090,11.639166966845336
6091,11.639166966845336
6092,11.639166966845336
6093,11.639166966845336
6094,11.639166966845336
6095,11.639166966845336
6096,11.639166966845336
6097,11.639166966845336
6098,11.639166966845336
6099,11.639166966845336
6100,11.639166966845336
6101,11.639166966845336
6102,11.639166966845336
6103,11.639166966845336
6104,11.639166966845336
6105,11.639166966845336
6106,11.639166966845336
6107,11.639166966845336
6108,11.639166966845336
6109,11.639166966845336
6110,11.639166966845336
6111,11.639166966845336
6112,11.639166966845336
6113,11.639166966845336
6114,11.639166966845336
6115,11.639166966845336
6116,11.639166966845336
6117,11.639166966845336
6118,11.639166966845336
6119,11.639166966845336
6120,11.639166966845336
6121,11.639166966845336
6122,11.639166966845336
6123,11.639166966845336
6124,11.639166966845336
6125,11.639166966845336
6126,11.639166966845336
6127,11.639166966845336
6128,11.639166966845336
6129,11.639166966845336
6130,11.639166966845336
6131,11.639166966845336
6132,11.639166966845336
6133,11.639166966845336
6134,11.639166966845336
6135,11.639166966845336
6136,11.639166966845336
6137,11.639166966845336
6138,11.639166966845336
6139,11.639166966845336
6140,11.639166966845336
6141,11.639166966845336
6142,11.639166966845336
6143,11.639166966845336
6144,11.639166966845336
6145,11.639166966845336
6146,11.639166966845336
6147,11.639166966845336
6148,11.639166966845336
6149,11.639166966845336
6150,11.639166966845336
6151,11.639166966845336
6152,11.639166966845336
6153,11.639166966845336
6154,11.639166966845336
6155,11.639166966845336
6156,11.639166966845336
6157,11.639166966845336
6158,11.639166966845336
6159,11.639166966845336
6160,11.639166966845336
6161,11.639166966845336
6162,11.639166966845336
6163,11.639166966845336
6164,11.639166966845336
6165,11.639166966845336
6166,11.639166966845336
6167,11.639166966845336
6168,11.639166966845336
6169,11.639166966845336
6170,11.639166966845336
6171,11.639166966845336
6172,11.639166966845336
6173,11.639166966845336
6174,11.639166966845336
6175,11.639166966845336
6176,11.639166966845336
6177,11.639166966845336
6178,11.639166966845336
6179,11.639166966845336
6180,11.639166966845336
6181,11.639166966845336
6182,11.639166966845336
6183,11.639166966845336
6184,11.639166966845336
6185,11.639166966845336
6186,11.639166966845336
6187,11.639166966845336
6188,11.639166966845336
6189,11.639166966845336
6190,11.639166966845336
6191,11.639166966845336
6192,11.639166966845336
6193,11.639166966845336
6194,11.639166966845336
6195,11.639166966845336
6196,11.639166966845336
6197,11.639166966845336
6198,11.639166966845336
6199,11.639166966845336
6200,11.639166966845336
6201,11.639166966845336
6202,11.639166966845336
6203,11.639166966845336
6204,11.639166966845336
6205,11.639166966845336
6206,11.639166966845336
6207,11.639166966845336
6208,11.639166966845336
6209,11.639166966845336
6210,11.639166966845336
6211,11.639166966845336
6212,11.639166966845336
6213,11.639166966845336
6214,11.639166966845336
6215,11.639166966845336
6216,11.639166966845336
6217,11.639166966845336
6218,11.639166966845336
6219,11.639166966845336
6220,11.639166966845336
6221,11.639166966845336
6222,11.639166966845336
6223,11.639166966845336
6224,11.639166966845336
6225,11.639166966845336
6226,11.639166966845336
6227,11.639166966845336
6228,11.639166966845336
6229,11.639166966845336
6230,11.639166966845336
6231,11.639166966845336
6232,11.639166966845336
6233,11.639166966845336
6234,11.639166966845336
6235,11.639166966845336
6236,11.639166966845336
6237,11.639166966845336
6238,11.639166966845336
6239,11.639166966845336
6240,11.639166966845336
6241,11.639166966845336
6242,11.639166966845336
6243,11.639166966845336
6244,11.639166966845336
6245,11.639166966845336
6246,11.639166966845336
6247,11.639166966845336
6248,11.639166966845336
6249,11.639166966845336
6250,11.639166966845336
6251,11.639166966845336
6252,11.639166966845336
6253,11.639166966845336
6254,11.639166966845336
6255,11.639166966845336
6256,11.639166966845336
6257,11.639166966845336
6258,11.639166966845336
6259,11.639166966845336
6260,11.639166966845336
6261,11.639166966845336
6262,11.639166966845336
6263,11.639166966845336
6264,11.639166966845336
6265,11.639166966845336
6266,11.639166966845336
6267,11.639166966845336
6268,11.639166966845336
6269,11.639166966845336
6270,11.639166966845336
6271,11.639166966845336
6272,11.639166966845336
6273,11.639166966845336
6274,11.639166966845336
6275,11.639166966845336
6276,11.639166966845336
6277,11.639166966845336
6278,11.639166966845336
6279,11.639166966845336
6280,11.639166966845336
6281,11.639166966845336
6282,11.639166966845336
6283,11.639166966845336
6284,11.639166966845336
6285,11.639166966845336
6286,11.639166966845336
6287,11.639166966845336
6288,11.639166966845336
6289,11.639166966845336
6290,11.639166966845336
6291,11.639166966845336
6292,11.639166966845336
6293,11.639166966845336
6294,11.639166966845336
6295,11.639166966845336
6296,11.639166966845336
6297,11.639166966845336
6298,11.639166966845336
6299,11.639166966845336
6300,11.639166966845336
6301,11.639166966845336
6302,11.639166966845336
6303,11.639166966845336
6304,11.639166966845336
6305,11.639166966845336
6306,11.639166966845336
6307,11.639166966845336
6308,11.639166966845336
6309,11.639166966845336
6310,11.639166966845336
6311,11.639166966845336
6312,11.639166966845336
6313,11.639166966845336
6314,11.639166966845336
6315,11.639166966845336
6316,11.639166966845336
6317,11.639166966845336
6318,11.639166966845336
6319,11.639166966845336
6320,11.639166966845336
6321,11.639166966845336
6322,11.639166966845336
6323,11.639166966845336
6324,11.639166966845336
6325,11.639166966845336
6326,11.639166966845336
6327,11.639166966845336
6328,11.639166966845336
6329,11.639166966845336
6330,11.639166966845336
6331,11.639166966845336
6332,11.639166966845336
6333,11.639166966845336
6334,11.639166966845336
6335,11.639166966845336
6336,11.639166966845336
6337,11.639166966845336
6338,11.639166966845336
6339,11.639166966845336
6340,11.639166966845336
6341,11.639166966845336
6342,11.639166966845336
6343,11.639166966845336
6344,11.639166966845336
6345,11.639166966845336
6346,11.639166966845336
6347,11.639166966845336
6348,11.639166966845336
6349,11.639166966845336
6350,11.639166966845336
6351,11.639166966845336
6352,11.639166966845336
6353,11.639166966845336
6354,11.639166966845336
6355,11.639166966845336
6356,11.639166966845336
6357,11.639166966845336
6358,11.639166966845336
6359,11.639166966845336
6360,11.639166966845336
6361,11.639166966845336
6362,11.639166966845336
6363,11.639166966845336
6364,11.639166966845336
6365,11.639166966845336
6366,11.639166966845336
6367,11.639166966845336
6368,11.639166966845336
6369,11.639166966845336
6370,11.639166966845336
6371,11.639166966845336
6372,11.639166966845336
6373,11.639166966845336
6374,11.639166966845336
6375,11.639166966845336
6376,11.639166966845336
6377,11.639166966845336
6378,11.639166966845336
6379,11.639166966845336
6380,11.639166966845336
6381,11.639166966845336
6382,11.639166966845336
6383,11.639166966845336
6384,11.639166966845336
6385,11.639166966845336
6386,11.639166966845336
6387,11.639166966845336
6388,11.639166966845336
6389,11.639166966845336
6390,11.639166966845336
6391,11.639166966845336
6392,11.639166966845336
6393,11.639166966845336
6394,11.639166966845336
6395,11.639166966845336
6396,11.639166966845336
6397,11.639166966845336
6398,11.639166966845336
6399,11.639166966845336
6400,11.639166966845336
6401,11.639166966845336
6402,11.639166966845336
6403,11.639166966845336
6404,11.639166966845336
6405,11.639166966845336
6406,11.639166966845336
6407,11.639166966845336
6408,11.639166966845336
6409,11.639166966845336
6410,11.639166966845336
6411,11.639166966845336
6412,11.639166966845336
6413,11.639166966845336
6414,11.639166966845336
6415,11.639166966845336
6416,11.639166966845336
6417,11.639166966845336
6418,11.639166966845336
6419,11.639166966845336
6420,11.639166966845336
6421,11.639166966845336
6422,11.639166966845336
6423,11.639166966845336
6424,11.639166966845336
6425,11.639166966845336
6426,11.639166966845336
6427,11.639166966845336
6428,11.639166966845336
6429,11.639166966845336
6430,11.639166966845336
6431,11.639166966845336
6432,11.639166966845336
6433,11.639166966845336
6434,11.639166966845336
6435,11.639166966845336
6436,11.639166966845336
6437,11.639166966845336
6438,11.639166966845336
6439,11.639166966845336
6440,11.639166966845336
6441,11.639166966845336
6442,11.639166966845336
6443,11.639166966845336
6444,11.639166966845336
6445,11.639166966845336
6446,11.639166966845336
6447,11.639166966845336
6448,11.639166966845336
6449,11.639166966845336
6450,11.639166966845336
6451,11.639166966845336
6452,11.639166966845336
6453,11.639166966845336
6454,11.639166966845336
6455,11.639166966845336
6456,11.639166966845336
6457,11.639166966845336
6458,11.639166966845336
6459,11.639166966845336
6460,11.639166966845336
6461,11.639166966845336
6462,11.639166966845336
6463,11.639166966845336
6464,11.639166966845336
6465,11.639166966845336
6466,11.639166966845336
6467,11.639166966845336
6468,11.639166966845336
6469,11.639166966845336
6470,11.639166966845336
6471,11.639166966845336
6472,11.639166966845336
6473,11.639166966845336
6474,11.639166966845336
6475,11.639166966845336
6476,11.639166966845336
6477,11.639166966845336
6478,11.639166966845336
6479,11.639166966845336
6480,11.639166966845336
6481,11.639166966845336
6482,11.639166966845336
6483,11.639166966845336
6484,11.639166966845336
6485,11.639166966845336
6486,11.639166966845336
6487,11.639166966845336
6488,11.639166966845336
6489,11.639166966845336
6490,11.639166966845336
6491,11.639166966845336
6492,11.639166966845336
6493,11.639166966845336
6494,11.639166966845336
6495,11.639166966845336
6496,11.639166966845336
6497,11.639166966845336
6498,11.639166966845336
6499,11.639166966845336
6500,11.639166966845336
6501,11.639166966845336
6502,11.639166966845336
6503,11.639166966845336
6504,11.639166966845336
6505,11.639166966845336
6506,11.639166966845336
6507,11.639166966845336
6508,11.639166966845336
6509,11.639166966845336
6510,11.639166966845336
6511,11.639166966845336
6512,11.639166966845336
6513,11.639166966845336
6514,11.639166966845336
6515,11.639166966845336
6516,11.639166966845336
6517,5.570773939311896
6518,5.570773939311896
6519,5.570773939311896
6520,5.570773939311896
6521,5.570773939311896
6522,5.570773939311896
6523,5.570773939311896
6524,5.570773939311896
6525,5.570773939311896
6526,5.570773939311896
6527,5.570773939311896
6528,5.570773939311896
6529,5.570773939311896
6530,5.570773939311896
6531,5.570773939311896
6532,5.570773939311896
6533,5.570773939311896
6534,5.570773939311896
6535,5.570773939311896
6536,5.570773939311896
6537,5.570773939311896
6538,5.570773939311896
6539,5.570773939311896
6540,5.570773939311896
6541,5.570773939311896
6542,5.570773939311896
6543,5.570773939311896
6544,5.570773939311896
6545,5.570773939311896
6546,5.570773939311896
6547,5.570773939311896
6548,5.570773939311896
6549,5.570773939311896
6550,5.570773939311896
6551,5.570773939311896
6552,5.570773939311896
6553,5.570773939311896
6554,5.570773939311896
6555,5.570773939311896
6556,5.570773939311896
6557,5.570773939311896
6558,5.570773939311896
6559,5.570773939311896
6560,5.570773939311896
6561,5.570773939311896
6562,5.570773939311896
6563,5.570773939311896
6564,5.570773939311896
6565,5.570773939311896
6566,5.570773939311896
6567,5.570773939311896
6568,5.570773939311896
6569,5.570773939311896
6570,5.570773939311896
6571,5.570773939311896
6572,5.570773939311896
6573,5.570773939311896
6574,5.570773939311896
6575,5.570773939311896
6576,5.570773939311896
6577,5.570773939311896
6578,5.570773939311896
6579,5.570773939311896
6580,5.570773939311896
6581,5.570773939311896
6582,5.570773939311896
6583,5.570773939311896
6584,5.570773939311896
6585,5.570773939311896
6586,5.570773939311896
6587,5.570773939311896
6588,5.570773939311896
6589,5.570773939311896
6590,5.570773939311896
6591,5.570773939311896
6592,5.570773939311896
6593,5.570773939311896
6594,5.570773939311896
6595,5.570773939311896
6596,5.570773939311896
6597,5.570773939311896
6598,5.570773939311896
6599,5.570773939311896
6600,5.570773939311896
6601,5.570773939311896
6602,5.570773939311896
6603,5.570773939311896
6604,5.570773939311896
6605,5.570773939311896
6606,5.570773939311896
6607,5.570773939311896
6608,5.570773939311896
6609,5.570773939311896
6610,5.570773939311896
6611,5.570773939311896
6612,5.570773939311896
6613,5.570773939311896
6614,5.570773939311896
6615,5.570773939311896
6616,5.570773939311896
6617,5.570773939311896
6618,5.570773939311896
6619,5.570773939311896
6620,5.570773939311896
6621,5.570773939311896
6622,5.570773939311896
6623,5.570773939311896
6624,5.570773939311896
6625,5.570773939311896
6626,5.570773939311896
6627,5.570773939311896
6628,5.570773939311896
6629,5.570773939311896
6630,5.570773939311896
6631,5.570773939311896
6632,5.570773939311896
6633,5.570773939311896
6634,5.570773939311896
6635,5.570773939311896
6636,5.570773939311896
6637,5.570773939311896
6638,5.570773939311896
6639,5.570773939311896
6640,5.570773939311896
6641,5.570773939311896
6642,5.570773939311896
6643,5.570773939311896
6644,5.570773939311896
6645,5.570773939311896
6646,5.570773939311896
6647,5.570773939311896
6648,5.570773939311896
6649,5.570773939311896
6650,5.570773939311896
6651,5.570773939311896
6652,5.570773939311896
6653,5.570773939311896
6654,5.570773939311896
6655,5.570773939311896
6656,5.570773939311896
6657,5.570773939311896
6658,5.570773939311896
6659,5.570773939311896
6660,5.570773939311896
6661,5.570773939311896
6662,5.570773939311896
6663,5.570773939311896
6664,5.570773939311896
6665,5.570773939311896
6666,5.570773939311896
6667,5.570773939311896
6668,5.570773939311896
6669,5.570773939311896
6670,5.570773939311896
6671,5.570773939311896
6672,5.570773939311896
6673,5.570773939311896
6674,5.570773939311896
6675,5.570773939311896
6676,5.570773939311896
6677,5.570773939311896
6678,5.570773939311896
6679,5.570773939311896
6680,5.570773939311896
6681,5.570773939311896
6682,5.570773939311896
6683,5.570773939311896
6684,5.570773939311896
6685,5.570773939311896
6686,5.570773939311896
6687,5.570773939311896
6688,5.570773939311896
6689,5.570773939311896
6690,5.570773939311896
6691,5.570773939311896
6692,5.570773939311896
6693,5.570773939311896
6694,5.570773939311896
6695,5.570773939311896
6696,5.570773939311896
6697,5.570773939311896
6698,5.570773939311896
6699,5.570773939311896
6700,5.570773939311896
6701,5.570773939311896
6702,5.570773939311896
6703,5.570773939311896
6704,5.570773939311896
6705,5.570773939311896
6706,5.570773939311896
6707,5.570773939311896
6708,5.570773939311896
6709,5.570773939311896
6710,5.570773939311896
6711,5.570773939311896
6712,5.570773939311896
6713,5.570773939311896
6714,5.570773939311896
6715,5.570773939311896
6716,5.570773939311896
6717,5.570773939311896
6718,5.570773939311896
6719,5.570773939311896
6720,5.570773939311896
6721,5.570773939311896
6722,5.570773939311896
6723,5.570773939311896
6724,5.570773939311896
6725,5.570773939311896
6726,5.570773939311896
6727,5.570773939311896
6728,5.570773939311896
6729,5.570773939311896
6730,5.570773939311896
6731,5.570773939311896
6732,5.570773939311896
6733,5.570773939311896
6734,5.570773939311896
6735,5.570773939311896
6736,5.570773939311896
6737,5.570773939311896
6738,5.570773939311896
6739,5.570773939311896
6740,5.570773939311896
6741,5.570773939311896
6742,5.570773939311896
6743,5.570773939311896
6744,5.570773939311896
6745,5.570773939311896
6746,5.570773939311896
6747,5.570773939311896
6748,5.570773939311896
6749,5.570773939311896
6750,5.570773939311896
6751,5.570773939311896
6752,5.570773939311896
6753,5.570773939311896
6754,5.570773939311896
6755,5.570773939311896
6756,5.570773939311896
6757,5.570773939311896
6758,5.570773939311896
6759,5.570773939311896
6760,5.570773939311896
6761,5.570773939311896
6762,5.570773939311896
6763,5.570773939311896
6764,5.570773939311896
6765,5.570773939311896
6766,5.570773939311896
6767,5.570773939311896
6768,5.570773939311896
6769,5.570773939311896
6770,5.570773939311896
6771,5.570773939311896
6772,5.570773939311896
6773,5.570773939311896
6774,5.570773939311896
6775,5.570773939311896
6776,5.570773939311896
6777,5.570773939311896
6778,5.570773939311896
6779,5.570773939311896
6780,5.570773939311896
6781,5.570773939311896
6782,5.570773939311896
6783,5.570773939311896
6784,5.570773939311896
6785,5.570773939311896
6786,5.570773939311896
6787,5.570773939311896
6788,5.570773939311896
6789,5.570773939311896
6790,5.570773939311896
6791,5.570773939311896
6792,5.570773939311896
6793,5.570773939311896
6794,5.570773939311896
6795,5.570773939311896
6796,5.570773939311896
6797,5.570773939311896
6798,5.570773939311896
6799,5.570773939311896
6800,5.570773939311896
6801,5.570773939311896
6802,5.570773939311896
6803,5.570773939311896
6804,5.570773939311896
6805,5.570773939311896
6806,5.570773939311896
6807,5.570773939311896
6808,5.570773939311896
6809,5.570773939311896
6810,5.570773939311896
6811,5.570773939311896
6812,5.570773939311896
6813,5.570773939311896
6814,5.570773939311896
6815,5.570773939311896
6816,5.570773939311896
6817,5.570773939311896
6818,5.570773939311896
6819,5.570773939311896
6820,5.570773939311896
6821,5.570773939311896
6822,5.570773939311896
6823,5.570773939311896
6824,5.570773939311896
6825,5.570773939311896
6826,5.570773939311896
6827,5.570773939311896
6828,5.570773939311896
6829,5.570773939311896
6830,5.570773939311896
6831,5.570773939311896
6832,5.570773939311896
6833,5.570773939311896
6834,5.570773939311896
6835,5.570773939311896
6836,5.570773939311896
6837,5.570773939311896
6838,5.570773939311896
6839,5.570773939311896
6840,5.570773939311896
6841,5.570773939311896
6842,5.570773939311896
6843,5.570773939311896
6844,5.570773939311896
6845,5.570773939311896
6846,5.570773939311896
6847,5.570773939311896
6848,5.570773939311896
6849,5.570773939311896
6850,5.570773939311896
6851,5.570773939311896
6852,5.570773939311896
6853,5.570773939311896
6854,5.570773939311896
6855,5.570773939311896
6856,5.570773939311896
6857,5.570773939311896
6858,5.570773939311896
6859,5.570773939311896
6860,5.570773939311896
6861,5.570773939311896
6862,5.570773939311896
6863,5.570773939311896
6864,5.570773939311896
6865,5.570773939311896
6866,5.570773939311896
6867,5.570773939311896
6868,5.570773939311896
6869,5.570773939311896
6870,5.570773939311896
6871,5.570773939311896
6872,5.570773939311896
6873,5.570773939311896
6874,5.570773939311896
6875,5.570773939311896
6876,5.570773939311896
6877,5.570773939311896
6878,5.570773939311896
6879,5.570773939311896
6880,5.570773939311896
6881,5.570773939311896
6882,5.570773939311896
6883,5.570773939311896
6884,5.570773939311896
6885,5.570773939311896
6886,5.570773939311896
6887,5.570773939311896
6888,5.570773939311896
6889,5.570773939311896
6890,5.570773939311896
6891,5.570773939311896
6892,5.570773939311896
6893,5.570773939311896
6894,5.570773939311896
6895,5.570773939311896
6896,5.570773939311896
6897,5.570773939311896
6898,5.570773939311896
6899,5.570773939311896
6900,5.570773939311896
6901,5.570773939311896
6902,5.570773939311896
6903,5.570773939311896
6904,5.570773939311896
6905,5.570773939311896
6906,5.570773939311896
6907,5.570773939311896
6908,5.570773939311896
6909,5.570773939311896
6910,5.570773939311896
6911,5.570773939311896
6912,5.570773939311896
6913,5.570773939311896
6914,5.570773939311896
6915,5.570773939311896
6916,5.570773939311896
6917,5.570773939311896
6918,5.570773939311896
6919,5.570773939311896
6920,5.570773939311896
6921,5.570773939311896
6922,5.570773939311896
6923,5.570773939311896
6924,5.570773939311896
6925,5.570773939311896
6926,5.570773939311896
6927,5.570773939311896
6928,5.570773939311896
6929,5.570773939311896
6930,5.570773939311896
6931,5.570773939311896
6932,5.570773939311896
6933,5.570773939311896
6934,5.570773939311896
6935,5.570773939311896
6936,5.570773939311896
6937,5.570773939311896
6938,5.570773939311896
6939,5.570773939311896
6940,5.570773939311896
6941,5.570773939311896
6942,5.570773939311896
6943,5.570773939311896
6944,5.570773939311896
6945,5.570773939311896
6946,5.570773939311896
6947,5.570773939311896
6948,5.570773939311896
6949,5.570773939311896
6950,5.570773939311896
6951,5.570773939311896
6952,5.570773939311896
6953,5.570773939311896
6954,5.570773939311896
6955,5.570773939311896
6956,5.570773939311896
6957,5.570773939311896
6958,5.570773939311896
6959,5.570773939311896
6960,5.570773939311896
6961,5.570773939311896
6962,5.570773939311896
6963,5.570773939311896
6964,5.570773939311896
6965,5.570773939311896
6966,5.570773939311896
6967,5.570773939311896
6968,5.570773939311896
6969,5.570773939311896
6970,5.570773939311896
6971,5.570773939311896
6972,-1.7498271732681263
6973,-1.7498271732681263
6974,-1.7498271732681263
6975,-1.7498271732681263
6976,-1.7498271732681263
6977,-1.7498271732681263
6978,-1.7498271732681263
6979,-1.7498271732681263
6980,-1.7498271732681263
6981,-1.7498271732681263
6982,-1.7498271732681263
6983,-1.7498271732681263
6984,-1.7498271732681263
6985,-1.7498271732681263
6986,-1.7498271732681263
6987,-1.7498271732681263
6988,-1.7498271732681263
6989,-1.7498271732681263
6990,-1.7498271732681263
6991,-1.7498271732681263
6992,-1.7498271732681263
6993,-1.7498271732681263
6994,-1.7498271732681263
6995,-1.7498271732681263
6996,-1.7498271732681263
6997,-1.7498271732681263
6998,-1.7498271732681263
6999,-1.7498271732681263
7000,-1.7498271732681263
7001,-1.7498271732681263
7002,-1.7498271732681263
7003,-1.7498271732681263
7004,-1.7498271732681263
7005,-1.7498271732681263
7006,-1.7498271732681263
7007,-1.7498271732681263
7008,-1.7498271732681263
7009,-1.7498271732681263
7010,-1.7498271732681263
7011,-1.7498271732681263
7012,-1.7498271732681263
7013,-1.7498271732681263
7014,-1.7498271732681263
7015,-1.7498271732681263
7016,-1.7498271732681263
7017,-1.7498271732681263
7018,-1.7498271732681263
7019,-1.7498271732681263
7020,-1.7498271732681263
7021,-1.7498271732681263
7022,-1.7498271732681263
7023,-1.7498271732681263
7024,-1.7498271732681263
7025,-1.7498271732681263
7026,-1.7498271732681263
7027,-1.7498271732681263
7028,-1.7498271732681263
7029,-1.7498271732681263
7030,-1.7498271732681263
7031,-1.7498271732681263
7032,-1.7498271732681263
7033,-1.7498271732681263
7034,-1.7498271732681263
7035,-1.7498271732681263
7036,-1.7498271732681263
7037,-1.7498271732681263
7038,-1.7498271732681263
7039,-1.7498271732681263
7040,-1.7498271732681263
7041,-1.7498271732681263
7042,-1.7498271732681263
7043,-1.7498271732681263
7044,-1.7498271732681263
7045,-1.7498271732681263
7046,-1.7498271732681263
7047,-1.7498271732681263
7048,-1.7498271732681263
7049,-1.7498271732681263
7050,-1.7498271732681263
7051,-1.7498271732681263
7052,-1.7498271732681263
7053,-1.7498271732681263
7054,-1.7498271732681263
7055,-1.7498271732681263
7056,-1.7498271732681263
7057,-1.7498271732681263
7058,-1.7498271732681263
7059,-1.7498271732681263
7060,-1.7498271732681263
7061,-1.7498271732681263
7062,-1.7498271732681263
7063,-1.7498271732681263
7064,-1.7498271732681263
7065,-1.7498271732681263
7066,-1.7498271732681263
7067,-1.7498271732681263
7068,-1.7498271732681263
7069,-1.7498271732681263
7070,-1.7498271732681263
7071,-1.7498271732681263
7072,-1.7498271732681263
7073,-1.7498271732681263
7074,-1.7498271732681263
7075,-1.7498271732681263
7076,-1.7498271732681263
7077,-1.7498271732681263
7078,-1.7498271732681263
7079,-1.7498271732681263
7080,-1.7498271732681263
7081,-1.7498271732681263
7082,-1.7498271732681263
7083,-1.7498271732681263
7084,-1.7498271732681263
7085,-1.7498271732681263
7086,-1.7498271732681263
7087,-1.7498271732681263
7088,-1.7498271732681263
7089,-1.7498271732681263
7090,-1.7498271732681263
7091,-1.7498271732681263
7092,-1.7498271732681263
7093,-1.7498271732681263
7094,-1.7498271732681263
7095,-1.7498271732681263
7096,-1.7498271732681263
7097,-1.7498271732681263
7098,-1.7498271732681263
7099,-1.7498271732681263
7100,-1.7498271732681263
7101,-1.7498271732681263
7102,-1.7498271732681263
7103,-1.7498271732681263
7104,-1.7498271732681263
7105,-1.7498271732681263
7106,-1.7498271732681263
7107,-1.7498271732681263
7108,-1.7498271732681263
7109,-1.7498271732681263
7110,-1.7498271732681263
7111,-1.7498271732681263
7112,-1.7498271732681263
7113,-1.7498271732681263
7114,-1.7498271732681263
7115,-1.7498271732681263
7116,-1.7498271732681263
7117,-1.7498271732681263
7118,-1.7498271732681263
7119,-1.7498271732681263
7120,-1.7498271732681263
7121,-1.7498271732681263
7122,-1.7498271732681263
7123,-1.7498271732681263
7124,-1.7498271732681263
7125,-1.7498271732681263
7126,-1.7498271732681263
7127,-1.7498271732681263
7128,-1.7498271732681263
7129,-1.7498271732681263
7130,-1.7498271732681263
7131,-1.7498271732681263
7132,-1.7498271732681263
7133,-1.7498271732681263
7134,-1.7498271732681263
7135,-1.7498271732681263
7136,-1.7498271732681263
7137,-1.7498271732681263
7138,-1.7498271732681263
7139,-1.7498271732681263
7140,-1.7498271732681263
7141,-1.7498271732681263
7142,-1.7498271732681263
7143,-1.7498271732681263
7144,-1.7498271732681263
7145,-1.7498271732681263
7146,-1.7498271732681263
7147,-1.7498271732681263
7148,-1.7498271732681263
7149,-1.7498271732681263
7150,-1.7498271732681263
7151,-1.7498271732681263
7152,-1.7498271732681263
7153,-1.7498271732681263
7154,-1.7498271732681263
7155,-1.7498271732681263
7156,-1.7498271732681263
7157,-1.7498271732681263
7158,-1.7498271732681263
7159,-1.7498271732681263
7160,-1.7498271732681263
7161,-1.7498271732681263
7162,-1.7498271732681263
7163,-1.7498271732681263
7164,-1.7498271732681263
7165,-1.7498271732681263
7166,-1.7498271732681263
7167,-1.7498271732681263
7168,-1.7498271732681263
7169,-1.7498271732681263
7170,-1.7498271732681263
7171,-1.7498271732681263
7172,-1.7498271732681263
7173,-1.7498271732681263
7174,-1.7498271732681263
7175,-1.7498271732681263
7176,-1.7498271732681263
7177,-1.7498271732681263
7178,-1.7498271732681263
7179,-1.7498271732681263
7180,-1.7498271732681263
7181,-1.7498271732681263
7182,-1.7498271732681263
7183,-1.7498271732681263
7184,-1.7498271732681263
7185,-1.7498271732681263
7186,-1.7498271732681263
7187,-1.7498271732681263
7188,-1.7498271732681263
7189,-1.7498271732681263
7190,-1.7498271732681263
7191,-1.7498271732681263
7192,-1.7498271732681263
7193,-1.7498271732681263
7194,-1.7498271732681263
7195,-1.7498271732681263
7196,-1.7498271732681263
7197,-1.7498271732681263
7198,-1.7498271732681263
7199,-1.7498271732681263
7200,-1.7498271732681263
7201,-1.7498271732681263
7202,-1.7498271732681263
7203,-1.7498271732681263
7204,-1.7498271732681263
7205,-1.7498271732681263
7206,-1.7498271732681263
7207,-1.7498271732681263
7208,-1.7498271732681263
7209,-1.7498271732681263
7210,-1.7498271732681263
7211,-1.7498271732681263
7212,-1.7498271732681263
7213,-1.7498271732681263
7214,-1.7498271732681263
7215,-1.7498271732681263
7216,-1.7498271732681263
7217,-1.7498271732681263
7218,-1.7498271732681263
7219,-1.7498271732681263
7220,-1.7498271732681263
7221,-1.7498271732681263
7222,-1.7498271732681263
7223,-1.7498271732681263
7224,-1.7498271732681263
7225,-1.7498271732681263
7226,-1.7498271732681263
7227,-1.7498271732681263
7228,-1.7498271732681263
7229,-1.7498271732681263
7230,-1.7498271732681263
7231,-1.7498271732681263
7232,-1.7498271732681263
7233,-1.7498271732681263
7234,-1.7498271732681263
7235,-1.7498271732681263
7236,-1.7498271732681263
7237,-1.7498271732681263
7238,-1.7498271732681263
7239,-1.7498271732681263
7240,-1.7498271732681263
7241,-1.7498271732681263
7242,-1.7498271732681263
7243,-1.7498271732681263
7244,-1.7498271732681263
7245,-1.7498271732681263
7246,-1.7498271732681263
7247,-1.7498271732681263
7248,-1.7498271732681263
7249,-1.7498271732681263
7250,-1.7498271732681263
7251,-1.7498271732681263
7252,-1.7498271732681263
7253,-1.7498271732681263
7254,-1.7498271732681263
7255,-1.7498271732681263
7256,-1.7498271732681263
7257,-1.7498271732681263
7258,-1.7498271732681263
7259,-1.7498271732681263
7260,-1.7498271732681263
7261,-1.7498271732681263
7262,-1.7498271732681263
7263,-1.7498271732681263
7264,-1.7498271732681263
7265,-1.7498271732681263
7266,-1.7498271732681263
7267,-1.7498271732681263
7268,-1.7498271732681263
7269,-1.7498271732681263
7270,-1.7498271732681263
7271,-1.7498271732681263
7272,-1.7498271732681263
7273,-1.7498271732681263
7274,-1.7498271732681263
7275,-1.7498271732681263
7276,-1.7498271732681263
7277,-1.7498271732681263
7278,-1.7498271732681263
7279,-1.7498271732681263
7280,-1.7498271732681263
7281,-1.7498271732681263
7282,-1.7498271732681263
7283,-1.7498271732681263
7284,-1.7498271732681263
7285,-1.7498271732681263
7286,-1.7498271732681263
7287,-1.7498271732681263
7288,-1.7498271732681263
7289,-1.7498271732681263
7290,-1.7498271732681263
7291,-1.7498271732681263
7292,-1.7498271732681263
7293,-1.7498271732681263
7294,-1.7498271732681263
7295,-1.7498271732681263
7296,-1.7498271732681263
7297,-1.7498271732681263
7298,-1.7498271732681263
7299,-1.7498271732681263
7300,-1.7498271732681263
7301,-1.7498271732681263
7302,-1.7498271732681263
7303,-1.7498271732681263
7304,-1.7498271732681263
7305,-1.7498271732681263
7306,-1.7498271732681263
7307,-1.7498271732681263
7308,-1.7498271732681263
7309,-1.7498271732681263
7310,-1.7498271732681263
7311,-1.7498271732681263
7312,-1.7498271732681263
7313,-1.7498271732681263
7314,-1.7498271732681263
7315,-1.7498271732681263
7316,-1.7498271732681263
7317,-1.7498271732681263
7318,-1.7498271732681263
7319,-1.7498271732681263
7320,-1.7498271732681263
7321,-1.7498271732681263
7322,-1.7498271732681263
7323,-1.7498271732681263
7324,-1.7498271732681263
7325,-1.7498271732681263
7326,-1.7498271732681263
7327,-1.7498271732681263
7328,-1.7498271732681263
7329,-1.7498271732681263
7330,-1.7498271732681263
7331,-1.7498271732681263
7332,-1.7498271732681263
7333,-1.7498271732681263
7334,-1.7498271732681263
7335,-1.7498271732681263
7336,-1.7498271732681263
7337,-1.7498271732681263
7338,-1.7498271732681263
7339,-1.7498271732681263
7340,-1.7498271732681263
7341,-1.7498271732681263
7342,-1.7498271732681263
7343,-1.7498271732681263
7344,-1.7498271732681263
7345,-1.7498271732681263
7346,-1.7498271732681263
7347,-1.7498271732681263
7348,-1.7498271732681263
7349,-1.7498271732681263
7350,-1.7498271732681263
7351,-1.7498271732681263
7352,-1.7498271732681263
7353,-1.7498271732681263
7354,-1.7498271732681263
7355,-1.7498271732681263
7356,-1.7498271732681263
7357,-1.7498271732681263
7358,-1.7498271732681263
7359,-1.7498271732681263
7360,-1.7498271732681263
7361,-1.7498271732681263
7362,-1.7498271732681263
7363,-1.7498271732681263
7364,-1.7498271732681263
7365,-1.7498271732681263
7366,-1.7498271732681263
7367,-1.7498271732681263
7368,-1.7498271732681263
7369,-1.7498271732681263
7370,-1.7498271732681263
7371,-1.7498271732681263
7372,-1.7498271732681263
7373,-1.7498271732681263
7374,-1.7498271732681263
7375,-1.7498271732681263
7376,-1.7498271732681263
7377,-1.7498271732681263
7378,-1.7498271732681263
7379,-1.7498271732681263
7380,-1.7498271732681263
7381,-1.7498271732681263
7382,-1.7498271732681263
7383,-1.7498271732681263
7384,-1.7498271732681263
7385,-1.7498271732681263
7386,-1.7498271732681263
7387,-1.7498271732681263
7388,-1.7498271732681263
7389,-1.7498271732681263
7390,-1.7498271732681263
7391,-1.7498271732681263
7392,-1.7498271732681263
7393,-1.7498271732681263
7394,-1.7498271732681263
7395,-1.7498271732681263
7396,-1.7498271732681263
7397,-1.7498271732681263
7398,-1.7498271732681263
7399,-1.7498271732681263
7400,-1.7498271732681263
7401,-1.7498271732681263
7402,-1.7498271732681263
7403,-1.7498271732681263
7404,-1.7498271732681263
7405,-1.7498271732681263
7406,-1.7498271732681263
7407,-1.7498271732681263
7408,-1.7498271732681263
7409,-1.7498271732681263
7410,-1.7498271732681263
7411,-1.7498271732681263
